Date,open,high,low,close,volume,dividends,stock splits,SMA_5,SMA_20,RSI,MACD,Signal_Line,Volatility,Price_Change,avg_sentiment,sentiment_std,news_volume,reddit_avg_sentiment,reddit_weighted_sentiment,reddit_volume,reddit_engagement,reddit_positive_ratio,search_interest,volume_lag_1,volume_lag_2,volume_lag_3,avg_sentiment_lag_1,avg_sentiment_lag_2,avg_sentiment_lag_3,sentiment_std_lag_1,sentiment_std_lag_2,sentiment_std_lag_3,news_volume_lag_1,news_volume_lag_2,news_volume_lag_3,reddit_avg_sentiment_lag_1,reddit_avg_sentiment_lag_2,reddit_avg_sentiment_lag_3,reddit_weighted_sentiment_lag_1,reddit_weighted_sentiment_lag_2,reddit_weighted_sentiment_lag_3,reddit_volume_lag_1,reddit_volume_lag_2,reddit_volume_lag_3,reddit_engagement_lag_1,reddit_engagement_lag_2,reddit_engagement_lag_3,reddit_positive_ratio_lag_1,reddit_positive_ratio_lag_2,reddit_positive_ratio_lag_3,close_rolling_mean_3,close_rolling_std_3,close_rolling_mean_7,close_rolling_std_7,close_rolling_mean_14,close_rolling_std_14,target
2021-01-19,168.14039969761296,169.71335807377412,167.4955811292614,168.2967071533203,7834700,0.0,0.0,0.0,0.0,0.0,0.0,0.0,0.0,0.0,0.0,0.0,0.0,0.0,0.0,0.0,0.0,0.0,0.0,0.0,0.0,0.0,0.0,0.0,0.0,0.0,0.0,0.0,0.0,0.0,0.0,0.0,0.0,0.0,0.0,0.0,0.0,0.0,0.0,0.0,0.0,0.0,0.0,0.0,0.0,0.0,168.4269765218099,1.1583542011947054,166.70840454101562,3.5057155620698963,168.89686802455358,4.624119862007666,-0.007947488417726745
2021-01-20,171.1886082657044,173.78741160850666,169.0196839609862,169.64495849609375,9809200,0.0,0.0,0.0,0.0,0.0,0.10755281366851932,0.021510562733703865,0.0,0.00801115699515842,0.0,0.0,0.0,0.0,0.0,0.0,0.0,0.0,0.0,7834700.0,0.0,0.0,0.0,0.0,0.0,0.0,0.0,0.0,0.0,0.0,0.0,0.0,0.0,0.0,0.0,0.0,0.0,0.0,0.0,0.0,0.0,0.0,0.0,0.0,0.0,0.0,168.4269765218099,1.1583542011947054,166.70840454101562,3.5057155620698963,168.89686802455358,4.624119862007666,0.013778562939271044
2021-01-21,169.25417565764644,170.97367698511698,167.0852512484175,167.33926391601562,8416400,0.0,0.0,0.0,0.0,0.0,0.006662113560196303,0.018540872899002355,0.0,-0.01359129443349305,0.0,0.0,0.0,0.0,0.0,0.0,0.0,0.0,0.0,9809200.0,7834700.0,0.0,0.0,0.0,0.0,0.0,0.0,0.0,0.0,0.0,0.0,0.0,0.0,0.0,0.0,0.0,0.0,0.0,0.0,0.0,0.0,0.0,0.0,0.0,0.0,0.0,168.4269765218099,1.1583542011947054,166.70840454101562,3.5057155620698963,168.89686802455358,4.624119862007666,-0.00868153669762084
2021-01-22,169.99668047593858,171.21792099659905,167.93522588075484,168.80474853515625,9517200,0.0,0.0,0.0,0.0,0.0,0.04444552766818788,0.023721803852839462,0.0,0.008757565826727376,0.0,0.0,0.0,0.0,0.0,0.0,0.0,0.0,0.0,8416400.0,9809200.0,7834700.0,0.0,0.0,0.0,0.0,0.0,0.0,0.0,0.0,0.0,0.0,0.0,0.0,0.0,0.0,0.0,0.0,0.0,0.0,0.0,0.0,0.0,0.0,0.0,0.0,168.59632364908853,1.1668922718056158,166.70840454101562,3.5057155620698963,168.89686802455358,4.624119862007666,0.005177631729585519
2021-01-25,167.93524169921875,169.1271737522737,164.88702984299823,167.93524169921875,7833700,0.0,0.0,168.40418395996093,0.0,0.0,0.00417904722030471,0.019813252526332512,0.0,-0.005150961945578292,0.0,0.0,0.0,0.0,0.0,0.0,0.0,0.0,0.0,9517200.0,8416400.0,9809200.0,0.0,0.0,0.0,0.0,0.0,0.0,0.0,0.0,0.0,0.0,0.0,0.0,0.0,0.0,0.0,0.0,0.0,0.0,0.0,0.0,0.0,0.0,0.0,0.0,168.02641805013022,0.7369844892930814,166.70840454101562,3.5057155620698963,168.89686802455358,4.624119862007666,0.013741573456998557
2021-01-26,169.01968497205434,169.36163827468155,165.16056797880307,165.65882873535156,7523200,0.0,0.0,167.8766082763672,0.0,0.0,-0.20901058611400458,-0.025951515201734904,0.0,-0.013555302275054193,0.0,0.0,0.0,0.0,0.0,0.0,0.0,0.0,0.0,7833700.0,9517200.0,8416400.0,0.0,0.0,0.0,0.0,0.0,0.0,0.0,0.0,0.0,0.0,0.0,0.0,0.0,0.0,0.0,0.0,0.0,0.0,0.0,0.0,0.0,0.0,0.0,0.0,167.46627298990884,1.6245465781056008,166.70840454101562,3.5057155620698963,168.89686802455358,4.624119862007666,0.04005388123252018
2021-01-27,161.21352419341534,162.51292598425132,156.82683748731023,159.27908325195312,18239200,0.0,0.0,165.80343322753907,0.0,0.0,-0.8825831797254864,-0.19727784810648522,0.0,-0.038511352109041,0.0,0.0,0.0,0.0,0.0,0.0,0.0,0.0,0.0,7523200.0,7833700.0,9517200.0,0.0,0.0,0.0,0.0,0.0,0.0,0.0,0.0,0.0,0.0,0.0,0.0,0.0,0.0,0.0,0.0,0.0,0.0,0.0,0.0,0.0,0.0,0.0,0.0,164.29105122884116,4.487246510559555,166.70840454101562,3.5057155620698963,168.89686802455358,4.624119862007666,-0.051489378212753456
2021-01-28,162.3468275745295,168.90245322900287,162.1318880509257,167.9254608154297,14449100,0.0,0.0,165.92067260742186,0.0,0.0,-0.7105135465257888,-0.29992498779034593,0.0,0.054284450832752684,0.0,0.0,0.0,0.0,0.0,0.0,0.0,0.0,0.0,18239200.0,7523200.0,7833700.0,0.0,0.0,0.0,0.0,0.0,0.0,0.0,0.0,0.0,0.0,0.0,0.0,0.0,0.0,0.0,0.0,0.0,0.0,0.0,0.0,0.0,0.0,0.0,0.0,164.28779093424478,4.483276673549777,166.6553693498884,3.4803994329958194,168.89686802455358,4.624119862007666,0.02206105380038559
2021-01-29,164.9163217562245,165.90307872334554,161.97556506177716,164.30081176757812,12848800,0.0,0.0,165.01988525390624,0.0,0.0,-0.8567499283600739,-0.4112899759042915,0.0,-0.021584868847467353,0.0,0.0,0.0,0.0,0.0,0.0,0.0,0.0,0.0,14449100.0,18239200.0,7523200.0,0.0,0.0,0.0,0.0,0.0,0.0,0.0,0.0,0.0,0.0,0.0,0.0,0.0,0.0,0.0,0.0,0.0,0.0,0.0,0.0,0.0,0.0,0.0,0.0,163.83511861165366,4.3419596761317285,165.8919198172433,3.2965990834550376,168.89686802455358,4.624119862007666,-0.01637715235650794
2021-02-01,166.90937842914582,167.7789010708739,164.16403216394997,167.03639221191406,8140400,0.0,0.0,164.84011535644532,0.0,0.0,-0.7433361188147103,-0.47769920448637526,0.0,0.01664982914512758,0.0,0.0,0.0,0.0,0.0,0.0,0.0,0.0,0.0,12848800.0,14449100.0,18239200.0,0.0,0.0,0.0,0.0,0.0,0.0,0.0,0.0,0.0,0.0,0.0,0.0,0.0,0.0,0.0,0.0,0.0,0.0,0.0,0.0,0.0,0.0,0.0,0.0,166.42088826497397,1.889088142873951,165.84865243094308,3.276362331334126,168.89686802455358,4.624119862007666,-0.033849477504199754
2021-02-02,169.77197220520642,175.6241470948685,168.82428839194012,172.88858032226562,12215200,0.0,0.0,166.28606567382812,0.0,0.0,-0.17916686186293873,-0.417992735961688,0.0,0.03503540775070779,0.0,0.0,0.0,0.0,0.0,0.0,0.0,0.0,0.0,8140400.0,12848800.0,14449100.0,0.0,0.0,0.0,0.0,0.0,0.0,0.0,0.0,0.0,0.0,0.0,0.0,0.0,0.0,0.0,0.0,0.0,0.0,0.0,0.0,0.0,0.0,0.0,0.0,168.07526143391928,4.387126523425342,166.4320569719587,4.140186293824721,168.89686802455358,4.624119862007666,0.003004030189551754
2021-02-03,172.92766617577004,174.32475824396946,171.71619015329549,172.3707733154297,5508600,0.0,0.0,168.90440368652344,0.0,0.0,0.22358133448403805,-0.2896779218725428,0.0,-0.0029950330199411956,0.0,0.0,0.0,0.0,0.0,0.0,0.0,0.0,0.0,12215200.0,8140400.0,12848800.0,0.0,0.0,0.0,0.0,0.0,0.0,0.0,0.0,0.0,0.0,0.0,0.0,0.0,0.0,0.0,0.0,0.0,0.0,0.0,0.0,0.0,0.0,0.0,0.0,170.76524861653647,3.2396463678621066,167.06570434570312,4.70894680032265,168.89686802455358,4.624119862007666,-0.02108416455816642
2021-02-04,173.50408405736297,177.20689375788857,172.42940131666037,176.08334350585938,9035400,0.0,0.0,170.53598022460938,0.0,0.0,0.8327363031151265,-0.06519507687500897,0.0,0.02153828122378898,0.0,0.0,0.0,0.0,0.0,0.0,0.0,0.0,0.0,5508600.0,12215200.0,8140400.0,0.0,0.0,0.0,0.0,0.0,0.0,0.0,0.0,0.0,0.0,0.0,0.0,0.0,0.0,0.0,0.0,0.0,0.0,0.0,0.0,0.0,0.0,0.0,0.0,173.78089904785156,2.010713526522409,168.55492074148995,5.727990318529887,168.89686802455358,4.624119862007666,-0.0051336519432778616
2021-02-05,177.5293074557041,178.12527345593543,175.2040606174701,176.99195861816406,6640500,0.0,0.0,173.07420959472657,0.0,60.69713902984413,1.372986714242245,0.22244128134844182,0.0,0.005160142317915728,0.0,0.0,0.0,0.0,0.0,0.0,0.0,0.0,0.0,9035400.0,5508600.0,12215200.0,0.0,0.0,0.0,0.0,0.0,0.0,0.0,0.0,0.0,0.0,0.0,0.0,0.0,0.0,0.0,0.0,0.0,0.0,0.0,0.0,0.0,0.0,0.0,0.0,175.14869181315103,2.448268518885111,171.0853315080915,4.781576361428621,168.89686802455358,4.624119862007666,-0.046526229037496925
2021-02-08,179.62005802366735,186.25382983517758,179.0827092241557,185.62855529785156,16085700,0.0,0.0,176.79264221191406,0.0,67.58525876429752,2.4695725354224294,0.6718675321632394,0.0,0.04879654842579484,0.0,0.0,0.0,0.0,0.0,0.0,0.0,0.0,0.0,6640500.0,9035400.0,5508600.0,0.0,0.0,0.0,0.0,0.0,0.0,0.0,0.0,0.0,0.0,0.0,0.0,0.0,0.0,0.0,0.0,0.0,0.0,0.0,0.0,0.0,0.0,0.0,0.0,179.56795247395834,5.268261126530647,173.61434500558036,6.9991671589360305,170.13485717773438,6.4217468532225315,0.009510700668888372
2021-02-09,183.84064218367382,184.8957956731391,181.7596437815851,183.87973022460938,11270800,0.0,0.0,178.99087219238282,0.0,64.32644559055873,3.161070280812936,1.1697080818931789,0.0,-0.009421099412405098,0.0,0.0,0.0,0.9973,0.9973000000000001,1.0,751.0,1.0,0.0,16085700.0,6640500.0,9035400.0,0.0,0.0,0.0,0.0,0.0,0.0,0.0,0.0,0.0,0.0,0.0,0.0,0.0,0.0,0.0,0.0,0.0,0.0,0.0,0.0,0.0,0.0,0.0,0.0,182.166748046875,4.566008268479577,176.41133335658483,6.554950686090579,171.15162658691406,7.391850389374162,-0.007488429921961304
2021-02-10,185.60902826913008,186.3124640514898,181.53497139246812,185.26708984375,11464600,0.0,0.0,181.57013549804688,0.0,68.38309475887206,3.777490987921425,1.6912646630988282,0.0,0.007544929598525929,0.0,0.0,0.0,0.0,0.0,0.0,0.0,0.0,0.0,11270800.0,16085700.0,6640500.0,0.0,0.0,0.0,0.0,0.0,0.0,0.0,0.0,0.0,0.9973,0.0,0.0,0.9973000000000001,0.0,0.0,1.0,0.0,0.0,751.0,0.0,0.0,1.0,0.0,0.0,184.9251251220703,0.9232021378631629,179.0157187325614,5.785893912067509,172.43218558175224,8.190366918598546,-0.00670464287213135
2021-02-11,184.82741630457573,186.84979774172163,183.74296904478106,186.5176239013672,17507900,0.0,0.0,183.65699157714843,0.0,68.24310456408034,4.3171510566292,2.2164419418049026,0.0,0.006749898531206222,0.0,0.0,0.0,0.2732,0.2732,1.0,216.0,1.0,0.0,11464600.0,11270800.0,16085700.0,0.0,0.0,0.0,0.0,0.0,0.0,0.0,0.0,0.0,0.0,0.9973,0.0,0.0,0.9973000000000001,0.0,0.0,1.0,0.0,0.0,751.0,0.0,0.0,1.0,0.0,185.2214813232422,1.3195381257571817,180.96272495814733,5.672452931136284,173.69739096505302,8.922306882010991,0.017264407194074405
2021-02-12,188.55952875082903,189.38997823432248,182.2676954580531,183.35215759277344,27233800,0.0,0.0,184.9290313720703,0.0,65.1613776470733,4.4382475182460155,2.6608030570931254,0.0,-0.01697140593141855,0.0,0.0,0.0,0.0,0.0,0.0,0.0,0.0,0.0,17507900.0,11464600.0,11270800.0,0.0,0.0,0.0,0.0,0.0,0.0,0.0,0.0,0.0,0.2732,0.0,0.9973,0.2732,0.0,0.9973000000000001,1.0,0.0,1.0,216.0,0.0,751.0,1.0,0.0,1.0,185.04562377929688,1.5943116542849085,182.531494140625,4.23715375350631,174.79859924316406,9.105928754756913,0.007083429366433025
2021-02-16,182.99067026920696,184.10444095270563,180.6068065482435,182.06253051757812,11630700,0.0,0.0,184.21582641601563,173.56319198608398,66.45110010868105,4.379669110172443,3.0045762677089893,8.29610402023397,-0.007033607305890421,0.0,0.0,0.0,0.4939,0.4939,1.0,496.0,1.0,0.0,27233800.0,17507900.0,11464600.0,0.0,0.0,0.0,0.0,0.0,0.0,0.0,0.0,0.0,0.0,0.2732,0.0,0.0,0.2732,0.0,0.0,1.0,0.0,0.0,216.0,0.0,0.0,1.0,0.0,183.9774373372396,2.2924212818982244,183.38566371372767,3.195175327451463,175.9702922276088,8.892271452714896,-0.0004828516460935184
2021-02-17,181.09532849985737,183.31310562579483,177.9689555141416,182.15048217773438,11391800,0.0,0.0,183.86997680664064,174.2558807373047,76.25025393867644,4.290879673771997,3.261836948921591,8.410803931150367,0.0004830849044348273,0.0,0.0,0.0,0.0,0.0,0.0,0.0,0.0,0.0,11630700.0,27233800.0,17507900.0,0.0,0.0,0.0,0.0,0.0,0.0,0.0,0.0,0.0,0.4939,0.0,0.2732,0.4939,0.0,0.2732,1.0,0.0,1.0,496.0,0.0,216.0,1.0,0.0,1.0,182.52172342936197,0.7205203317406347,184.12259565080916,1.736836206896286,177.60396357945032,7.596438093470183,0.018797993198860885
2021-02-18,180.53840627056,182.11136451964344,178.63327420681787,178.7895965576172,12380900,0.0,0.0,182.57447814941406,174.71311264038087,64.19085317484046,3.9043115510697817,3.390331869351229,8.395498754996728,-0.01845114863235875,0.0,0.0,0.0,0.0,0.0,0.0,0.0,0.0,0.0,11391800.0,11630700.0,27233800.0,0.0,0.0,0.0,0.0,0.0,0.0,0.0,0.0,0.0,0.0,0.4939,0.0,0.0,0.4939,0.0,0.0,1.0,0.0,0.0,496.0,0.0,0.0,1.0,0.0,181.00086975097656,1.915523616503667,183.1456015450614,2.5030295826031983,178.37997327532088,7.0682277581583,-0.0035393148587866685
2021-02-19,180.0303822273943,180.52864295280128,178.58442283415835,179.4246368408203,8834500,0.0,0.0,181.1558807373047,175.3173812866211,71.42849730380425,3.6076096934694704,3.4337874341748775,8.270828860973733,0.003551886102044488,0.0,0.0,0.0,0.0,0.0,0.0,0.0,0.0,0.0,12380900.0,11391800.0,11630700.0,0.0,0.0,0.0,0.0,0.0,0.0,0.0,0.0,0.0,0.0,0.0,0.4939,0.0,0.0,0.4939,0.0,0.0,1.0,0.0,0.0,496.0,0.0,0.0,1.0,180.12157185872397,1.7855466536225808,182.5091596330915,2.8302581687074175,179.46024649483817,5.791297432263759,-0.04229249256518264
2021-02-22,177.55860008764884,189.55606529302986,177.3534251289375,187.34805297851562,18799600,0.0,0.0,181.95505981445314,176.24454650878906,75.09044582241518,3.9661059961518106,3.540251146570264,8.537396250187363,0.04416013473514635,0.0,0.0,0.0,0.0,0.0,0.0,0.0,0.0,0.0,8834500.0,12380900.0,11391800.0,0.0,0.0,0.0,0.0,0.0,0.0,0.0,0.0,0.0,0.0,0.0,0.0,0.0,0.0,0.0,0.0,0.0,0.0,0.0,0.0,0.0,0.0,0.0,0.0,181.85409545898438,4.768489903536871,182.80644008091517,3.246850985137492,180.91107940673828,4.91782587423907,-0.027043625350791634
2021-02-23,189.1359766505213,194.3628925481204,184.31941072638992,192.55545043945312,23191400,0.0,0.0,184.05364379882812,177.47555694580078,74.68721700129787,4.617186304297945,3.7556381781158006,9.036618098829962,0.02779531133710078,0.0,0.0,0.0,0.0,0.0,0.0,0.0,0.0,0.0,18799600.0,8834500.0,12380900.0,0.0,0.0,0.0,0.0,0.0,0.0,0.0,0.0,0.0,0.0,0.0,0.0,0.0,0.0,0.0,0.0,0.0,0.0,0.0,0.0,0.0,0.0,0.0,0.0,186.44271341959634,6.612056883316883,183.66898672921317,4.818621146074792,182.31585584368025,5.2477722507122975,-0.00212632976662408
2021-02-24,193.0341558995328,195.9846770562537,190.83592304828844,192.96575927734375,16205900,0.0,0.0,186.21669921875,178.84090347290038,75.92221068598609,5.107405640434479,4.025991670579536,9.218336265318335,0.00213086067911461,0.0,0.0,0.0,0.0,0.0,0.0,0.0,0.0,0.0,23191400.0,18799600.0,8834500.0,0.0,0.0,0.0,0.0,0.0,0.0,0.0,0.0,0.0,0.0,0.0,0.0,0.0,0.0,0.0,0.0,0.0,0.0,0.0,0.0,0.0,0.0,0.0,0.0,190.9564208984375,3.1316653109414156,185.0423583984375,5.950367067298962,183.78692626953125,5.130808742839304,0.034191981240586644
2021-02-25,193.18071282674836,193.40543182364794,185.99982726899583,186.5860137939453,12712000,0.0,0.0,187.77598266601564,180.20625,62.38762905448769,4.9243510003793745,4.205663536539504,8.126031099777334,-0.03306154162940911,0.0,0.0,0.0,0.0,0.0,0.0,0.0,0.0,0.0,16205900.0,23191400.0,18799600.0,0.0,0.0,0.0,0.0,0.0,0.0,0.0,0.0,0.0,0.0,0.0,0.0,0.0,0.0,0.0,0.0,0.0,0.0,0.0,0.0,0.0,0.0,0.0,0.0,190.70240783691406,3.5708000886852043,185.6885702950614,5.816951929300293,184.53711700439453,4.664417485717657,0.010262490101318633
2021-02-26,185.69694389154034,187.201505557393,181.18322907854187,184.6906280517578,15844000,0.0,0.0,188.8291809082031,181.0445083618164,58.87382266284328,4.573615300100386,4.27925388925168,7.642862405189593,-0.010158241251033151,0.0,0.0,0.0,0.0,0.0,0.0,0.0,0.0,0.0,12712000.0,16205900.0,23191400.0,0.0,0.0,0.0,0.0,0.0,0.0,0.0,0.0,0.0,0.0,0.0,0.0,0.0,0.0,0.0,0.0,0.0,0.0,0.0,0.0,0.0,0.0,0.0,0.0,188.08080037434897,4.335347666667924,186.05144827706474,5.635861907951348,185.08702196393693,4.129619933330047,-0.030464715717362423
2021-03-01,188.7842360890863,192.36979638558196,186.98657366225902,190.4939727783203,10709900,0.0,0.0,189.45836486816407,182.35416641235352,55.99997892499405,4.7096462789226905,4.365332367185882,6.822912200738295,0.03142197732380958,0.0,0.0,0.0,0.0,0.0,0.0,0.0,0.0,0.0,15844000.0,12712000.0,16205900.0,0.0,0.0,0.0,0.0,0.0,0.0,0.0,0.0,0.0,0.0,0.0,0.0,0.0,0.0,0.0,0.0,0.0,0.0,0.0,0.0,0.0,0.0,0.0,0.0,187.25687154134116,2.9592634373710296,187.72350202287947,4.795984850541554,185.43455178397042,4.3760701672661995,0.005362459034031097
2021-03-02,191.5882124000092,193.405418829937,189.0382616823319,189.4779052734375,8371400,0.0,0.0,188.84285583496094,183.4762420654297,57.03066971133172,4.68149825591334,4.428565544931374,5.962262289475069,-0.005333856447338747,0.0,0.0,0.0,0.0,0.0,0.0,0.0,0.0,0.0,10709900.0,15844000.0,12712000.0,0.0,0.0,0.0,0.0,0.0,0.0,0.0,0.0,0.0,0.0,0.0,0.0,0.0,0.0,0.0,0.0,0.0,0.0,0.0,0.0,0.0,0.0,0.0,0.0,188.22083536783853,3.0991726419323884,189.15968322753906,3.1031509901764394,185.8344214303153,4.477658801867706,0.008738139880262175
2021-03-03,190.15204535459702,192.28188174034565,187.7877254140185,187.83656311035156,8750300,0.0,0.0,187.8170166015625,184.223641204834,53.20650971380521,4.475161276091029,4.437884691163305,5.482817991915237,-0.008662446213542951,0.0,0.0,0.0,0.9648,0.9648,1.0,12555.0,1.0,0.0,8371400.0,10709900.0,15844000.0,0.0,0.0,0.0,0.0,0.0,0.0,0.0,0.0,0.0,0.0,0.0,0.0,0.0,0.0,0.0,0.0,0.0,0.0,0.0,0.0,0.0,0.0,0.0,0.0,189.26948038736978,1.3409091079199835,189.2294703892299,3.0608230744025273,186.01795523507255,4.50519093311982,0.02249647962986301
2021-03-04,185.5308436275952,188.05148571111863,179.88382896642585,183.70387268066406,12542600,0.0,0.0,187.24058837890624,184.7902961730957,46.724285923393175,3.9328289496330626,4.336873542857257,4.726867743191456,-0.02200152281991874,0.0,0.0,0.0,0.0,0.0,0.0,0.0,0.0,0.0,8750300.0,8371400.0,10709900.0,0.0,0.0,0.0,0.0,0.0,0.0,0.0,0.0,0.0,0.9648,0.0,0.0,0.9648,0.0,0.0,1.0,0.0,0.0,12555.0,0.0,0.0,1.0,0.0,0.0,187.00611368815103,2.9752475153720246,187.96495928083147,3.2784395601249194,185.81697300502233,4.543782605576746,-0.010316396284893892
2021-03-05,184.79810473480913,186.18544704837484,179.12178133016982,185.61878967285156,10266400,0.0,0.0,187.426220703125,185.2670684814453,52.71790679496824,3.615863052786267,4.192671444843059,4.260290542478602,0.01042393371595507,0.0,0.0,0.0,0.0,0.0,0.0,0.0,0.0,0.0,12542600.0,8750300.0,8371400.0,0.0,0.0,0.0,0.0,0.0,0.0,0.0,0.0,0.0,0.0,0.9648,0.0,0.0,0.9648,0.0,0.0,1.0,0.0,0.0,12555.0,0.0,0.0,1.0,0.0,185.71974182128906,2.0681939099400934,186.91539219447546,2.49246763400282,185.97887529645647,4.489256178381131,-0.059036142528021474
2021-03-08,192.7703556533148,198.3489884577074,189.3313384524658,197.2645263671875,25093200,0.0,0.0,188.78033142089845,186.28069686889648,64.6020754957018,4.255326168448335,4.205202389564114,4.586961710476486,0.06274007450895058,0.0,0.0,0.0,0.0,0.0,0.0,0.0,0.0,0.0,10266400.0,12542600.0,8750300.0,0.0,0.0,0.0,0.0,0.0,0.0,0.0,0.0,0.0,0.0,0.0,0.9648,0.0,0.0,0.9648,0.0,0.0,1.0,0.0,0.0,12555.0,0.0,0.0,1.0,188.86239624023438,7.339180456592692,188.4408939906529,4.618447923317733,187.06473214285714,5.244157524534549,0.03804419436747075
2021-03-09,195.58413043496367,197.05938373922154,189.8980269445278,190.03480529785156,23331000,0.0,0.0,188.89171142578124,186.5010093688965,56.65950675208386,4.131106402613227,4.190383192173937,4.659237719721931,-0.036649879238188854,0.0,0.0,0.0,0.0,0.0,0.0,0.0,0.0,0.0,25093200.0,10266400.0,12542600.0,0.0,0.0,0.0,0.0,0.0,0.0,0.0,0.0,0.0,0.0,0.0,0.0,0.0,0.0,0.0,0.0,0.0,0.0,0.0,0.0,0.0,0.0,0.0,0.0,190.97270711263022,5.879246605567287,189.20434788295202,4.327747548196031,187.62789808000838,5.097108874761822,-0.0028196054618115918
2021-03-10,192.77037655153373,194.22610065844725,190.20088165586034,190.5721435546875,13662100,0.0,0.0,189.43882751464844,186.83563003540038,60.45062492810113,4.02956967889898,4.158220489518945,4.701203853919959,0.0028275781165125746,0.0,0.0,0.0,0.9831,0.9830999999999999,1.0,18.0,1.0,0.0,23331000.0,25093200.0,10266400.0,0.0,0.0,0.0,0.0,0.0,0.0,0.0,0.0,0.0,0.0,0.0,0.0,0.0,0.0,0.0,0.0,0.0,0.0,0.0,0.0,0.0,0.0,0.0,0.0,192.6238250732422,4.0279355103184225,189.21551513671875,4.331728921986931,188.4695085797991,4.458211419588458,-0.008589532101616948
2021-03-11,192.83876131449412,194.47033680507172,190.9043056627208,192.22325134277344,11933900,0.0,0.0,191.1427032470703,187.18343811035157,61.15084921247302,4.035809394937104,4.133738270602578,4.834480169763752,0.008663951390210034,0.0,0.0,0.0,0.8914,0.8914,1.0,4106.0,1.0,0.0,13662100.0,23331000.0,25093200.0,0.0,0.0,0.0,0.0,0.0,0.0,0.0,0.0,0.0,0.9831,0.0,0.0,0.9830999999999999,0.0,0.0,1.0,0.0,0.0,18.0,0.0,0.0,1.0,0.0,0.0,190.94340006510416,1.1404812888770313,189.60770743233817,4.481148990412156,189.3836953299386,3.710318190386931,-0.002079485771076417
2021-03-12,192.0082998810235,193.84505021715017,190.68935428302277,192.62380981445312,13249100,0.0,0.0,192.54370727539063,187.48874740600587,55.28996975516494,4.026659313848143,4.1123224792516915,4.980814941366136,0.002083819043126045,0.0,0.0,0.0,0.0,0.0,0.0,0.0,0.0,0.0,11933900.0,13662100.0,23331000.0,0.0,0.0,0.0,0.0,0.0,0.0,0.0,0.0,0.0,0.8914,0.9831,0.0,0.8914,0.9830999999999999,0.0,1.0,1.0,0.0,4106.0,18.0,0.0,1.0,1.0,0.0,191.80640157063803,1.0875000734538707,190.2915998186384,4.530822909866938,189.76053510393416,3.755307843952373,0.0020329122064666194
2021-03-15,193.97206222644417,193.97206222644417,190.32788479200727,192.23301696777344,10311400,0.0,0.0,191.53740539550782,187.93279037475585,49.642130720260404,3.942428233329963,4.078343630067346,4.988487099799418,-0.0020287878588639563,0.0,0.0,0.0,0.0,0.0,0.0,0.0,0.0,0.0,13249100.0,11933900.0,13662100.0,0.0,0.0,0.0,0.0,0.0,0.0,0.0,0.0,0.0,0.0,0.8914,0.9831,0.0,0.8914,0.9830999999999999,0.0,1.0,1.0,0.0,4106.0,18.0,0.0,1.0,1.0,192.36002604166666,0.22849562566270085,191.51004900251115,3.4916271338313334,189.7375041416713,3.737796244171254,0.01297356006951289
2021-03-16,191.5882178340081,192.06693457464104,188.44230107675827,189.77101135253906,9680700,0.0,0.0,191.48464660644532,188.3182144165039,46.6086021261535,3.635107956115206,3.9896964952769185,4.805496518985553,-0.012807402464307782,0.0,0.0,0.0,0.0,0.0,0.0,0.0,0.0,0.0,10311400.0,13249100.0,11933900.0,0.0,0.0,0.0,0.0,0.0,0.0,0.0,0.0,0.0,0.0,0.0,0.8914,0.0,0.0,0.8914,0.0,0.0,1.0,0.0,0.0,4106.0,0.0,0.0,1.0,191.54261271158853,1.546644204008617,192.1032235281808,2.5496105448884943,189.50930786132812,3.6212517155657222,-0.0051218872044093144
2021-03-17,188.9894118011834,191.6761408949275,187.3676008431067,190.7480010986328,14418700,0.0,0.0,191.5198181152344,188.74809036254882,54.9906320442636,3.4308407334146125,3.8779253429044576,4.605089946303691,0.0051482559908941905,0.0,0.0,0.0,0.0,0.0,0.0,0.0,0.0,0.0,9680700.0,10311400.0,13249100.0,0.0,0.0,0.0,0.0,0.0,0.0,0.0,0.0,0.0,0.0,0.0,0.0,0.0,0.0,0.0,0.0,0.0,0.0,0.0,0.0,0.0,0.0,0.0,0.0,190.91734313964844,1.2397078113422,191.1722913469587,1.1643468368578154,189.8065926688058,3.5325568096525055,0.01539426627668461
2021-03-18,190.46466223611424,190.59167601647607,187.32852503250817,187.85609436035156,9644500,0.0,0.0,190.64638671875,189.20141525268554,53.707110865223655,3.001010995955369,3.70254247351464,3.9765377941788733,-0.015160875718880473,0.0,0.0,0.0,0.0,0.0,0.0,0.0,0.0,0.0,14418700.0,9680700.0,10311400.0,0.0,0.0,0.0,0.0,0.0,0.0,0.0,0.0,0.0,0.0,0.0,0.0,0.0,0.0,0.0,0.0,0.0,0.0,0.0,0.0,0.0,0.0,0.0,0.0,189.45836893717447,1.4710846697735755,190.86104692731584,1.6911237713308387,190.03269740513392,3.271580090342435,0.005964122929683402
2021-03-19,186.52740055190924,189.53653914792667,185.39408570904774,186.74234008789062,28354600,0.0,0.0,189.4700927734375,189.56730041503906,45.06428135806489,2.5412037554596054,3.4702747299036334,3.310497015101451,-0.005928763057984732,0.0,0.0,0.0,0.0,0.0,0.0,0.0,0.0,0.0,9644500.0,14418700.0,9680700.0,0.0,0.0,0.0,0.0,0.0,0.0,0.0,0.0,0.0,0.0,0.0,0.0,0.0,0.0,0.0,0.0,0.0,0.0,0.0,0.0,0.0,0.0,0.0,0.0,188.44881184895834,2.0675627074457097,190.31393214634485,2.307391617002268,189.76472364153182,3.3826526790415032,-0.00891826867986023
2021-03-22,188.81353572692132,191.81290938970378,187.58253073574724,188.42274475097656,8838500,0.0,0.0,188.70803833007812,189.62103500366212,48.63565999757717,2.286045705340598,3.2334289249910264,3.2811713217935563,0.00899851989803202,0.0,0.0,0.0,0.0,0.0,0.0,0.0,0.0,0.0,28354600.0,9644500.0,14418700.0,0.0,0.0,0.0,0.0,0.0,0.0,0.0,0.0,0.0,0.0,0.0,0.0,0.0,0.0,0.0,0.0,0.0,0.0,0.0,0.0,0.0,0.0,0.0,0.0,187.6737263997396,0.8549172548987101,189.77100263323103,2.2290513386622637,189.6893550327846,3.4012387505502866,0.02188316883531294
2021-03-23,187.18195497868342,187.9146992185571,183.64524755136333,184.38775634765625,10701200,0.0,0.0,187.63138732910156,189.21265029907227,45.800581844071885,1.7382043324145116,2.9343840064757236,3.40275793576627,-0.021414550608808036,0.0,0.0,0.0,0.0,0.0,0.0,0.0,0.0,0.0,8838500.0,28354600.0,9644500.0,0.0,0.0,0.0,0.0,0.0,0.0,0.0,0.0,0.0,0.0,0.0,0.0,0.0,0.0,0.0,0.0,0.0,0.0,0.0,0.0,0.0,0.0,0.0,0.0,186.51761372884116,2.026859468752353,188.59442356654577,2.6128682477033562,189.44301169259208,3.660748616481271,0.02170836333106041
2021-03-24,185.68718311494996,186.11706217923458,180.39188581195293,180.4700469970703,13549100,0.0,0.0,185.57579650878907,188.5878646850586,46.04162853332636,0.9766514643212645,2.542837498044832,3.801222892167371,-0.02124712306385057,0.0,0.0,0.0,0.0,0.0,0.0,0.0,0.0,0.0,10701200.0,8838500.0,28354600.0,0.0,0.0,0.0,0.0,0.0,0.0,0.0,0.0,0.0,0.0,0.0,0.0,0.0,0.0,0.0,0.0,0.0,0.0,0.0,0.0,0.0,0.0,0.0,0.0,184.42684936523438,3.97649300128441,186.91399928501673,3.5109788573523986,189.21202414376395,4.123510929281569,-0.011716810503374697
2021-03-25,177.66607059158153,183.39124654517917,176.8453856610103,182.60964965820312,9609200,0.0,0.0,184.52650756835936,188.3890464782715,46.33680507182171,0.5395438572807905,2.142178769892024,4.009709848886404,0.011855721748482484,0.0,0.0,0.0,0.0,0.0,0.0,0.0,0.0,0.0,13549100.0,10701200.0,8838500.0,0.0,0.0,0.0,0.0,0.0,0.0,0.0,0.0,0.0,0.0,0.0,0.0,0.0,0.0,0.0,0.0,0.0,0.0,0.0,0.0,0.0,0.0,0.0,0.0,182.48915100097656,1.961632377310328,185.89094761439733,3.582371187059244,188.99708557128906,4.3947231085986695,0.005324795560259332
2021-03-26,184.48549250155858,184.63203541103704,178.3695249198607,181.64244079589844,10196100,0.0,0.0,183.50652770996095,188.23663711547852,24.300783118890593,0.11377572192526486,1.736498160298672,4.2105850666810305,-0.00529659228915369,0.0,0.0,0.0,0.0,0.0,0.0,0.0,0.0,0.0,9609200.0,13549100.0,10701200.0,0.0,0.0,0.0,0.0,0.0,0.0,0.0,0.0,0.0,0.0,0.0,0.0,0.0,0.0,0.0,0.0,0.0,0.0,0.0,0.0,0.0,0.0,0.0,0.0,181.57404581705728,1.0714398217957262,184.59015328543526,3.1521072413418856,187.88122231619698,4.108010905702836,0.005788464286037076
2021-03-29,180.9780876181301,181.6619793546593,178.93616205858478,180.59706115722656,7544700,0.0,0.0,181.94139099121094,187.74179153442384,30.508379500948564,-0.30449199885333655,1.3283001284682703,4.502757161286168,-0.005755150801163844,0.0,0.0,0.0,0.857,0.8570000000000001,1.0,38.0,1.0,0.0,10196100.0,9609200.0,13549100.0,0.0,0.0,0.0,0.0,0.0,0.0,0.0,0.0,0.0,0.0,0.0,0.0,0.0,0.0,0.0,0.0,0.0,0.0,0.0,0.0,0.0,0.0,0.0,0.0,181.61638387044272,1.0065472373857745,183.5531485421317,3.0920716394680583,187.20709773472376,4.484534669540042,-0.003665161844940368
2021-03-30,179.600529340199,182.03324598154063,179.33673719650602,181.26141357421875,5929700,0.0,0.0,181.31612243652344,187.3309669494629,30.871057987352458,-0.5757278607989349,0.9474945306148292,4.7062516642447045,0.0036786446730370237,0.0,0.0,0.0,0.0,0.0,0.0,0.0,0.0,0.0,7544700.0,10196100.0,9609200.0,0.0,0.0,0.0,0.0,0.0,0.0,0.0,0.0,0.0,0.857,0.0,0.0,0.8570000000000001,0.0,0.0,1.0,0.0,0.0,38.0,0.0,0.0,1.0,0.0,0.0,181.1669718424479,0.5290501656387198,182.77015904017858,2.8329913715613926,186.54204559326172,4.6349771510840485,0.005473707304401554
2021-03-31,181.55450061106745,182.5998747335598,180.17693774063935,180.27464294433594,8478000,0.0,0.0,181.27704162597655,186.9528709411621,24.762600909116685,-0.8603903343846184,0.5859175576149397,4.960391744793419,-0.005443908940270803,0.0,0.0,0.0,0.0,0.0,0.0,0.0,0.0,0.0,5929700.0,7544700.0,10196100.0,0.0,0.0,0.0,0.0,0.0,0.0,0.0,0.0,0.0,0.0,0.857,0.0,0.0,0.8570000000000001,0.0,0.0,1.0,0.0,0.0,38.0,0.0,0.0,1.0,0.0,180.7110392252604,0.5031623187346086,181.60614449637276,1.4689229062705318,185.68857356480189,4.6084004035466535,-0.023548680579638437
2021-04-01,182.14068439518675,184.74926719933688,181.32001436416377,184.62225341796875,7749400,0.0,0.0,181.6795623779297,186.99878997802733,35.51464860475009,-0.726793541327055,0.3233753378265408,4.932906990482352,0.02411659456163906,0.0,0.0,0.0,0.0,0.0,0.0,0.0,0.0,0.0,8478000.0,5929700.0,7544700.0,0.0,0.0,0.0,0.0,0.0,0.0,0.0,0.0,0.0,0.0,0.0,0.857,0.0,0.0,0.8570000000000001,0.0,0.0,1.0,0.0,0.0,38.0,0.0,0.0,1.0,182.05276997884116,2.279279036661174,181.639644077846,1.5437022602289454,185.11703382219588,4.1561070446539485,0.002493431687478509
2021-04-05,187.06472385178174,187.2601193375268,183.76248498412656,184.16305541992188,7405300,0.0,0.0,182.18368530273438,186.92600326538087,35.42690679192066,-0.6504723210682926,0.12860580604757413,4.964976746059044,-0.0024872299495082295,0.0,0.0,0.0,0.0,0.0,0.0,0.0,0.0,0.0,7749400.0,8478000.0,5929700.0,0.0,0.0,0.0,0.0,0.0,0.0,0.0,0.0,0.0,0.0,0.0,0.0,0.0,0.0,0.0,0.0,0.0,0.0,0.0,0.0,0.0,0.0,0.0,0.0,183.01998392740884,2.3885955152259215,182.16721670968192,1.7004615700028405,184.54060799734933,3.618043025940633,-0.0064830072539942
2021-04-06,184.16308005094035,186.87911791689882,183.54757002618769,185.36477661132812,7926200,0.0,0.0,183.1372283935547,186.33101577758788,41.66357286748705,-0.4873999045019275,0.005404663937673804,4.333717586160649,0.006525310891840608,0.0,0.0,0.0,0.0,0.0,0.0,0.0,0.0,0.0,7405300.0,7749400.0,8478000.0,0.0,0.0,0.0,0.0,0.0,0.0,0.0,0.0,0.0,0.0,0.0,0.0,0.0,0.0,0.0,0.0,0.0,0.0,0.0,0.0,0.0,0.0,0.0,0.0,184.7166951497396,0.6064015880533545,182.56080627441406,2.093389217622799,184.22587694440568,3.306269279541508,0.011569787402460507
2021-04-07,185.43314281668128,185.95094754668028,182.64870877914595,183.2446746826172,6238700,0.0,0.0,183.53388061523438,185.99150924682618,36.392576350094146,-0.5232071404852263,-0.10031769694690623,4.294079186084114,-0.011437458439886639,0.0,0.0,0.0,0.0,0.0,0.0,0.0,0.0,0.0,7926200.0,7405300.0,7749400.0,0.0,0.0,0.0,0.0,0.0,0.0,0.0,0.0,0.0,0.0,0.0,0.0,0.0,0.0,0.0,0.0,0.0,0.0,0.0,0.0,0.0,0.0,0.0,0.0,184.25750223795572,1.0632018614113228,182.7896968296596,2.063622023788986,183.68992505754744,2.724696843827533,0.0012810830433631626
2021-04-08,182.89297416350814,183.72342366598377,181.3591038486548,183.01022338867188,7763000,0.0,0.0,184.08099670410155,185.6134132385254,40.27451208569775,-0.5640014355391827,-0.19305444466536154,4.20144040429914,-0.0012794439693889492,0.0,0.0,0.0,0.0,0.0,0.0,0.0,0.0,0.0,6238700.0,7926200.0,7405300.0,0.0,0.0,0.0,0.0,0.0,0.0,0.0,0.0,0.0,0.0,0.0,0.0,0.0,0.0,0.0,0.0,0.0,0.0,0.0,0.0,0.0,0.0,0.0,0.0,183.87322489420572,1.2970299711056141,183.13443429129464,1.8239283836189242,183.34379141671317,2.448537339162248,-0.003033767779652252
2021-04-09,183.84068012521362,183.88953273260557,181.86715106681592,183.56712341308594,6089300,0.0,0.0,183.869970703125,185.18060684204102,43.481760984224614,-0.5451103378585458,-0.2634656233039984,3.921203109514379,0.0030429995335907734,0.0,0.0,0.0,0.0,0.0,0.0,0.0,0.0,0.0,7763000.0,6238700.0,7926200.0,0.0,0.0,0.0,0.0,0.0,0.0,0.0,0.0,0.0,0.0,0.0,0.0,0.0,0.0,0.0,0.0,0.0,0.0,0.0,0.0,0.0,0.0,0.0,0.0,183.27400716145834,0.27960633940292723,183.4638214111328,1.6268492369167311,183.11699022565568,2.248400414364077,0.007507151013578461
2021-04-12,183.43033066954328,183.5280358766636,181.2125536558613,182.19932556152344,6662500,0.0,0.0,183.47722473144532,184.65938262939454,37.058158293214454,-0.6332096160070932,-0.3374144218446174,3.5555302860347653,-0.00745121362764134,0.0,0.0,0.0,0.0,0.0,0.0,0.0,0.0,0.0,6089300.0,7763000.0,6238700.0,0.0,0.0,0.0,0.0,0.0,0.0,0.0,0.0,0.0,0.0,0.0,0.0,0.0,0.0,0.0,0.0,0.0,0.0,0.0,0.0,0.0,0.0,0.0,0.0,182.9255574544271,0.6878182761463194,183.73877607073103,1.0629142835223542,182.67246028355189,1.6558413776669532,0.005391195752718847
2021-04-13,181.3200108492663,182.15046032904752,180.35279794135326,181.22232055664062,6826500,0.0,0.0,182.64873352050782,184.10884780883788,42.45815174002382,-0.7729549241653331,-0.42452252230876053,3.15048704263894,-0.005362286615890333,0.0,0.0,0.0,0.0,0.0,0.0,0.0,0.0,0.0,6662500.0,6089300.0,7763000.0,0.0,0.0,0.0,0.0,0.0,0.0,0.0,0.0,0.0,0.0,0.0,0.0,0.0,0.0,0.0,0.0,0.0,0.0,0.0,0.0,0.0,0.0,0.0,0.0,182.32958984375,1.1778164951793277,183.25307137625558,1.334127269313742,182.44635772705078,1.6193182373400572,-0.010508949553276303
2021-04-14,181.69127912063277,186.01934832789436,181.43726646159482,183.14700317382812,9089900,0.0,0.0,182.62919921875,183.77764739990235,57.047298529538175,-0.7200974505630313,-0.4836375079596147,2.858569557622695,0.010620560487668795,0.0,0.0,0.0,0.0,0.0,0.0,0.0,0.0,0.0,6826500.0,6662500.0,6089300.0,0.0,0.0,0.0,0.0,0.0,0.0,0.0,0.0,0.0,0.0,0.0,0.0,0.0,0.0,0.0,0.0,0.0,0.0,0.0,0.0,0.0,0.0,0.0,0.0,182.1895497639974,0.9623785476042506,183.10792105538505,1.272469555539942,182.6375688825335,1.523198210650792,0.008228978699104994
2021-04-15,183.76249834006182,184.55385980486375,181.42748708255698,181.65219116210938,7262500,0.0,0.0,182.3575927734375,183.32285690307617,47.390835740909836,-0.7897229243101265,-0.5448545912297171,2.373671639740682,-0.008161815294897234,0.0,0.0,0.0,0.0,0.0,0.0,0.0,0.0,0.0,9089900.0,6826500.0,6662500.0,0.0,0.0,0.0,0.0,0.0,0.0,0.0,0.0,0.0,0.0,0.0,0.0,0.0,0.0,0.0,0.0,0.0,0.0,0.0,0.0,0.0,0.0,0.0,0.0,182.00717163085938,1.0102520201026037,182.57755170549666,0.8917944091673515,182.56917898995536,1.5458738017258957,-0.007102468440979948
2021-04-16,183.25447930026704,185.11075897493853,181.91598951894724,182.95159912109375,9453500,0.0,0.0,182.23448791503907,183.07763214111327,53.504135269251975,-0.7316166300983298,-0.5822069990034398,2.120537553892719,0.007153274346273886,0.0,0.0,0.0,0.0,0.0,0.0,0.0,0.0,0.0,7262500.0,9089900.0,6826500.0,0.0,0.0,0.0,0.0,0.0,0.0,0.0,0.0,0.0,0.0,0.0,0.0,0.0,0.0,0.0,0.0,0.0,0.0,0.0,0.0,0.0,0.0,0.0,0.0,182.5835978190104,0.81251735756593,182.53568376813615,0.8616236168414569,182.66269029889787,1.5249568949516175,-0.0009068562851523021
2021-04-19,183.1958216957668,185.95094715085023,181.3786154126342,183.11766052246094,7625800,0.0,0.0,182.41815490722655,182.8963981628418,57.079988136444605,-0.6645071809048488,-0.5986670353837216,1.9378706935089247,0.0009076794199391891,0.0,0.0,0.0,0.0,0.0,0.0,0.0,0.0,0.0,9453500.0,7262500.0,9089900.0,0.0,0.0,0.0,0.0,0.0,0.0,0.0,0.0,0.0,0.0,0.0,0.0,0.0,0.0,0.0,0.0,0.0,0.0,0.0,0.0,0.0,0.0,0.0,0.0,182.57381693522134,0.8024585014218393,182.55103193010603,0.8723752700891795,182.84273311070032,1.4065170912918525,0.02538426066471744
2021-04-20,182.98089249877202,183.7527248113004,177.63675800602496,178.5844268798828,10765800,0.0,0.0,181.890576171875,182.40448226928712,43.82321854960289,-0.9659812969742063,-0.6721298877018186,1.694642928958206,-0.024755851672876084,0.0,0.0,0.0,0.0,0.0,0.0,0.0,0.0,0.0,7625800.0,9453500.0,7262500.0,0.0,0.0,0.0,0.0,0.0,0.0,0.0,0.0,0.0,0.0,0.0,0.0,0.0,0.0,0.0,0.0,0.0,0.0,0.0,0.0,0.0,0.0,0.0,0.0,181.55122884114584,2.570667132335807,181.83921813964844,1.6186925427563503,182.65151977539062,1.772405995984128,-0.0017476673672973675
2021-04-21,177.11894613902348,179.1608715906836,174.74486175599515,178.89707946777344,8400200,0.0,0.0,181.04059143066405,182.12994842529298,46.71940521959054,-1.1662296852085206,-0.7709498472031591,1.7980340168444076,0.0017507270558418941,0.0,0.0,0.0,-0.6662,-0.6662,1.0,51.0,0.0,0.0,10765800.0,7625800.0,9453500.0,0.0,0.0,0.0,0.0,0.0,0.0,0.0,0.0,0.0,0.0,0.0,0.0,0.0,0.0,0.0,0.0,0.0,0.0,0.0,0.0,0.0,0.0,0.0,0.0,180.19972229003906,2.5318393622721547,181.36746869768416,1.9446363475444677,182.5531223842076,1.9444047752655167,0.0019150917863925976
2021-04-22,179.981545503012,180.6263640805658,177.08964136919943,178.5551300048828,7378300,0.0,0.0,180.42117919921876,182.0342025756836,32.14499014329273,-1.3371071011188747,-0.8841812979863022,1.9367132877771973,-0.0019114312201626849,0.0,0.0,0.0,0.0,0.0,0.0,0.0,0.0,0.0,8400200.0,10765800.0,7625800.0,0.0,0.0,0.0,0.0,0.0,0.0,0.0,0.0,0.0,-0.6662,0.0,0.0,-0.6662,0.0,0.0,1.0,0.0,0.0,51.0,0.0,0.0,0.0,0.0,0.0,178.6788787841797,0.1895342461451211,180.98644147600447,2.2196685893656167,182.11975642613,2.1162845557278254,-0.0014205820640228461
2021-04-23,178.15455998451085,179.6688861923255,177.7735335664607,178.80914306640625,6075500,0.0,0.0,179.59268798828126,181.84417724609375,34.051297808743215,-1.4354845804585636,-0.9944419544807546,2.0598158553092882,0.0014226029883122049,0.0,0.0,0.0,0.0,0.0,0.0,0.0,0.0,0.0,7378300.0,8400200.0,10765800.0,0.0,0.0,0.0,0.0,0.0,0.0,0.0,0.0,0.0,0.0,-0.6662,0.0,0.0,-0.6662,0.0,0.0,1.0,0.0,0.0,51.0,0.0,0.0,0.0,0.0,178.7537841796875,0.1775691796086088,180.3667471749442,2.1191989920198107,181.73733411516463,2.200703011367926,-0.006783590281860263
2021-04-26,179.72753024604384,181.32979720162726,179.04362363308368,180.0303955078125,6178300,0.0,0.0,178.97523498535156,181.76357498168946,34.12794836591337,-1.3987803073451914,-1.075309625053642,2.099287572087881,0.006829921672141248,0.0,0.0,0.0,0.0,0.0,0.0,0.0,0.0,0.0,6075500.0,7378300.0,8400200.0,0.0,0.0,0.0,0.0,0.0,0.0,0.0,0.0,0.0,0.0,0.0,-0.6662,0.0,0.0,-0.6662,0.0,0.0,1.0,0.0,0.0,51.0,0.0,0.0,0.0,179.13155619303384,0.7887108115145665,180.13506208147322,2.042508528287077,181.35630689348494,1.9745101556162599,-0.0020039480084989014
2021-04-27,180.7338448116589,181.53497089576857,179.91315979600324,180.3918914794922,4870000,0.0,0.0,179.33672790527345,181.75331649780273,40.51961591666024,-1.3252455963976217,-1.125296819322438,2.1057791943755513,0.002007971879748549,0.0,0.0,0.0,0.0,0.0,0.0,0.0,0.0,0.0,6178300.0,6075500.0,7378300.0,0.0,0.0,0.0,0.0,0.0,0.0,0.0,0.0,0.0,0.0,0.0,0.0,0.0,0.0,0.0,0.0,0.0,0.0,0.0,0.0,0.0,0.0,0.0,0.0,179.74381001790366,0.8293802306850976,179.76938956124442,1.6445927676545902,181.1525366646903,1.9108159052317202,0.006816055829062639
2021-04-28,180.53843783621502,180.53843783621502,178.61377632290174,179.170654296875,5199300,0.0,0.0,179.39144287109374,181.64877853393554,38.02567035878733,-1.3499510471586404,-1.1702276648896786,2.1820008458427846,-0.006769911732734557,0.0,0.0,0.0,0.0,0.0,0.0,0.0,0.0,0.0,4870000.0,6178300.0,6075500.0,0.0,0.0,0.0,0.0,0.0,0.0,0.0,0.0,0.0,0.0,0.0,0.0,0.0,0.0,0.0,0.0,0.0,0.0,0.0,0.0,0.0,0.0,0.0,0.0,179.86431376139322,0.6273295975178957,179.20553152901786,0.7245833920327361,180.87828172956193,1.899183295952653,-0.010467758303274954
2021-04-29,180.54820472425558,181.28094904951007,178.5453672536823,181.06600952148438,5958300,0.0,0.0,179.89361877441405,181.68834686279297,42.80087454311798,-1.202726683858316,-1.1767274686834062,2.1628621897385463,0.01057849139440492,0.0,0.0,0.0,0.0,0.0,0.0,0.0,0.0,0.0,5199300.0,4870000.0,6178300.0,0.0,0.0,0.0,0.0,0.0,0.0,0.0,0.0,0.0,0.0,0.0,0.0,0.0,0.0,0.0,0.0,0.0,0.0,0.0,0.0,0.0,0.0,0.0,0.0,180.2095184326172,0.9607485638986837,179.56004333496094,0.9439265140414671,180.6996307373047,1.737553743218704,-0.0037092416024454566
2021-04-30,180.04992000450363,182.0332282604104,179.31717571602934,181.74012756347656,7866300,0.0,0.0,180.4798156738281,181.54424057006835,48.62328241969986,-1.0198978752577261,-1.1453615499982701,2.050173616250384,0.0037230512992125764,0.0,0.0,0.0,0.0,0.0,0.0,0.0,0.0,0.0,5958300.0,5199300.0,4870000.0,0.0,0.0,0.0,0.0,0.0,0.0,0.0,0.0,0.0,0.0,0.0,0.0,0.0,0.0,0.0,0.0,0.0,0.0,0.0,0.0,0.0,0.0,0.0,0.0,180.65893046061197,1.3322286734249544,179.96619306291853,1.1905549495263585,180.66683088030135,1.7112005814242355,0.002749231217122672
2021-05-03,183.371702955982,184.86650011102932,180.98783915355543,181.24185180664062,7542800,0.0,0.0,180.72210693359375,181.3981803894043,50.06028704167718,-0.904781656811025,-1.0972455713608211,1.955661168283872,-0.002741693667304701,0.0,0.0,0.0,0.0,0.0,0.0,0.0,0.0,0.0,7866300.0,5958300.0,5199300.0,0.0,0.0,0.0,0.0,0.0,0.0,0.0,0.0,0.0,0.0,0.0,0.0,0.0,0.0,0.0,0.0,0.0,0.0,0.0,0.0,0.0,0.0,0.0,0.0,181.34932963053384,0.349674699694583,180.35001046316964,1.0885404774731096,180.66822596958704,1.711696181381706,0.006838492315670797
2021-05-04,180.61657951419397,181.35910327624393,178.1154813651688,180.01084899902344,7069300,0.0,0.0,180.6458984375,181.13048400878907,39.88654961436907,-0.9024796394697034,-1.0582923849825976,1.7384987058197157,-0.006792044968346955,0.0,0.0,0.0,0.0,0.0,0.0,0.0,0.0,0.0,7542800.0,7866300.0,5958300.0,0.0,0.0,0.0,0.0,0.0,0.0,0.0,0.0,0.0,0.0,0.0,0.0,0.0,0.0,0.0,0.0,0.0,0.0,0.0,0.0,0.0,0.0,0.0,0.0,180.99760945638022,0.8901358506513806,180.5216827392578,0.879770879102169,180.444214957101,1.560917496631858,0.015095657255837391
2021-05-05,180.75335081704878,180.75335081704878,177.18733467284017,177.33387756347656,5901700,0.0,0.0,180.2785430908203,180.83494415283204,37.060865891673465,-1.1039389752776003,-1.0674217030415982,1.858447561225889,-0.014871167212601732,0.0,0.0,0.0,0.0,0.0,0.0,0.0,0.0,0.0,7069300.0,7542800.0,7866300.0,0.0,0.0,0.0,0.0,0.0,0.0,0.0,0.0,0.0,0.0,0.0,0.0,0.0,0.0,0.0,0.0,0.0,0.0,0.0,0.0,0.0,0.0,0.0,0.0,179.52885945638022,1.9980743506490362,180.13646589006697,1.5014423813425137,180.1357639857701,1.7221861949968669,-0.001540248396841859
2021-05-06,178.57466495095767,178.7798399089221,175.6729964071724,177.60743713378906,6944900,0.0,0.0,179.58682861328126,180.5648048400879,32.938187068808446,-1.2273745692300508,-1.0994122762792888,1.917347074214777,0.001542624421634109,0.0,0.0,0.0,0.0,0.0,0.0,0.0,0.0,0.0,5901700.0,7069300.0,7542800.0,0.0,0.0,0.0,0.0,0.0,0.0,0.0,0.0,0.0,0.0,0.0,0.0,0.0,0.0,0.0,0.0,0.0,0.0,0.0,0.0,0.0,0.0,0.0,0.0,178.31738789876303,1.4729448676711856,179.73868669782365,1.7677255426499738,179.75403812953405,1.6403689341999594,-0.016500847319570244
2021-05-07,177.8126253026126,180.86083696590072,177.33389363694113,180.5872802734375,6888400,0.0,0.0,179.35625915527345,180.41581268310546,43.1518655406661,-1.0723879086882846,-1.094007402761088,1.7828243608547865,0.016777693478025713,0.0,0.0,0.0,0.0,0.0,0.0,0.0,0.0,0.0,6944900.0,5901700.0,7069300.0,0.0,0.0,0.0,0.0,0.0,0.0,0.0,0.0,0.0,0.0,0.0,0.0,0.0,0.0,0.0,0.0,0.0,0.0,0.0,0.0,0.0,0.0,0.0,0.0,178.50953165690103,1.8045742419659194,179.9410618373326,1.7729392701213333,179.57329668317522,1.3559987918612508,0.002930072153535246
2021-05-10,181.42747570437868,182.66826015819095,179.79590027518182,180.0596923828125,8260300,0.0,0.0,179.1198272705078,180.30883102416993,55.09791080725665,-0.9808254518614206,-1.0713710125811544,1.7336877838465083,-0.0029215119128331857,0.0,0.0,0.0,0.0,0.0,0.0,0.0,0.0,0.0,6888400.0,6944900.0,5901700.0,0.0,0.0,0.0,0.0,0.0,0.0,0.0,0.0,0.0,0.0,0.0,0.0,0.0,0.0,0.0,0.0,0.0,0.0,0.0,0.0,0.0,0.0,0.0,0.0,179.4181365966797,1.5901451676711622,179.79730224609375,1.7060568624247796,179.67867279052734,1.330320521199881,0.01447679065969587
2021-05-11,177.61721763727226,178.05686122665816,174.3247431799463,177.49020385742188,10865600,0.0,0.0,178.6156982421875,180.122225189209,45.794383144873265,-1.1028844298560045,-1.0776736960361244,1.8284528192419072,-0.014270203905090595,0.0,0.0,0.0,0.0,0.0,0.0,0.0,0.0,0.0,8260300.0,6888400.0,6944900.0,0.0,0.0,0.0,0.0,0.0,0.0,0.0,0.0,0.0,0.0,0.0,0.0,0.0,0.0,0.0,0.0,0.0,0.0,0.0,0.0,0.0,0.0,0.0,0.0,179.37905883789062,1.656930022214231,179.19017028808594,1.6548740318156305,179.57818167550224,1.442324902286907,0.021478808614074696
2021-05-12,176.5425062788291,178.26202227410414,173.49429506206988,173.75808715820312,8988100,0.0,0.0,177.90054016113282,179.65277938842775,38.07673723757778,-1.4836649107882636,-1.1588719389865523,2.1820673243956983,-0.021027170052814625,0.0,0.0,0.0,0.0,0.0,0.0,0.0,0.0,0.0,10865600.0,8260300.0,6888400.0,0.0,0.0,0.0,0.0,0.0,0.0,0.0,0.0,0.0,0.0,0.0,0.0,0.0,0.0,0.0,0.0,0.0,0.0,0.0,0.0,0.0,0.0,0.0,0.0,177.1026611328125,3.168627324923902,178.12106105259485,2.3709638174364067,179.23553575788225,2.1163664967310742,-0.002747665360193774
2021-05-13,174.26614024620895,176.59138707049897,171.75527737708362,174.23683166503906,12332200,0.0,0.0,177.2264190673828,179.28201141357422,38.76087620239282,-1.7268988891979689,-1.2724773290288356,2.4392881061782723,0.002755235826232605,0.0,0.0,0.0,0.0,0.0,0.0,0.0,0.0,0.0,8988100.0,10865600.0,8260300.0,0.0,0.0,0.0,0.0,0.0,0.0,0.0,0.0,0.0,0.0,0.0,0.0,0.0,0.0,0.0,0.0,0.0,0.0,0.0,0.0,0.0,0.0,0.0,0.0,175.16170756022134,2.030694543811035,177.29620143345423,2.597498869272034,178.90894208635603,2.504442773012727,0.026712747176824037
2021-05-14,168.95129441550978,170.88575016792663,164.89678177846798,169.70358276367188,33149400,0.0,0.0,175.0496795654297,178.61961059570314,28.170226162260363,-2.2594137545659407,-1.4698646141362568,3.0997226312388726,-0.02601774181754013,0.0,0.0,0.0,0.4278,0.4278,1.0,504.0,1.0,0.0,12332200.0,8988100.0,10865600.0,0.0,0.0,0.0,0.0,0.0,0.0,0.0,0.0,0.0,0.0,0.0,0.0,0.0,0.0,0.0,0.0,0.0,0.0,0.0,0.0,0.0,0.0,0.0,0.0,172.56616719563803,2.49060058987942,176.20615931919642,3.868916694915571,178.1713126046317,3.4796403195395604,0.021284008421371237
2021-05-17,168.7266009429823,169.0099371149207,164.69163207497414,166.16688537597656,17771600,0.0,0.0,172.2711181640625,177.7720718383789,23.488752235220232,-2.9330076571682184,-1.762493222742649,3.993605420068066,-0.020840440314218278,0.0,0.0,0.0,0.0,0.0,0.0,0.0,0.0,0.0,33149400.0,12332200.0,8988100.0,0.0,0.0,0.0,0.0,0.0,0.0,0.0,0.0,0.0,0.4278,0.0,0.0,0.4278,0.0,0.0,1.0,0.0,0.0,504.0,0.0,0.0,1.0,0.0,0.0,170.0357666015625,4.045215427354313,174.57179478236608,5.321912376702205,177.15524074009485,4.658526771644752,0.002357445729826546
2021-05-18,166.3427346992695,167.31972718174364,165.55137317370097,165.7760772705078,10401000,0.0,0.0,169.92829284667968,177.13165435791015,24.23903608008719,-3.458503154433373,-2.101695209080794,4.8016996702696035,-0.0023519012502670744,0.0,0.0,0.0,0.0,0.0,0.0,0.0,0.0,0.0,17771600.0,33149400.0,12332200.0,0.0,0.0,0.0,0.0,0.0,0.0,0.0,0.0,0.0,0.0,0.4278,0.0,0.0,0.4278,0.0,0.0,1.0,0.0,0.0,504.0,0.0,0.0,1.0,0.0,167.21551513671875,2.1635718455933595,172.4559086390904,5.473820568971114,176.1984852382115,5.510357143702937,0.0024221146793010906
2021-05-19,163.85141293798057,165.50251768208412,163.2554469377546,165.37551879882812,9251000,0.0,0.0,168.25177917480468,176.4555763244629,17.982538624885564,-3.8627563918613532,-2.4539074456369057,5.4484108840374255,-0.0024162622151209234,0.0,0.0,0.0,0.0,0.0,0.0,0.0,0.0,0.0,10401000.0,17771600.0,33149400.0,0.0,0.0,0.0,0.0,0.0,0.0,0.0,0.0,0.0,0.0,0.0,0.4278,0.0,0.0,0.4278,0.0,0.0,1.0,0.0,0.0,504.0,0.0,0.0,1.0,165.7728271484375,0.39569329957320887,170.35816955566406,4.852612663325422,175.0777359008789,6.016587129217027,-0.01219646463118218
2021-05-20,165.31689172196133,167.9449887738938,165.0921727348274,167.41741943359375,7400700,0.0,0.0,166.8878967285156,175.89869079589843,22.318780231310626,-3.972572337592993,-2.757640424028123,5.781532152389508,0.012347055051415978,0.0,0.0,0.0,0.0,0.0,0.0,0.0,0.0,0.0,9251000.0,10401000.0,17771600.0,0.0,0.0,0.0,0.0,0.0,0.0,0.0,0.0,0.0,0.0,0.0,0.0,0.0,0.0,0.0,0.0,0.0,0.0,0.0,0.0,0.0,0.0,0.0,0.0,166.1896718343099,1.0819588245257554,168.91920035226005,3.7544366950357007,174.05468532017298,6.014286195439666,-0.006032455441915441
2021-05-21,168.2576354589027,169.1369226722145,167.57374374769117,168.43348693847656,8105700,0.0,0.0,166.63387756347657,175.37990798950196,25.731249454291444,-3.9322851740292037,-2.9925693740283394,5.969095808997622,0.006069066817063318,0.0,0.0,0.0,0.0,0.0,0.0,0.0,0.0,0.0,7400700.0,9251000.0,10401000.0,0.0,0.0,0.0,0.0,0.0,0.0,0.0,0.0,0.0,0.0,0.0,0.0,0.0,0.0,0.0,0.0,0.0,0.0,0.0,0.0,0.0,0.0,0.0,0.0,167.07547505696616,1.5573974294658255,168.1585431780134,3.0915386143647607,173.13980211530412,5.807525959218753,-0.01095750635418713
2021-05-24,168.48233880185467,171.0811422007796,167.79844709364315,170.29954528808594,7346700,0.0,0.0,167.46040954589844,174.89336547851562,32.031843760269496,-3.7070494348120633,-3.1354653861850843,5.9666642778325745,0.011078903509793125,0.0,0.0,0.0,0.0,0.0,0.0,0.0,0.0,0.0,8105700.0,7400700.0,9251000.0,0.0,0.0,0.0,0.0,0.0,0.0,0.0,0.0,0.0,0.0,0.0,0.0,0.0,0.0,0.0,0.0,0.0,0.0,0.0,0.0,0.0,0.0,0.0,0.0,168.7168172200521,1.4618034740095553,167.5960736955915,1.9480486688771184,172.44613756452287,5.495277954831475,-0.01055803608631467
2021-05-25,171.55988230254187,173.36730941273782,171.3644718839504,172.11676025390625,8089700,0.0,0.0,168.72854614257812,174.47960891723633,40.02992983518178,-3.343374092741044,-3.1770471274962766,5.851101686784608,0.010670697697672926,0.0,0.0,0.0,0.0,0.0,0.0,0.0,0.0,0.0,7346700.0,8105700.0,7400700.0,0.0,0.0,0.0,0.0,0.0,0.0,0.0,0.0,0.0,0.0,0.0,0.0,0.0,0.0,0.0,0.0,0.0,0.0,0.0,0.0,0.0,0.0,0.0,0.0,170.28326416015625,1.8416906323767204,167.94081333705358,2.51437388633179,172.073486328125,5.3121729532683934,-0.0016998772728789024
2021-05-26,172.55637870026735,173.80692767661446,172.14604371500218,172.4098358154297,8086200,0.0,0.0,170.13540954589843,174.14156799316407,40.074628953189944,-2.996962892846028,-3.1410302805662274,5.760414132795801,0.0017027717759217076,0.0,0.0,0.0,0.0,0.0,0.0,0.0,0.0,0.0,8089700.0,7346700.0,8105700.0,0.0,0.0,0.0,0.0,0.0,0.0,0.0,0.0,0.0,0.0,0.0,0.0,0.0,0.0,0.0,0.0,0.0,0.0,0.0,0.0,0.0,0.0,0.0,0.0,171.60871378580728,1.14320380412249,168.8326633998326,2.8632738255766412,171.70222909109933,5.0718547029673475,-0.014354386282010467
2021-05-27,173.12305286721104,175.45806414154848,172.72248239941445,174.92071533203125,13567800,0.0,0.0,171.63606872558594,173.8343032836914,38.98174839872729,-2.4911066022268074,-3.0110455448983435,5.530946415196605,0.014563435460199337,0.0,0.0,0.0,0.0,0.0,0.0,0.0,0.0,0.0,8086200.0,8089700.0,7346700.0,0.0,0.0,0.0,0.0,0.0,0.0,0.0,0.0,0.0,0.0,0.0,0.0,0.0,0.0,0.0,0.0,0.0,0.0,0.0,0.0,0.0,0.0,0.0,0.0,173.14910380045572,1.541242643226298,170.13904026576452,3.290525184872222,171.29747445242745,4.502385541953418,0.002183128192252415
2021-05-28,175.37988684714696,175.99539678220296,173.98279497847548,174.5396728515625,7124800,0.0,0.0,172.85730590820313,173.4742805480957,39.20517683624788,-2.0967883205285887,-2.8281941000243926,5.214550280802177,-0.0021783725257781272,0.0,0.0,0.0,0.0,0.0,0.0,0.0,0.0,0.0,13567800.0,8086200.0,8089700.0,0.0,0.0,0.0,0.0,0.0,0.0,0.0,0.0,0.0,0.0,0.0,0.0,0.0,0.0,0.0,0.0,0.0,0.0,0.0,0.0,0.0,0.0,0.0,0.0,173.9567413330078,1.3531392586189277,171.44820513044084,2.876409157339999,170.90318734305245,3.8738581170575763,-0.001062545941117321
2021-06-01,176.03449284591466,176.84539837000247,174.62763623751886,174.72532653808594,7475600,0.0,0.0,173.74246215820312,173.14845428466796,44.03711750299955,-1.749144491549174,-2.612384178329349,4.897614111526127,0.00106367614588887,0.0,0.0,0.0,0.0,0.0,0.0,0.0,0.0,0.0,7124800.0,13567800.0,8086200.0,0.0,0.0,0.0,0.0,0.0,0.0,0.0,0.0,0.0,0.0,0.0,0.0,0.0,0.0,0.0,0.0,0.0,0.0,0.0,0.0,0.0,0.0,0.0,0.0,174.72857157389322,0.19054196564953627,172.492191859654,2.4666208732361445,170.70569610595703,3.5708436803951122,0.010395583299935174
2021-06-02,174.9207006208204,174.97933268324488,172.85924620329703,172.92764282226562,7851700,0.0,0.0,173.904638671875,172.79429397583007,48.04597965268243,-1.6002456684933861,-2.409956476362157,4.623700737687613,-0.010288627020699659,0.0,0.0,0.0,0.0,0.0,0.0,0.0,0.0,0.0,7475600.0,7124800.0,13567800.0,0.0,0.0,0.0,0.0,0.0,0.0,0.0,0.0,0.0,0.0,0.0,0.0,0.0,0.0,0.0,0.0,0.0,0.0,0.0,0.0,0.0,0.0,0.0,0.0,174.06421407063803,0.9886670191728526,173.13421412876673,1.6998281746056962,170.64637865339006,3.5228126426676365,0.004312087021228539
2021-06-03,172.21447398796857,172.89836576372628,171.38402439101253,172.18516540527344,5583900,0.0,0.0,173.85970458984374,172.53685836791993,45.231647634584014,-1.5245795963038518,-2.2328811003504963,4.499305901697813,-0.004293572761847608,0.0,0.0,0.0,0.0,0.0,0.0,0.0,0.0,0.0,7851700.0,7475600.0,7124800.0,0.0,0.0,0.0,0.0,0.0,0.0,0.0,0.0,0.0,0.0,0.0,0.0,0.0,0.0,0.0,0.0,0.0,0.0,0.0,0.0,0.0,0.0,0.0,0.0,173.27937825520834,1.3060983907246368,173.4035884312221,1.2710824375688137,170.49983106340682,3.402584549251888,-0.005305208368592718
2021-06-04,171.88227505904513,173.43570438880826,171.569645226176,173.103515625,6343400,0.0,0.0,173.4962646484375,172.31166229248046,59.49783204347166,-1.3746642276722696,-2.061237725814851,4.342127688019544,0.005333503717146693,0.0,0.0,0.0,0.0,0.0,0.0,0.0,0.0,0.0,5583900.0,7851700.0,7475600.0,0.0,0.0,0.0,0.0,0.0,0.0,0.0,0.0,0.0,0.0,0.0,0.0,0.0,0.0,0.0,0.0,0.0,0.0,0.0,0.0,0.0,0.0,0.0,0.0,172.73877461751303,0.4874373606864142,173.54455348423548,1.15390079631932,170.74268341064453,3.4621918497493875,0.0010735641146149
2021-06-07,173.8753255028706,173.97303069858776,172.34144039488606,172.91787719726562,5178100,0.0,0.0,173.17190551757812,171.92819213867188,73.20341647970011,-1.2563522410403323,-1.9002606288599475,3.8876866392093796,-0.0010724128107052477,0.0,0.0,0.0,0.8318,0.8318000000000001,1.0,849.0,1.0,0.0,6343400.0,5583900.0,7851700.0,0.0,0.0,0.0,0.0,0.0,0.0,0.0,0.0,0.0,0.0,0.0,0.0,0.0,0.0,0.0,0.0,0.0,0.0,0.0,0.0,0.0,0.0,0.0,0.0,172.7355194091797,0.48557445739534305,173.61713082449776,1.0845266997629122,171.22489711216517,3.2387813574568383,0.0037428402911616754
2021-06-08,171.92136865718996,173.0449040510611,171.15931571204354,172.27308654785156,5356200,0.0,0.0,172.68145751953125,171.53886184692382,71.94729202576431,-1.2007765512843491,-1.760363813344828,3.3883246527840973,-0.00372888367510138,0.0,0.0,0.0,0.0,0.0,0.0,0.0,0.0,0.0,5178100.0,6343400.0,5583900.0,0.0,0.0,0.0,0.0,0.0,0.0,0.0,0.0,0.0,0.8318,0.0,0.0,0.8318000000000001,0.0,0.0,1.0,0.0,0.0,849.0,0.0,0.0,1.0,0.0,0.0,172.76482645670572,0.4358572127807179,173.23889814104353,1.0134834059210294,171.688969203404,2.8387448960417605,0.001647426434056909
2021-06-09,172.25353823210406,173.25007471543574,171.83343863002338,171.98974609375,5082400,0.0,0.0,172.49387817382814,171.26383895874022,72.52161913332267,-1.1661529382552942,-1.6415216383269216,3.0899344925626835,-0.0016447168839855975,0.0,0.0,0.0,0.0,0.0,0.0,0.0,0.0,0.0,5356200.0,5178100.0,6343400.0,0.0,0.0,0.0,0.0,0.0,0.0,0.0,0.0,0.0,0.0,0.8318,0.0,0.0,0.8318000000000001,0.0,0.0,1.0,0.0,0.0,849.0,0.0,0.0,1.0,0.0,172.39356994628906,0.47565115715479217,172.87462288992745,0.9221697660196811,172.16141401018416,2.181497315586054,-0.0030015601319505203
2021-06-10,172.38052407212413,173.52360327602062,171.5110015200463,172.50753784179688,5253000,0.0,0.0,172.5583526611328,171.20131149291993,69.33926057848615,-1.0844313591062473,-1.5301035824827867,3.0491890841733587,0.0030105966187345956,0.0,0.0,0.0,0.0,0.0,0.0,0.0,0.0,0.0,5082400.0,5356200.0,5178100.0,0.0,0.0,0.0,0.0,0.0,0.0,0.0,0.0,0.0,0.0,0.0,0.8318,0.0,0.0,0.8318000000000001,0.0,0.0,1.0,0.0,0.0,849.0,0.0,0.0,1.0,172.2567901611328,0.25928025908569996,172.55779593331474,0.42999508918945745,172.52499389648438,1.7013512612672037,-0.0045665710865893105
2021-06-11,173.36730139490138,174.38338185678685,172.7420268444031,173.29891967773438,5476300,0.0,0.0,172.5974334716797,171.1544158935547,68.80668795481596,-0.9449161137824262,-1.4130660887427147,3.0069666546963467,0.0045875203242611295,0.0,0.0,0.0,0.0,0.0,0.0,0.0,0.0,0.0,5253000.0,5082400.0,5356200.0,0.0,0.0,0.0,0.0,0.0,0.0,0.0,0.0,0.0,0.0,0.0,0.0,0.0,0.0,0.0,0.0,0.0,0.0,0.0,0.0,0.0,0.0,0.0,0.0,172.5987345377604,0.6593341309736294,172.610835484096,0.5003598681630488,172.87252480643136,1.2340487817654753,-0.0044897944872875906
2021-06-14,173.56270057179765,174.75463253825473,172.82995624361772,174.08050537109375,10170000,0.0,0.0,172.8299591064453,171.37326202392578,65.95219793449137,-0.762492306565207,-1.282951332307213,3.054714484641485,0.004510043656433593,0.0,0.0,0.0,0.0,0.0,0.0,0.0,0.0,0.0,5476300.0,5253000.0,5082400.0,0.0,0.0,0.0,0.0,0.0,0.0,0.0,0.0,0.0,0.0,0.0,0.0,0.0,0.0,0.0,0.0,0.0,0.0,0.0,0.0,0.0,0.0,0.0,0.0,173.295654296875,0.7864888486748102,172.88159833635603,0.7032907046645063,173.14259338378906,1.0233905968063832,0.013192279392663986
2021-06-15,174.08050322501643,174.58854346045337,171.57940500089808,171.8138885498047,7895000,0.0,0.0,172.73811950683594,171.65561218261718,48.76884506266491,-0.7916910381466664,-1.1846992734751038,2.798380102503181,-0.013020509197495866,0.0,0.0,0.0,0.0,0.0,0.0,0.0,0.0,0.0,10170000.0,5476300.0,5253000.0,0.0,0.0,0.0,0.0,0.0,0.0,0.0,0.0,0.0,0.0,0.0,0.0,0.0,0.0,0.0,0.0,0.0,0.0,0.0,0.0,0.0,0.0,0.0,0.0,173.06443786621094,1.1513575654805288,172.6973658970424,0.7980050809189471,173.12095969063895,1.0496094060755792,0.006870508257906582
2021-06-16,171.96042553543896,172.2046736334195,169.55703259963414,170.64149475097656,8336000,0.0,0.0,172.46846923828124,171.8988830566406,43.291383981290664,-0.899069708800539,-1.127573360540191,2.450172730571753,-0.006823626475855438,0.0,0.0,0.0,0.0,0.0,0.0,0.0,0.0,0.0,7895000.0,10170000.0,5476300.0,0.0,0.0,0.0,0.0,0.0,0.0,0.0,0.0,0.0,0.0,0.0,0.0,0.0,0.0,0.0,0.0,0.0,0.0,0.0,0.0,0.0,0.0,0.0,0.0,172.17862955729166,1.7482778707135729,172.3721684047154,1.099892398345053,172.99464961460657,1.232275215763673,5.732160550575571e-05
2021-06-17,170.57309670939495,172.2046722014107,169.84035242154664,170.6317138671875,8906000,0.0,0.0,172.0933044433594,172.16169281005858,29.917636905068107,-0.9737327297142429,-1.0968052343750014,1.9430529283886417,-5.7318319927612826e-05,0.0,0.0,0.0,0.0,0.0,0.0,0.0,0.0,0.0,8336000.0,7895000.0,10170000.0,0.0,0.0,0.0,0.0,0.0,0.0,0.0,0.0,0.0,0.0,0.0,0.0,0.0,0.0,0.0,0.0,0.0,0.0,0.0,0.0,0.0,0.0,0.0,0.0,171.0290323893229,0.6797229662933785,172.13768659319197,1.2840737563783395,172.68829236711775,1.249624503950538,0.012933550862670007
2021-06-18,169.15645386887826,169.85988954927993,168.15991750368917,168.45301818847656,12357500,0.0,0.0,171.1241241455078,172.21347274780274,25.606899866567034,-1.194931814718018,-1.1164305504436047,1.819863403013821,-0.012768409982722995,0.0,0.0,0.0,0.0,0.0,0.0,0.0,0.0,0.0,8906000.0,8336000.0,7895000.0,0.0,0.0,0.0,0.0,0.0,0.0,0.0,0.0,0.0,0.0,0.0,0.0,0.0,0.0,0.0,0.0,0.0,0.0,0.0,0.0,0.0,0.0,0.0,0.0,169.90874226888022,1.26070351991351,171.63243974958147,1.900045908278729,172.25353131975447,1.5729442145024266,-0.008909523134075115
2021-06-21,168.16968399471278,170.25066738995469,167.36854317861219,169.96734619140625,9196900,0.0,0.0,170.3014923095703,172.29016571044923,32.767003973627055,-1.2338173903166592,-1.1399079184182157,1.679055324708455,0.008989616328722416,0.0,0.0,0.0,0.0,0.0,0.0,0.0,0.0,0.0,12357500.0,8906000.0,8336000.0,0.0,0.0,0.0,0.0,0.0,0.0,0.0,0.0,0.0,0.0,0.0,0.0,0.0,0.0,0.0,0.0,0.0,0.0,0.0,0.0,0.0,0.0,0.0,0.0,169.68402608235678,1.1166384501047766,171.2695552280971,1.9470486373118039,171.91367558070593,1.5105739978256578,0.002708731719256452
2021-06-22,170.35817265028527,170.68058195511975,168.3846585895002,169.50819396972656,8097100,0.0,0.0,169.8403533935547,172.25059814453124,36.2852558100253,-1.2868502277394214,-1.169296380282457,1.7367664167399761,-0.0027014143126210532,0.0,0.0,0.0,0.0,0.0,0.0,0.0,0.0,0.0,9196900.0,12357500.0,8906000.0,0.0,0.0,0.0,0.0,0.0,0.0,0.0,0.0,0.0,0.0,0.0,0.0,0.0,0.0,0.0,0.0,0.0,0.0,0.0,0.0,0.0,0.0,0.0,0.0,169.30951944986978,0.776466997846408,170.728022984096,1.8109511124605238,171.669429234096,1.6073596065488116,-0.010437410810204106
2021-06-23,169.62541795750968,171.41331586204618,168.96107027244273,171.29608154296875,9174200,0.0,0.0,169.9712707519531,172.20956420898438,46.709956465519674,-1.1711117016126877,-1.1696594445485031,1.7497414519438752,0.010547499394403914,0.0,0.0,0.0,0.0,0.0,0.0,0.0,0.0,0.0,8097100.0,9196900.0,12357500.0,0.0,0.0,0.0,0.0,0.0,0.0,0.0,0.0,0.0,0.0,0.0,0.0,0.0,0.0,0.0,0.0,0.0,0.0,0.0,0.0,0.0,0.0,0.0,0.0,170.25720723470053,0.9285203616255875,170.3302481515067,1.1293982350068426,171.60592324393136,1.6029733504943444,-0.014612379407843656
2021-06-24,172.0776683618817,174.13912282850154,171.73571507433445,173.83624267578125,7549400,0.0,0.0,170.61217651367187,172.28088455200196,52.42087050510592,-0.8644534303590206,-1.1086182417106065,1.7870079391304854,0.014829067366467052,0.0,0.0,0.0,0.0,0.0,0.0,0.0,0.0,0.0,9174200.0,8097100.0,9196900.0,0.0,0.0,0.0,0.0,0.0,0.0,0.0,0.0,0.0,0.0,0.0,0.0,0.0,0.0,0.0,0.0,0.0,0.0,0.0,0.0,0.0,0.0,0.0,0.0,171.54683939615884,2.174893336740432,170.61915588378906,1.6911424771336183,171.65826089041573,1.6663409691258586,-0.002355109617593776
2021-06-25,174.7155647590851,174.9695774338656,173.40639843043496,174.24661254882812,7431800,0.0,0.0,171.7708953857422,172.2471794128418,54.325795811310265,-0.5816067216367458,-1.0032159376958345,1.7403449355317961,0.0023606692524542616,0.0,0.0,0.0,0.0,0.0,0.0,0.0,0.0,0.0,7549400.0,9174200.0,8097100.0,0.0,0.0,0.0,0.0,0.0,0.0,0.0,0.0,0.0,0.0,0.0,0.0,0.0,0.0,0.0,0.0,0.0,0.0,0.0,0.0,0.0,0.0,0.0,0.0,173.12631225585938,1.5982519216263653,171.13417271205358,2.177958668331993,171.75317055838448,1.7777215358240497,0.010081151982043401
2021-06-28,174.39312582809845,174.5494481742004,170.96388821640895,172.50753784179688,9881400,0.0,0.0,172.2789337158203,172.14557266235352,50.71250701377715,-0.4921047843481574,-0.9009937070262991,1.6567722441073673,-0.009980536674960683,0.0,0.0,0.0,0.0,0.0,0.0,0.0,0.0,0.0,7431800.0,7549400.0,9174200.0,0.0,0.0,0.0,0.0,0.0,0.0,0.0,0.0,0.0,0.0,0.0,0.0,0.0,0.0,0.0,0.0,0.0,0.0,0.0,0.0,0.0,0.0,0.0,0.0,173.5301310221354,0.9090508608061696,171.4021475655692,2.2208113006950545,171.76991707938058,1.784088892334919,0.015178486443578887
2021-06-29,172.57593969710769,172.9472015855104,169.8012848146273,169.92828369140625,13498300,0.0,0.0,172.36295166015626,171.90572052001954,44.5023195247009,-0.6221266200153366,-0.8452202896241066,1.6102247379224297,-0.014951544626160107,0.0,0.0,0.0,0.0,0.0,0.0,0.0,0.0,0.0,9881400.0,7431800.0,7549400.0,0.0,0.0,0.0,0.0,0.0,0.0,0.0,0.0,0.0,0.0,0.0,0.0,0.0,0.0,0.0,0.0,0.0,0.0,0.0,0.0,0.0,0.0,0.0,0.0,172.22747802734375,2.1727439230071286,171.61289978027344,1.9474775208151667,171.62266976492745,1.8484587180912604,-0.01046832778386586
2021-06-30,169.88921682758362,171.9311274737567,169.3518679976113,171.72596740722656,7481900,0.0,0.0,172.4489288330078,171.84563674926758,48.048841250698054,-0.5735008487487789,-0.7908764014490411,1.5924069042491185,0.01057907298754901,0.0,0.0,0.0,0.0,0.0,0.0,0.0,0.0,0.0,13498300.0,9881400.0,7431800.0,0.0,0.0,0.0,0.0,0.0,0.0,0.0,0.0,0.0,0.0,0.0,0.0,0.0,0.0,0.0,0.0,0.0,0.0,0.0,0.0,0.0,0.0,0.0,0.0,171.38726298014322,1.3225651249641146,171.8641313825335,1.8082739750516759,171.5668433053153,1.8314021908716005,-0.008405732871585747
2021-07-01,171.31564204311064,173.51387518357285,170.58289766295658,173.1816864013672,5887100,0.0,0.0,172.318017578125,171.89546279907228,49.716727981435234,-0.4127423805743433,-0.7152495972741016,1.6189589163726665,0.008476988169695776,0.0,0.0,0.0,0.0,0.0,0.0,0.0,0.0,0.0,7481900.0,13498300.0,9881400.0,0.0,0.0,0.0,0.0,0.0,0.0,0.0,0.0,0.0,0.0,0.0,0.0,0.0,0.0,0.0,0.0,0.0,0.0,0.0,0.0,0.0,0.0,0.0,0.0,171.61197916666666,1.6296939244946864,172.388916015625,1.520791809649622,171.55846949986048,1.823122633492955,0.0008469995229289928
2021-07-02,173.76787003738536,174.25636624069438,170.6024092731635,173.03512573242188,11099300,0.0,0.0,172.07572021484376,171.89204330444335,47.39406618486116,-0.293779846272912,-0.6309556470738638,1.6163431370599843,-0.0008462827218672642,0.0,0.0,0.0,0.0,0.0,0.0,0.0,0.0,0.0,5887100.0,7481900.0,13498300.0,0.0,0.0,0.0,0.0,0.0,0.0,0.0,0.0,0.0,0.0,0.0,0.0,0.0,0.0,0.0,0.0,0.0,0.0,0.0,0.0,0.0,0.0,0.0,0.0,172.64759318033853,0.8015083010604279,172.6373508998326,1.4530489175869188,171.48379952566964,1.7309597160255303,0.0196903116998004
2021-07-06,172.69316061096225,172.92764413928626,168.25762194780336,169.6938018798828,11557900,0.0,0.0,171.51297302246093,171.73083953857423,44.98379703841055,-0.46377201593989525,-0.5975189208470701,1.668578574086028,-0.019310090008580194,0.0,0.0,0.0,0.0,0.0,0.0,0.0,0.0,0.0,11099300.0,5887100.0,7481900.0,0.0,0.0,0.0,0.0,0.0,0.0,0.0,0.0,0.0,0.0,0.0,0.0,0.0,0.0,0.0,0.0,0.0,0.0,0.0,0.0,0.0,0.0,0.0,0.0,171.97020467122397,1.9727841389112815,172.04557364327567,1.705082795358495,171.33236476353235,1.7915390458837566,0.005034002539458848
2021-07-07,168.88291469114893,170.3093302206868,168.0329360342074,168.84384155273438,6757300,0.0,0.0,171.29608459472655,171.55937728881835,45.68078480658102,-0.6594747160960708,-0.6099100798968703,1.782246869742418,-0.005008788286504862,0.0,0.0,0.0,0.0,0.0,0.0,0.0,0.0,0.0,11557900.0,11099300.0,5887100.0,0.0,0.0,0.0,0.0,0.0,0.0,0.0,0.0,0.0,0.0,0.0,0.0,0.0,0.0,0.0,0.0,0.0,0.0,0.0,0.0,0.0,0.0,0.0,0.0,170.52425638834634,2.2156165703242574,171.27374921526228,1.7644814873999157,171.20396096365792,1.9056510876653074,0.00011587058214024282
2021-07-08,166.26454971025925,169.75241952909505,165.90306731396268,168.82427978515625,6960100,0.0,0.0,170.7157470703125,171.40110397338867,45.65932447110247,-0.8068481439329673,-0.6492976927040898,1.8798965031445132,-0.0001158571577040135,0.0,0.0,0.0,0.0,0.0,0.0,0.0,0.0,0.0,6757300.0,11557900.0,11099300.0,0.0,0.0,0.0,0.0,0.0,0.0,0.0,0.0,0.0,0.0,0.0,0.0,0.0,0.0,0.0,0.0,0.0,0.0,0.0,0.0,0.0,0.0,0.0,0.0,169.12064107259116,0.4964681751626022,170.74756949288505,1.8806018508548334,171.07485852922713,2.005984326090928,-0.02394935153989486
2021-07-09,170.68056204012845,173.43568764667057,169.92827374995824,172.9667205810547,7873300,0.0,0.0,170.67275390625,171.42406311035157,59.905648372755905,-0.582665687506335,-0.6359712916645389,1.8968481253995195,0.024536996699586533,0.0,0.0,0.0,0.0,0.0,0.0,0.0,0.0,0.0,6960100.0,6757300.0,11557900.0,0.0,0.0,0.0,0.0,0.0,0.0,0.0,0.0,0.0,0.0,0.0,0.0,0.0,0.0,0.0,0.0,0.0,0.0,0.0,0.0,0.0,0.0,0.0,0.0,170.21161397298178,2.386012360000076,171.18163190569197,2.0064276300916086,171.3972658429827,1.9127405852108943,-0.0398091095398303
2021-07-12,173.62131094500322,180.73381380914788,173.2891222278699,180.13784790039062,21835500,0.0,0.0,172.09329833984376,171.76600952148436,67.88045466885424,0.17167164357272213,-0.4744427046170867,2.699308241431378,0.041459578439399625,0.0,0.0,0.0,0.0,0.0,0.0,0.0,0.0,0.0,7873300.0,6960100.0,6757300.0,0.0,0.0,0.0,0.0,0.0,0.0,0.0,0.0,0.0,0.0,0.0,0.0,0.0,0.0,0.0,0.0,0.0,0.0,0.0,0.0,0.0,0.0,0.0,0.0,173.97628275553384,5.723951232550508,172.3833291190011,3.957345100504318,172.1237302507673,2.9681137767625114,0.0039749895673639735
2021-07-13,179.8545158546083,181.39816553697426,177.65628309496336,179.4246368408203,12534600,0.0,0.0,174.03946533203126,172.0332160949707,67.27944304529831,0.7038259735000167,-0.23878896899366606,3.164845793060996,-0.0039592515836244235,0.0,0.0,0.0,0.9495,0.9495,1.0,286.0,1.0,0.0,21835500.0,7873300.0,6960100.0,0.0,0.0,0.0,0.0,0.0,0.0,0.0,0.0,0.0,0.0,0.0,0.0,0.0,0.0,0.0,0.0,0.0,0.0,0.0,0.0,0.0,0.0,0.0,0.0,177.50973510742188,3.950494050617091,173.27517918178015,4.784320672930942,172.83204759870256,3.4414253596364106,0.0012538266192372305
2021-07-14,180.93899651873076,182.00391469819564,177.89078488293353,179.199951171875,8787300,0.0,0.0,176.11068725585938,172.40251922607422,64.56605097898503,1.0948115521482862,0.027931135234724402,3.5459021569075224,-0.0012522565066950264,0.0,0.0,0.0,0.0,0.0,0.0,0.0,0.0,0.0,12534600.0,21835500.0,7873300.0,0.0,0.0,0.0,0.0,0.0,0.0,0.0,0.0,0.0,0.9495,0.0,0.0,0.9495,0.0,0.0,1.0,0.0,0.0,286.0,0.0,0.0,1.0,0.0,0.0,179.5874786376953,0.4896944521305135,174.15586853027344,5.275009434191012,173.39660971505302,3.799727615795786,-0.003964111643767976
2021-07-15,179.22925526478957,181.1539315118923,178.83846426250037,179.91314697265625,7867000,0.0,0.0,178.32846069335938,172.8661018371582,62.007713765743205,1.4455559120957275,0.31145609060692503,3.892673044665983,0.003979888365578832,0.0,0.0,0.0,0.0,0.0,0.0,0.0,0.0,0.0,8787300.0,12534600.0,21835500.0,0.0,0.0,0.0,0.0,0.0,0.0,0.0,0.0,0.0,0.0,0.9495,0.0,0.0,0.9495,0.0,0.0,1.0,0.0,0.0,286.0,0.0,0.0,1.0,0.0,179.51257832845053,0.36464001631496307,175.61577497209822,5.248353324666939,173.83067430768693,4.181712026160953,0.02699232777383509
2021-07-16,180.68498139854972,181.02691980254167,174.80348282804218,175.18450927734375,8348800,0.0,0.0,178.7720184326172,173.093741607666,51.583085050707346,1.3266687892137554,0.5144986303282911,3.88825012310527,-0.026282891355522642,0.0,0.0,0.0,0.0,0.0,0.0,0.0,0.0,0.0,7867000.0,8787300.0,12534600.0,0.0,0.0,0.0,0.0,0.0,0.0,0.0,0.0,0.0,0.0,0.0,0.9495,0.0,0.0,0.9495,0.0,0.0,1.0,0.0,0.0,286.0,0.0,0.0,1.0,178.09920247395834,2.549262517936656,176.5215846470424,4.356121084479374,173.89766693115234,4.196375115674222,0.036773616125381325
2021-07-19,171.6673491444067,172.41962259382169,168.1990229816161,168.97084045410156,14651800,0.0,0.0,176.5386169433594,173.11963272094727,44.81377509808318,0.7227275897830054,0.556144422219234,3.857323072658753,-0.0354692823519287,0.0,0.0,0.0,0.0,0.0,0.0,0.0,0.0,0.0,8348800.0,7867000.0,8787300.0,0.0,0.0,0.0,0.0,0.0,0.0,0.0,0.0,0.0,0.0,0.0,0.0,0.0,0.0,0.0,0.0,0.0,0.0,0.0,0.0,0.0,0.0,0.0,0.0,174.6894989013672,5.487922597918513,176.54252188546317,4.3130985105571,173.6450456891741,4.388551967353973,-0.021499200449165756
2021-07-20,169.70356577943716,173.4259041943133,168.89266035164135,172.6833953857422,8372400,0.0,0.0,175.19036865234375,173.25543518066405,53.91014160698701,0.5374763017013606,0.5524107981156594,3.7876838564890285,0.02197157167274133,0.0,0.0,0.0,0.0,0.0,0.0,0.0,0.0,0.0,14651800.0,8348800.0,7867000.0,0.0,0.0,0.0,0.0,0.0,0.0,0.0,0.0,0.0,0.0,0.0,0.0,0.0,0.0,0.0,0.0,0.0,0.0,0.0,0.0,0.0,0.0,0.0,0.0,172.27958170572916,3.1264547297789993,176.5020468575614,4.353388476188652,173.84183938162667,4.269212787881619,-0.0007915454994302795
2021-07-21,172.4391639781127,173.8069474176834,171.28632006586335,172.8201904296875,6302200,0.0,0.0,173.91441650390624,173.4210350036621,51.62979026884914,0.39712374273045725,0.521353387038619,3.6862731586979995,0.000792172540039271,0.0,0.0,0.0,0.0,0.0,0.0,0.0,0.0,0.0,8372400.0,14651800.0,8348800.0,0.0,0.0,0.0,0.0,0.0,0.0,0.0,0.0,0.0,0.0,0.0,0.0,0.0,0.0,0.0,0.0,0.0,0.0,0.0,0.0,0.0,0.0,0.0,0.0,171.4914754231771,2.184005198369953,175.45666721888952,4.211081309225707,173.9199981689453,4.2373943462318575,0.010049624306234017
2021-07-22,172.6345631453912,172.65410716857727,169.89898130048851,171.10069274902344,5713700,0.0,0.0,172.15192565917968,173.41126556396483,46.92462975139968,0.14546737878029603,0.4461761853869544,3.6924548840184204,-0.009949634220335235,0.0,0.0,0.0,0.0,0.0,0.0,0.0,0.0,0.0,6302200.0,8372400.0,14651800.0,0.0,0.0,0.0,0.0,0.0,0.0,0.0,0.0,0.0,0.0,0.0,0.0,0.0,0.0,0.0,0.0,0.0,0.0,0.0,0.0,0.0,0.0,0.0,0.0,172.20142618815103,0.9557137641691945,174.2675323486328,4.076981588573306,173.77135576520647,4.3013029857440355,-0.005734034538097177
2021-07-23,171.6184959221668,172.43916599551036,170.0259934713974,172.0874481201172,5126300,0.0,0.0,171.5325134277344,173.32382583618164,48.63342335733337,0.025358492139872624,0.3620126467375381,3.7025539642031275,0.005767103307647847,0.0,0.0,0.0,0.0,0.0,0.0,0.0,0.0,0.0,5713700.0,6302200.0,8372400.0,0.0,0.0,0.0,0.0,0.0,0.0,0.0,0.0,0.0,0.0,0.0,0.0,0.0,0.0,0.0,0.0,0.0,0.0,0.0,0.0,0.0,0.0,0.0,0.0,172.00277709960938,0.8628701841747884,173.251460484096,3.4863512636092095,173.7036645071847,4.321191579640766,-0.014546246040420097
2021-07-26,171.57939812890407,174.66669764777757,171.30584145333003,174.62762451171875,5641000,0.0,0.0,172.66387023925782,173.34287643432617,57.282982251527464,0.13360225615741683,0.3163305686215138,3.708527218398102,0.014760962634697838,0.0,0.0,0.0,0.0,0.0,0.0,0.0,0.0,0.0,5126300.0,5713700.0,6302200.0,0.0,0.0,0.0,0.0,0.0,0.0,0.0,0.0,0.0,0.0,0.0,0.0,0.0,0.0,0.0,0.0,0.0,0.0,0.0,0.0,0.0,0.0,0.0,0.0,172.60525512695312,1.8195892357682668,172.4963858468192,2.099709003793194,174.0560804094587,4.167465591470201,-0.004233947504132307
2021-07-27,174.14889196964359,175.42874960393274,172.507551924738,175.37013244628906,6684100,0.0,0.0,173.2012176513672,173.4860061645508,59.664336448074415,0.27611749333169655,0.3082879535635504,3.7297704348911873,0.0042519500373807695,0.0,0.0,0.0,0.0,0.0,0.0,0.0,0.0,0.0,5641000.0,5126300.0,5713700.0,0.0,0.0,0.0,0.0,0.0,0.0,0.0,0.0,0.0,0.0,0.0,0.0,0.0,0.0,0.0,0.0,0.0,0.0,0.0,0.0,0.0,0.0,0.0,0.0,174.02840169270834,1.7214253066691254,172.5229034423828,2.1400995718178413,174.5222440447126,3.8957371406491497,0.002233365650904373
2021-07-28,175.5557615206149,176.20058006329253,173.46499844309818,174.97933959960938,5926900,0.0,0.0,173.63304748535157,173.73855895996093,59.0154840555352,0.3534537341936925,0.31732110968957883,3.6462638391252566,-0.002228388843803719,0.0,0.0,0.0,0.0,0.0,0.0,0.0,0.0,0.0,6684100.0,5641000.0,5126300.0,0.0,0.0,0.0,0.0,0.0,0.0,0.0,0.0,0.0,0.0,0.0,0.0,0.0,0.0,0.0,0.0,0.0,0.0,0.0,0.0,0.0,0.0,0.0,0.0,174.99236551920572,0.3714253143784454,173.38126046316964,1.6196525738382577,174.9618911743164,3.533728337917249,0.0042051150381814395
2021-07-29,175.67301320311208,177.24597167216015,174.1684513624983,174.24661254882812,6209100,0.0,0.0,174.2622314453125,173.864591217041,52.08272809844261,0.3515656825652229,0.3241700242647077,3.6164788836385426,-0.0041875060933358466,0.0,0.0,0.0,0.0,0.0,0.0,0.0,0.0,0.0,5926900.0,6684100.0,5641000.0,0.0,0.0,0.0,0.0,0.0,0.0,0.0,0.0,0.0,0.0,0.0,0.0,0.0,0.0,0.0,0.0,0.0,0.0,0.0,0.0,0.0,0.0,0.0,0.0,174.86536153157553,0.5703661017209687,173.60457720075334,1.615155966076303,175.05331202915735,3.4944789042437336,0.013237162651372092
2021-07-30,173.44546807321538,175.0770436721891,171.11045671917591,171.97021484375,6813400,0.0,0.0,174.23878479003906,173.80401763916015,34.19061964676,0.16448701398891785,0.29223342220954973,3.638597116081191,-0.01306422932290996,0.0,0.0,0.0,0.0,0.0,0.0,0.0,0.0,0.0,6209100.0,5926900.0,6684100.0,0.0,0.0,0.0,0.0,0.0,0.0,0.0,0.0,0.0,0.0,0.0,0.0,0.0,0.0,0.0,0.0,0.0,0.0,0.0,0.0,0.0,0.0,0.0,0.0,173.7320556640625,1.5691668298260661,173.48315211704798,1.7129429898670228,174.46990966796875,3.253825480839696,0.002677367358039584
2021-08-02,173.1425923461708,174.70578613143317,171.27653330559755,171.51101684570312,5847200,0.0,0.0,173.61546325683594,173.72781219482422,34.53016937180723,-0.020590267662782935,0.22966868423508321,3.6713607327496933,-0.002670218202984187,0.0,0.0,0.0,0.0,0.0,0.0,0.0,0.0,0.0,6813400.0,6209100.0,5926900.0,0.0,0.0,0.0,0.0,0.0,0.0,0.0,0.0,0.0,0.0,0.0,0.0,0.0,0.0,0.0,0.0,0.0,0.0,0.0,0.0,0.0,0.0,0.0,0.0,172.5759480794271,1.4649421583605415,173.5417698451451,1.6224567144236974,173.90465109688895,3.004719713315853,0.014798531703104079
2021-08-03,171.97020394971233,172.07767370847606,166.98753681826074,169.00991821289062,9931300,0.0,0.0,172.34342041015626,173.6936180114746,31.70813612060654,-0.36487702863803406,0.11075954166045977,3.7138489222578746,-0.01458272872968025,0.0,0.0,0.0,0.0,0.0,0.0,0.0,0.0,0.0,5847200.0,6813400.0,6209100.0,0.0,0.0,0.0,0.0,0.0,0.0,0.0,0.0,0.0,0.0,0.0,0.0,0.0,0.0,0.0,0.0,0.0,0.0,0.0,0.0,0.0,0.0,0.0,0.0,170.83038330078125,1.593199784246854,173.1021227155413,2.3403630447706014,173.17679159981864,2.853738736350939,0.0023756597634585486
2021-08-04,168.53119855585263,169.2639428973998,167.39788372973976,168.60935974121094,5665800,0.0,0.0,171.06942443847657,173.68189392089843,29.47852878000566,-0.6624126080131987,-0.04387488827427191,3.730298449346636,-0.002370029380022176,0.0,0.0,0.0,0.0,0.0,0.0,0.0,0.0,0.0,9931300.0,5847200.0,6813400.0,0.0,0.0,0.0,0.0,0.0,0.0,0.0,0.0,0.0,0.0,0.0,0.0,0.0,0.0,0.0,0.0,0.0,0.0,0.0,0.0,0.0,0.0,0.0,0.0,169.71009826660156,1.5724479542177783,172.24237060546875,2.755217555412494,172.36937822614397,2.357081689285974,-0.023371593362416565
2021-08-05,168.52142378130753,173.04488843830202,168.52142378130753,172.6443328857422,8864200,0.0,0.0,170.74896850585938,173.87289657592774,45.26928526488627,-0.5660974679825586,-0.14831940421592926,3.5625085885629284,0.023930896545270697,0.0,0.0,0.0,0.0,0.0,0.0,0.0,0.0,0.0,5665800.0,9931300.0,5847200.0,0.0,0.0,0.0,0.0,0.0,0.0,0.0,0.0,0.0,0.0,0.0,0.0,0.0,0.0,0.0,0.0,0.0,0.0,0.0,0.0,0.0,0.0,0.0,0.0,170.0878702799479,2.2230019260961353,171.85297066824776,2.4105530496145238,172.1879370553153,2.217337069209478,-0.0023711544459014133
2021-08-06,173.34775804123063,174.69601235220628,172.5661760308831,173.05467224121094,5505200,0.0,0.0,170.96585998535156,173.87729415893554,59.70290697843041,-0.4514520111919751,-0.20894592561113845,3.5613852330209963,0.0023767901825095805,0.0,0.0,0.0,0.0,0.0,0.0,0.0,0.0,0.0,8864200.0,5665800.0,9931300.0,0.0,0.0,0.0,0.0,0.0,0.0,0.0,0.0,0.0,0.0,0.0,0.0,0.0,0.0,0.0,0.0,0.0,0.0,0.0,0.0,0.0,0.0,0.0,0.0,171.43612162272134,2.4566301406056406,171.57801818847656,2.0818784763840603,172.47963932582311,2.0215349110673446,0.002320093956204694
2021-08-09,172.92765519074266,173.23052045019165,171.03228754522456,172.6540985107422,5339000,0.0,0.0,171.19447631835936,173.50310668945312,49.91739164106668,-0.3884399194282935,-0.24484472437456947,3.2483775705757996,-0.002314723580016498,0.0,0.0,0.0,0.0,0.0,0.0,0.0,0.0,0.0,5505200.0,8864200.0,5665800.0,0.0,0.0,0.0,0.0,0.0,0.0,0.0,0.0,0.0,0.0,0.0,0.0,0.0,0.0,0.0,0.0,0.0,0.0,0.0,0.0,0.0,0.0,0.0,0.0,172.78436787923178,0.23414136314816963,171.35051618303572,1.8110568187799736,172.47754669189453,2.021322916466932,-0.001976719673789651
2021-08-10,172.1949222540299,173.3184576276341,171.54033909027456,172.99606323242188,5185000,0.0,0.0,171.99170532226563,173.1816780090332,50.490236109551574,-0.30736556865977605,-0.2573488932316108,2.934490234410991,0.001980634833631978,0.0,0.0,0.0,0.0,0.0,0.0,0.0,0.0,0.0,5339000.0,5505200.0,8864200.0,0.0,0.0,0.0,0.0,0.0,0.0,0.0,0.0,0.0,0.0,0.0,0.0,0.0,0.0,0.0,0.0,0.0,0.0,0.0,0.0,0.0,0.0,0.0,0.0,172.901611328125,0.21634625038266977,171.497065952846,1.9084470834306306,172.49010903494698,2.0241607495741794,-0.005727289063006347
2021-08-11,173.2793687081551,174.38337486544563,172.4489192240076,173.99256896972656,5359900,0.0,0.0,173.06834716796874,172.9213088989258,58.39950220444718,-0.16084970147883837,-0.23804905488105632,2.582282921011493,0.005760279850795635,0.0,0.0,0.0,0.0,0.0,0.0,0.0,0.0,0.0,5185000.0,5339000.0,5505200.0,0.0,0.0,0.0,0.0,0.0,0.0,0.0,0.0,0.0,0.0,0.0,0.0,0.0,0.0,0.0,0.0,0.0,0.0,0.0,0.0,0.0,0.0,0.0,0.0,173.21424357096353,0.695397575123995,171.85157339913505,2.1291873878335963,172.69667162214006,2.0190154193710486,-0.006693083938122957
2021-08-12,173.99257485716822,175.58507725720315,172.39030789980515,175.1649627685547,11081300,0.0,0.0,173.57247314453124,172.68389968872071,58.843327428661624,0.04929926902786974,-0.18057939009927113,2.0738527199195245,0.006738183163627509,0.0,0.0,0.0,0.0,0.0,0.0,0.0,0.0,0.0,5359900.0,5185000.0,5339000.0,0.0,0.0,0.0,0.0,0.0,0.0,0.0,0.0,0.0,0.0,0.0,0.0,0.0,0.0,0.0,0.0,0.0,0.0,0.0,0.0,0.0,0.0,0.0,0.0,174.05119832356772,1.0856377620129125,172.73086547851562,2.0286324040636905,172.91649409702845,2.112932767671176,-0.009885182464161923
2021-08-13,182.00390996252236,183.26423852295247,176.718392340844,176.91378784179688,32504600,0.0,0.0,174.34429626464845,172.77036361694337,56.882362344484676,0.3528914965607157,-0.07388521276727376,2.214852047210063,0.00998387488914032,0.0,0.0,0.0,0.0,0.0,0.0,0.0,0.0,0.0,11081300.0,5359900.0,5185000.0,0.0,0.0,0.0,0.0,0.0,0.0,0.0,0.0,0.0,0.0,0.0,0.0,0.0,0.0,0.0,0.0,0.0,0.0,0.0,0.0,0.0,0.0,0.0,0.0,175.35710652669272,1.4700575983541326,173.9172123500279,1.5994892019370999,173.07979147774833,2.332304389543135,0.011111813622015854
2021-08-16,176.3568860823856,176.43504726035385,172.4489166302962,174.9695587158203,8746700,0.0,0.0,174.80738830566406,173.0702995300293,48.87546113290052,0.43163189843519945,0.02721820947322088,2.07499745096053,-0.01098969814447226,0.0,0.0,0.0,0.0,0.0,0.0,0.0,0.0,0.0,32504600.0,11081300.0,5359900.0,0.0,0.0,0.0,0.0,0.0,0.0,0.0,0.0,0.0,0.0,0.0,0.0,0.0,0.0,0.0,0.0,0.0,0.0,0.0,0.0,0.0,0.0,0.0,0.0,175.68276977539062,1.0705605054458218,174.24938746861048,1.531068407999227,173.05117906842912,2.304334811971754,0.01854056031253659
2021-08-17,173.07419863902064,174.34429174747842,170.89550974932308,171.78457641601562,8534500,0.0,0.0,174.56509094238282,173.02535858154297,42.24751435549493,0.23433155235886716,0.06864087805035014,2.0934694112429306,-0.018203065282788033,0.0,0.0,0.0,0.0,0.0,0.0,0.0,0.0,0.0,8746700.0,32504600.0,11081300.0,0.0,0.0,0.0,0.0,0.0,0.0,0.0,0.0,0.0,0.0,0.0,0.0,0.0,0.0,0.0,0.0,0.0,0.0,0.0,0.0,0.0,0.0,0.0,0.0,174.55597432454428,2.589496379437873,174.0679452078683,1.7551126655369884,172.82298169817244,2.256391072242688,0.006237865095117812
2021-08-18,171.85295007572546,172.72247267938565,170.4851667354916,170.7196502685547,7063500,0.0,0.0,173.91050720214844,172.92033157348632,41.577188667213264,-0.007870309491067928,0.05333864054206653,2.156059426312239,-0.006199195350821141,0.0,0.0,0.0,0.0,0.0,0.0,0.0,0.0,0.0,8534500.0,8746700.0,32504600.0,0.0,0.0,0.0,0.0,0.0,0.0,0.0,0.0,0.0,0.0,0.0,0.0,0.0,0.0,0.0,0.0,0.0,0.0,0.0,0.0,0.0,0.0,0.0,0.0,172.49126180013022,2.211330736598685,173.79159545898438,2.1275986089200316,172.57105582101005,2.2819636274212725,0.008600381505974974
2021-08-19,169.99666024080085,170.661007849255,168.5897889432281,169.263916015625,8478600,0.0,0.0,172.7302978515625,172.8284927368164,43.27336912576555,-0.31366686177824477,-0.02006245992199572,2.273564956161963,-0.00852704566017859,0.0,0.0,0.0,0.0,0.0,0.0,0.0,0.0,0.0,7063500.0,8534500.0,8746700.0,0.0,0.0,0.0,0.0,0.0,0.0,0.0,0.0,0.0,0.0,0.0,0.0,0.0,0.0,0.0,0.0,0.0,0.0,0.0,0.0,0.0,0.0,0.0,0.0,170.5893809000651,1.2653694301664011,173.25843157087053,2.7397450775959817,172.37774876185827,2.445540228254033,-0.010678420810563916
2021-08-20,169.01967758226607,171.17883724834974,168.67772429458955,171.0908966064453,6239600,0.0,0.0,171.5657196044922,172.7786651611328,49.0222524309632,-0.40393446260131327,-0.09683686045785925,2.3014102316238825,0.010793680270587913,0.0,0.0,0.0,0.0,0.0,0.0,0.0,0.0,0.0,8478600.0,7063500.0,8534500.0,0.0,0.0,0.0,0.0,0.0,0.0,0.0,0.0,0.0,0.0,0.0,0.0,0.0,0.0,0.0,0.0,0.0,0.0,0.0,0.0,0.0,0.0,0.0,0.0,170.358154296875,0.9656469452984808,172.84390694754464,2.8282401477323305,172.34774017333984,2.4595313522347664,-0.014297010745702665
2021-08-23,173.00580663892976,174.2075030518785,171.86272738158044,173.5724639892578,7395900,0.0,0.0,171.2863006591797,172.72590713500978,60.62809367449088,-0.2720939089180945,-0.1318882701499063,2.2686547108391903,0.014504380022747565,0.0,0.0,0.0,0.0,0.0,0.0,0.0,0.0,0.0,6239600.0,8478600.0,7063500.0,0.0,0.0,0.0,0.0,0.0,0.0,0.0,0.0,0.0,0.0,0.0,0.0,0.0,0.0,0.0,0.0,0.0,0.0,0.0,0.0,0.0,0.0,0.0,0.0,171.30909220377603,2.162545583171607,172.6164071219308,2.670045444172388,172.67363630022322,2.2788797033851185,-0.004538593666919
2021-08-24,173.82648177797256,175.9367888883373,173.67015941993355,174.36383056640625,5886900,0.0,0.0,171.80215148925782,172.67559204101562,63.16489482396655,-0.10257028481919406,-0.12602467308376386,2.2175059869364246,0.004559286415369623,0.0,0.0,0.0,0.0,0.0,0.0,0.0,0.0,0.0,7395900.0,6239600.0,8478600.0,0.0,0.0,0.0,0.0,0.0,0.0,0.0,0.0,0.0,0.0,0.0,0.0,0.0,0.0,0.0,0.0,0.0,0.0,0.0,0.0,0.0,0.0,0.0,0.0,173.00906372070312,1.7076560173296957,172.25212751116072,2.098887254504934,173.08466993059432,1.9900896154476795,0.000897356830856344
2021-08-25,174.0609613824356,174.48106093898838,172.8104123618187,174.20750427246094,4842100,0.0,0.0,172.49972229003907,172.6370002746582,54.34776703940679,0.018945787932949543,-0.09703058088042119,2.1817308317551842,-0.0008965523035224798,0.0,0.0,0.0,0.0,0.0,0.0,0.0,0.0,0.0,5886900.0,7395900.0,6239600.0,0.0,0.0,0.0,0.0,0.0,0.0,0.0,0.0,0.0,0.0,0.0,0.0,0.0,0.0,0.0,0.0,0.0,0.0,0.0,0.0,0.0,0.0,0.0,0.0,174.04793294270834,0.41912113024335823,172.1432625906808,1.9488488556468748,173.19632502964564,2.0072610691773054,0.00991161818319175
2021-08-26,174.23681746047066,174.82301885152233,172.28283270059265,172.49777221679688,4563000,0.0,0.0,173.14649353027343,172.54955825805663,48.555465578071036,-0.022454100111133357,-0.08211528472656363,2.1486182790952517,-0.009814342170874735,0.0,0.0,0.0,0.0,0.0,0.0,0.0,0.0,0.0,4842100.0,5886900.0,7395900.0,0.0,0.0,0.0,0.0,0.0,0.0,0.0,0.0,0.0,0.0,0.0,0.0,0.0,0.0,0.0,0.0,0.0,0.0,0.0,0.0,0.0,0.0,0.0,0.0,173.68970235188803,1.0351968714929412,172.24514770507812,1.945611662190059,173.15654645647322,2.0157842304661737,-0.019873444115610872
2021-08-27,172.22421591350647,176.38619809422016,172.22421591350647,175.9954071044922,8697000,0.0,0.0,174.1273956298828,172.75081787109374,57.467222461684514,0.22437958662331425,-0.02081631045658805,2.2762246734909013,0.020276406139897674,0.0,0.0,0.0,0.0,0.0,0.0,0.0,0.0,0.0,4563000.0,4842100.0,5886900.0,0.0,0.0,0.0,0.0,0.0,0.0,0.0,0.0,0.0,0.0,0.0,0.0,0.0,0.0,0.0,0.0,0.0,0.0,0.0,0.0,0.0,0.0,0.0,0.0,174.23356119791666,1.748963028319732,172.9988272530692,2.25364525258285,173.39521135602678,2.1453570904154464,0.0008890304318283082
2021-08-30,176.34712101200077,177.21664361624974,174.75461869444126,175.83908081054688,6421300,0.0,0.0,174.58071899414062,172.96722106933595,56.40679136389833,0.40274029680850276,0.06389501099643012,2.3564740725389464,-0.000888240758763037,0.0,0.0,0.0,0.0,0.0,0.0,0.0,0.0,0.0,8697000.0,4563000.0,4842100.0,0.0,0.0,0.0,0.0,0.0,0.0,0.0,0.0,0.0,0.0,0.0,0.0,0.0,0.0,0.0,0.0,0.0,0.0,0.0,0.0,0.0,0.0,0.0,0.0,174.7774200439453,1.97577962825107,173.9381365094866,1.751897386253692,173.59828404017858,2.2372558924103734,-0.007280819909327052
2021-08-31,175.12588576511547,178.77006320269078,174.42245005226974,177.12872314453125,8620000,0.0,0.0,175.13369750976562,173.37316131591797,56.97522488737814,0.6407694120941301,0.17926989121597012,2.338111417190563,0.00733421903731335,0.0,0.0,0.0,0.0,0.0,0.0,0.0,0.0,0.0,6421300.0,8697000.0,4563000.0,0.0,0.0,0.0,0.0,0.0,0.0,0.0,0.0,0.0,0.0,0.0,0.0,0.0,0.0,0.0,0.0,0.0,0.0,0.0,0.0,0.0,0.0,0.0,0.0,176.3210703531901,0.7038016418465195,174.8006831577846,1.5958293391734921,173.82229505266463,2.4285970571423716,-0.011881284533866832
2021-09-01,177.77352734375893,179.97176004196083,177.5976609758886,179.258544921875,7302800,0.0,0.0,176.14390563964844,173.90562057495117,58.732753530346564,0.9898575568827255,0.34138742434932123,2.407687386599575,0.012024146843794936,0.0,0.0,0.0,0.0,0.0,0.0,0.0,0.0,0.0,8620000.0,6421300.0,8697000.0,0.0,0.0,0.0,0.0,0.0,0.0,0.0,0.0,0.0,0.0,0.0,0.0,0.0,0.0,0.0,0.0,0.0,0.0,0.0,0.0,0.0,0.0,0.0,0.0,177.40878295898438,1.7268493932359101,175.61298043387276,2.1994411717231013,174.11469377790178,2.8179122863921715,0.008907809955270407
2021-09-02,179.9229278350737,181.0366985987411,177.3729770198718,177.67584228515625,6492600,0.0,0.0,177.1795196533203,174.15719604492188,51.63727943182057,1.1258237556326378,0.49827469060598456,2.528783077912077,-0.008829161462894475,0.0,0.0,0.0,0.0,0.0,0.0,0.0,0.0,0.0,7302800.0,8620000.0,6421300.0,0.0,0.0,0.0,0.0,0.0,0.0,0.0,0.0,0.0,0.0,0.0,0.0,0.0,0.0,0.0,0.0,0.0,0.0,0.0,0.0,0.0,0.0,0.0,0.0,178.02103678385416,1.106076232572028,176.08612496512276,2.241770587472912,174.16912623814173,2.8827545069229363,0.004751361192844916
2021-09-03,177.6367732838249,177.6367732838249,175.00866122482066,176.83563232421875,6847400,0.0,0.0,177.34756469726562,174.34624404907225,54.20894425175128,1.1524947833461283,0.6291187091540134,2.5827750523989614,-0.004728892516457139,0.0,0.0,0.0,0.0,0.0,0.0,0.0,0.0,0.0,6492600.0,7302800.0,8620000.0,0.0,0.0,0.0,0.0,0.0,0.0,0.0,0.0,0.0,0.0,0.0,0.0,0.0,0.0,0.0,0.0,0.0,0.0,0.0,0.0,0.0,0.0,0.0,0.0,177.92333984375,1.23027137051265,176.4615718296596,2.0896185991292286,174.3024172101702,2.964590877261162,-0.018118601336462148
2021-09-07,176.85516322100807,181.2809374702323,175.90747942826093,180.09877014160156,10702900,0.0,0.0,178.19950256347656,174.71847763061524,68.68684928744425,1.4205643342707504,0.7874078341773607,2.8488303748839656,0.018452942851472587,0.0,0.0,0.0,0.0,0.0,0.0,0.0,0.0,0.0,6847400.0,6492600.0,7302800.0,0.0,0.0,0.0,0.0,0.0,0.0,0.0,0.0,0.0,0.0,0.0,0.0,0.0,0.0,0.0,0.0,0.0,0.0,0.0,0.0,0.0,0.0,0.0,0.0,178.2034149169922,1.6943337230916242,177.54742867606026,1.6053527074706253,174.8962881905692,3.2412606114333857,-0.004374930460756987
2021-09-08,180.0987904527994,183.14701713217718,179.6884553995167,180.89015197753906,8634000,0.0,0.0,178.95178833007813,175.1131820678711,73.14363809849208,1.6775317433118744,0.9654326160042634,3.130561380814981,0.004394154581484733,0.0,0.0,0.0,0.0,0.0,0.0,0.0,0.0,0.0,10702900.0,6847400.0,6492600.0,0.0,0.0,0.0,0.0,0.0,0.0,0.0,0.0,0.0,0.0,0.0,0.0,0.0,0.0,0.0,0.0,0.0,0.0,0.0,0.0,0.0,0.0,0.0,0.0,179.27485148111978,2.1491658554211375,178.2466779436384,1.8621369998149133,175.6227525983538,3.37032988376546,-0.004087881213195144
2021-09-09,180.89012095382262,183.26422002859186,180.32347853055916,181.6326446533203,7190700,0.0,0.0,179.42660827636718,175.49518585205078,79.09012805302132,1.9189724995367783,1.1561405927107664,3.437693209779682,0.004104660578058583,0.0,0.0,0.0,0.0,0.0,0.0,0.0,0.0,0.0,8634000.0,10702900.0,6847400.0,0.0,0.0,0.0,0.0,0.0,0.0,0.0,0.0,0.0,0.0,0.0,0.0,0.0,0.0,0.0,0.0,0.0,0.0,0.0,0.0,0.0,0.0,0.0,0.0,180.8738555908203,0.7670670984930438,179.07432992117745,1.9008119874066813,176.50623321533203,3.191636590656946,0.00972188421499709
2021-09-10,182.07230316852372,182.79528290696794,179.77636507920278,179.8838348388672,5572200,0.0,0.0,179.8682067871094,175.73112945556642,70.75651524931419,1.9467606566849724,1.3142646055056078,3.573106877852307,-0.009628279199430545,0.0,0.0,0.0,0.0,0.0,0.0,0.0,0.0,0.0,7190700.0,8634000.0,10702900.0,0.0,0.0,0.0,0.0,0.0,0.0,0.0,0.0,0.0,0.0,0.0,0.0,0.0,0.0,0.0,0.0,0.0,0.0,0.0,0.0,0.0,0.0,0.0,0.0,180.80221048990884,0.8777153415072626,179.4679173060826,1.7060701697347018,177.1343002319336,2.8954186797770296,-0.0046491321166933774
2021-09-13,180.86082313557694,181.52518570055676,179.27810026339517,180.7240447998047,6818200,0.0,0.0,180.64588928222656,175.9216423034668,68.30004060723434,2.013371994278316,1.4540860832601494,3.7372899153943684,0.004670847503835507,0.0,0.0,0.0,0.0,0.0,0.0,0.0,0.0,0.0,5572200.0,7190700.0,8634000.0,0.0,0.0,0.0,0.0,0.0,0.0,0.0,0.0,0.0,0.0,0.0,0.0,0.0,0.0,0.0,0.0,0.0,0.0,0.0,0.0,0.0,0.0,0.0,0.0,180.74684143066406,0.8746277531419601,179.6772744315011,1.7649957123566078,177.64512743268693,2.8491727266555382,0.01414476461412173
2021-09-14,180.70451261046065,180.8705995219488,177.95915156935817,178.20339965820312,6185900,0.0,0.0,180.26681518554688,176.08333435058594,59.02617853632639,1.8415388486834843,1.5315766363448167,3.7637918270392148,-0.013947480781507426,0.0,0.0,0.0,0.0,0.0,0.0,0.0,0.0,0.0,6818200.0,5572200.0,7190700.0,0.0,0.0,0.0,0.0,0.0,0.0,0.0,0.0,0.0,0.0,0.0,0.0,0.0,0.0,0.0,0.0,0.0,0.0,0.0,0.0,0.0,0.0,0.0,0.0,179.603759765625,1.283450239572598,179.7526397705078,1.6742200103580482,177.9193823678153,2.6893371491454396,-0.010899825254202078
2021-09-15,177.8712522130456,180.4114386768241,176.9333477611156,180.1671905517578,5933400,0.0,0.0,180.12222290039062,176.50246505737306,62.91286902979745,1.8425812264219985,1.5937775543602533,3.7264460289921693,0.011019940681946894,0.0,0.0,0.0,0.0,0.0,0.0,0.0,0.0,0.0,6185900.0,6818200.0,5572200.0,0.0,0.0,0.0,0.0,0.0,0.0,0.0,0.0,0.0,0.0,0.0,0.0,0.0,0.0,0.0,0.0,0.0,0.0,0.0,0.0,0.0,0.0,0.0,0.0,179.69821166992188,1.324148358824007,180.22857666015625,1.0720217897764097,178.34507424490792,2.5231323408226682,0.005836223858979972
2021-09-16,179.73730568012002,180.39188884529798,177.92986364972742,179.12179565429688,5678200,0.0,0.0,179.62005310058595,176.92257232666014,64.77771741128508,1.7390065023294028,1.6228233439540833,3.507373763890247,-0.005802359987184369,0.0,0.0,0.0,0.0,0.0,0.0,0.0,0.0,0.0,5933400.0,6185900.0,6818200.0,0.0,0.0,0.0,0.0,0.0,0.0,0.0,0.0,0.0,0.0,0.0,0.0,0.0,0.0,0.0,0.0,0.0,0.0,0.0,0.0,0.0,0.0,0.0,0.0,179.16412862141928,0.9825796295880936,180.08900887625558,1.1523269649628791,178.81821877615792,1.8818729049804643,-0.0007085063064552477
2021-09-17,178.70168120381263,181.62287890195952,178.52581482201995,179.24879455566406,10035100,0.0,0.0,179.4930450439453,177.42181625366212,58.54285732602083,1.6481714427951601,1.6278929637222987,3.0392446002954423,0.0007090086435506127,0.0,0.0,0.0,0.0,0.0,0.0,0.0,0.0,0.0,5678200.0,5933400.0,6185900.0,0.0,0.0,0.0,0.0,0.0,0.0,0.0,0.0,0.0,0.0,0.0,0.0,0.0,0.0,0.0,0.0,0.0,0.0,0.0,0.0,0.0,0.0,0.0,0.0,179.5125935872396,0.5704428715522961,179.85452924455916,1.1288939688261452,179.05060359409876,1.6984129495631233,0.0272101294920144
2021-09-20,175.6046165162632,176.71838723802722,172.4880084251925,174.5006103515625,8056600,0.0,0.0,178.24835815429688,177.59230194091796,47.16826786498282,1.1794492637127405,1.5382042237203872,2.747005451107186,-0.026489350825882774,0.0,0.0,0.0,0.0,0.0,0.0,0.0,0.0,0.0,10035100.0,5678200.0,5933400.0,0.0,0.0,0.0,0.0,0.0,0.0,0.0,0.0,0.0,0.0,0.0,0.0,0.0,0.0,0.0,0.0,0.0,0.0,0.0,0.0,0.0,0.0,0.0,0.0,177.6237335205078,2.705449302156618,178.8356672014509,2.0769610661900235,178.95499856131417,1.9167376233892977,0.043465597878482365
2021-09-21,176.17127007301477,178.03731415670129,165.1410179450972,167.23178100585938,23216000,0.0,0.0,176.0540344238281,177.27526779174804,33.28931123537377,0.21892613555829143,1.2743486060879683,3.498464504331041,-0.041655036799348566,0.0,0.0,0.0,0.0,0.0,0.0,0.0,0.0,0.0,8056600.0,10035100.0,5678200.0,0.0,0.0,0.0,0.0,0.0,0.0,0.0,0.0,0.0,0.0,0.0,0.0,0.0,0.0,0.0,0.0,0.0,0.0,0.0,0.0,0.0,0.0,0.0,0.0,173.66039530436197,6.052406517923619,177.02823093959265,4.770854958009141,178.2480741228376,3.6675567030430867,-0.014281613010109662
2021-09-22,168.96106786613632,171.305843660618,167.71051878805,169.65472412109375,14214500,0.0,0.0,173.9515411376953,177.03981246948243,33.94317675067427,-0.3428321480831471,0.9509124552537452,3.845936056183536,0.014488532626160788,0.0,0.0,0.0,0.0,0.0,0.0,0.0,0.0,0.0,23216000.0,8056600.0,10035100.0,0.0,0.0,0.0,0.0,0.0,0.0,0.0,0.0,0.0,0.0,0.0,0.0,0.0,0.0,0.0,0.0,0.0,0.0,0.0,0.0,0.0,0.0,0.0,0.0,170.46237182617188,3.701106743377914,175.4468994140625,5.160291321553868,177.56208692278182,4.306517003210819,-0.014751838862429922
2021-09-23,170.91505807353883,173.11329104083438,170.35816523278436,172.19491577148438,8052900,0.0,0.0,172.5661651611328,176.9391830444336,41.12061788186994,-0.5764128694452779,0.6454473903139406,3.9488958315780986,0.014972713925593517,0.0,0.0,0.0,0.0,0.0,0.0,0.0,0.0,0.0,14214500.0,23216000.0,8056600.0,0.0,0.0,0.0,0.0,0.0,0.0,0.0,0.0,0.0,0.0,0.0,0.0,0.0,0.0,0.0,0.0,0.0,0.0,0.0,0.0,0.0,0.0,0.0,0.0,169.69380696614584,2.4817981942579768,174.58854457310267,5.124960681548,177.17059217180525,4.53827301116702,0.0014204506378983073
2021-09-24,171.2667766129003,172.63456005702162,171.05183708486385,171.95066833496094,5712800,0.0,0.0,171.10653991699218,176.9118278503418,41.930283147517514,-0.7723330264807942,0.3618913069549936,3.983029594207636,-0.0014184358198332525,0.0,0.0,0.0,0.0,0.0,0.0,0.0,0.0,0.0,8052900.0,14214500.0,23216000.0,0.0,0.0,0.0,0.0,0.0,0.0,0.0,0.0,0.0,0.0,0.0,0.0,0.0,0.0,0.0,0.0,0.0,0.0,0.0,0.0,0.0,0.0,0.0,0.0,171.2667694091797,1.401403478906897,173.41475568498885,4.542098808921683,176.82166617257255,4.748910003134514,-0.01267805196964833
2021-09-27,172.56617340449063,175.32128423679285,171.91159028154038,174.15866088867188,7755000,0.0,0.0,171.03815002441405,176.8199905395508,39.83279749483531,-0.740894050910839,0.14133423538182707,4.026212728193525,0.012840848919585257,0.0,0.0,0.0,0.0,0.0,0.0,0.0,0.0,0.0,5712800.0,8052900.0,14214500.0,0.0,0.0,0.0,0.0,0.0,0.0,0.0,0.0,0.0,0.0,0.0,0.0,0.0,0.0,0.0,0.0,0.0,0.0,0.0,0.0,0.0,0.0,0.0,0.0,172.76808166503906,1.2104532768602534,172.7057364327567,3.8351032402570704,176.39737265450614,4.6986883415068155,0.021430175251071715
2021-09-28,173.66039619079362,173.9046442867019,169.85989641476945,170.5047149658203,9133100,0.0,0.0,171.69273681640624,176.55327224731445,33.81053506916595,-0.9993020034876565,-0.08679301239206964,4.264264843459419,-0.02098055821172906,0.0,0.0,0.0,0.0,0.0,0.0,0.0,0.0,0.0,7755000.0,5712800.0,8052900.0,0.0,0.0,0.0,0.0,0.0,0.0,0.0,0.0,0.0,0.0,0.0,0.0,0.0,0.0,0.0,0.0,0.0,0.0,0.0,0.0,0.0,0.0,0.0,0.0,172.20468139648438,1.8401690624367921,171.45658220563615,2.5611938328579797,175.65555572509766,4.7543016416222414,0.01065556237413956
2021-09-29,170.2409317873426,170.93460297554356,168.61912076749812,168.70704650878906,6240800,0.0,0.0,171.50320129394532,176.13218841552734,30.492520718976337,-1.3337740711273796,-0.33618922413913166,4.6065229562634125,-0.010543218452296887,0.0,0.0,0.0,0.0,0.0,0.0,0.0,0.0,0.0,9133100.0,7755000.0,5712800.0,0.0,0.0,0.0,0.0,0.0,0.0,0.0,0.0,0.0,0.0,0.0,0.0,0.0,0.0,0.0,0.0,0.0,0.0,0.0,0.0,0.0,0.0,0.0,0.0,171.12347412109375,2.7779798426037074,170.6289302280971,2.3401234910573807,174.732298714774,4.759335219153671,0.02074837009998287
2021-09-30,169.11738937433017,169.6840318440888,165.20941979810274,165.27780151367188,13978000,0.0,0.0,170.11977844238282,175.4331512451172,29.020521827865977,-1.854183137166416,-0.6397880067445886,5.137332770402312,-0.020326625746118654,0.0,0.0,0.0,0.0,0.0,0.0,0.0,0.0,0.0,6240800.0,9133100.0,7755000.0,0.0,0.0,0.0,0.0,0.0,0.0,0.0,0.0,0.0,0.0,0.0,0.0,0.0,0.0,0.0,0.0,0.0,0.0,0.0,0.0,0.0,0.0,0.0,0.0,168.1631876627604,2.6555588662964134,170.34979030064173,2.8695408955350414,173.6890106201172,5.129683036219905,-0.03886145372164529
2021-10-01,168.31625633372104,173.24030657856676,168.01339106262284,171.96043395996094,12165000,0.0,0.0,170.12173156738282,175.14738082885742,39.221369438514,-1.707693257154915,-0.853369056826654,5.164903726154792,0.04043272832217748,0.0,0.0,0.0,0.5803,0.5803,1.0,32.0,1.0,0.0,13978000.0,6240800.0,9133100.0,0.0,0.0,0.0,0.0,0.0,0.0,0.0,0.0,0.0,0.0,0.0,0.0,0.0,0.0,0.0,0.0,0.0,0.0,0.0,0.0,0.0,0.0,0.0,0.0,168.64842732747397,3.341701850758464,170.6791774204799,2.9085269635801194,173.0630384172712,4.723817876182469,0.014700809727644426
2021-10-04,171.52077595900235,171.91158184677474,168.69726864112315,169.46910095214844,7200600,0.0,0.0,169.18381958007814,174.7790542602539,39.24966992763762,-1.7721999072602443,-1.0371352269133722,5.299095054482454,-0.014487826940426163,0.0,0.0,0.0,0.0,0.0,0.0,0.0,0.0,0.0,12165000.0,13978000.0,6240800.0,0.0,0.0,0.0,0.0,0.0,0.0,0.0,0.0,0.0,0.5803,0.0,0.0,0.5803,0.0,0.0,1.0,0.0,0.0,32.0,0.0,0.0,1.0,0.0,0.0,168.9024454752604,3.377161222856321,170.28977530343192,2.8537273531415153,172.4391599382673,4.566869413162864,-0.006586070664481025
2021-10-05,169.8305832623045,172.18513842130469,169.6156437510759,170.59263610839844,6798200,0.0,0.0,169.20140380859374,174.30374755859376,37.9665683246728,-1.71291655904065,-1.172291493338828,5.222603455443652,0.00662973456481164,0.0,0.0,0.0,0.0,0.0,0.0,0.0,0.0,0.0,7200600.0,12165000.0,13978000.0,0.0,0.0,0.0,0.0,0.0,0.0,0.0,0.0,0.0,0.0,0.5803,0.0,0.0,0.5803,0.0,0.0,1.0,0.0,0.0,32.0,0.0,0.0,1.0,0.0,170.67405700683594,1.247660635341597,170.09577069963728,2.7668349347632093,171.75526319231307,4.002605281783787,-0.004957784867702042
2021-10-06,169.01967486465736,171.66733066615373,167.6030389528271,171.44261169433594,6005200,0.0,0.0,169.74851684570314,173.83137054443358,40.301053684039715,-1.5791447544742994,-1.2536621455659223,5.018800048434352,0.004982486966186528,0.0,0.0,0.0,0.0,0.0,0.0,0.0,0.0,0.0,6798200.0,7200600.0,12165000.0,0.0,0.0,0.0,0.0,0.0,0.0,0.0,0.0,0.0,0.0,0.0,0.5803,0.0,0.0,0.5803,0.0,0.0,1.0,0.0,0.0,32.0,0.0,0.0,1.0,170.50144958496094,0.9899102984235634,169.707763671875,2.2429634838405543,171.20675005231584,3.3955950501762335,-0.012548723692370034
2021-10-07,173.61155842501176,175.49716163856155,173.25007598264978,173.621337890625,7780000,0.0,0.0,171.41722412109374,173.43080520629883,43.242638105041515,-1.2825403135348665,-1.2594377791597111,4.671041294865892,0.012708195324121041,0.0,0.0,0.0,0.0,0.0,0.0,0.0,0.0,0.0,6005200.0,6798200.0,7200600.0,0.0,0.0,0.0,0.0,0.0,0.0,0.0,0.0,0.0,0.0,0.0,0.0,0.0,0.0,0.0,0.0,0.0,0.0,0.0,0.0,0.0,0.0,0.0,0.0,171.88552856445312,1.5621748099337647,170.15299551827567,2.6919207256917224,170.80478886195593,2.6133472514626654,0.005488346939027888
2021-10-08,173.83625347241477,174.49085151011485,172.34145626812906,172.67364501953125,4132200,0.0,0.0,171.55986633300782,173.07029571533204,47.58586732714631,-1.111141504070872,-1.2297785241419432,4.418181735061456,-0.005458389404249142,0.0,0.0,0.0,0.0,0.0,0.0,0.0,0.0,0.0,7780000.0,6005200.0,6798200.0,0.0,0.0,0.0,0.0,0.0,0.0,0.0,0.0,0.0,0.0,0.0,0.0,0.0,0.0,0.0,0.0,0.0,0.0,0.0,0.0,0.0,0.0,0.0,0.0,172.5791982014974,1.0924294534095973,170.7196524483817,2.7535984939571154,170.67429133823939,2.4554445397364586,0.01855696344493052
2021-10-11,171.97020621680997,172.45870241622663,169.4886371754495,169.52772521972656,8046300,0.0,0.0,171.57159118652345,172.51047973632814,53.40482391728875,-1.2151486715228543,-1.2268525536181256,4.094851190007986,-0.018218876421175034,0.0,0.0,0.0,0.0,0.0,0.0,0.0,0.0,0.0,4132200.0,7780000.0,6005200.0,0.0,0.0,0.0,0.0,0.0,0.0,0.0,0.0,0.0,0.0,0.0,0.0,0.0,0.0,0.0,0.0,0.0,0.0,0.0,0.0,0.0,0.0,0.0,0.0,171.94090270996094,2.142918487486418,171.32678440638952,1.56633927876993,170.83828735351562,2.278105037653819,0.0022525531566912615
2021-10-12,169.62543003229365,170.47542362927524,168.58005582808897,169.14671325683594,5188400,0.0,0.0,171.28240661621095,172.05764541625976,49.19806628303855,-1.3131820371187075,-1.244118450318242,3.929595722884449,-0.002247490564724952,0.0,0.0,0.0,0.0,0.0,0.0,0.0,0.0,0.0,8046300.0,4132200.0,7780000.0,0.0,0.0,0.0,0.0,0.0,0.0,0.0,0.0,0.0,0.0,0.0,0.0,0.0,0.0,0.0,0.0,0.0,0.0,0.0,0.0,0.0,0.0,0.0,0.0,170.4493611653646,1.9356837362793886,170.92482430594308,1.7291957389309913,170.8020008632115,2.302324584175821,0.000982995514033247
2021-10-13,169.63518917499357,169.703570888557,167.00707732683043,168.98060607910156,8914700,0.0,0.0,170.79000549316407,171.49831619262696,44.514836160893076,-1.3882744826085798,-1.2729496567763097,3.4856034252974917,-0.0009820301827688782,0.0,0.0,0.0,0.0,0.0,0.0,0.0,0.0,0.0,5188400.0,8046300.0,4132200.0,0.0,0.0,0.0,0.0,0.0,0.0,0.0,0.0,0.0,0.0,0.0,0.0,0.0,0.0,0.0,0.0,0.0,0.0,0.0,0.0,0.0,0.0,0.0,0.0,169.21834818522134,0.2805058122987168,170.85503932407923,1.805891831670525,170.57240731375558,2.312979474255833,-0.008313756575757836
2021-10-14,170.06507347776312,171.97020566786261,169.99667685435708,170.39724731445312,7450200,0.0,0.0,170.1451873779297,171.06208877563478,47.45110390823223,-1.318278385712432,-1.2820154025635342,2.992343034758896,0.008383454576369687,0.0,0.0,0.0,0.0,0.0,0.0,0.0,0.0,0.0,8914700.0,5188400.0,8046300.0,0.0,0.0,0.0,0.0,0.0,0.0,0.0,0.0,0.0,0.0,0.0,0.0,0.0,0.0,0.0,0.0,0.0,0.0,0.0,0.0,0.0,0.0,0.0,0.0,169.50818888346353,0.7744136936477714,170.8271266392299,1.8121228847595345,170.4614486694336,2.2787829869431344,-0.011617384814786358
2021-10-15,171.64779712711876,174.77416982531744,170.09438278909954,172.40008544921875,13943900,0.0,0.0,170.0904754638672,170.7196533203125,47.09492255479442,-1.088644459892663,-1.24334121402936,2.323235750144633,0.011753934798427679,0.0,0.0,0.0,0.0,0.0,0.0,0.0,0.0,0.0,7450200.0,8914700.0,5188400.0,0.0,0.0,0.0,0.0,0.0,0.0,0.0,0.0,0.0,0.0,0.0,0.0,0.0,0.0,0.0,0.0,0.0,0.0,0.0,0.0,0.0,0.0,0.0,0.0,170.59264628092447,1.718093524153458,170.96390860421317,1.9003135057171212,170.33583613804407,2.100826027612455,0.031085764535721205
2021-10-18,168.39440072234493,169.3518490436783,165.89330271118507,167.2024688720703,20494800,0.0,0.0,169.62542419433595,170.3547462463379,44.809575385583585,-1.3109503194941965,-1.2568630351223273,2.270669615847344,-0.030148573091510533,0.0,0.0,0.0,0.0,0.0,0.0,0.0,0.0,0.0,13943900.0,7450200.0,8914700.0,0.0,0.0,0.0,0.0,0.0,0.0,0.0,0.0,0.0,0.0,0.0,0.0,0.0,0.0,0.0,0.0,0.0,0.0,0.0,0.0,0.0,0.0,0.0,0.0,169.99993387858072,2.621487744679695,170.04692731584822,1.9522493088677448,170.09996141706193,2.259776434940284,-0.00023375180867968304
2021-10-19,167.4955894697994,167.63236781767998,166.26456943115238,167.24156188964844,9669500,0.0,0.0,169.24439392089843,170.35523529052733,47.56178180178644,-1.4670634409194463,-1.298903116281751,2.2699625517955453,0.0002338064613629509,0.0,0.0,0.0,0.0,0.0,0.0,0.0,0.0,0.0,20494800.0,13943900.0,7450200.0,0.0,0.0,0.0,0.0,0.0,0.0,0.0,0.0,0.0,0.0,0.0,0.0,0.0,0.0,0.0,0.0,0.0,0.0,0.0,0.0,0.0,0.0,0.0,0.0,168.94803873697916,2.989624047203785,169.27091544015067,1.808440048078094,169.9952839442662,2.360940110293822,0.003693954352584905
2021-10-20,167.03638786580356,167.0852404661911,165.97146975286998,166.6260528564453,9737600,0.0,0.0,168.7734832763672,170.20380172729492,52.47488811620118,-1.6217560550446706,-1.363473704034335,2.4155125095409526,-0.0036803592734278023,0.0,0.0,0.0,0.0,0.0,0.0,0.0,0.0,0.0,9669500.0,20494800.0,13943900.0,0.0,0.0,0.0,0.0,0.0,0.0,0.0,0.0,0.0,0.0,0.0,0.0,0.0,0.0,0.0,0.0,0.0,0.0,0.0,0.0,0.0,0.0,0.0,0.0,167.0233612060547,0.3446338774816275,168.85639081682478,2.0554506653185176,170.09158761160714,2.17379025151375,-0.0046106922081744495
2021-10-21,166.28410219385177,168.53118767776616,166.18641189925077,167.3978729248047,7509000,0.0,0.0,168.1736083984375,169.96394958496094,39.303733169258955,-1.6629027295466585,-1.4233595091367999,2.4453762308235496,0.004632049161149565,0.0,0.0,0.0,0.0,0.0,0.0,0.0,0.0,0.0,9737600.0,9669500.0,20494800.0,0.0,0.0,0.0,0.0,0.0,0.0,0.0,0.0,0.0,0.0,0.0,0.0,0.0,0.0,0.0,0.0,0.0,0.0,0.0,0.0,0.0,0.0,0.0,0.0,167.08849589029947,0.4080422215877639,168.60655648367745,2.1195648763124373,169.76569039481026,2.213704152038934,0.011332774011115543
2021-10-22,166.64559914349968,166.8703032190722,164.72092294228756,165.5220489501953,7854300,0.0,0.0,166.79800109863282,169.64251861572265,40.47172466225923,-1.825828073874078,-1.5038532220842555,2.5887866065731573,-0.011205781422634953,0.0,0.0,0.0,0.8437,0.8437,1.0,29.0,1.0,0.0,7509000.0,9737600.0,9669500.0,0.0,0.0,0.0,0.0,0.0,0.0,0.0,0.0,0.0,0.0,0.0,0.0,0.0,0.0,0.0,0.0,0.0,0.0,0.0,0.0,0.0,0.0,0.0,0.0,166.51532491048178,0.942801360013339,168.1124768938337,2.402110277997011,169.48375810895647,2.4886518587915796,-0.015057267063307678
2021-10-25,165.99100512754373,168.59958799096455,165.14102649808015,168.05245971679688,9798700,0.0,0.0,166.96799926757814,169.33720855712892,44.257979598552154,-1.730812848602568,-1.5492451473879183,2.379771853594393,0.015287454346115226,0.0,0.0,0.0,0.0,0.0,0.0,0.0,0.0,0.0,7854300.0,7509000.0,9737600.0,0.0,0.0,0.0,0.0,0.0,0.0,0.0,0.0,0.0,0.8437,0.0,0.0,0.8437,0.0,0.0,1.0,0.0,0.0,29.0,0.0,0.0,1.0,0.0,0.0,166.99079386393228,1.3134038538408679,167.77750723702567,2.183987035053096,169.3023169381278,2.494180257760311,-0.00017439210371439362
2021-10-26,168.9708385437209,169.1369254686382,166.78238503166125,168.08177185058594,5850200,0.0,0.0,167.13604125976562,169.2160614013672,42.110157470160914,-1.634308067718905,-1.5662577314541157,2.3788817017871673,0.00017442252162491734,0.0,0.0,0.0,0.0,0.0,0.0,0.0,0.0,0.0,9798700.0,7854300.0,7509000.0,0.0,0.0,0.0,0.0,0.0,0.0,0.0,0.0,0.0,0.0,0.8437,0.0,0.0,0.8437,0.0,0.0,1.0,0.0,0.0,29.0,0.0,0.0,1.0,0.0,167.21876017252603,1.4694681110130636,167.16060529436385,0.8830975592464607,169.0622569492885,2.433329826018816,0.014685825634503047
2021-10-27,167.8180028726429,168.0817801093256,165.53182913400389,165.64907836914062,7054700,0.0,0.0,166.94064636230468,169.06316299438475,31.50501534906377,-1.7341353340054582,-1.5998332519643843,2.5080837537957428,-0.014473273661154806,0.0,0.0,0.0,0.0,0.0,0.0,0.0,0.0,0.0,5850200.0,9798700.0,7854300.0,0.0,0.0,0.0,0.0,0.0,0.0,0.0,0.0,0.0,0.0,0.0,0.8437,0.0,0.0,0.8437,0.0,0.0,1.0,0.0,0.0,29.0,0.0,0.0,1.0,167.26110331217447,1.3961314812794314,166.9386923653739,1.0501913670888803,168.49280984061105,2.206616125074298,-0.0007660870220734806
2021-10-28,165.58068175555744,166.43067535256105,164.72093850823128,165.7760772705078,7884500,0.0,0.0,166.6162872314453,169.08807678222655,33.364760918509816,-1.7824543871521712,-1.6363574790019417,2.470699403269266,0.0007666743613519156,0.0,0.0,0.0,0.0,0.0,0.0,0.0,0.0,0.0,7054700.0,5850200.0,9798700.0,0.0,0.0,0.0,0.0,0.0,0.0,0.0,0.0,0.0,0.0,0.0,0.0,0.0,0.0,0.0,0.0,0.0,0.0,0.0,0.0,0.0,0.0,0.0,0.0,166.50230916341147,1.36932792470235,166.72933741978235,1.1232800854653704,168.0001264299665,1.9572733637367765,0.0036078629167284326
2021-10-29,165.1312773980798,166.5381489907609,164.28128378133013,165.1801300048828,7598800,0.0,0.0,166.54790344238282,168.74906158447266,38.04411680782568,-1.8475382774776676,-1.678593638697087,2.5205026801987587,-0.003594893035456237,0.0,0.0,0.0,0.0,0.0,0.0,0.0,0.0,0.0,7884500.0,7054700.0,5850200.0,0.0,0.0,0.0,0.0,0.0,0.0,0.0,0.0,0.0,0.0,0.0,0.0,0.0,0.0,0.0,0.0,0.0,0.0,0.0,0.0,0.0,0.0,0.0,0.0,165.53509521484375,0.3138987184575549,166.5227770124163,1.2689401353449532,167.68958391462053,2.0394315928784588,-0.00658073746289678
2021-11-01,165.31688939746914,167.3099473200155,165.19964017304582,166.2743377685547,8182900,0.0,0.0,166.19227905273436,168.58932342529297,42.39912008682843,-1.7901881331665095,-1.7009125375909715,2.5731530641669087,0.006624330442405624,0.0,0.0,0.0,0.0,0.0,0.0,0.0,0.0,0.0,7598800.0,7884500.0,7054700.0,0.0,0.0,0.0,0.0,0.0,0.0,0.0,0.0,0.0,0.0,0.0,0.0,0.0,0.0,0.0,0.0,0.0,0.0,0.0,0.0,0.0,0.0,0.0,0.0,165.74351501464844,0.5478301588085105,166.36227199009485,1.209466174889718,167.48441423688615,2.0260045422370356,0.002119753667150892
2021-11-02,166.11801818100378,166.919159112434,165.09217316956892,165.92262268066406,6777200,0.0,0.0,165.76044921875,168.35582275390624,41.98668018693801,-1.7529117236015566,-1.7113123747930887,2.5936034374606987,-0.0021152698162009154,0.0,0.0,0.0,0.0,0.0,0.0,0.0,0.0,0.0,8182900.0,7598800.0,7884500.0,0.0,0.0,0.0,0.0,0.0,0.0,0.0,0.0,0.0,0.0,0.0,0.0,0.0,0.0,0.0,0.0,0.0,0.0,0.0,0.0,0.0,0.0,0.0,0.0,165.79236348470053,0.5586127917618515,166.41949680873327,1.1719815533703208,167.2659868512835,2.0171129937570114,-0.0014699841954660675
2021-11-03,165.7956234573217,166.27435514675966,164.4962216497522,166.16688537597656,6829300,0.0,0.0,165.8640106201172,168.09203643798827,38.18878952996459,-1.6842450142183338,-1.705898902678138,2.530657429641321,0.0014721482300976696,0.0,0.0,0.0,0.0,0.0,0.0,0.0,0.0,0.0,6777200.0,8182900.0,7598800.0,0.0,0.0,0.0,0.0,0.0,0.0,0.0,0.0,0.0,0.0,0.0,0.0,0.0,0.0,0.0,0.0,0.0,0.0,0.0,0.0,0.0,0.0,0.0,0.0,166.12128194173178,0.18023770602701042,166.15012904575892,0.9247140371830904,166.9638181413923,1.819100194730137,-0.0011743861644762932
2021-11-04,166.11801081960158,166.49903724608149,164.78930060536288,166.3622589111328,7505500,0.0,0.0,165.9812469482422,167.72908248901368,31.249899306374914,-1.5956672816780042,-1.683852578478111,2.1940656548077833,0.0011757669689371752,0.0,0.0,0.0,0.0,0.0,0.0,0.0,0.0,0.0,6829300.0,6777200.0,8182900.0,0.0,0.0,0.0,0.0,0.0,0.0,0.0,0.0,0.0,0.0,0.0,0.0,0.0,0.0,0.0,0.0,0.0,0.0,0.0,0.0,0.0,0.0,0.0,0.0,166.1505889892578,0.22027070379528815,165.90448434012276,0.4127029213761215,166.5325448172433,0.9291662716040721,-0.030461790683868117
2021-11-05,169.50817387321453,172.91788256459049,168.36509460489796,171.58917236328125,16859200,0.0,0.0,167.26305541992187,167.67485885620118,63.59789651130781,-1.0911227738847344,-1.5653066175594357,2.0756400284535177,0.03141886559102658,0.0,0.0,0.0,0.0,0.0,0.0,0.0,0.0,0.0,7505500.0,6829300.0,6777200.0,0.0,0.0,0.0,0.0,0.0,0.0,0.0,0.0,0.0,0.0,0.0,0.0,0.0,0.0,0.0,0.0,0.0,0.0,0.0,0.0,0.0,0.0,0.0,0.0,168.03943888346353,3.0757110621552464,166.75306919642858,2.169167048663425,166.84588078090124,1.6401154138127418,-0.007010892331993257
2021-11-08,174.5787926902837,175.12590610655255,172.04838568617913,172.8006591796875,10584600,0.0,0.0,168.56831970214844,167.83850555419923,66.06445695740938,-0.586747099816165,-1.3695947140107816,2.341417242729931,0.0070603919799865356,0.0,0.0,0.0,0.0,0.0,0.0,0.0,0.0,0.0,16859200.0,7505500.0,6829300.0,0.0,0.0,0.0,0.0,0.0,0.0,0.0,0.0,0.0,0.0,0.0,0.0,0.0,0.0,0.0,0.0,0.0,0.0,0.0,0.0,0.0,0.0,0.0,0.0,170.25069681803384,3.4215328572805674,167.75658089773995,3.076829952772338,167.24295915876115,2.288182791290905,0.010050861694827384
2021-11-09,172.8788087464702,173.04489567183444,169.22486657301368,171.08114624023438,7293300,0.0,0.0,169.6000244140625,167.93522720336915,62.10197075820265,-0.32206352014827644,-1.1600884752382807,2.4363331924024605,-0.009950847106810379,0.0,0.0,0.0,0.0,0.0,0.0,0.0,0.0,0.0,10584600.0,16859200.0,7505500.0,0.0,0.0,0.0,0.0,0.0,0.0,0.0,0.0,0.0,0.0,0.0,0.0,0.0,0.0,0.0,0.0,0.0,0.0,0.0,0.0,0.0,0.0,0.0,0.0,171.82365926106772,0.8834134174677918,168.5995832170759,3.0616270317712297,167.5611801147461,2.4961285243912803,0.003783355260183363
2021-11-10,170.6708086213526,172.80064494606734,169.869667679433,170.4363250732422,11045800,0.0,0.0,170.45391235351562,168.00801315307618,58.311101168315574,-0.16245883122098803,-0.9605625464348222,2.4903538824305174,-0.0037690954331502935,0.0,0.0,0.0,0.0,0.0,0.0,0.0,0.0,0.0,7293300.0,10584600.0,16859200.0,0.0,0.0,0.0,0.0,0.0,0.0,0.0,0.0,0.0,0.0,0.0,0.0,0.0,0.0,0.0,0.0,0.0,0.0,0.0,0.0,0.0,0.0,0.0,0.0,171.4393768310547,1.2221971235750162,169.19415283203125,2.936370309048299,167.77821241106307,2.610318223758162,0.07612108280004404
2021-11-11,159.14230195316358,160.18769104593153,154.68721870008125,158.3802490234375,62366500,0.0,0.0,168.85751037597657,167.40716323852538,37.4527983735243,-0.9972993002085389,-0.9679098971895655,3.2249061724151886,-0.07073654072641966,0.0,0.0,0.0,0.0,0.0,0.0,0.0,0.0,0.0,11045800.0,7293300.0,10584600.0,0.0,0.0,0.0,0.0,0.0,0.0,0.0,0.0,0.0,0.0,0.0,0.0,0.0,0.0,0.0,0.0,0.0,0.0,0.0,0.0,0.0,0.0,0.0,0.0,166.63257344563803,7.153991358765121,168.1166708809989,4.997406962912043,167.26808384486608,3.5966555201377415,0.015535938512944769
2021-11-12,159.75780585330742,159.84573159389313,155.2733992830571,155.95730590820312,25638400,0.0,0.0,165.73113708496095,166.58502426147462,28.669862773358076,-1.8332945680071475,-1.140986831353082,3.908506831109255,-0.015298265599240302,0.0,0.0,0.0,0.0,0.0,0.0,0.0,0.0,0.0,62366500.0,11045800.0,7293300.0,0.0,0.0,0.0,0.0,0.0,0.0,0.0,0.0,0.0,0.0,0.0,0.0,0.0,0.0,0.0,0.0,0.0,0.0,0.0,0.0,0.0,0.0,0.0,0.0,161.59129333496094,7.755230697620657,166.65815952845983,6.819117288738428,166.40414428710938,4.682504854723536,0.007574341599907886
2021-11-15,156.40672321092987,157.02223324642026,154.03263863013368,154.784912109375,21285300,0.0,0.0,162.12798767089845,165.96414642333986,27.45939357695032,-2.560908661282838,-1.4249711973390333,4.70947371338914,-0.007517402227492975,0.0,0.0,0.0,0.0,0.0,0.0,0.0,0.0,0.0,25638400.0,62366500.0,11045800.0,0.0,0.0,0.0,0.0,0.0,0.0,0.0,0.0,0.0,0.0,0.0,0.0,0.0,0.0,0.0,0.0,0.0,0.0,0.0,0.0,0.0,0.0,0.0,0.0,156.37415568033853,1.83355792949187,165.00425284249442,8.172522656272536,165.4543685913086,5.578800258632336,-0.0025183893753880637
2021-11-16,155.40040903429121,156.55326782035016,154.90214827618735,155.1757049560547,15516200,0.0,0.0,158.9468994140625,165.36085357666016,30.925211303537324,-3.070618180652275,-1.7541005940016818,5.2759790527064006,0.0025247476731036222,0.0,0.0,0.0,0.0,0.0,0.0,0.0,0.0,0.0,21285300.0,25638400.0,62366500.0,0.0,0.0,0.0,0.0,0.0,0.0,0.0,0.0,0.0,0.0,0.0,0.0,0.0,0.0,0.0,0.0,0.0,0.0,0.0,0.0,0.0,0.0,0.0,0.0,155.30597432454428,0.5969542580114826,162.6594717843192,8.321598007485113,164.7062704903739,6.216461173014194,0.009534074025321582
2021-11-17,155.0780037716974,155.23432613787875,153.14356294029773,153.71022033691406,14695500,0.0,0.0,155.60167846679687,164.7150619506836,29.046461194716443,-3.5518752018486452,-2.1136555155710743,5.869989390796546,-0.00944403390695503,0.0,0.0,0.0,0.9089,0.9089000000000002,1.0,82.0,1.0,0.0,15516200.0,21285300.0,25638400.0,0.0,0.0,0.0,0.0,0.0,0.0,0.0,0.0,0.0,0.0,0.0,0.0,0.0,0.0,0.0,0.0,0.0,0.0,0.0,0.0,0.0,0.0,0.0,0.0,154.55694580078125,0.7588726972458615,159.93226623535156,7.535204369333576,163.84442356654577,6.859842869089217,0.0112482010748578
2021-11-18,153.47574152485328,153.68091650026443,150.17351715674317,152.00048828125,14487700,0.0,0.0,154.3257263183594,163.94519271850587,27.964677807705584,-4.024840095239512,-2.495892431504762,6.477847553871279,-0.011123086362875179,0.0,0.0,0.0,0.0,0.0,0.0,0.0,0.0,0.0,14695500.0,15516200.0,21285300.0,0.0,0.0,0.0,0.0,0.0,0.0,0.0,0.0,0.0,0.9089,0.0,0.0,0.9089000000000002,0.0,0.0,1.0,0.0,0.0,82.0,0.0,0.0,1.0,0.0,0.0,153.6288045247396,1.5891732548227226,157.20645795549666,6.1546891341203445,162.90302058628626,7.53368901262958,0.01025978924254023
2021-11-19,151.45336932966686,151.6390002749561,149.25513638166086,150.4568328857422,16776500,0.0,0.0,153.2256317138672,163.1919319152832,23.945940294245986,-4.472670113404035,-2.891247967884617,7.128109693844016,-0.010155594978428995,0.0,0.0,0.0,0.0,0.0,0.0,0.0,0.0,0.0,14487700.0,14695500.0,15516200.0,0.0,0.0,0.0,0.0,0.0,0.0,0.0,0.0,0.0,0.0,0.9089,0.0,0.0,0.9089000000000002,0.0,0.0,1.0,0.0,0.0,82.0,0.0,0.0,1.0,0.0,152.05584716796875,1.6274000527267756,154.3522447858538,2.6071540975638188,161.7731988089425,8.150058796678321,-0.0010378313013527096
2021-11-22,149.70453328539256,152.23495479616602,149.05972966568535,150.61314392089844,12790400,0.0,0.0,152.3912780761719,162.3199661254883,24.61936201968075,-4.760094231800764,-3.2650172206678465,7.5560491572504676,0.0010389095141658533,0.0,0.0,0.0,0.0,0.0,0.0,0.0,0.0,0.0,16776500.0,14487700.0,14695500.0,0.0,0.0,0.0,0.0,0.0,0.0,0.0,0.0,0.0,0.0,0.0,0.9089,0.0,0.0,0.9089000000000002,0.0,0.0,1.0,0.0,0.0,82.0,0.0,0.0,1.0,151.02348836263022,0.849708724014069,153.24265834263392,2.233132984028539,160.6796646118164,8.56689795368035,0.02072434056260608
2021-11-23,150.3005067727243,150.70107723333692,146.73449048685526,147.55516052246094,17382900,0.0,0.0,150.86716918945314,161.29363555908202,21.77773664360582,-5.1749796756416515,-3.6470097116626077,8.106260378379261,-0.0203035626163115,0.0,0.0,0.0,0.0,0.0,0.0,0.0,0.0,0.0,12790400.0,16776500.0,14487700.0,0.0,0.0,0.0,0.0,0.0,0.0,0.0,0.0,0.0,0.0,0.0,0.0,0.0,0.0,0.0,0.0,0.0,0.0,0.0,0.0,0.0,0.0,0.0,0.0,149.54171244303384,1.7221787609819308,152.04235185895647,2.7329613978262333,159.35025569370814,9.078686155408516,-0.0020483953393717336
2021-11-24,147.2229931039311,147.9264288530387,145.376477989454,147.8580322265625,14123700,0.0,0.0,149.6967315673828,160.40408325195312,22.031923505358634,-5.4168975407095274,-4.0009872774719915,8.566265469589968,0.002052599875389971,0.0,0.0,0.0,0.0,0.0,0.0,0.0,0.0,0.0,17382900.0,12790400.0,16776500.0,0.0,0.0,0.0,0.0,0.0,0.0,0.0,0.0,0.0,0.0,0.0,0.0,0.0,0.0,0.0,0.0,0.0,0.0,0.0,0.0,0.0,0.0,0.0,0.0,148.67544555664062,1.684915140421703,151.05279758998327,2.826860405473662,158.02852521623885,9.323000757992707,0.02180811503442981
2021-11-26,143.42248912670598,145.42532655373785,142.4943493164389,144.7023468017578,12027700,0.0,0.0,148.2371032714844,159.35039672851562,6.647787802219696,-5.79643889291853,-4.3600776005613,9.147096979332119,-0.02134267159709824,0.0,0.0,0.0,0.0,0.0,0.0,0.0,0.0,0.0,14123700.0,17382900.0,12790400.0,0.0,0.0,0.0,0.0,0.0,0.0,0.0,0.0,0.0,0.0,0.0,0.0,0.0,0.0,0.0,0.0,0.0,0.0,0.0,0.0,0.0,0.0,0.0,0.0,146.7051798502604,1.7411025192151661,149.55660356794084,3.044298570429231,156.10803767613,9.08082734006074,0.002029690604526291
2021-11-29,145.3862330987329,145.86496472978988,140.93115024905862,144.40924072265625,21231300,0.0,0.0,147.0275848388672,158.3118522644043,2.824649048612912,-6.051125749045724,-4.698287230258185,9.61741605650901,-0.0020255793052418314,0.0,0.0,0.0,0.1893,0.18930000000000002,1.0,46.0,1.0,0.0,12027700.0,14123700.0,17382900.0,0.0,0.0,0.0,0.0,0.0,0.0,0.0,0.0,0.0,0.0,0.0,0.0,0.0,0.0,0.0,0.0,0.0,0.0,0.0,0.0,0.0,0.0,0.0,0.0,145.6565399169922,1.9121726086378457,148.22789219447546,2.957786822248157,154.0800792149135,8.193055913166924,0.020082818100469524
2021-11-30,143.3443259485244,143.89143930663224,139.81738279244988,141.56619262695312,26011100,0.0,0.0,145.21819458007812,157.07644500732422,2.72297990907758,-6.40850389468244,-5.040330563143035,10.114841778684442,-0.019687438847236338,0.0,0.0,0.0,0.0,0.0,0.0,0.0,0.0,0.0,21231300.0,12027700.0,14123700.0,0.0,0.0,0.0,0.0,0.0,0.0,0.0,0.0,0.0,0.1893,0.0,0.0,0.18930000000000002,0.0,0.0,1.0,0.0,0.0,46.0,0.0,0.0,1.0,0.0,0.0,143.55926005045572,1.7322575182034599,146.7372785295759,3.3437322840220944,151.97186824253626,7.221642025253472,0.01934570880630404
2021-12-01,143.32478945490493,144.95636505772248,138.77200105937035,138.8794708251953,16469000,0.0,0.0,143.483056640625,155.7242874145508,2.555794446294996,-6.8297950198122805,-5.398223454476884,10.662770615536585,-0.018978555203767455,0.0,0.0,0.0,0.0,0.0,0.0,0.0,0.0,0.0,26011100.0,21231300.0,12027700.0,0.0,0.0,0.0,0.0,0.0,0.0,0.0,0.0,0.0,0.0,0.1893,0.0,0.0,0.18930000000000002,0.0,0.0,1.0,0.0,0.0,46.0,0.0,0.0,1.0,0.0,141.61830139160156,2.765253202191713,145.0833696637835,3.9967784752094704,149.71780722481864,5.800007328311465,-0.0343070364215311
2021-12-02,139.55359074090163,144.25292179639163,139.48520902496418,143.8132781982422,18177700,0.0,0.0,142.67410583496093,154.60660705566406,22.13080344918386,-6.688453916923805,-5.656269546966269,10.682102512012305,0.035525822094015336,0.0,0.0,0.0,0.0,0.0,0.0,0.0,0.0,0.0,16469000.0,26011100.0,21231300.0,0.0,0.0,0.0,0.0,0.0,0.0,0.0,0.0,0.0,0.0,0.0,0.1893,0.0,0.0,0.18930000000000002,0.0,0.0,1.0,0.0,0.0,46.0,0.0,0.0,1.0,141.41964721679688,2.470166080754829,144.1119602748326,3.1695084968330267,148.67730930873327,5.420685220906467,0.006702164021276991
2021-12-03,144.40924935389293,144.90752503641477,140.9995552985316,142.8558349609375,14975600,0.0,0.0,142.30480346679687,153.4312858581543,23.445515893388418,-6.577872126845506,-5.840590062942117,10.613538185272613,-0.006657544068948029,0.0,0.0,0.0,0.0,0.0,0.0,0.0,0.0,0.0,18177700.0,16469000.0,26011100.0,0.0,0.0,0.0,0.0,0.0,0.0,0.0,0.0,0.0,0.0,0.0,0.0,0.0,0.0,0.0,0.0,0.0,0.0,0.0,0.0,0.0,0.0,0.0,0.0,141.84952799479166,2.6163149812605715,143.4406280517578,2.79410447346282,147.74148995535714,5.193341672517608,-0.027598596871992176
2021-12-06,143.89145142547676,147.27185196952013,143.29548541568988,146.9103546142578,14333900,0.0,0.0,142.80502624511718,152.1973449707031,35.70921021514816,-6.092835001284584,-5.89103905061061,9.794354343392335,0.028381897417273816,0.0,0.0,0.0,0.0,0.0,0.0,0.0,0.0,0.0,14975600.0,18177700.0,16469000.0,0.0,0.0,0.0,0.0,0.0,0.0,0.0,0.0,0.0,0.0,0.0,0.0,0.0,0.0,0.0,0.0,0.0,0.0,0.0,0.0,0.0,0.0,0.0,0.0,144.5264892578125,2.1192651831261227,143.30524553571428,2.5573216017001577,147.17902156284876,4.781954629945347,-0.0029176405770865443
2021-12-07,148.34654158779864,149.2453729228998,146.27532220290126,147.34024047851562,14661100,0.0,0.0,143.9598358154297,150.92432403564453,35.80030473051259,-5.609093252755741,-5.8346498910396365,8.551212363126867,0.002926178113085154,0.0,0.0,0.0,0.0,0.0,0.0,0.0,0.0,0.0,14333900.0,14975600.0,18177700.0,0.0,0.0,0.0,0.0,0.0,0.0,0.0,0.0,0.0,0.0,0.0,0.0,0.0,0.0,0.0,0.0,0.0,0.0,0.0,0.0,0.0,0.0,0.0,0.0,145.70214335123697,2.474329010780391,143.68208748953683,2.9601403649393774,146.61934552873885,4.196756033309164,-0.01649905241137295
2021-12-08,147.43791231468882,150.12464115324357,147.09595904487585,149.81199645996094,12886300,0.0,0.0,146.1463409423828,149.86086654663086,43.18409563620337,-4.968994901368546,-5.661518893105419,7.114338299429943,0.016775837839125396,0.0,0.0,0.0,0.0,0.0,0.0,0.0,0.0,0.0,14661100.0,14333900.0,14975600.0,0.0,0.0,0.0,0.0,0.0,0.0,0.0,0.0,0.0,0.0,0.0,0.0,0.0,0.0,0.0,0.0,0.0,0.0,0.0,0.0,0.0,0.0,0.0,0.0,148.02086385091147,1.565987701571395,144.45390973772322,3.7738497356268104,146.34090096609933,3.8007384993066116,0.0026151726785990093
2021-12-09,148.7666509500622,150.74016505059495,148.2097580738441,149.42123413085938,11862300,0.0,0.0,147.26793212890624,148.81011199951172,45.27220470088864,-4.442038545180168,-5.417622823520369,5.213466671948536,-0.0026083513893094823,0.0,0.0,0.0,0.0,0.0,0.0,0.0,0.0,0.0,12886300.0,14661100.0,14333900.0,0.0,0.0,0.0,0.0,0.0,0.0,0.0,0.0,0.0,0.0,0.0,0.0,0.0,0.0,0.0,0.0,0.0,0.0,0.0,0.0,0.0,0.0,0.0,0.0,148.85782368977866,1.3287091110518274,145.57605852399553,3.9364223856108413,146.15666852678572,3.5601999983343506,0.001506073384617057
2021-12-10,150.04651191886973,151.10166562171972,147.96551309593866,149.196533203125,10247900,0.0,0.0,148.53607177734375,148.3509262084961,47.57248167935656,-3.9964843396076617,-5.1333951267378275,4.7059269847340826,-0.0015038085386015476,0.0,0.0,0.0,0.0,0.0,0.0,0.0,0.0,0.0,11862300.0,12886300.0,14661100.0,0.0,0.0,0.0,0.0,0.0,0.0,0.0,0.0,0.0,0.0,0.0,0.0,0.0,0.0,0.0,0.0,0.0,0.0,0.0,0.0,0.0,0.0,0.0,0.0,149.4765879313151,0.31144307272407373,147.04992457798548,2.769780655166226,146.06664712088448,3.4575582997804464,0.015156840024099338
2021-12-13,148.62006777953178,148.9913296336795,145.8551777095345,146.9689483642578,10195800,0.0,0.0,148.54779052734375,147.90150833129883,43.49944419221695,-3.779558503702816,-4.862627802130826,4.357585938315421,-0.014930540214593502,0.0,0.0,0.0,0.0,0.0,0.0,0.0,0.0,0.0,10247900.0,11862300.0,12886300.0,0.0,0.0,0.0,0.0,0.0,0.0,0.0,0.0,0.0,0.0,0.0,0.0,0.0,0.0,0.0,0.0,0.0,0.0,0.0,0.0,0.0,0.0,0.0,0.0,148.5289052327474,1.3556259441278111,147.50073460170202,2.3853084665545183,145.8063474382673,3.2178128451984693,0.008920033423414298
2021-12-14,145.8258783749661,148.13158100551397,145.10291354923922,145.66957092285156,10872000,0.0,0.0,148.21365661621093,147.44574127197265,46.41130873071834,-3.6701845135909252,-4.624139144422846,4.066735233718223,-0.008841169892471301,0.0,0.0,0.0,0.0,0.0,0.0,0.0,0.0,0.0,10195800.0,10247900.0,11862300.0,0.0,0.0,0.0,0.0,0.0,0.0,0.0,0.0,0.0,0.0,0.0,0.0,0.0,0.0,0.0,0.0,0.0,0.0,0.0,0.0,0.0,0.0,0.0,0.0,147.27835083007812,1.7837217120420024,147.90269688197546,1.569778694929579,145.67166246686662,3.1782016397501964,-0.008643655272290163
2021-12-15,145.33739963660136,147.4477070246679,143.9598515348036,146.93966674804688,12231500,0.0,0.0,147.63919067382812,147.03393936157227,48.314213977688674,-3.4413489909681516,-4.3875811137319065,3.6370934778118698,0.008719019470909029,0.0,0.0,0.0,0.0,0.0,0.0,0.0,0.0,0.0,10872000.0,10195800.0,10247900.0,0.0,0.0,0.0,0.0,0.0,0.0,0.0,0.0,0.0,0.0,0.0,0.0,0.0,0.0,0.0,0.0,0.0,0.0,0.0,0.0,0.0,0.0,0.0,0.0,146.52606201171875,0.7418875199408869,147.9068843296596,1.5667265250545805,145.60606493268693,3.138837771654603,0.011092490690285395
2021-12-16,147.86780769730754,148.5614639623388,145.16153453864752,145.32762145996094,11145600,0.0,0.0,146.82046813964843,146.61480941772462,51.21673125732658,-3.3514404535928293,-4.180352981704091,3.2940610457030393,-0.010970797224210793,0.0,0.0,0.0,0.0,0.0,0.0,0.0,0.0,0.0,12231500.0,10872000.0,10195800.0,0.0,0.0,0.0,0.0,0.0,0.0,0.0,0.0,0.0,0.0,0.0,0.0,0.0,0.0,0.0,0.0,0.0,0.0,0.0,0.0,0.0,0.0,0.0,0.0,145.97895304361978,0.849388294714898,147.61936732700892,1.8475497979365152,145.65072740827287,3.1294240220984695,-6.71927932369698e-05
2021-12-17,145.09313897987263,146.39254068786894,143.1977862068733,145.33738708496094,13785000,0.0,0.0,146.04863891601562,146.28165435791016,51.82623190416058,-3.242027214012836,-3.992687828165841,3.0484884123219804,6.719730841187044e-05,0.0,0.0,0.0,0.0,0.0,0.0,0.0,0.0,0.0,11145600.0,12231500.0,10872000.0,0.0,0.0,0.0,0.0,0.0,0.0,0.0,0.0,0.0,0.0,0.0,0.0,0.0,0.0,0.0,0.0,0.0,0.0,0.0,0.0,0.0,0.0,0.0,0.0,145.86822509765625,0.9279085350949902,146.98013741629464,1.7330199409458462,145.71702357700892,3.1108765973464703,0.015634545068156314
2021-12-20,143.59834316992115,144.33108749233278,141.74206351623354,143.10008239746094,11201900,0.0,0.0,145.27486572265624,145.9138168334961,53.09180024740553,-3.297832859338911,-3.8537168344004553,2.9607657785575547,-0.015393868930587806,0.0,0.0,0.0,0.0,0.0,0.0,0.0,0.0,0.0,13785000.0,11145600.0,12231500.0,0.0,0.0,0.0,0.0,0.0,0.0,0.0,0.0,0.0,0.0,0.0,0.0,0.0,0.0,0.0,0.0,0.0,0.0,0.0,0.0,0.0,0.0,0.0,0.0,144.58836364746094,1.2888986194361691,146.07711574009485,1.8889099784357897,145.8265871320452,2.9775973380190512,-0.030321080921011268
2021-12-21,144.16499814157416,147.94595401110578,143.99891122021637,147.57470703125,10781400,0.0,0.0,145.65589294433593,145.76189498901368,66.34831708880262,-2.9470229769491993,-3.6723780629102043,2.7793393966349567,0.031269196766503526,0.0,0.0,0.0,0.0,0.0,0.0,0.0,0.0,0.0,11201900.0,13785000.0,11145600.0,0.0,0.0,0.0,0.0,0.0,0.0,0.0,0.0,0.0,0.0,0.0,0.0,0.0,0.0,0.0,0.0,0.0,0.0,0.0,0.0,0.0,0.0,0.0,0.0,145.33739217122397,2.237312316898949,145.84542628696985,1.5024502092507799,146.44767543247767,2.2300759821470044,-0.005464801170721789
2021-12-22,146.95918944906484,148.69823466253433,146.4218406678871,148.38560485839844,7820400,0.0,0.0,145.94508056640626,145.80341720581055,60.17394563791385,-2.5739006159089683,-3.452682573509957,2.8135330146647206,0.005494829320424888,0.0,0.0,0.0,0.0,0.0,0.0,0.0,0.0,0.0,10781400.0,11201900.0,13785000.0,0.0,0.0,0.0,0.0,0.0,0.0,0.0,0.0,0.0,0.0,0.0,0.0,0.0,0.0,0.0,0.0,0.0,0.0,0.0,0.0,0.0,0.0,0.0,0.0,146.35346476236978,2.8465349867415717,146.0478057861328,1.7534557723007005,146.7742701939174,2.1478849929325046,-0.011391074338425566
2021-12-23,148.81549447153412,150.64246554980667,148.4344531114531,150.09535217285156,6572400,0.0,0.0,146.89862670898438,145.915283203125,65.5869093996046,-2.115845981850896,-3.1853152551781454,2.941109487379005,0.011522326010563466,0.0,0.0,0.0,0.0,0.0,0.0,0.0,0.0,0.0,7820400.0,10781400.0,11201900.0,0.0,0.0,0.0,0.0,0.0,0.0,0.0,0.0,0.0,0.0,0.0,0.0,0.0,0.0,0.0,0.0,0.0,0.0,0.0,0.0,0.0,0.0,0.0,0.0,148.68522135416666,1.2867558105066508,146.68006025041853,2.3053919789652086,147.29137856619698,1.9981946684914984,0.005432102853946796
2021-12-27,149.3625849996935,150.47635560603592,147.9166256872552,149.284423828125,7762000,0.0,0.0,147.6880340576172,146.14438705444337,55.94126968973747,-1.7975485042411492,-2.907761904990746,3.0190840163842507,-0.005402754535614673,0.0,0.0,0.0,0.0,0.0,0.0,0.0,0.0,0.0,6572400.0,7820400.0,10781400.0,0.0,0.0,0.0,0.0,0.0,0.0,0.0,0.0,0.0,0.0,0.0,0.0,0.0,0.0,0.0,0.0,0.0,0.0,0.0,0.0,0.0,0.0,0.0,0.0,149.255126953125,0.8552500803764432,147.01502554757255,2.5106073275621927,147.46095493861608,2.0630565309832707,-0.015464056024786954
2021-12-28,149.10858435093635,152.8993198630602,148.90342428283094,151.6292266845703,12198700,0.0,0.0,149.39386291503905,146.50538635253906,59.794713252968386,-1.340635454839088,-2.5943366149604143,3.22530146100399,0.01570694916667903,0.0,0.0,0.0,0.0,0.0,0.0,0.0,0.0,0.0,7762000.0,6572400.0,7820400.0,0.0,0.0,0.0,0.0,0.0,0.0,0.0,0.0,0.0,0.0,0.0,0.0,0.0,0.0,0.0,0.0,0.0,0.0,0.0,0.0,0.0,0.0,0.0,0.0,150.33633422851562,1.1908313786019422,147.9152548653739,2.903719589441394,147.7673110961914,2.34318306326588,0.002130890315824585
2021-12-29,151.0039432124063,152.332653474947,150.632681329312,151.3068084716797,8737000,0.0,0.0,150.140283203125,146.9924171447754,53.78528174390964,-0.9930972199559278,-2.274088735959517,3.175256812061471,-0.0021263592774323214,0.0,0.0,0.0,0.0,0.0,0.0,0.0,0.0,0.0,12198700.0,7762000.0,6572400.0,0.0,0.0,0.0,0.0,0.0,0.0,0.0,0.0,0.0,0.0,0.0,0.0,0.0,0.0,0.0,0.0,0.0,0.0,0.0,0.0,0.0,0.0,0.0,0.0,150.74015299479166,1.270963780370763,148.76802934919084,2.89701536223186,147.87408338274275,2.4739300441186667,-0.006797935839384817
2021-12-30,152.1274978658113,153.4562081671919,151.93208745359422,152.34242248535156,7228400,0.0,0.0,150.93164672851563,147.6655647277832,57.16331917205541,-0.6268789981454006,-1.944646788396694,2.7654158002572067,0.0068444640669669266,0.0,0.0,0.0,0.0,0.0,0.0,0.0,0.0,0.0,8737000.0,12198700.0,7762000.0,0.0,0.0,0.0,0.0,0.0,0.0,0.0,0.0,0.0,0.0,0.0,0.0,0.0,0.0,0.0,0.0,0.0,0.0,0.0,0.0,0.0,0.0,0.0,0.0,151.75948588053384,0.5299525355431678,150.08836364746094,1.7703047328983996,148.0827396937779,2.7249155630408293,0.006714412073256959
2021-12-31,152.28380337564792,152.9677099942114,151.179812080903,151.32635498046875,6410200,0.0,0.0,151.17784729003907,148.04121856689454,55.02760536431588,-0.4138657877358298,-1.6384905882645213,2.72456586642836,-0.00666962943286864,0.0,0.0,0.0,0.0,0.0,0.0,0.0,0.0,0.0,7228400.0,8737000.0,12198700.0,0.0,0.0,0.0,0.0,0.0,0.0,0.0,0.0,0.0,0.0,0.0,0.0,0.0,0.0,0.0,0.0,0.0,0.0,0.0,0.0,0.0,0.0,0.0,0.0,151.65852864583334,0.5923500690471313,150.6243133544922,1.4146455045374604,148.23486982073103,2.8485304824572286,-0.011928995912745766
2022-01-03,152.24472455367587,153.9349171990162,151.78553694188713,153.1533203125,10222800,0.0,0.0,151.95162658691407,148.55609283447265,64.88011801324785,-0.09651785237841182,-1.3300960410872995,2.66542575781288,0.012073014857636899,0.0,0.0,0.0,0.0,0.0,0.0,0.0,0.0,0.0,6410200.0,7228400.0,8737000.0,0.0,0.0,0.0,0.0,0.0,0.0,0.0,0.0,0.0,0.0,0.0,0.0,0.0,0.0,0.0,0.0,0.0,0.0,0.0,0.0,0.0,0.0,0.0,0.0,152.27403259277344,0.9154007123476521,151.305415562221,1.3002621762941295,148.67661067417689,3.1050869576195312,0.00661411081177965
2022-01-04,154.94120168328945,156.6314090566213,151.9711517196146,152.14700317382812,16582000,0.0,0.0,152.05518188476563,148.81792526245118,65.80818142886402,0.07294047739364373,-1.0494887373911108,2.751080680548206,-0.006570651792716875,0.0,0.0,0.0,0.0,0.0,0.0,0.0,0.0,0.0,10222800.0,6410200.0,7228400.0,0.0,0.0,0.0,0.0,0.0,0.0,0.0,0.0,0.0,0.0,0.0,0.0,0.0,0.0,0.0,0.0,0.0,0.0,0.0,0.0,0.0,0.0,0.0,0.0,152.20889282226562,0.9150537293237164,151.59850856236048,1.2101502742228554,149.13928440638952,3.105141436984289,0.0034794835864262463
2022-01-05,152.918847420513,155.71304614923022,151.5315200667751,151.61944580078125,12272100,0.0,0.0,152.11770935058593,149.03188552856446,61.85050834149915,0.16279139571963697,-0.8070327107689613,2.796142440496144,-0.003467418759764418,0.0,0.0,0.0,0.0,0.0,0.0,0.0,0.0,0.0,16582000.0,10222800.0,6410200.0,0.0,0.0,0.0,0.0,0.0,0.0,0.0,0.0,0.0,0.0,0.0,0.0,0.0,0.0,0.0,0.0,0.0,0.0,0.0,0.0,0.0,0.0,0.0,0.0,152.30658976236978,0.7792904874674901,151.9320831298828,0.6649972911294442,149.47355433872767,3.1020256004972455,-0.010898644438294913
2022-01-06,152.64529644983068,154.14009361459313,150.14418340780725,153.29010009765625,11095300,0.0,0.0,152.30724487304687,149.2057907104492,70.10354793647662,0.36460380959221084,-0.5727054066967269,2.9510818391757385,0.01101873369904105,0.0,0.0,0.0,0.0,0.0,0.0,0.0,0.0,0.0,12272100.0,16582000.0,10222800.0,0.0,0.0,0.0,0.0,0.0,0.0,0.0,0.0,0.0,0.0,0.0,0.0,0.0,0.0,0.0,0.0,0.0,0.0,0.0,0.0,0.0,0.0,0.0,0.0,152.35218302408853,0.8540172850310617,152.16935076032365,0.8176944154516838,150.04230281284876,3.0120518340004594,-0.005892494701188022
2022-01-07,153.29010450868682,155.63489525785914,152.69413853705748,154.19871520996094,9554600,0.0,0.0,152.8817169189453,149.4446647644043,71.40157433886611,0.5910460367178985,-0.3399551180138018,3.155700433769034,0.00592742200393781,0.0,0.0,0.0,0.0,0.0,0.0,0.0,0.0,0.0,11095300.0,12272100.0,16582000.0,0.0,0.0,0.0,0.0,0.0,0.0,0.0,0.0,0.0,0.0,0.0,0.0,0.0,0.0,0.0,0.0,0.0,0.0,0.0,0.0,0.0,0.0,0.0,0.0,153.0360870361328,1.3082620715481101,152.58248029436385,1.015820992173663,150.67525482177734,2.875261430642463,0.007854440673665808
2022-01-10,154.3452485945874,154.62858472682603,151.09186225242678,152.99700927734375,8672900,0.0,0.0,152.85045471191407,149.63468856811522,75.16135964949713,0.6658598891378631,-0.13879211658346885,3.252900411644672,-0.007793229217123554,0.0,0.0,0.0,0.0,0.0,0.0,0.0,0.0,0.0,9554600.0,11095300.0,12272100.0,0.0,0.0,0.0,0.0,0.0,0.0,0.0,0.0,0.0,0.0,0.0,0.0,0.0,0.0,0.0,0.0,0.0,0.0,0.0,0.0,0.0,0.0,0.0,0.0,153.49527486165366,0.6265754543215977,152.67599269321985,1.0201591602725604,151.3821781703404,1.9311934459219147,-0.008170113242052635
2022-01-11,153.01652460252987,154.5797181980833,152.36194157036107,154.25730895996094,8042600,0.0,0.0,153.27251586914062,149.99910659790038,70.30866126834823,0.817423310711149,0.05245096887545472,3.3454784813746694,0.008237413845996189,0.0,0.0,0.0,0.0,0.0,0.0,0.0,0.0,0.0,8672900.0,9554600.0,11095300.0,0.0,0.0,0.0,0.0,0.0,0.0,0.0,0.0,0.0,0.0,0.0,0.0,0.0,0.0,0.0,0.0,0.0,0.0,0.0,0.0,0.0,0.0,0.0,0.0,153.81767781575522,0.7113233753638358,153.0947004045759,0.9743522994503601,151.85950687953405,1.733456938786808,0.0005701902065848863
2022-01-12,154.85329477185354,155.33202641269116,152.7332230613799,154.16940307617188,6995600,0.0,0.0,153.78250732421876,150.4240982055664,68.38507840578937,0.9198417806362613,0.22592913122761604,3.3061858716567327,-0.0005698652749859257,0.0,0.0,0.0,0.0,0.0,0.0,0.0,0.0,0.0,8042600.0,8672900.0,9554600.0,0.0,0.0,0.0,0.0,0.0,0.0,0.0,0.0,0.0,0.0,0.0,0.0,0.0,0.0,0.0,0.0,0.0,0.0,0.0,0.0,0.0,0.0,0.0,0.0,153.8079071044922,0.70363223750562,153.23985508510046,1.0567430143644616,152.27263532366072,1.5176277563788065,0.015182656889598078
2022-01-13,154.0717060617029,154.88261158243608,151.59991636098255,151.86370849609375,9680600,0.0,0.0,153.49722900390626,150.67030029296876,55.41591777259978,0.8056715922165267,0.3418776234253982,3.215139689119879,-0.01495559127863344,0.0,0.0,0.0,0.0,0.0,0.0,0.0,0.0,0.0,6995600.0,8042600.0,8672900.0,0.0,0.0,0.0,0.0,0.0,0.0,0.0,0.0,0.0,0.0,0.0,0.0,0.0,0.0,0.0,0.0,0.0,0.0,0.0,0.0,0.0,0.0,0.0,0.0,153.43014017740884,1.3572814815919205,153.19938441685267,1.1096714078195076,152.39894648960657,1.3907612241176068,0.02303544833134108
2022-01-14,148.8447995918361,149.10857680891533,145.0052116694176,148.44422912597656,16832000,0.0,0.0,152.34633178710936,150.82613067626954,47.78126548818768,0.43426159065649017,0.3603544168716166,3.0116515380939908,-0.022516764564623704,0.0,0.0,0.0,0.0,0.0,0.0,0.0,0.0,0.0,9680600.0,6995600.0,8042600.0,0.0,0.0,0.0,0.0,0.0,0.0,0.0,0.0,0.0,0.0,0.0,0.0,0.0,0.0,0.0,0.0,0.0,0.0,0.0,0.0,0.0,0.0,0.0,0.0,151.49244689941406,2.8805868447030085,152.74578203473772,2.084195838621513,152.33893258231026,1.5450649183017187,-0.0021672748472727488
2022-01-18,147.63333249765898,149.60686145800818,146.38278333071264,148.7666473388672,10419500,0.0,0.0,151.50025939941406,150.99759368896486,41.536695881897565,0.16404197005621768,0.3210919275085368,2.7706927583532273,0.002171982129510752,0.0,0.0,0.0,0.0,0.0,0.0,0.0,0.0,0.0,16832000.0,9680600.0,6995600.0,0.0,0.0,0.0,0.0,0.0,0.0,0.0,0.0,0.0,0.0,0.0,0.0,0.0,0.0,0.0,0.0,0.0,0.0,0.0,0.0,0.0,0.0,0.0,0.0,149.6915283203125,1.888058106373878,152.09957449776786,2.5389425381041293,152.13446262904577,1.8124815279094526,0.014389567080059784
2022-01-19,147.36952655492627,149.34305533044187,146.50978340049735,146.6563262939453,10413200,0.0,0.0,149.98006286621094,151.17540588378907,37.5652999841697,-0.21788268180449677,0.21329700564593013,2.3135937336771417,-0.014185444672386138,0.0,0.0,0.0,0.0,0.0,0.0,0.0,0.0,0.0,10419500.0,16832000.0,9680600.0,0.0,0.0,0.0,0.0,0.0,0.0,0.0,0.0,0.0,0.0,0.0,0.0,0.0,0.0,0.0,0.0,0.0,0.0,0.0,0.0,0.0,0.0,0.0,0.0,147.9557342529297,1.1368087609203543,151.0220903669085,3.0488558013300078,151.80228533063615,2.3285244990172846,0.01686761697908734
2022-01-20,147.4379309924465,149.14766774266542,143.76442991960585,144.22361755371094,11760400,0.0,0.0,147.99090576171875,151.00785140991212,29.800661777993085,-0.7086906398131703,0.02889947655411007,2.6803617396371564,-0.016587819985061314,0.0,0.0,0.0,0.0,0.0,0.0,0.0,0.0,0.0,10413200.0,10419500.0,16832000.0,0.0,0.0,0.0,0.0,0.0,0.0,0.0,0.0,0.0,0.0,0.0,0.0,0.0,0.0,0.0,0.0,0.0,0.0,0.0,0.0,0.0,0.0,0.0,0.0,146.54886372884116,2.273420563683439,149.7687486921038,3.809986889658049,151.22237069266183,3.0749932552420054,0.07453759535944648
2022-01-21,137.98065056981247,138.60592519148943,133.48649388517282,134.21923828125,34491800,0.0,0.0,144.46201171875,150.29953308105468,20.591191721804975,-1.883220684035507,-0.35352455556381335,4.596620605103382,-0.06936713585578425,0.0,0.0,0.0,0.0,0.0,1.0,35.0,0.0,0.0,11760400.0,10413200.0,10419500.0,0.0,0.0,0.0,0.0,0.0,0.0,0.0,0.0,0.0,0.0,0.0,0.0,0.0,0.0,0.0,0.0,0.0,0.0,0.0,0.0,0.0,0.0,0.0,0.0,141.6997273763021,6.591494957867945,146.90616716657365,6.472705390112079,150.00043378557478,5.485045877071004,-0.0005818450042623935
2022-01-24,131.71811926417493,134.51230314761722,126.28602913211326,134.29737854003906,31419500,0.0,0.0,141.6326416015625,149.50963439941407,15.511036809833072,-2.7757419153144554,-0.8379680275139417,5.82642781382285,0.0005821837449659917,0.0,0.0,0.0,0.0,0.0,0.0,0.0,0.0,0.0,34491800.0,11760400.0,10413200.0,0.0,0.0,0.0,0.0,0.0,0.0,0.0,0.0,0.0,0.0,0.0,0.0,0.0,0.0,0.0,1.0,0.0,0.0,35.0,0.0,0.0,0.0,0.0,0.0,137.580078125,5.7536065715896045,144.0673065185547,7.085061005396858,148.65358080182756,6.80702994485243,0.006959339212869731
2022-01-25,132.17728508982796,134.58069276872422,129.33424875394556,133.3692169189453,14694400,0.0,0.0,138.55315551757812,148.71387405395507,15.555510772325988,-3.517419682639485,-1.3738583585390503,6.854870056806658,-0.0069112415386204384,0.0,0.0,0.0,0.0,0.0,0.0,0.0,0.0,0.0,31419500.0,34491800.0,11760400.0,0.0,0.0,0.0,0.0,0.0,0.0,0.0,0.0,0.0,0.0,0.0,0.0,0.0,0.0,0.0,0.0,1.0,0.0,0.0,35.0,0.0,0.0,0.0,0.0,133.96194458007812,0.5148019378512732,141.42523629324776,7.1413120696747265,147.31231035505022,7.837705837744136,0.0217813219386489
2022-01-26,134.5416232417297,135.02033995287172,129.2170030015697,130.52618408203125,14569900,0.0,0.0,135.3271270751953,147.65872192382812,14.337583134258281,-4.285216339954047,-1.9561299548220499,7.92338806989902,-0.021317009296394906,0.0,0.0,0.0,0.0,0.0,0.0,0.0,0.0,0.0,14694400.0,31419500.0,34491800.0,0.0,0.0,0.0,0.0,0.0,0.0,0.0,0.0,0.0,0.0,0.0,0.0,0.0,0.0,0.0,0.0,0.0,1.0,0.0,0.0,35.0,0.0,0.0,0.0,132.73092651367188,1.9649523890226568,138.86551557268416,7.412241181595448,145.80564880371094,8.901285298155168,-0.013439637768368096
2022-01-27,131.9623676426305,134.73702241809707,130.9365226642605,132.30430603027344,11913900,0.0,0.0,132.94326477050782,146.7085968017578,14.647745984547385,-4.696087567449496,-2.5041214773475393,8.575412491653081,0.013622722220429706,0.0,0.0,0.0,0.0,0.0,0.0,0.0,0.0,0.0,14569900.0,14694400.0,31419500.0,0.0,0.0,0.0,0.0,0.0,0.0,0.0,0.0,0.0,0.0,0.0,0.0,0.0,0.0,0.0,0.0,0.0,0.0,0.0,0.0,0.0,0.0,0.0,0.0,132.06656901041666,1.436348876805782,136.51375252859933,6.270957535925393,144.3066635131836,9.301940609631119,-0.023155333904822384
2022-01-28,132.09916289247207,135.49909262881266,130.48711631785872,135.4404754638672,10011700,0.0,0.0,133.18751220703126,145.8634994506836,20.60623826607076,-4.714299798648426,-2.946157141607717,8.820320630985705,0.02370421286874924,0.0,0.0,0.0,0.0,0.0,0.0,0.0,0.0,0.0,11913900.0,14569900.0,14694400.0,0.0,0.0,0.0,0.0,0.0,0.0,0.0,0.0,0.0,0.0,0.0,0.0,0.0,0.0,0.0,0.0,0.0,0.0,0.0,0.0,0.0,0.0,0.0,0.0,132.75698852539062,2.4882234681467854,134.91148812430245,4.401871061028742,142.96678924560547,9.116604501928707,-0.030355879567949162
2022-01-31,135.66516371283723,139.85645450163184,135.28413727749225,139.68060302734375,10185500,0.0,0.0,134.2641571044922,145.28121185302734,30.947690330107534,-4.336600632288821,-3.2242458397439377,8.825105651221497,0.0313062070179142,0.0,0.0,0.0,0.0,0.0,0.0,0.0,0.0,0.0,10011700.0,11913900.0,14569900.0,0.0,0.0,0.0,0.0,0.0,0.0,0.0,0.0,0.0,0.0,0.0,0.0,0.0,0.0,0.0,0.0,0.0,0.0,0.0,0.0,0.0,0.0,0.0,0.0,135.80846150716147,3.7018913602768193,134.26248604910714,2.8676090395029394,142.01561737060547,8.673521706251293,-0.010519884921599165
2022-02-01,139.72946926961757,141.36104492936528,138.9771808825935,141.1656494140625,8573300,0.0,0.0,135.8234436035156,144.68182830810548,31.388933598205313,-3.8727972929549708,-3.3539561303861443,8.667998783371507,0.010631729492376563,0.0,0.0,0.0,0.0,0.0,0.0,0.0,0.0,0.0,10185500.0,10011700.0,11913900.0,0.0,0.0,0.0,0.0,0.0,0.0,0.0,0.0,0.0,0.0,0.0,0.0,0.0,0.0,0.0,0.0,0.0,0.0,0.0,0.0,0.0,0.0,0.0,0.0,138.76224263509116,2.9710172580351966,135.25483049665178,3.87508389535983,141.08049883161272,7.925668636026673,0.013111798801077379
2022-02-02,140.87255423965684,141.2633452856652,138.12720763598253,139.3386688232422,9529900,0.0,0.0,137.5859405517578,144.04141159057616,29.910024245706353,-3.6110262076396964,-3.4053701458368546,8.559905623327246,-0.012942104530412113,0.0,0.0,0.0,0.0,0.0,0.0,0.0,0.0,0.0,8573300.0,10185500.0,10011700.0,0.0,0.0,0.0,0.0,0.0,0.0,0.0,0.0,0.0,0.0,0.0,0.0,0.0,0.0,0.0,0.0,0.0,0.0,0.0,0.0,0.0,0.0,0.0,0.0,140.06164042154947,0.9712654846365568,135.97501482282365,4.1277115160688576,140.02116067068917,6.975863321104114,0.01849615179349673
2022-02-03,136.77893421885088,138.77199212949986,136.04618992839275,136.80824279785156,9820600,0.0,0.0,138.48672790527343,143.30085144042968,29.72901899279003,-3.5666409524222615,-3.437624307153936,8.510338118394065,-0.018160256924806606,0.0,0.0,0.0,0.0,0.0,0.0,0.0,0.0,0.0,9529900.0,8573300.0,10185500.0,0.0,0.0,0.0,0.0,0.0,0.0,0.0,0.0,0.0,0.0,0.0,0.0,0.0,0.0,0.0,0.0,0.0,0.0,0.0,0.0,0.0,0.0,0.0,0.0,139.10418701171875,2.1881463375884236,136.466304234096,3.967420305909102,138.94577026367188,6.1174472859127,-0.014012104101918776
2022-02-04,136.81800109320474,139.89553591691202,136.31974036527657,138.75245666503906,8061100,0.0,0.0,139.1491241455078,142.57396926879883,36.41095749733636,-3.3361267151694847,-3.417324788757046,8.228406814414754,0.014211233383505162,0.0,0.0,0.0,0.0,0.0,0.0,0.0,0.0,0.0,9820600.0,9529900.0,8573300.0,0.0,0.0,0.0,0.0,0.0,0.0,0.0,0.0,0.0,0.0,0.0,0.0,0.0,0.0,0.0,0.0,0.0,0.0,0.0,0.0,0.0,0.0,0.0,0.0,138.29978942871094,1.3245545242184975,137.64148603166853,3.0198411386903756,138.25350080217635,5.474475233952132,-0.0034383765742376227
2022-02-07,140.09094402245427,140.77483574230573,138.3518986886657,139.23118591308594,10937500,0.0,0.0,139.05924072265626,141.8255928039551,36.68847352290359,-3.0793166267065146,-3.34972315634694,7.784143907466017,0.0034502397979343513,0.0,0.0,0.0,0.7976,0.7976,1.0,624.0,1.0,0.0,8061100.0,9820600.0,9529900.0,0.0,0.0,0.0,0.0,0.0,0.0,0.0,0.0,0.0,0.0,0.0,0.0,0.0,0.0,0.0,0.0,0.0,0.0,0.0,0.0,0.0,0.0,0.0,0.0,138.2639617919922,1.283212283942396,138.63104030064173,1.9106619622767087,137.57239641462053,4.587134194953961,0.00021068247859501454
2022-02-08,138.52773144928645,139.6024289407581,137.50190146200464,139.2018585205078,9231700,0.0,0.0,138.6664825439453,141.13583526611328,38.951618666476094,-2.8453597211738497,-3.248850469312322,7.3407053921007215,-0.0002106381008377678,0.0,0.0,0.0,0.0,0.0,0.0,0.0,0.0,0.0,10937500.0,8061100.0,9820600.0,0.0,0.0,0.0,0.0,0.0,0.0,0.0,0.0,0.0,0.7976,0.0,0.0,0.7976,0.0,0.0,1.0,0.0,0.0,624.0,0.0,0.0,1.0,0.0,0.0,139.06183369954428,0.2683293425973366,139.1683807373047,1.29284963374864,137.03993443080358,3.820104162854869,-0.032262571195438405
2022-02-09,141.04839140462335,143.9598395600971,139.95416466081764,143.84259033203125,22877400,0.0,0.0,139.56726684570313,140.6150993347168,49.46996496432542,-2.2594335712341547,-3.0509670896966887,6.702565456608495,0.03333814548776126,0.0,0.0,0.0,0.0,0.0,0.0,0.0,0.0,0.0,9231700.0,10937500.0,8061100.0,0.0,0.0,0.0,0.0,0.0,0.0,0.0,0.0,0.0,0.0,0.7976,0.0,0.0,0.7976,0.0,0.0,1.0,0.0,0.0,624.0,0.0,0.0,1.0,0.0,140.758544921875,2.670901924990632,139.76295035226005,2.203785891170324,137.0127182006836,3.765960900685658,-0.03240021481077604
2022-02-10,152.4303712655599,153.87631596522968,147.63333459952068,148.6591796875,42500300,0.0,0.0,141.9374542236328,140.3395881652832,73.47515295602527,-1.3903967408311075,-2.7188530199235728,6.21133616025894,0.03348514055781826,0.0,0.0,0.0,-0.4495,-0.31868701221328566,2.0,3357.0,0.0,0.0,22877400.0,9231700.0,10937500.0,0.0,0.0,0.0,0.0,0.0,0.0,0.0,0.0,0.0,0.0,0.0,0.7976,0.0,0.0,0.7976,0.0,0.0,1.0,0.0,0.0,624.0,0.0,0.0,1.0,143.90120951334634,4.728933079482477,140.83345467703683,4.047499406760734,138.04414258684432,4.782297701490804,0.01799694303998245
2022-02-11,150.0074185283911,151.13096882284174,145.14200016160507,146.03106689453125,17975200,0.0,0.0,143.39317626953124,140.04795608520507,67.61509799438959,-0.9033324755289698,-2.3557489110446523,5.762491403546206,-0.017678779060219307,0.0,0.0,0.0,0.0,0.0,0.0,0.0,0.0,0.0,42500300.0,22877400.0,9231700.0,0.0,0.0,0.0,0.0,0.0,0.0,0.0,0.0,0.0,-0.4495,0.0,0.0,-0.31868701221328566,0.0,0.0,2.0,0.0,0.0,3357.0,0.0,0.0,0.0,0.0,0.0,146.1776123046875,2.411636357897395,141.78951154436385,4.40976158777646,138.88226318359375,5.0932330684368825,-0.0091480693471655
2022-02-14,145.93334355697007,150.1930308286999,145.7770361097578,147.37930297851562,14694700,0.0,0.0,145.02279968261718,139.99470977783204,70.77054840228988,-0.403883435039603,-1.9653758158436425,5.685227298390034,0.009232529164209469,0.0,0.0,0.0,0.0,0.0,0.0,0.0,0.0,0.0,17975200.0,42500300.0,22877400.0,0.0,0.0,0.0,0.0,0.0,0.0,0.0,0.0,0.0,0.0,-0.4495,0.0,0.0,-0.31868701221328566,0.0,0.0,2.0,0.0,0.0,3357.0,0.0,0.0,0.0,0.0,147.35651652018228,1.314204561761422,143.29966299874442,4.225809816124725,139.8829836164202,5.298905017057136,-0.025012923412741972
2022-02-15,150.00740429473805,151.2872768420959,149.00110333039493,151.16026306152344,12726000,0.0,0.0,147.41448059082032,140.11439056396483,79.76317556042216,0.29364050284911514,-1.5135725521050911,5.900716285679982,0.025654620469734324,0.0,0.0,0.0,0.0,0.0,0.0,0.0,0.0,0.0,14694700.0,17975200.0,42500300.0,0.0,0.0,0.0,0.0,0.0,0.0,0.0,0.0,0.0,0.0,0.0,-0.4495,0.0,0.0,-0.31868701221328566,0.0,0.0,2.0,0.0,0.0,3357.0,0.0,0.0,0.0,148.1902109781901,2.6590115020105487,145.07220676967077,4.587362706012061,141.35684640066964,5.365378042443742,-0.010425335425073179
2022-02-16,151.41427216693796,153.12400880132256,150.2125757352179,152.7527618408203,10656400,0.0,0.0,149.19651489257814,140.4192123413086,79.65422471631645,0.9638242257218224,-1.0180931965397086,6.393350905084206,0.010535168086130753,0.0,0.0,0.0,0.0,0.0,0.0,0.0,0.0,0.0,12726000.0,14694700.0,17975200.0,0.0,0.0,0.0,0.0,0.0,0.0,0.0,0.0,0.0,0.0,0.0,0.0,0.0,0.0,0.0,0.0,0.0,0.0,0.0,0.0,0.0,0.0,0.0,0.0,150.43077596028647,2.760005182852752,147.0038604736328,4.5646792313143365,142.81745038713728,5.493254363208435,0.022229508524820973
2022-02-17,151.13095663869646,151.7855397573258,149.0988106591487,149.4309844970703,8110300,0.0,0.0,149.3508758544922,140.67958068847656,70.18031239710459,1.2129281039614455,-0.5718889364394779,6.657036186418204,-0.021746103335346212,0.0,0.0,0.0,0.0,0.0,0.0,0.0,0.0,0.0,10656400.0,12726000.0,14694700.0,0.0,0.0,0.0,0.0,0.0,0.0,0.0,0.0,0.0,0.0,0.0,0.0,0.0,0.0,0.0,0.0,0.0,0.0,0.0,0.0,0.0,0.0,0.0,0.0,151.1146697998047,1.6613579504425902,148.4651641845703,3.0301159413499916,143.8167724609375,5.317778710571695,0.01050477830434371
2022-02-18,149.39190460863767,150.14417798856877,146.59770587651013,147.8775634765625,10785500,0.0,0.0,149.72017517089844,141.36249694824218,62.816942539968544,1.2703527920692466,-0.20344059073773302,6.659990219687267,-0.010395575092649323,0.0,0.0,0.0,0.0,0.0,0.0,0.0,0.0,0.0,8110300.0,10656400.0,12726000.0,0.0,0.0,0.0,0.0,0.0,0.0,0.0,0.0,0.0,0.0,0.0,0.0,0.0,0.0,0.0,0.0,0.0,0.0,0.0,0.0,0.0,0.0,0.0,0.0,150.02043660481772,2.490477888520976,149.04158891950334,2.300030541562296,144.4022696358817,5.278452893188749,0.022081153925170627
2022-02-22,146.7344902869081,147.3206767796616,144.2138481172218,144.68280029296875,12227200,0.0,0.0,149.18087463378907,141.88176803588868,55.22037454432132,1.0460137861454086,0.046450284638895306,6.482647248941754,-0.02160411024151132,0.0,0.0,0.0,0.0,0.0,0.0,0.0,0.0,0.0,10785500.0,8110300.0,10656400.0,0.0,0.0,0.0,0.0,0.0,0.0,0.0,0.0,0.0,0.0,0.0,0.0,0.0,0.0,0.0,0.0,0.0,0.0,0.0,0.0,0.0,0.0,0.0,0.0,147.33044942220053,2.4209117394859194,148.4735347202846,2.838275456741608,144.65349469866072,5.195606389662221,0.01521908043104614
2022-02-23,146.0603572630039,146.29484079528905,142.15238783790682,142.5138702392578,9300700,0.0,0.0,147.45159606933595,142.3390007019043,54.66547330037227,0.6853091614230777,0.1742220599957318,6.165371821243666,-0.014990932227735843,0.0,0.0,0.0,0.0,0.0,0.0,0.0,0.0,0.0,12227200.0,10785500.0,8110300.0,0.0,0.0,0.0,0.0,0.0,0.0,0.0,0.0,0.0,0.0,0.0,0.0,0.0,0.0,0.0,0.0,0.0,0.0,0.0,0.0,0.0,0.0,0.0,0.0,145.02474466959634,2.698146725718966,147.97107805524553,3.561824395702447,144.8802947998047,5.01180696395129,-0.023627800181647007
2022-02-24,136.7789246495636,146.12874829738567,136.7789246495636,145.962646484375,12475500,0.0,0.0,146.09357299804688,143.11082382202147,63.097527781404196,0.6700120856935996,0.2733800651353054,5.5435991438046495,0.02419958309550685,0.0,0.0,0.0,0.0,0.0,0.0,0.0,0.0,0.0,9300700.0,12227200.0,10785500.0,0.0,0.0,0.0,0.0,0.0,0.0,0.0,0.0,0.0,0.0,0.0,0.0,0.0,0.0,0.0,0.0,0.0,0.0,0.0,0.0,0.0,0.0,0.0,0.0,144.38643900553384,1.7433837520004687,147.7686985560826,3.6404316492367355,145.5341807774135,4.442489279790616,-0.0008695304316328478
2022-02-25,146.1189844834096,146.82242022099538,143.8328257901165,146.0896759033203,10149500,0.0,0.0,145.42531127929686,143.80009231567382,61.07341562269713,0.6605251328790018,0.35080907868404465,4.955004114336254,0.0008702871728138994,0.0,0.0,0.0,0.0,0.0,0.0,0.0,0.0,0.0,12475500.0,9300700.0,12227200.0,0.0,0.0,0.0,0.0,0.0,0.0,0.0,0.0,0.0,0.0,0.0,0.0,0.0,0.0,0.0,0.0,0.0,0.0,0.0,0.0,0.0,0.0,0.0,0.0,144.85539754231772,2.0288165766158177,147.04432896205358,3.3456410364640203,146.05826786586218,3.990717055717758,0.007207418935867738
2022-02-28,144.42877109662274,146.040802401733,143.09029643834674,145.04428100585938,10834700,0.0,0.0,144.85865478515626,144.28028259277343,58.62565360268836,0.562171657994611,0.39308159454615793,4.551127143397669,-0.007155843771963433,0.0,0.0,0.0,0.0,0.0,0.0,0.0,0.0,0.0,10149500.0,12475500.0,9300700.0,0.0,0.0,0.0,0.0,0.0,0.0,0.0,0.0,0.0,0.0,0.0,0.0,0.0,0.0,0.0,0.0,0.0,0.0,0.0,0.0,0.0,0.0,0.0,0.0,145.69886779785156,0.5704358154147269,145.94311741420202,2.2392409968956972,146.4734889439174,3.497703596047356,0.018943061264217187
2022-03-01,144.45808531348447,144.7414065274408,140.47195485117734,142.3477783203125,8944000,0.0,0.0,144.391650390625,144.41364135742188,54.32562932912263,0.2636019502438671,0.3671856656856998,4.447141226547598,-0.018590892842151763,0.0,0.0,0.0,0.0,0.0,0.0,0.0,0.0,0.0,10834700.0,10149500.0,12475500.0,0.0,0.0,0.0,0.0,0.0,0.0,0.0,0.0,0.0,0.0,0.0,0.0,0.0,0.0,0.0,0.0,0.0,0.0,0.0,0.0,0.0,0.0,0.0,0.0,144.49391174316406,1.930706897594833,144.93123081752233,1.9865819252165713,146.6981975010463,3.069440688607714,-0.01113080248478071
2022-03-02,142.94375699461196,145.05406417618636,142.56273055136,143.95005798339844,7851000,0.0,0.0,144.67888793945312,144.55286178588867,50.16124047335056,0.15449298481362916,0.3246471295112857,4.38323389396471,0.011256091819574987,0.0,0.0,0.0,0.0,0.0,0.0,0.0,0.0,0.0,8944000.0,10834700.0,10149500.0,0.0,0.0,0.0,0.0,0.0,0.0,0.0,0.0,0.0,0.0,0.0,0.0,0.0,0.0,0.0,0.0,0.0,0.0,0.0,0.0,0.0,0.0,0.0,0.0,143.78070576985678,1.3562049301136143,144.37015860421317,1.5142245686843996,146.70587376185827,3.0618749080921335,0.012159004663013562
2022-03-03,143.92075195885997,145.2299182324839,141.1265530228314,142.22079467773438,8048400,0.0,0.0,143.930517578125,144.69696807861328,39.35379885894451,-0.07069878154297271,0.24557794730043403,4.248079716567832,-0.01201293927831204,0.0,0.0,0.0,0.0,0.0,0.0,0.0,0.0,0.0,7851000.0,8944000.0,10834700.0,0.0,0.0,0.0,0.0,0.0,0.0,0.0,0.0,0.0,0.0,0.0,0.0,0.0,0.0,0.0,0.0,0.0,0.0,0.0,0.0,0.0,0.0,0.0,0.0,142.83954366048178,0.9638271408418692,144.01844351632255,1.7035919018354138,146.24598911830358,3.2250894959897813,0.0344657584358079
2022-03-04,140.69665902205716,140.9409071027266,136.33928161123706,137.48236083984375,12913000,0.0,0.0,142.20905456542968,144.73067398071288,36.78645418627381,-0.6243201151122832,0.07159833481789059,4.184390124621918,-0.033317447343953366,0.0,0.0,0.0,0.0,0.0,0.0,0.0,0.0,0.0,8048400.0,7851000.0,8944000.0,0.0,0.0,0.0,0.0,0.0,0.0,0.0,0.0,0.0,0.0,0.0,0.0,0.0,0.0,0.0,0.0,0.0,0.0,0.0,0.0,0.0,0.0,0.0,0.0,141.21773783365884,3.348487548061349,143.2996564592634,3.0070307719834606,145.63536725725447,3.9879683624906126,0.05408247306896774
2022-03-07,137.05247313146958,137.64843900677528,130.36984964647095,130.428466796875,14549700,0.0,0.0,139.2858917236328,144.3144744873047,27.727873829845763,-1.6136580623323482,-0.2654529446121572,5.1197394119302855,-0.05130762957428403,0.0,0.0,0.0,0.0,0.0,0.0,0.0,0.0,0.0,12913000.0,8048400.0,7851000.0,0.0,0.0,0.0,0.0,0.0,0.0,0.0,0.0,0.0,0.0,0.0,0.0,0.0,0.0,0.0,0.0,0.0,0.0,0.0,0.0,0.0,0.0,0.0,0.0,136.71054077148438,5.933930305949464,141.08048793247767,5.452162402529308,144.42459324428015,5.646206823700426,0.013282697806977994
2022-03-08,129.95951912881705,132.3726912877404,126.31532713844912,128.71873474121094,16552000,0.0,0.0,136.5600830078125,143.78885192871093,18.816222125536754,-2.5067800019185995,-0.7137183560734457,6.112474713293629,-0.013108580493602973,0.0,0.0,0.0,0.0,0.0,0.0,0.0,0.0,0.0,14549700.0,12913000.0,8048400.0,0.0,0.0,0.0,0.0,0.0,0.0,0.0,0.0,0.0,0.0,0.0,0.0,0.0,0.0,0.0,0.0,0.0,0.0,0.0,0.0,0.0,0.0,0.0,0.0,132.20985412597656,4.645459203498907,138.5989249093192,6.620301374692433,142.8216269356864,6.67813423430817,-0.014216292047844137
2022-03-09,132.37270480024628,132.38246935740457,130.29170623102084,130.5750274658203,14673100,0.0,0.0,133.88507690429688,143.35751037597657,19.407059715001367,-3.0298717884982977,-1.1769490425584161,6.726726477658119,0.014421309596784448,0.0,0.0,0.0,0.0,0.0,0.0,0.0,0.0,0.0,16552000.0,14549700.0,12913000.0,0.0,0.0,0.0,0.0,0.0,0.0,0.0,0.0,0.0,0.0,0.0,0.0,0.0,0.0,0.0,0.0,0.0,0.0,0.0,0.0,0.0,0.0,0.0,0.0,129.90740966796875,1.0320276491198792,136.5318886893136,6.530724635385659,141.2375030517578,6.770903123633509,7.467809533689973e-05
2022-03-10,129.31472789226626,131.11239051435666,128.59174807550878,130.56527709960938,8447200,0.0,0.0,131.55397338867186,142.69364471435546,21.358714562176573,-3.405950889379625,-1.622749411922658,7.306520916994008,-7.467251893544802e-05,0.0,0.0,0.0,0.0,0.0,0.0,0.0,0.0,0.0,14673100.0,16552000.0,14549700.0,0.0,0.0,0.0,0.0,0.0,0.0,0.0,0.0,0.0,0.0,0.0,0.0,0.0,0.0,0.0,0.0,0.0,0.0,0.0,0.0,0.0,0.0,0.0,0.0,129.95301310221353,1.068927533437246,134.84867422921317,6.296104494195732,139.88995252336775,6.891061395484137,0.014345560202335017
2022-03-11,131.9721208693269,133.0272743358282,128.54288328398704,128.71873474121094,7058400,0.0,0.0,129.8012481689453,141.696622467041,21.170295963038257,-3.8090880267585305,-2.060017134889833,7.793888105796459,-0.014142675598120102,0.0,0.0,0.0,0.0,0.0,0.0,0.0,0.0,0.0,8447200.0,14673100.0,16552000.0,0.0,0.0,0.0,0.0,0.0,0.0,0.0,0.0,0.0,0.0,0.0,0.0,0.0,0.0,0.0,0.0,0.0,0.0,0.0,0.0,0.0,0.0,0.0,0.0,129.95301310221353,1.068927533437246,132.67277090890067,5.155008501143647,138.52146475655692,7.08249743152542,0.021080231198592037
2022-03-14,127.9664649694513,130.00839048858631,125.42629358293901,126.06133270263672,9971500,0.0,0.0,128.92782135009764,140.6981357574463,21.518292801042207,-4.293514288160935,-2.5067165655440533,8.460074989231465,-0.020645029209748866,0.0,0.0,0.0,-0.3036,-0.3036,1.0,35.0,0.0,0.0,7058400.0,8447200.0,14673100.0,0.0,0.0,0.0,0.0,0.0,0.0,0.0,0.0,0.0,0.0,0.0,0.0,0.0,0.0,0.0,0.0,0.0,0.0,0.0,0.0,0.0,0.0,0.0,0.0,128.44844818115234,2.2641046577327293,130.36427634102958,3.5281487817498296,137.19135992867606,7.56829083206363,-0.03852457137151222
2022-03-15,126.75500309672209,131.46409885217054,126.5302841045078,131.1123809814453,9834800,0.0,0.0,129.40655059814452,139.88478965759276,33.97422176505586,-4.221188968862862,-2.849611046207815,8.565237481796231,0.04006818086497144,0.0,0.0,0.0,0.0,0.0,0.0,0.0,0.0,0.0,9971500.0,7058400.0,8447200.0,0.0,0.0,0.0,0.0,0.0,0.0,0.0,0.0,0.0,-0.3036,0.0,0.0,-0.3036,0.0,0.0,1.0,0.0,0.0,35.0,0.0,0.0,0.0,0.0,0.0,128.6308161417643,2.5266716127765365,129.45427921840124,1.7693159335076991,136.37696783883231,7.564933910503422,-0.028521678884132706
2022-03-16,132.52899950495797,135.78238565222262,131.8353433204219,134.9617156982422,10638700,0.0,0.0,130.2838882446289,139.07486228942872,34.7094192201975,-3.8093496789690278,-3.0415587727600575,8.201037415647779,0.029359048230095164,0.0,0.0,0.0,0.0,0.0,0.0,0.0,0.0,0.0,9834800.0,9971500.0,7058400.0,0.0,0.0,0.0,0.0,0.0,0.0,0.0,0.0,0.0,0.0,-0.3036,0.0,0.0,-0.3036,0.0,0.0,1.0,0.0,0.0,35.0,0.0,0.0,0.0,0.0,130.71180979410806,4.463692117990423,130.10188620431083,2.745600259792149,135.59118706839425,7.04622271734113,-0.009536160601853805
2022-03-17,134.2778303879301,136.26112365722656,133.41807235318163,136.26112365722656,6816000,0.0,0.0,131.42305755615234,138.25028038024902,36.77011920621208,-3.339615700939845,-3.101170158396015,7.557209042113029,0.009627974513081172,0.0,0.0,0.0,0.0,0.0,0.0,0.0,0.0,0.0,10638700.0,9834800.0,9971500.0,0.0,0.0,0.0,0.0,0.0,0.0,0.0,0.0,0.0,0.0,0.0,-0.3036,0.0,0.0,-0.3036,0.0,0.0,1.0,0.0,0.0,35.0,0.0,0.0,0.0,134.1117401123047,2.6775420926421787,131.1793703351702,3.491089094279272,134.8891476222447,6.377670333108449,-0.005915852253195797
2022-03-18,136.33927726572122,137.49212101403123,135.1180369012983,137.072021484375,11308800,0.0,0.0,133.09371490478514,137.63233222961426,39.20063580385988,-2.868845199737734,-3.0547051666643594,7.085417614843843,0.0059510578320804974,0.0,0.0,0.0,0.0,0.0,0.0,0.0,0.0,0.0,6816000.0,10638700.0,9834800.0,0.0,0.0,0.0,0.0,0.0,0.0,0.0,0.0,0.0,0.0,0.0,0.0,0.0,0.0,0.0,0.0,0.0,0.0,0.0,0.0,0.0,0.0,0.0,0.0,136.0982869466146,1.0645348625052824,132.10751233782088,4.112059350416268,134.31970051356726,5.723562967353465,0.012119426494140884
2022-03-21,135.70423599583123,136.09504189354905,133.73072211630864,135.43067932128906,9090300,0.0,0.0,134.96758422851562,137.00998802185057,40.35423353309212,-2.598247797848529,-2.963413692901194,6.672788333478002,-0.011974304787450984,0.0,0.0,0.0,0.0,0.0,0.0,0.0,0.0,0.0,11308800.0,6816000.0,10638700.0,0.0,0.0,0.0,0.0,0.0,0.0,0.0,0.0,0.0,0.0,0.0,0.0,0.0,0.0,0.0,0.0,0.0,0.0,0.0,0.0,0.0,0.0,0.0,0.0,136.25460815429688,0.8206904793618937,132.80256979806083,4.217768125578215,133.825622013637,5.256760484433524,-0.010634504319312899
2022-03-22,135.86055336967843,138.9185441858333,135.70423101632733,136.8863983154297,8511600,0.0,0.0,136.1223876953125,136.62016792297362,40.10942946181762,-2.2405058931565804,-2.8188321329522714,6.424050250518488,0.010748812613478487,0.0,0.0,0.0,0.0,0.0,0.0,0.0,0.0,0.0,9090300.0,11308800.0,6816000.0,0.0,0.0,0.0,0.0,0.0,0.0,0.0,0.0,0.0,0.0,0.0,0.0,0.0,0.0,0.0,0.0,0.0,0.0,0.0,0.0,0.0,0.0,0.0,0.0,136.4630330403646,0.8988490647375926,133.96937888009208,4.025072469683166,133.32107489449638,4.493894139717838,0.017945297530715942
2022-03-23,135.87034299651106,136.54445524378255,134.37553087890205,134.47323608398438,8761300,0.0,0.0,136.02469177246093,136.21813621520997,39.35569038623525,-2.1271939134345246,-2.680504489048722,6.285911608509485,-0.01762894094038925,0.0,0.0,0.0,0.0,0.0,0.0,0.0,0.0,0.0,8511600.0,9090300.0,11308800.0,0.0,0.0,0.0,0.0,0.0,0.0,0.0,0.0,0.0,0.0,0.0,0.0,0.0,0.0,0.0,0.0,0.0,0.0,0.0,0.0,0.0,0.0,0.0,0.0,135.59677124023438,1.2151246368061435,135.17107936314173,2.033688754358491,132.76767785208565,3.7248756941736336,-0.009499226511786252
2022-03-24,135.3916165137452,136.06574369447878,134.2485371276968,135.76287841796875,5858800,0.0,0.0,135.92504272460937,135.70814781188966,47.390308328419856,-1.911297744121498,-2.5266631400632775,5.85253443118339,0.009590327202201987,0.0,0.0,0.0,0.0,0.0,0.0,0.0,0.0,0.0,8761300.0,8511600.0,9090300.0,0.0,0.0,0.0,0.0,0.0,0.0,0.0,0.0,0.0,0.0,0.0,0.0,0.0,0.0,0.0,0.0,0.0,0.0,0.0,0.0,0.0,0.0,0.0,0.0,135.70750427246094,1.207533730714012,135.83543613978796,0.9663456747462633,132.6448576790946,3.5831109153047875,-0.0012935408266807613
2022-03-25,136.07549904157196,137.15019663488437,134.94218429002814,135.938720703125,5949400,0.0,0.0,135.69838256835936,135.2006000518799,60.569763895498895,-1.7063398480476053,-2.362598481660143,5.320842680919242,0.0012952162417689816,0.0,0.0,0.0,0.0,0.0,0.0,0.0,0.0,0.0,5858800.0,8761300.0,8511600.0,0.0,0.0,0.0,0.0,0.0,0.0,0.0,0.0,0.0,0.0,0.0,0.0,0.0,0.0,0.0,0.0,0.0,0.0,0.0,0.0,0.0,0.0,0.0,0.0,135.39161173502603,0.8001815447961984,135.97500828334265,0.8863653673719732,133.03844724382674,3.623335229927699,0.003027700555326085
2022-03-28,135.68470370308125,136.41744797295064,133.14451760444598,135.52838134765625,8456100,0.0,0.0,135.71792297363282,134.72480506896972,63.74757256430856,-1.5590484552858186,-2.201888476385278,4.793623716682175,-0.003018561255735852,0.0,0.0,0.0,0.0,0.0,0.0,0.0,0.0,0.0,5949400.0,5858800.0,8761300.0,0.0,0.0,0.0,0.0,0.0,0.0,0.0,0.0,0.0,0.0,0.0,0.0,0.0,0.0,0.0,0.0,0.0,0.0,0.0,0.0,0.0,0.0,0.0,0.0,135.74332682291666,0.2058671788167713,135.87033081054688,0.890203477319474,133.52485057285853,3.451854322254952,-0.02570595278890675
2022-03-29,137.71685954946838,141.13633305589042,137.71685954946838,139.10418701171875,11280700,0.0,0.0,136.16148071289064,134.56262550354003,66.10111637156773,-1.1406328272961446,-1.9896373465674517,4.571887547464445,0.0263841833607521,0.0,0.0,0.0,0.0,0.0,0.0,0.0,0.0,0.0,8456100.0,5949400.0,5858800.0,0.0,0.0,0.0,0.0,0.0,0.0,0.0,0.0,0.0,0.0,0.0,0.0,0.0,0.0,0.0,0.0,0.0,0.0,0.0,0.0,0.0,0.0,0.0,0.0,136.85709635416666,1.9568231688391193,136.160640171596,1.4820358837701126,134.13407625470842,3.638789243924782,0.010073778349398266
2022-03-30,138.05879631209532,139.97370801229494,136.857099811162,137.71685791015625,7922400,0.0,0.0,136.810205078125,134.25096549987794,62.83309685266223,-0.910485778399817,-1.773807032933925,4.0847831453098635,-0.009973309440682976,0.0,0.0,0.0,0.0,0.0,0.0,0.0,0.0,0.0,11280700.0,8456100.0,5949400.0,0.0,0.0,0.0,0.0,0.0,0.0,0.0,0.0,0.0,0.0,0.0,0.0,0.0,0.0,0.0,0.0,0.0,0.0,0.0,0.0,0.0,0.0,0.0,0.0,137.4498087565104,1.8027986506077556,136.48723711286272,1.5449322551064202,134.6449034554618,3.60103626193373,0.02770497821478779
2022-03-31,136.9157054497359,137.63868514557228,133.95541986256532,134.0042724609375,12306500,0.0,0.0,136.45848388671874,133.8401393890381,58.88927496540708,-1.0159558952603334,-1.6222368053992067,3.628764702123983,-0.026958104516447534,0.0,0.0,0.0,0.0,0.0,0.0,0.0,0.0,0.0,7922400.0,11280700.0,8456100.0,0.0,0.0,0.0,0.0,0.0,0.0,0.0,0.0,0.0,0.0,0.0,0.0,0.0,0.0,0.0,0.0,0.0,0.0,0.0,0.0,0.0,0.0,0.0,0.0,136.9417724609375,2.6368257804623974,136.07550484793526,1.7860577458193672,135.02244186401367,3.184970076169488,0.0011679394299428658
2022-04-01,134.18011997378753,134.9226436686471,132.41176628192588,133.8479461669922,10341000,0.0,0.0,136.0403289794922,133.6584186553955,64.29849722507944,-1.0994818063317382,-1.517685805585713,3.5263263078002582,-0.0011665769387381175,0.0,0.0,0.0,0.6718,0.6718,1.0,58.0,1.0,0.0,12306500.0,7922400.0,11280700.0,0.0,0.0,0.0,0.0,0.0,0.0,0.0,0.0,0.0,0.0,0.0,0.0,0.0,0.0,0.0,0.0,0.0,0.0,0.0,0.0,0.0,0.0,0.0,0.0,135.18969217936197,2.1899850343600393,135.9861777169364,1.8920408187630238,135.57862854003906,1.933899987454832,-0.011401523155857185
2022-04-04,133.818658365245,136.05596453801732,133.74049717956134,135.39161682128906,8174600,0.0,0.0,136.01297607421876,133.9065761566162,59.01977735837891,-1.0292508091779098,-1.4199988063041524,3.4610943760475674,0.011533017117580258,0.0,0.0,0.0,0.0,0.0,0.0,0.0,0.0,0.0,10341000.0,12306500.0,7922400.0,0.0,0.0,0.0,0.0,0.0,0.0,0.0,0.0,0.0,0.6718,0.0,0.0,0.6718,0.0,0.0,1.0,0.0,0.0,58.0,0.0,0.0,1.0,0.0,0.0,134.41461181640625,0.8497138119506863,135.93314034598214,1.9045060646565721,135.88428824288505,1.4517685573201091,0.021825876662636023
2022-04-05,134.57092869794326,135.99732914926804,132.02097812418174,132.49969482421875,8694100,0.0,0.0,134.69207763671875,134.0956241607666,44.592291104868345,-1.1931918019527075,-1.3746374054338635,3.260248173414853,-0.02135968285900247,0.0,0.0,0.0,0.0,0.0,0.0,0.0,0.0,0.0,8174600.0,10341000.0,12306500.0,0.0,0.0,0.0,0.0,0.0,0.0,0.0,0.0,0.0,0.0,0.6718,0.0,0.0,0.6718,0.0,0.0,1.0,0.0,0.0,58.0,0.0,0.0,1.0,0.0,133.9130859375,1.4470610220587428,135.44185093470983,2.3044095452347575,135.70842960902624,1.7000131256148334,0.023006603861942754
2022-04-06,130.67272601238383,130.84857747860138,127.80036613573621,129.51988220214844,11679700,0.0,0.0,133.05268249511718,134.042866897583,36.211070245220306,-1.5457438225317048,-1.408858688853432,3.3280489914462574,-0.022489203662117818,0.0,0.0,0.0,0.0,0.0,0.0,0.0,0.0,0.0,8694100.0,8174600.0,10341000.0,0.0,0.0,0.0,0.0,0.0,0.0,0.0,0.0,0.0,0.0,0.0,0.6718,0.0,0.0,0.6718,0.0,0.0,1.0,0.0,0.0,58.0,0.0,0.0,1.0,132.47039794921875,2.9359769395497213,134.58349391392298,3.208494165080791,135.22691236223494,2.3585719999327335,0.005308172209381068
2022-04-07,129.94976940899534,130.14517983870826,127.0285713220936,128.83599853515625,9858700,0.0,0.0,132.01902770996094,133.95640296936034,33.065564635958395,-1.8588993012920128,-1.4988668113411483,3.443610550317175,-0.005280144294177225,0.0,0.0,0.0,0.0,0.0,0.0,0.0,0.0,0.0,11679700.0,8694100.0,8174600.0,0.0,0.0,0.0,0.0,0.0,0.0,0.0,0.0,0.0,0.0,0.0,0.0,0.0,0.0,0.0,0.0,0.0,0.0,0.0,0.0,0.0,0.0,0.0,0.0,130.28519185384116,1.9480610287805804,133.11660984584265,3.1438141326609927,134.63862500871932,2.8407936073395526,0.0
2022-04-08,128.9630123329251,130.05723918224834,127.62453735418345,128.83599853515625,6702000,0.0,0.0,131.01663818359376,133.9622661590576,35.458923609966234,-2.0830649977419284,-1.6157064486213044,3.4343106592815458,0.0,0.0,0.0,0.0,0.0,0.0,0.0,0.0,0.0,0.0,9858700.0,11679700.0,8694100.0,0.0,0.0,0.0,0.0,0.0,0.0,0.0,0.0,0.0,0.0,0.0,0.0,0.0,0.0,0.0,0.0,0.0,0.0,0.0,0.0,0.0,0.0,0.0,0.0,129.06395975748697,0.394840419233054,131.84791564941406,2.7445600739130707,134.1675763811384,3.220703659110578,0.009338000719880224
2022-04-11,127.04809223393757,129.38310360407033,127.04809223393757,127.64405822753906,9915300,0.0,0.0,129.46712646484374,134.04140243530273,29.381063582083456,-2.330038317246334,-1.7585728223463106,3.2562899082382883,-0.009251609186635368,0.0,0.0,0.0,0.0,0.0,0.0,0.0,0.0,0.0,6702000.0,9858700.0,11679700.0,0.0,0.0,0.0,0.0,0.0,0.0,0.0,0.0,0.0,0.0,0.0,0.0,0.0,0.0,0.0,0.0,0.0,0.0,0.0,0.0,0.0,0.0,0.0,0.0,128.43868509928384,0.6881670574611588,130.93931361607142,2.9563293382107663,133.50740923200334,3.5508495609696924,-0.001451994014881608
2022-04-12,128.7773498404327,130.14514797492785,127.15553908031315,127.82966613769531,7885600,0.0,0.0,128.53312072753906,133.87726669311525,33.5430612514883,-2.4821764600108622,-1.903293549879221,3.4863096586202214,0.0014541053671717208,0.0,0.0,0.0,0.0,0.0,0.0,0.0,0.0,0.0,9915300.0,6702000.0,9858700.0,0.0,0.0,0.0,0.0,0.0,0.0,0.0,0.0,0.0,0.0,0.0,0.0,0.0,0.0,0.0,0.0,0.0,0.0,0.0,0.0,0.0,0.0,0.0,0.0,128.10324096679688,0.6413367403865636,130.07955932617188,2.8423822457662506,133.03286852155412,3.843698385219679,-0.011409430820627064
2022-04-13,128.03486893824802,129.83253154399125,127.74176820937801,129.30496215820312,7694500,0.0,0.0,128.49013671875,133.59442901611328,34.148743962510636,-2.455398667549275,-2.013714573413232,3.6205752797078885,0.011541108297338898,0.0,0.0,0.0,0.0,0.0,0.0,0.0,0.0,0.0,7885600.0,9915300.0,6702000.0,0.0,0.0,0.0,0.0,0.0,0.0,0.0,0.0,0.0,0.0,0.0,0.0,0.0,0.0,0.0,0.0,0.0,0.0,0.0,0.0,0.0,0.0,0.0,0.0,128.25956217447916,0.9100870390002547,129.2100372314453,1.6106099369986446,132.57158878871374,3.8782197593880614,0.014409566187951972
2022-04-14,129.75435934080534,130.51641222654254,127.35096636508682,127.46820068359375,7283500,0.0,0.0,128.2165771484375,133.15478286743163,30.776151407148433,-2.552959447298349,-2.1215635481902555,3.808690756655432,-0.014204880028982347,0.0,0.0,0.0,0.0,0.0,0.0,0.0,0.0,0.0,7694500.0,7885600.0,9915300.0,0.0,0.0,0.0,0.0,0.0,0.0,0.0,0.0,0.0,0.0,0.0,0.0,0.0,0.0,0.0,0.0,0.0,0.0,0.0,0.0,0.0,0.0,0.0,0.0,128.20094299316406,0.9730406241303327,128.49125235421317,0.8326635773756114,131.9665516444615,3.9721110847709795,0.02113177440151759
2022-04-18,127.07740757305665,127.22395046875668,123.90217484544833,124.83031463623047,10571000,0.0,0.0,127.41544036865234,132.5426975250244,27.9501568252888,-2.8107320568936984,-2.2593972499309443,4.117200274709108,-0.02069446366400929,0.0,0.0,0.0,0.0,0.0,0.0,0.0,0.0,0.0,7283500.0,7694500.0,7885600.0,0.0,0.0,0.0,0.0,0.0,0.0,0.0,0.0,0.0,0.0,0.0,0.0,0.0,0.0,0.0,0.0,0.0,0.0,0.0,0.0,0.0,0.0,0.0,0.0,127.20115915934245,2.249244538335135,127.8213141305106,1.4923492020059868,131.2024040222168,4.253270322485961,-0.031311731696986644
2022-04-19,125.14297145927539,130.12563939979736,124.84987816821395,128.8653106689453,12767200,0.0,0.0,127.6596908569336,132.21442909240722,29.28863771050422,-2.658779494201781,-2.339273698785112,4.1365060001475715,0.032323847332062616,0.0,0.0,0.0,0.7767,0.7767,1.0,61.0,1.0,0.0,10571000.0,7283500.0,7694500.0,0.0,0.0,0.0,0.0,0.0,0.0,0.0,0.0,0.0,0.0,0.0,0.0,0.0,0.0,0.0,0.0,0.0,0.0,0.0,0.0,0.0,0.0,0.0,0.0,127.05460866292317,2.049046611397238,127.82550157819476,1.495708217566361,130.47105571201868,3.623742813158406,0.05884254235791064
2022-04-20,123.14989335761138,124.41997898834067,121.25452574167737,121.70394134521484,36465700,0.0,0.0,126.4345458984375,131.45530624389647,23.74247964860615,-3.0807061846501256,-2.487560195958115,4.601033420395182,-0.055572514329539136,0.0,0.0,0.0,0.9598,0.9598,1.0,52.0,1.0,0.0,12767200.0,10571000.0,7283500.0,0.0,0.0,0.0,0.0,0.0,0.0,0.0,0.0,0.0,0.7767,0.0,0.0,0.7767,0.0,0.0,1.0,0.0,0.0,61.0,0.0,0.0,1.0,0.0,0.0,125.13318888346355,3.5902788547611877,126.80663626534599,2.6648529771346143,129.32727595738,3.6873489615305406,0.02391912106646399
2022-04-21,122.6516208959432,123.5406800612084,118.48963138488351,118.86089324951172,18688600,0.0,0.0,124.34573211669922,130.67468910217286,24.439414703698446,-3.6029636257167397,-2.71064088190984,5.32889214264366,-0.023360361745711877,0.0,0.0,0.0,0.0,0.0,0.0,0.0,0.0,0.0,36465700.0,12767200.0,10571000.0,0.0,0.0,0.0,0.0,0.0,0.0,0.0,0.0,0.0,0.9598,0.7767,0.0,0.9598,0.7767,0.0,1.0,1.0,0.0,52.0,61.0,0.0,1.0,1.0,0.0,123.1433817545573,5.155199656133909,125.55189841134208,3.958569507904775,128.24560601370675,4.368116856072229,0.028663295350619844
2022-04-22,117.24885358030245,119.08559650817236,115.43164721966241,115.54888153076172,19472800,0.0,0.0,121.96186828613281,129.6639892578125,22.086537152273863,-4.235286332028579,-3.015569971933588,6.1644773482166215,-0.02786460397699897,0.0,0.0,0.0,0.0,0.0,0.0,0.0,0.0,0.0,18688600.0,36465700.0,12767200.0,0.0,0.0,0.0,0.0,0.0,0.0,0.0,0.0,0.0,0.0,0.9598,0.7767,0.0,0.9598,0.7767,0.0,1.0,1.0,0.0,52.0,61.0,0.0,1.0,1.0,118.70457204182942,3.0805060574283893,123.79750061035156,5.281230517638146,126.93852996826172,5.217928498865598,-0.01400592264803191
2022-04-25,114.95293284818024,117.56150084636717,114.06386615936333,117.19023895263672,16491000,0.0,0.0,120.43385314941406,128.7265651702881,22.31804765207842,-4.55149599326829,-3.3227551762005287,6.572117147162443,0.014204875028911657,0.0,0.0,0.0,0.0,0.0,0.0,0.0,0.0,0.0,19472800.0,18688600.0,36465700.0,0.0,0.0,0.0,0.0,0.0,0.0,0.0,0.0,0.0,0.0,0.0,0.9598,0.0,0.0,0.9598,0.0,0.0,1.0,0.0,0.0,52.0,0.0,0.0,1.0,117.20000457763672,1.6560274550437502,122.06682586669922,5.159223183077482,125.63843154907227,5.217271829347513,0.03610603487980235
2022-04-26,116.40865410881709,116.40865410881709,112.9794084574109,113.10641479492188,16116000,0.0,0.0,117.28207397460938,127.60546684265137,21.53722431513522,-5.0731448516268784,-3.672833111285799,7.230232279002486,-0.034847818335495884,0.0,0.0,0.0,0.0,0.0,0.0,0.0,0.0,0.0,16491000.0,19472800.0,18688600.0,0.0,0.0,0.0,0.0,0.0,0.0,0.0,0.0,0.0,0.0,0.0,0.0,0.0,0.0,0.0,0.0,0.0,0.0,0.0,0.0,0.0,0.0,0.0,0.0,115.28184509277344,2.054966248431968,120.01514216831752,5.497784065603663,124.25319726126534,5.797673957868757,0.004860719298611871
2022-04-27,112.77423517901012,114.21041522699348,110.78116975057002,112.55929565429688,15553000,0.0,0.0,115.45314483642578,126.27822227478028,23.193405677495775,-5.467675314816631,-4.031801551991966,7.441646876309854,-0.004837206993228538,0.0,0.0,0.0,0.0,0.0,0.0,0.0,0.0,0.0,16116000.0,16491000.0,19472800.0,0.0,0.0,0.0,0.0,0.0,0.0,0.0,0.0,0.0,0.0,0.0,0.0,0.0,0.0,0.0,0.0,0.0,0.0,0.0,0.0,0.0,0.0,0.0,0.0,114.28531646728516,2.5305663047895033,118.26213945661273,5.6604830416111875,123.04172679356166,6.357499617302513,-0.0006938679521331093
2022-04-28,112.56906200416577,113.33111485974295,110.09727250199764,112.637451171875,23192100,0.0,0.0,114.20845642089844,125.02425193786621,23.898042872014884,-5.70823606018908,-4.367088453631389,7.525267875518533,0.0006943497391647124,0.0,0.0,0.0,0.0,0.0,0.0,0.0,0.0,0.0,15553000.0,16116000.0,16491000.0,0.0,0.0,0.0,0.0,0.0,0.0,0.0,0.0,0.0,0.0,0.0,0.0,0.0,0.0,0.0,0.0,0.0,0.0,0.0,0.0,0.0,0.0,0.0,0.0,112.76772054036458,0.2959094790390848,115.94387381417411,3.5079861033136837,121.88468769618443,6.687326886723098,0.032786869190685186
2022-04-29,112.5495233952273,113.32134829869794,108.79787609385467,109.06166076660156,16907000,0.0,0.0,112.9110122680664,123.77712135314941,21.42863127038244,-6.116906692907946,-4.717052101486701,8.009929133556518,-0.031746016694013224,0.0,0.0,0.0,0.0,0.0,0.0,0.0,0.0,0.0,23192100.0,15553000.0,16116000.0,0.0,0.0,0.0,0.0,0.0,0.0,0.0,0.0,0.0,0.0,0.0,0.0,0.0,0.0,0.0,0.0,0.0,0.0,0.0,0.0,0.0,0.0,0.0,0.0,111.41946919759114,2.042295894126694,114.13783373151507,3.296205192214207,120.47223499843052,7.176582709907535,-0.016475813649222126
2022-05-02,109.13982400454638,111.04496372485377,108.45593228168367,110.88864135742188,14300700,0.0,0.0,111.65069274902343,122.6291561126709,26.226844575150835,-6.221639857247226,-5.017969652638806,8.134899637298858,0.01675181340517229,0.0,0.0,0.0,0.0,0.0,0.0,0.0,0.0,0.0,16907000.0,23192100.0,15553000.0,0.0,0.0,0.0,0.0,0.0,0.0,0.0,0.0,0.0,0.0,0.0,0.0,0.0,0.0,0.0,0.0,0.0,0.0,0.0,0.0,0.0,0.0,0.0,0.0,110.86258443196614,1.7880376053470326,112.99894060407367,2.7190754862106896,119.27541950770787,7.284865704271868,-0.0004402784496421175
2022-05-03,111.42598091804787,112.18803376129586,110.0972707207426,110.93748474121094,11149500,0.0,0.0,111.21690673828125,121.406449508667,25.93942115304283,-6.228897538210802,-5.260155229753206,7.951397750012855,0.0004404723801387789,0.0,0.0,0.0,0.0,0.0,0.0,0.0,0.0,0.0,14300700.0,16907000.0,23192100.0,0.0,0.0,0.0,0.0,0.0,0.0,0.0,0.0,0.0,0.0,0.0,0.0,0.0,0.0,0.0,0.0,0.0,0.0,0.0,0.0,0.0,0.0,0.0,0.0,110.29592895507812,1.0691865552135884,112.34016963413784,2.5517894442721114,118.06883512224469,7.156840013553937,-0.022721486607717778
2022-05-04,110.76163576382402,113.76100226073824,109.25706650961945,113.51675415039062,11488300,0.0,0.0,111.4083984375,120.45730247497559,28.197547377900946,-5.9578454830971594,-5.399693280421997,7.686075573752897,0.02324975561863929,0.0,0.0,0.0,0.0,0.0,1.0,752.0,0.0,0.0,11149500.0,14300700.0,16907000.0,0.0,0.0,0.0,0.0,0.0,0.0,0.0,0.0,0.0,0.0,0.0,0.0,0.0,0.0,0.0,0.0,0.0,0.0,0.0,0.0,0.0,0.0,0.0,0.0,111.78096008300781,1.5034401226209888,111.81538609095982,1.5813059247922743,116.94110597882953,6.460118686980039,0.03179115512953645
2022-05-05,112.10011047646735,112.61791527704014,108.9151204889054,110.01911926269531,12720200,0.0,0.0,110.88473205566406,119.48226432800293,26.960825003142958,-5.956600696108083,-5.511074763559214,7.712773842222328,-0.030811618195685342,0.0,0.0,0.0,0.0,0.0,0.0,0.0,0.0,0.0,11488300.0,11149500.0,14300700.0,0.0,0.0,0.0,0.0,0.0,0.0,0.0,0.0,0.0,0.0,0.0,0.0,0.0,0.0,0.0,1.0,0.0,0.0,752.0,0.0,0.0,0.0,0.0,0.0,111.49111938476562,1.8133521281908793,111.37434387207031,1.5917161754254898,115.69474302019391,5.934754374272648,0.021035543024048087
2022-05-06,109.19843168654484,109.51106894040973,105.80827449307796,107.75248718261719,12525200,0.0,0.0,110.62289733886719,118.42808876037597,27.227761148902772,-6.068557901338153,-5.6225713911150015,7.807285168012955,-0.02060216528970782,0.0,0.0,0.0,0.8244,0.8244,1.0,31.0,1.0,0.0,12720200.0,11488300.0,11149500.0,0.0,0.0,0.0,0.0,0.0,0.0,0.0,0.0,0.0,0.0,0.0,0.0,0.0,0.0,0.0,0.0,1.0,0.0,0.0,752.0,0.0,0.0,0.0,0.0,110.42945353190105,2.90395834651688,110.68765694754464,1.9838651216417023,114.47489820207868,5.661377129232491,0.030940325565927074
2022-05-09,105.62264492668398,108.19213215716802,104.03015005888956,104.51864624023438,17941600,0.0,0.0,109.3488983154297,117.21222114562988,16.82643069298902,-6.345086523046504,-5.767074417501303,7.992436083435456,-0.030011752182593665,0.0,0.0,0.0,0.6089,0.6089,1.0,5.0,1.0,0.0,12525200.0,12720200.0,11488300.0,0.0,0.0,0.0,0.0,0.0,0.0,0.0,0.0,0.0,0.8244,0.0,0.0,0.8244,0.0,0.0,1.0,0.0,1.0,31.0,0.0,752.0,1.0,0.0,0.0,107.43008422851562,2.764373096439013,109.52782767159599,2.8417392816560016,112.73585074288505,4.526575036031788,-0.006500783081835326
2022-05-10,107.3128449389176,108.15305902507008,103.69797592927424,105.20254516601562,15657700,0.0,0.0,108.20191040039063,116.09014549255372,22.69644896329946,-6.434875283604157,-5.900634590721874,8.026042064546502,0.0065433197843887125,0.0,0.0,0.0,0.0,0.0,0.0,0.0,0.0,0.0,17941600.0,12525200.0,12720200.0,0.0,0.0,0.0,0.0,0.0,0.0,0.0,0.0,0.0,0.6089,0.8244,0.0,0.6089,0.8244,0.0,1.0,1.0,0.0,5.0,31.0,0.0,1.0,1.0,0.0,105.82455952962239,1.704291117021475,108.97652544294085,3.286743854941302,111.55717958722796,4.14397416457959,0.023476917358282057
2022-05-11,105.41747957013126,107.53755125138281,102.37903266402812,102.78936767578125,26933300,0.0,0.0,106.05643310546876,114.838130569458,23.023975506877676,-6.624394878320686,-6.045386648241637,8.051391482927809,-0.02293839456475355,0.0,0.0,0.0,0.0,0.0,0.0,0.0,0.0,0.0,15657700.0,17941600.0,12525200.0,0.0,0.0,0.0,0.0,0.0,0.0,0.0,0.0,0.0,0.0,0.6089,0.8244,0.0,0.6089,0.8244,0.0,1.0,1.0,0.0,5.0,31.0,0.0,1.0,1.0,104.17018636067708,1.2437542424409591,107.81948634556362,3.8744820871797394,110.40921347481864,4.190864699811602,0.008628074083601112
2022-05-12,100.53252447916022,102.58420713100821,97.18144008139285,101.91007995605469,36298800,0.0,0.0,104.43462524414062,113.46838645935058,25.071473772311933,-6.767529821870852,-6.18981528296748,7.78660959028219,-0.008554267232190993,0.0,0.0,0.0,0.0,0.0,0.0,0.0,0.0,0.0,26933300.0,15657700.0,17941600.0,0.0,0.0,0.0,0.0,0.0,0.0,0.0,0.0,0.0,0.0,0.0,0.6089,0.0,0.0,0.6089,0.0,0.0,1.0,0.0,0.0,5.0,0.0,0.0,1.0,103.30066426595052,1.7047433654484243,106.5298570905413,4.15585597353305,109.43501336233956,4.479488904001846,-0.028137507013822782
2022-05-13,102.93591948944173,105.21231356216664,102.88706688807355,104.860595703125,16782600,0.0,0.0,103.85624694824219,112.33800621032715,28.49353570169076,-6.567180959394619,-6.265288418252908,7.271206960405784,0.02895214828938042,0.0,0.0,0.0,0.0,0.0,0.0,0.0,0.0,0.0,36298800.0,26933300.0,15657700.0,0.0,0.0,0.0,0.0,0.0,0.0,0.0,0.0,0.0,0.0,0.0,0.0,0.0,0.0,0.0,0.0,0.0,0.0,0.0,0.0,0.0,0.0,0.0,0.0,103.18668111165364,1.5148528866433248,105.2932630266462,2.795603159101332,108.55432455880302,4.026631204455865,0.02044113702260919
2022-05-16,104.98760469935249,105.14392706461497,102.43765388342835,102.76006317138672,11993600,0.0,0.0,103.50453033447266,111.23449363708497,30.611505535395096,-6.502936657030318,-6.31281806600839,6.942860723995707,-0.020031666973218232,0.0,0.0,0.0,0.0,0.0,0.0,0.0,0.0,0.0,16782600.0,36298800.0,26933300.0,0.0,0.0,0.0,0.0,0.0,0.0,0.0,0.0,0.0,0.0,0.0,0.0,0.0,0.0,0.0,0.0,0.0,0.0,0.0,0.0,0.0,0.0,0.0,0.0,103.17691294352214,1.5187852359122676,104.25625501360211,1.97686903748165,107.81529944283622,4.076051925922229,-0.0318483081060279
2022-05-17,105.25139791673435,106.28700750880569,103.8542984416472,106.14045715332031,11847600,0.0,0.0,103.69211273193359,110.0982509613037,39.12612470092416,-6.10883420326266,-6.272021293459244,5.643559607127887,0.032895989722151686,0.0,0.0,0.0,0.0,0.0,0.0,0.0,0.0,0.0,11993600.0,16782600.0,36298800.0,0.0,0.0,0.0,0.0,0.0,0.0,0.0,0.0,0.0,0.0,0.0,0.0,0.0,0.0,0.0,0.0,0.0,0.0,0.0,0.0,0.0,0.0,0.0,0.0,104.58703867594402,1.7067193540866286,104.02596500941685,1.5493768139476127,107.35681097848075,3.8564753155192806,0.04161069423682262
2022-05-18,104.90944537711276,105.18300952117328,101.48997184189429,101.90031433105469,11794000,0.0,0.0,103.51430206298828,109.1080696105957,34.058622089556565,-6.068693141793375,-6.23135566312607,5.221667757907687,-0.03994841303670593,0.0,0.0,0.0,0.0,0.0,0.0,0.0,0.0,0.0,11847600.0,11993600.0,16782600.0,0.0,0.0,0.0,0.0,0.0,0.0,0.0,0.0,0.0,0.0,0.0,0.0,0.0,0.0,0.0,0.0,0.0,0.0,0.0,0.0,0.0,0.0,0.0,0.0,103.60027821858723,2.2414668818565864,103.65191759381976,1.7175412075118612,106.58987263270787,3.7926517718626407,0.01124689689342584
2022-05-19,101.05032698921484,102.87730551048811,100.59113935605959,100.76699829101562,11285000,0.0,0.0,103.28568572998047,108.2033748626709,36.721939909583966,-6.058491673559388,-6.196782865212734,5.005980209990705,-0.011121811031486462,0.0,0.0,0.0,0.0,0.0,0.0,0.0,0.0,0.0,11794000.0,11847600.0,11993600.0,0.0,0.0,0.0,0.0,0.0,0.0,0.0,0.0,0.0,0.0,0.0,0.0,0.0,0.0,0.0,0.0,0.0,0.0,0.0,0.0,0.0,0.0,0.0,0.0,102.93592325846355,2.832468786079995,103.01826804024833,1.8622306523743646,105.99739674159459,4.01800216805603,0.007029909806930412
2022-05-20,102.08593446916137,102.38880718380467,97.7480932528816,100.06356048583984,15650400,0.0,0.0,102.32627868652344,107.42910881042481,32.02466162228232,-6.03757112679682,-6.164940517529551,5.007611421776592,-0.006980835165340982,0.0,0.0,0.0,0.0,0.0,0.0,0.0,0.0,0.0,11285000.0,11794000.0,11847600.0,0.0,0.0,0.0,0.0,0.0,0.0,0.0,0.0,0.0,0.0,0.0,0.0,0.0,0.0,0.0,0.0,0.0,0.0,0.0,0.0,0.0,0.0,0.0,0.0,100.91029103597005,0.9267231409897527,102.62886701311383,2.1765372824568177,105.22417667933873,4.045818426335028,-0.032221477201898496
2022-05-23,101.37272956349807,103.5904989454367,99.22334189488167,103.39510345458984,14402400,0.0,0.0,102.45328674316406,106.73935203552246,38.70685398959874,-5.686612044198824,-6.069274822863406,4.518532133953733,0.03329426768919985,0.0,0.0,0.0,0.0,0.0,0.0,0.0,0.0,0.0,15650400.0,11285000.0,11794000.0,0.0,0.0,0.0,0.0,0.0,0.0,0.0,0.0,0.0,0.0,0.0,0.0,0.0,0.0,0.0,0.0,0.0,0.0,0.0,0.0,0.0,0.0,0.0,0.0,101.40855407714844,1.7559869043355247,102.84101322719029,2.167152839917257,104.68543515886579,3.7151729796629858,0.04173639913280125
2022-05-24,101.32388161510971,101.45088794460436,97.82624700982727,99.25265502929688,13970200,0.0,0.0,101.07572631835937,106.04666404724121,29.597534449998236,-5.677291132566225,-5.99087808480397,4.552849490412249,-0.040064261138945456,0.0,0.0,0.0,0.0,0.0,0.0,0.0,0.0,0.0,14402400.0,15650400.0,11285000.0,0.0,0.0,0.0,0.0,0.0,0.0,0.0,0.0,0.0,0.0,0.0,0.0,0.0,0.0,0.0,0.0,0.0,0.0,0.0,0.0,0.0,0.0,0.0,0.0,100.90377298990886,2.19532173679602,102.03987884521484,2.32680738648373,103.66657093593052,2.9925851704853814,-0.016172835127378216
2022-05-25,99.09634128243201,101.42158055450487,98.83255660920003,100.88423919677734,11026600,0.0,0.0,100.87251129150391,105.46291122436523,36.19723093161575,-5.475135087213857,-5.8877294852859485,4.420414626228667,0.01643869543841281,0.0,0.0,0.0,0.0,0.0,0.0,0.0,0.0,0.0,13970200.0,14402400.0,15650400.0,0.0,0.0,0.0,0.0,0.0,0.0,0.0,0.0,0.0,0.0,0.0,0.0,0.0,0.0,0.0,0.0,0.0,0.0,0.0,0.0,0.0,0.0,0.0,0.0,101.17733256022136,2.086719322004003,101.77190399169922,2.3380319202743705,103.01407950265067,2.4471086032559706,-0.022251577377453313
2022-05-26,101.82214178066396,103.68819325414026,101.56812168789432,103.18016052246094,11297800,0.0,0.0,101.35514373779297,104.99004669189453,43.097341463358454,-5.071205600205616,-5.724424708269882,4.1072859131510295,0.022757978292380576,0.0,0.0,0.0,0.0,0.0,0.0,0.0,0.0,0.0,11026600.0,13970200.0,14402400.0,0.0,0.0,0.0,0.0,0.0,0.0,0.0,0.0,0.0,0.0,0.0,0.0,0.0,0.0,0.0,0.0,0.0,0.0,0.0,0.0,0.0,0.0,0.0,0.0,101.10568491617839,1.97309490514011,101.34900447300502,1.5516325419522643,102.68748474121094,2.0367811018380166,-0.03393706418239606
2022-05-27,104.430710264782,106.85365453929286,104.07899242729074,106.80480194091797,13671300,0.0,0.0,102.7033920288086,104.87720375061035,53.41106878736198,-4.407799927713057,-5.461099752158517,4.019601831077052,0.035129247716841894,0.0,0.0,0.0,0.0,0.0,0.0,0.0,0.0,0.0,11297800.0,11026600.0,13970200.0,0.0,0.0,0.0,0.0,0.0,0.0,0.0,0.0,0.0,0.0,0.0,0.0,0.0,0.0,0.0,0.0,0.0,0.0,0.0,0.0,0.0,0.0,0.0,0.0,103.62306722005208,2.9850277316811353,102.04964556012835,2.5971419930382957,102.85078157697406,2.2728503086851597,-0.01014138616079252
2022-05-31,107.46916879116239,108.68063733409083,105.4272581619835,107.8990478515625,20274600,0.0,0.0,103.60418090820312,104.72772407531738,53.97465834240117,-3.7505160384129113,-5.118983009409396,3.835664046886112,0.010245287578453999,0.0,0.0,0.0,0.0,0.0,0.0,0.0,0.0,0.0,13671300.0,11297800.0,11026600.0,0.0,0.0,0.0,0.0,0.0,0.0,0.0,0.0,0.0,0.0,0.0,0.0,0.0,0.0,0.0,0.0,0.0,0.0,0.0,0.0,0.0,0.0,0.0,0.0,105.96133677164714,2.4699290526286863,103.06850978306362,3.310956865938947,103.04338891165597,2.580859502615854,0.011448047240859793
2022-06-01,109.43291349583075,110.25358347911848,105.77895679730686,106.67779541015625,11829700,0.0,0.0,105.089208984375,104.51473960876464,55.94029217532384,-3.290230951940501,-4.753232597915617,3.5826222236788023,-0.011318472829216608,0.0,0.0,0.0,0.0,0.0,0.0,0.0,0.0,0.0,20274600.0,13671300.0,11297800.0,0.0,0.0,0.0,0.0,0.0,0.0,0.0,0.0,0.0,0.0,0.0,0.0,0.0,0.0,0.0,0.0,0.0,0.0,0.0,0.0,0.0,0.0,0.0,0.0,107.12721506754558,0.6714365566284932,104.01340048653739,3.2537697515631687,103.32113374982562,2.7547896487530665,-0.015152975064531948
2022-06-02,106.91228135494012,108.39730656108914,105.42725614879112,108.31915283203125,8829900,0.0,0.0,106.57619171142578,104.25485954284667,59.56825587455943,-2.761178728578173,-4.354821824048129,3.0431545193731093,0.015386120565805461,0.0,0.0,0.0,0.0,0.0,0.0,0.0,0.0,0.0,11829700.0,20274600.0,13671300.0,0.0,0.0,0.0,0.0,0.0,0.0,0.0,0.0,0.0,0.0,0.0,0.0,0.0,0.0,0.0,0.0,0.0,0.0,0.0,0.0,0.0,0.0,0.0,0.0,107.63199869791667,0.8526429407635153,104.71683611188617,3.610530105701648,103.77892466953823,3.0218481951153033,0.02024485259038178
2022-06-03,106.65825785467187,107.32261298068786,105.43701736227929,106.16976165771484,6767600,0.0,0.0,107.17411193847656,104.06239166259766,52.002382391030935,-2.486674103341443,-3.981192279906792,2.7687569074638385,-0.01984313132183957,0.0,0.0,0.0,0.0,0.0,0.0,0.0,0.0,0.0,8829900.0,11829700.0,20274600.0,0.0,0.0,0.0,0.0,0.0,0.0,0.0,0.0,0.0,0.0,0.0,0.0,0.0,0.0,0.0,0.0,0.0,0.0,0.0,0.0,0.0,0.0,0.0,0.0,107.05556996663411,1.1233903225056954,105.70499420166016,2.6967291524722947,103.8724365234375,3.0776368485456578,0.007789942829383278
2022-06-06,107.22492193013278,107.65480099554374,105.17323926552201,105.3490982055664,7575900,0.0,0.0,106.88297119140626,103.94222221374511,54.121310191653365,-2.3087342409673397,-3.646700672118902,2.6497693672433784,-0.007729728684841675,0.0,0.0,0.0,0.0,0.0,0.0,0.0,0.0,0.0,6767600.0,8829900.0,11829700.0,0.0,0.0,0.0,0.0,0.0,0.0,0.0,0.0,0.0,0.0,0.0,0.0,0.0,0.0,0.0,0.0,0.0,0.0,0.0,0.0,0.0,0.0,0.0,0.0,106.6126708984375,1.5337641825538393,106.34283120291573,1.7162565655374566,104.05736759730748,3.0834345691601825,0.0003712184564832466
2022-06-07,104.33301284831369,105.43701150875638,103.56118800550755,105.31000518798828,7279100,0.0,0.0,106.3651626586914,103.9817901611328,48.52069751417819,-2.146130837478566,-3.346586705190835,2.664696382913681,-0.00037108070447688934,0.0,0.0,0.0,0.0,0.0,0.0,0.0,0.0,0.0,7575900.0,6767600.0,8829900.0,0.0,0.0,0.0,0.0,0.0,0.0,0.0,0.0,0.0,0.0,0.0,0.0,0.0,0.0,0.0,0.0,0.0,0.0,0.0,0.0,0.0,0.0,0.0,0.0,105.60962168375652,0.48548909238619875,106.6470947265625,1.1611366050736591,103.99804959978376,3.04806334147527,0.004192260370760925
2022-06-08,104.958294520711,106.84389016327138,104.49910689707217,104.870361328125,7019500,0.0,0.0,106.00367584228516,103.96518096923828,56.11913008979147,-2.029348982113447,-3.0831391605753575,2.657712986770348,-0.00417475869532502,0.0,0.0,0.0,0.0,0.0,0.0,0.0,0.0,0.0,7279100.0,7575900.0,6767600.0,0.0,0.0,0.0,0.0,0.0,0.0,0.0,0.0,0.0,0.0,0.0,0.0,0.0,0.0,0.0,0.0,0.0,0.0,0.0,0.0,0.0,0.0,0.0,0.0,105.17648824055989,0.2658332764988912,106.37074606759208,1.3345885276188891,104.21019581386021,2.9937026470327943,0.03910926200059239
2022-06-09,104.07900607177687,104.59681088544964,100.8744719801816,100.92332458496094,8261200,0.0,0.0,104.52451019287109,103.87187881469727,50.28861382540512,-2.229590072297867,-2.9124293429198596,2.7328563773147367,-0.03763729516306635,0.0,0.0,0.0,0.0,0.0,0.0,0.0,0.0,0.0,7019500.0,7279100.0,7575900.0,0.0,0.0,0.0,0.0,0.0,0.0,0.0,0.0,0.0,0.0,0.0,0.0,0.0,0.0,0.0,0.0,0.0,0.0,0.0,0.0,0.0,0.0,0.0,0.0,103.70123036702473,2.4157591107966647,105.37421417236328,2.2757388165676415,104.22136197771344,2.980132802075658,0.03923551008457116
2022-06-10,99.09633809135745,99.77046522348532,97.09350071687172,97.11304473876953,15369700,0.0,0.0,102.71316680908203,103.63202705383301,45.1132767543454,-2.6650196312861283,-2.8629474005931135,3.099950607093135,-0.03775420460890355,0.0,0.0,0.0,0.0,0.0,0.0,0.0,0.0,0.0,8261200.0,7019500.0,7279100.0,0.0,0.0,0.0,0.0,0.0,0.0,0.0,0.0,0.0,0.0,0.0,0.0,0.0,0.0,0.0,0.0,0.0,0.0,0.0,0.0,0.0,0.0,0.0,0.0,100.96891021728516,3.8788592013991403,104.00782121930804,3.7539381858544782,104.01061085292271,3.374958984882715,0.038553971505040696
2022-06-13,95.36422926020981,95.36422926020981,92.64819156658997,93.50794219970703,15239700,0.0,0.0,100.34493560791016,103.06439437866212,33.771672123987116,-3.263384079406876,-2.9430347363558664,3.8191191991638345,-0.0371227423541306,0.0,0.0,0.0,0.0,0.0,0.0,0.0,0.0,0.0,15369700.0,8261200.0,7019500.0,0.0,0.0,0.0,0.0,0.0,0.0,0.0,0.0,0.0,0.0,0.0,0.0,0.0,0.0,0.0,0.0,0.0,0.0,0.0,0.0,0.0,0.0,0.0,0.0,97.18143717447917,3.708164252542058,101.89193398611886,4.91381282857611,103.3043850490025,4.394219603607267,0.01581405579841122
2022-06-14,94.05505311158332,94.05505311158332,90.95798905694105,92.0522232055664,12443700,0.0,0.0,97.69337921142578,102.5290023803711,37.038361587926545,-3.811124303770171,-3.116652649838728,4.545501896416387,-0.015567864717112578,0.0,0.0,0.0,0.0,0.0,0.0,0.0,0.0,0.0,15239700.0,15369700.0,8261200.0,0.0,0.0,0.0,0.0,0.0,0.0,0.0,0.0,0.0,0.0,0.0,0.0,0.0,0.0,0.0,0.0,0.0,0.0,0.0,0.0,0.0,0.0,0.0,0.0,94.22440338134766,2.605372548472124,99.87514277866909,5.699726752538112,102.79006849016461,5.244121145860594,-0.01731326542131062
2022-06-15,92.43324944929363,95.06136133050745,91.92520923873451,93.67402648925781,11751600,0.0,0.0,95.45411224365235,101.90568084716797,37.01618276814774,-4.067459268275783,-3.3068139735261393,4.867548610825434,0.017618295650173144,0.0,0.0,0.0,0.0,0.0,0.0,0.0,0.0,0.0,12443700.0,15239700.0,15369700.0,0.0,0.0,0.0,0.0,0.0,0.0,0.0,0.0,0.0,0.0,0.0,0.0,0.0,0.0,0.0,0.0,0.0,0.0,0.0,0.0,0.0,0.0,0.0,0.0,93.07806396484375,0.8922768322418484,98.207275390625,5.536823610639719,102.27505329677037,5.77306179980509,0.016970628964944057
2022-06-16,91.84706278996937,93.18553768296992,91.26086880768834,92.11084747314453,15298500,0.0,0.0,93.69161682128906,101.41620750427246,29.52660539273444,-4.346636734421381,-3.5147785257051876,5.33762518183542,-0.016687432735610463,0.0,0.0,0.0,0.0,0.0,0.0,0.0,0.0,0.0,11751600.0,12443700.0,15239700.0,0.0,0.0,0.0,0.0,0.0,0.0,0.0,0.0,0.0,0.0,0.0,0.0,0.0,0.0,0.0,0.0,0.0,0.0,0.0,0.0,0.0,0.0,0.0,0.0,92.61236572265625,0.9198923245106699,96.32168143136161,4.928960419402684,101.48438807896206,6.367023777599325,-0.0006358831984709656
2022-06-17,91.84705466520816,93.76195881332688,91.31947789166624,92.1694564819336,15403800,0.0,0.0,92.70289916992188,100.98633041381837,18.81767902634533,-4.511155834154323,-3.714053987395015,5.7248289087839135,0.0006362878031944685,0.0,0.0,0.0,0.0,0.0,0.0,0.0,0.0,0.0,15298500.0,11751600.0,12443700.0,0.0,0.0,0.0,0.0,0.0,0.0,0.0,0.0,0.0,0.0,0.0,0.0,0.0,0.0,0.0,0.0,0.0,0.0,0.0,0.0,0.0,0.0,0.0,0.0,92.65144348144531,0.8860675820040853,94.50726645333427,3.3387681601183896,100.43900626046317,6.622621582606368,0.01125512780987914
2022-06-21,92.71658173758372,93.2539230938843,91.12407932957551,91.14362335205078,16649800,0.0,0.0,92.23003540039062,100.5403335571289,14.196225630096876,-4.670476223688965,-3.905338434653805,6.133380491009253,-0.011129859815153464,0.0,0.0,0.0,0.0,0.0,0.0,0.0,0.0,0.0,15403800.0,15298500.0,11751600.0,0.0,0.0,0.0,0.0,0.0,0.0,0.0,0.0,0.0,0.0,0.0,0.0,0.0,0.0,0.0,0.0,0.0,0.0,0.0,0.0,0.0,0.0,0.0,0.0,91.80797576904297,0.5760918802161188,93.11016627720424,1.9735461995910029,99.24219022478376,6.68446694434588,-0.0022459198274021874
2022-06-22,90.04938377635703,92.43324751321744,89.89306887520856,91.34878540039062,11403500,0.0,0.0,92.08934783935547,99.93801765441894,15.757278694157137,-4.725708887146965,-4.069412525152437,6.422935572984202,0.0022509753375437036,0.0,0.0,0.0,0.0,0.0,0.0,0.0,0.0,0.0,16649800.0,15403800.0,15298500.0,0.0,0.0,0.0,0.0,0.0,0.0,0.0,0.0,0.0,0.0,0.0,0.0,0.0,0.0,0.0,0.0,0.0,0.0,0.0,0.0,0.0,0.0,0.0,0.0,91.553955078125,0.5428207347625228,92.28670065743583,0.9748559584263563,98.14726093837193,6.628033189812358,-0.008483557037170408
2022-06-23,91.79819745846143,92.47232454424488,89.95168257065967,92.13037872314453,11348800,0.0,0.0,91.7806182861328,99.58190383911133,12.392111239785365,-4.652778784198958,-4.1860857769617414,6.6561451183082365,0.00855614356915746,0.0,0.0,0.0,0.0,0.0,0.0,0.0,0.0,0.0,11403500.0,16649800.0,15403800.0,0.0,0.0,0.0,0.0,0.0,0.0,0.0,0.0,0.0,0.0,0.0,0.0,0.0,0.0,0.0,0.0,0.0,0.0,0.0,0.0,0.0,0.0,0.0,0.0,91.54092915852864,0.5206831651203615,92.08990587506976,0.8128112917606666,96.9909199305943,6.108735580336975,-0.035590171986247476
2022-06-24,93.25392504871735,96.30214413288687,93.20507989922643,95.53031921386719,11681200,0.0,0.0,92.46451263427734,99.31420783996582,26.640902194279448,-4.271396370558705,-4.203147895681134,6.708467259704872,0.03690357662524768,0.0,0.0,0.0,0.0,0.0,0.0,0.0,0.0,0.0,11348800.0,11403500.0,16649800.0,0.0,0.0,0.0,0.0,0.0,0.0,0.0,0.0,0.0,0.0,0.0,0.0,0.0,0.0,0.0,0.0,0.0,0.0,0.0,0.0,0.0,0.0,0.0,0.0,93.00316111246745,2.223199964611086,92.58677673339844,1.5313845905630286,96.23095975603376,5.511617949955229,0.0121104714253093
2022-06-27,95.96020368548156,95.96997569747542,93.59588364552685,94.38724517822266,10793700,0.0,0.0,92.90807037353515,98.8745620727539,26.269007362462546,-4.0151009966690765,-4.165538515878723,6.7298656021243985,-0.011965562818705644,0.0,0.0,0.0,0.0,0.0,0.0,0.0,0.0,0.0,11681200.0,11348800.0,11403500.0,0.0,0.0,0.0,0.0,0.0,0.0,0.0,0.0,0.0,0.0,0.0,0.0,0.0,0.0,0.0,0.0,0.0,0.0,0.0,0.0,0.0,0.0,0.0,0.0,94.01598103841145,1.7301088495371522,92.68866511753627,1.63593696265675,95.44797025408063,4.856311835434178,0.007193585692286897
2022-06-28,97.4452226531561,98.09004123330075,93.57633353387024,93.7131118774414,16812400,0.0,0.0,93.42196807861328,98.21997756958008,25.566053385903928,-3.822320656542445,-4.096894944011467,6.552271505470676,-0.0071422076098136555,0.0,0.0,0.0,0.0,0.0,0.0,0.0,0.0,0.0,10793700.0,11681200.0,11348800.0,0.0,0.0,0.0,0.0,0.0,0.0,0.0,0.0,0.0,0.0,0.0,0.0,0.0,0.0,0.0,0.0,0.0,0.0,0.0,0.0,0.0,0.0,0.0,0.0,94.54355875651042,0.9186327214716313,92.91756003243583,1.6536125218221307,94.61962073189872,3.9490277272290206,0.0028228557591409853
2022-06-29,93.742411159054,93.98665924175488,92.35508383823938,93.4493179321289,8653200,0.0,0.0,93.84207458496094,97.4974910736084,25.756914720471855,-3.6487661104106763,-4.007269177291309,6.216904090175099,-0.0028149096751529656,0.0,0.0,0.0,0.0,0.0,0.0,0.0,0.0,0.0,16812400.0,10793700.0,11681200.0,0.0,0.0,0.0,0.0,0.0,0.0,0.0,0.0,0.0,0.0,0.0,0.0,0.0,0.0,0.0,0.0,0.0,0.0,0.0,0.0,0.0,0.0,0.0,0.0,93.84989166259766,0.4836924766444167,93.10039738246373,1.6276622960357126,93.80383191789899,2.626893841386309,0.013241405895841662
2022-06-30,92.24762494812447,93.24416141705238,90.41088183331847,92.22808837890625,10983500,0.0,0.0,93.86161651611329,96.7750057220459,29.127544999227155,-3.5686289675683867,-3.9195411353467247,5.9267322506417015,-0.013068362404845213,0.0,0.0,0.0,0.0,0.0,0.0,0.0,0.0,0.0,8653200.0,16812400.0,10793700.0,0.0,0.0,0.0,0.0,0.0,0.0,0.0,0.0,0.0,0.0,0.0,0.0,0.0,0.0,0.0,0.0,0.0,0.0,0.0,0.0,0.0,0.0,0.0,0.0,93.13017272949219,0.7922840040512864,93.2553209577288,1.4525641977778694,93.18274361746651,1.6664727533169872,-0.018098521712142213
2022-07-01,92.07176016022417,94.09413409649169,91.81774750722117,93.92804718017578,10543400,0.0,0.0,93.541162109375,96.05545043945312,41.492667371494576,-3.329566071307852,-3.80154612253895,5.290903776110451,0.018432115759414724,0.0,0.0,0.0,0.0,0.0,0.0,0.0,0.0,0.0,10983500.0,8653200.0,16812400.0,0.0,0.0,0.0,0.0,0.0,0.0,0.0,0.0,0.0,0.0,0.0,0.0,0.0,0.0,0.0,0.0,0.0,0.0,0.0,0.0,0.0,0.0,0.0,0.0,93.20181783040364,0.8765883907339661,93.62378692626953,1.1921247866143394,92.95524379185268,1.2553373066609792,-0.010701822393092697
2022-07-05,92.09130627782302,94.99297491629795,90.18616661378226,94.94412231445312,10660600,0.0,0.0,93.6525375366211,95.49416847229004,54.4518625204273,-3.0232678818017433,-3.645890474391509,4.726824918770311,0.010817590323455528,0.0,0.0,0.0,0.0,0.0,0.0,0.0,0.0,0.0,10543400.0,10983500.0,8653200.0,0.0,0.0,0.0,0.0,0.0,0.0,0.0,0.0,0.0,0.0,0.0,0.0,0.0,0.0,0.0,0.0,0.0,0.0,0.0,0.0,0.0,0.0,0.0,0.0,93.70008595784505,1.3722918144207061,94.02575029645648,1.0730769357698529,93.05782808576312,1.3584257155322317,0.011448876199613212
2022-07-06,95.28605878023487,95.93087728254243,93.20506784379279,93.86942291259766,8640200,0.0,0.0,93.68379974365234,94.9201847076416,55.769223316397515,-2.8345684789828454,-3.4836260753097763,4.125948779472487,-0.011319283128407687,0.0,0.0,0.0,0.0,0.0,0.0,0.0,0.0,0.0,10660600.0,10543400.0,10983500.0,0.0,0.0,0.0,0.0,0.0,0.0,0.0,0.0,0.0,0.0,0.0,0.0,0.0,0.0,0.0,0.0,0.0,0.0,0.0,0.0,0.0,0.0,0.0,0.0,94.24719746907552,0.6042659855281792,93.78847939627511,0.8441556850567994,93.18762806483677,1.3416619436635135,-0.013856097316809812
2022-07-07,94.67055738413272,95.28605986289816,93.72287364026066,95.18836212158203,7813100,0.0,0.0,94.03160858154297,94.41410255432129,54.90196175280937,-2.549209768035027,-3.2967428138548267,3.3280844805123184,0.014050786380272573,0.0,0.0,0.0,0.0,0.0,0.0,0.0,0.0,0.0,8640200.0,10660600.0,10543400.0,0.0,0.0,0.0,0.0,0.0,0.0,0.0,0.0,0.0,0.0,0.0,0.0,0.0,0.0,0.0,0.0,0.0,0.0,0.0,0.0,0.0,0.0,0.0,0.0,94.66730244954427,0.7016923025485088,93.90292467389789,0.9819249848870825,93.29579489571708,1.4412411978856727,0.0163780140264973
2022-07-08,94.34815128643724,94.88550006244671,93.15621942245997,93.65448760986328,7717300,0.0,0.0,94.31688842773437,93.8533088684082,55.00631951090845,-2.4189476647453745,-3.1211837840329366,2.2407782486755536,-0.016114097117876258,0.0,0.0,0.0,0.9989,0.9989,1.0,68.0,1.0,0.0,7813100.0,8640200.0,10660600.0,0.0,0.0,0.0,0.0,0.0,0.0,0.0,0.0,0.0,0.0,0.0,0.0,0.0,0.0,0.0,0.0,0.0,0.0,0.0,0.0,0.0,0.0,0.0,0.0,94.23742421468098,0.830518797606054,93.89454977852958,0.9840614107406658,93.4060549054827,1.4021315851958378,0.02370781029682112
2022-07-11,92.81427540876005,93.14644923763322,91.28039768173811,91.48556518554688,7643700,0.0,0.0,93.8283920288086,93.3814208984375,48.049060452377525,-2.46234355881154,-2.9894157389886575,1.5655531866838008,-0.02315876665036587,0.0,0.0,0.0,0.0,0.0,0.0,0.0,0.0,0.0,7717300.0,7813100.0,8640200.0,0.0,0.0,0.0,0.0,0.0,0.0,0.0,0.0,0.0,0.9989,0.0,0.0,0.9989,0.0,0.0,1.0,0.0,0.0,68.0,0.0,0.0,1.0,0.0,0.0,93.44280497233073,1.8604524830408926,93.614013671875,1.3456307680088826,93.35720552716937,1.4592765912560364,0.0004274127147398943
2022-07-12,91.42694323063253,93.05851861853508,91.16315112967831,91.44647979736328,8665300,0.0,0.0,93.12886352539063,93.09809265136718,50.91550068865504,-2.4714002183616515,-2.8858126348632567,1.3530017600936752,-0.0004272301111581944,0.0,0.0,0.0,0.0,0.0,0.0,0.0,0.0,0.0,7643700.0,7717300.0,7813100.0,0.0,0.0,0.0,0.0,0.0,0.0,0.0,0.0,0.0,0.0,0.9989,0.0,0.0,0.9989,0.0,0.0,1.0,0.0,0.0,68.0,0.0,0.0,1.0,0.0,92.19551086425781,1.2636620493850992,93.50235530308315,1.5030232878595746,93.37883813040597,1.425798599502509,0.007101171123982342
2022-07-13,90.0005480003833,91.1045467955887,88.91608577465777,90.80168151855469,12006400,0.0,0.0,92.51531524658203,92.96277961730956,48.388986789287294,-2.5017686864798065,-2.8090038451865667,1.4422386945379684,-0.007051100055873172,0.0,0.0,0.0,0.0,0.0,0.0,0.0,0.0,0.0,8665300.0,7643700.0,7717300.0,0.0,0.0,0.0,0.0,0.0,0.0,0.0,0.0,0.0,0.0,0.0,0.9989,0.0,0.0,0.9989,0.0,0.0,1.0,0.0,0.0,68.0,0.0,0.0,1.0,91.24457550048828,0.38405497824888474,93.05573163713727,1.7921398032530946,93.33975928170341,1.4916940119311486,0.011977438408189212
2022-07-14,89.37527169583173,89.92238507702648,88.15403114576432,89.72698211669922,11146400,0.0,0.0,91.42303924560547,92.84651756286621,43.04299931626529,-2.58278246778616,-2.7637595697064854,1.6041382629796412,-0.011835677312163617,0.0,0.0,0.0,0.0,0.0,0.0,0.0,0.0,0.0,12006400.0,8665300.0,7643700.0,0.0,0.0,0.0,0.0,0.0,0.0,0.0,0.0,0.0,0.0,0.0,0.0,0.0,0.0,0.0,0.0,0.0,0.0,0.0,0.0,0.0,0.0,0.0,0.0,90.65838114420573,0.8686594939441631,92.31042589460101,1.9534917420294173,93.16808809552874,1.756393308202587,-0.03529409159111618
2022-07-15,90.7723680218601,93.1269158443787,90.56719305719709,93.00967407226562,14946700,0.0,0.0,91.29407653808593,92.8132999420166,42.65373990291141,-2.3549542205845597,-2.6819984998821003,1.5929402239578545,0.036585337856308575,0.0,0.0,0.0,0.0,0.0,0.0,0.0,0.0,0.0,11146400.0,12006400.0,8665300.0,0.0,0.0,0.0,0.0,0.0,0.0,0.0,0.0,0.0,0.0,0.0,0.0,0.0,0.0,0.0,0.0,0.0,0.0,0.0,0.0,0.0,0.0,0.0,0.0,91.17944590250652,1.6736325959190128,92.18760463169643,1.8641200243259095,92.98804201398578,1.619474125375714,-0.005224727586543687
2022-07-18,94.14299518398275,95.03205445736049,93.11715010699358,93.49817657470703,10430400,0.0,0.0,91.69659881591797,92.88266639709472,47.306081913307864,-2.1106503603818965,-2.5677288719820597,1.5909463422446926,0.005252168737435392,0.0,0.0,0.0,0.0,0.0,0.0,0.0,0.0,0.0,14946700.0,11146400.0,12006400.0,0.0,0.0,0.0,0.0,0.0,0.0,0.0,0.0,0.0,0.0,0.0,0.0,0.0,0.0,0.0,0.0,0.0,0.0,0.0,0.0,0.0,0.0,0.0,0.0,92.07827758789062,2.0508782188022354,91.94614955357143,1.4806873523239101,92.92453711373466,1.5772678743795603,-0.03925313667762809
2022-07-19,94.45563376614278,97.55269815526248,94.45563376614278,97.31822204589844,13683400,0.0,0.0,92.870947265625,93.14010467529297,59.1745614828754,-1.5904582344826963,-2.372274744482187,1.862809016442488,0.04085689808227544,0.0,0.0,0.0,0.0,0.0,0.0,0.0,0.0,0.0,10430400.0,14946700.0,11146400.0,0.0,0.0,0.0,0.0,0.0,0.0,0.0,0.0,0.0,0.0,0.0,0.0,0.0,0.0,0.0,0.0,0.0,0.0,0.0,0.0,0.0,0.0,0.0,0.0,94.6086908976237,2.3592007028497552,92.46954018729073,2.489236491777453,93.18204498291016,1.9630301186155612,-0.036187581618305265
2022-07-20,97.94348547141058,101.86122697734788,97.65038477773258,100.97216033935547,15112700,0.0,0.0,94.90504302978516,93.6315315246582,66.32741261492546,-0.8732931638929244,-2.0724784283643345,2.496905900977875,0.037546291091648865,0.0,0.0,0.0,0.9883,0.9883,1.0,1.0,1.0,0.0,13683400.0,10430400.0,14946700.0,0.0,0.0,0.0,0.0,0.0,0.0,0.0,0.0,0.0,0.0,0.0,0.0,0.0,0.0,0.0,0.0,0.0,0.0,0.0,0.0,0.0,0.0,0.0,0.0,97.26285298665364,3.737299510087328,93.82476806640625,3.9926522990759667,93.71939086914062,2.864469721670239,-0.007966997753526606
2022-07-21,100.34688581386168,101.85145496390685,99.27219569350378,101.78306579589844,8611300,0.0,0.0,97.316259765625,94.15324554443359,71.11397863094547,-0.23677202471640157,-1.705337147634748,3.0283668799081096,0.008030980557587553,0.0,0.0,0.0,0.0,0.0,0.0,0.0,0.0,0.0,15112700.0,13683400.0,10430400.0,0.0,0.0,0.0,0.0,0.0,0.0,0.0,0.0,0.0,0.9883,0.0,0.0,0.9883,0.0,0.0,1.0,0.0,0.0,1.0,0.0,0.0,1.0,0.0,0.0,100.02448272705078,2.378503115538594,95.30142320905414,4.796914096171925,94.40188925606864,3.5403720116955806,0.014213375330357048
2022-07-22,100.9037722856702,102.16409335622748,99.76069298465094,100.35665893554688,7803500,0.0,0.0,98.78565673828125,94.5645595550537,64.37937574596518,0.15083768833935096,-1.3341021804399282,3.286782753015512,-0.014014186438556342,0.0,0.0,0.0,0.0,0.0,0.0,0.0,0.0,0.0,8611300.0,15112700.0,13683400.0,0.0,0.0,0.0,0.0,0.0,0.0,0.0,0.0,0.0,0.0,0.9883,0.0,0.0,0.9883,0.0,0.0,1.0,0.0,0.0,1.0,0.0,0.0,1.0,0.0,101.03729502360027,0.7154306592073775,96.66641998291016,4.660606696862711,94.86107581002372,3.875245553506654,0.00029208887805998174
2022-07-25,100.41528017148146,101.01124614658093,99.46759632734422,100.32735443115234,6726700,0.0,0.0,100.15149230957032,94.80441131591797,62.59718038085533,0.45046388268100657,-0.9771889678157414,3.527205634451982,-0.00029200358705994134,0.0,0.0,0.0,0.0,0.0,0.0,0.0,0.0,0.0,7803500.0,8611300.0,15112700.0,0.0,0.0,0.0,0.0,0.0,0.0,0.0,0.0,0.0,0.0,0.0,0.9883,0.0,0.0,0.9883,0.0,0.0,1.0,0.0,0.0,1.0,0.0,0.0,1.0,100.82235972086589,0.832124876715294,98.18075888497489,3.640549767554138,95.24559238978794,4.142010182173447,0.029164161931050092
2022-07-26,99.790009134266,100.00494866779549,97.26936680191972,97.48430633544922,6346600,0.0,0.0,100.18470916748046,94.95926437377929,57.81253091639152,0.45328439901589945,-0.6910942944494132,3.5755796917215075,-0.028337716187404438,0.0,0.0,0.0,0.0,0.0,0.0,0.0,0.0,0.0,6726700.0,7803500.0,8611300.0,0.0,0.0,0.0,0.0,0.0,0.0,0.0,0.0,0.0,0.0,0.0,0.0,0.0,0.0,0.0,0.0,0.0,0.0,0.0,0.0,0.0,0.0,0.0,0.0,99.38943990071614,1.6499591251376822,98.81999206542969,2.8984539056992795,95.50379834856305,4.1622464515105815,-0.035942055403897166
2022-07-27,98.64693124293787,101.26527137009951,98.49060886932294,101.11872100830078,9684800,0.0,0.0,100.21402130126953,95.32954483032226,61.65070779221948,0.7402533882919045,-0.4048247579011497,3.8151670320310824,0.03728204886995168,0.0,0.0,0.0,0.0,0.0,0.0,0.0,0.0,0.0,6346600.0,6726700.0,7803500.0,0.0,0.0,0.0,0.0,0.0,0.0,0.0,0.0,0.0,0.0,0.0,0.0,0.0,0.0,0.0,0.0,0.0,0.0,0.0,0.0,0.0,0.0,0.0,0.0,99.64346059163411,1.9112889868773304,99.9086412702288,1.7829070483582306,95.92739541190011,4.421378271474401,-0.013345977711343271
2022-07-28,100.87446466052141,102.55489277048626,100.34688787340264,102.48650360107422,7970300,0.0,0.0,100.35470886230469,95.78140411376953,67.46524542439326,1.0657615680508457,-0.11070749271075062,4.104924895655293,0.01352650210697548,0.0,0.0,0.0,0.0,0.0,0.0,0.0,0.0,0.0,9684800.0,6346600.0,6726700.0,0.0,0.0,0.0,0.0,0.0,0.0,0.0,0.0,0.0,0.0,0.0,0.0,0.0,0.0,0.0,0.0,0.0,0.0,0.0,0.0,0.0,0.0,0.0,0.0,100.36317698160808,2.585271640130002,100.64696720668248,1.5912139693980345,96.55825369698661,4.693822909311586,-0.01131011257340686
2022-07-29,102.72098554285719,103.89337350069842,100.99171218696225,103.65889739990234,10320000,0.0,0.0,101.01515655517578,96.35294456481934,75.06036634763414,1.4021682048847168,0.1918676468083429,4.371278492965276,0.011439494544487783,0.0,0.0,0.0,0.0,0.0,0.0,0.0,0.0,0.0,7970300.0,9684800.0,6346600.0,0.0,0.0,0.0,0.0,0.0,0.0,0.0,0.0,0.0,0.0,0.0,0.0,0.0,0.0,0.0,0.0,0.0,0.0,0.0,0.0,0.0,0.0,0.0,0.0,102.42137400309245,1.2713400109778108,101.0307867867606,1.9632677692806815,97.42777742658343,4.807987157482653,-0.0011297482029674066
2022-08-01,102.4572000007046,104.19624535357005,101.47043554792806,103.77613830566406,7769700,0.0,0.0,101.70491333007813,96.84534912109375,75.30076966599796,1.6591080842895707,0.4853157343045885,4.6307204773374835,0.0011310259775330067,0.0,0.0,0.0,0.0,0.0,0.0,0.0,0.0,0.0,10320000.0,7970300.0,9684800.0,0.0,0.0,0.0,0.0,0.0,0.0,0.0,0.0,0.0,0.0,0.0,0.0,0.0,0.0,0.0,0.0,0.0,0.0,0.0,0.0,0.0,0.0,0.0,0.0,103.3071797688802,0.7131398087332694,101.31551143101284,2.2184858348591048,98.30846732003349,4.757057796810262,0.014420773968938816
2022-08-02,103.30718148157389,103.91291949513754,102.21295468786019,102.3008804321289,9093000,0.0,0.0,102.66822814941406,97.21318702697754,72.81892027821944,1.7238226542046533,0.7330171182846015,4.7620757010092705,-0.014215771540755373,0.0,0.0,0.0,0.0,0.0,0.0,0.0,0.0,0.0,7769700.0,10320000.0,7970300.0,0.0,0.0,0.0,0.0,0.0,0.0,0.0,0.0,0.0,0.0,0.0,0.0,0.0,0.0,0.0,0.0,0.0,0.0,0.0,0.0,0.0,0.0,0.0,0.0,103.24530537923177,0.8199940353620059,101.59325735909599,2.2000617700856915,99.12983867100307,4.335250878288817,-0.03953390022937242
2022-08-03,103.29740519575287,107.17605859219252,103.29740519575287,106.51170349121094,11243000,0.0,0.0,103.7468246459961,97.84530105590821,79.620700064169,2.0907863629343666,1.0045709672145546,5.120445199251916,0.04116116148067439,0.0,0.0,0.0,0.0,0.0,0.0,0.0,0.0,0.0,9093000.0,7769700.0,10320000.0,0.0,0.0,0.0,0.0,0.0,0.0,0.0,0.0,0.0,0.0,0.0,0.0,0.0,0.0,0.0,0.0,0.0,0.0,0.0,0.0,0.0,0.0,0.0,0.0,104.1962407430013,2.1366146709496747,102.47673579624721,2.7738809708397074,100.32874734061105,3.8258440112588166,0.008323960220008697
2022-08-04,106.41401286653876,106.93181765783031,105.18300778100584,105.6324234008789,7322400,0.0,0.0,104.37600860595703,98.36750411987305,74.34066446557138,2.284324915411972,1.2605217568540381,5.362080560687797,-0.008255243898193654,0.0,0.0,0.0,0.0,0.0,0.0,0.0,0.0,0.0,11243000.0,9093000.0,7769700.0,0.0,0.0,0.0,0.0,0.0,0.0,0.0,0.0,0.0,0.0,0.0,0.0,0.0,0.0,0.0,0.0,0.0,0.0,0.0,0.0,0.0,0.0,0.0,0.0,104.81500244140625,2.221236249808599,103.64075251988002,1.9024528749760203,101.23037229265485,3.435798324732867,0.01397363007819763
2022-08-05,104.35255570724281,105.22207834567142,102.94569172191073,104.17669677734375,10100000,0.0,0.0,104.47956848144531,98.89361457824707,69.85108301585046,2.293799151339897,1.4671772357512098,5.391438638524808,-0.013781058662363788,0.0,0.0,0.0,0.0,0.0,0.0,0.0,0.0,0.0,7322400.0,11243000.0,9093000.0,0.0,0.0,0.0,0.0,0.0,0.0,0.0,0.0,0.0,0.0,0.0,0.0,0.0,0.0,0.0,0.0,0.0,0.0,0.0,0.0,0.0,0.0,0.0,0.0,105.44027455647786,1.1793027483455336,104.07760620117188,1.5441646597610754,101.99312373570034,2.6920131489186128,-0.02272937429878752
2022-08-08,105.72034525391271,108.67086643544994,105.41747999931809,106.59963989257812,13025900,0.0,0.0,105.04426879882813,99.64931831359863,68.1992396775122,2.4683650359592235,1.6674147957928127,5.357564592505588,0.02325801441384656,0.0,0.0,0.0,0.0,0.0,0.0,0.0,0.0,0.0,10100000.0,7322400.0,11243000.0,0.0,0.0,0.0,0.0,0.0,0.0,0.0,0.0,0.0,0.0,0.0,0.0,0.0,0.0,0.0,0.0,0.0,0.0,0.0,0.0,0.0,0.0,0.0,0.0,105.46958669026692,1.21965166365575,104.66519709995815,1.6185833304120842,102.65608215332031,2.593219613452312,0.009063221560148715
2022-08-09,106.70710694683794,106.70710694683794,104.56749128929228,105.64218139648438,8776500,0.0,0.0,105.71252899169922,100.35910339355469,60.2399331110169,2.500625207571332,1.8340568781485167,5.149953601767148,-0.008981817359407507,0.0,0.0,0.0,0.0,0.0,0.0,0.0,0.0,0.0,13025900.0,10100000.0,7322400.0,0.0,0.0,0.0,0.0,0.0,0.0,0.0,0.0,0.0,0.0,0.0,0.0,0.0,0.0,0.0,0.0,0.0,0.0,0.0,0.0,0.0,0.0,0.0,0.0,105.47283935546875,1.22031589355279,104.94852338518415,1.586338274504877,102.98965508597237,2.659462741023866,-0.03824613596255322
2022-08-10,109.89211432291313,110.07773782023912,107.38124401846213,109.84326171875,26398700,0.0,0.0,106.37884063720703,101.31118240356446,65.38606951552347,2.8325320320342513,2.0337519089256637,5.049201486224533,0.039767072837114226,0.0,0.0,0.0,0.0,0.0,0.0,0.0,0.0,0.0,8776500.0,13025900.0,10100000.0,0.0,0.0,0.0,0.0,0.0,0.0,0.0,0.0,0.0,0.0,0.0,0.0,0.0,0.0,0.0,0.0,0.0,0.0,0.0,0.0,0.0,0.0,0.0,0.0,107.3616943359375,2.201775238191972,105.81525530133929,2.324658462548173,103.56538336617606,3.1964070014602006,-0.04469365969714456
2022-08-11,119.39824116964412,120.43385073586899,114.63052090668874,114.98223876953125,50375000,0.0,0.0,108.2488037109375,102.57394523620606,74.4528042728667,3.4702403112964646,2.321049589399824,5.156533738689166,0.046784636311505645,0.0,0.0,0.0,0.6393500000000001,0.6624089719626167,4.0,1070.0,0.75,0.0,26398700.0,8776500.0,13025900.0,0.0,0.0,0.0,0.0,0.0,0.0,0.0,0.0,0.0,0.0,0.0,0.0,0.0,0.0,0.0,0.0,0.0,0.0,0.0,0.0,0.0,0.0,0.0,0.0,110.15589396158855,4.67787046874955,107.6268779209682,3.6772530820821374,104.61006764003209,4.275068977649595,-0.031915728673461485
2022-08-12,116.26209433501295,118.8120450675771,116.18393315493687,118.77296447753906,21964800,0.0,0.0,111.16805725097656,103.86210975646972,77.39407512790571,4.23271648045926,2.703382967611711,5.81718212043977,0.03296792399046855,0.0,0.0,0.0,0.0,0.0,0.0,0.0,0.0,0.0,50375000.0,26398700.0,8776500.0,0.0,0.0,0.0,0.0,0.0,0.0,0.0,0.0,0.0,0.6393500000000001,0.0,0.0,0.6624089719626167,0.0,0.0,4.0,0.0,0.0,1070.0,0.0,0.0,0.75,0.0,0.0,114.53282165527344,4.481783087904044,109.37848663330078,5.517364125015522,105.92761121477399,5.515948285368301,-0.021648183459795356
2022-08-15,118.21607997098546,123.06196136293615,118.20630795993999,121.40107727050781,24628300,0.0,0.0,114.1283447265625,105.25725479125977,85.74766189950438,4.991512032599047,3.1610087806091784,6.505981966926026,0.022127197081670547,0.0,0.0,0.0,0.0,0.0,0.0,0.0,0.0,0.0,21964800.0,50375000.0,26398700.0,0.0,0.0,0.0,0.0,0.0,0.0,0.0,0.0,0.0,0.0,0.6393500000000001,0.0,0.0,0.6624089719626167,0.0,0.0,4.0,0.0,0.0,1070.0,0.0,0.0,0.75,0.0,118.3854268391927,3.226919737343442,111.6311514718192,6.802402089136488,107.63595199584961,6.341649085953436,-0.005601764938097165
2022-08-16,121.86026449060732,123.57000117880656,120.609707965996,122.08496856689453,14607300,0.0,0.0,117.41690216064453,106.49559211730957,84.36898905880511,5.583682075353664,3.6455434395580757,7.231882440555788,0.005633321480853493,0.0,0.0,0.0,0.0,0.0,0.0,0.0,0.0,0.0,24628300.0,21964800.0,50375000.0,0.0,0.0,0.0,0.0,0.0,0.0,0.0,0.0,0.0,0.0,0.0,0.6393500000000001,0.0,0.0,0.6624089719626167,0.0,0.0,4.0,0.0,0.0,1070.0,0.0,0.0,0.75,120.7530034383138,1.7485258193571043,114.1894760131836,6.8984813660496895,109.13354110717773,7.112911481989145,0.017506708379433578
2022-08-17,120.60971058410472,121.6160190322461,119.74995994276573,119.98443603515625,9140900,0.0,0.0,119.44513702392578,107.4462059020996,78.01063566555715,5.816437410303607,4.079722233707182,7.701912371284697,-0.01720549676504468,0.0,0.0,0.0,0.0,0.0,0.0,0.0,0.0,0.0,14607300.0,24628300.0,21964800.0,0.0,0.0,0.0,0.0,0.0,0.0,0.0,0.0,0.0,0.0,0.0,0.0,0.0,0.0,0.0,0.0,0.0,0.0,0.0,0.0,0.0,0.0,0.0,0.0,121.15682729085286,1.0713555752617412,116.10158974783761,6.2705258647801365,110.38339342389789,7.387122935830265,0.0011412167023912012
2022-08-18,120.17984519346557,120.29707951878162,118.90975200756138,119.84766387939453,7343900,0.0,0.0,120.41822204589843,108.34943580627441,76.80363900945375,5.921600792379664,4.4480979454416785,8.054022036186728,-0.0011399158114278052,0.0,0.0,0.0,0.0,0.0,0.0,0.0,0.0,0.0,9140900.0,14607300.0,24628300.0,0.0,0.0,0.0,0.0,0.0,0.0,0.0,0.0,0.0,0.0,0.0,0.0,0.0,0.0,0.0,0.0,0.0,0.0,0.0,0.0,0.0,0.0,0.0,0.0,120.63902282714844,1.2540916901749892,118.13094438825335,4.315144923560687,111.53973388671875,7.519402857083828,0.021058859233358485
2022-08-19,118.46032424291882,118.5971025776946,116.73105103676191,117.37586212158203,8702500,0.0,0.0,120.13880157470703,109.20039596557618,70.88834187947653,5.739330358427068,4.706344428038756,8.064174752356397,-0.02062453015604815,0.0,0.0,0.0,0.0,0.0,0.0,0.0,0.0,0.0,7343900.0,9140900.0,14607300.0,0.0,0.0,0.0,0.0,0.0,0.0,0.0,0.0,0.0,0.0,0.0,0.0,0.0,0.0,0.0,0.0,0.0,0.0,0.0,0.0,0.0,0.0,0.0,0.0,119.06932067871094,1.4681716756508383,119.20703016008649,2.43247457501805,112.51114273071289,7.31497166348948,0.03622558935553544
2022-08-22,114.99200030895298,115.49026851054666,113.02825098912325,113.27249908447266,11575800,0.0,0.0,118.5130859375,109.84765319824218,65.59288600978292,5.203786609681416,4.805832864367288,7.830640538191009,-0.03495917272035853,0.0,0.0,0.0,0.0,0.0,0.0,0.0,0.0,0.0,8702500.0,7343900.0,9140900.0,0.0,0.0,0.0,0.0,0.0,0.0,0.0,0.0,0.0,0.0,0.0,0.0,0.0,0.0,0.0,0.0,0.0,0.0,0.0,0.0,0.0,0.0,0.0,0.0,116.8320083618164,3.3211490035986095,118.96278163364956,2.9567378066518137,113.29482977730888,6.698716453189406,0.009402761060368192
2022-08-23,113.31158034847272,113.69260678317632,111.98287010555643,112.21734619140625,7180700,0.0,0.0,116.53956146240235,110.58430519104004,58.9078797661951,4.640726899283578,4.772811671350546,7.280000251558338,-0.009315172717073494,0.0,0.0,0.0,0.0,0.0,0.0,0.0,0.0,0.0,11575800.0,8702500.0,7343900.0,0.0,0.0,0.0,0.0,0.0,0.0,0.0,0.0,0.0,0.0,0.0,0.0,0.0,0.0,0.0,0.0,0.0,0.0,0.0,0.0,0.0,0.0,0.0,0.0,114.28856913248698,2.7252285055245973,118.02626473563058,3.91107854251857,113.70237568446568,6.4221448903089025,-0.013315117332809323
2022-08-24,112.03172481686391,114.4644414354832,111.47483940676597,113.73169708251953,7840500,0.0,0.0,115.289013671875,111.21495399475097,62.399040581855154,4.267500394994769,4.671749416079391,6.955967158591561,0.013494802207586476,0.0,0.0,0.0,0.0,0.0,0.0,0.0,0.0,0.0,7180700.0,11575800.0,8702500.0,0.0,0.0,0.0,0.0,0.0,0.0,0.0,0.0,0.0,0.0,0.0,0.0,0.0,0.0,0.0,0.0,0.0,0.0,0.0,0.0,0.0,0.0,0.0,0.0,113.07384745279948,0.7764737654482285,116.9306389944894,3.882232895373424,114.2808952331543,5.989493535976649,-0.008939135653966424
2022-08-25,114.32765115692155,115.06039548120343,113.43859191946711,114.75753021240234,6920900,0.0,0.0,114.27098693847657,111.82850532531738,66.41406567893952,4.00828682626917,4.539056898117347,6.681314078102948,0.009019764552871345,0.0,0.0,0.0,0.0,0.0,0.0,0.0,0.0,0.0,7840500.0,7180700.0,11575800.0,0.0,0.0,0.0,0.0,0.0,0.0,0.0,0.0,0.0,0.0,0.0,0.0,0.0,0.0,0.0,0.0,0.0,0.0,0.0,0.0,0.0,0.0,0.0,0.0,113.56885782877605,1.277897171939672,115.8838620867048,3.1863115744967145,115.0366690499442,5.236690559640668,0.02971859171537039
2022-08-26,114.7673018737654,115.64659655099395,111.26966718760117,111.44552612304688,7807400,0.0,0.0,113.08491973876953,112.21783676147462,57.31563709943443,3.4953153356521653,4.330308585624311,6.401199716770355,-0.028860886803901642,0.0,0.0,0.0,0.0,0.0,0.0,0.0,0.0,0.0,6920900.0,7840500.0,7180700.0,0.0,0.0,0.0,0.0,0.0,0.0,0.0,0.0,0.0,0.0,0.0,0.0,0.0,0.0,0.0,0.0,0.0,0.0,0.0,0.0,0.0,0.0,0.0,0.0,113.31158447265625,1.6954980759948015,114.66401781354632,2.982824940748417,115.38280378069196,4.776010414401482,0.004756491450786049
2022-08-29,109.95072547392253,111.83632110207834,109.82371914544693,110.9179458618164,6882700,0.0,0.0,112.61400909423828,112.57492713928222,58.069341926877236,3.0114957670574825,4.066546021910946,6.097492889615666,-0.004733974342298608,0.0,0.0,0.0,0.0,0.0,0.0,0.0,0.0,0.0,7807400.0,6920900.0,7840500.0,0.0,0.0,0.0,0.0,0.0,0.0,0.0,0.0,0.0,0.0,0.0,0.0,0.0,0.0,0.0,0.0,0.0,0.0,0.0,0.0,0.0,0.0,0.0,0.0,112.37366739908855,2.0812704455538538,113.38834381103516,2.2043490032840145,115.75964409964425,4.110031744780232,0.009783796714067927
2022-08-30,111.6506962648728,112.1098839101071,108.88580583572308,109.84326171875,8060000,0.0,0.0,112.13919219970703,112.95204620361328,50.0,2.5123860222209373,3.7557140219729446,5.6450749642809575,-0.009689001493097149,0.0,0.0,0.0,0.0,0.0,0.0,0.0,0.0,0.0,6882700.0,7807400.0,6920900.0,0.0,0.0,0.0,0.0,0.0,0.0,0.0,0.0,0.0,0.0,0.0,0.0,0.0,0.0,0.0,0.0,0.0,0.0,0.0,0.0,0.0,0.0,0.0,0.0,110.73557790120442,0.8165515048747247,112.312258039202,1.7183571522132595,115.75964409964425,4.110031744780232,0.0031227887213955974
2022-08-31,110.2731371623576,111.13288780882948,109.2766007194923,109.50131225585938,7353000,0.0,0.0,111.293115234375,113.10152664184571,38.93491153424837,2.0654364242725762,3.4176585024328707,5.503363651782161,-0.0031130672700359074,0.0,0.0,0.0,0.0,0.0,0.0,0.0,0.0,0.0,8060000.0,6882700.0,7807400.0,0.0,0.0,0.0,0.0,0.0,0.0,0.0,0.0,0.0,0.0,0.0,0.0,0.0,0.0,0.0,0.0,0.0,0.0,0.0,0.0,0.0,0.0,0.0,0.0,110.08750661214192,0.7392255199486618,111.77351706368583,1.9435435110617698,115.36814934866769,4.437751481232605,-0.003998839709150048
2022-09-01,109.21797623090102,109.99956564237732,107.49846759947694,109.94094848632812,7718700,0.0,0.0,110.32979888916016,113.31695289611817,29.379542670914162,1.726795197264721,3.079485841399241,5.275199172212415,0.004014894629221333,0.0,0.0,0.0,0.0,0.0,0.0,0.0,0.0,0.0,7353000.0,8060000.0,6882700.0,0.0,0.0,0.0,0.0,0.0,0.0,0.0,0.0,0.0,0.0,0.0,0.0,0.0,0.0,0.0,0.0,0.0,0.0,0.0,0.0,0.0,0.0,0.0,0.0,109.7618408203125,0.2308506569464468,111.4483173915318,2.044717086586117,114.7372910635812,4.5430190689899606,0.011960294292074458
2022-09-02,110.44900551022232,111.26967563536837,108.28984551793296,108.64156341552734,8465100,0.0,0.0,109.76900634765624,113.54019622802734,18.239274394331588,1.3381447693483608,2.731217626989065,4.952644338858345,-0.01181893633528519,0.0,0.0,0.0,0.0,0.0,0.0,0.0,0.0,0.0,7718700.0,7353000.0,8060000.0,0.0,0.0,0.0,0.0,0.0,0.0,0.0,0.0,0.0,0.0,0.0,0.0,0.0,0.0,0.0,0.0,0.0,0.0,0.0,0.0,0.0,0.0,0.0,0.0,109.36127471923828,0.6609147254395243,110.72115543910435,2.0019948933608105,113.82589721679688,4.380289733373948,0.010082834659386863
2022-09-06,109.19843055919351,109.20820256967404,106.02320545427807,107.55708312988281,9537300,0.0,0.0,109.09683380126953,113.58806838989258,14.544558772982654,0.9318858099397005,2.3713512635791925,4.886207862412311,-0.009982185929124143,0.0,0.0,0.0,0.0,0.0,0.0,0.0,0.0,0.0,8465100.0,7718700.0,7353000.0,0.0,0.0,0.0,0.0,0.0,0.0,0.0,0.0,0.0,0.0,0.0,0.0,0.0,0.0,0.0,0.0,0.0,0.0,0.0,0.0,0.0,0.0,0.0,0.0,108.71319834391277,1.1935460534220128,109.69252014160156,1.314045886999377,112.78819111415318,3.975311221892004,-0.02307224820469178
2022-09-07,107.34215653948023,110.36105944579326,107.34215653948023,110.09727478027344,8193900,0.0,0.0,109.14763641357422,113.81082305908203,26.377230795255358,0.8056083430844154,2.058202679480237,4.597949458750901,0.023617148926613707,0.0,0.0,0.0,0.0,0.0,0.0,0.0,0.0,0.0,9537300.0,8465100.0,7718700.0,0.0,0.0,0.0,0.0,0.0,0.0,0.0,0.0,0.0,0.0,0.0,0.0,0.0,0.0,0.0,0.0,0.0,0.0,0.0,0.0,0.0,0.0,0.0,0.0,108.7653071085612,1.2746088738720769,109.49991280691964,1.0947916702710994,112.08196531023297,3.4408497652230867,0.003204753203971178
2022-09-08,108.51455470704208,110.39037848406461,107.82089093909711,109.74556732177734,8443300,0.0,0.0,109.19648742675781,113.80593833923339,26.109074243813012,0.6694358485105454,1.7804493132862989,4.602436021396758,-0.0031945155699630856,0.0,0.0,0.0,0.0,0.0,0.0,0.0,0.0,0.0,8193900.0,9537300.0,8465100.0,0.0,0.0,0.0,0.0,0.0,0.0,0.0,0.0,0.0,0.0,0.0,0.0,0.0,0.0,0.0,0.0,0.0,0.0,0.0,0.0,0.0,0.0,0.0,0.0,109.13330841064453,1.37633176809785,109.33243015834263,0.916932216745878,111.3603869846889,2.6570087253224495,-0.024743771496447686
2022-09-09,110.66392448203062,112.8719293654522,110.58577075594361,112.52998352050781,9563100,0.0,0.0,109.71429443359375,113.68332557678222,38.70673852242885,0.7772377692017045,1.5798070044693802,4.602114099415561,0.02537155956892989,0.0,0.0,0.0,0.0,0.0,0.0,0.0,0.0,0.0,8443300.0,8193900.0,9537300.0,0.0,0.0,0.0,0.0,0.0,0.0,0.0,0.0,0.0,0.0,0.0,0.0,0.0,0.0,0.0,0.0,0.0,0.0,0.0,0.0,0.0,0.0,0.0,0.0,110.7909418741862,1.5162862262191206,109.71624755859375,1.5262577427746185,111.01425279889789,2.0621260584781385,-0.010396070228021359
2022-09-12,113.46789484840706,114.78683307565089,112.61790879118487,113.71214294433594,7923400,0.0,0.0,110.72841033935546,113.43028450012207,51.18607688783304,0.9471438688611045,1.453274377347725,4.4439517742644865,0.01050528389718175,0.0,0.0,0.0,0.0,0.0,0.0,0.0,0.0,0.0,9563100.0,8443300.0,8193900.0,0.0,0.0,0.0,0.0,0.0,0.0,0.0,0.0,0.0,0.0,0.0,0.0,0.0,0.0,0.0,0.0,0.0,0.0,0.0,0.0,0.0,0.0,0.0,0.0,111.9958979288737,2.036508312470887,110.31779479980469,2.135600826849941,111.04565593174526,2.1021208925513646,0.04142806903809415
2022-09-13,110.44898832533816,111.20126915634049,108.61223793393596,109.18866729736328,10504600,0.0,0.0,111.05472717285156,112.81966400146484,43.11721889003744,0.7086204609285005,1.3043435940638801,4.118163050544198,-0.03978005804698426,0.0,0.0,0.0,0.0,0.0,0.0,0.0,0.0,0.0,7923400.0,9563100.0,8443300.0,0.0,0.0,0.0,0.0,0.0,0.0,0.0,0.0,0.0,0.0,0.0,0.0,0.0,0.0,0.0,0.0,0.0,0.0,0.0,0.0,0.0,0.0,0.0,0.0,111.81026458740234,2.346050828347959,110.21032605852399,2.1762664669173746,110.8293217250279,2.127949556360751,-0.006577867799871462
2022-09-14,109.27660502235715,110.14612771435122,107.3519286859677,109.91165161132812,8610400,0.0,0.0,111.0176025390625,112.21099815368652,40.99491349415003,0.5713416625405614,1.1577432077592162,3.5349924171173686,0.006621422642661967,0.0,0.0,0.0,0.0,0.0,0.0,0.0,0.0,0.0,10504600.0,7923400.0,9563100.0,0.0,0.0,0.0,0.0,0.0,0.0,0.0,0.0,0.0,0.0,0.0,0.0,0.0,0.0,0.0,0.0,0.0,0.0,0.0,0.0,0.0,0.0,0.0,0.0,110.93748728434245,2.4299613378016645,110.39176722935268,2.074229106448092,110.55646133422852,1.9659055010755577,0.015617983247140144
2022-09-15,109.80418126388732,111.77771019432306,108.1628336436835,108.22145080566406,9739800,0.0,0.0,110.71277923583985,111.62284889221192,35.06029092687207,0.3224451988213701,0.9906836059716471,3.128805193697445,-0.01537781282407602,0.0,0.0,0.0,0.0,0.0,0.0,0.0,0.0,0.0,8610400.0,10504600.0,7923400.0,0.0,0.0,0.0,0.0,0.0,0.0,0.0,0.0,0.0,0.0,0.0,0.0,0.0,0.0,0.0,0.0,0.0,0.0,0.0,0.0,0.0,0.0,0.0,0.0,109.10725657145183,0.8480362436756859,110.48667689732143,1.9333193750579414,110.08959851946149,1.6406855914301288,0.0232794453942764
2022-09-16,106.69734176451568,107.05883164490051,104.49910880981646,105.75942993164062,15978800,0.0,0.0,109.35866851806641,110.91843719482422,36.477691187805085,-0.07263426781885585,0.7780200312135466,2.7415631385218044,-0.02274984169676808,0.0,0.0,0.0,0.0,0.0,0.0,0.0,0.0,0.0,9739800.0,8610400.0,10504600.0,0.0,0.0,0.0,0.0,0.0,0.0,0.0,0.0,0.0,0.0,0.0,0.0,0.0,0.0,0.0,0.0,0.0,0.0,0.0,0.0,0.0,0.0,0.0,0.0,107.96417744954427,2.088032184652383,109.86698477608817,2.643654176381379,109.6834487915039,1.9532311226538768,-0.0084272347350971
2022-09-19,105.05599713572228,106.70711676428422,104.57727292148381,106.65826416015625,7979500,0.0,0.0,107.94789276123046,110.38255729675294,40.045670550874284,-0.3096398457571894,0.5604880558193994,2.4442692665971193,0.00849885659459959,0.0,0.0,0.0,0.0,0.0,0.0,0.0,0.0,0.0,15978800.0,9739800.0,8610400.0,0.0,0.0,0.0,0.0,0.0,0.0,0.0,0.0,0.0,0.0,0.0,0.0,0.0,0.0,0.0,0.0,0.0,0.0,0.0,0.0,0.0,0.0,0.0,0.0,106.87971496582031,1.2458599602400535,109.42594146728516,2.9112699352976295,109.3791858128139,2.074166176023166,0.014874097106639672
2022-09-20,105.78873357971156,105.91574735942119,104.40140619079625,105.0950698852539,6957400,0.0,0.0,107.1291732788086,109.97368583679199,39.151768734684744,-0.6164985758064034,0.3250907294942389,2.613495691697795,-0.014656100839547492,0.0,0.0,0.0,0.0,0.0,0.0,0.0,0.0,0.0,7979500.0,15978800.0,9739800.0,0.0,0.0,0.0,0.0,0.0,0.0,0.0,0.0,0.0,0.0,0.0,0.0,0.0,0.0,0.0,0.0,0.0,0.0,0.0,0.0,0.0,0.0,0.0,0.0,105.83758799235027,0.7845225281105095,108.36381094796317,2.94611265705477,109.04002925327846,2.3608351140237955,0.029476463251894014
2022-09-21,104.91921705376895,105.55426362762658,102.0859375,102.0859375,9776400,0.0,0.0,105.56403045654297,109.46711540222168,34.89852258630677,-1.0899340836338212,0.04208576686862692,3.093517201248789,-0.02863247903578514,0.0,0.0,0.0,0.0,0.0,0.0,0.0,0.0,0.0,6957400.0,7979500.0,15978800.0,0.0,0.0,0.0,0.0,0.0,0.0,0.0,0.0,0.0,0.0,0.0,0.0,0.0,0.0,0.0,0.0,0.0,0.0,0.0,0.0,0.0,0.0,0.0,0.0,104.61309051513672,2.323955863760851,106.70292445591518,2.694893660155892,108.51035962785993,2.995829960746349,0.022807416102262668
2022-09-22,101.81236959477694,102.25202061464263,99.67275401146638,99.80953979492188,10953400,0.0,0.0,103.88164825439453,108.7710075378418,30.803422223404397,-1.630031417138639,-0.2923376699328263,3.607141391445983,-0.022298837242672342,0.0,0.0,0.0,0.0,0.0,0.0,0.0,0.0,0.0,9776400.0,6957400.0,7979500.0,0.0,0.0,0.0,0.0,0.0,0.0,0.0,0.0,0.0,0.0,0.0,0.0,0.0,0.0,0.0,0.0,0.0,0.0,0.0,0.0,0.0,0.0,0.0,0.0,102.33018239339192,2.6512164679469254,105.36304909842355,3.4724555152562635,107.78668757847377,3.751931061677706,0.02673367862732534
2022-09-23,98.30497325462963,98.85208658714329,95.76478717342164,97.21073913574219,11976900,0.0,0.0,102.17191009521484,107.89366798400879,29.35779765954345,-2.2419204755497333,-0.6822542310562077,4.1651737139545215,-0.026037597854067118,0.0,0.0,0.0,0.0,0.0,0.0,0.0,0.0,0.0,10953400.0,9776400.0,6957400.0,0.0,0.0,0.0,0.0,0.0,0.0,0.0,0.0,0.0,0.0,0.0,0.0,0.0,0.0,0.0,0.0,0.0,0.0,0.0,0.0,0.0,0.0,0.0,0.0,99.70207214355469,2.439375277562659,103.5486330304827,3.98064728962968,106.97020012991769,4.680463284153433,0.014064350270026171
2022-09-26,96.67339343632615,98.34405697272739,95.80387081068547,95.86249542236328,9760500,0.0,0.0,100.01275634765625,107.11451644897461,29.080766319667077,-2.8033239887561905,-1.1064681825962044,4.864569240183547,-0.013869287749126769,0.0,0.0,0.0,0.0,0.0,0.0,0.0,0.0,0.0,11976900.0,10953400.0,9776400.0,0.0,0.0,0.0,0.0,0.0,0.0,0.0,0.0,0.0,0.0,0.0,0.0,0.0,0.0,0.0,0.0,0.0,0.0,0.0,0.0,0.0,0.0,0.0,0.0,97.62759145100911,2.0062687280857365,101.78306797572544,4.291352985936762,106.13487243652344,5.533502399341016,0.023682845017773513
2022-09-27,97.24005438933318,97.34752415186341,93.23438695730817,93.64472198486328,13360200,0.0,0.0,97.72268676757812,106.25085525512695,20.22630268183893,-3.3881397335617436,-1.5628024927893123,5.6273192571223944,-0.023134943730899638,0.0,0.0,0.0,0.0,0.0,0.0,0.0,0.0,0.0,9760500.0,11976900.0,10953400.0,0.0,0.0,0.0,0.0,0.0,0.0,0.0,0.0,0.0,0.0,0.0,0.0,0.0,0.0,0.0,0.0,0.0,0.0,0.0,0.0,0.0,0.0,0.0,0.0,95.57265218098958,1.8005905721509035,100.05239541190011,4.82957712261531,104.95969009399414,6.318616638293285,-0.035714282908500206
2022-09-28,93.5861016261099,97.57223235318357,93.25392033859023,97.11304473876953,12895500,0.0,0.0,96.72810821533203,105.61434440612793,29.456611448227193,-3.531042108997383,-1.9564504160309266,5.9123376533853955,0.037037034019566706,0.0,0.0,0.0,0.0,0.0,0.0,0.0,0.0,0.0,13360200.0,9760500.0,11976900.0,0.0,0.0,0.0,0.0,0.0,0.0,0.0,0.0,0.0,0.0,0.0,0.0,0.0,0.0,0.0,0.0,0.0,0.0,0.0,0.0,0.0,0.0,0.0,0.0,95.5400873819987,1.7564953429159231,98.6887926374163,3.914402548583001,104.05736705235073,6.482464614236929,0.020010271581479833
2022-09-29,96.2630622360331,96.3314514074819,94.01598413567216,95.2079086303711,9435100,0.0,0.0,95.80778198242187,104.89967422485351,21.00100008046624,-3.754739533054277,-2.316108239435597,6.270773104168044,-0.019617715761288124,0.0,0.0,0.0,0.0,0.0,0.0,0.0,0.0,0.0,12895500.0,13360200.0,9760500.0,0.0,0.0,0.0,0.0,0.0,0.0,0.0,0.0,0.0,0.0,0.0,0.0,0.0,0.0,0.0,0.0,0.0,0.0,0.0,0.0,0.0,0.0,0.0,0.0,95.32189178466797,1.7369685664726717,97.27634102957589,2.8590882100482156,102.82007598876953,6.393420616025437,0.033075305085716655
2022-09-30,94.27977028834145,95.23722615749692,92.11084588287277,92.15969848632812,12094900,0.0,0.0,94.79757385253906,104.01061172485352,16.040667693769493,-4.130374055893682,-2.678961402727214,6.759839628337026,-0.032016354396325775,0.0,0.0,0.0,0.0,0.0,0.0,0.0,0.0,0.0,9435100.0,12895500.0,13360200.0,0.0,0.0,0.0,0.0,0.0,0.0,0.0,0.0,0.0,0.0,0.0,0.0,0.0,0.0,0.0,0.0,0.0,0.0,0.0,0.0,0.0,0.0,0.0,0.0,94.82688395182292,2.498558510099667,95.85830688476562,2.5172200014149153,101.2806156703404,6.159502640861964,-0.028827360804057567
2022-10-03,93.52749539246946,95.53032554703226,92.32579133664278,94.89527893066406,9468400,0.0,0.0,94.60413055419922,103.32329750061035,26.13379757952309,-4.159381876736575,-2.975045497529086,6.9600694406185495,0.029683044641707124,0.0,0.0,0.0,0.0,0.0,0.0,0.0,0.0,0.0,12094900.0,9435100.0,12895500.0,0.0,0.0,0.0,0.0,0.0,0.0,0.0,0.0,0.0,0.0,0.0,0.0,0.0,0.0,0.0,0.0,0.0,0.0,0.0,0.0,0.0,0.0,0.0,0.0,94.08762868245442,1.676937823277005,95.15626961844308,1.8204196530872683,100.25965935843331,5.928130239979617,-0.04248817767031765
2022-10-04,96.40961597944792,99.18427098018076,95.96997235523041,99.10611724853516,10229000,0.0,0.0,95.6964096069336,102.90074920654297,33.83986495938353,-3.798801108430169,-3.139796619709303,6.946023069103673,0.044373528012365826,0.0,0.0,0.0,0.0,0.0,0.0,0.0,0.0,0.0,9468400.0,12094900.0,9435100.0,0.0,0.0,0.0,0.0,0.0,0.0,0.0,0.0,0.0,0.0,0.0,0.0,0.0,0.0,0.0,0.0,0.0,0.0,0.0,0.0,0.0,0.0,0.0,0.0,95.38703155517578,3.499221183030829,95.42703792027065,2.2638760740004233,99.48783547537667,5.238064831353883,0.006349200938543742
2022-10-05,97.73832623635933,98.8911776331087,96.4291524687269,98.48084259033203,7562800,0.0,0.0,95.9699691772461,102.3199275970459,34.953224591026014,-3.5228830876658037,-3.2164139133006033,6.796655572200599,-0.006309142922379718,0.0,0.0,0.0,0.0,0.0,0.0,0.0,0.0,0.0,10229000.0,9468400.0,12094900.0,0.0,0.0,0.0,0.0,0.0,0.0,0.0,0.0,0.0,0.0,0.0,0.0,0.0,0.0,0.0,0.0,0.0,0.0,0.0,0.0,0.0,0.0,0.0,0.0,97.49407958984375,2.2722380485246103,95.80108751569476,2.546485070919377,98.7920777457101,4.596370606523657,0.007596974355459585
2022-10-06,98.1193534911483,99.12565453679386,97.57224009635716,97.73832702636719,6728200,0.0,0.0,96.4760528564453,101.7195655822754,36.91425814661619,-3.3257931951591218,-3.238289769672307,6.634591407986091,-0.007539695482233211,0.0,0.0,0.0,0.0,0.0,0.0,0.0,0.0,0.0,7562800.0,10229000.0,9468400.0,0.0,0.0,0.0,0.0,0.0,0.0,0.0,0.0,0.0,0.0,0.0,0.0,0.0,0.0,0.0,0.0,0.0,0.0,0.0,0.0,0.0,0.0,0.0,0.0,98.44176228841145,0.6847320464705967,96.3858882359096,2.436409884136168,98.21914182390485,4.138161166243612,0.029641885057452688
2022-10-07,96.2435216602934,96.52685034560255,94.23091228428011,94.9245834350586,7051000,0.0,0.0,97.0290298461914,100.83929557800293,31.98319915634967,-3.357935438283519,-3.2622189033945497,6.283425987388693,-0.028788538508025874,0.0,0.0,0.0,0.0,0.0,0.0,0.0,0.0,0.0,6728200.0,7562800.0,10229000.0,0.0,0.0,0.0,0.0,0.0,0.0,0.0,0.0,0.0,0.0,0.0,0.0,0.0,0.0,0.0,0.0,0.0,0.0,0.0,0.0,0.0,0.0,0.0,0.0,97.04791768391927,1.875964709148771,96.07325090680804,2.4677594151241133,97.38102177211216,3.4241001958487423,0.02101717542233228
2022-10-10,95.34468841060942,95.4912387670263,92.247624172244,92.9706039428711,9532300,0.0,0.0,96.64409484863282,99.80221862792969,31.6039255997444,-3.5007240448001227,-3.3099199316756645,5.734672648691091,-0.020584546399661452,0.0,0.0,0.0,0.0,0.0,0.0,0.0,0.0,0.0,7051000.0,6728200.0,7562800.0,0.0,0.0,0.0,0.0,0.0,0.0,0.0,0.0,0.0,0.0,0.0,0.0,0.0,0.0,0.0,0.0,0.0,0.0,0.0,0.0,0.0,0.0,0.0,0.0,95.21117146809895,2.3967468317987604,95.75363595145089,2.7295159545001115,96.51498849051339,2.799217803857887,0.02212673712828006
2022-10-11,92.62865646224395,92.87290458703954,90.51835654001789,90.95800018310547,8900900,0.0,0.0,95.01447143554688,98.8906852722168,32.589431194184954,-3.7332507567269175,-3.394586096685915,5.611735154635124,-0.02164774320496332,0.0,0.0,0.0,0.0,0.0,0.0,0.0,0.0,0.0,9532300.0,7051000.0,6728200.0,0.0,0.0,0.0,0.0,0.0,0.0,0.0,0.0,0.0,0.0,0.0,0.0,0.0,0.0,0.0,0.0,0.0,0.0,0.0,0.0,0.0,0.0,0.0,0.0,92.95106252034505,1.983363827961239,95.58196476527623,3.015984720935718,95.72013582502093,2.6726915218019394,-0.003318746554119012
2022-10-12,91.01662376519292,91.9056830533165,90.07870441726091,91.26087188720703,6156200,0.0,0.0,93.57047729492187,97.95814628601075,35.744567052471865,-3.8487249306246696,-3.485413863473666,5.219899331031485,0.0033297973074590814,0.0,0.0,0.0,0.0,0.0,0.0,0.0,0.0,0.0,8900900.0,9532300.0,7051000.0,0.0,0.0,0.0,0.0,0.0,0.0,0.0,0.0,0.0,0.0,0.0,0.0,0.0,0.0,0.0,0.0,0.0,0.0,0.0,0.0,0.0,0.0,0.0,0.0,91.72982533772786,1.0851642629218703,95.06276375906808,3.4373027568384553,95.10951668875558,2.6429073362386464,-0.033422774473542805
2022-10-13,89.4631838056736,94.73894366884555,88.62296983894555,94.41653442382812,11025400,0.0,0.0,92.90611877441407,97.26790046691895,45.425449371202575,-3.6436022727158246,-3.517051545322098,4.675684248263348,0.034578483323294495,0.0,0.0,0.0,0.0,0.0,0.0,0.0,0.0,0.0,6156200.0,8900900.0,9532300.0,0.0,0.0,0.0,0.0,0.0,0.0,0.0,0.0,0.0,0.0,0.0,0.0,0.0,0.0,0.0,0.0,0.0,0.0,0.0,0.0,0.0,0.0,0.0,0.0,92.21180216471355,1.9153501163161375,94.39282335553851,2.938748751764472,94.90993063790458,2.5766984511689786,0.023186670969298495
2022-10-14,95.22746094018945,95.83319152463248,92.15970506160991,92.27693939208984,8202100,0.0,0.0,92.37658996582032,96.59377593994141,44.2781441924319,-3.612051050131427,-3.536051446283964,4.3473717579976405,-0.022661232429203704,0.0,0.0,0.0,0.0,0.0,0.0,0.0,0.0,0.0,11025400.0,6156200.0,8900900.0,0.0,0.0,0.0,0.0,0.0,0.0,0.0,0.0,0.0,0.0,0.0,0.0,0.0,0.0,0.0,0.0,0.0,0.0,0.0,0.0,0.0,0.0,0.0,0.0,92.65144856770833,1.6108210183710103,93.50655147007534,2.383421352243508,94.65381949288505,2.6518329825995512,-0.02958995240908735
2022-10-17,94.1625205148136,95.7159422356553,94.04528620265506,95.09066772460938,7083800,0.0,0.0,92.80060272216797,96.01539611816406,52.26438065653096,-3.3217114953685183,-3.493183456100875,3.6517344808204637,0.030492215618073804,0.0,0.0,0.0,0.0,0.0,0.0,0.0,0.0,0.0,8202100.0,11025400.0,6156200.0,0.0,0.0,0.0,0.0,0.0,0.0,0.0,0.0,0.0,0.0,0.0,0.0,0.0,0.0,0.0,0.0,0.0,0.0,0.0,0.0,0.0,0.0,0.0,0.0,93.92804718017578,1.4690921083154072,93.12831442696708,1.7167916383754678,94.75710133143834,2.63762793843916,-0.011677513952315755
2022-10-18,97.57222928894988,98.06072546700916,95.39353305510704,96.2142105102539,8533500,0.0,0.0,93.85184478759766,95.57135314941407,48.48084094554795,-2.9667558784473727,-3.387897940570175,2.9649149977488727,0.011815489495755838,0.0,0.0,0.0,0.0,0.0,0.0,0.0,0.0,0.0,7083800.0,8202100.0,11025400.0,0.0,0.0,0.0,0.0,0.0,0.0,0.0,0.0,0.0,0.0,0.0,0.0,0.0,0.0,0.0,0.0,0.0,0.0,0.0,0.0,0.0,0.0,0.0,0.0,94.5272725423177,2.028197860923546,93.3125468662807,1.989255401866184,94.69289888654437,2.586310786647336,-0.005151977742395952
2022-10-19,98.12911439352021,99.52621375750344,96.23374684205565,96.71247100830078,11731000,0.0,0.0,94.94216461181641,95.3026798248291,52.669897523461074,-2.615100288383502,-3.2333384101328404,2.559217926733309,0.005178658073526243,0.0,0.0,0.0,0.0,0.0,0.0,0.0,0.0,0.0,8533500.0,7083800.0,8202100.0,0.0,0.0,0.0,0.0,0.0,0.0,0.0,0.0,0.0,0.0,0.0,0.0,0.0,0.0,0.0,0.0,0.0,0.0,0.0,0.0,0.0,0.0,0.0,0.0,96.00578308105469,0.8307484382654844,93.84709930419922,2.3517779575444857,94.80036762782505,2.640058105428067,0.004057164016847414
2022-10-20,95.9699677514356,98.43198534589736,95.85272597880007,96.3216781616211,8212400,0.0,0.0,95.323193359375,95.12828674316407,58.15467176907611,-2.3409592948961375,-3.0548625870855,2.345888266458641,-0.004040769950404255,0.0,0.0,0.0,0.0,0.0,0.0,0.0,0.0,0.0,11731000.0,8533500.0,7083800.0,0.0,0.0,0.0,0.0,0.0,0.0,0.0,0.0,0.0,0.0,0.0,0.0,0.0,0.0,0.0,0.0,0.0,0.0,0.0,0.0,0.0,0.0,0.0,0.0,96.41611989339192,0.26221234048748154,94.61333901541573,2.1154960448372755,95.09765189034599,2.5527172486084764,-0.033810315706821914
2022-10-21,96.08720213652494,99.94632663251005,95.63778652190273,99.69230651855469,10193400,0.0,0.0,96.80626678466797,95.25236511230469,59.1707209496211,-1.8306168322672107,-2.8100134361218427,2.5209271803559217,0.0349934554844229,0.0,0.0,0.0,0.0,0.0,0.0,0.0,0.0,0.0,8212400.0,11731000.0,8533500.0,0.0,0.0,0.0,0.0,0.0,0.0,0.0,0.0,0.0,0.0,0.0,0.0,0.0,0.0,0.0,0.0,0.0,0.0,0.0,0.0,0.0,0.0,0.0,0.0,97.57548522949219,1.843604903341741,95.81782967703683,2.282295331058561,95.44029671805245,2.830316226064549,0.003145965216506008
2022-10-24,99.77045998503209,100.8158414858667,97.8164753140246,99.3796615600586,8221500,0.0,0.0,97.66406555175782,95.42822341918945,50.61454490356578,-1.4348544798053098,-2.534981644858536,2.683185432268981,-0.0031360991576406816,0.0,0.0,0.0,0.0,0.0,0.0,0.0,0.0,0.0,10193400.0,8212400.0,11731000.0,0.0,0.0,0.0,0.0,0.0,0.0,0.0,0.0,0.0,0.0,0.0,0.0,0.0,0.0,0.0,0.0,0.0,0.0,0.0,0.0,0.0,0.0,0.0,0.0,98.4645487467448,1.8623526722831192,96.52684783935547,2.5317089934071872,95.45983559744698,2.858374735367437,-0.02529714057082333
2022-10-25,99.80955059681128,102.32042085306877,99.68253680996938,101.95893096923828,7687500,0.0,0.0,98.8130096435547,95.8439338684082,57.1832125731746,-0.9026789575737411,-2.208521107401577,3.0157756914449467,0.025953694837458796,0.0,0.0,0.0,0.0,0.0,0.0,0.0,0.0,0.0,8221500.0,10193400.0,8212400.0,0.0,0.0,0.0,0.0,0.0,0.0,0.0,0.0,0.0,0.0,0.0,0.0,0.0,0.0,0.0,0.0,0.0,0.0,0.0,0.0,0.0,0.0,0.0,0.0,100.34363301595052,1.4075962936653783,97.90998949323382,2.4668313697521813,95.70827048165458,3.263571174909836,-0.002580431368056302
2022-10-26,101.14801953253142,104.95829129113002,101.14801953253142,102.22270965576172,9203700,0.0,0.0,99.91505737304688,96.09941711425782,59.44832362047952,-0.4544032092357497,-1.8576975277684118,3.3291049987943597,0.0025871072206811174,0.0,0.0,0.0,0.0,0.0,0.0,0.0,0.0,0.0,7687500.0,8221500.0,10193400.0,0.0,0.0,0.0,0.0,0.0,0.0,0.0,0.0,0.0,0.0,0.0,0.0,0.0,0.0,0.0,0.0,0.0,0.0,0.0,0.0,0.0,0.0,0.0,0.0,101.18710072835286,1.570834828739088,98.92885262625558,2.5786284280337037,96.02858352661133,3.6725807369432877,0.0018191735508765738
2022-10-27,103.37556127608504,104.41117826684406,101.91007270702748,102.0370864868164,8673500,0.0,0.0,101.05813903808594,96.44087600708008,66.85189135252584,-0.1128191781832868,-1.5087218578513868,3.5740667420665844,-0.001815870167895195,0.0,0.0,0.0,0.0,0.0,0.0,0.0,0.0,0.0,9203700.0,7687500.0,8221500.0,0.0,0.0,0.0,0.0,0.0,0.0,0.0,0.0,0.0,0.0,0.0,0.0,0.0,0.0,0.0,0.0,0.0,0.0,0.0,0.0,0.0,0.0,0.0,0.0,102.07290903727214,0.135488893299111,99.7606920514788,2.4947974375908832,96.53661945887974,3.986630783040825,-0.014251999436892482
2022-10-28,101.68537329760535,103.64912270342795,101.14802448276195,103.51234436035156,7250900,0.0,0.0,101.82214660644532,97.00850830078124,75.5566513506085,0.2737737155806741,-1.1522227431649747,3.7552641209812925,0.01445805563769964,0.0,0.0,0.0,0.0,0.0,0.0,0.0,0.0,0.0,8673500.0,9203700.0,7687500.0,0.0,0.0,0.0,0.0,0.0,0.0,0.0,0.0,0.0,0.0,0.0,0.0,0.0,0.0,0.0,0.0,0.0,0.0,0.0,0.0,0.0,0.0,0.0,0.0,102.59071350097656,0.8035338019816565,100.7321025303432,2.4331687438785976,97.2896009172712,4.248243629574052,-0.00553788120667964
2022-10-31,103.22902496944643,104.44049351009184,102.40834744239832,104.08877563476562,8814800,0.0,0.0,102.76396942138672,97.46818313598632,84.21595684489314,0.6195230791315538,-0.7978735787056691,4.0352172824546955,0.005568720117161696,0.0,0.0,0.0,0.0,0.0,0.0,0.0,0.0,0.0,7250900.0,8673500.0,9203700.0,0.0,0.0,0.0,0.0,0.0,0.0,0.0,0.0,0.0,0.0,0.0,0.0,0.0,0.0,0.0,0.0,0.0,0.0,0.0,0.0,0.0,0.0,0.0,0.0,103.21273549397786,1.0581498922936179,101.84168788364956,1.766305675742456,98.22751344953265,4.19195705441265,0.005094307680271193
2022-11-01,105.22208723935677,106.33585807156996,103.2094851134033,103.56120300292969,7955800,0.0,0.0,103.084423828125,97.69093742370606,81.6810003485987,0.8412636744835709,-0.4700461280678211,4.247762663752121,-0.005068487246762565,0.0,0.0,0.0,0.0,0.0,0.0,0.0,0.0,0.0,8814800.0,7250900.0,8673500.0,0.0,0.0,0.0,0.0,0.0,0.0,0.0,0.0,0.0,0.0,0.0,0.0,0.0,0.0,0.0,0.0,0.0,0.0,0.0,0.0,0.0,0.0,0.0,0.0,103.7207743326823,0.31963340014846475,102.39438738141742,1.576788365103112,99.10610852922711,3.8982213941915718,0.0410528719968819
2022-11-02,103.02385113502054,103.63936115056913,99.44806263486292,99.47737121582031,9583200,0.0,0.0,102.53535614013671,97.74076385498047,62.440016053230714,0.6796292556368684,-0.24011105132688323,4.2633320756622295,-0.03943399331691666,0.0,0.0,0.0,0.0,0.0,0.0,0.0,0.0,0.0,7955800.0,8814800.0,7250900.0,0.0,0.0,0.0,0.0,0.0,0.0,0.0,0.0,0.0,0.0,0.0,0.0,0.0,0.0,0.0,0.0,0.0,0.0,0.0,0.0,0.0,0.0,0.0,0.0,102.3757832845052,2.523921078478844,102.40834590366909,1.5457801126470272,99.46759687151227,3.6570899284881424,0.025894300934286463
2022-11-03,97.89463145938005,98.38312763922498,96.29236458579749,96.96649169921875,8978400,0.0,0.0,101.52123718261718,97.70217208862304,61.32072587432937,0.3449494588555808,-0.12309894929039042,4.266847180076942,-0.025240710383812814,0.0,0.0,0.0,0.0,0.0,0.0,0.0,0.0,0.0,9583200.0,7955800.0,8814800.0,0.0,0.0,0.0,0.0,0.0,0.0,0.0,0.0,0.0,0.0,0.0,0.0,0.0,0.0,0.0,0.0,0.0,0.0,0.0,0.0,0.0,0.0,0.0,0.0,100.00168863932292,3.32847350376491,101.6951402936663,2.588042524256412,99.80256489345005,3.123670298297396,-0.003314028425047577
2022-11-04,98.82278775970104,98.83255977127727,95.85272981869751,97.28890991210938,11035800,0.0,0.0,100.27655029296875,97.82038841247558,56.03218920600573,0.10452486629336022,-0.07757418617364029,4.218318430358255,0.003325047727732011,0.0,0.0,0.0,0.0,0.0,0.0,0.0,0.0,0.0,8978400.0,9583200.0,7955800.0,0.0,0.0,0.0,0.0,0.0,0.0,0.0,0.0,0.0,0.0,0.0,0.0,0.0,0.0,0.0,0.0,0.0,0.0,0.0,0.0,0.0,0.0,0.0,0.0,97.91092427571614,1.3661278813210467,100.99031175885882,3.050869781535997,99.95958219255719,2.9170115648945987,-0.008463536857522325
2022-11-07,98.55899021526434,99.22334534263253,96.71247518331727,98.11934661865234,11355200,0.0,0.0,99.0826644897461,98.07782554626465,55.313349527371265,-0.018787483098606117,-0.06581684555863346,4.060940299904975,0.008535779743993333,0.0,0.0,0.0,0.0,0.0,0.0,0.0,0.0,0.0,11035800.0,8978400.0,9583200.0,0.0,0.0,0.0,0.0,0.0,0.0,0.0,0.0,0.0,0.0,0.0,0.0,0.0,0.0,0.0,0.0,0.0,0.0,0.0,0.0,0.0,0.0,0.0,0.0,97.45824940999348,0.5947903121889638,100.43063463483539,3.183312547919224,100.09566334315709,2.7695575725772548,0.005305315970376867
2022-11-08,98.42220962777407,99.62391352698093,95.79410521145802,97.6015396118164,27130300,0.0,0.0,97.89073181152344,98.41000251770019,52.476876787006276,-0.15649216213509476,-0.08395190887392573,3.7039210414944304,-0.00527731813021981,0.0,0.0,0.0,0.0,0.0,0.0,0.0,0.0,0.0,11355200.0,11035800.0,8978400.0,0.0,0.0,0.0,0.0,0.0,0.0,0.0,0.0,0.0,0.0,0.0,0.0,0.0,0.0,0.0,0.0,0.0,0.0,0.0,0.0,0.0,0.0,0.0,0.0,97.66993204752605,0.41942153597634946,99.58623395647321,3.0087823933732847,100.1591682434082,2.6952100178091425,0.1515849154672444
2022-11-09,88.46667136171006,89.00401274923983,84.29490933019495,84.75409698486328,62029800,0.0,0.0,94.94607696533203,98.08466377258301,30.976890007718723,-1.287464275072935,-0.3246543821137276,4.5533005479501645,-0.13163155702307905,0.0,0.0,0.0,0.6249,0.6249,1.0,3.0,1.0,0.0,27130300.0,11355200.0,11035800.0,0.0,0.0,0.0,0.0,0.0,0.0,0.0,0.0,0.0,0.0,0.0,0.0,0.0,0.0,0.0,0.0,0.0,0.0,0.0,0.0,0.0,0.0,0.0,0.0,93.49166107177734,7.571380366470861,96.82413700648716,5.782614425961306,99.33291244506836,4.863254298656826,-0.04101251236945658
2022-11-10,87.68506707094755,88.41781136401953,85.59430395102432,88.37873077392578,36968100,0.0,0.0,93.22852478027343,97.78277359008788,31.54875474348181,-1.8697370040298154,-0.6336709064969452,4.988648063505317,0.0427664728669086,0.0,0.0,0.0,0.0,0.0,0.0,0.0,0.0,0.0,62029800.0,27130300.0,11355200.0,0.0,0.0,0.0,0.0,0.0,0.0,0.0,0.0,0.0,0.6249,0.0,0.0,0.6249,0.0,0.0,1.0,0.0,0.0,3.0,0.0,0.0,1.0,0.0,0.0,90.24478912353516,6.623882987819437,94.65521240234375,5.680947224705929,98.52479989188058,5.671714164016141,-0.04788974501904142
2022-11-11,89.47296664095474,93.38093627851876,89.00400700474842,92.82405090332031,22373300,0.0,0.0,92.33555297851562,97.81012916564941,40.578502120683225,-1.9500136103659145,-0.896939447270739,4.958275031367282,0.050298528734993075,0.0,0.0,0.0,0.0,0.0,0.0,0.0,0.0,0.0,36968100.0,62029800.0,27130300.0,0.0,0.0,0.0,0.0,0.0,0.0,0.0,0.0,0.0,0.0,0.6249,0.0,0.0,0.6249,0.0,0.0,1.0,0.0,0.0,3.0,0.0,0.0,1.0,0.0,88.6522928873698,4.041926054981647,93.70473807198661,5.2822832005330635,98.05654198782784,5.863094971028251,0.007742882078940028
2022-11-14,93.64472532947934,94.39701369405974,92.04245829944276,92.11084747314453,20598000,0.0,0.0,91.13385314941407,97.66113815307617,35.044507030243096,-2.0475797310094634,-1.127067504018484,5.087382272226841,-0.0076833904923908625,0.0,0.0,0.0,0.0,0.0,0.0,0.0,0.0,0.0,22373300.0,36968100.0,62029800.0,0.0,0.0,0.0,0.0,0.0,0.0,0.0,0.0,0.0,0.0,0.0,0.6249,0.0,0.0,0.6249,0.0,0.0,1.0,0.0,0.0,3.0,0.0,0.0,1.0,91.1045430501302,2.3874053294391016,93.01107461111886,5.098175529891641,97.35310745239258,5.949024714972242,-0.012878207246672324
2022-11-15,93.79126996305604,94.94412128783968,91.5441844719803,93.31254577636719,15801900,0.0,0.0,90.27605438232422,97.51605491638183,36.843633777957216,-2.0048242089658714,-1.3026188450079617,5.171497708520413,0.013046219160810724,0.0,0.0,0.0,0.0,0.0,0.0,0.0,0.0,0.0,20598000.0,22373300.0,36968100.0,0.0,0.0,0.0,0.0,0.0,0.0,0.0,0.0,0.0,0.0,0.0,0.0,0.0,0.0,0.0,0.0,0.0,0.0,0.0,0.0,0.0,0.0,0.0,0.0,92.74914805094402,0.6043405753076402,92.44302259172711,4.751852107782898,96.71666717529297,5.863996810012384,0.016604584829689406
2022-11-16,93.02922146441095,93.02922146441095,91.5637328022844,91.78843688964844,11137700,0.0,0.0,91.68292236328125,97.26985321044921,35.442690096883936,-2.070060628995165,-1.4561072018054024,5.32665066088072,-0.01633337590393713,0.0,0.0,0.0,0.0,0.0,0.0,0.0,0.0,0.0,15801900.0,20598000.0,22373300.0,0.0,0.0,0.0,0.0,0.0,0.0,0.0,0.0,0.0,0.0,0.0,0.0,0.0,0.0,0.0,0.0,0.0,0.0,0.0,0.0,0.0,0.0,0.0,0.0,92.40394337972005,0.8032159625423271,91.53860691615513,4.040681557786542,95.98462077549526,5.787932184889112,0.027337353968613254
2022-11-17,90.00054548917508,90.14708839083757,88.75976092678742,89.34595489501953,12306400,0.0,0.0,91.8763671875,96.92106704711914,30.41599596004511,-2.292423218287709,-1.6233704051018638,5.612706593706069,-0.02660990945477537,0.0,0.0,0.0,0.0,0.0,0.0,0.0,0.0,0.0,11137700.0,15801900.0,20598000.0,0.0,0.0,0.0,0.0,0.0,0.0,0.0,0.0,0.0,0.0,0.0,0.0,0.0,0.0,0.0,0.0,0.0,0.0,0.0,0.0,0.0,0.0,0.0,0.0,91.48231252034505,2.0009360065002504,90.35923767089844,3.062537945497856,94.97273581368583,5.6061269541517245,-0.003812744490400921
2022-11-18,90.72352162326857,91.01662234666188,88.8183892827952,89.68791198730469,10011700,0.0,0.0,91.24913940429687,96.42084732055665,29.96194834980001,-2.413235812584901,-1.7813434865984712,5.79555818685871,0.00382733714902872,0.0,0.0,0.0,0.0,0.0,0.0,0.0,0.0,0.0,12306400.0,11137700.0,15801900.0,0.0,0.0,0.0,0.0,0.0,0.0,0.0,0.0,0.0,0.0,0.0,0.0,0.0,0.0,0.0,0.0,0.0,0.0,0.0,0.0,0.0,0.0,0.0,0.0,90.27410125732422,1.3225516884933632,91.06406838553292,1.907459205105385,93.94410269601005,5.103441886265253,-0.05923339147848716
2022-11-21,97.81648444891833,98.5687653378119,94.10391024574993,95.33492279052734,70273500,0.0,0.0,91.89395446777344,96.21861038208007,39.98095867832488,-2.0299144954656754,-1.831057688371912,5.757320530115911,0.06296289743061467,0.0,0.0,0.0,0.6873,0.6343529801324503,2.0,4077.0,1.0,0.0,10011700.0,12306400.0,11137700.0,0.0,0.0,0.0,0.0,0.0,0.0,0.0,0.0,0.0,0.0,0.0,0.0,0.0,0.0,0.0,0.0,0.0,0.0,0.0,0.0,0.0,0.0,0.0,0.0,91.45626322428386,3.3633664216600963,92.05781010219029,2.079539403298316,93.35651125226703,4.325226703526167,0.014239749499626697
2022-11-22,94.76826195634615,95.42284506959236,92.50163990667869,93.9964370727539,25753700,0.0,0.0,92.03073272705078,95.82048568725585,42.84620613328857,-1.8132323869414648,-1.8274926280858226,5.612977267782146,-0.014039825895851399,0.0,0.0,0.0,0.0,0.0,0.0,0.0,0.0,0.0,70273500.0,10011700.0,12306400.0,0.0,0.0,0.0,0.0,0.0,0.0,0.0,0.0,0.0,0.6873,0.0,0.0,0.6343529801324503,0.0,0.0,2.0,0.0,0.0,4077.0,0.0,0.0,1.0,0.0,0.0,93.00642395019531,2.9508095906136522,92.2252938406808,2.1955143181151278,92.9650159563337,3.96132686499798,-0.027002393183939155
2022-11-23,93.79126800031388,97.05441895497187,93.5763284851955,96.6050033569336,15503200,0.0,0.0,92.99404602050781,95.53960037231445,49.52938033073792,-1.4147128275427434,-1.744936667977207,5.412722961943589,0.02775175703905286,0.0,0.0,0.0,0.0,0.0,0.0,0.0,0.0,0.0,25753700.0,70273500.0,10011700.0,0.0,0.0,0.0,0.0,0.0,0.0,0.0,0.0,0.0,0.0,0.6873,0.0,0.0,0.6343529801324503,0.0,0.0,2.0,0.0,0.0,4077.0,0.0,0.0,1.0,0.0,95.31212107340495,1.3044326174502265,92.86731610979352,2.744846930879418,92.9391953604562,3.934324330798202,0.00010101941942353143
2022-11-25,96.53662074622078,97.51361318758761,95.82342043818504,96.59524536132812,6664300,0.0,0.0,94.44390411376953,95.26750831604004,49.08950965308035,-1.0871387356115179,-1.6133770815040693,5.201569632459687,-0.00010100921553113373,0.0,0.0,0.0,0.0,0.0,0.0,0.0,0.0,0.0,15503200.0,25753700.0,70273500.0,0.0,0.0,0.0,0.0,0.0,0.0,0.0,0.0,0.0,0.0,0.0,0.6873,0.0,0.0,0.6343529801324503,0.0,0.0,2.0,0.0,0.0,4077.0,0.0,0.0,1.0,95.7322285970052,1.5032474734277963,93.33627319335938,3.0920567553171328,92.88964789254325,3.8793151539214454,0.033232378890576175
2022-11-28,95.95042084065989,96.84925204222635,93.23438321417925,93.4884033203125,13660000,0.0,0.0,95.2040023803711,94.76631126403808,44.26427823703382,-1.065942573004378,-1.503890179804131,4.835363860878724,-0.032163508973904964,0.0,0.0,0.0,0.0,0.0,0.0,0.0,0.0,0.0,6664300.0,15503200.0,25753700.0,0.0,0.0,0.0,0.0,0.0,0.0,0.0,0.0,0.0,0.0,0.0,0.0,0.0,0.0,0.0,0.0,0.0,0.0,0.0,0.0,0.0,0.0,0.0,0.0,95.56288401285808,1.7965596044741576,93.5791255405971,3.016051375091378,92.55886622837612,3.585387512478813,0.010560831559202288
2022-11-29,93.7912635095633,94.21137050885427,91.7591176779297,92.51140594482422,13205300,0.0,0.0,94.63929901123046,94.18744277954102,43.76644640336476,-1.1151255117642052,-1.4261372461961461,4.3268355477184945,-0.010450465948603993,0.0,0.0,0.0,0.0,0.0,0.0,0.0,0.0,0.0,13660000.0,6664300.0,15503200.0,0.0,0.0,0.0,0.0,0.0,0.0,0.0,0.0,0.0,0.0,0.0,0.0,0.0,0.0,0.0,0.0,0.0,0.0,0.0,0.0,0.0,0.0,0.0,0.0,94.19835154215495,2.1324764836267724,94.03133283342633,2.461985877090103,92.19528525216239,3.2797522050988706,-0.03249222285451481
2022-11-30,92.76543194109406,95.68664478990335,91.71028573960979,95.61825561523438,15368100,0.0,0.0,94.96366271972656,93.79029541015625,67.47328366981574,-0.8931113104548274,-1.3195320590478823,3.7468157376633027,0.03358342291612293,0.0,0.0,0.0,0.0,0.0,0.0,0.0,0.0,0.0,13205300.0,13660000.0,6664300.0,0.0,0.0,0.0,0.0,0.0,0.0,0.0,0.0,0.0,0.0,0.0,0.0,0.0,0.0,0.0,0.0,0.0,0.0,0.0,0.0,0.0,0.0,0.0,0.0,93.87268829345703,1.5886739514673787,94.87852478027344,1.5809873844757003,92.97129658290318,2.5981176903823004,-0.007302847705855209
2022-12-01,95.61824988738955,96.56592626421637,94.35792878353465,96.3216781616211,13855700,0.0,0.0,94.90699768066406,93.63251075744628,64.09988878252895,-0.6528771739855159,-1.186201082035409,3.5563218931810323,0.007356571628092334,0.0,0.0,0.0,0.0,0.0,0.0,0.0,0.0,0.0,15368100.0,13205300.0,13660000.0,0.0,0.0,0.0,0.0,0.0,0.0,0.0,0.0,0.0,0.0,0.0,0.0,0.0,0.0,0.0,0.0,0.0,0.0,0.0,0.0,0.0,0.0,0.0,0.0,94.81711324055989,2.027539252369329,95.01948983328683,1.669951155690997,93.53864996773856,2.3758357210957994,-0.008448284582526666
2022-12-02,95.21768808574603,97.39638463884808,94.77804444261277,97.14236450195312,12608100,0.0,0.0,95.01642150878907,93.64130439758301,58.79777839813627,-0.3917514937738389,-1.027311164383095,3.56520598486661,0.008520266216240246,0.0,0.0,0.0,0.0,0.0,0.0,0.0,0.0,0.0,13855700.0,15368100.0,13205300.0,0.0,0.0,0.0,0.0,0.0,0.0,0.0,0.0,0.0,0.0,0.0,0.0,0.0,0.0,0.0,0.0,0.0,0.0,0.0,0.0,0.0,0.0,0.0,0.0,96.3607660929362,0.7628059218603244,95.46890803745815,1.76911201956943,93.84710093906948,2.549869656615715,0.036484998997919904
2022-12-05,95.9797352845532,96.8785739949058,93.46886501018015,93.72288513183594,10764500,0.0,0.0,95.06331787109374,93.46300315856934,52.95804698032617,-0.45548042348886497,-0.9129450162042491,3.4608257560874582,-0.035200701441114646,0.0,0.0,0.0,0.0,0.0,0.0,0.0,0.0,0.0,12608100.0,13855700.0,15368100.0,0.0,0.0,0.0,0.0,0.0,0.0,0.0,0.0,0.0,0.0,0.0,0.0,0.0,0.0,0.0,0.0,0.0,0.0,0.0,0.0,0.0,0.0,0.0,0.0,95.72897593180339,1.7851279339554262,95.0571768624442,1.7958178042043544,93.96224648611886,2.5013702854672397,0.03944105756495486
2022-12-06,93.52747417304994,93.79125880875135,89.8637531258331,90.16661834716797,11492400,0.0,0.0,94.5943603515625,93.06536674499512,44.68645629650477,-0.7839106341680093,-0.8871381397970011,3.3528566565224183,-0.03794448687388918,0.0,0.0,0.0,0.0,0.0,0.0,0.0,0.0,0.0,10764500.0,12608100.0,13855700.0,0.0,0.0,0.0,0.0,0.0,0.0,0.0,0.0,0.0,0.0,0.0,0.0,0.0,0.0,0.0,0.0,0.0,0.0,0.0,0.0,0.0,0.0,0.0,0.0,93.67728932698567,3.4880965922785836,94.13880157470703,2.415153039166792,93.7375373840332,2.6978175851309363,0.0015191868202344416
2022-12-07,90.52811437503968,90.65512069665367,89.16032359961343,90.02984619140625,10353400,0.0,0.0,93.47667846679687,92.68678207397461,46.883652689688596,-1.0432048955965598,-0.9183514909569129,3.239251872005163,-0.0015168823924959218,0.0,0.0,0.0,0.0,0.0,0.0,0.0,0.0,0.0,11492400.0,10764500.0,12608100.0,0.0,0.0,0.0,0.0,0.0,0.0,0.0,0.0,0.0,0.0,0.0,0.0,0.0,0.0,0.0,0.0,0.0,0.0,0.0,0.0,0.0,0.0,0.0,0.0,91.30644989013672,2.0938113844477306,93.64472198486328,2.879510351330422,93.61192376273019,2.833100159664988,-0.0043220269980083215
2022-12-08,90.3717940675215,91.28039726819262,89.5608886129081,90.42064666748047,9351200,0.0,0.0,92.29647216796874,92.97010955810546,52.053768727287995,-1.2032923285891144,-0.9753396584833532,2.7141412212392053,0.004340788000940954,0.0,0.0,0.0,0.0,0.0,0.0,0.0,0.0,0.0,10353400.0,11492400.0,10764500.0,0.0,0.0,0.0,0.0,0.0,0.0,0.0,0.0,0.0,0.0,0.0,0.0,0.0,0.0,0.0,0.0,0.0,0.0,0.0,0.0,0.0,0.0,0.0,0.0,90.20570373535156,0.19831037215077704,93.34604208809989,3.1154258088033147,93.68868746076312,2.720961319018141,-0.008888266334389772
2022-12-09,90.24478002443018,92.72634132212212,89.78559245798685,91.23153686523438,10111900,0.0,0.0,91.114306640625,93.1127498626709,52.897974056510535,-1.2503178249466345,-1.0303352917760096,2.528777940206415,0.008967976094397256,0.0,0.0,0.0,0.0,0.0,0.0,0.0,0.0,0.0,9351200.0,10353400.0,11492400.0,0.0,0.0,0.0,0.0,0.0,0.0,0.0,0.0,0.0,0.0,0.0,0.0,0.0,0.0,0.0,0.0,0.0,0.0,0.0,0.0,0.0,0.0,0.0,0.0,90.56067657470703,0.6129611733872767,92.71936798095703,3.0219861788133864,93.79894638061523,2.5736592139342322,-0.013522314933861024
2022-12-12,91.57350579145076,92.48210906982422,90.47927156199063,92.48210906982422,14140700,0.0,0.0,90.86615142822265,93.0956527709961,43.585258604362636,-1.1731517807016587,-1.0588985895611394,2.5319864684952194,0.013707674424439098,0.0,0.0,0.0,0.0,0.0,0.0,0.0,0.0,0.0,10111900.0,9351200.0,10353400.0,0.0,0.0,0.0,0.0,0.0,0.0,0.0,0.0,0.0,0.0,0.0,0.0,0.0,0.0,0.0,0.0,0.0,0.0,0.0,0.0,0.0,0.0,0.0,0.0,91.37809753417969,1.0385166495203693,92.17085811070034,2.5744907068663263,93.59517397199359,2.555565495016711,-0.00042236551571106506
2022-12-13,94.27000429921372,95.1492990405577,91.4171879862855,92.52118682861328,22882100,0.0,0.0,91.33706512451172,93.11616973876953,46.47692704605846,-1.09620748857553,-1.0663603693640176,2.525240007156837,0.00042254398371865953,0.0,0.0,0.0,0.0,0.0,0.0,0.0,0.0,0.0,14140700.0,10111900.0,9351200.0,0.0,0.0,0.0,0.0,0.0,0.0,0.0,0.0,0.0,0.0,0.0,0.0,0.0,0.0,0.0,0.0,0.0,0.0,0.0,0.0,0.0,0.0,0.0,0.0,92.07827758789062,0.7335592384816917,91.51068987165179,1.4215082414952191,93.48979895455497,2.5681312687973668,0.0058418256368657495
2022-12-14,92.3648597417529,93.27346294585166,90.48903617647166,91.98383331298828,11505400,0.0,0.0,91.72786254882813,93.04973411560059,37.752499824084204,-1.066296913500068,-1.0663476781912278,2.537251446718795,-0.005807896915766886,0.0,0.0,0.0,0.0,0.0,0.0,0.0,0.0,0.0,22882100.0,14140700.0,10111900.0,0.0,0.0,0.0,0.0,0.0,0.0,0.0,0.0,0.0,0.0,0.0,0.0,0.0,0.0,0.0,0.0,0.0,0.0,0.0,0.0,0.0,0.0,0.0,0.0,92.32904307047527,0.29959823148123477,91.2622538975307,1.08182930708965,93.15971537998745,2.4302095271690702,0.040446437763655085
2022-12-15,90.34249119890318,90.97753776920473,88.04656047906894,88.40804290771484,15957700,0.0,0.0,91.325341796875,92.8807144165039,31.75090241042983,-1.31595940793855,-1.1162700241406922,2.730898508175723,-0.03887411816276776,0.0,0.0,0.0,0.0,0.0,0.0,0.0,0.0,0.0,11505400.0,22882100.0,14140700.0,0.0,0.0,0.0,0.0,0.0,0.0,0.0,0.0,0.0,0.0,0.0,0.0,0.0,0.0,0.0,0.0,0.0,0.0,0.0,0.0,0.0,0.0,0.0,0.0,90.9710210164388,2.235806295173585,91.01102883475167,1.501467770109,92.57491520472935,2.523193734727421,0.0045515007998047086
2022-12-16,88.1149465664924,88.98446920248558,86.76669228975568,88.00747680664062,26383900,0.0,0.0,90.68052978515625,92.81379051208496,36.10701986181204,-1.5285212289325898,-1.1987202650990718,2.8364420849569143,-0.004530878502675972,0.0,0.0,0.0,0.0,0.0,0.0,0.0,0.0,0.0,15957700.0,11505400.0,22882100.0,0.0,0.0,0.0,0.0,0.0,0.0,0.0,0.0,0.0,0.0,0.0,0.0,0.0,0.0,0.0,0.0,0.0,0.0,0.0,0.0,0.0,0.0,0.0,0.0,89.46645100911458,2.1892975010777525,90.7221189226423,1.8708623516451033,92.18342045375279,2.782443103586015,0.05012830149791436
2022-12-19,87.38219975762125,87.40173632527792,83.44492170816916,83.80640411376953,19225300,0.0,0.0,88.94538879394531,92.5197151184082,31.034524027193697,-2.0127675288130007,-1.3615297178418577,3.4220258447340974,-0.047735406641655986,0.0,0.0,0.0,0.0,0.0,0.0,0.0,0.0,0.0,26383900.0,15957700.0,11505400.0,0.0,0.0,0.0,0.0,0.0,0.0,0.0,0.0,0.0,0.0,0.0,0.0,0.0,0.0,0.0,0.0,0.0,0.0,0.0,0.0,0.0,0.0,0.0,0.0,86.74064127604167,2.549004529944402,89.77722712925502,3.2271565895633167,91.56163460867745,3.5658642978526665,-0.014249698298482438
2022-12-20,84.09951542771928,85.81901684537553,83.78687812870349,85.01788330078125,14918400,0.0,0.0,87.44472808837891,92.0038631439209,24.82602677180192,-2.272583041962662,-1.5437403826660185,3.7383149732810588,0.014455687483823976,0.0,0.0,0.0,0.0,0.0,0.0,0.0,0.0,0.0,19225300.0,26383900.0,15957700.0,0.0,0.0,0.0,0.0,0.0,0.0,0.0,0.0,0.0,0.0,0.0,0.0,0.0,0.0,0.0,0.0,0.0,0.0,0.0,0.0,0.0,0.0,0.0,0.0,85.61058807373047,2.1623429777916585,88.88956233433315,3.594160385816389,90.80446515764508,3.7584599503784757,0.0011505159892613026
2022-12-21,85.18397340793071,86.0730326541923,84.4903096685356,84.92018127441406,11004800,0.0,0.0,86.03199768066406,91.5500503540039,22.121447175929504,-2.458037716283414,-1.7265998493894978,4.023707736001203,-0.0011491938233928467,0.0,0.0,0.0,0.0,0.0,0.0,0.0,0.0,0.0,14918400.0,19225300.0,26383900.0,0.0,0.0,0.0,0.0,0.0,0.0,0.0,0.0,0.0,0.0,0.0,0.0,0.0,0.0,0.0,0.0,0.0,0.0,0.0,0.0,0.0,0.0,0.0,0.0,84.58148956298828,0.6730189534348573,87.80928693498883,3.468634761616974,89.99007252284459,3.7059010943914927,0.0028844061594905934
2022-12-22,84.05066683936452,84.73456608818252,82.74150041648743,84.67594146728516,15487400,0.0,0.0,85.28557739257812,90.95359725952149,18.63329380178918,-2.594808654097335,-1.9002416103310655,4.117996141435341,-0.002876110289256939,0.0,0.0,0.0,0.0,0.0,1.0,5601.0,0.0,0.0,11004800.0,14918400.0,19225300.0,0.0,0.0,0.0,0.0,0.0,0.0,0.0,0.0,0.0,0.0,0.0,0.0,0.0,0.0,0.0,0.0,0.0,0.0,0.0,0.0,0.0,0.0,0.0,0.0,84.87133534749348,0.17612636885693098,86.68853759765625,2.9158149898300185,89.09961373465401,3.3342282044445786,-0.015225496528911586
2022-12-23,84.07996767626173,86.0437245835102,83.79663897192353,85.985107421875,11171600,0.0,0.0,84.881103515625,90.42309036254883,28.217861333947283,-2.567960011800807,-2.033785290625014,4.035558389616776,0.01546089635266279,0.0,0.0,0.0,0.0,0.0,0.0,0.0,0.0,0.0,15487400.0,11004800.0,14918400.0,0.0,0.0,0.0,0.0,0.0,0.0,0.0,0.0,0.0,0.0,0.0,0.0,0.0,0.0,0.0,1.0,0.0,0.0,5601.0,0.0,0.0,0.0,0.0,0.0,85.19374338785808,0.6961365143409436,85.83157675606864,1.7476577869054117,88.54691532679966,3.1448476065657864,0.018988035328024067
2022-12-27,85.40868064727488,85.91672091005324,83.98227252370053,84.38284301757812,11561400,0.0,0.0,84.99639129638672,89.9678123474121,31.70588328982366,-2.645476213058828,-2.1561234751117766,4.182493475894986,-0.01863420832209428,0.0,0.0,0.0,0.0,0.0,0.0,0.0,0.0,0.0,11171600.0,15487400.0,11004800.0,0.0,0.0,0.0,0.0,0.0,0.0,0.0,0.0,0.0,0.0,0.0,0.0,0.0,0.0,0.0,0.0,1.0,0.0,0.0,5601.0,0.0,0.0,0.0,0.0,85.01463063557942,0.8531386580501494,85.25654820033482,1.3827444434820182,88.13378851754325,3.292152578079951,0.02613757901838687
2022-12-28,84.09951878307032,84.69548482276247,82.1357617104149,82.23345947265625,12399500,0.0,0.0,84.43950653076172,89.45391502380372,28.12505619180135,-2.8475211981059374,-2.2944030197106087,4.474726211326946,-0.025471807633622,0.0,0.0,0.0,0.0,0.0,0.0,0.0,0.0,0.0,11561400.0,11171600.0,15487400.0,0.0,0.0,0.0,0.0,0.0,0.0,0.0,0.0,0.0,0.0,0.0,0.0,0.0,0.0,0.0,0.0,0.0,1.0,0.0,0.0,5601.0,0.0,0.0,0.0,84.20046997070312,1.8824612957215543,84.4316885811942,1.174776340081,87.57690375191825,3.5924563153533766,-0.03452612479881678
2022-12-29,83.28859878092463,86.2098038534328,83.01504211244361,85.1741943359375,13045100,0.0,0.0,84.49030914306641,88.93171195983886,37.122295152576335,-2.7387796309368753,-2.383278341955862,4.324369817789085,0.03576080688006433,0.0,0.0,0.0,0.0,0.0,0.0,0.0,0.0,0.0,12399500.0,11561400.0,11171600.0,0.0,0.0,0.0,0.0,0.0,0.0,0.0,0.0,0.0,0.0,0.0,0.0,0.0,0.0,0.0,0.0,0.0,0.0,0.0,0.0,0.0,0.0,0.0,0.0,83.93016560872395,1.5217319118015338,84.62708718436105,1.167166549602964,87.20215715680804,3.5463383014745475,0.0034530474264833355
2022-12-30,83.75756060444004,85.1155794258542,83.26906441101451,84.88109588623047,23231000,0.0,0.0,84.53134002685547,88.35968284606933,34.00594210768426,-2.64575315542848,-2.435773304650386,4.042894065494444,-0.0034411649208093698,0.0,0.0,0.0,0.0,0.0,0.0,0.0,0.0,0.0,13045100.0,12399500.0,11561400.0,0.0,0.0,0.0,0.0,0.0,0.0,0.0,0.0,0.0,0.0,0.0,0.0,0.0,0.0,0.0,0.0,0.0,0.0,0.0,0.0,0.0,0.0,0.0,0.0,84.09624989827473,1.6198666002599147,84.6075461251395,1.1606601836972112,86.74855422973633,3.3941753898451457,-0.02349117111702148
2023-01-03,86.93279142075399,87.900011858506,85.80924861325656,86.92301940917969,14997100,0.0,0.0,84.7189224243164,87.84871559143066,36.535725993234614,-2.379829645374059,-2.4245845727951205,3.4812400250442717,0.02405628133838067,0.0,0.0,0.0,0.0,0.0,0.0,0.0,0.0,0.0,23231000.0,13045100.0,12399500.0,0.0,0.0,0.0,0.0,0.0,0.0,0.0,0.0,0.0,0.0,0.0,0.0,0.0,0.0,0.0,0.0,0.0,0.0,0.0,0.0,0.0,0.0,0.0,0.0,85.65943654378255,1.1040642728571632,84.89366585867745,1.4590760004893457,86.35147639683315,2.970559921586609,-0.03272445344417596
2023-01-04,87.92931372031012,90.61604275065294,87.30403919683008,89.86376190185547,14957200,0.0,0.0,85.81510620117187,87.65575942993163,44.35683461442998,-1.9097753045154207,-2.3216227191391807,3.236888632508224,0.03383157318583918,0.0,0.0,0.0,0.0,0.0,0.0,0.0,0.0,0.0,14997100.0,23231000.0,13045100.0,0.0,0.0,0.0,0.0,0.0,0.0,0.0,0.0,0.0,0.0,0.0,0.0,0.0,0.0,0.0,0.0,0.0,0.0,0.0,0.0,0.0,0.0,0.0,0.0,87.22262573242188,2.5048080001292776,85.63478306361607,2.3658361608122003,86.16166033063617,2.608880424944165,0.0006527941398728476
2023-01-05,89.55112498267086,90.35225843481047,88.42758225673033,89.80513763427734,11622600,0.0,0.0,87.32944183349609,87.6376853942871,45.27741854396195,-1.5244118701507432,-2.1621805493414934,3.223110569438685,-0.0006523682776841122,0.0,0.0,0.0,0.0,0.0,0.0,0.0,0.0,0.0,14957200.0,14997100.0,23231000.0,0.0,0.0,0.0,0.0,0.0,0.0,0.0,0.0,0.0,0.0,0.0,0.0,0.0,0.0,0.0,0.0,0.0,0.0,0.0,0.0,0.0,0.0,0.0,0.0,88.86397298177083,1.6811706574299785,86.18050166538784,2.8509516826739447,86.00603921072823,2.2789930214865515,-0.021294744547541655
2023-01-06,90.52811969412072,92.51141308078238,89.21894599730818,91.75912475585938,9828100,0.0,0.0,88.64642791748047,87.72414932250976,57.81320652887378,-1.0492431199080556,-1.939593063454806,3.3126130727703322,0.021758077244304896,0.0,0.0,0.0,0.0,0.0,0.0,0.0,0.0,0.0,11622600.0,14957200.0,14997100.0,0.0,0.0,0.0,0.0,0.0,0.0,0.0,0.0,0.0,0.0,0.0,0.0,0.0,0.0,0.0,0.0,0.0,0.0,0.0,0.0,0.0,0.0,0.0,0.0,90.47600809733073,1.1115981606376863,87.23425619942802,3.3883186987815406,86.24540219988141,2.68966349134819,-0.00896892838090757
2023-01-09,92.25738004019115,93.49815693916912,91.29992433915235,92.58955383300781,11675800,0.0,0.0,90.18811950683593,87.83259468078613,60.473391973995355,-0.5987576698894514,-1.6714259847417352,3.438639244577298,0.009050098062268308,0.0,0.0,0.0,0.0,0.0,0.0,0.0,0.0,0.0,9828100.0,11622600.0,14957200.0,0.0,0.0,0.0,0.0,0.0,0.0,0.0,0.0,0.0,0.0,0.0,0.0,0.0,0.0,0.0,0.0,0.0,0.0,0.0,0.0,0.0,0.0,0.0,0.0,91.38460540771484,1.4294901008889993,88.7136982509068,3.0885332274675315,86.5726934160505,3.158498249762196,-0.008267179120743373
2023-01-10,92.11084011022365,93.4395503392421,91.6614245112704,93.36138916015625,6914600,0.0,0.0,91.47579345703124,87.93908729553223,75.90043111167914,-0.17741887047397142,-1.3726245618881825,3.57953616603117,0.008336095112203568,0.0,0.0,0.0,0.0,0.0,0.0,0.0,0.0,0.0,11675800.0,9828100.0,11622600.0,0.0,0.0,0.0,0.0,0.0,0.0,0.0,0.0,0.0,0.0,0.0,0.0,0.0,0.0,0.0,0.0,0.0,0.0,0.0,0.0,0.0,0.0,0.0,0.0,92.57002258300781,0.801310743478868,89.88329751150948,3.074937148247872,87.25519234793526,3.5257537310105334,-0.007993405788806918
2023-01-11,93.71310752390846,94.32861749524528,92.86312892175432,94.11367797851562,8757300,0.0,0.0,92.32577667236328,88.02066574096679,75.2851730380621,0.21472338660640844,-1.0551549721892644,3.704917972812274,0.008057815175274152,0.0,0.0,0.0,0.0,0.0,0.0,0.0,0.0,0.0,6914600.0,11675800.0,9828100.0,0.0,0.0,0.0,0.0,0.0,0.0,0.0,0.0,0.0,0.0,0.0,0.0,0.0,0.0,0.0,0.0,0.0,0.0,0.0,0.0,0.0,0.0,0.0,0.0,93.35487365722656,0.7620829623894825,91.20223781040737,2.497608990125553,87.90489196777344,3.8999600674553214,-0.034866163488965096
2023-01-12,96.2337456284432,98.31473663224733,95.32514245278168,97.51360321044922,19764300,0.0,0.0,93.86746978759766,88.2702865600586,79.5777941437349,0.7907294653665815,-0.6859780846780953,4.16386009669893,0.0361257290646928,0.0,0.0,0.0,0.9016500000000001,0.0,2.0,0.0,1.0,0.0,8757300.0,6914600.0,11675800.0,0.0,0.0,0.0,0.0,0.0,0.0,0.0,0.0,0.0,0.0,0.0,0.0,0.0,0.0,0.0,0.0,0.0,0.0,0.0,0.0,0.0,0.0,0.0,0.0,94.99622344970703,2.2123257584278724,92.71517835344586,2.6747898199481868,88.80442210606166,4.555779272250914,0.00412466185935334
2023-01-13,97.09350071687172,97.30844023458555,95.75502591742529,97.11304473876953,12230200,0.0,0.0,94.9382537841797,88.52674713134766,78.99772807643568,1.2010517348553265,-0.308572120771411,4.5451268838822605,-0.004107718907845337,0.0,0.0,0.0,0.0,0.0,0.0,0.0,0.0,0.0,19764300.0,8757300.0,6914600.0,0.0,0.0,0.0,0.0,0.0,0.0,0.0,0.0,0.0,0.9016500000000001,0.0,0.0,0.0,0.0,0.0,2.0,0.0,0.0,0.0,0.0,0.0,1.0,0.0,0.0,96.2467753092448,1.8581415282701261,93.75079018729073,2.7877772913008187,89.69278662545341,4.889209457135935,-0.0051046145452868785
2023-01-17,98.01187586847625,98.66645897819055,96.72224621706974,97.61131286621094,14914200,0.0,0.0,95.9426055908203,88.98691062927246,78.17236003945946,1.5485899819731088,0.06286029977749297,4.977769657096437,0.005130805328797283,0.0,0.0,0.0,0.34,0.0,1.0,0.0,1.0,0.0,12230200.0,19764300.0,8757300.0,0.0,0.0,0.0,0.0,0.0,0.0,0.0,0.0,0.0,0.0,0.9016500000000001,0.0,0.0,0.0,0.0,0.0,2.0,0.0,0.0,0.0,0.0,0.0,1.0,0.0,97.41265360514323,0.26402821594497367,94.86595807756696,2.4920031660022413,90.5232298714774,5.1891756234677615,0.008784327565555694
2023-01-18,97.97279815808263,98.80324021984437,96.4486923763147,96.7613296508789,11384500,0.0,0.0,96.62259368896484,89.42460327148437,81.13022339304936,1.7354251044807967,0.3973732607181537,5.263761052571278,-0.00870783508974049,0.0,0.0,0.0,0.0,0.0,1.0,1.0,0.0,0.0,14914200.0,12230200.0,19764300.0,0.0,0.0,0.0,0.0,0.0,0.0,0.0,0.0,0.0,0.34,0.0,0.9016500000000001,0.0,0.0,0.0,1.0,0.0,2.0,0.0,0.0,0.0,1.0,0.0,1.0,97.16189575195312,0.4270921243758314,95.58055877685547,2.1457679150781646,91.40740748814174,5.116510415375374,-0.0004036153722837277
2023-01-19,95.8624880579452,97.16188216419154,94.88549574878748,96.80039978027344,10973600,0.0,0.0,97.15993804931641,90.07430305480958,90.984063310583,1.865145679679486,0.6909277445104203,5.335247462060401,0.00040377834343008345,0.0,0.0,0.0,0.0,0.0,1.0,941.0,0.0,0.0,11384500.0,14914200.0,12230200.0,0.0,0.0,0.0,0.0,0.0,0.0,0.0,0.0,0.0,0.0,0.34,0.0,0.0,0.0,0.0,1.0,1.0,0.0,1.0,0.0,0.0,0.0,1.0,0.0,97.05768076578777,0.4798572659838337,96.18210819789341,1.7143895526841477,92.44790322440011,4.558078451329228,-0.04252044633903829
2023-01-20,98.03141897461565,101.20664444098522,97.01535338477494,101.09918212890625,14549900,0.0,0.0,97.8770538330078,90.87836799621581,91.6241249704867,2.288446195983312,1.0104314348049988,5.730264131951038,0.04440872515393113,0.0,0.0,0.0,0.0,0.0,0.0,0.0,0.0,0.0,10973600.0,11384500.0,14914200.0,0.0,0.0,0.0,0.0,0.0,0.0,0.0,0.0,0.0,0.0,0.0,0.34,0.0,0.0,0.0,1.0,1.0,1.0,941.0,1.0,0.0,0.0,0.0,1.0,98.22030385335286,2.4932582523363247,97.28750719342914,2.053557920942363,93.5854023524693,4.59022502507372,-0.020910169114328636
2023-01-23,100.91354799906155,103.5123439613562,100.55205812011842,103.25833129882812,11479100,0.0,0.0,99.10611114501953,91.79527549743652,93.76456023061625,2.7662525605343973,1.3615956599508785,6.17649077876341,0.021356742205578483,0.0,0.0,0.0,0.0,0.0,0.0,0.0,0.0,0.0,14549900.0,10973600.0,11384500.0,0.0,0.0,0.0,0.0,0.0,0.0,0.0,0.0,0.0,0.0,0.0,0.0,0.0,0.0,0.0,0.0,1.0,1.0,0.0,941.0,1.0,0.0,0.0,0.0,100.38597106933594,3.287510058723183,98.59388623918805,2.5473439089170937,94.89806202479771,4.536939858866773,-0.002924567263794642
2023-01-24,102.29110979587762,105.94506704219494,99.65323307829084,103.56120300292969,8606700,0.0,0.0,100.29608917236328,92.73953857421876,93.20143899143817,3.133238736386957,1.7159242752380943,6.467535145596525,0.0029331454449428307,0.0,0.0,0.0,0.8064,0.8063999999999999,1.0,57.0,1.0,0.0,11479100.0,14549900.0,10973600.0,0.0,0.0,0.0,0.0,0.0,0.0,0.0,0.0,0.0,0.0,0.0,0.0,0.0,0.0,0.0,0.0,0.0,1.0,0.0,0.0,941.0,0.0,0.0,0.0,102.63957214355469,1.342584770213167,99.45782906668526,3.08804711445772,96.08650371006557,4.465809415951148,-0.01960780914860638
2023-01-25,102.54512376801964,105.67150399224099,101.78307087111051,105.6324234008789,10008000,0.0,0.0,102.07030792236328,93.72190437316894,92.87993460635181,3.550282652502304,2.082795950690936,6.867369426780937,0.01999996463821141,0.0,0.0,0.0,0.0,0.0,0.0,0.0,0.0,0.0,8606700.0,11479100.0,14549900.0,0.0,0.0,0.0,0.0,0.0,0.0,0.0,0.0,0.0,0.8064,0.0,0.0,0.8063999999999999,0.0,0.0,1.0,0.0,0.0,57.0,0.0,0.0,1.0,0.0,0.0,104.15065256754558,1.2921557255899532,100.67488316127232,3.639488674022424,97.21283667428153,4.75480487748704,-0.014402914282126478
2023-01-26,105.68127387786646,107.23469578392134,105.095079885602,107.17607116699219,9204400,0.0,0.0,104.14544219970703,94.86156578063965,93.7070218243037,3.9597073925959876,2.4581782390719464,7.122516071817908,0.014613389681074285,0.0,0.0,0.0,0.0,0.0,0.0,0.0,0.0,0.0,10008000.0,8606700.0,11479100.0,0.0,0.0,0.0,0.0,0.0,0.0,0.0,0.0,0.0,0.0,0.8064,0.0,0.0,0.8063999999999999,0.0,0.0,1.0,0.0,0.0,57.0,0.0,0.0,1.0,0.0,105.4565658569336,1.8138391239882696,102.04127720424107,4.067882754339929,98.45361764090401,4.936089352827568,0.001460723851759882
2023-01-27,106.74618820265553,108.03581783011488,106.64849045663865,107.01974487304688,10249700,0.0,0.0,105.32955474853516,96.10088005065919,92.21622073395068,4.222886417453296,2.8111198747482162,6.964227094277149,-0.001458593249809792,0.0,0.0,0.0,0.0,0.0,0.0,0.0,0.0,0.0,9204400.0,10008000.0,8606700.0,0.0,0.0,0.0,0.0,0.0,0.0,0.0,0.0,0.0,0.0,0.0,0.8064,0.0,0.0,0.8063999999999999,0.0,0.0,1.0,0.0,0.0,57.0,0.0,0.0,1.0,106.60941314697266,0.8497006534800622,103.50676509312221,3.6778556142184318,99.54366193498883,5.028168837617782,0.018124444341862445
2023-01-30,105.76919166084163,106.46285532020597,105.00713883657825,105.1146011352539,8548500,0.0,0.0,105.70080871582032,97.097900390625,82.70406034964643,4.2289794701818835,3.09469179383495,6.741397783019341,-0.017801796668950765,0.0,0.0,0.0,0.0,0.0,0.0,0.0,0.0,0.0,10249700.0,9204400.0,10008000.0,0.0,0.0,0.0,0.0,0.0,0.0,0.0,0.0,0.0,0.0,0.0,0.0,0.0,0.0,0.0,0.0,0.0,0.0,0.0,0.0,0.0,0.0,0.0,0.0,106.43680572509766,1.1477274112776545,104.6945081438337,2.1944778293720444,100.43830817086356,4.804985566540236,-0.008295788195251452
2023-01-31,105.10484489969704,106.21861564700485,104.97783111635775,105.99390411376953,8251700,0.0,0.0,106.18734893798828,98.15354080200196,82.80058621398712,4.255703558552483,3.3268941467784567,6.370505531002035,0.008365183989845537,0.0,0.0,0.0,0.0,0.0,0.0,0.0,0.0,0.0,8548500.0,10249700.0,9204400.0,0.0,0.0,0.0,0.0,0.0,0.0,0.0,0.0,0.0,0.0,0.0,0.0,0.0,0.0,0.0,0.0,0.0,0.0,0.0,0.0,0.0,0.0,0.0,0.0,106.04275004069011,0.9535106757902696,105.39375414167132,1.5402296168786909,101.34063066755023,4.553323241114246,-0.008227534313219875
2023-02-01,106.0036843789419,107.41055593934497,104.44049789730576,106.87320709228516,9975500,0.0,0.0,106.43550567626953,99.15105018615722,82.91328841815904,4.298287015720973,3.5211727205669603,6.074497786127645,0.008295788195251452,0.0,0.0,0.0,0.0,0.0,0.0,0.0,0.0,0.0,8251700.0,8548500.0,10249700.0,0.0,0.0,0.0,0.0,0.0,0.0,0.0,0.0,0.0,0.0,0.0,0.0,0.0,0.0,0.0,0.0,0.0,0.0,0.0,0.0,0.0,0.0,0.0,0.0,105.99390411376953,0.8793029785159273,105.91016496930804,1.2907254388716758,102.25202560424805,4.263236126302801,-0.033742516430174785
2023-02-02,108.1237469462188,110.91794580206061,107.1662985699113,110.60530853271484,13093200,0.0,0.0,107.12135314941406,100.1881275177002,83.2011701971225,4.580384289198122,3.733015034293193,6.175190883398147,0.03492083321881623,0.0,0.0,0.0,0.0,0.0,0.0,0.0,0.0,0.0,9975500.0,8251700.0,8548500.0,0.0,0.0,0.0,0.0,0.0,0.0,0.0,0.0,0.0,0.0,0.0,0.0,0.0,0.0,0.0,0.0,0.0,0.0,0.0,0.0,0.0,0.0,0.0,0.0,107.82413991292317,2.448360186082221,106.91646575927734,1.799726588196237,103.1871474129813,4.568788083983724,0.02258152891158849
2023-02-03,108.90534284112509,110.5369183425279,107.83065270353656,108.16282653808594,12472500,0.0,0.0,107.34996948242187,101.10601196289062,75.3928632918148,4.554360691476802,3.897284165729915,5.909251332639321,-0.02208286407796123,0.0,0.0,0.0,0.0,0.0,0.0,0.0,0.0,0.0,13093200.0,9975500.0,8251700.0,0.0,0.0,0.0,0.0,0.0,0.0,0.0,0.0,0.0,0.0,0.0,0.0,0.0,0.0,0.0,0.0,0.0,0.0,0.0,0.0,0.0,0.0,0.0,0.0,108.54711405436198,1.8954954396645467,107.2779519217355,1.752333655767517,103.9764175415039,4.389682974279333,0.007645375463652071
2023-02-06,107.63524869817914,107.88926880401874,106.0329817915484,107.34215545654297,11956500,0.0,0.0,107.79548034667968,101.88516349792481,72.03536740729427,4.416603647538125,4.001148062091557,5.632842686354937,-0.00758736719268327,0.0,0.0,0.0,0.0,0.0,0.0,0.0,0.0,0.0,12472500.0,13093200.0,9975500.0,0.0,0.0,0.0,0.0,0.0,0.0,0.0,0.0,0.0,0.0,0.0,0.0,0.0,0.0,0.0,0.0,0.0,0.0,0.0,0.0,0.0,0.0,0.0,0.0,108.70343017578125,1.6974189875956054,107.30167824881417,1.751848608486263,104.67147772652763,4.062504238339403,-0.015766359121730522
2023-02-07,106.78527410117209,109.54039241744906,106.35539505269209,109.06166076660156,10844000,0.0,0.0,108.40903167724609,102.70876884460449,76.79860055378124,4.395511188872462,4.080020687447738,5.401640377156685,0.01601891915385223,0.0,0.0,0.0,0.0,0.0,0.0,0.0,0.0,0.0,11956500.0,12472500.0,13093200.0,0.0,0.0,0.0,0.0,0.0,0.0,0.0,0.0,0.0,0.0,0.0,0.0,0.0,0.0,0.0,0.0,0.0,0.0,0.0,0.0,0.0,0.0,0.0,0.0,108.18888092041016,0.8600486910397522,107.59338051932198,1.8635209423088395,105.5500728062221,3.51313450961704,-0.0013419598622034234
2023-02-08,109.61854884223456,110.72255507046722,107.75249715689263,109.20821380615234,27719900,0.0,0.0,108.87603302001953,103.5011100769043,76.90675631631281,4.3405853034561375,4.132133610649419,5.112882809208835,0.0013437631383994564,0.0,0.0,0.0,0.0,0.0,0.0,0.0,0.0,0.0,10844000.0,11956500.0,12472500.0,0.0,0.0,0.0,0.0,0.0,0.0,0.0,0.0,0.0,0.0,0.0,0.0,0.0,0.0,0.0,0.0,0.0,0.0,0.0,0.0,0.0,0.0,0.0,0.0,108.53734334309895,1.0376536086182946,108.17818232945034,1.576158252630494,106.43634523664203,2.576162875525255,0.01286697939238346
2023-02-09,115.324186832679,115.46096517597834,107.28353588887056,107.82088470458984,46137200,0.0,0.0,108.31914825439453,104.18647041320801,66.6827998220051,4.137416715002971,4.133190231520129,4.689473303462874,-0.012703523418348794,0.0,0.0,0.0,0.0,0.0,0.0,0.0,0.0,0.0,27719900.0,10844000.0,11956500.0,0.0,0.0,0.0,0.0,0.0,0.0,0.0,0.0,0.0,0.0,0.0,0.0,0.0,0.0,0.0,0.0,0.0,0.0,0.0,0.0,0.0,0.0,0.0,0.0,108.69691975911458,0.7621991281273306,108.43917955671039,1.27706711026887,106.91646684919085,2.084381515278791,0.021284500413325302
2023-02-10,106.45309380718122,107.2151467065907,104.74335706224842,105.57379913330078,15566000,0.0,0.0,107.8013427734375,104.58948020935058,55.72185451938895,3.751834308505181,4.05691904691714,4.424698763282794,-0.020840912012971113,0.0,0.0,0.0,0.0,0.0,0.0,0.0,0.0,0.0,46137200.0,27719900.0,10844000.0,0.0,0.0,0.0,0.0,0.0,0.0,0.0,0.0,0.0,0.0,0.0,0.0,0.0,0.0,0.0,0.0,0.0,0.0,0.0,0.0,0.0,0.0,0.0,0.0,107.53429921468098,1.8340776798788934,108.25354984828404,1.596993472943793,107.08185740879604,1.850535188401142,0.003715361069019041
2023-02-13,105.6128778777754,105.79850882064282,104.09854411677767,105.1830062866211,12341500,0.0,0.0,107.36951293945313,104.99297828674317,53.990370085317664,3.3758095258044847,3.920697142694609,4.059946821401629,-0.003701608257805189,0.0,0.0,0.0,0.0,0.0,0.0,0.0,0.0,0.0,15566000.0,46137200.0,27719900.0,0.0,0.0,0.0,0.0,0.0,0.0,0.0,0.0,0.0,0.0,0.0,0.0,0.0,0.0,0.0,0.0,0.0,0.0,0.0,0.0,0.0,0.0,0.0,0.0,106.19256337483723,1.423640589105972,107.47893524169922,1.5811179193259386,107.19770050048828,1.65345790850988,0.0
2023-02-14,104.36232878739827,105.94505917270338,103.38533637880856,105.1830062866211,10768100,0.0,0.0,106.59378204345703,105.37156295776367,48.76873670621915,3.0427324507449214,3.7451042043046714,3.6696536109083056,0.0,0.0,0.0,0.0,0.0,0.0,0.0,0.0,0.0,0.0,12341500.0,15566000.0,46137200.0,0.0,0.0,0.0,0.0,0.0,0.0,0.0,0.0,0.0,0.0,0.0,0.0,0.0,0.0,0.0,0.0,0.0,0.0,0.0,0.0,0.0,0.0,0.0,0.0,105.31327056884766,0.22562435522905752,107.0532466343471,1.757588792321638,107.1655992780413,1.6901404870113022,-0.01446356376309288
2023-02-15,104.62611877671317,106.7559626338643,104.24509231430245,106.72665405273438,8156000,0.0,0.0,106.09747009277343,105.86982917785645,48.76873670621915,2.8702396074594816,3.5701312849356337,3.0659038730078176,0.014675828545030134,0.0,0.0,0.0,0.0,0.0,0.0,0.0,0.0,0.0,10768100.0,12341500.0,15566000.0,0.0,0.0,0.0,0.0,0.0,0.0,0.0,0.0,0.0,0.0,0.0,0.0,0.0,0.0,0.0,0.0,0.0,0.0,0.0,0.0,0.0,0.0,0.0,0.0,105.69755554199219,0.891225453299761,106.96531786237445,1.756121877965061,107.1334980555943,1.6941893833711505,0.032221550990639614
2023-02-16,105.0755315097695,105.53471165864565,103.26808967706522,103.39510345458984,9479900,0.0,0.0,105.21231384277344,106.19956436157227,41.54127848408224,2.4366216385666633,3.3434293556618395,2.2974903538198843,-0.03121573169995928,0.0,0.0,0.0,0.0,0.0,0.0,0.0,0.0,0.0,8156000.0,10768100.0,12341500.0,0.0,0.0,0.0,0.0,0.0,0.0,0.0,0.0,0.0,0.0,0.0,0.0,0.0,0.0,0.0,0.0,0.0,0.0,0.0,0.0,0.0,0.0,0.0,0.0,105.10158793131511,1.6672669427645275,106.1558096749442,1.926501021214243,106.8745950971331,1.967775661211612,0.005797349267917085
2023-02-17,102.61350999000663,103.36579830784761,101.48996724568777,102.79914093017578,9492200,0.0,0.0,104.65738220214844,106.28456230163575,44.244812229916235,2.021583522659583,3.0790601890613885,2.12374128899681,-0.0057639337309218774,0.0,0.0,0.0,0.0,0.0,0.0,0.0,0.0,0.0,9479900.0,8156000.0,10768100.0,0.0,0.0,0.0,0.0,0.0,0.0,0.0,0.0,0.0,0.0,0.0,0.0,0.0,0.0,0.0,0.0,0.0,0.0,0.0,0.0,0.0,0.0,0.0,0.0,104.30696614583333,2.1165916015446573,105.24022783551898,1.748831059952502,106.70920508248466,2.2095357606906667,0.03065919299627562
2023-02-21,101.16757309515206,101.34343203763726,99.48714485670712,99.74115753173828,10648200,0.0,0.0,103.56901245117187,106.10870361328125,35.977224367832136,1.4294315251628973,2.7491344562816904,2.499840105667554,-0.029747168806737112,0.0,0.0,0.0,0.0,0.0,0.0,0.0,0.0,0.0,9492200.0,9479900.0,8156000.0,0.0,0.0,0.0,0.0,0.0,0.0,0.0,0.0,0.0,0.0,0.0,0.0,0.0,0.0,0.0,0.0,0.0,0.0,0.0,0.0,0.0,0.0,0.0,0.0,101.9784673055013,1.9603466786409636,104.08598109654018,2.331110109170584,106.26258032662528,2.8918456628275666,0.004032327122921897
2023-02-22,98.99863796487703,100.20033439760785,98.76415443089915,99.34058380126953,9885100,0.0,0.0,102.40052795410156,105.89767265319824,32.73620054988672,0.9172503574553019,2.3827576365164127,2.876051895731821,-0.004016132761856972,0.0,0.0,0.0,0.0,0.0,0.0,0.0,0.0,0.0,10648200.0,9492200.0,9479900.0,0.0,0.0,0.0,0.0,0.0,0.0,0.0,0.0,0.0,0.0,0.0,0.0,0.0,0.0,0.0,0.0,0.0,0.0,0.0,0.0,0.0,0.0,0.0,0.0,100.62696075439453,1.8917954079203998,103.19552176339286,2.809484361289754,105.72453580583844,3.4216989881344673,-0.0004915111276645456
2023-02-23,99.11587069584576,99.7020720675729,97.31820835387211,99.38943481445312,10974800,0.0,0.0,100.9330841064453,105.58552322387695,19.07328860235104,0.5094127671981283,2.0080886626527557,3.2240859406987603,0.0004917528296524143,0.0,0.0,0.0,0.0,0.0,0.0,0.0,0.0,0.0,9885100.0,10648200.0,9492200.0,0.0,0.0,0.0,0.0,0.0,0.0,0.0,0.0,0.0,0.0,0.0,0.0,0.0,0.0,0.0,0.0,0.0,0.0,0.0,0.0,0.0,0.0,0.0,0.0,99.49039204915364,0.21853855681480244,102.36786869594029,2.9749047657127115,104.92340196881976,3.503080597707046,0.014257104046518698
2023-02-24,97.24005934126336,98.11935405498838,96.6831739315477,97.99234771728516,8523000,0.0,0.0,99.85253295898437,105.1263370513916,20.240165557517628,0.07262807457641429,1.6209965450374875,3.6158227250570576,-0.014056696265313806,0.0,0.0,0.0,0.0,0.0,0.0,0.0,0.0,0.0,10974800.0,9885100.0,10648200.0,0.0,0.0,0.0,0.0,0.0,0.0,0.0,0.0,0.0,0.0,0.0,0.0,0.0,0.0,0.0,0.0,0.0,0.0,0.0,0.0,0.0,0.0,0.0,0.0,98.90745544433594,0.7928828535501334,101.34063175746373,3.080422705737859,104.19693919590541,3.8198633182770036,-0.0014931673619285046
2023-02-27,98.41244963658482,99.13542193949785,97.75785905098051,98.13888549804688,6641200,0.0,0.0,98.9204818725586,104.6822940826416,21.96425956785174,-0.2587202015146062,1.2450531957270687,3.9048236598169077,0.001495400244766909,0.0,0.0,0.0,0.0,0.0,0.0,0.0,0.0,0.0,8523000.0,10974800.0,9885100.0,0.0,0.0,0.0,0.0,0.0,0.0,0.0,0.0,0.0,0.0,0.0,0.0,0.0,0.0,0.0,0.0,0.0,0.0,0.0,0.0,0.0,0.0,0.0,0.0,98.50688934326172,0.7678106614514345,100.11380767822266,2.146325774078734,103.53956277029855,4.023443240127746,0.008432783037912284
2023-02-28,98.13889215560313,98.43199288270402,97.27914145202757,97.31822204589844,8233700,0.0,0.0,98.43589477539062,104.29247512817383,12.153632202493,-0.5808412037343373,0.8798743158347876,4.234624196961915,-0.008362265864174434,0.0,0.0,0.0,0.0,0.0,0.0,0.0,0.0,0.0,6641200.0,8523000.0,10974800.0,0.0,0.0,0.0,0.0,0.0,0.0,0.0,0.0,0.0,0.0,0.0,0.0,0.0,0.0,0.0,0.0,0.0,0.0,0.0,0.0,0.0,0.0,0.0,0.0,97.81648508707683,0.4376846741107064,99.24568176269531,1.7987581266913086,102.70074571881976,4.0077440332750305,0.010858590281244362
2023-03-01,96.90788134699051,97.33775294681136,95.84295572415047,96.27283477783203,7898300,0.0,0.0,97.82234497070313,103.80642166137696,10.595190727284901,-0.9099886518863229,0.5219017222905655,4.573399121720449,-0.010741947870496094,0.0,0.0,0.0,0.0,0.0,0.0,0.0,0.0,0.0,8233700.0,6641200.0,8523000.0,0.0,0.0,0.0,0.0,0.0,0.0,0.0,0.0,0.0,0.0,0.0,0.0,0.0,0.0,0.0,0.0,0.0,0.0,0.0,0.0,0.0,0.0,0.0,0.0,97.24331410725911,0.9352778849398069,98.3133523123605,1.2609034130836083,101.77679007393974,3.881170925189892,-0.0038413768707272755
2023-03-02,95.49122984883103,97.00557096727564,95.17859259614144,96.64408111572266,7776600,0.0,0.0,97.27327423095703,103.29496536254882,13.70547685916506,-1.1278823731778118,0.1919449031968901,4.779703851787154,0.0038561899496087904,0.0,0.0,0.0,0.9822,0.9822000000000001,1.0,3.0,1.0,0.0,7898300.0,8233700.0,6641200.0,0.0,0.0,0.0,0.0,0.0,0.0,0.0,0.0,0.0,0.0,0.0,0.0,0.0,0.0,0.0,0.0,0.0,0.0,0.0,0.0,0.0,0.0,0.0,0.0,96.7450459798177,0.5299566613371623,97.87091282435826,1.219073020946062,100.97844696044922,3.686942009167299,-0.021949842718504975
2023-03-03,97.37683114256991,98.85209176006681,96.60500624874994,98.8130111694336,7434300,0.0,0.0,97.43740692138672,102.70535049438476,27.933632814056338,-1.1127234055383326,-0.06898875855015446,4.552383364056223,0.022442450987907314,0.0,0.0,0.0,0.0,0.0,0.0,0.0,0.0,0.0,7776600.0,7898300.0,8233700.0,0.0,0.0,0.0,0.0,0.0,0.0,0.0,0.0,0.0,0.9822,0.0,0.0,0.9822000000000001,0.0,0.0,1.0,0.0,0.0,3.0,0.0,0.0,1.0,0.0,0.0,97.2433090209961,1.372016613221856,97.79554530552456,1.1258099938520978,100.4955335344587,3.475441457525917,0.00476844611541849
2023-03-06,99.27220264367872,100.3371208277745,98.17796842507524,98.34406280517578,6773300,0.0,0.0,97.4784423828125,102.21441230773925,27.791844468536752,-1.1255750992027345,-0.2803060266806705,4.461390337054618,-0.004745815947797771,0.0,0.0,0.0,0.0,0.0,0.0,0.0,0.0,0.0,7434300.0,7776600.0,7898300.0,0.0,0.0,0.0,0.0,0.0,0.0,0.0,0.0,0.0,0.0,0.9822,0.0,0.0,0.9822000000000001,0.0,0.0,1.0,0.0,0.0,3.0,0.0,0.0,1.0,0.0,97.93371836344402,1.1412060791628498,97.64620644705636,0.9317512071143581,100.00703757149833,3.2384545511242497,0.016151893433497877
2023-03-07,98.09004227329882,98.61761908432152,96.61478160472761,96.78086853027344,6951300,0.0,0.0,97.3709716796875,101.68634796142578,25.230369918872896,-1.247516281704634,-0.47374807768546323,4.447522551975659,-0.0158951565586537,0.0,0.0,0.0,0.0,0.0,0.0,0.0,0.0,0.0,6773300.0,7434300.0,7776600.0,0.0,0.0,0.0,0.0,0.0,0.0,0.0,0.0,0.0,0.0,0.0,0.9822,0.0,0.0,0.9822000000000001,0.0,0.0,1.0,0.0,0.0,3.0,0.0,0.0,1.0,97.97931416829427,1.0640404609571366,97.47313799176898,0.9685288647834099,99.40688487461635,2.9731308458444112,-0.002416955777589158
2023-03-08,96.72224963408873,97.32798761821728,96.03835792125052,97.01535034179688,5668700,0.0,0.0,97.51947479248047,101.08403244018555,18.976241311066275,-1.3101324336663112,-0.6410249488816329,4.205234709027385,0.002422811606098474,0.0,0.0,0.0,0.0,0.0,0.0,0.0,0.0,0.0,6951300.0,6773300.0,7434300.0,0.0,0.0,0.0,0.0,0.0,0.0,0.0,0.0,0.0,0.0,0.0,0.0,0.0,0.0,0.0,0.0,0.0,0.0,0.0,0.0,0.0,0.0,0.0,0.0,97.38009389241536,0.8430139254844389,97.31263296944755,0.9322290246617319,98.7132203238351,2.154023441398855,0.03286881026812938
2023-03-09,97.16188958524799,97.74809097860349,93.71310766312682,93.92804718017578,8275600,0.0,0.0,96.9762680053711,100.32002410888671,19.277069057553405,-1.5905409823278092,-0.8309281555708682,4.03620201733891,-0.031822831652353445,0.0,0.0,0.0,0.0,0.0,0.0,0.0,0.0,0.0,5668700.0,6951300.0,6773300.0,0.0,0.0,0.0,0.0,0.0,0.0,0.0,0.0,0.0,0.0,0.0,0.0,0.0,0.0,0.0,0.0,0.0,0.0,0.0,0.0,0.0,0.0,0.0,0.0,95.90808868408203,1.7187695301807622,96.8283222743443,1.582603209270261,98.03700201851981,2.0548942782797726,0.027465999033736033
2023-03-10,93.40047639617337,93.69357711167255,90.69421059902236,91.41718292236328,13978800,0.0,0.0,95.49710235595703,99.4998390197754,17.146045957692706,-1.9924053303943339,-1.0632235905355614,4.097953325354673,-0.0267317838834239,0.0,0.0,0.0,0.0,0.0,0.0,0.0,0.0,0.0,8275600.0,5668700.0,6951300.0,0.0,0.0,0.0,0.0,0.0,0.0,0.0,0.0,0.0,0.0,0.0,0.0,0.0,0.0,0.0,0.0,0.0,0.0,0.0,0.0,0.0,0.0,0.0,0.0,94.12019348144531,2.804025635549913,96.13465772356305,2.602289590362582,97.22400501796177,2.266549674741048,0.01047527592513986
2023-03-13,89.7758263777538,91.85681739830099,88.37872702014887,90.46949005126953,11915300,0.0,0.0,93.92218780517578,98.74462356567383,19.524675048499475,-2.3601502728084114,-1.3226089269901313,4.306167004052071,-0.010366682070028221,0.0,0.0,0.0,0.0,0.0,0.0,0.0,0.0,0.0,13978800.0,8275600.0,5668700.0,0.0,0.0,0.0,0.0,0.0,0.0,0.0,0.0,0.0,0.0,0.0,0.0,0.0,0.0,0.0,0.0,0.0,0.0,0.0,0.0,0.0,0.0,0.0,0.0,91.93824005126953,1.7871848679321216,95.25257328578404,3.342144235561268,96.56174305507115,2.7725489455021894,-0.008140629363896812
2023-03-14,91.83728779929397,92.13038850785726,90.21547679860227,91.2120132446289,10323600,0.0,0.0,92.80841674804688,98.04607391357422,23.869353142462487,-2.562140610867047,-1.5705152637655146,4.3398182409629715,0.008207443116332147,0.0,0.0,0.0,0.0,0.0,0.0,0.0,0.0,0.0,11915300.0,13978800.0,8275600.0,0.0,0.0,0.0,0.0,0.0,0.0,0.0,0.0,0.0,0.0,0.0,0.0,0.0,0.0,0.0,0.0,0.0,0.0,0.0,0.0,0.0,0.0,0.0,0.0,91.03289540608723,0.4985908588650963,94.16671643938336,3.2253005140218445,95.98113087245396,2.9885610838820256,0.002792641230151105
2023-03-15,89.5218200166896,91.21202031997403,89.30688792811291,90.95800018310547,9543800,0.0,0.0,91.5969467163086,97.33482360839844,23.248611626847506,-2.7114601158394436,-1.7987042341803006,4.273750174373372,-0.0027848641038343835,0.0,0.0,0.0,0.0,0.0,0.0,0.0,0.0,0.0,10323600.0,11915300.0,13978800.0,0.0,0.0,0.0,0.0,0.0,0.0,0.0,0.0,0.0,0.0,0.0,0.0,0.0,0.0,0.0,0.0,0.0,0.0,0.0,0.0,0.0,0.0,0.0,0.0,90.8798344930013,0.3773825373566218,93.11156463623047,2.81269741511956,95.37888554164341,3.0964865896651435,-0.012620632983707525
2023-03-16,90.53789024555346,92.38440541427283,89.77583731292147,92.12062072753906,9931700,0.0,0.0,91.23546142578125,96.60452194213867,31.088723053447126,-2.7048038427907386,-1.9799241559023883,3.8068393619002423,0.012781949274315085,0.0,0.0,0.0,0.0,0.0,0.0,0.0,0.0,0.0,9543800.0,10323600.0,11915300.0,0.0,0.0,0.0,0.0,0.0,0.0,0.0,0.0,0.0,0.0,0.0,0.0,0.0,0.0,0.0,0.0,0.0,0.0,0.0,0.0,0.0,0.0,0.0,0.0,91.43021138509114,0.6112523651988027,92.44581495012555,2.3051833168468026,94.95947647094727,3.1128817849858796,0.011695327265055289
2023-03-17,91.8861441368083,92.10107621744875,90.77237332517458,91.05569458007812,12943200,0.0,0.0,91.16316375732421,95.98755149841308,28.46111015734111,-2.7537162122191035,-2.1346825671657315,3.644844447385064,-0.011560127787356378,0.0,0.0,0.0,0.0,0.0,0.0,0.0,0.0,0.0,9931700.0,9543800.0,10323600.0,0.0,0.0,0.0,0.0,0.0,0.0,0.0,0.0,0.0,0.0,0.0,0.0,0.0,0.0,0.0,0.0,0.0,0.0,0.0,0.0,0.0,0.0,0.0,0.0,91.37810516357422,0.6448899680162233,91.5944355555943,1.1446304774226845,94.45353426252093,3.1319398649423147,-0.010825687754035918
2023-03-20,91.28039833116017,92.73611488979456,90.86029130974565,92.0522232055664,6657200,0.0,0.0,91.47971038818359,95.45020561218261,34.15636745428996,-2.681161326835195,-2.2439783190996243,3.369578890007087,0.010944165876543677,0.0,0.0,0.0,0.0,0.0,0.0,0.0,0.0,0.0,12943200.0,9931700.0,9543800.0,0.0,0.0,0.0,0.0,0.0,0.0,0.0,0.0,0.0,0.0,0.0,0.0,0.0,0.0,0.0,0.0,0.0,0.0,0.0,0.0,0.0,0.0,0.0,0.0,91.7428461710612,0.5960725937303321,91.32646070207868,0.5947305051221585,94.07739148821149,3.0771703586712134,-0.024031511272746053
2023-03-21,92.98036537825023,94.62171291651032,92.98036537825023,94.31884765625,7285800,0.0,0.0,92.10107727050782,95.1790901184082,44.52354712439877,-2.412948439635599,-2.277772343206819,3.221023098765775,0.024623245064075094,0.0,0.0,0.0,0.0,0.0,0.0,0.0,0.0,0.0,6657200.0,12943200.0,9931700.0,0.0,0.0,0.0,0.0,0.0,0.0,0.0,0.0,0.0,0.0,0.0,0.0,0.0,0.0,0.0,0.0,0.0,0.0,0.0,0.0,0.0,0.0,0.0,0.0,92.47558848063152,1.6722651155636716,91.74098423549107,1.2822874798779234,93.93782097952706,3.0135886769294196,0.017281397883093907
2023-03-22,95.20790164588064,95.67686125416978,92.63841444553373,92.7165756225586,8811100,0.0,0.0,92.45279235839844,94.84788970947265,39.702896069231706,-2.3031287222707277,-2.282843619019601,3.109212795997236,-0.016987824528253093,0.0,0.0,0.0,0.0,0.0,0.0,0.0,0.0,0.0,7285800.0,6657200.0,12943200.0,0.0,0.0,0.0,0.0,0.0,0.0,0.0,0.0,0.0,0.0,0.0,0.0,0.0,0.0,0.0,0.0,0.0,0.0,0.0,0.0,0.0,0.0,0.0,0.0,93.02921549479167,1.165205718914939,92.06199645996094,1.1887883356950661,93.6572848728725,2.9237503112844023,-0.009704814539473583
2023-03-23,93.08784189168612,94.78780671231587,92.57980908402313,93.62519073486328,9527000,0.0,0.0,92.75370635986329,94.55967750549317,35.436150015935084,-2.1183590347808376,-2.2499467021718482,2.927949842795092,0.009799920954841834,0.0,0.0,0.0,0.0,0.0,0.0,0.0,0.0,0.0,8811100.0,7285800.0,6657200.0,0.0,0.0,0.0,0.0,0.0,0.0,0.0,0.0,0.0,0.0,0.0,0.0,0.0,0.0,0.0,0.0,0.0,0.0,0.0,0.0,0.0,0.0,0.0,0.0,93.5535380045573,0.8035356263465186,92.406736101423,1.2495661363370478,93.28672627040318,2.5210686283355637,0.01860130627486556
2023-03-24,92.62864367217301,92.81427460662152,90.87982644564818,91.91544342041016,9534600,0.0,0.0,92.92565612792968,94.25583229064941,33.1282292381661,-2.0858457145695724,-2.217126504651393,2.8676712189388653,-0.018261616355954358,0.0,0.0,0.0,0.0,0.0,0.0,0.0,0.0,0.0,9527000.0,8811100.0,7285800.0,0.0,0.0,0.0,0.0,0.0,0.0,0.0,0.0,0.0,0.0,0.0,0.0,0.0,0.0,0.0,0.0,0.0,0.0,0.0,0.0,0.0,0.0,0.0,0.0,92.75240325927734,0.8554365461476527,92.54351370675224,1.1090588441435507,92.82753917149135,2.0750728646623138,-0.01610551592360121
2023-03-27,92.59934352044418,93.810812075315,92.20854504839721,93.4200210571289,7487900,0.0,0.0,93.19921569824218,94.01988906860352,41.15230718122231,-1.916578706750471,-2.157016945071209,2.7217865679181052,0.01636914952188162,0.0,0.0,0.0,0.0,0.0,0.0,0.0,0.0,0.0,9534600.0,9527000.0,8811100.0,0.0,0.0,0.0,0.0,0.0,0.0,0.0,0.0,0.0,0.0,0.0,0.0,0.0,0.0,0.0,0.0,0.0,0.0,0.0,0.0,0.0,0.0,0.0,0.0,92.98688507080078,0.9335491721434471,92.72914232526507,1.1349221628198416,92.58747863769531,1.751756723646795,0.008437114441963711
2023-03-28,93.31254725374846,93.79127144801677,92.41370857077095,92.63842010498047,5426100,0.0,0.0,92.86313018798828,93.78589897155761,38.80002420801715,-1.824470685904032,-2.0905076932377735,2.6226618565548026,-0.008366525112111334,0.0,0.0,0.0,0.0,0.0,0.0,0.0,0.0,0.0,7487900.0,9534600.0,9527000.0,0.0,0.0,0.0,0.0,0.0,0.0,0.0,0.0,0.0,0.0,0.0,0.0,0.0,0.0,0.0,0.0,0.0,0.0,0.0,0.0,0.0,0.0,0.0,0.0,92.65796152750652,0.752479146970047,92.95524597167969,0.8735209448821094,92.274840763637,1.2064131224390073,-0.021162499738005103
2023-03-29,93.86944090203619,94.68034646348454,93.156233099517,94.64126586914062,5889100,0.0,0.0,93.2480682373047,93.70432052612304,51.93227099044934,-1.5717434213089803,-1.9867548388520149,2.565996790338102,0.021620033695419982,0.0,0.0,0.0,0.0,0.0,0.0,0.0,0.0,0.0,5426100.0,7487900.0,9534600.0,0.0,0.0,0.0,0.0,0.0,0.0,0.0,0.0,0.0,0.0,0.0,0.0,0.0,0.0,0.0,0.0,0.0,0.0,0.0,0.0,0.0,0.0,0.0,0.0,93.56656901041667,1.0094330169524157,93.32510920933315,0.9702108296163922,92.32578495570591,1.293509420152562,-0.012538121914982603
2023-03-30,96.4584665485187,96.64409004285375,95.42284949706195,95.84295654296875,7669500,0.0,0.0,93.69162139892578,93.66426429748535,62.90593072785983,-1.2599647594398533,-1.8413968229695827,2.523593226582587,0.012697322492386087,0.0,0.0,0.0,0.0,0.0,0.0,0.0,0.0,0.0,5889100.0,5426100.0,7487900.0,0.0,0.0,0.0,0.0,0.0,0.0,0.0,0.0,0.0,0.0,0.0,0.0,0.0,0.0,0.0,0.0,0.0,0.0,0.0,0.0,0.0,0.0,0.0,0.0,94.37421417236328,1.6188733434592284,93.54283905029297,1.3334197533993968,92.64191164289203,1.5664020317677734,-0.020273614322318
2023-03-31,96.61477965723576,97.89463734007745,96.23375321037662,97.82624816894531,8920000,0.0,0.0,94.87378234863282,93.61492614746093,70.23101922467674,-0.8431238575050486,-1.6417422298766762,2.4253677206359807,0.020693139042381237,0.0,0.0,0.0,0.0,0.0,0.0,0.0,0.0,0.0,7669500.0,5889100.0,5426100.0,0.0,0.0,0.0,0.0,0.0,0.0,0.0,0.0,0.0,0.0,0.0,0.0,0.0,0.0,0.0,0.0,0.0,0.0,0.0,0.0,0.0,0.0,0.0,0.0,96.10349019368489,1.6083955980679532,94.27279227120536,2.0249736593033774,93.16739436558315,1.9648660080447449,0.003708913282380877
2023-04-03,97.90440340669198,98.11934291830227,96.98602820394265,97.46475982666016,7313200,0.0,0.0,95.68273010253907,93.57096099853516,67.56306381986565,-0.535767533065993,-1.4205472905145395,2.341654724981211,-0.003695208076066381,0.0,0.0,0.0,0.0,0.0,0.0,0.0,0.0,0.0,8920000.0,7669500.0,5889100.0,0.0,0.0,0.0,0.0,0.0,0.0,0.0,0.0,0.0,0.0,0.0,0.0,0.0,0.0,0.0,0.0,0.0,0.0,0.0,0.0,0.0,0.0,0.0,0.0,97.0446548461914,1.0562800596331678,94.82130214146206,2.318991789048851,93.61401912144252,2.184566190814168,0.0019081498389366125
2023-04-04,97.99234441645127,98.10957873842496,96.48777516894954,97.27913665771484,6794200,0.0,0.0,96.61087341308594,93.59587440490722,67.8236386447457,-0.3036632292980812,-1.197170478271248,2.37994069994889,-0.0019045157375388033,0.0,0.0,0.0,0.0,0.0,0.0,0.0,0.0,0.0,7313200.0,8920000.0,7669500.0,0.0,0.0,0.0,0.0,0.0,0.0,0.0,0.0,0.0,0.0,0.0,0.0,0.0,0.0,0.0,0.0,0.0,0.0,0.0,0.0,0.0,0.0,0.0,0.0,97.52338155110677,0.27822676248613293,95.58754403250558,2.071770042721005,94.0655288696289,2.245763155582092,-0.0034030503098692044
2023-04-05,97.4061379057473,97.87509753074075,96.36075635084853,97.61131286621094,7747200,0.0,0.0,97.2048828125,93.62567253112793,66.24272133900278,-0.09185619143126189,-0.9761076209032509,2.4282483263847374,0.003414670605732084,0.0,0.0,0.0,0.0,0.0,0.0,0.0,0.0,0.0,6794200.0,7313200.0,8920000.0,0.0,0.0,0.0,0.0,0.0,0.0,0.0,0.0,0.0,0.0,0.0,0.0,0.0,0.0,0.0,0.0,0.0,0.0,0.0,0.0,0.0,0.0,0.0,0.0,97.45173645019531,0.16647061189318035,96.18630000523159,1.9425631735271653,94.45772116524833,2.3566825979534207,-0.0006001503070702796
2023-04-06,97.15212473517121,98.01187534691368,96.28260211253955,97.66992950439453,7042500,0.0,0.0,97.57027740478516,93.81276664733886,70.80510933385042,0.07981225884864784,-0.7649236449528712,2.5914424821569493,0.000600510703753443,0.0,0.0,0.0,0.0,0.0,0.0,0.0,0.0,0.0,7747200.0,6794200.0,7313200.0,0.0,0.0,0.0,0.0,0.0,0.0,0.0,0.0,0.0,0.0,0.0,0.0,0.0,0.0,0.0,0.0,0.0,0.0,0.0,0.0,0.0,0.0,0.0,0.0,97.52012634277344,0.21075103510288568,96.90508706229073,1.1998910345856748,94.93016651698521,2.2840756463971603,-0.008332481238419231
2023-04-10,97.01534744179078,98.4906005859375,96.62454899448196,98.4906005859375,8016600,0.0,0.0,97.7031478881836,94.16643753051758,70.47850668136908,0.278867430001867,-0.5561654299619236,2.726454761173567,0.008402494869273358,0.0,0.0,0.0,0.0,0.0,0.0,0.0,0.0,0.0,7042500.0,7747200.0,6794200.0,0.0,0.0,0.0,0.0,0.0,0.0,0.0,0.0,0.0,0.0,0.0,0.0,0.0,0.0,0.0,0.0,0.0,0.0,0.0,0.0,0.0,0.0,0.0,0.0,97.92394765218098,0.49161025016735027,97.45499202183315,0.8073237120966147,95.39005061558315,2.308083552974526,0.0038836905371610886
2023-04-11,98.83255309484285,99.56529738248364,97.9825670377898,98.10957336425781,7504600,0.0,0.0,97.83211059570313,94.54844169616699,63.700516521975075,0.4012490258425885,-0.36468253880102125,2.7164209387908826,-0.0038686658362614423,0.0,0.0,0.0,0.0,0.0,0.0,0.0,0.0,0.0,8016600.0,7042500.0,7747200.0,0.0,0.0,0.0,0.0,0.0,0.0,0.0,0.0,0.0,0.0,0.0,0.0,0.0,0.0,0.0,0.0,0.0,0.0,0.0,0.0,0.0,0.0,0.0,0.0,98.09003448486328,0.41068428491567116,97.77879442487445,0.40957535568494174,95.6608167375837,2.393519681245095,0.02532164743317522
2023-04-12,98.92047244444113,99.86815618788447,95.45214672533899,95.68663024902344,9289200,0.0,0.0,97.51360931396485,94.77217254638671,60.13330563724686,0.2992761925840881,-0.2318907925239994,2.6093205419292733,-0.02469629651979588,0.0,0.0,0.0,0.0,0.0,0.0,0.0,0.0,0.0,7504600.0,8016600.0,7042500.0,0.0,0.0,0.0,0.0,0.0,0.0,0.0,0.0,0.0,0.0,0.0,0.0,0.0,0.0,0.0,0.0,0.0,0.0,0.0,0.0,0.0,0.0,0.0,0.0,97.42893473307292,1.5208596655411397,97.47313472202846,0.8876388093501365,95.8729634966169,2.239130964139903,-0.028758475241075
2023-04-13,96.24352603070034,98.74462425754152,96.24352603070034,98.51991271972656,8745000,0.0,0.0,97.69532928466796,95.15026817321777,64.76129471050595,0.4419892275221571,-0.09711478851476812,2.5751958499829244,0.02961001409841213,0.0,0.0,0.0,0.0,0.0,0.0,0.0,0.0,0.0,9289200.0,7504600.0,8016600.0,0.0,0.0,0.0,0.0,0.0,0.0,0.0,0.0,0.0,0.0,0.0,0.0,0.0,0.0,0.0,0.0,0.0,0.0,0.0,0.0,0.0,0.0,0.0,0.0,97.43870544433594,1.5311499646292368,97.62387084960938,0.9716000816242139,96.22258649553571,2.243293382360103,0.009409412101107684
2023-04-14,98.18773354519477,98.53945139599384,96.65385581682226,97.6015396118164,7337300,0.0,0.0,97.68165130615235,95.42431411743163,68.00741473824195,0.4755039872839717,0.01740896664497983,2.527001385867976,-0.009321700380742093,0.0,0.0,0.0,0.0,0.0,0.0,0.0,0.0,0.0,8745000.0,9289200.0,7504600.0,0.0,0.0,0.0,0.0,0.0,0.0,0.0,0.0,0.0,0.0,0.0,0.0,0.0,0.0,0.0,0.0,0.0,0.0,0.0,0.0,0.0,0.0,0.0,0.0,97.2693608601888,1.4455550601666967,97.66992841448102,0.9601083478632291,96.6287362234933,1.8904897899637922,-0.0039881492236134575
2023-04-17,97.2791399345246,98.25613240447215,96.86880488607325,97.99234771728516,6705300,0.0,0.0,97.58200073242188,95.77114677429199,65.57922188116095,0.5275187164534572,0.1194309166066753,2.366799817540953,0.004004118244682164,0.0,0.0,0.0,0.0,0.0,0.0,0.0,0.0,0.0,7337300.0,8745000.0,9289200.0,0.0,0.0,0.0,0.0,0.0,0.0,0.0,0.0,0.0,0.0,0.0,0.0,0.0,0.0,0.0,0.0,0.0,0.0,0.0,0.0,0.0,0.0,0.0,0.0,98.03793334960938,0.46088049290399585,97.72436196463448,0.9670078922864362,96.95533098493304,1.676343473841688,-0.006241910854913102
2023-04-18,98.29521183257087,98.82278865455214,97.30844736253957,98.60784912109375,8180100,0.0,0.0,97.68165588378906,96.09892807006835,70.5724068263291,0.6113592149219329,0.21781657626972684,2.2768949573236905,0.0062811170274679196,0.0,0.0,0.0,0.0,0.0,0.0,0.0,0.0,0.0,6705300.0,7337300.0,8745000.0,0.0,0.0,0.0,0.0,0.0,0.0,0.0,0.0,0.0,0.0,0.0,0.0,0.0,0.0,0.0,0.0,0.0,0.0,0.0,0.0,0.0,0.0,0.0,0.0,98.06724548339844,0.5073184045967217,97.8583504813058,1.0216442455806147,97.38171877179828,1.1793564662282838,0.022075961018744428
2023-04-19,97.48430548663711,97.5331580906906,96.09697799630393,96.4780044555664,11523300,0.0,0.0,97.83993072509766,96.20688591003417,56.27501260241581,0.500177020005637,0.2742886650169089,2.2389221679569866,-0.021599139262350464,0.0,0.0,0.0,0.0,0.0,0.0,0.0,0.0,0.0,8180100.0,6705300.0,7337300.0,0.0,0.0,0.0,0.0,0.0,0.0,0.0,0.0,0.0,0.0,0.0,0.0,0.0,0.0,0.0,0.0,0.0,0.0,0.0,0.0,0.0,0.0,0.0,0.0,97.69273376464844,1.096077536162593,97.57083674839565,1.0946466489886013,97.5129143851144,0.9259966429569507,0.0069338772205502774
2023-04-20,95.50100713920575,96.31191262046516,95.14928927875253,95.81364440917969,7762700,0.0,0.0,97.29867706298828,96.36173934936524,49.89604157038381,0.354371057097282,0.2903051434329835,2.08674334828847,-0.006886129643080441,0.0,0.0,0.0,0.0,0.0,0.0,0.0,0.0,0.0,11523300.0,8180100.0,6705300.0,0.0,0.0,0.0,0.0,0.0,0.0,0.0,0.0,0.0,0.0,0.0,0.0,0.0,0.0,0.0,0.0,0.0,0.0,0.0,0.0,0.0,0.0,0.0,0.0,96.96649932861328,1.4597484111195294,97.2428468976702,1.2405613042307277,97.51082066127232,0.9300870538674602,-0.015064815528653575
2023-04-21,95.90158119749891,97.42568701404268,95.47170213996677,97.27913665771484,9468000,0.0,0.0,97.23419647216797,96.54443664550782,47.985629092379995,0.3530025640226313,0.3028446275509131,1.9923645261000344,0.01529523542885669,0.0,0.0,0.0,0.0,0.0,0.0,0.0,0.0,0.0,7762700.0,11523300.0,8180100.0,0.0,0.0,0.0,0.0,0.0,0.0,0.0,0.0,0.0,0.0,0.0,0.0,0.0,0.0,0.0,0.0,0.0,0.0,0.0,0.0,0.0,0.0,0.0,0.0,96.52359517415364,0.7338090813322131,97.47034781319755,1.0369156282396979,97.471741267613,0.9273040842148002,-0.0011034374917741063
2023-04-24,97.84578427177662,98.42220617411147,96.3998323299126,97.3865966796875,8540600,0.0,0.0,97.11304626464843,96.81799430847168,49.70673084905212,0.35647987104147205,0.31357167624902493,1.6734111244655683,0.0011046564110737123,0.0,0.0,0.0,0.0,0.0,0.0,0.0,0.0,0.0,9468000.0,7762700.0,11523300.0,0.0,0.0,0.0,0.0,0.0,0.0,0.0,0.0,0.0,0.0,0.0,0.0,0.0,0.0,0.0,0.0,0.0,0.0,0.0,0.0,0.0,0.0,0.0,0.0,96.82645924886067,0.8787675111709629,97.30844552176339,0.9285387638714714,97.46615818568638,0.9275846098211153,0.017038989457487386
2023-04-25,97.09350259635195,97.41591187916372,95.7550277709961,95.7550277709961,6511400,0.0,0.0,96.5424819946289,96.93474464416504,44.8412673818776,0.224988163071842,0.29585497361358837,1.495904124838679,-0.016753526299494448,0.0,0.0,0.0,0.0,0.0,0.0,0.0,0.0,0.0,8540600.0,9468000.0,7762700.0,0.0,0.0,0.0,0.0,0.0,0.0,0.0,0.0,0.0,0.0,0.0,0.0,0.0,0.0,0.0,0.0,0.0,0.0,0.0,0.0,0.0,0.0,0.0,0.0,96.80692036946614,0.9125488716327173,97.04465811593192,1.0811430224935787,97.35729326520648,1.0344987623258783,0.01449118035165431
2023-04-26,95.58894176832656,96.21422382029375,94.24069481375942,94.38724517822266,8634500,0.0,0.0,96.12433013916015,97.02218589782714,39.80224435809534,0.010292764377837216,0.23874253176643814,1.2648129337369003,-0.014284185641349034,0.0,0.0,0.0,0.0,0.0,0.0,0.0,0.0,0.0,6511400.0,8540600.0,9468000.0,0.0,0.0,0.0,0.0,0.0,0.0,0.0,0.0,0.0,0.0,0.0,0.0,0.0,0.0,0.0,0.0,0.0,0.0,0.0,0.0,0.0,0.0,0.0,0.0,95.84295654296875,1.5016077913492631,96.52964346749442,1.3735761558048531,97.12700271606445,1.2987161507623717,-0.03322317187024659
2023-04-27,94.89527001841067,97.76763008657916,94.48493499548961,97.63085174560547,8166500,0.0,0.0,96.4877716064453,97.17166519165039,49.89712438348945,0.10071606405976752,0.21113723822510402,1.139023037871237,0.034364882259867,0.0,0.0,0.0,0.0,0.0,0.0,0.0,0.0,0.0,8634500.0,6511400.0,8540600.0,0.0,0.0,0.0,0.0,0.0,0.0,0.0,0.0,0.0,0.0,0.0,0.0,0.0,0.0,0.0,0.0,0.0,0.0,0.0,0.0,0.0,0.0,0.0,0.0,95.92437489827473,1.6284209308808566,96.39007241385323,1.1602894117992124,97.12421144757953,1.297500929118679,-0.025073109968744678
2023-04-28,97.08373262738615,100.20033315925791,96.80040395105962,100.14171600341797,11329700,0.0,0.0,97.06028747558594,97.38660316467285,53.991495973184314,0.3707096320798371,0.24305171699605066,1.2728307582063203,0.025717938673269103,0.0,0.0,0.0,0.0,0.0,0.0,0.0,0.0,0.0,8166500.0,8634500.0,6511400.0,0.0,0.0,0.0,0.0,0.0,0.0,0.0,0.0,0.0,0.0,0.0,0.0,0.0,0.0,0.0,0.0,0.0,0.0,0.0,0.0,0.0,0.0,0.0,0.0,97.38660430908203,2.885000212685037,96.91345977783203,1.8360821679395833,97.24214826311383,1.491751674696963,0.002837193169038299
2023-05-01,100.05380140180749,100.24919691225404,99.2722044522994,99.8583984375,6909500,0.0,0.0,97.55464782714844,97.48821067810059,54.247771801653286,0.5554176116567504,0.30552489592819065,1.385866004135935,-0.002829166277800721,0.0,0.0,0.0,0.0,0.0,0.0,0.0,0.0,0.0,11329700.0,8166500.0,8634500.0,0.0,0.0,0.0,0.0,0.0,0.0,0.0,0.0,0.0,0.0,0.0,0.0,0.0,0.0,0.0,0.0,0.0,0.0,0.0,0.0,0.0,0.0,0.0,0.0,99.21032206217448,1.3751771054965527,97.49128178187779,2.055606494043456,97.36706433977399,1.6362029700231138,0.016004076237565723
2023-05-02,98.99863861783456,99.36012102417932,97.32798255998917,98.28543090820312,6955900,0.0,0.0,98.06072845458985,97.52924423217773,56.58416630069709,0.5683234040120624,0.358084597544965,1.3972379172123373,-0.01575198034325953,0.0,0.0,0.0,0.0,0.0,0.0,0.0,0.0,0.0,6909500.0,11329700.0,8166500.0,0.0,0.0,0.0,0.0,0.0,0.0,0.0,0.0,0.0,0.0,0.0,0.0,0.0,0.0,0.0,0.0,0.0,0.0,0.0,0.0,0.0,0.0,0.0,0.0,99.4285151163737,1.0000241702162138,97.63503810337612,2.07340760068476,97.55269295828683,1.577247083539971,-0.002577857769610614
2023-05-03,98.73484709269658,100.21987967776727,98.3245120838719,98.5394515991211,7772100,0.0,0.0,98.89116973876953,97.59225997924804,50.05694484776981,0.5922219186199413,0.4049120617599603,1.4136877416412401,0.0025845202953347357,0.0,0.0,0.0,0.0,0.0,0.0,0.0,0.0,0.0,6955900.0,6909500.0,11329700.0,0.0,0.0,0.0,0.0,0.0,0.0,0.0,0.0,0.0,0.0,0.0,0.0,0.0,0.0,0.0,0.0,0.0,0.0,0.0,0.0,0.0,0.0,0.0,0.0,98.89442698160808,0.8444301946785847,97.7997316632952,2.0960473643262323,97.5540885925293,1.5781771371810307,0.034992292307188144
2023-05-04,97.24982667024629,97.24982667024629,94.38723857298554,95.2079086303711,13260700,0.0,0.0,98.40658111572266,97.47208976745605,43.88416844511779,0.33843274687544067,0.3916161987830564,1.5107979476320532,-0.03380922985347434,0.0,0.0,0.0,0.0,0.0,0.0,0.0,0.0,0.0,7772100.0,6955900.0,6909500.0,0.0,0.0,0.0,0.0,0.0,0.0,0.0,0.0,0.0,0.0,0.0,0.0,0.0,0.0,0.0,0.0,0.0,0.0,0.0,0.0,0.0,0.0,0.0,0.0,97.34426371256511,1.8544922231614387,97.72157178606305,2.192960600913135,97.3831149509975,1.6977682410105435,-0.03054126229148424
2023-05-05,96.32168719303046,98.52969233460189,95.85273496623907,98.20728302001953,9300100,0.0,0.0,98.01969451904297,97.4989574432373,50.484575193437905,0.37500462634244514,0.38829388429493417,1.519255867883671,0.03150341639467169,0.0,0.0,0.0,0.0,0.0,0.0,0.0,0.0,0.0,13260700.0,7772100.0,6955900.0,0.0,0.0,0.0,0.0,0.0,0.0,0.0,0.0,0.0,0.0,0.0,0.0,0.0,0.0,0.0,0.0,0.0,0.0,0.0,0.0,0.0,0.0,0.0,0.0,97.3182144165039,1.835109499314775,98.26729147774833,1.6272660499916207,97.39846747262138,1.70465899242649,-0.023793258315168764
2023-05-08,99.36012187764142,101.51928159277891,99.35035732063922,100.60090637207031,10810100,0.0,0.0,98.16819610595704,97.60447273254394,54.1598592074111,0.590328564249802,0.4287008202859077,1.6586407078809162,0.024373175577648842,0.0,0.0,0.0,0.0,0.0,0.0,0.0,0.0,0.0,9300100.0,13260700.0,7772100.0,0.0,0.0,0.0,0.0,0.0,0.0,0.0,0.0,0.0,0.0,0.0,0.0,0.0,0.0,0.0,0.0,0.0,0.0,0.0,0.0,0.0,0.0,0.0,0.0,98.00536600748698,2.7021628412174343,98.69158499581474,1.8105476519905808,97.54082870483398,1.8869080629209427,0.007731414730284714
2023-05-09,100.54229405379577,100.6106832254044,99.74115310943661,99.82908630371094,6829900,0.0,0.0,98.4769271850586,97.6904483795166,57.414619274738605,0.6907325720944044,0.4811071706476071,1.7292625993753468,-0.007672098554508233,0.0,0.0,0.0,0.0,0.0,0.0,0.0,0.0,0.0,10810100.0,9300100.0,13260700.0,0.0,0.0,0.0,0.0,0.0,0.0,0.0,0.0,0.0,0.0,0.0,0.0,0.0,0.0,0.0,0.0,0.0,0.0,0.0,0.0,0.0,0.0,0.0,0.0,99.54575856526692,1.2217054241510308,98.6469236101423,1.7722661393177521,97.78019169398716,1.9531018520612566,0.010282807114693648
2023-05-10,100.63021763764554,100.8744657387078,97.73832101553181,98.8130111694336,19525200,0.0,0.0,98.5316390991211,97.84676742553711,56.53470583326879,0.6804706578754036,0.5209798680931664,1.679172428508605,-0.010178147190350262,0.0,0.0,0.0,0.0,0.0,0.0,0.0,0.0,0.0,6829900.0,10810100.0,9300100.0,0.0,0.0,0.0,0.0,0.0,0.0,0.0,0.0,0.0,0.0,0.0,0.0,0.0,0.0,0.0,0.0,0.0,0.0,0.0,0.0,0.0,0.0,0.0,0.0,99.74766794840495,0.8967240519462514,98.4975825718471,1.695550953300514,97.99443217686245,1.8840772285589515,0.09565589099019856
2023-05-11,92.61888910148434,92.92175438183091,89.76606542526069,90.18617248535156,57127200,0.0,0.0,97.52729187011718,97.43008041381836,38.2219180574309,-0.023504818466562938,0.4120829307812206,2.387817873955143,-0.08730468368471922,0.0,0.0,0.0,0.0,0.0,0.0,0.0,0.0,0.0,19525200.0,6829900.0,10810100.0,0.0,0.0,0.0,0.0,0.0,0.0,0.0,0.0,0.0,0.0,0.0,0.0,0.0,0.0,0.0,0.0,0.0,0.0,0.0,0.0,0.0,0.0,0.0,0.0,96.27608998616536,5.298435952681068,97.34054565429688,3.5803339348195453,97.48779187883649,2.8149381915533764,0.0034786361586647274
2023-05-12,90.21548102970397,90.74305785754481,89.14079080433676,89.87353515625,21837500,0.0,0.0,95.86054229736328,97.04368019104004,37.60876830589211,-0.5997244251190352,0.20972145960116945,2.9237474611429204,-0.003466577197877463,0.0,0.0,0.0,0.0,0.0,1.0,91.0,0.0,0.0,57127200.0,19525200.0,6829900.0,0.0,0.0,0.0,0.0,0.0,0.0,0.0,0.0,0.0,0.0,0.0,0.0,0.0,0.0,0.0,0.0,0.0,0.0,0.0,0.0,0.0,0.0,0.0,0.0,92.95757293701172,5.073367047155989,96.10255759102958,4.4815048757603435,96.95114462716239,3.474580245155996,-0.009368940166657791
2023-05-15,89.4338886518239,90.73329038304118,88.61321112805376,90.72351837158203,16792000,0.0,0.0,93.88506469726562,96.68023872375488,41.481966552488416,-0.9765391376536599,-0.027530659849796413,3.2348461808398636,0.009457547362015761,0.0,0.0,0.0,0.0,0.0,0.0,0.0,0.0,0.0,21837500.0,57127200.0,19525200.0,0.0,0.0,0.0,0.0,0.0,0.0,0.0,0.0,0.0,0.0,0.0,0.0,0.0,0.0,0.0,1.0,0.0,0.0,91.0,0.0,0.0,0.0,0.0,0.0,90.26107533772786,0.429913589640521,95.46193041120257,4.928897097485359,96.59175109863281,3.8479719310613887,0.020663974608615687
2023-05-16,89.92237400001827,90.29362839811623,88.69136159011047,88.88676452636719,17013300,0.0,0.0,91.69660034179688,96.19418449401856,40.83357892940793,-1.4071573629027228,-0.3034560004603817,3.6354826682857895,-0.02024561963847049,0.0,0.0,0.0,0.0,0.0,0.0,0.0,0.0,0.0,16792000.0,21837500.0,57127200.0,0.0,0.0,0.0,0.0,0.0,0.0,0.0,0.0,0.0,0.0,0.0,0.0,0.0,0.0,0.0,0.0,1.0,0.0,0.0,91.0,0.0,0.0,0.0,0.0,89.82793935139973,0.9192254375523488,94.13042776925224,5.308008258806001,96.19885962350028,4.3397573801157385,-0.019295042916173455
2023-05-17,88.9258452645196,90.9091461043689,88.75975834489286,90.63558197021484,12461600,0.0,0.0,90.06111450195313,95.90206336975098,37.73131471647054,-1.5889935283276628,-0.560563506033838,3.840427358476216,0.01967466644968141,0.0,0.0,0.0,0.0,0.0,0.0,0.0,0.0,0.0,17013300.0,16792000.0,21837500.0,0.0,0.0,0.0,0.0,0.0,0.0,0.0,0.0,0.0,0.0,0.0,0.0,0.0,0.0,0.0,0.0,0.0,1.0,0.0,0.0,91.0,0.0,0.0,0.0,90.08195495605469,1.0359987090166989,92.7068099975586,4.56818255151258,95.69919749668666,4.559348882104051,-0.010558891832741835
2023-05-18,90.71373946264676,92.07175825163952,90.3327130371803,91.6028060913086,15014800,0.0,0.0,90.34444122314453,95.69152145385742,34.16667704102247,-1.6361920923958166,-0.7756892233062338,3.959120056977105,0.010671571805117352,0.0,0.0,0.0,0.9938,0.9938000000000001,1.0,45.0,1.0,0.0,12461600.0,17013300.0,16792000.0,0.0,0.0,0.0,0.0,0.0,0.0,0.0,0.0,0.0,0.0,0.0,0.0,0.0,0.0,0.0,0.0,0.0,0.0,0.0,0.0,0.0,0.0,0.0,0.0,90.3750508626302,1.376636404115943,91.53162711007255,3.317488308299382,95.08927536010742,4.489954519723571,0.026382065160664547
2023-05-19,90.86029179448792,90.86029179448792,89.2189442897234,89.24825286865234,16429000,0.0,0.0,90.219384765625,95.2899772644043,31.729472386757493,-1.8423525681323838,-0.9890218922714639,4.190141526246377,-0.02570394208567428,0.0,0.0,0.0,0.0,0.0,0.0,0.0,0.0,0.0,15014800.0,12461600.0,17013300.0,0.0,0.0,0.0,0.0,0.0,0.0,0.0,0.0,0.0,0.9938,0.0,0.0,0.9938000000000001,0.0,0.0,1.0,0.0,0.0,45.0,0.0,0.0,1.0,0.0,0.0,90.49554697672527,1.1835064719434105,90.1652330671038,0.927396660555592,94.33140781947544,4.51840607149312,-0.005118669775210027
2023-05-22,89.22871145240794,89.82467737111598,87.82184010937779,89.70743560791016,14150600,0.0,0.0,90.01616821289062,94.90601921081543,34.639606912959024,-1.946248875413886,-1.1804672888999483,4.3371644679878445,0.005145005358632604,0.0,0.0,0.0,-0.7184,-0.7184,1.0,255.0,0.0,0.0,16429000.0,15014800.0,12461600.0,0.0,0.0,0.0,0.0,0.0,0.0,0.0,0.0,0.0,0.0,0.9938,0.0,0.0,0.9938000000000001,0.0,0.0,1.0,0.0,0.0,45.0,0.0,0.0,1.0,0.0,90.18616485595703,1.2481452196288552,90.09684208461216,0.9431141822938088,93.71869386945453,4.52258331209745,0.022266606688806645
2023-05-23,89.00401291962687,89.91261621889736,87.7436917332929,87.75346374511719,14778700,0.0,0.0,89.78950805664063,94.50594100952148,31.794202284151595,-2.1613420411089237,-1.3766422393417435,4.614883813538708,-0.02178160427339948,0.0,0.0,0.0,0.0,0.0,0.0,0.0,0.0,0.0,14150600.0,16429000.0,15014800.0,0.0,0.0,0.0,0.0,0.0,0.0,0.0,0.0,0.0,-0.7184,0.0,0.9938,-0.7184,0.0,0.9938000000000001,1.0,0.0,1.0,255.0,0.0,45.0,0.0,0.0,1.0,88.90305074055989,1.0217019585362472,89.79397474016461,1.2997590689875784,92.9482661655971,4.556764363897993,0.008420408278851044
2023-05-24,87.382203681847,87.4310488301124,86.37590269048091,87.02071380615234,15350800,0.0,0.0,89.06653442382813,94.13761444091797,34.85177177658737,-2.363684635675071,-1.574050718608409,4.909427815302636,-0.008350097052500893,0.0,0.0,0.0,-0.296,-0.296,1.0,224.0,0.0,0.0,14778700.0,14150600.0,16429000.0,0.0,0.0,0.0,0.0,0.0,0.0,0.0,0.0,0.0,0.0,-0.7184,0.0,0.0,-0.7184,0.0,0.0,1.0,0.0,0.0,255.0,0.0,0.0,0.0,0.0,88.16053771972656,1.3888485970810036,89.26500265938895,1.5813752682512958,92.36346653529576,4.765059879227612,0.010551359289767026
2023-05-25,87.4994414428059,87.4994414428059,85.77016808588527,86.11211395263672,13605800,0.0,0.0,87.96839599609375,93.56167755126953,25.744492955315735,-2.5677594814341234,-1.772792471173552,5.147912367895332,-0.010441190536998213,0.0,0.0,0.0,0.0,0.0,0.0,0.0,0.0,0.0,15350800.0,14778700.0,14150600.0,0.0,0.0,0.0,0.0,0.0,0.0,0.0,0.0,0.0,-0.296,0.0,-0.7184,-0.296,0.0,-0.7184,1.0,0.0,1.0,224.0,0.0,255.0,0.0,0.0,0.0,86.96209716796875,0.8222434055821666,88.86862400599888,1.9875578519073538,91.49952588762555,4.720292146206104,-0.0016988183540663782
2023-05-26,86.45404721337664,87.18679144408455,86.0730208097173,86.25865173339844,12892700,0.0,0.0,87.37047576904297,92.86752433776856,18.389280388610473,-2.68669534125371,-1.9555730451895839,5.1499583012697885,0.0017017092489717278,0.0,0.0,0.0,0.0,0.0,0.0,0.0,0.0,0.0,13605800.0,15350800.0,14778700.0,0.0,0.0,0.0,0.0,0.0,0.0,0.0,0.0,0.0,0.0,-0.296,0.0,0.0,-0.296,0.0,0.0,1.0,0.0,0.0,224.0,0.0,0.0,0.0,0.0,86.46382649739583,0.4878123986623069,88.24334825788226,2.0271220887516064,90.47507912772042,4.109967360673781,0.005351813299557584
2023-05-30,86.92301170201742,86.92301170201742,85.00810756558907,85.79946899414062,14800700,0.0,0.0,86.58888244628906,92.16457786560059,18.64624850979783,-2.7858910585887173,-2.1216366478694106,5.104805529566507,-0.005323323864103724,0.0,0.0,0.0,0.0,0.0,0.0,0.0,0.0,0.0,12892700.0,13605800.0,15350800.0,0.0,0.0,0.0,0.0,0.0,0.0,0.0,0.0,0.0,0.0,0.0,-0.296,0.0,0.0,-0.296,0.0,0.0,1.0,0.0,0.0,224.0,0.0,0.0,0.0,86.05674489339192,0.23454529743696295,87.41430010114398,1.556207289859221,89.47296360560826,3.2804595688009406,-0.0015916424919538708
2023-05-31,85.5649943585935,86.14141628446404,85.14488733738636,85.93624877929688,11440600,0.0,0.0,86.225439453125,91.54711875915527,20.045420388841976,-2.82094924676079,-2.2614991676476865,5.072235449637786,0.0015941798563530174,0.0,0.0,0.0,0.0,0.0,0.0,0.0,0.0,0.0,14800700.0,12892700.0,13605800.0,0.0,0.0,0.0,0.0,0.0,0.0,0.0,0.0,0.0,0.0,0.0,0.0,0.0,0.0,0.0,0.0,0.0,0.0,0.0,0.0,0.0,0.0,0.0,0.0,85.99812316894531,0.23576158949101164,86.94115665980748,1.4014805693782972,88.55319486345563,2.0253511470388044,-0.007111456182513631
2023-06-01,86.36613431510025,87.01094545791678,85.10581315657153,86.5517578125,11993200,0.0,0.0,86.13164825439453,90.94773406982422,36.521716003386196,-2.767168482745376,-2.3626330306672245,4.908100441864079,0.007162391213792585,0.0,0.0,0.0,0.0,0.0,0.0,0.0,0.0,0.0,11440600.0,14800700.0,12892700.0,0.0,0.0,0.0,0.0,0.0,0.0,0.0,0.0,0.0,0.0,0.0,0.0,0.0,0.0,0.0,0.0,0.0,0.0,0.0,0.0,0.0,0.0,0.0,0.0,86.0958251953125,0.4007282008655072,86.49034554617745,0.6906041244725395,88.29359381539481,2.032850423793264,-0.024016674934276394
2023-06-02,87.56782413430709,89.23848020579567,87.53851555559226,88.68159484863281,14350200,0.0,0.0,86.64554443359376,90.62141838073731,46.10468943232138,-2.523596343010496,-2.394825693135879,4.8262233797066205,0.02460766932945191,0.0,0.0,0.0,0.0,0.0,0.0,0.0,0.0,0.0,11993200.0,11440600.0,14800700.0,0.0,0.0,0.0,0.0,0.0,0.0,0.0,0.0,0.0,0.0,0.0,0.0,0.0,0.0,0.0,0.0,0.0,0.0,0.0,0.0,0.0,0.0,0.0,0.0,87.05653381347656,1.4406006970970355,86.62293570382255,0.9953767471096032,88.20845522199359,1.9860107101685747,-0.002527390504487803
2023-06-05,89.10169124707917,89.64881198201968,87.38219023400733,88.90629577636719,18506700,0.0,0.0,87.1750732421875,90.15636901855468,43.80818788366244,-2.2860796769828653,-2.3730764899052765,4.493428506648653,0.0025337943923753325,0.0,0.0,0.0,0.0,0.0,0.0,0.0,0.0,0.0,14350200.0,11993200.0,11440600.0,0.0,0.0,0.0,0.0,0.0,0.0,0.0,0.0,0.0,0.0,0.0,0.0,0.0,0.0,0.0,0.0,0.0,0.0,0.0,0.0,0.0,0.0,0.0,0.0,88.04654947916667,1.299393790112808,86.89230455671039,1.3223866026982267,88.07865360804966,1.8646645686992855,-0.012587027908074755
2023-06-06,89.00401001755975,90.38157293928502,88.92584883323616,90.03962707519531,12109100,0.0,0.0,88.02310485839844,89.62830505371093,54.12591934049948,-1.9835307361489214,-2.2951673391540055,3.7625252737456587,0.012747480804721434,0.0,0.0,0.0,0.0,0.0,0.0,0.0,0.0,0.0,18506700.0,14350200.0,11993200.0,0.0,0.0,0.0,0.0,0.0,0.0,0.0,0.0,0.0,0.0,0.0,0.0,0.0,0.0,0.0,0.0,0.0,0.0,0.0,0.0,0.0,0.0,0.0,0.0,89.20917256673177,0.727917333700888,87.45337785993304,1.7119947847237786,88.16100093296596,1.9274953843018736,-0.003890858129275254
2023-06-07,90.64534699665045,90.9384476765861,89.74651584384233,90.39132690429688,11082400,0.0,0.0,88.91412048339843,89.15641708374024,49.02871885544461,-1.6958308019928836,-2.175300031721781,2.9113935113978813,0.003906056039168604,0.0,0.0,0.0,0.0,0.0,0.0,0.0,0.0,0.0,12109100.0,18506700.0,14350200.0,0.0,0.0,0.0,0.0,0.0,0.0,0.0,0.0,0.0,0.0,0.0,0.0,0.0,0.0,0.0,0.0,0.0,0.0,0.0,0.0,0.0,0.0,0.0,0.0,89.77908325195312,0.7760423156006022,88.04376002720424,1.930020431815874,88.14355414254325,1.904340004711951,-0.00010827867707596806
2023-06-08,90.39134340533607,90.54766578420123,89.19941880886508,90.40111541748047,9030200,0.0,0.0,89.68399200439453,88.73582229614257,44.82762244284074,-1.4503183134742983,-2.030303688072285,1.8610904625354594,0.00010829040261750578,0.0,0.0,0.0,0.0,0.0,0.0,0.0,0.0,0.0,11082400.0,12109100.0,18506700.0,0.0,0.0,0.0,0.0,0.0,0.0,0.0,0.0,0.0,0.0,0.0,0.0,0.0,0.0,0.0,0.0,0.0,0.0,0.0,0.0,0.0,0.0,0.0,0.0,90.27735646565755,0.20593785729005823,88.70113808768136,1.8186594878994122,88.05771909441266,1.7578757456818639,0.006526720828635479
2023-06-09,90.64536063098097,90.78213898116168,89.44366406098464,89.8149185180664,9625400,0.0,0.0,89.91065673828125,88.71725959777832,52.87703961710745,-1.2881995259730985,-1.8818828556524476,1.847666209238722,-0.00648439896683739,0.0,0.0,0.0,0.0,0.0,0.0,0.0,0.0,0.0,9030200.0,11082400.0,12109100.0,0.0,0.0,0.0,0.0,0.0,0.0,0.0,0.0,0.0,0.0,0.0,0.0,0.0,0.0,0.0,0.0,0.0,0.0,0.0,0.0,0.0,0.0,0.0,0.0,90.20245361328125,0.3356509217407927,89.25523376464844,1.3718523865206687,88.09819521222796,1.7935588923793917,-0.012991180052869256
2023-06-12,90.12755524102711,91.08501114008861,89.6585955763343,90.99707794189453,12341600,0.0,0.0,90.32881317138671,88.77343673706055,56.09988105960877,-1.0521997295802237,-1.715946230438003,1.9009833894174468,0.013162172201830025,0.0,0.0,0.0,0.0,0.0,0.0,0.0,0.0,0.0,9625400.0,9030200.0,11082400.0,0.0,0.0,0.0,0.0,0.0,0.0,0.0,0.0,0.0,0.0,0.0,0.0,0.0,0.0,0.0,0.0,0.0,0.0,0.0,0.0,0.0,0.0,0.0,0.0,90.4043706258138,0.5910864345616952,89.89027949741909,0.836075271472353,88.19031252179828,1.9117886017826853,-0.007565180085218226
2023-06-13,91.95452698433274,92.26716425286237,91.29017185697475,91.69073486328125,12964400,0.0,0.0,90.6590347290039,88.82179756164551,71.14372947353931,-0.799974268824684,-1.5327518381153395,1.964447875811709,0.007622848305411045,0.0,0.0,0.0,0.0,0.0,0.0,0.0,0.0,0.0,12341600.0,9625400.0,9030200.0,0.0,0.0,0.0,0.0,0.0,0.0,0.0,0.0,0.0,0.0,0.0,0.0,0.0,0.0,0.0,0.0,0.0,0.0,0.0,0.0,0.0,0.0,0.0,0.0,90.83424377441406,0.9484502964407584,90.32015664236886,0.8832979474112083,88.4715461730957,2.1207580309360474,0.015143330718486947
2023-06-14,92.0913059584892,92.34531861639208,89.80513986033985,90.32294464111328,15877400,0.0,0.0,90.64535827636719,88.89360656738282,66.60118194677558,-0.7023566831769159,-1.3666728071276548,1.9929896197003147,-0.014917431125483493,0.0,0.0,0.0,0.0,0.0,0.0,0.0,0.0,0.0,12964400.0,12341600.0,9625400.0,0.0,0.0,0.0,0.0,0.0,0.0,0.0,0.0,0.0,0.0,0.0,0.0,0.0,0.0,0.0,0.0,0.0,0.0,0.0,0.0,0.0,0.0,0.0,0.0,91.00358581542969,0.6839183337786124,90.5225350516183,0.6318752071175484,88.70741980416435,2.130598375463765,-0.005272334932955869
2023-06-15,89.94192338422184,91.36833147980207,89.50227975924594,90.80168151855469,13354600,0.0,0.0,90.72547149658203,88.9019115447998,74.64067494662339,-0.5796817676378652,-1.209274599229697,2.0009607839952475,0.005300279783211348,0.0,0.0,0.0,0.0,0.0,0.0,0.0,0.0,0.0,15877400.0,12964400.0,12341600.0,0.0,0.0,0.0,0.0,0.0,0.0,0.0,0.0,0.0,0.0,0.0,0.0,0.0,0.0,0.0,0.0,0.0,0.0,0.0,0.0,0.0,0.0,0.0,0.0,90.9384536743164,0.6940767175959962,90.63139997209821,0.5996331245230526,89.04238891601562,2.058608605358712,0.017739963853582674
2023-06-16,90.7430464093248,90.8309795964684,88.76952515018513,89.21894073486328,22683400,0.0,0.0,90.60627593994141,88.78271827697753,63.51469681612522,-0.6032214060981858,-1.0880639606033948,1.9000633310326085,-0.017430743101029322,0.0,0.0,0.0,0.0,0.0,0.0,0.0,0.0,0.0,13354600.0,15877400.0,12964400.0,0.0,0.0,0.0,0.0,0.0,0.0,0.0,0.0,0.0,0.0,0.0,0.0,0.0,0.0,0.0,0.0,0.0,0.0,0.0,0.0,0.0,0.0,0.0,0.0,90.11452229817708,0.811693908974778,90.4639162336077,0.8060613815033826,89.25383813040597,1.8963188860742597,0.017492995988795723
2023-06-20,88.21264300351861,88.69136718328274,87.67529421225046,87.68506622314453,14939200,0.0,0.0,89.94387359619141,88.70455894470214,57.8391463463372,-0.73715018467459,-1.0178812054176338,1.9120189457270407,-0.017192251993632723,0.0,0.0,0.0,0.0,0.0,0.0,0.0,0.0,0.0,22683400.0,13354600.0,15877400.0,0.0,0.0,0.0,0.0,0.0,0.0,0.0,0.0,0.0,0.0,0.0,0.0,0.0,0.0,0.0,0.0,0.0,0.0,0.0,0.0,0.0,0.0,0.0,0.0,89.2352294921875,1.5583714953784227,90.07590920584542,1.3268149184859193,89.38852364676339,1.687573261335397,0.012522514704761623
2023-06-21,87.48967551921831,87.60690984092523,86.08280402784942,86.6006088256836,17873000,0.0,0.0,88.92584838867188,88.54921760559083,52.56025699301008,-0.9201889895142443,-0.9983427622369561,1.9520399369908528,-0.012367640741710373,0.0,0.0,0.0,0.0,0.0,0.0,0.0,0.0,0.0,14939200.0,22683400.0,13354600.0,0.0,0.0,0.0,0.0,0.0,0.0,0.0,0.0,0.0,0.0,0.0,0.0,0.0,0.0,0.0,0.0,0.0,0.0,0.0,0.0,0.0,0.0,0.0,0.0,87.83487192789714,1.3155785071746693,89.6167221069336,1.8751112863905928,89.43597793579102,1.5895206393089865,0.0016951551690451705
2023-06-22,86.40521063822467,87.13795494159127,86.09257336694269,86.45405578613281,10915300,0.0,0.0,88.15207061767578,88.4842472076416,49.609364514216125,-1.064799817093359,-1.0116341732082368,2.0009312856451906,-0.0016922864808696092,0.0,0.0,0.0,0.0,0.0,0.0,0.0,0.0,0.0,17873000.0,14939200.0,22683400.0,0.0,0.0,0.0,0.0,0.0,0.0,0.0,0.0,0.0,0.0,0.0,0.0,0.0,0.0,0.0,0.0,0.0,0.0,0.0,0.0,0.0,0.0,0.0,0.0,86.91324361165364,0.6724225279222363,88.96771894182477,2.091446639906749,89.42899921962193,1.6033123974249357,0.004426700963900521
2023-06-23,85.99487500634245,86.36613692006163,85.5943119646352,86.07303619384766,13538000,0.0,0.0,87.20634155273437,88.43686332702637,37.87473322632834,-1.196359152990425,-1.0485791691646744,2.0480786642032176,-0.004407191644400288,0.0,0.0,0.0,0.9245,0.9245,1.0,109.0,1.0,0.0,10915300.0,17873000.0,14939200.0,0.0,0.0,0.0,0.0,0.0,0.0,0.0,0.0,0.0,0.0,0.0,0.0,0.0,0.0,0.0,0.0,0.0,0.0,0.0,0.0,0.0,0.0,0.0,0.0,86.37590026855469,0.2723314784632505,88.16519056047711,1.9451179984906537,89.242673601423,1.8321020210340977,-0.006764128242610301
2023-06-26,86.01439919153404,87.43103498248861,85.75060710801102,86.65921020507812,13132700,0.0,0.0,86.69439544677735,88.46421813964844,39.89454340340442,-1.2390386642305202,-1.0866710681778438,2.0188392096410723,0.006810193263199427,0.0,0.0,0.0,0.8599,0.8599,1.0,195.0,1.0,0.0,13538000.0,10915300.0,17873000.0,0.0,0.0,0.0,0.0,0.0,0.0,0.0,0.0,0.0,0.9245,0.0,0.0,0.9245,0.0,0.0,1.0,0.0,0.0,109.0,0.0,0.0,1.0,0.0,0.0,86.3954340616862,0.29745146292093033,87.64179992675781,1.7509718272244756,89.08216748918805,1.9579469960485447,-0.004042369206093799
2023-06-27,86.85462564413714,87.59714195345157,86.4540551832371,87.01094055175781,10032700,0.0,0.0,86.5595703125,88.5018325805664,35.34966593742712,-1.2302986677264585,-1.1153965880875667,1.982259728389142,0.0040587762783357295,0.0,0.0,0.0,0.0,0.0,0.0,0.0,0.0,0.0,13132700.0,13538000.0,10915300.0,0.0,0.0,0.0,0.0,0.0,0.0,0.0,0.0,0.0,0.8599,0.9245,0.0,0.8599,0.9245,0.0,1.0,1.0,0.0,195.0,109.0,0.0,1.0,1.0,0.0,86.58106231689453,0.47381057973398877,87.10026550292969,1.0611102039777849,88.86583273751395,2.0106308947100877,0.002589218957481876
2023-06-28,87.33334532385044,87.3431173344037,86.49313130891161,86.7862319946289,12118300,0.0,0.0,86.59669494628906,88.55117073059083,32.34456067930513,-1.2273560634247076,-1.137788483154995,1.922848084172984,-0.00258253221610949,0.0,0.0,0.0,0.0,0.0,0.0,0.0,0.0,0.0,10032700.0,13132700.0,13538000.0,0.0,0.0,0.0,0.0,0.0,0.0,0.0,0.0,0.0,0.0,0.8599,0.9245,0.0,0.8599,0.9245,0.0,1.0,1.0,0.0,195.0,109.0,0.0,1.0,1.0,86.81879425048828,0.17811171936264644,86.7527356828962,0.5033426045205843,88.60832595825195,2.030982069187829,-0.0013491811195762704
2023-06-29,85.77994510964733,87.06957492093588,85.33052199695865,86.90348052978516,13402600,0.0,0.0,86.68657989501953,88.59953231811524,33.04924438502199,-1.2017104810285417,-1.1505728827297044,1.8649091930039277,0.0013510038684880765,0.0,0.0,0.0,0.0,0.0,0.0,0.0,0.0,0.0,12118300.0,10032700.0,13132700.0,0.0,0.0,0.0,0.0,0.0,0.0,0.0,0.0,0.0,0.0,0.0,0.8599,0.0,0.0,0.8599,0.0,0.0,1.0,0.0,0.0,195.0,0.0,0.0,1.0,86.9002176920573,0.11238980600901395,86.64108058384487,0.3126068909796815,88.35849489484515,2.008484545356259,-0.00369618444920794
2023-06-30,87.12818573106959,87.53852076521797,86.57130034076516,87.22588348388672,12837500,0.0,0.0,86.91714935302734,88.63323860168457,37.123396827806026,-1.1422043277581793,-1.1488991717353993,1.831747053437308,0.003709896912484023,0.0,0.0,0.0,0.0,0.0,0.0,0.0,0.0,0.0,13402600.0,12118300.0,10032700.0,0.0,0.0,0.0,0.0,0.0,0.0,0.0,0.0,0.0,0.0,0.0,0.0,0.0,0.0,0.0,0.0,0.0,0.0,0.0,0.0,0.0,0.0,0.0,0.0,86.97186533610027,0.22766360996697432,86.73040553501674,0.38097293213204936,88.17356382097516,1.983101262105799,-0.013480684436237511
2023-07-03,87.06956927308258,88.85745978026615,86.86440175435203,88.41781616210938,7979500,0.0,0.0,87.2688705444336,88.6200496673584,37.18446285427917,-0.9874831754772089,-1.1166159724837614,1.8323300901890127,0.013664896595089626,0.0,0.0,0.0,0.0,0.0,0.0,0.0,0.0,0.0,12837500.0,13402600.0,12118300.0,0.0,0.0,0.0,0.0,0.0,0.0,0.0,0.0,0.0,0.0,0.0,0.0,0.0,0.0,0.0,0.0,0.0,0.0,0.0,0.0,0.0,0.0,0.0,0.0,87.51572672526042,0.7976903724250899,87.01094273158482,0.7177418129352235,87.9893308367048,1.8131404995660785,0.007907426036766418
2023-07-05,88.03678123571137,88.31033790103442,87.19656721858482,87.7241439819336,11028800,0.0,0.0,87.41151123046875,88.56094207763672,30.291292609533258,-0.9103452024451428,-1.0753618184760378,1.8416536283264213,-0.00784538920192246,0.0,0.0,0.0,0.0,0.0,0.0,0.0,0.0,0.0,7979500.0,12837500.0,13402600.0,0.0,0.0,0.0,0.0,0.0,0.0,0.0,0.0,0.0,0.0,0.0,0.0,0.0,0.0,0.0,0.0,0.0,0.0,0.0,0.0,0.0,0.0,0.0,0.0,87.78928120930989,0.5986301204808626,87.24681527273995,0.6232249754951718,87.70600291660854,1.4671612171094233,0.011832304914235925
2023-07-06,86.6299140530207,86.78623641439364,85.76039141599998,86.69830322265625,12084600,0.0,0.0,87.39392547607422,88.39387588500976,31.356820124269817,-0.9213686151692713,-1.0445631778146844,1.8519799586208388,-0.011693938666287984,0.0,0.0,0.0,0.0,0.0,0.0,0.0,0.0,0.0,11028800.0,7979500.0,12837500.0,0.0,0.0,0.0,0.0,0.0,0.0,0.0,0.0,0.0,0.0,0.0,0.0,0.0,0.0,0.0,0.0,0.0,0.0,0.0,0.0,0.0,0.0,0.0,0.0,87.61342112223308,0.8650871927050776,87.25239998953683,0.617228165618816,87.44709995814732,1.2773756383246415,0.0011281028886218625
2023-07-07,86.27819953326811,87.66553445563942,86.05349544742269,86.6006088256836,9705100,0.0,0.0,87.3333511352539,88.2043399810791,27.510437266534822,-0.9272985500800672,-1.021110252267761,1.8306496484146086,-0.0011268317065186162,0.0,0.0,0.0,0.0,0.0,0.0,0.0,0.0,0.0,12084600.0,11028800.0,7979500.0,0.0,0.0,0.0,0.0,0.0,0.0,0.0,0.0,0.0,0.0,0.0,0.0,0.0,0.0,0.0,0.0,0.0,0.0,0.0,0.0,0.0,0.0,0.0,0.0,87.00768534342448,0.622391182714852,87.19378117152623,0.6618534015687539,87.14702333722796,0.8510010789114835,0.006129360077966606
2023-07-10,86.21958655695465,86.63969362246876,85.83856008519314,86.07303619384766,13642600,0.0,0.0,87.1027816772461,87.98793601989746,31.01418525926499,-0.9634625717084333,-1.0095807161558956,1.813027485447308,-0.006092019894431422,0.0,0.0,0.0,0.0,0.0,0.0,0.0,0.0,0.0,9705100.0,12084600.0,11028800.0,0.0,0.0,0.0,0.0,0.0,0.0,0.0,0.0,0.0,0.0,0.0,0.0,0.0,0.0,0.0,0.0,0.0,0.0,0.0,0.0,0.0,0.0,0.0,0.0,86.45731608072917,0.3363618920102209,87.0918960571289,0.7794879183006803,86.92231587001255,0.654471913484471,-0.015532432913315963
2023-07-11,86.17073199371018,87.52875091685259,86.1218868430249,87.4310531616211,13735500,0.0,0.0,86.90542907714844,87.86874275207519,48.43376305197457,-0.872484738555471,-0.9821615206358107,1.7643012238949143,0.015777495808501518,0.0,0.0,0.0,0.0,0.0,0.0,0.0,0.0,0.0,13642600.0,9705100.0,12084600.0,0.0,0.0,0.0,0.0,0.0,0.0,0.0,0.0,0.0,0.0,0.0,0.0,0.0,0.0,0.0,0.0,0.0,0.0,0.0,0.0,0.0,0.0,0.0,0.0,86.70156606038411,0.6846143393323052,87.16726357596261,0.7837276077585626,86.90417207990374,0.6349289532039979,-0.007321114872473666
2023-07-12,88.03678610860088,88.6229800601479,87.50920931605042,88.07586669921875,14912100,0.0,0.0,86.97577362060547,87.72268218994141,59.617842885437426,-0.739824846464245,-0.9336941858014977,1.6054539098681484,0.0073751088918680985,0.0,0.0,0.0,0.0,0.0,0.0,0.0,0.0,0.0,13735500.0,13642600.0,9705100.0,0.0,0.0,0.0,0.0,0.0,0.0,0.0,0.0,0.0,0.0,0.0,0.0,0.0,0.0,0.0,0.0,0.0,0.0,0.0,0.0,0.0,0.0,0.0,0.0,87.19331868489583,1.0223603911437604,87.28868974958148,0.8567659065234522,87.00954764229911,0.6997809320139581,-0.003537081349418325
2023-07-13,88.46666520960736,88.72067786799947,87.03048518236513,88.38850402832031,15325500,0.0,0.0,87.31381378173828,87.55757064819336,62.34418360093865,-0.6025182512340876,-0.8674589988880157,1.3203827825214656,0.003549636703198411,0.0,0.0,0.0,0.0,0.0,0.0,0.0,0.0,0.0,14912100.0,13735500.0,13642600.0,0.0,0.0,0.0,0.0,0.0,0.0,0.0,0.0,0.0,0.0,0.0,0.0,0.0,0.0,0.0,0.0,0.0,0.0,0.0,0.0,0.0,0.0,0.0,0.0,87.96514129638672,0.48823470448187306,87.28450230189732,0.8503753250485588,87.14772251674107,0.7691989317483631,0.020875536586580257
2023-07-14,88.32989503590191,88.40804877055422,86.38567460439984,86.5810775756836,17770000,0.0,0.0,87.30990753173828,87.37047729492187,52.74264974809963,-0.632257721264267,-0.820418743363266,1.1637274526817818,-0.020448659839944816,0.0,0.0,0.0,0.0,0.0,0.0,0.0,0.0,0.0,15325500.0,14912100.0,13735500.0,0.0,0.0,0.0,0.0,0.0,0.0,0.0,0.0,0.0,0.0,0.0,0.0,0.0,0.0,0.0,0.0,0.0,0.0,0.0,0.0,0.0,0.0,0.0,0.0,87.68181610107422,0.9659992240404643,87.12120710100446,0.8615580306330367,87.18401118687221,0.725331256224463,0.03576452007807962
2023-07-17,86.38566771988881,86.45405689092254,83.33745614940163,83.59146881103516,34503400,0.0,0.0,86.81359405517578,87.0099666595459,36.85100343689809,-0.8868399685104151,-0.8337029883926959,1.161653867077152,-0.034529586006077584,0.0,0.0,0.0,0.0,0.0,0.0,0.0,0.0,0.0,17770000.0,15325500.0,14912100.0,0.0,0.0,0.0,0.0,0.0,0.0,0.0,0.0,0.0,0.0,0.0,0.0,0.0,0.0,0.0,0.0,0.0,0.0,0.0,0.0,0.0,0.0,0.0,0.0,86.18701680501302,2.4226740674727814,86.67737361363002,1.5997385721130466,86.96488680158343,1.202500545684475,-0.00453743362296366
2023-07-18,83.54261684356419,85.29143402166795,83.34721390380231,83.97248840332031,21885100,0.0,0.0,86.12188110351562,86.74764404296874,37.00916080932443,-1.0457978304325337,-0.8761219568006635,1.2271018277841803,0.004558115770719073,0.0,0.0,0.0,0.0,0.0,0.0,0.0,0.0,0.0,34503400.0,17770000.0,15325500.0,0.0,0.0,0.0,0.0,0.0,0.0,0.0,0.0,0.0,0.0,0.0,0.0,0.0,0.0,0.0,0.0,0.0,0.0,0.0,0.0,0.0,0.0,0.0,0.0,84.71501159667969,1.6272509520426217,86.3019278390067,1.9008233064974462,86.74785450526646,1.4435795064786692,-0.012523030634062904
2023-07-19,84.2167371054805,85.86785655274672,84.20697254881577,85.03741455078125,17177000,0.0,0.0,85.51419067382812,86.61526145935059,43.0241581825032,-1.0734681682614422,-0.9155911990928193,1.2629418585281733,0.01268184577722753,0.0,0.0,0.0,0.0,0.0,0.0,0.0,0.0,0.0,21885100.0,34503400.0,17770000.0,0.0,0.0,0.0,0.0,0.0,0.0,0.0,0.0,0.0,0.0,0.0,0.0,0.0,0.0,0.0,0.0,0.0,0.0,0.0,0.0,0.0,0.0,0.0,0.0,84.20045725504558,0.7494445400365819,86.15398188999721,1.960959029795538,86.62293897356305,1.513952057852539,0.009627675007112924
2023-07-20,84.84201158765973,85.1741928606761,84.05065017413786,84.22650909423828,15277500,0.0,0.0,84.68179168701172,86.49655647277832,39.881779728955024,-1.1476015671591995,-0.9619932727060954,1.371313744051075,-0.009535866780835955,0.0,0.0,0.0,0.0,0.0,0.0,0.0,0.0,0.0,17177000.0,21885100.0,34503400.0,0.0,0.0,0.0,0.0,0.0,0.0,0.0,0.0,0.0,0.0,0.0,0.0,0.0,0.0,0.0,0.0,0.0,0.0,0.0,0.0,0.0,0.0,0.0,0.0,84.41213734944661,0.5562016826077906,85.6961898803711,1.9870156674545962,86.43172672816685,1.6396285629535,-0.011126436229750847
2023-07-21,84.31444374158859,85.87763002852306,83.9041012850069,85.1741943359375,19901000,0.0,0.0,84.4004150390625,86.43256340026855,42.595186026955034,-1.117006386705242,-0.9929958955059247,1.4029003669812201,0.011251626737122544,0.0,0.0,0.0,0.0,0.0,0.0,0.0,0.0,0.0,15277500.0,17177000.0,21885100.0,0.0,0.0,0.0,0.0,0.0,0.0,0.0,0.0,0.0,0.0,0.0,0.0,0.0,0.0,0.0,0.0,0.0,0.0,0.0,0.0,0.0,0.0,0.0,0.0,84.81270599365234,0.5122472850775449,85.2816652570452,1.6880062459947032,86.28517750331334,1.6548063569834581,0.006697397941148875
2023-07-24,85.47706662196109,85.93625426209567,84.55869879555271,84.6075439453125,13911900,0.0,0.0,84.60363006591797,86.35928878784179,35.59821256579167,-1.1255092663800212,-1.0194985696807441,1.4597857120343114,-0.006652841216085448,0.0,0.0,0.0,0.0,0.0,0.0,0.0,0.0,0.0,19901000.0,15277500.0,17177000.0,0.0,0.0,0.0,0.0,0.0,0.0,0.0,0.0,0.0,0.0,0.0,0.0,0.0,0.0,0.0,0.0,0.0,0.0,0.0,0.0,0.0,0.0,0.0,0.0,84.66941579182942,0.47686258332737724,84.7415281023298,0.9879225585378201,86.01301520211356,1.5891044231478886,0.01132783698639317
2023-07-25,83.75756390924181,84.32421385103972,83.20067852491823,83.65985870361328,15335400,0.0,0.0,84.54110412597656,86.20932121276856,34.92753409960298,-1.1949435729686826,-1.0545875703383318,1.5767334091620233,-0.01120095440084834,0.0,0.0,0.0,0.0,0.0,0.0,0.0,0.0,0.0,13911900.0,19901000.0,15277500.0,0.0,0.0,0.0,0.0,0.0,0.0,0.0,0.0,0.0,0.0,0.0,0.0,0.0,0.0,0.0,0.0,0.0,0.0,0.0,0.0,0.0,0.0,0.0,0.0,84.48053232828777,0.765115719990515,84.32421112060547,0.6354707009456011,85.72270911080497,1.623334277909819,-0.0026786923448353095
2023-07-26,83.69892870876504,84.2851225990905,83.4839892097451,83.88455963134766,14983700,0.0,0.0,84.31053314208984,86.05300216674804,38.90597165510847,-1.21780121981611,-1.0872303002338874,1.646509651075674,0.0026858870098076526,0.0,0.0,0.0,0.0,0.0,0.0,0.0,0.0,0.0,15335400.0,13911900.0,19901000.0,0.0,0.0,0.0,0.0,0.0,0.0,0.0,0.0,0.0,0.0,0.0,0.0,0.0,0.0,0.0,0.0,0.0,0.0,0.0,0.0,0.0,0.0,0.0,0.0,84.05065409342448,0.49519426196549227,84.36608123779297,0.5869481043699615,85.52172742571149,1.6668552385400606,0.005857345023383642
2023-07-27,84.6075486244999,84.88110533063819,83.22999308177178,83.39608001708984,16691400,0.0,0.0,84.14444732666016,85.8834945678711,37.74289566298391,-1.2607985907648072,-1.1219439583400714,1.7389627791472728,-0.00582323631910997,0.0,0.0,0.0,0.0,0.0,0.0,0.0,0.0,0.0,14983700.0,15335400.0,13911900.0,0.0,0.0,0.0,0.0,0.0,0.0,0.0,0.0,0.0,0.0,0.0,0.0,0.0,0.0,0.0,0.0,0.0,0.0,0.0,0.0,0.0,0.0,0.0,0.0,83.64683278401692,0.2445001826642354,84.28373718261719,0.6838093920821537,85.29283251081195,1.7262715381125813,-0.00893984882170018
2023-07-28,83.88456890570033,84.58800463340725,83.48399843981034,84.14835357666016,13638300,0.0,0.0,83.93927917480468,85.74573822021485,42.76262564248509,-1.2201074881433414,-1.1415766643007255,1.7628721491155863,0.009020490644358281,0.0,0.0,0.0,0.0,0.0,0.0,0.0,0.0,0.0,16691400.0,14983700.0,15335400.0,0.0,0.0,0.0,0.0,0.0,0.0,0.0,0.0,0.0,0.0,0.0,0.0,0.0,0.0,0.0,0.0,0.0,0.0,0.0,0.0,0.0,0.0,0.0,0.0,83.80966440836589,0.38168815533985845,84.15672847202846,0.5976275827134746,85.15535518101284,1.7359698800923495,-0.031049653388859788
2023-07-31,84.9983411710078,87.30404389563364,84.8810993963476,86.84485626220703,20837800,0.0,0.0,84.3867416381836,85.72668685913087,47.997320516295844,-0.9592170084601861,-1.1051047331326176,1.7480307333487002,0.032044627980633456,0.0,0.0,0.0,0.5007,0.5007,1.0,248.0,1.0,0.0,13638300.0,16691400.0,14983700.0,0.0,0.0,0.0,0.0,0.0,0.0,0.0,0.0,0.0,0.0,0.0,0.0,0.0,0.0,0.0,0.0,0.0,0.0,0.0,0.0,0.0,0.0,0.0,0.0,84.79642995198567,1.8134267667631185,84.53077806745257,1.1821394692079958,85.11348397391183,1.6831233866804043,-0.0015724257897827831
2023-08-01,87.06956160617364,87.66552754071066,86.42474307220499,86.98162841796875,13717500,0.0,0.0,85.05109558105468,85.65487747192383,46.12721351846151,-0.7329737882093639,-1.030678544147967,1.6588865491938423,0.0015749022066289253,0.0,0.0,0.0,0.0,0.0,0.0,0.0,0.0,0.0,20837800.0,13638300.0,16691400.0,0.0,0.0,0.0,0.0,0.0,0.0,0.0,0.0,0.0,0.5007,0.0,0.0,0.5007,0.0,0.0,1.0,0.0,0.0,248.0,0.0,0.0,1.0,0.0,0.0,85.99161275227864,1.5977734341967067,84.78898293631417,1.5005952715452622,85.03532409667969,1.5555479636849125,0.03163375986979955
2023-08-02,86.229349668669,86.29773883721197,84.27536490588659,84.31444549560547,15162700,0.0,0.0,85.13707275390625,85.48439254760743,37.64074980153265,-0.7601314551733509,-0.9765691263530438,1.6095075887091697,-0.030663750160514258,0.0,0.0,0.0,0.0,0.0,0.0,0.0,0.0,0.0,13717500.0,20837800.0,13638300.0,0.0,0.0,0.0,0.0,0.0,0.0,0.0,0.0,0.0,0.0,0.5007,0.0,0.0,0.5007,0.0,0.0,1.0,0.0,0.0,248.0,0.0,0.0,1.0,0.0,86.04697672526042,1.5019737021485096,84.74711172921317,1.51055786070323,84.74431991577148,1.2262125964643265,0.0094748252506478
2023-08-03,83.84548820219965,84.47076274735231,83.48399832765242,83.52307891845703,14145400,0.0,0.0,85.16247253417968,85.32563133239746,40.11364847212411,-0.835875320570949,-0.9484303651966249,1.6397825343613146,-0.009385895530673705,0.0,0.0,0.0,0.0,0.0,0.0,0.0,0.0,0.0,15162700.0,13717500.0,20837800.0,0.0,0.0,0.0,0.0,0.0,0.0,0.0,0.0,0.0,0.0,0.0,0.5007,0.0,0.0,0.5007,0.0,0.0,1.0,0.0,0.0,248.0,0.0,0.0,1.0,84.93971761067708,1.812074798003188,84.72757175990513,1.5277529692613598,84.52589144025531,1.1434281182179657,-0.009385895530673705
2023-08-04,83.96272764199581,85.10580693929704,83.48399600833469,84.31444549560547,11533900,0.0,0.0,85.19569091796875,85.21132316589356,52.72461184588844,-0.8225642024567179,-0.9232571326486436,1.6258512019940716,0.0094748252506478,0.0,0.0,0.0,0.0,0.0,0.0,0.0,0.0,0.0,14145400.0,15162700.0,13717500.0,0.0,0.0,0.0,0.0,0.0,0.0,0.0,0.0,0.0,0.0,0.0,0.0,0.0,0.0,0.0,0.0,0.0,0.0,0.0,0.0,0.0,0.0,0.0,0.0,84.05065663655598,0.45689570634487087,84.78898402622768,1.4965392525588619,84.57753263201032,1.1139255105539325,-0.006103893172246466
2023-08-07,84.6661655821511,85.22305095607665,84.01157500442135,84.8322525024414,10818400,0.0,0.0,84.79317016601563,85.14928398132324,53.207044792362126,-0.7614547708822101,-0.890896660295357,1.614875235630288,0.0061413794966240776,0.0,0.0,0.0,0.0,0.0,0.0,0.0,0.0,0.0,11533900.0,14145400.0,15162700.0,0.0,0.0,0.0,0.0,0.0,0.0,0.0,0.0,0.0,0.0,0.0,0.0,0.0,0.0,0.0,0.0,0.0,0.0,0.0,0.0,0.0,0.0,0.0,0.0,84.22325897216797,0.6593330757618536,84.99415152413505,1.366553638029846,84.63894435337612,1.101634961885934,-0.014750826384584581
2023-08-08,84.50983822272241,86.29773601104284,84.11903979219213,86.10233306884766,16767900,0.0,0.0,84.6173110961914,85.08284797668458,53.912420486607665,-0.6035824955947646,-0.8334338273552386,1.541738178728207,0.014971670902758305,0.0,0.0,0.0,0.0,0.0,0.0,0.0,0.0,0.0,10818400.0,11533900.0,14145400.0,0.0,0.0,0.0,0.0,0.0,0.0,0.0,0.0,0.0,0.0,0.0,0.0,0.0,0.0,0.0,0.0,0.0,0.0,0.0,0.0,0.0,0.0,0.0,0.0,85.08301035563152,0.919942997876139,85.2732914515904,1.3645555777167035,84.71500996180943,1.166141534475751,0.007315026799302071
2023-08-09,87.1477222092102,87.49944008207368,85.0374224258901,85.47706604003906,32517900,0.0,0.0,84.84983520507812,84.95290794372559,54.65797701261789,-0.5228938093275701,-0.771325823749705,1.3769098542511327,-0.00726190576402419,0.0,0.0,0.0,0.0,0.0,0.0,0.0,0.0,0.0,16767900.0,10818400.0,11533900.0,0.0,0.0,0.0,0.0,0.0,0.0,0.0,0.0,0.0,0.0,0.0,0.0,0.0,0.0,0.0,0.0,0.0,0.0,0.0,0.0,0.0,0.0,0.0,0.0,85.47055053710938,0.6350653510663438,85.07789284842355,1.1885926817149677,84.80433545793805,1.1737156243417366,-0.046534388044713215
2023-08-10,87.90000179126231,90.40109978984984,85.73107760954845,89.64881896972656,56716800,0.0,0.0,86.07498321533203,85.0159236907959,63.43901576116645,-0.12092786633031949,-0.6412462322658279,1.5591930167811234,0.04880552320002862,0.0,0.0,0.0,0.0,0.0,0.0,0.0,0.0,0.0,32517900.0,16767900.0,10818400.0,0.0,0.0,0.0,0.0,0.0,0.0,0.0,0.0,0.0,0.0,0.0,0.0,0.0,0.0,0.0,0.0,0.0,0.0,0.0,0.0,0.0,0.0,0.0,0.0,87.0760726928711,2.249890501365462,85.45892007010323,2.030164183023588,85.1239515032087,1.7499664138654676,0.03077965625911494
2023-08-11,89.21894053581164,89.24824911350743,86.81554026457668,86.97185516357422,21998900,0.0,0.0,86.60646514892578,85.03546257019043,56.30207327117248,-0.018166159158511164,-0.5166302176443646,1.5821188373535007,-0.029860558531800918,0.0,0.0,0.0,0.0,0.0,0.0,0.0,0.0,0.0,56716800.0,32517900.0,16767900.0,0.0,0.0,0.0,0.0,0.0,0.0,0.0,0.0,0.0,0.0,0.0,0.0,0.0,0.0,0.0,0.0,0.0,0.0,0.0,0.0,0.0,0.0,0.0,0.0,87.36591339111328,2.113608772125999,85.8385500226702,2.028945452666399,85.29283087594169,1.8093721737790474,0.0023645253838056046
2023-08-14,86.94255204631396,87.24542476053247,85.96555964117412,86.76669311523438,13676400,0.0,0.0,86.99335327148438,85.1942237854004,58.62258512182221,0.046185968349647055,-0.4040669804455623,1.5888896992153538,-0.0023589475923444514,0.0,0.0,0.0,0.0,0.0,0.0,0.0,0.0,0.0,21998900.0,56716800.0,32517900.0,0.0,0.0,0.0,0.0,0.0,0.0,0.0,0.0,0.0,0.0,0.0,0.0,0.0,0.0,0.0,0.0,0.0,0.0,0.0,0.0,0.0,0.0,0.0,0.0,87.79578908284505,1.608046233096958,86.30192347935268,1.7652552385183187,85.5147476196289,1.784031149072831,0.020101024470726703
2023-08-15,85.96556434421302,86.20004790105438,84.8908741305367,85.05696105957031,13677900,0.0,0.0,86.7842788696289,85.24844741821289,53.00604812916447,-0.040310915887516785,-0.3313157675339532,1.5633001313710189,-0.019704935088322162,0.0,0.0,0.0,0.0,0.0,0.0,0.0,0.0,0.0,13676400.0,21998900.0,56716800.0,0.0,0.0,0.0,0.0,0.0,0.0,0.0,0.0,0.0,0.0,0.0,0.0,0.0,0.0,0.0,0.0,0.0,0.0,0.0,0.0,0.0,0.0,0.0,0.0,86.26516977945964,1.0513558387304864,86.40799713134766,1.6440730770435172,85.59849057878766,1.72826832237714,0.008222349996825695
2023-08-16,84.54892745939705,85.05696025334936,84.099511827169,84.36329650878906,12182700,0.0,0.0,86.5615249633789,85.21474151611328,52.45412988778853,-0.16295481025660763,-0.2976435760784841,1.5753107332362786,-0.008155294312659933,0.0,0.0,0.0,0.0,0.0,0.0,0.0,0.0,0.0,13677900.0,13676400.0,21998900.0,0.0,0.0,0.0,0.0,0.0,0.0,0.0,0.0,0.0,0.0,0.0,0.0,0.0,0.0,0.0,0.0,0.0,0.0,0.0,0.0,0.0,0.0,0.0,0.0,85.39565022786458,1.23697678899347,86.34100341796875,1.7264737710573752,85.6675774710519,1.65106302005342,0.005004725700768375
2023-08-17,84.92017628356093,84.95925687340957,83.82594958324019,83.94318389892578,14206000,0.0,0.0,85.42039794921875,85.20057525634766,49.470495251942026,-0.29069955323849683,-0.2962547715104866,1.5859036277650207,-0.004979803151949014,0.0,0.0,0.0,0.0,0.0,0.0,0.0,0.0,0.0,12182700.0,13677900.0,13676400.0,0.0,0.0,0.0,0.0,0.0,0.0,0.0,0.0,0.0,0.0,0.0,0.0,0.0,0.0,0.0,0.0,0.0,0.0,0.0,0.0,0.0,0.0,0.0,0.0,84.45448048909505,0.5624595804074815,86.03255353655133,1.9540921036729897,85.65292249407086,1.6664241643950737,-0.00046530967394442513
2023-08-18,83.40583974806438,84.72477793208807,83.40583974806438,83.98226165771484,12364400,0.0,0.0,84.82247924804688,85.14097862243652,41.43771907404703,-0.3843543363181823,-0.31387468447202577,1.609172276779989,0.00046552628782947636,0.0,0.0,0.0,0.0,0.0,0.0,0.0,0.0,0.0,14206000.0,12182700.0,13677900.0,0.0,0.0,0.0,0.0,0.0,0.0,0.0,0.0,0.0,0.0,0.0,0.0,0.0,0.0,0.0,0.0,0.0,0.0,0.0,0.0,0.0,0.0,0.0,0.0,84.09624735514323,0.2320952512562214,85.81901005336216,2.101062445247475,85.44845145089286,1.6844466624286842,0.0009314862069753627
2023-08-21,83.8357169690591,84.2655960180387,83.44492596510742,83.90410614013672,11215000,0.0,0.0,84.24996185302734,85.10580673217774,40.76245891075073,-0.45958511265388324,-0.34301677010839726,1.6290105594988031,-0.0009306193478887392,0.0,0.0,0.0,0.1803,0.1803,1.0,176.0,1.0,0.0,12364400.0,14206000.0,12182700.0,0.0,0.0,0.0,0.0,0.0,0.0,0.0,0.0,0.0,0.0,0.0,0.0,0.0,0.0,0.0,0.0,0.0,0.0,0.0,0.0,0.0,0.0,0.0,0.0,83.94318389892578,0.039077758795185255,84.99833679199219,1.3398798976340254,85.22862843104771,1.669720101995502,0.0010491579565286013
2023-08-22,83.73800856637725,84.10926295445107,83.40583476449957,83.81616973876953,9835300,0.0,0.0,84.00180358886719,85.11362228393554,48.23035945569531,-0.5203040365284721,-0.37847422339241227,1.6220683494049604,-0.0010480583777427999,0.0,0.0,0.0,0.0,0.0,0.0,0.0,0.0,0.0,11215000.0,12364400.0,14206000.0,0.0,0.0,0.0,0.0,0.0,0.0,0.0,0.0,0.0,0.1803,0.0,0.0,0.1803,0.0,0.0,1.0,0.0,0.0,176.0,0.0,0.0,1.0,0.0,0.0,83.90084584554036,0.0830939439782079,84.54752458844867,1.0686277430431252,85.19303730555943,1.695812098853923,-0.00046619635182243435
2023-08-23,83.8357187334224,84.34375897542853,83.66963180786149,83.85526275634766,7576000,0.0,0.0,83.9001968383789,85.11215744018554,51.24635882309834,-0.5588279209364941,-0.41454496290122866,1.6232494968917317,0.00046641379223077983,0.0,0.0,0.0,0.9969,0.9969,1.0,1.0,1.0,0.0,9835300.0,11215000.0,12364400.0,0.0,0.0,0.0,0.0,0.0,0.0,0.0,0.0,0.0,0.0,0.1803,0.0,0.0,0.1803,0.0,0.0,1.0,0.0,0.0,176.0,0.0,0.0,1.0,0.0,83.85851287841797,0.04405820175557168,84.13160596575055,0.4463539156629372,85.21676472255162,1.6728170766583408,0.040742151617769284
2023-08-24,83.54262091580095,83.97249249651092,80.5627911604573,80.57256317138672,27531000,0.0,0.0,83.2260726928711,84.97098159790039,38.17170485502828,-0.844509815259471,-0.5005379333728772,1.8824427256036127,-0.03914721005048005,0.0,0.0,0.0,0.0,0.0,0.0,0.0,0.0,0.0,7576000.0,9835300.0,11215000.0,0.0,0.0,0.0,0.0,0.0,0.0,0.0,0.0,0.0,0.9969,0.0,0.1803,0.9969,0.0,0.1803,1.0,0.0,1.0,1.0,0.0,176.0,1.0,0.0,1.0,82.7479985555013,1.8840837027185482,83.49097769601005,1.2995552066434446,84.94948741367885,2.0779507001308897,-0.010676476958392356
2023-08-25,81.1587489790392,81.7254062943983,80.56278308768904,81.44207763671875,16050900,0.0,0.0,82.71803588867188,84.83566780090332,39.5165738622235,-0.9893476404688215,-0.5982998747920661,2.0357136537489886,0.010791694233215354,0.0,0.0,0.0,0.0,0.0,0.0,0.0,0.0,0.0,27531000.0,7576000.0,9835300.0,0.0,0.0,0.0,0.0,0.0,0.0,0.0,0.0,0.0,0.0,0.9969,0.0,0.0,0.9969,0.0,0.0,1.0,0.0,0.0,1.0,0.0,0.0,1.0,0.0,81.95663452148438,1.700766219096829,83.07366071428571,1.434749659340775,84.70733206612724,2.280345095417012,-0.009505789154199529
2023-08-28,81.90126932900881,82.74148333441306,81.60816864661757,82.22367858886719,12166400,0.0,0.0,82.38195037841797,84.60460891723633,37.6324195192441,-1.029200018561525,-0.684479903545958,2.0578010330072933,0.0095970163683059,0.0,0.0,0.0,0.0,0.0,0.0,0.0,0.0,0.0,16050900.0,27531000.0,7576000.0,0.0,0.0,0.0,0.0,0.0,0.0,0.0,0.0,0.0,0.0,0.0,0.9969,0.0,0.0,0.9969,0.0,0.0,1.0,0.0,0.0,1.0,0.0,0.0,1.0,81.41277313232422,0.8259476956467938,82.82801709856305,1.4080159239841472,84.43028531755719,2.3328357947671976,-0.002843645921578486
2023-08-29,81.86219443755492,82.60471075178408,81.80357727854174,82.45816040039062,11210700,0.0,0.0,82.11034851074218,84.37843551635743,40.12780901399342,-1.0299895147968243,-0.7535818257961313,2.031207679666385,0.002851755303917791,0.0,0.0,0.0,0.0,0.0,0.0,0.0,0.0,0.0,12166400.0,16050900.0,27531000.0,0.0,0.0,0.0,0.0,0.0,0.0,0.0,0.0,0.0,0.0,0.0,0.0,0.0,0.0,0.0,0.0,0.0,0.0,0.0,0.0,0.0,0.0,0.0,0.0,82.04130554199219,0.5320253676546715,82.61028834751674,1.3145167594204428,84.21464920043945,2.3678964814201353,0.0014237546316500094
2023-08-30,82.45816890800671,82.7317256167731,81.90128347834336,82.34092712402344,11816600,0.0,0.0,81.80748138427734,84.27975959777832,17.47835534580517,-1.0282222360042539,-0.8085099078377558,2.081786873017685,-0.0014217304363562944,0.0,0.0,0.0,-0.1096,-0.1096,1.0,287.0,0.0,0.0,11210700.0,12166400.0,16050900.0,0.0,0.0,0.0,0.0,0.0,0.0,0.0,0.0,0.0,0.0,0.0,0.0,0.0,0.0,0.0,0.0,0.0,0.0,0.0,0.0,0.0,0.0,0.0,0.0,82.34092203776042,0.11724090584645389,82.38697705950055,1.1844296330243052,83.69265692574638,1.8198924092850077,0.007170283381805476
2023-08-31,82.51677545842543,82.66332580608754,81.71564200558093,81.75472259521484,10448000,0.0,0.0,82.04391326904297,84.19134178161622,21.4744579137501,-1.0618827379833533,-0.8591844738668754,2.1519854616788585,-0.007119236439075305,0.0,0.0,0.0,0.0,0.0,0.0,0.0,0.0,0.0,11816600.0,11210700.0,12166400.0,0.0,0.0,0.0,0.0,0.0,0.0,0.0,0.0,0.0,-0.1096,0.0,0.0,-0.1096,0.0,0.0,1.0,0.0,0.0,287.0,0.0,0.0,0.0,0.0,0.0,82.18460337320964,0.3768740144126009,82.09248461042132,1.0138470223770029,83.320004599435,1.6199330650003463,0.024987756491928748
2023-09-01,80.22084532840998,80.33808709799935,78.67719557118829,79.76165771484375,27701900,0.0,0.0,81.70782928466797,83.96370239257813,17.9625445059646,-1.2351446289882233,-0.934376504891145,2.3682142916958346,-0.02437859021599509,0.0,0.0,0.0,0.0,0.0,0.0,0.0,0.0,0.0,10448000.0,11816600.0,11210700.0,0.0,0.0,0.0,0.0,0.0,0.0,0.0,0.0,0.0,0.0,-0.1096,0.0,0.0,-0.1096,0.0,0.0,1.0,0.0,0.0,287.0,0.0,0.0,0.0,0.0,81.28576914469402,1.3520708839959368,81.50768389020648,1.0081946536210749,82.81964492797852,1.5539407564867211,0.005542423430993315
2023-09-05,79.54672557961548,80.49440947362707,79.31224947253727,79.322021484375,12741700,0.0,0.0,81.12749786376953,83.68819084167481,20.32365295938348,-1.3918860989697208,-1.0258784237068603,2.573478393179459,-0.005511874289780838,0.0,0.0,0.0,0.0,0.0,1.0,3.0,0.0,0.0,27701900.0,10448000.0,11816600.0,0.0,0.0,0.0,0.0,0.0,0.0,0.0,0.0,0.0,0.0,0.0,-0.1096,0.0,0.0,-0.1096,0.0,0.0,1.0,0.0,0.0,287.0,0.0,0.0,0.0,80.2794672648112,1.2963810092711754,81.32903507777623,1.2765840071430372,82.41000638689313,1.6703304226429778,0.0025933454406907863
2023-09-06,78.93121324458514,80.20129883360288,78.67719314523755,79.1168441772461,15518500,0.0,0.0,80.45923461914063,83.33891639709472,21.405826256826657,-1.515194715632532,-1.1237416820919948,2.699535092953895,-0.0025866373963921996,0.0,0.0,0.0,-0.4003,-0.40029999999999993,1.0,335.0,0.0,0.0,12741700.0,27701900.0,10448000.0,0.0,0.0,0.0,0.0,0.0,0.0,0.0,0.0,0.0,0.0,0.0,0.0,0.0,0.0,0.0,1.0,0.0,0.0,3.0,0.0,0.0,0.0,0.0,0.0,79.40017445882161,0.3294344246263981,80.99685886928013,1.5213274406243464,82.03525979178292,1.783115968910468,0.005088830151570578
2023-09-07,78.96051852529581,78.98982710210045,77.91513704739116,78.71627044677734,14768000,0.0,0.0,79.7343032836914,83.00087661743164,21.451513969590593,-1.6264914540167723,-1.2242916364769503,2.837475327760808,-0.005063065073365958,0.0,0.0,0.0,0.0,0.0,0.0,0.0,0.0,0.0,15518500.0,12741700.0,27701900.0,0.0,0.0,0.0,0.0,0.0,0.0,0.0,0.0,0.0,-0.4003,0.0,0.0,-0.40029999999999993,0.0,0.0,1.0,1.0,0.0,335.0,3.0,0.0,0.0,0.0,0.0,79.05171203613281,0.30808314907284906,80.4958005632673,1.624048646433437,81.66190883091518,1.896506423268826,-0.012380683992610941
2023-09-08,78.68697562730829,79.79097445184124,78.32548572450987,79.70304870605469,16220900,0.0,0.0,79.32396850585937,82.50358810424805,28.82028594322672,-1.6164368841587589,-1.302720686013312,2.457091483249771,0.01253588684622109,0.0,0.0,0.0,0.0,0.0,0.0,0.0,0.0,0.0,14768000.0,15518500.0,12741700.0,0.0,0.0,0.0,0.0,0.0,0.0,0.0,0.0,0.0,0.0,-0.4003,0.0,0.0,-0.40029999999999993,0.0,0.0,1.0,1.0,0.0,335.0,3.0,0.0,0.0,0.0,79.17872111002605,0.49629064000218537,80.10221317836216,1.3855459938087573,81.35625076293945,1.837697048778723,-0.011391086199668554
2023-09-11,80.05476422505869,81.92081593989874,79.30247585982185,80.62141418457031,26579100,0.0,0.0,79.49591979980468,82.18606605529786,35.00007320965781,-1.5168785147968578,-1.3455522517700211,2.25095810832422,0.011522338146719546,0.0,0.0,0.0,0.0,0.0,0.0,0.0,0.0,0.0,16220900.0,14768000.0,15518500.0,0.0,0.0,0.0,0.0,0.0,0.0,0.0,0.0,0.0,0.0,0.0,-0.4003,0.0,0.0,-0.40029999999999993,0.0,0.0,1.0,0.0,0.0,335.0,0.0,0.0,0.0,79.68024444580078,0.9527765693633102,79.85656847272601,1.0290583487065768,81.12177276611328,1.6911851670449938,-0.013862299016728197
2023-09-12,81.11967605791925,82.72194296360826,80.67026045791968,81.75472259521484,16594600,0.0,0.0,79.98246002197266,81.93546752929687,41.40184667552582,-1.3311842095781685,-1.3426786433316507,1.9764049792334817,0.014057163622186009,0.0,0.0,0.0,0.0,0.0,0.0,0.0,0.0,0.0,26579100.0,16220900.0,14768000.0,0.0,0.0,0.0,0.0,0.0,0.0,0.0,0.0,0.0,0.0,0.0,0.0,0.0,0.0,0.0,0.0,0.0,0.0,0.0,0.0,0.0,0.0,0.0,0.0,80.69306182861328,1.0277117667607747,79.85656847272601,1.0290583487065768,80.97452654157367,1.5195825497346251,0.0023957581862321664
2023-09-13,81.4323123935465,82.11621152355936,81.20760832303644,81.559326171875,9772700,0.0,0.0,80.47095642089843,81.76058578491211,40.5470606749959,-1.1861142069572708,-1.3113657560567746,1.835375254441153,-0.0023900322469112556,0.0,0.0,0.0,0.0,0.0,0.0,0.0,0.0,0.0,16594600.0,26579100.0,16220900.0,0.0,0.0,0.0,0.0,0.0,0.0,0.0,0.0,0.0,0.0,0.0,0.0,0.0,0.0,0.0,0.0,0.0,0.0,0.0,0.0,0.0,0.0,0.0,0.0,81.31182098388672,0.6058391717037831,80.1133782523019,1.2098542198756426,80.81053107125419,1.2915563330711473,-0.01183708934942962
2023-09-14,82.067356316462,82.79032855883574,81.12944456730848,82.53631591796875,22371900,0.0,0.0,81.23496551513672,81.66923675537109,59.98011677131728,-0.9810018980136732,-1.2452929844481544,1.742113135954975,0.011978884475269957,0.0,0.0,0.0,0.0,0.0,0.0,0.0,0.0,0.0,9772700.0,16594600.0,26579100.0,0.0,0.0,0.0,0.0,0.0,0.0,0.0,0.0,0.0,0.0,0.0,0.0,0.0,0.0,0.0,0.0,0.0,0.0,0.0,0.0,0.0,0.0,0.0,0.0,81.9501215616862,0.5169746686899827,80.57256317138672,1.4463119343272848,80.95079912458148,1.368091982407304,-0.01285365246521053
2023-09-15,83.25930504024677,84.20698899198453,82.66333899748099,83.61102294921875,21631200,0.0,0.0,82.01656036376953,81.65262870788574,60.79773689935765,-0.7233902472257938,-1.1409124370036823,1.720746271044877,0.013021020132739203,0.0,0.0,0.0,0.5325,0.5325,1.0,42.0,1.0,0.0,22371900.0,9772700.0,16594600.0,0.0,0.0,0.0,0.0,0.0,0.0,0.0,0.0,0.0,0.0,0.0,0.0,0.0,0.0,0.0,0.0,0.0,0.0,0.0,0.0,0.0,0.0,0.0,0.0,82.56888834635417,1.0262361516041762,81.21458871023995,1.672256546909454,81.10572378976005,1.5400099109222165,0.006586910497044629
2023-09-18,83.27882806519922,83.94318317920946,83.0248154141514,83.06388854980469,11894200,0.0,0.0,82.5050552368164,81.60671005249023,54.282829791271936,-0.5569600427472352,-1.0241219581523928,1.6667125073218638,-0.0065438070258554415,0.0,0.0,0.0,0.0,0.0,0.0,0.0,0.0,0.0,21631200.0,22371900.0,9772700.0,0.0,0.0,0.0,0.0,0.0,0.0,0.0,0.0,0.0,0.5325,0.0,0.0,0.5325,0.0,0.0,1.0,0.0,0.0,42.0,0.0,0.0,1.0,0.0,0.0,83.07040913899739,0.537383186671842,81.83567701067243,1.3697148586850074,81.16573878696987,1.6020505593379357,0.03758832845481419
2023-09-19,81.9892046721294,82.83919078761082,79.83005225059016,80.05476379394531,21478900,0.0,0.0,82.1650634765625,81.41424293518067,40.45035377144001,-0.6602630249736308,-0.9513501715166405,1.6086986836402275,-0.036226629988013626,0.0,0.0,0.0,0.0,0.0,0.0,0.0,0.0,0.0,11894200.0,21631200.0,22371900.0,0.0,0.0,0.0,0.0,0.0,0.0,0.0,0.0,0.0,0.0,0.5325,0.0,0.0,0.5325,0.0,0.0,1.0,0.0,0.0,42.0,0.0,0.0,1.0,0.0,82.24322509765625,1.9149050031623376,81.88592202322823,1.282093940621129,80.9940676007952,1.5815444202713285,-0.007509695352955648
2023-09-20,80.14269473293793,81.28577418542166,79.76166824877667,80.6604995727539,12715200,0.0,0.0,81.98529815673828,81.25645942687989,43.572512882288365,-0.6853532420839628,-0.898150785630105,1.5126011339296708,0.00756651759497684,0.0,0.0,0.0,0.0,0.0,0.0,0.0,0.0,0.0,21478900.0,11894200.0,21631200.0,0.0,0.0,0.0,0.0,0.0,0.0,0.0,0.0,0.0,0.0,0.0,0.5325,0.0,0.0,0.5325,0.0,0.0,1.0,0.0,0.0,42.0,0.0,0.0,1.0,81.2597173055013,1.5915415066881242,81.89150565011161,1.2757384205065614,80.8740370614188,1.5345310038085884,-0.0020547283813888706
2023-09-21,80.17198572718563,81.74494392599254,80.03520740153805,80.82657623291016,14378000,0.0,0.0,81.64335021972656,81.105025100708,46.33203725188925,-0.6839522456527192,-0.8553110776346279,1.3849502238686877,0.0020589589828470256,0.0,0.0,0.0,0.0,0.0,0.0,0.0,0.0,0.0,12715200.0,21478900.0,11894200.0,0.0,0.0,0.0,0.0,0.0,0.0,0.0,0.0,0.0,0.0,0.0,0.0,0.0,0.0,0.0,0.0,0.0,0.0,0.0,0.0,0.0,0.0,0.0,0.0,80.51394653320312,0.406241252566575,81.7589133126395,1.338989113047547,80.80774089268276,1.5134607106385645,0.018215249266693156
2023-09-22,81.00244919928507,81.43232081710791,79.33178551755415,79.3806381225586,11495300,0.0,0.0,80.79727325439453,81.0454288482666,48.42618171092115,-0.7904057615747604,-0.8423300144226544,1.4338504621329502,-0.01788938957633124,0.0,0.0,0.0,0.0,0.0,0.0,0.0,0.0,0.0,14378000.0,12715200.0,21478900.0,0.0,0.0,0.0,0.0,0.0,0.0,0.0,0.0,0.0,0.0,0.0,0.0,0.0,0.0,0.0,0.0,0.0,0.0,0.0,0.0,0.0,0.0,0.0,0.0,80.28923797607422,0.7912399349243503,81.44767216273716,1.6173853152751771,80.78052520751953,1.5369621832763143,0.0029626430701441553
2023-09-25,79.68349765803964,79.88866516731703,78.70650525927462,79.14615631103516,11034400,0.0,0.0,80.01372680664062,80.93063278198242,49.26105752986577,-0.883507142073114,-0.8505654399527464,1.4911838987870665,-0.0029538917432411216,0.0,0.0,0.0,0.0,0.0,0.0,0.0,0.0,0.0,11495300.0,14378000.0,12715200.0,0.0,0.0,0.0,0.0,0.0,0.0,0.0,0.0,0.0,0.0,0.0,0.0,0.0,0.0,0.0,0.0,0.0,0.0,0.0,0.0,0.0,0.0,0.0,0.0,79.78445688883464,0.910085147366218,80.96336364746094,1.739998006342405,80.76796340942383,1.550459117692092,0.011992495106044831
2023-09-26,78.64788792062456,78.88236400871071,77.95422421355187,78.20824432373047,14867900,0.0,0.0,79.64442291259766,80.72986106872558,46.403727570858265,-1.0212005515126776,-0.8846924622647326,1.575840708321739,-0.011850379488029805,0.0,0.0,0.0,0.0,0.0,0.0,0.0,0.0,0.0,11034400.0,11495300.0,14378000.0,0.0,0.0,0.0,0.0,0.0,0.0,0.0,0.0,0.0,0.0,0.0,0.0,0.0,0.0,0.0,0.0,0.0,0.0,0.0,0.0,0.0,0.0,0.0,0.0,78.91167958577473,0.6203719093412964,80.19153812953404,1.558639292855494,80.703063419887,1.6412472776017886,0.0018773023415554757
2023-09-27,78.27663844703072,78.7065100600828,77.39734374373636,78.06169891357422,14662500,0.0,0.0,79.12466278076172,80.51003799438476,47.356013100980356,-1.129132622379359,-0.933580494287658,1.627847009625262,-0.0018737846811859304,0.0,0.0,0.0,0.0,0.0,0.0,0.0,0.0,0.0,14867900.0,11034400.0,11495300.0,0.0,0.0,0.0,0.0,0.0,0.0,0.0,0.0,0.0,0.0,0.0,0.0,0.0,0.0,0.0,0.0,0.0,0.0,0.0,0.0,0.0,0.0,0.0,0.0,78.47203318277995,0.5883879530941938,79.47693961007255,1.1020737658533206,80.6563083103725,1.7100800636801037,-0.002870242190084804
2023-09-28,78.43295019491242,79.05822474668553,77.81744765440907,78.2863998413086,12229800,0.0,0.0,78.6166275024414,80.30731163024902,43.90238455996275,-1.1829023175994706,-0.9834448589500205,1.640254856716302,0.002878504194267606,0.0,0.0,0.0,0.0,0.0,0.0,0.0,0.0,0.0,14662500.0,14867900.0,11034400.0,0.0,0.0,0.0,0.0,0.0,0.0,0.0,0.0,0.0,0.0,0.0,0.0,0.0,0.0,0.0,0.0,0.0,0.0,0.0,0.0,0.0,0.0,0.0,0.0,78.1854476928711,0.11407186995726327,79.2243161882673,1.1492152041806922,80.55511910574776,1.8098294101763552,-0.011351128551509215
2023-09-29,78.80421523692314,79.45879839482986,78.5599671224331,79.18524169921875,11261400,0.0,0.0,78.57754821777344,80.17883758544922,43.80794301157611,-1.1398467190058597,-1.0147252309611883,1.621438846559674,0.011481456034920123,0.0,0.0,0.0,0.0,0.0,0.0,0.0,0.0,0.0,12229800.0,14662500.0,14867900.0,0.0,0.0,0.0,0.0,0.0,0.0,0.0,0.0,0.0,0.0,0.0,0.0,0.0,0.0,0.0,0.0,0.0,0.0,0.0,0.0,0.0,0.0,0.0,0.0,78.51111348470052,0.5945244014662451,79.01356506347656,0.9619568041874421,80.45253535679409,1.8461209547623056,-0.007591437358928643
2023-10-02,79.05822552723977,79.88866760071308,78.9312191949215,79.79096984863281,9128100,0.0,0.0,78.70651092529297,80.18030319213867,41.12974428569755,-1.0448037997099675,-1.0207409447109441,1.6210551162143205,0.007649508120653126,0.0,0.0,0.0,0.0,0.0,0.0,0.0,0.0,0.0,11261400.0,12229800.0,14662500.0,0.0,0.0,0.0,0.0,0.0,0.0,0.0,0.0,0.0,0.0,0.0,0.0,0.0,0.0,0.0,0.0,0.0,0.0,0.0,0.0,0.0,0.0,0.0,0.0,79.08753712972005,0.7570286414073588,78.86562129429409,0.6728425455171823,80.3122673034668,1.8138916742667814,0.026778876027271137
2023-10-03,79.3806400950672,80.00591469458406,77.63182263727869,77.7099838256836,12586200,0.0,0.0,78.60685882568359,80.09970130920411,35.143298832467124,-1.1244379610700008,-1.0414803479827555,1.7039346280708172,-0.02608047034516492,0.0,0.0,0.0,0.0,0.0,0.0,0.0,0.0,0.0,9128100.0,11261400.0,12229800.0,0.0,0.0,0.0,0.0,0.0,0.0,0.0,0.0,0.0,0.0,0.0,0.0,0.0,0.0,0.0,0.0,0.0,0.0,0.0,0.0,0.0,0.0,0.0,0.0,78.89539845784505,1.0703422515043897,78.62695639474052,0.7514243842924996,80.03731427873883,1.9000197212303784,0.0027737333925741403
2023-10-04,77.7783619414407,77.95422086341277,76.91861135283291,77.49503326416016,12010500,0.0,0.0,78.49352569580078,80.0186107635498,29.326912547875878,-1.191162343555419,-1.0714167470972882,1.7896080880752199,-0.002766061076599935,0.0,0.0,0.0,0.0,0.0,0.0,0.0,0.0,0.0,12586200.0,9128100.0,11261400.0,0.0,0.0,0.0,0.0,0.0,0.0,0.0,0.0,0.0,0.0,0.0,0.0,0.0,0.0,0.0,0.0,0.0,0.0,0.0,0.0,0.0,0.0,0.0,0.0,78.33199564615886,1.2680714603636027,78.39108167375836,0.8175221571237193,79.67722266060966,1.867409439052174,-0.018438411810169697
2023-10-05,77.28010364211765,79.0777736805087,77.06516410399753,78.95075988769531,15466600,0.0,0.0,78.62639770507812,80.0303352355957,31.468480975484255,-1.1137384414194855,-1.0798810859617278,1.781376035196234,0.018784773194082893,0.0,0.0,0.0,0.0,0.0,0.0,0.0,0.0,0.0,12010500.0,12586200.0,9128100.0,0.0,0.0,0.0,0.0,0.0,0.0,0.0,0.0,0.0,0.0,0.0,0.0,0.0,0.0,0.0,0.0,0.0,0.0,0.0,0.0,0.0,0.0,0.0,0.0,78.05192565917969,0.7857977880719391,78.49715532575335,0.8377652548483867,79.3443467276437,1.4893340846755898,-0.02568121213513541
2023-10-06,79.18523846619384,81.60817548884782,78.6381176434489,81.03175354003906,15391100,0.0,0.0,78.99570007324219,80.09677047729492,42.797802209687795,-0.8743813214232432,-1.038781133054031,1.7932645960564362,0.02635812062232068,0.0,0.0,0.0,0.0,0.0,0.0,0.0,0.0,0.0,15466600.0,12010500.0,12586200.0,0.0,0.0,0.0,0.0,0.0,0.0,0.0,0.0,0.0,0.0,0.0,0.0,0.0,0.0,0.0,0.0,0.0,0.0,0.0,0.0,0.0,0.0,0.0,0.0,79.15918223063152,1.7775481659381211,78.92144884381976,1.237301810932983,79.19919422694615,1.1619906364770956,-0.020779113974700447
2023-10-09,82.36046023360365,82.927110146442,81.21737348937079,82.75125122070312,13604400,0.0,0.0,79.58775634765625,80.20326232910156,60.51826800373312,-0.5397184486504187,-0.9389685961733086,1.8868571338190905,0.02122004776577402,0.0,0.0,0.0,0.0,0.0,0.0,0.0,0.0,0.0,15391100.0,15466600.0,12010500.0,0.0,0.0,0.0,0.0,0.0,0.0,0.0,0.0,0.0,0.0,0.0,0.0,0.0,0.0,0.0,0.0,0.0,0.0,0.0,0.0,0.0,0.0,0.0,0.0,80.9112548828125,1.9031089138203305,79.55928475516183,1.8530043663304199,79.39180047171456,1.491479348111871,-0.0034122267000468165
2023-10-10,82.83918854211504,83.32768475421348,81.99897446099689,83.03458404541016,9450600,0.0,0.0,80.65267639160156,80.26725540161132,59.49959641918187,-0.24876550591845614,-0.8009279781223382,1.9624342893828102,0.0034239098566783976,0.0,0.0,0.0,0.0,0.0,0.0,0.0,0.0,0.0,13604400.0,15391100.0,15466600.0,0.0,0.0,0.0,0.0,0.0,0.0,0.0,0.0,0.0,0.0,0.0,0.0,0.0,0.0,0.0,0.0,0.0,0.0,0.0,0.0,0.0,0.0,0.0,0.0,82.27252960205078,1.0838419162569641,80.10919080461774,2.251768615864078,79.56137793404716,1.7579779015751709,0.0016499807971612768
2023-10-11,83.40584448616045,83.74779033790878,82.32138231785822,82.8978042602539,9499200,0.0,0.0,81.73323059082031,80.33417930603028,58.307231710197925,-0.028887194549255923,-0.6465198214077218,2.0304599259312868,-0.0016472628450989735,0.0,0.0,0.0,0.0,0.0,1.0,3.0,0.0,0.0,9450600.0,13604400.0,15391100.0,0.0,0.0,0.0,0.0,0.0,0.0,0.0,0.0,0.0,0.0,0.0,0.0,0.0,0.0,0.0,0.0,0.0,0.0,0.0,0.0,0.0,0.0,0.0,0.0,82.89454650878906,0.1416945027093205,80.55302429199219,2.4738281627491774,79.70932279314313,1.9493767897152008,0.005927666142081511
2023-10-12,82.87826902993393,83.11274512436705,81.58863932976077,82.40930938720703,9554900,0.0,0.0,82.42494049072266,80.32782897949218,63.15787031390039,0.10474308453740377,-0.4962672402186967,2.023396510933077,-0.005892735970584595,0.0,0.0,0.0,0.0,0.0,0.0,0.0,0.0,0.0,9499200.0,9450600.0,13604400.0,0.0,0.0,0.0,0.0,0.0,0.0,0.0,0.0,0.0,0.0,0.0,0.0,0.0,0.0,0.0,1.0,0.0,0.0,3.0,0.0,0.0,0.0,0.0,0.0,82.7805658976237,0.32871070077256304,81.22435651506696,2.1957178499049035,79.92565645490374,2.0741559680643538,0.0
2023-10-13,82.00874636979464,82.63402092419007,81.46162554430313,82.40930938720703,10808000,0.0,0.0,82.70045166015625,80.2677433013916,64.47139947353106,0.2082455187558736,-0.35536468842378266,1.93675702412242,0.0,0.0,0.0,0.0,0.0,0.0,0.0,0.0,0.0,0.0,9554900.0,9499200.0,9450600.0,0.0,0.0,0.0,0.0,0.0,0.0,0.0,0.0,0.0,0.0,0.0,0.0,0.0,0.0,0.0,0.0,1.0,0.0,0.0,3.0,0.0,0.0,0.0,0.0,82.57214101155598,0.282032646452202,81.92639596121651,1.4704481726181573,80.15873881748745,2.1613373125758018,-0.01586749285467637
2023-10-16,82.37023093217324,83.95296138183289,82.37023093217324,83.73802185058594,10275100,0.0,0.0,82.8978057861328,80.30144996643067,73.70184166964793,0.3929581578147463,-0.20570011917607686,1.993030089464109,0.016123329673057185,0.0,0.0,0.0,0.0,0.0,0.0,0.0,0.0,0.0,10808000.0,9554900.0,9499200.0,0.0,0.0,0.0,0.0,0.0,0.0,0.0,0.0,0.0,0.0,0.0,0.0,0.0,0.0,0.0,0.0,0.0,1.0,0.0,0.0,3.0,0.0,0.0,0.0,82.85221354166667,0.767132498407727,82.61029052734375,0.8293474189668725,80.55372292654855,2.2795173364724333,-0.005684399549683472
2023-10-17,83.38630140452125,84.30467666288583,83.34722081332907,84.21674346923828,9985700,0.0,0.0,83.13423767089844,80.50954895019531,75.65143348434245,0.5713865009264225,-0.05028279515557699,2.1749019967905854,0.0057168966745659855,0.0,0.0,0.0,0.0,0.0,0.0,0.0,0.0,0.0,10275100.0,10808000.0,9554900.0,0.0,0.0,0.0,0.0,0.0,0.0,0.0,0.0,0.0,0.0,0.0,0.0,0.0,0.0,0.0,0.0,0.0,0.0,0.0,0.0,0.0,0.0,0.0,0.0,83.45469156901042,0.9364355431986486,83.06528908865792,0.6790494639236219,80.99336896623883,2.3542447030928324,0.017949868551760284
2023-10-18,83.71848442043499,84.27536981209342,82.6535587867151,82.73171997070312,10047000,0.0,0.0,83.10102081298828,80.61310997009278,66.76493691464415,0.5862058467754849,0.0770149332306354,2.231055160731646,-0.017633352197684915,0.0,0.0,0.0,0.0,0.0,0.0,0.0,0.0,0.0,9985700.0,10275100.0,10808000.0,0.0,0.0,0.0,0.0,0.0,0.0,0.0,0.0,0.0,0.0,0.0,0.0,0.0,0.0,0.0,0.0,0.0,0.0,0.0,0.0,0.0,0.0,0.0,0.0,83.56216176350911,0.7579701679293561,83.06249891008649,0.6805932614268804,81.31089183262416,2.258910172362532,0.017177216748895496
2023-10-19,83.2983744334263,83.30813899068455,81.25645643351712,81.3346176147461,14316800,0.0,0.0,82.88608245849609,80.63851203918458,57.81247486873507,0.4796862762757428,0.15754920183965687,2.236499092307672,-0.01688714263950719,0.0,0.0,0.0,0.0,0.0,0.0,0.0,0.0,0.0,10047000.0,9985700.0,10275100.0,0.0,0.0,0.0,0.0,0.0,0.0,0.0,0.0,0.0,0.0,0.0,0.0,0.0,0.0,0.0,0.0,0.0,0.0,0.0,0.0,0.0,0.0,0.0,0.0,82.76102701822917,1.441286417600458,82.81964656284877,0.9443866455891552,81.46441868373326,2.1748026378248255,0.007259451137760831
2023-10-20,80.9926764598323,81.52025328292397,80.70934775184634,80.74842834472656,10437000,0.0,0.0,82.55390625,80.70690155029297,53.485086132969585,0.3440027248424684,0.1948399064402192,2.2168366260753105,-0.007207131320099203,0.0,0.0,0.0,0.0,0.0,0.0,0.0,0.0,0.0,14316800.0,10047000.0,9985700.0,0.0,0.0,0.0,0.0,0.0,0.0,0.0,0.0,0.0,0.0,0.0,0.0,0.0,0.0,0.0,0.0,0.0,0.0,0.0,0.0,0.0,0.0,0.0,0.0,81.60492197672527,1.018901248647965,82.51259286063058,1.223046692165279,81.53280857631138,2.132778890655306,-0.0054150352366334475
2023-10-23,80.19153563603358,82.09666777878112,79.04845635038504,81.18806457519531,10772500,0.0,0.0,82.04391479492188,80.80899696350097,64.37798398700087,0.26884838555359636,0.20964160226289466,2.1880061891831857,0.005444517490691858,0.0,0.0,0.0,0.0,0.0,0.0,0.0,0.0,0.0,10437000.0,14316800.0,10047000.0,0.0,0.0,0.0,0.0,0.0,0.0,0.0,0.0,0.0,0.0,0.0,0.0,0.0,0.0,0.0,0.0,0.0,0.0,0.0,0.0,0.0,0.0,0.0,0.0,81.09037017822266,0.30506165191952467,82.33812931605748,1.3232349420793734,81.78124291556222,1.8350116330159378,0.006540562050022514
2023-10-24,81.49094917276511,82.2627666994477,79.85936600940701,80.6604995727539,11499500,0.0,0.0,81.332666015625,80.93160972595214,62.755977942731775,0.16481802397235867,0.2006768866047875,2.101597262054707,-0.006498061078334727,0.0,0.0,0.0,0.0,0.0,0.0,0.0,0.0,0.0,10772500.0,10437000.0,14316800.0,0.0,0.0,0.0,0.0,0.0,0.0,0.0,0.0,0.0,0.0,0.0,0.0,0.0,0.0,0.0,0.0,0.0,0.0,0.0,0.0,0.0,0.0,0.0,0.0,80.86566416422527,0.28264710502828916,82.08829934256417,1.4650468772441272,82.00734765189034,1.4126686571212455,0.02444471748328647
2023-10-25,80.24039397887505,80.65073650729633,78.66743540586764,78.73582458496094,9372500,0.0,0.0,80.53348693847656,80.96531600952149,49.16541156479111,-0.07210083981378546,0.14612134132107293,2.0581017317829757,-0.023861431530770028,0.0,0.0,0.0,0.0,0.0,0.0,0.0,0.0,0.0,11499500.0,10772500.0,10437000.0,0.0,0.0,0.0,0.0,0.0,0.0,0.0,0.0,0.0,0.0,0.0,0.0,0.0,0.0,0.0,0.0,0.0,0.0,0.0,0.0,0.0,0.0,0.0,0.0,80.19479624430339,1.2907478200733369,81.37369973318917,1.7234223969569056,81.99199513026646,1.449139271613091,0.010153053908275256
2023-10-26,78.23755107206173,78.75535583748682,77.59273252758956,77.94445037841797,11651000,0.0,0.0,79.85545349121094,80.94821853637696,36.677849145182364,-0.320028936580556,0.052891285740747154,2.08280002428544,-0.010051005507525024,0.0,0.0,0.0,0.0,0.0,0.0,0.0,0.0,0.0,9372500.0,11499500.0,10772500.0,0.0,0.0,0.0,0.0,0.0,0.0,0.0,0.0,0.0,0.0,0.0,0.0,0.0,0.0,0.0,0.0,0.0,0.0,0.0,0.0,0.0,0.0,0.0,0.0,79.11359151204427,1.3968756905724256,80.47765786307198,1.6267413629238066,81.77147347586495,1.7991407687834273,0.0056724721938119504
2023-10-27,77.91514152512103,79.1656905663862,77.40710877230464,77.50480651855469,10300600,0.0,0.0,79.20672912597657,80.86419677734375,24.5497382663998,-0.545698848092556,-0.06682674102591347,2.1888577742068756,-0.005640476746308742,0.0,0.0,0.0,0.0,0.0,0.0,0.0,0.0,0.0,11651000.0,9372500.0,11499500.0,0.0,0.0,0.0,0.0,0.0,0.0,0.0,0.0,0.0,0.0,0.0,0.0,0.0,0.0,0.0,0.0,0.0,0.0,0.0,0.0,0.0,0.0,0.0,0.0,78.0616938273112,0.6238276121545158,79.73095594133649,1.619250216569239,81.39672742571149,2.1005163402313864,-0.016732764940445732
2023-10-30,77.88583393469183,79.06799382319284,77.70020299675966,78.82374572753906,10291200,0.0,0.0,78.7338653564453,80.81583557128906,31.43837049203924,-0.6110724447360383,-0.17567588176793844,2.2242173913954013,0.017017515019131402,0.0,0.0,0.0,0.0,0.0,0.0,0.0,0.0,0.0,10300600.0,11651000.0,9372500.0,0.0,0.0,0.0,0.0,0.0,0.0,0.0,0.0,0.0,0.0,0.0,0.0,0.0,0.0,0.0,0.0,0.0,0.0,0.0,0.0,0.0,0.0,0.0,0.0,78.09100087483723,0.6715712510598657,79.37225995744977,1.4766226966976979,81.09595326014927,2.1488699136199525,-0.011153301594919007
2023-10-31,78.83351950073873,79.79096788294311,78.48180163882596,79.71280670166016,8672200,0.0,0.0,78.54432678222656,80.9159767150879,36.833563148207254,-0.5844050430911096,-0.2574217140325727,2.1196512837263963,0.011279100807949582,0.0,0.0,0.0,0.0,0.0,0.0,0.0,0.0,0.0,10291200.0,10300600.0,11651000.0,0.0,0.0,0.0,0.0,0.0,0.0,0.0,0.0,0.0,0.0,0.0,0.0,0.0,0.0,0.0,0.0,0.0,0.0,0.0,0.0,0.0,0.0,0.0,0.0,78.68045298258464,1.1109526588547118,79.22431400844029,1.3632928371208721,80.86845343453544,2.1117106765718088,0.006414181033851607
2023-11-01,79.654188555234,79.70304115639539,78.33525031634093,79.20477294921875,9093000,0.0,0.0,78.63811645507812,81.00146369934082,36.774156981412496,-0.5973788021897946,-0.3254131316640171,2.0058429580104455,-0.006373301524092767,0.0,0.0,0.0,0.0,0.0,0.0,0.0,0.0,0.0,8672200.0,10291200.0,10300600.0,0.0,0.0,0.0,0.0,0.0,0.0,0.0,0.0,0.0,0.0,0.0,0.0,0.0,0.0,0.0,0.0,0.0,0.0,0.0,0.0,0.0,0.0,0.0,0.0,79.24710845947266,0.446039881062337,78.94098663330078,1.0593668637847327,80.63955797467914,2.105510674558862,-0.026653943149580472
2023-11-02,79.96683147330481,81.38347501462457,79.9375228920811,81.37370300292969,11518500,0.0,0.0,79.32396697998047,81.12261085510254,46.37484303066851,-0.42771563136207646,-0.34587363160362894,1.9477970928158643,0.027383830203029813,0.0,0.0,0.0,0.0,0.0,0.0,0.0,0.0,0.0,9093000.0,8672200.0,10291200.0,0.0,0.0,0.0,0.0,0.0,0.0,0.0,0.0,0.0,0.0,0.0,0.0,0.0,0.0,0.0,0.0,0.0,0.0,0.0,0.0,0.0,0.0,0.0,0.0,80.0970942179362,1.1343817989756833,79.04287283761161,1.266377215276083,80.56558609008789,2.0561656008075984,-0.020923826710592786
2023-11-03,82.23344495037507,83.95295358683421,82.22368039357838,83.11273956298828,11331800,0.0,0.0,80.44555358886718,81.22666015625,47.87231115031805,-0.151187830266025,-0.30693647133610813,1.997632662898774,0.021370989593480605,0.0,0.0,0.0,0.0,0.0,0.0,0.0,0.0,0.0,11518500.0,9093000.0,8672200.0,0.0,0.0,0.0,0.0,0.0,0.0,0.0,0.0,0.0,0.0,0.0,0.0,0.0,0.0,0.0,0.0,0.0,0.0,0.0,0.0,0.0,0.0,0.0,0.0,81.23040517171223,1.9579201885951623,79.66814640590123,1.9729434353559394,80.5209230695452,1.9876026510045488,0.012497009562151495
2023-11-06,83.12251582435246,83.82595155041521,81.6667917703046,82.08689880371094,14160900,0.0,0.0,81.09818420410156,81.1934425354004,43.01280238276997,-0.014645507295341531,-0.24847827852795482,1.976357005782397,-0.012342761948063274,0.0,0.0,0.0,0.0,0.0,0.0,0.0,0.0,0.0,11331800.0,11518500.0,9093000.0,0.0,0.0,0.0,0.0,0.0,0.0,0.0,0.0,0.0,0.0,0.0,0.0,0.0,0.0,0.0,0.0,0.0,0.0,0.0,0.0,0.0,0.0,0.0,0.0,82.1911137898763,0.874189688689859,80.25992475237165,1.9909318874158506,80.36879130772182,1.7503078944415247,-0.006738374522238466
2023-11-07,82.22368399288345,82.73171676137657,82.0185090294088,82.64378356933594,10540200,0.0,0.0,81.68437957763672,81.17390251159668,49.692807440424474,0.1369228524870465,-0.17139805232495456,1.9590519199485705,0.006784088249656595,0.0,0.0,0.0,0.0,0.0,0.0,0.0,0.0,0.0,14160900.0,11331800.0,11518500.0,0.0,0.0,0.0,0.0,0.0,0.0,0.0,0.0,0.0,0.0,0.0,0.0,0.0,0.0,0.0,0.0,0.0,0.0,0.0,0.0,0.0,0.0,0.0,0.0,82.61447397867839,0.5135480551297488,80.99406433105469,1.7369628000220245,80.3625101361956,1.7413106471833073,0.0010649896929624258
2023-11-08,82.20414454673731,82.9661974688281,82.01851359509847,82.55586242675781,26942600,0.0,0.0,82.35459747314454,81.15680541992188,54.695747832846855,0.24709896513100205,-0.08769864883376324,1.9446543981040563,-0.0010638566965458507,0.0,0.0,0.0,0.0,0.0,0.0,0.0,0.0,0.0,10540200.0,14160900.0,11331800.0,0.0,0.0,0.0,0.0,0.0,0.0,0.0,0.0,0.0,0.0,0.0,0.0,0.0,0.0,0.0,0.0,0.0,0.0,0.0,0.0,0.0,0.0,0.0,0.0,82.42884826660156,0.2993820438953144,81.5272238595145,1.5188458053966767,80.44974190848214,1.8224536710632353,-0.06464458565030717
2023-11-09,85.8190088673334,89.1114759398429,85.58453277833458,88.26148986816406,51062700,0.0,0.0,83.7321548461914,81.44941444396973,70.72778095847507,0.7857531060880802,0.08699170215060546,2.503127600835087,0.06911232314323157,0.0,0.0,0.0,0.0,0.0,0.0,0.0,0.0,0.0,26942600.0,10540200.0,14160900.0,0.0,0.0,0.0,0.0,0.0,0.0,0.0,0.0,0.0,0.0,0.0,0.0,0.0,0.0,0.0,0.0,0.0,0.0,0.0,0.0,0.0,0.0,0.0,0.0,84.48704528808594,3.269060483975388,82.74846431187221,2.7525620440673477,80.98638916015625,2.7746062057582614,0.023450719040611467
2023-11-10,88.05632704095531,88.08564307576695,84.93972618679516,86.23912048339844,25175700,0.0,0.0,84.35743103027343,81.64090499877929,62.81609916326351,1.0374925179553145,0.2770918653115473,2.7177178983540613,-0.022913383716799185,0.0,0.0,0.0,0.0,0.0,0.0,0.0,0.0,0.0,51062700.0,26942600.0,10540200.0,0.0,0.0,0.0,0.0,0.0,0.0,0.0,0.0,0.0,0.0,0.0,0.0,0.0,0.0,0.0,0.0,0.0,0.0,0.0,0.0,0.0,0.0,0.0,0.0,85.68549092610677,2.892823083090758,83.7533711024693,2.517196034883372,81.34717886788505,3.110872486540789,-0.013081315271790572
2023-11-13,86.38565818950936,87.83161008680645,85.39890132400815,87.38219451904297,12834400,0.0,0.0,85.41649017333984,81.82311363220215,66.53845518492489,1.3140863674986747,0.48449076574897276,2.9756408196972894,0.013254704236745685,0.0,0.0,0.0,0.0,0.0,0.0,0.0,0.0,0.0,25175700.0,51062700.0,26942600.0,0.0,0.0,0.0,0.0,0.0,0.0,0.0,0.0,0.0,0.0,0.0,0.0,0.0,0.0,0.0,0.0,0.0,0.0,0.0,0.0,0.0,0.0,0.0,0.0,87.29426829020183,1.0140477051887107,84.61172703334263,2.5937672108487924,81.82729993547711,3.4920846458530193,-0.017898418225477886
2023-11-14,87.9586278989247,89.43388856568171,87.91954730698656,88.97470092773438,13152000,0.0,0.0,86.68267364501953,82.06101150512696,75.61096628664558,1.6428531555265664,0.7161632437044916,3.3444231393010213,0.01822460991574615,0.0,0.0,0.0,0.0,0.0,0.0,0.0,0.0,0.0,12834400.0,25175700.0,51062700.0,0.0,0.0,0.0,0.0,0.0,0.0,0.0,0.0,0.0,0.0,0.0,0.0,0.0,0.0,0.0,0.0,0.0,0.0,0.0,0.0,0.0,0.0,0.0,0.0,87.5320053100586,1.3739296003388777,85.44915008544922,2.9508588087175394,82.55864824567523,3.848780560616021,-0.03044819261322418
2023-11-15,90.85052275320574,92.3941725607112,90.60627464900021,91.7688980102539,20593100,0.0,0.0,88.52528076171875,82.51287040710449,81.43053497188595,2.1046109116408473,0.9938527772917628,3.98832399678869,0.03140439982809262,0.0,0.0,0.0,0.0,0.0,0.0,0.0,0.0,0.0,13152000.0,12834400.0,25175700.0,0.0,0.0,0.0,0.0,0.0,0.0,0.0,0.0,0.0,0.0,0.0,0.0,0.0,0.0,0.0,0.0,0.0,0.0,0.0,0.0,0.0,0.0,0.0,0.0,89.37526448567708,2.220614836687096,86.83229282924107,3.353811251335605,83.54610879080636,4.318629016981879,-0.006136942737787199
2023-11-16,91.72981804432537,92.43325378184942,91.47579792713931,92.33555603027344,12923900,0.0,0.0,89.34009399414063,83.06291732788085,83.52478897568702,2.4876062502317495,1.2926034718797603,4.5379898092695035,0.00617483736108726,0.0,0.0,0.0,0.0,0.0,0.0,0.0,0.0,0.0,20593100.0,13152000.0,12834400.0,0.0,0.0,0.0,0.0,0.0,0.0,0.0,0.0,0.0,0.0,0.0,0.0,0.0,0.0,0.0,0.0,0.0,0.0,0.0,0.0,0.0,0.0,0.0,0.0,91.02638498942058,1.7992584429832494,88.21683175223214,3.3369636720652465,84.60544804164341,4.536208940511505,0.0038237449410090107
2023-11-17,92.57002724540614,93.18552975636585,91.75912178773363,91.98383331298828,12189300,0.0,0.0,90.4890365600586,83.62468757629395,81.10857782216745,2.731267381364489,1.5803362537767063,4.916073771403779,-0.0038091796097468045,0.0,0.0,0.0,0.0,0.0,0.0,0.0,0.0,0.0,12923900.0,20593100.0,13152000.0,0.0,0.0,0.0,0.0,0.0,0.0,0.0,0.0,0.0,0.0,0.0,0.0,0.0,0.0,0.0,0.0,0.0,0.0,0.0,0.0,0.0,0.0,0.0,0.0,92.02942911783855,0.2860674063548252,89.56368473597935,2.4582377030465614,85.54545429774693,4.608899527235559,-0.009260186007388871
2023-11-20,91.81774465454058,93.39069548600284,91.71027489935506,92.84358215332031,14105300,0.0,0.0,91.58131408691406,84.2074634552002,81.08236186485829,2.9596283758526454,1.856194678191894,5.288747619457044,0.009346738544876887,0.0,0.0,0.0,0.0,0.0,0.0,0.0,0.0,0.0,12189300.0,12923900.0,20593100.0,0.0,0.0,0.0,0.0,0.0,0.0,0.0,0.0,0.0,0.0,0.0,0.0,0.0,0.0,0.0,0.0,0.0,0.0,0.0,0.0,0.0,0.0,0.0,0.0,92.38765716552734,0.43223594637030377,90.21826934814453,2.6558188982311464,86.48336683000836,4.66635079330001,0.006140675719886746
2023-11-21,92.55050355555268,92.77520765821339,91.79821515028713,92.27693939208984,7654800,0.0,0.0,92.24176177978515,84.788285446167,80.85800414010663,3.0596134546742206,2.0968784334883597,5.5118751307030065,-0.0061031979603579645,0.0,0.0,0.0,0.0,0.0,0.0,0.0,0.0,0.0,14105300.0,12189300.0,12923900.0,0.0,0.0,0.0,0.0,0.0,0.0,0.0,0.0,0.0,0.0,0.0,0.0,0.0,0.0,0.0,0.0,0.0,0.0,0.0,0.0,0.0,0.0,0.0,0.0,92.36811828613281,0.43706659693088756,91.08081490652901,2.06223369598831,87.41709300449916,4.3980285498193075,-0.006521433604858462
2023-11-22,92.72635263288588,93.50794208369703,92.57980228152738,92.8826675415039,7328200,0.0,0.0,92.46451568603516,85.49562759399414,79.33272794799649,3.1514021470982385,2.307783176210336,5.601290558151015,0.00656424187239546,0.0,0.0,0.0,0.0,0.0,0.0,0.0,0.0,0.0,7654800.0,14105300.0,12189300.0,0.0,0.0,0.0,0.0,0.0,0.0,0.0,0.0,0.0,0.0,0.0,0.0,0.0,0.0,0.0,0.0,0.0,0.0,0.0,0.0,0.0,0.0,0.0,0.0,92.66772969563802,0.3389981016220123,91.86659676688058,1.3392507310840183,88.23916190011161,4.254800882676738,-0.010306076053566926
2023-11-24,92.71658430504826,94.28954273413883,92.71658430504826,93.84989166259766,5440500,0.0,0.0,92.7673828125,86.29089965820313,78.48633431597902,3.264560429772999,2.4991386269228686,5.60187449869987,0.010413397318305373,0.0,0.0,0.0,0.0,0.0,0.0,0.0,0.0,0.0,7328200.0,7654800.0,14105300.0,0.0,0.0,0.0,0.0,0.0,0.0,0.0,0.0,0.0,0.0,0.0,0.0,0.0,0.0,0.0,0.0,0.0,0.0,0.0,0.0,0.0,0.0,0.0,0.0,93.00316619873047,0.7933691802178093,92.56305258614677,0.6995947953200959,89.006101335798,4.227279851729367,0.009351756714998105
2023-11-27,93.53724729047052,93.53724729047052,92.34531540806165,92.98036193847656,11049500,0.0,0.0,92.96668853759766,87.06467742919922,79.14274890864812,3.2466500415709305,2.6486409098524812,5.3891596466637885,-0.009265111644957025,0.0,0.0,0.0,0.0,0.0,0.0,0.0,0.0,0.0,5440500.0,7328200.0,7654800.0,0.0,0.0,0.0,0.0,0.0,0.0,0.0,0.0,0.0,0.0,0.0,0.0,0.0,0.0,0.0,0.0,0.0,0.0,0.0,0.0,0.0,0.0,0.0,0.0,93.23764038085938,0.5324704431168866,92.73611886160714,0.615142167992131,89.78420584542411,3.8405905510464584,0.028864827408745297
2023-11-28,92.81427661792651,92.95105495558094,90.32294305348013,90.37179565429688,18660300,0.0,0.0,92.47233123779297,87.6420799255371,68.629332693796,2.9875280675570366,2.7164183413933927,5.068862610067959,-0.028055023983513117,0.0,0.0,0.0,0.0,0.0,0.0,0.0,0.0,0.0,11049500.0,5440500.0,7328200.0,0.0,0.0,0.0,0.0,0.0,0.0,0.0,0.0,0.0,0.0,0.0,0.0,0.0,0.0,0.0,0.0,0.0,0.0,0.0,0.0,0.0,0.0,0.0,0.0,92.4006830851237,1.8100576345819317,92.45558166503906,1.0915634916045693,90.3362067086356,3.2444689895155086,0.0
2023-11-29,90.46949340206999,91.09476793245034,89.33618611095322,90.37179565429688,13857000,0.0,0.0,92.09130249023437,88.17502937316894,68.92148373836582,2.7504663720469154,2.7232279475240975,4.741037344081183,0.0,0.0,0.0,0.0,0.0,0.0,0.0,0.0,0.0,0.0,18660300.0,11049500.0,5440500.0,0.0,0.0,0.0,0.0,0.0,0.0,0.0,0.0,0.0,0.0,0.0,0.0,0.0,0.0,0.0,0.0,0.0,0.0,0.0,0.0,0.0,0.0,0.0,0.0,91.24131774902344,1.5060564463702961,92.22529057094029,1.347679787138938,90.89448765345982,2.352568974752929,-0.002049868305797453
2023-11-30,91.39764049913397,91.70050575292007,90.07869481772666,90.55742645263672,13396700,0.0,0.0,91.62625427246094,88.74266204833984,57.58556073303418,2.548198083158155,2.6882219746509093,4.266376777325065,0.0020540788970260238,0.0,0.0,0.0,0.0,0.0,0.0,0.0,0.0,0.0,13857000.0,18660300.0,11049500.0,0.0,0.0,0.0,0.0,0.0,0.0,0.0,0.0,0.0,0.0,0.0,0.0,0.0,0.0,0.0,0.0,0.0,0.0,0.0,0.0,0.0,0.0,0.0,0.0,90.43367258707683,0.10717399139380554,91.89869689941406,1.4462760861543833,91.0584831237793,2.2318319461882514,0.0011880603853515748
2023-12-01,90.60628135291374,90.70397911105245,89.65859744585995,90.44996643066406,11898200,0.0,0.0,90.94626922607422,89.19647521972657,65.92762322521067,2.3521141732086477,2.6210004143624572,3.909043820804046,-0.0011866505728148624,0.0,0.0,0.0,-0.644,-0.644,1.0,91.0,0.0,0.0,13396700.0,13857000.0,18660300.0,0.0,0.0,0.0,0.0,0.0,0.0,0.0,0.0,0.0,0.0,0.0,0.0,0.0,0.0,0.0,0.0,0.0,0.0,0.0,0.0,0.0,0.0,0.0,0.0,90.45972951253255,0.0931997137831803,91.63770076206752,1.529117763403792,91.35925783429828,1.7679079379923985,0.006194968014335833
2023-12-04,89.78561189414506,90.2838801543026,89.50228317577553,89.89308166503906,12602800,0.0,0.0,90.32881317138671,89.53549232482911,59.93820386564052,2.1272586023640514,2.5222520519627762,3.6382949832224893,-0.006156826670045135,0.0,0.0,0.0,0.0,0.0,0.0,0.0,0.0,0.0,11898200.0,13396700.0,13857000.0,0.0,0.0,0.0,0.0,0.0,0.0,0.0,0.0,0.0,-0.644,0.0,0.0,-0.644,0.0,0.0,1.0,0.0,0.0,91.0,0.0,0.0,0.0,0.0,0.0,90.30015818277995,0.35660956598658905,91.21061706542969,1.5408956773264848,91.53860691615513,1.4281185806531447,0.01343762388466696
2023-12-05,89.50228252978685,89.66836946402022,87.86093484981555,88.7011489868164,12357000,0.0,0.0,89.99468383789062,89.86620483398437,48.88181165535536,1.831764495862771,2.384154540742775,3.1997844121662564,-0.013259448404094654,0.0,0.0,0.0,0.0,0.0,0.0,0.0,0.0,0.0,12602800.0,11898200.0,13396700.0,0.0,0.0,0.0,0.0,0.0,0.0,0.0,0.0,0.0,0.0,-0.644,0.0,0.0,-0.644,0.0,0.0,1.0,0.0,0.0,91.0,0.0,0.0,0.0,0.0,89.68139902750652,0.8934191442159378,90.47508239746094,1.277415217946966,91.51906749180385,1.4672319144759922,-0.007759392104994767
2023-12-06,89.01377186606018,90.42064320781431,88.53504771099215,89.3947982788086,10462000,0.0,0.0,89.79928436279297,90.20375556945801,38.28343148033797,1.634711056844182,2.2342658439630565,2.7175243245736396,0.00782007110297167,0.0,0.0,0.0,0.0,0.0,0.0,0.0,0.0,0.0,12357000.0,12602800.0,11898200.0,0.0,0.0,0.0,0.0,0.0,0.0,0.0,0.0,0.0,0.0,0.0,-0.644,0.0,0.0,-0.644,0.0,0.0,1.0,0.0,0.0,91.0,0.0,0.0,0.0,89.32967631022136,0.5986288753884096,89.96285901750836,0.6885632984513029,91.34948893955776,1.569750381604674,-0.009204207947164589
2023-12-07,89.68790887504721,91.24132327508805,89.541358518436,90.22525024414062,10264700,0.0,0.0,89.73284912109375,90.58722496032715,39.84958708741769,1.52794215391485,2.0930011059534155,2.03758174085365,0.009289712391787885,0.0,0.0,0.0,0.0,0.0,0.0,0.0,0.0,0.0,10462000.0,12357000.0,12602800.0,0.0,0.0,0.0,0.0,0.0,0.0,0.0,0.0,0.0,0.0,0.0,0.0,0.0,0.0,0.0,0.0,0.0,0.0,0.0,0.0,0.0,0.0,0.0,0.0,89.44039916992188,0.7630732216488713,89.94192395891461,0.6761741075100665,91.19875281197685,1.5691005851416004,-0.008295646875549512
2023-12-08,90.2350518178585,91.68571641860984,90.2350518178585,90.97998809814453,9498200,0.3,0.0,89.83885345458984,90.72314987182617,45.35178826289089,1.4870858661396085,1.9718180579906543,1.9635997447589568,0.008365040295944537,0.0,0.0,0.0,0.0,0.0,0.0,0.0,0.0,0.0,10264700.0,10462000.0,12357000.0,0.0,0.0,0.0,0.0,0.0,0.0,0.0,0.0,0.0,0.0,0.0,0.0,0.0,0.0,0.0,0.0,0.0,0.0,0.0,0.0,0.0,0.0,0.0,0.0,90.20001220703125,0.7928962162351095,90.02880859375,0.7727886134290287,91.12704958234515,1.5533220990654852,0.006724537843148415
2023-12-11,90.89177616727684,91.23483646941285,90.14683988395743,90.37227630615234,10811000,0.0,0.0,89.9346923828125,90.92980766296387,38.28337450852019,1.3896506730383607,1.8553845810001957,1.6610269341708044,-0.006679620482436421,0.0,0.0,0.0,0.0,0.0,0.0,0.0,0.0,0.0,9498200.0,10264700.0,10462000.0,0.0,0.0,0.0,0.0,0.0,0.0,0.0,0.0,0.0,0.0,0.0,0.0,0.0,0.0,0.0,0.0,0.0,0.0,0.0,0.0,0.0,0.0,0.0,0.0,90.52583821614583,0.40011654829283017,90.00235857282367,0.7546356129233504,90.95052773611886,1.4820329910501224,0.01240801360672128
2023-12-12,90.29386733359021,90.37227577493633,89.05884277500644,89.26467895507812,13218400,0.0,0.0,90.04739837646484,91.02393188476563,36.415477746146635,1.2091207396335903,1.7261318127268745,1.4943949005513675,-0.012255941715156426,0.0,0.0,0.0,0.0,0.0,0.0,0.0,0.0,0.0,10811000.0,9498200.0,10264700.0,0.0,0.0,0.0,0.0,0.0,0.0,0.0,0.0,0.0,0.0,0.0,0.0,0.0,0.0,0.0,0.0,0.0,0.0,0.0,0.0,0.0,0.0,0.0,0.0,90.20564778645833,0.8697098146818223,89.8330317905971,0.7702777593759278,90.73536627633231,1.493268977363979,-0.0189594115953311
2023-12-13,89.36269519081458,91.02899982990019,88.98042693062251,90.98979187011719,10173200,0.0,0.0,90.36639709472657,91.12468643188477,42.246437185650116,1.1915165999647854,1.6192087701744569,1.4147697359069296,0.01932581772805353,0.0,0.0,0.0,0.0,0.0,0.0,0.0,0.0,0.0,13218400.0,10811000.0,9498200.0,0.0,0.0,0.0,0.0,0.0,0.0,0.0,0.0,0.0,0.0,0.0,0.0,0.0,0.0,0.0,0.0,0.0,0.0,0.0,0.0,0.0,0.0,0.0,0.0,90.20891571044922,0.874081606934115,89.98970467703683,0.8871893916810935,90.60016087123326,1.3639868525551637,-0.011815986303216564
2023-12-14,91.36224955060692,92.95013815332821,91.36224955060692,92.0777816772461,12439300,0.0,0.0,90.73690338134766,91.14013061523437,42.812228068807336,1.2509368557791163,1.545554387295389,1.423829274215796,0.011957273280523095,0.0,0.0,0.0,0.0,0.0,0.0,0.0,0.0,0.0,10173200.0,13218400.0,10811000.0,0.0,0.0,0.0,0.0,0.0,0.0,0.0,0.0,0.0,0.0,0.0,0.0,0.0,0.0,0.0,0.0,0.0,0.0,0.0,0.0,0.0,0.0,0.0,0.0,90.7774175008138,1.4185252503640862,90.47208077566964,0.9826421007117923,90.47358158656529,1.0948931228833858,0.005135939408107637
2023-12-15,91.20542371041451,92.08757655268776,91.08779984163999,91.60729217529297,17551600,0.0,0.0,90.86236419677735,91.10371742248535,44.244445794730254,1.2457035705116937,1.48558422393865,1.4007739557739158,-0.005109696317427526,0.0,0.0,0.0,0.0,0.0,0.0,0.0,0.0,0.0,12439300.0,10173200.0,13218400.0,0.0,0.0,0.0,0.0,0.0,0.0,0.0,0.0,0.0,0.0,0.0,0.0,0.0,0.0,0.0,0.0,0.0,0.0,0.0,0.0,0.0,0.0,0.0,0.0,91.55828857421875,0.5456477524862641,90.78815133231026,0.9329501732777653,90.37550517490932,0.8966162273074773,0.006461237270399378
2023-12-18,90.86236371822162,91.85234413331906,90.86236371822162,91.01919555664062,9083600,0.0,0.0,90.991748046875,91.05548553466797,53.26714039740403,1.1804936757742155,1.4245661143057633,1.3853975202533326,-0.0064197576927282896,0.0,0.0,0.0,0.0,0.0,0.0,0.0,0.0,0.0,17551600.0,12439300.0,10173200.0,0.0,0.0,0.0,0.0,0.0,0.0,0.0,0.0,0.0,0.0,0.0,0.0,0.0,0.0,0.0,0.0,0.0,0.0,0.0,0.0,0.0,0.0,0.0,0.0,91.56808980305989,0.5303807718768556,90.90157209123883,0.900819078538767,90.42174802507672,0.9129560819427686,-0.011391473072172587
2023-12-19,90.80355686177744,92.12679373586863,90.77415276117712,92.06798553466797,8804000,0.0,0.0,91.55240936279297,91.01670570373535,57.74053944899188,1.1996145408137124,1.3795757996073532,1.3429149112830085,0.011522733986093048,0.0,0.0,0.0,0.0,0.0,0.0,0.0,0.0,0.0,9083600.0,17551600.0,12439300.0,0.0,0.0,0.0,0.0,0.0,0.0,0.0,0.0,0.0,0.0,0.0,0.0,0.0,0.0,0.0,0.0,0.0,0.0,0.0,0.0,0.0,0.0,0.0,0.0,91.56482442220052,0.5256831146638816,91.05700029645648,1.0044995300803472,90.54290444510323,1.0128958069006146,0.029144380329383157
2023-12-20,91.39165757910213,92.40123820867194,89.4411083779482,89.46070861816406,13060600,0.0,0.0,91.24659271240235,90.87589416503906,45.90109523497224,0.9929365523820763,1.3022479501622979,1.3514391726955082,-0.028319039472435747,0.0,0.0,0.0,0.9162,0.9162,1.0,14.0,1.0,0.0,8804000.0,9083600.0,17551600.0,0.0,0.0,0.0,0.0,0.0,0.0,0.0,0.0,0.0,0.0,0.0,0.0,0.0,0.0,0.0,0.0,0.0,0.0,0.0,0.0,0.0,0.0,0.0,0.0,90.84929656982422,1.3119155762186034,90.92677634102958,1.1557615141042998,90.46456745692662,1.053290676893095,-0.008150463325198865
2023-12-21,90.10763425399566,90.25466223818546,89.25487792821795,90.19584655761719,13037200,0.0,0.0,90.87020568847656,90.74155311584472,49.09280870868777,0.878337319551477,1.2174658240401337,1.2727042060597848,0.008217439262535153,0.0,0.0,0.0,0.0,0.0,0.0,0.0,0.0,0.0,13060600.0,8804000.0,9083600.0,0.0,0.0,0.0,0.0,0.0,0.0,0.0,0.0,0.0,0.9162,0.0,0.0,0.9162,0.0,0.0,1.0,0.0,0.0,14.0,0.0,0.0,1.0,0.0,0.0,90.57484690348308,1.344322943514283,91.05980028424945,0.9714706297252409,90.44641603742328,1.0557484164809667,0.01098670862667217
2023-12-22,89.80377196689751,90.41147659967841,88.95101573548011,89.21566009521484,9419800,0.0,0.0,90.39187927246094,90.50984153747558,47.65259544039182,0.7003505410503976,1.1140427674421864,1.0850301912970384,-0.01086731262925944,0.0,0.0,0.0,0.0,0.0,0.0,0.0,0.0,0.0,13037200.0,13060600.0,8804000.0,0.0,0.0,0.0,0.0,0.0,0.0,0.0,0.0,0.0,0.0,0.9162,0.0,0.0,0.9162,0.0,0.0,1.0,0.0,0.0,14.0,0.0,0.0,1.0,0.0,89.6240717569987,0.5101049025613962,90.80635288783482,1.1978337312296916,90.39802878243583,1.0977481859597686,0.000769640115152459
2023-12-26,89.03922893783025,89.46070512848827,88.80398867364882,89.14704895019531,8086900,0.0,0.0,90.01744995117187,90.31817588806152,51.67557996654861,0.5474477538351579,1.0007237647207807,0.9566261428191292,-0.0007690482247881825,0.0,0.0,0.0,0.0,0.0,0.0,0.0,0.0,0.0,9419800.0,13037200.0,13060600.0,0.0,0.0,0.0,0.0,0.0,0.0,0.0,0.0,0.0,0.0,0.0,0.9162,0.0,0.0,0.9162,0.0,0.0,1.0,0.0,0.0,14.0,0.0,0.0,1.0,89.51951853434245,0.586721031330733,90.38767678397042,1.1915371386939477,90.42987877982003,1.050165247961455,0.006306618129531261
2023-12-27,89.1078558836546,89.13725998435407,88.25509957260049,88.5883560180664,11123500,0.0,0.0,89.32152404785157,90.22900390625,46.93854144099577,0.3768453048347453,0.8759480727435737,1.031552402472036,-0.0062670939611364496,0.0,0.0,0.0,0.0,0.0,0.0,0.0,0.0,0.0,8086900.0,9419800.0,13037200.0,0.0,0.0,0.0,0.0,0.0,0.0,0.0,0.0,0.0,0.0,0.0,0.0,0.0,0.0,0.0,0.0,0.0,0.0,0.0,0.0,0.0,0.0,0.0,0.0,88.98368835449219,0.3440822786393745,89.95640019008091,1.2224743712463495,90.3722757611956,1.1303632007951814,-0.00022128421822475985
2023-12-28,88.30410373969262,89.17646776825647,88.18648733712735,88.60796356201172,8479600,0.0,0.0,89.15097503662109,90.14081230163575,43.45759866177383,0.24045201861258647,0.7488488619173762,1.0923112616379484,0.00022133319576811417,0.0,0.0,0.0,0.0,0.0,0.0,0.0,0.0,0.0,11123500.0,8086900.0,9419800.0,0.0,0.0,0.0,0.0,0.0,0.0,0.0,0.0,0.0,0.0,0.0,0.0,0.0,0.0,0.0,0.0,0.0,0.0,0.0,0.0,0.0,0.0,0.0,0.0,88.78112284342448,0.3170529146022443,89.6119384765625,1.2127676181845257,90.25675528390067,1.2252071679873016,0.0012183736225084285
2023-12-29,88.3335091183938,88.80398965193962,88.07866113380042,88.50013732910156,9211000,0.0,0.0,88.81183319091797,90.03794784545899,39.414224142703894,0.1222494650313024,0.6235289825401614,1.1465361802888712,-0.0012168909946191908,0.0,0.0,0.0,0.0,0.0,0.0,0.0,0.0,0.0,8479600.0,11123500.0,8086900.0,0.0,0.0,0.0,0.0,0.0,0.0,0.0,0.0,0.0,0.0,0.0,0.0,0.0,0.0,0.0,0.0,0.0,0.0,0.0,0.0,0.0,0.0,0.0,0.0,88.56548563639323,0.05743618106080544,89.1022458757673,0.6069404944789462,90.07962308611188,1.2901432054368254,-0.0046301440837271945
2024-01-02,88.31390354914775,89.66655194184513,87.95124302033167,88.91181182861328,10587600,0.0,0.0,88.75106353759766,89.96104011535644,43.659576779581975,0.061087601473886366,0.5110407063269065,1.1688160018269815,0.004651682041812544,0.0,0.0,0.0,0.0,0.0,0.0,0.0,0.0,0.0,9211000.0,8479600.0,11123500.0,0.0,0.0,0.0,0.0,0.0,0.0,0.0,0.0,0.0,0.0,0.0,0.0,0.0,0.0,0.0,0.0,0.0,0.0,0.0,0.0,0.0,0.0,0.0,0.0,88.67330423990886,0.2134737139055799,89.02383204868862,0.588074410501327,89.97530419485909,1.323279334656676,-0.010256471230694175
2024-01-03,88.44133436706291,90.25465950882383,88.21589046770227,89.83318328857422,11929800,0.0,0.0,88.88829040527344,89.9580451965332,52.508653955569734,0.08597232510557262,0.42602703008263976,1.1690760117293608,0.010362756545069463,0.0,0.0,0.0,0.0,0.0,0.0,0.0,0.0,0.0,10587600.0,9211000.0,8479600.0,0.0,0.0,0.0,0.0,0.0,0.0,0.0,0.0,0.0,0.0,0.0,0.0,0.0,0.0,0.0,0.0,0.0,0.0,0.0,0.0,0.0,0.0,0.0,0.0,89.08171081542969,0.6825702394684865,88.9720230102539,0.4721636825719407,90.01591164725167,1.3084345072176986,0.012036276691771652
2024-01-04,90.11743418844432,90.11743418844432,88.21588929289933,88.76478576660156,12087400,0.0,0.0,88.92357635498047,89.96122703552246,39.57759445121873,0.019260869501763977,0.34467379796646463,1.1655564111966974,-0.011893127715853158,0.0,0.0,0.0,0.0,0.0,0.0,0.0,0.0,0.0,11929800.0,10587600.0,9211000.0,0.0,0.0,0.0,0.0,0.0,0.0,0.0,0.0,0.0,0.0,0.0,0.0,0.0,0.0,0.0,0.0,0.0,0.0,0.0,0.0,0.0,0.0,0.0,0.0,89.16992696126302,0.579081930746387,88.90761239188058,0.4640722663754307,89.8569826398577,1.3161501681063137,-0.0037403691766041414
2024-01-05,88.61776095798518,89.50971768438045,88.56874914172197,89.0980453491211,9092100,0.0,0.0,89.02159271240234,89.94638938903809,34.98028701127093,-0.00664062753101291,0.2744109128669691,1.174997226832008,0.0037544120637638123,0.0,0.0,0.0,0.0,0.0,0.0,0.0,0.0,0.0,12087400.0,11929800.0,10587600.0,0.0,0.0,0.0,0.0,0.0,0.0,0.0,0.0,0.0,0.0,0.0,0.0,0.0,0.0,0.0,0.0,0.0,0.0,0.0,0.0,0.0,0.0,0.0,0.0,89.2320048014323,0.5466508642520447,88.9006118774414,0.4602119449851032,89.64414433070591,1.1612030184283229,-0.007099953603910025
2024-01-08,89.73516082763672,90.11742906123794,89.19606076581285,89.73516082763672,11103700,0.0,0.0,89.26859741210937,89.9218849182129,40.719199272616144,0.023965880231216374,0.22432190633981858,1.1739854729897905,0.007150723408343662,0.0,0.0,0.0,0.3818,0.3818,1.0,1.0,1.0,0.0,9092100.0,12087400.0,11929800.0,0.0,0.0,0.0,0.0,0.0,0.0,0.0,0.0,0.0,0.0,0.0,0.0,0.0,0.0,0.0,0.0,0.0,0.0,0.0,0.0,0.0,0.0,0.0,0.0,89.19933064778645,0.49305270870829937,89.06444113595145,0.5294428286404087,89.51042066301618,1.0165207676146135,0.0209658031311164
2024-01-09,89.2450739020053,89.294078240435,87.82381348078518,87.89242553710938,11255100,0.0,0.0,89.0647201538086,89.76750679016114,36.21436634765071,-0.09932660415931593,0.15959220423999168,1.2292288304971781,-0.020535264811826326,0.0,0.0,0.0,0.0,0.0,0.0,0.0,0.0,0.0,11103700.0,9092100.0,12087400.0,0.0,0.0,0.0,0.0,0.0,0.0,0.0,0.0,0.0,0.3818,0.0,0.0,0.3818,0.0,0.0,1.0,0.0,0.0,1.0,0.0,0.0,1.0,0.0,0.0,88.90854390462239,0.9358693476333048,88.96222141810826,0.6799466824930721,89.28707994733539,1.0029287733276195,0.004255707904263328
2024-01-10,88.039458506886,88.039458506886,87.11809014552176,87.51996612548828,15091600,0.0,0.0,88.60207672119141,89.62489128112793,28.676532660656264,-0.22450321474664747,0.08277312044266386,1.3176529380989421,-0.004237673603214365,0.0,0.0,0.0,0.0,0.0,0.0,0.0,0.0,0.0,11255100.0,11103700.0,9092100.0,0.0,0.0,0.0,0.0,0.0,0.0,0.0,0.0,0.0,0.0,0.3818,0.0,0.0,0.3818,0.0,0.0,1.0,0.0,0.0,1.0,0.0,0.0,1.0,0.0,88.3825174967448,1.1861342625443525,88.82219696044922,0.8663424677706839,88.96222141810826,0.7331728778364199,-0.0017887267921704586
2024-01-11,87.6179877550863,88.00025603990592,86.93186711006497,87.67679595947266,9642200,0.0,0.0,88.38447875976563,89.54549713134766,39.14089835437618,-0.3075069745784589,0.004717101438439307,1.3865373356972406,0.001791932069072244,0.0,0.0,0.0,0.0,0.0,0.0,0.0,0.0,0.0,15091600.0,11255100.0,11103700.0,0.0,0.0,0.0,0.0,0.0,0.0,0.0,0.0,0.0,0.0,0.0,0.3818,0.0,0.0,0.3818,0.0,0.0,1.0,0.0,0.0,1.0,0.0,0.0,1.0,87.69639587402344,0.18700165992480494,88.64576612200055,0.9651695336338442,88.83479908534459,0.7924922180159915,-0.009961147861943576
2024-01-12,87.87282414788181,89.02943270946925,87.87282414788181,88.55894470214844,11919400,0.0,0.0,88.27665863037109,89.42395477294922,40.21098986934725,-0.2986632174858954,-0.05595896234642764,1.3595486361635085,0.010061370662809654,0.0,0.0,0.0,0.0,0.0,0.0,0.0,0.0,0.0,9642200.0,15091600.0,11255100.0,0.0,0.0,0.0,0.0,0.0,0.0,0.0,0.0,0.0,0.0,0.0,0.0,0.0,0.0,0.0,0.0,0.0,0.0,0.0,0.0,0.0,0.0,0.0,0.0,87.91856892903645,0.5600979800883223,88.46373203822544,0.8118843256903354,88.71787752423968,0.690419448966144,-0.029016741676215374
2024-01-16,88.50013976137349,91.24462955756023,87.68659144698974,91.20542907714844,16780900,0.0,0.0,88.57071228027344,89.38033714294434,59.92184355471826,-0.07721521586081792,-0.0602102130493057,1.2816905138669648,0.029883874338170635,0.0,0.0,0.0,0.0,0.0,0.0,0.0,0.0,0.0,11919400.0,9642200.0,15091600.0,0.0,0.0,0.0,0.0,0.0,0.0,0.0,0.0,0.0,0.0,0.0,0.0,0.0,0.0,0.0,0.0,0.0,0.0,0.0,0.0,0.0,0.0,0.0,0.0,89.14705657958984,1.8363604235228095,88.81239536830357,1.3247794427433504,88.86000388009208,0.9549125545007298,0.029997898557448943
2024-01-17,90.74474166228872,91.90135022501052,88.31390066536125,88.54914093017578,15735200,0.0,0.0,88.70205535888672,89.22742958068848,47.630149885784896,-0.11473375376650097,-0.07111492119274476,1.1804509590899928,-0.029124232777039682,0.0,0.0,0.0,0.0,0.0,0.0,0.0,0.0,0.0,16780900.0,11919400.0,9642200.0,0.0,0.0,0.0,0.0,0.0,0.0,0.0,0.0,0.0,0.0,0.0,0.0,0.0,0.0,0.0,0.0,0.0,0.0,0.0,0.0,0.0,0.0,0.0,0.0,89.43783823649089,1.5307864199388284,88.73398045131138,1.321294070516782,88.8172961643764,0.9544575359566445,-0.020279812897567973
2024-01-18,88.86280338951595,90.67612838439939,88.6177592691762,90.38207244873047,12203200,0.0,0.0,89.27447662353515,89.19557342529296,56.457267220221524,0.0033956468332974055,-0.05621280758753633,1.1373631419560417,0.02069959684871492,0.0,0.0,0.0,0.0,0.0,0.0,0.0,0.0,0.0,15735200.0,16780900.0,11919400.0,0.0,0.0,0.0,0.0,0.0,0.0,0.0,0.0,0.0,0.0,0.0,0.0,0.0,0.0,0.0,0.0,0.0,0.0,0.0,0.0,0.0,0.0,0.0,0.0,90.04554748535156,1.3597438980081111,88.82639639718192,1.4217927803397175,88.94541876656669,1.038088296825295,-0.009133922204205835
2024-01-19,90.48989668354908,91.72492120158901,89.81357248683499,91.21522521972656,19790100,0.0,0.0,89.98216247558594,89.1529354095459,58.86662352778177,0.16237080399997694,-0.012496085270033673,1.0354298739593064,0.009218119793266588,0.0,0.0,0.0,0.0,0.0,0.0,0.0,0.0,0.0,12203200.0,15735200.0,16780900.0,0.0,0.0,0.0,0.0,0.0,0.0,0.0,0.0,0.0,0.0,0.0,0.0,0.0,0.0,0.0,0.0,0.0,0.0,0.0,0.0,0.0,0.0,0.0,0.0,90.04881286621094,1.3639273520806552,89.30108206612724,1.6013475807997186,89.13165174211774,1.1949168712393297,-0.021245278147146718
2024-01-22,91.0289936469537,93.3422107699542,91.0289936469537,93.19518280029297,15119400,0.0,0.0,90.90941009521484,89.33965911865235,64.16319868464478,0.4430189443438337,0.0786069206527398,1.3749241166250823,0.021706437448319793,0.0,0.0,0.0,0.0,0.0,0.0,0.0,0.0,0.0,19790100.0,12203200.0,15735200.0,0.0,0.0,0.0,0.0,0.0,0.0,0.0,0.0,0.0,0.0,0.0,0.0,0.0,0.0,0.0,0.0,0.0,0.0,0.0,0.0,0.0,0.0,0.0,0.0,91.59749348958333,1.4449893546743,90.11182730538505,1.948348705963487,89.46701213291713,1.595683702080454,0.01397039157870128
2024-01-23,93.5382446677386,93.98912496505329,91.33284751978326,91.91114807128906,11559400,0.0,0.0,91.05055389404296,89.42542419433593,58.59548240253451,0.5554211962101618,0.17396977576422423,1.4805812468475918,-0.013777908797662386,0.0,0.0,0.0,0.0,0.0,0.0,0.0,0.0,0.0,15119400.0,19790100.0,12203200.0,0.0,0.0,0.0,0.0,0.0,0.0,0.0,0.0,0.0,0.0,0.0,0.0,0.0,0.0,0.0,0.0,0.0,0.0,0.0,0.0,0.0,0.0,0.0,0.0,92.10718536376953,1.0044306697047156,90.71673474993024,1.7089549695624267,89.6812504359654,1.7124805356007031,0.0028877091711905223
2024-01-24,92.54826018837016,93.36180845046427,91.41125937567072,91.64649963378906,10454900,0.0,0.0,91.67002563476562,89.54696617126464,55.39984650736088,0.6160444960061682,0.262384719812613,1.5600948322924204,-0.002879394317811479,0.0,0.0,0.0,0.0,0.0,0.0,0.0,0.0,0.0,11559400.0,15119400.0,19790100.0,0.0,0.0,0.0,0.0,0.0,0.0,0.0,0.0,0.0,0.0,0.0,0.0,0.0,0.0,0.0,0.0,0.0,0.0,0.0,0.0,0.0,0.0,0.0,0.0,92.25094350179036,0.828372252369596,91.1578140258789,1.435833723149751,89.81077303205218,1.7916026340817324,-0.014336899916583379
2024-01-25,92.05816971461037,93.05795387404922,91.89154151408816,92.97953796386719,8661600,0.0,0.0,92.18951873779297,89.73859062194825,62.356292530700834,0.7628601732200053,0.3624798104940915,1.7340588006000386,0.014545436382238597,0.0,0.0,0.0,0.0,0.0,0.0,0.0,0.0,0.0,10454900.0,11559400.0,15119400.0,0.0,0.0,0.0,0.0,0.0,0.0,0.0,0.0,0.0,0.0,0.0,0.0,0.0,0.0,0.0,0.0,0.0,0.0,0.0,0.0,0.0,0.0,0.0,0.0,92.17906188964844,0.7057486506652727,91.41125815255302,1.5935539065726556,90.11182676042829,1.9494779370242836,-0.005243382472256752
2024-01-26,93.11677085878532,93.63626322601924,92.82271490691723,93.46963500976562,7812800,0.0,0.0,92.64040069580078,89.9826545715332,62.69930731413683,0.9082891983655657,0.47164168806838636,1.8992872195557016,0.0052710204484871515,0.0,0.0,0.0,0.0,0.0,0.0,0.0,0.0,0.0,8661600.0,10454900.0,11559400.0,0.0,0.0,0.0,0.0,0.0,0.0,0.0,0.0,0.0,0.0,0.0,0.0,0.0,0.0,0.0,0.0,0.0,0.0,0.0,0.0,0.0,0.0,0.0,0.0,92.6985575358073,0.9434872285830892,92.1141858782087,1.1418503184255233,90.42408316476005,2.1174749398396417,-0.02184839624680468
2024-01-29,93.52844600414826,95.5672150533772,93.11677364175215,95.55741119384766,13422200,0.0,0.0,93.11284637451172,90.330126953125,65.5987264843987,1.1784246920289831,0.6129982888605057,2.239736142965114,0.02233641100517736,0.0,0.0,0.0,-0.6808,-0.6808,1.0,4017.0,0.0,0.0,7812800.0,8661600.0,10454900.0,0.0,0.0,0.0,0.0,0.0,0.0,0.0,0.0,0.0,0.0,0.0,0.0,0.0,0.0,0.0,0.0,0.0,0.0,0.0,0.0,0.0,0.0,0.0,0.0,94.00219472249348,1.3689676706111913,92.85351998465401,1.4635693864167199,90.83995819091797,2.507576453552112,0.0056735693487866
2024-01-30,94.60663833742638,95.60642261699073,94.10675367579789,95.01831817626953,9139600,0.0,0.0,93.73428039550781,90.65603599548339,70.52513744516587,1.3336353971490382,0.7571257105182122,2.4259331645118936,-0.0056415615580514,0.0,0.0,0.0,0.0,0.0,0.0,0.0,0.0,0.0,13422200.0,7812800.0,8661600.0,0.0,0.0,0.0,0.0,0.0,0.0,0.0,0.0,0.0,-0.6808,0.0,0.0,-0.6808,0.0,0.0,1.0,0.0,0.0,4017.0,0.0,0.0,0.0,0.0,0.0,94.68178812662761,1.083808887414931,93.39681897844586,1.45992790861882,91.34895052228656,2.5852679437051886,0.009266040183959268
2024-01-31,94.50861847396627,95.63582297010547,93.91071019718339,94.14595794677734,9592300,0.0,0.0,94.23417205810547,90.9177433013916,68.55101303233006,1.3704511119457123,0.8797907908037123,2.508777282991273,-0.00918096895667908,0.0,0.0,0.0,0.0,0.0,0.0,0.0,0.0,0.0,9139600.0,13422200.0,7812800.0,0.0,0.0,0.0,0.0,0.0,0.0,0.0,0.0,0.0,0.0,-0.6808,0.0,0.0,-0.6808,0.0,0.0,1.0,0.0,0.0,4017.0,0.0,0.0,0.0,0.0,94.90722910563152,0.7122539247896815,93.53264399937221,1.482101547440331,91.82223565237862,2.432363207480262,-0.01040582033698445
2024-02-01,94.45960861731197,95.98868150959177,93.99892448229102,95.13592529296875,8484800,0.0,0.0,94.66544952392579,91.18288040161133,69.95275500562246,1.4626494105629888,0.9963625147555676,2.6635565945180515,0.010515240035595008,0.0,0.0,0.0,0.0,0.0,0.0,0.0,0.0,0.0,9592300.0,9139600.0,13422200.0,0.0,0.0,0.0,0.0,0.0,0.0,0.0,0.0,0.0,0.0,0.0,-0.6808,0.0,0.0,-0.6808,0.0,0.0,1.0,0.0,0.0,4017.0,0.0,0.0,0.0,94.76673380533855,0.540814070087336,93.99332645961216,1.392564393421256,92.3550306047712,2.2657103212704577,-0.0007208311218896979
2024-02-02,94.37140307163625,95.47900742997517,93.92052272718523,95.20455169677734,9321300,0.0,0.0,95.01243286132812,91.50486869812012,68.58551698092273,1.5236906464152469,1.1018281410875035,2.7438857386880335,0.0007213510942081225,0.0,0.0,0.0,0.0,0.0,0.0,0.0,0.0,0.0,8484800.0,9592300.0,9139600.0,0.0,0.0,0.0,0.0,0.0,0.0,0.0,0.0,0.0,0.0,0.0,0.0,0.0,0.0,0.0,0.0,0.0,0.0,0.0,0.0,0.0,0.0,0.0,0.0,94.82881164550781,0.5923632975023833,94.50161961146763,0.9820344924466784,92.82971681867328,2.099261530032779,0.004966423808424381
2024-02-05,94.7830665339535,95.43979048603563,94.5772303620424,94.73406219482422,11679300,0.0,0.0,94.84776306152344,91.78666954040527,61.235923665538955,1.5166190544466502,1.184786323759333,2.7729513794601677,-0.00494188033626386,0.0,0.0,0.0,-0.5983,-0.5983,1.0,113.0,0.0,0.0,9321300.0,8484800.0,9592300.0,0.0,0.0,0.0,0.0,0.0,0.0,0.0,0.0,0.0,0.0,0.0,0.0,0.0,0.0,0.0,0.0,0.0,0.0,0.0,0.0,0.0,0.0,0.0,0.0,95.02484639485677,0.2541534655811584,94.75226593017578,0.7169242683334014,93.0817620413644,2.1010717439813913,-0.02658881352482889
2024-02-06,94.99871042738857,97.35113566768656,94.87129016668777,97.32173156738281,16455500,0.0,0.0,95.30844573974609,92.16599807739257,78.05641241114037,1.7002189929722533,1.2878728576019172,2.988102271981627,0.027315089341750642,0.0,0.0,0.0,0.0,0.0,0.0,0.0,0.0,0.0,11679300.0,9321300.0,8484800.0,0.0,0.0,0.0,0.0,0.0,0.0,0.0,0.0,0.0,-0.5983,0.0,0.0,-0.5983,0.0,0.0,1.0,0.0,0.0,113.0,0.0,0.0,0.0,0.0,0.0,95.75344848632812,1.378395429332371,95.3025654384068,0.9934021660128207,93.70837565830776,1.9478626323479418,0.0015130075388145592
2024-02-07,95.45939649103438,97.31192962826572,94.72426405631866,97.1747055053711,28886300,0.0,0.0,95.91419525146485,92.63011207580567,74.34995602193214,1.812960808887695,1.3928904478590727,3.010176077558251,-0.0015107218053340699,0.0,0.0,0.0,0.9985,0.9985,1.0,43.0,1.0,0.0,16455500.0,11679300.0,9321300.0,0.0,0.0,0.0,0.0,0.0,0.0,0.0,0.0,0.0,0.0,-0.5983,0.0,0.0,-0.5983,0.0,0.0,1.0,0.0,0.0,113.0,0.0,0.0,0.0,0.0,96.41016642252605,1.4534091654858132,95.53360748291016,1.223886314682529,94.19356373378209,1.9010045897833994,-0.10313007451404899
2024-02-08,104.95730677017254,110.53450625460331,104.68285853267341,108.34871673583984,60558400,0.0,0.0,98.55675354003907,93.67154960632324,85.2703606410517,2.77200488465499,1.6687133352182562,4.421425934348504,0.11498888699849097,0.0,0.0,0.0,0.0,0.0,1.0,1.0,0.0,0.0,28886300.0,16455500.0,11679300.0,0.0,0.0,0.0,0.0,0.0,0.0,0.0,0.0,0.0,0.9985,0.0,-0.5983,0.9985,0.0,-0.5983,1.0,0.0,1.0,43.0,0.0,113.0,1.0,0.0,0.0,100.94838460286458,6.409297225475495,97.43795013427734,4.959221071665048,95.41738455636161,4.090412546255647,0.019835817834405134
2024-02-09,107.42734570636857,107.96644578669107,105.55521243117789,106.2413330078125,21509100,0.0,0.0,100.7641098022461,94.59977645874024,76.71615291522656,3.323692511186678,1.9997091704119407,5.0066346520793,-0.019450010960123,0.0,0.0,0.0,0.0,0.0,0.0,0.0,0.0,0.0,60558400.0,28886300.0,16455500.0,0.0,0.0,0.0,0.0,0.0,0.0,0.0,0.0,0.0,0.0,0.9985,0.0,0.0,0.9985,0.0,1.0,1.0,0.0,1.0,43.0,0.0,0.0,1.0,0.0,103.92158508300781,5.9372177466080664,99.16586085728237,5.676352276692087,96.34925242832729,4.942527876930956,-0.008235089337628954
2024-02-12,105.74145200281122,108.85841398093193,105.69244765827301,107.12350463867188,13424000,0.0,0.0,103.24199829101562,95.5280044555664,81.67346018089916,3.78842223459273,2.3574517832480986,5.522115323049694,0.008303469147874054,0.0,0.0,0.0,0.0,0.0,0.0,0.0,0.0,0.0,21509100.0,60558400.0,28886300.0,0.0,0.0,0.0,0.0,0.0,0.0,0.0,0.0,0.0,0.0,0.0,0.9985,0.0,0.0,0.9985,0.0,1.0,1.0,0.0,1.0,43.0,0.0,0.0,1.0,107.23785146077473,1.0583349852872501,100.87837219238281,6.053658665133611,97.4358493259975,5.529150752295258,-0.010591982851350545
2024-02-13,106.13351662092218,108.45653775808246,106.06490456091258,108.27030181884766,14594500,0.0,0.0,105.4317123413086,96.38124809265136,83.38581193202451,4.200836211923843,2.7261286689832476,6.106521041122645,0.010705373989059908,0.0,0.0,0.0,0.0,0.0,0.0,0.0,0.0,0.0,13424000.0,21509100.0,60558400.0,0.0,0.0,0.0,0.0,0.0,0.0,0.0,0.0,0.0,0.0,0.0,0.0,0.0,0.0,0.0,0.0,0.0,1.0,0.0,0.0,1.0,0.0,0.0,0.0,107.21171315511067,1.017356459564785,102.74490792410714,6.026903496342023,98.62326376778739,5.9585688312007745,-0.009860090946989475
2024-02-14,108.38791907258656,109.46611172603905,107.49595486883152,109.3484878540039,11405500,0.0,0.0,107.86646881103516,97.42121543884278,83.21398240341368,4.562088940991458,3.0933207233848896,6.463171569865373,0.009958280498379102,0.0,0.0,0.0,0.0,0.0,0.0,0.0,0.0,0.0,14594500.0,13424000.0,21509100.0,0.0,0.0,0.0,0.0,0.0,0.0,0.0,0.0,0.0,0.0,0.0,0.0,0.0,0.0,0.0,0.0,0.0,0.0,0.0,0.0,0.0,0.0,0.0,0.0,108.24743143717448,1.112667905484971,104.83268301827567,5.273572148153398,99.79247447422573,6.358513928917337,-0.007914657205607245
2024-02-15,108.87801102004862,110.68153225025532,108.87801102004862,110.2208480834961,9961900,0.0,0.0,108.2408950805664,98.41315422058105,83.47040413910642,4.862722078186366,3.447200994345185,6.837517858948282,0.00797779874795257,0.0,0.0,0.0,0.0,0.0,0.0,0.0,0.0,0.0,11405500.0,14594500.0,13424000.0,0.0,0.0,0.0,0.0,0.0,0.0,0.0,0.0,0.0,0.0,0.0,0.0,0.0,0.0,0.0,0.0,0.0,0.0,0.0,0.0,0.0,0.0,0.0,0.0,109.27987925211589,0.977081387512753,106.67541394914899,4.391501438344514,100.9889896937779,6.646738285386956,0.0076165127038825275
2024-02-16,109.79936764551577,110.32866385003027,108.95642273997771,109.3876953125,8782200,0.0,0.0,108.8701675415039,99.32177772521973,79.09275237370441,4.976382895360047,3.753037374548158,7.035248829514544,-0.007558939941788023,0.0,0.0,0.0,0.0,0.0,0.0,0.0,0.0,0.0,9961900.0,11405500.0,14594500.0,0.0,0.0,0.0,0.0,0.0,0.0,0.0,0.0,0.0,0.0,0.0,0.0,0.0,0.0,0.0,0.0,0.0,0.0,0.0,0.0,0.0,0.0,0.0,0.0,109.65234375,0.4927293264094265,108.42012677873883,1.3842301442833973,101.9768671308245,6.803292603799443,0.019736756944905842
2024-02-20,108.65256810586172,108.92701634091708,107.18230329393353,107.27052307128906,9770900,0.0,0.0,108.89957122802734,100.02554473876953,74.16858825926737,4.839831244042145,3.9703961484469557,7.093887000664836,-0.019354756813941276,0.0,0.0,0.0,0.0,0.0,0.0,0.0,0.0,0.0,8782200.0,9961900.0,11405500.0,0.0,0.0,0.0,0.0,0.0,0.0,0.0,0.0,0.0,0.0,0.0,0.0,0.0,0.0,0.0,0.0,0.0,0.0,0.0,0.0,0.0,0.0,0.0,0.0,108.95968882242839,1.5210182727606385,108.26609911237445,1.451836548994204,102.85202462332589,6.625017004549407,0.01643923317700402
2024-02-21,106.32954678091296,107.05487527500016,105.11412257355789,105.53559875488281,10427500,0.0,0.0,108.35263061523438,100.70676727294922,71.72771409584183,4.539293039062173,4.084175526569999,6.925837976841004,-0.016173355612830065,0.0,0.0,0.0,0.0,0.0,0.0,0.0,0.0,0.0,9770900.0,8782200.0,9961900.0,0.0,0.0,0.0,0.0,0.0,0.0,0.0,0.0,0.0,0.0,0.0,0.0,0.0,0.0,0.0,0.0,0.0,0.0,0.0,0.0,0.0,0.0,0.0,0.0,107.39793904622395,1.9292065973616166,108.16527993338448,1.6295080579777061,103.66557039533343,6.156428991502266,0.00027854689921325004
2024-02-22,105.84927064704985,106.33935895495306,105.28077389327927,105.50621032714844,9266200,0.0,0.0,107.58417510986328,101.39975280761719,70.53573910615673,4.249754422246511,4.117291305705302,6.659852325135776,-0.0002784693324442422,0.0,0.0,0.0,0.0,0.0,0.0,0.0,0.0,0.0,10427500.0,9770900.0,8782200.0,0.0,0.0,0.0,0.0,0.0,0.0,0.0,0.0,0.0,0.0,0.0,0.0,0.0,0.0,0.0,0.0,0.0,0.0,0.0,0.0,0.0,0.0,0.0,0.0,106.10411071777344,1.0102495997262975,107.93423788888114,1.8948822077692056,104.40630504063198,5.654627196010378,-0.0009280614396034448
2024-02-23,105.43758931351036,105.85906552165793,103.73208424065551,105.60421752929688,11724000,0.0,0.0,106.66084899902344,102.03098678588867,70.56998462274416,3.982295916112193,4.09029222778668,6.413503048602181,0.0009289235377192284,0.0,0.0,0.0,0.0,0.0,0.0,0.0,0.0,0.0,9266200.0,10427500.0,9770900.0,0.0,0.0,0.0,0.0,0.0,0.0,0.0,0.0,0.0,0.0,0.0,0.0,0.0,0.0,0.0,0.0,0.0,0.0,0.0,0.0,0.0,0.0,0.0,0.0,105.54867553710938,0.05029517465788318,107.5533687046596,2.0754155427506693,105.14913831438336,4.997768927995219,0.0005571760340863374
2024-02-26,105.38857832029184,106.60400261450697,105.25135420290522,105.54541015625,8694200,0.0,0.0,105.89239196777343,102.6347755432129,71.73829338446788,3.72267517737518,4.0167688177043805,6.127120968355411,-0.0005568657618296724,0.0,0.0,0.0,0.0,0.0,0.0,0.0,0.0,0.0,11724000.0,9266200.0,10427500.0,0.0,0.0,0.0,0.0,0.0,0.0,0.0,0.0,0.0,0.0,0.0,0.0,0.0,0.0,0.0,0.0,0.0,0.0,0.0,0.0,0.0,0.0,0.0,0.0,105.55194600423177,0.04932941212346706,107.01007189069476,2.0243246950478313,105.92137745448521,4.000425939750929,-0.015901942231780652
2024-02-27,105.64341908022597,107.4077397231676,105.64341908022597,107.25090789794922,7595000,0.0,0.0,105.88846893310547,103.21945037841797,70.69881895712346,3.61289606884354,3.935994267932213,5.972186914887351,0.01615890012814769,0.0,0.0,0.0,0.0,0.0,0.0,0.0,0.0,0.0,8694200.0,11724000.0,9266200.0,0.0,0.0,0.0,0.0,0.0,0.0,0.0,0.0,0.0,0.0,0.0,0.0,0.0,0.0,0.0,0.0,0.0,0.0,0.0,0.0,0.0,0.0,0.0,0.0,106.13351186116536,0.9681399713093898,106.58579472133091,1.4762668702343145,106.63060433523995,3.1478442336568135,-0.012454964514643785
2024-02-28,106.62360064330875,108.83880167227147,106.5059842469333,108.60356140136719,10773000,0.0,0.0,106.50206146240234,103.89871253967286,72.68484095353675,3.59361817418295,3.8675190491823606,5.759091004740391,0.012612047113904401,0.0,0.0,0.0,0.0,0.0,0.0,0.0,0.0,0.0,7595000.0,8694200.0,11724000.0,0.0,0.0,0.0,0.0,0.0,0.0,0.0,0.0,0.0,0.0,0.0,0.0,0.0,0.0,0.0,0.0,0.0,0.0,0.0,0.0,0.0,0.0,0.0,0.0,107.13329315185547,1.532464414228779,106.47377559116909,1.238889333672415,107.44695118495396,1.6163736608483388,-0.006990397133077697
2024-02-29,108.93680774668339,110.51489239600045,108.77017954847045,109.36808776855469,11658300,0.0,0.0,107.2744369506836,104.65981903076172,53.448241154673404,3.598549355245197,3.813725110394928,5.396819903016263,0.007039606780131491,0.0,0.0,0.0,0.0,0.0,0.0,0.0,0.0,0.0,10773000.0,7595000.0,8694200.0,0.0,0.0,0.0,0.0,0.0,0.0,0.0,0.0,0.0,0.0,0.0,0.0,0.0,0.0,0.0,0.0,0.0,0.0,0.0,0.0,0.0,0.0,0.0,0.0,108.4075190226237,1.0721180493874634,106.77342769077846,1.6493825841814975,107.51976340157645,1.6817571293813958,-0.0033051671839456898
2024-03-01,109.2308816195883,109.92680610134543,108.82900562803837,109.73076629638672,7242400,0.0,0.0,108.09974670410156,105.38956108093262,63.383502165685314,3.590335327183766,3.769047153752696,5.014437688433571,0.0033161275398683188,0.0,0.0,0.0,0.0,0.0,0.0,0.0,0.0,0.0,11658300.0,10773000.0,7595000.0,0.0,0.0,0.0,0.0,0.0,0.0,0.0,0.0,0.0,0.0,0.0,0.0,0.0,0.0,0.0,0.0,0.0,0.0,0.0,0.0,0.0,0.0,0.0,0.0,109.23413848876953,0.5754168280523199,107.37273733956474,1.8718174867309767,107.76900863647461,1.7354320335164153,-0.015304759801933132
2024-03-04,110.43648742289372,111.86754425390592,109.58373863103532,111.43627166748047,11558900,0.0,0.0,109.27791900634766,106.20114707946777,65.55870733062022,3.6790360433233644,3.7510449316668297,4.573389721756228,0.015542636114352026,0.0,0.0,0.0,0.0,0.0,0.0,0.0,0.0,0.0,7242400.0,11658300.0,10773000.0,0.0,0.0,0.0,0.0,0.0,0.0,0.0,0.0,0.0,0.0,0.0,0.0,0.0,0.0,0.0,0.0,0.0,0.0,0.0,0.0,0.0,0.0,0.0,0.0,110.17837524414062,1.1043602163816633,108.21988895961216,2.1995049176432273,108.07706342424665,1.977877468672028,0.007264964956826159
2024-03-05,111.3578587676289,112.90653951589,110.04441829816898,110.63253021240234,14929600,0.0,0.0,109.95424346923828,106.99607048034667,58.73824822989668,3.642488442249018,3.7293336337832677,3.7899245503403507,-0.007212565918181868,0.0,0.0,0.0,0.0,0.0,0.0,0.0,0.0,0.0,11558900.0,7242400.0,11658300.0,0.0,0.0,0.0,0.0,0.0,0.0,0.0,0.0,0.0,0.0,0.0,0.0,0.0,0.0,0.0,0.0,0.0,0.0,0.0,0.0,0.0,0.0,0.0,0.0,110.59985605875652,0.8532220361344017,108.93821934291294,2.016351585690861,108.24579402378627,2.0930375399840155,0.02553166540946017
2024-03-06,110.8383567236812,111.05399674300459,107.08427905894057,107.87821960449219,14743900,0.0,0.0,109.80917510986328,107.52389488220214,45.16127574333075,3.3526273565341427,3.653992378333443,3.0307235156558345,-0.0248960283437627,0.0,0.0,0.0,0.0,0.0,0.0,0.0,0.0,0.0,14929600.0,11558900.0,7242400.0,0.0,0.0,0.0,0.0,0.0,0.0,0.0,0.0,0.0,0.0,0.0,0.0,0.0,0.0,0.0,0.0,0.0,0.0,0.0,0.0,0.0,0.0,0.0,0.0,109.98234049479167,1.8660100810015356,109.27147783551898,1.4848714316284801,108.14077486310687,2.0702146080159225,-0.001089208569665212
2024-03-07,108.50553811097633,108.87800997575559,107.03527332639317,107.995849609375,8609300,0.0,0.0,109.53472747802735,108.06495208740235,42.29464224851077,3.0967052258760077,3.5425349478419563,1.80325112913256,0.0010903962385926391,0.0,0.0,0.0,0.0,0.0,0.0,0.0,0.0,0.0,14743900.0,14929600.0,11558900.0,0.0,0.0,0.0,0.0,0.0,0.0,0.0,0.0,0.0,0.0,0.0,0.0,0.0,0.0,0.0,0.0,0.0,0.0,0.0,0.0,0.0,0.0,0.0,0.0,108.83553314208984,1.5573561113459395,109.37789808000836,1.3350597134250248,107.98184640066964,1.98176172484377,-0.0012690131486018386
2024-03-08,107.99584778675447,109.10344454697925,107.17249563264365,108.13307189941406,10009200,0.0,0.0,109.2151885986328,108.05416984558106,45.43509882300688,2.8718528534731718,3.4083985289681995,1.8021094490091192,0.001270625589181451,0.0,0.0,0.0,0.0,0.0,0.0,0.0,0.0,0.0,8609300.0,14743900.0,14929600.0,0.0,0.0,0.0,0.0,0.0,0.0,0.0,0.0,0.0,0.0,0.0,0.0,0.0,0.0,0.0,0.0,0.0,0.0,0.0,0.0,0.0,0.0,0.0,0.0,108.00238037109375,0.12755160208241037,109.31068529401507,1.3912032351086088,107.89223044259208,1.9412517304387888,-0.017718837656225728
2024-03-11,107.90763265879953,110.67173770521043,107.84882445888563,110.08362579345703,8794300,0.0,0.0,108.94465942382813,108.24628448486328,60.360994761602626,2.81855853782794,3.2904305307401476,1.8034838246457339,0.018038458168074367,0.0,0.0,0.0,0.0,0.0,0.0,0.0,0.0,0.0,10009200.0,8609300.0,14743900.0,0.0,0.0,0.0,0.0,0.0,0.0,0.0,0.0,0.0,0.0,0.0,0.0,0.0,0.0,0.0,0.0,0.0,0.0,0.0,0.0,0.0,0.0,0.0,0.0,108.73751576741536,1.1677827883981253,109.41290501185826,1.4220688289040342,108.09316635131836,2.0160967205993914,-0.0013338729178740127
2024-03-12,110.28946768782532,110.71094392474593,109.42691497238141,110.23065948486328,8085000,0.0,0.0,108.86428527832031,108.40164222717286,69.58305992809468,2.756412590265626,3.1836269426452435,1.835224254260826,0.0013356545112541696,0.0,0.0,0.0,0.0,0.0,0.0,0.0,0.0,0.0,8794300.0,10009200.0,8609300.0,0.0,0.0,0.0,0.0,0.0,0.0,0.0,0.0,0.0,0.0,0.0,0.0,0.0,0.0,0.0,0.0,0.0,0.0,0.0,0.0,0.0,0.0,0.0,0.0,109.48245239257812,1.1709079866076129,109.48431832449776,1.4529089256961782,108.42852783203125,1.9472580366272356,-0.00035548997110756986
2024-03-13,110.50509958661834,111.86754436122305,110.21105111533983,110.26985931396484,7267900,0.0,0.0,109.34261322021484,108.50162010192871,69.85289207952337,2.679437687912767,3.082789091698748,1.8815725013210656,0.0003556163891675901,0.0,0.0,0.0,0.0,0.0,0.0,0.0,0.0,0.0,8085000.0,8794300.0,10009200.0,0.0,0.0,0.0,0.0,0.0,0.0,0.0,0.0,0.0,0.0,0.0,0.0,0.0,0.0,0.0,0.0,0.0,0.0,0.0,0.0,0.0,0.0,0.0,0.0,110.19471486409505,0.09818219218576643,109.31768798828125,1.24353388832817,108.76878847394671,1.8085961398197572,0.003926507918933453
2024-03-14,109.5249210865684,110.12282935566436,107.33913165797121,109.83857727050781,10520500,0.0,0.0,109.7111587524414,108.5261245727539,67.17006908789867,2.5541905479826,2.9770693829555186,1.8963156324016444,-0.00391115075452364,0.0,0.0,0.0,0.0,0.0,0.0,0.0,0.0,0.0,7267900.0,8085000.0,8794300.0,0.0,0.0,0.0,0.0,0.0,0.0,0.0,0.0,0.0,0.0,0.0,0.0,0.0,0.0,0.0,0.0,0.0,0.0,0.0,0.0,0.0,0.0,0.0,0.0,110.11303202311198,0.23849154087986119,109.20426613943917,1.1351008140224568,109.07124274117606,1.578034283371213,0.0009825045222950912
2024-03-15,109.38770598540135,110.72074674650496,109.19167365859656,109.73076629638672,15364200,0.0,0.0,110.03069763183593,108.50162048339844,66.90418303674602,2.4183545566774285,2.865326417699901,1.8763249560423363,-0.0009815401546542368,0.0,0.0,0.0,0.0,0.0,0.0,0.0,0.0,0.0,10520500.0,7267900.0,8085000.0,0.0,0.0,0.0,0.0,0.0,0.0,0.0,0.0,0.0,0.0,0.0,0.0,0.0,0.0,0.0,0.0,0.0,0.0,0.0,0.0,0.0,0.0,0.0,0.0,109.94640096028645,0.285262653460061,109.46891566685268,0.9797321525011284,109.37019675118583,1.2129032396873052,-0.016688623042291573
2024-03-18,110.06402843838737,112.16160570938219,110.06402843838737,111.59310150146484,11820800,0.0,0.0,110.3325927734375,108.61189079284668,67.31822768263041,2.4329331034197423,2.7788477548438695,1.992357066550739,0.01697186001643236,0.0,0.0,0.0,0.0,0.0,0.0,0.0,0.0,0.0,15364200.0,10520500.0,7267900.0,0.0,0.0,0.0,0.0,0.0,0.0,0.0,0.0,0.0,0.0,0.0,0.0,0.0,0.0,0.0,0.0,0.0,0.0,0.0,0.0,0.0,0.0,0.0,0.0,110.38748168945312,1.0454879960440504,109.98280879429409,1.020856614900944,109.68035343715123,1.184122700322394,-0.005763712855309855
2024-03-19,111.16182802416341,112.88693339736545,110.99519232441978,112.24002075195312,10999700,0.0,0.0,110.73446502685547,108.86036567687988,65.36867696752392,2.4682354024343596,2.7167252843619676,2.121934460120361,0.005797125823945315,0.0,0.0,0.0,0.0,0.0,0.0,0.0,0.0,0.0,11820800.0,15364200.0,10520500.0,0.0,0.0,0.0,0.0,0.0,0.0,0.0,0.0,0.0,0.0,0.0,0.0,0.0,0.0,0.0,0.0,0.0,0.0,0.0,0.0,0.0,0.0,0.0,0.0,111.18796284993489,1.3027633998229255,110.56951577322823,0.9588876417262645,109.94010053362165,1.3207154622468749,-0.01674389874594029
2024-03-20,112.33803444509249,114.20037137662754,112.09299030878928,114.15135955810547,11699600,0.0,0.0,111.5107650756836,109.29115371704101,68.42900772782988,2.6202373317549927,2.697427693840573,2.2801025561251387,0.017029031118733773,0.0,0.0,0.0,0.0,0.0,0.0,0.0,0.0,0.0,10999700.0,11820800.0,15364200.0,0.0,0.0,0.0,0.0,0.0,0.0,0.0,0.0,0.0,0.0,0.0,0.0,0.0,0.0,0.0,0.0,0.0,0.0,0.0,0.0,0.0,0.0,0.0,0.0,112.66149393717448,1.3301882594158378,111.15062059674945,1.6200066446426615,110.28176280430385,1.7197719389460613,-0.002056509489837821
2024-03-21,114.67084876733648,115.0335167711962,113.56325199393466,114.3865966796875,10353500,0.0,0.0,112.42036895751953,109.73517303466797,68.11590158707729,2.728232262354581,2.7035886075433746,2.3672454022487597,0.00206074743649709,0.0,0.0,0.0,0.0,0.0,0.0,0.0,0.0,0.0,11699600.0,10999700.0,11820800.0,0.0,0.0,0.0,0.0,0.0,0.0,0.0,0.0,0.0,0.0,0.0,0.0,0.0,0.0,0.0,0.0,0.0,0.0,0.0,0.0,0.0,0.0,0.0,0.0,113.59265899658203,1.1773091316505264,111.74432591029576,1.9538142157820626,110.61432211739677,2.027630789188244,0.007163121291543728
2024-03-22,114.60223996848329,115.327575996825,113.54364750400097,113.57305908203125,7144800,0.0,0.0,113.18882751464844,110.13361511230468,58.93443768227085,2.716855123126919,2.7062419106600837,2.3051728926532937,-0.007112175912833307,0.0,0.0,0.0,0.8038,0.8038,1.0,1.0,1.0,0.0,10353500.0,11699600.0,10999700.0,0.0,0.0,0.0,0.0,0.0,0.0,0.0,0.0,0.0,0.0,0.0,0.0,0.0,0.0,0.0,0.0,0.0,0.0,0.0,0.0,0.0,0.0,0.0,0.0,114.03700510660808,0.4186508821603272,112.2162115914481,1.9371723609395082,110.76694978986468,2.1697060505941557,-0.02923919862376767
2024-03-25,114.65124476351744,117.04287778235795,114.55322861054842,116.99386596679688,12103600,0.0,0.0,114.26898040771485,110.70603790283204,71.82243746476529,2.9498649778087582,2.7549665240898187,2.5175246748483646,0.03011987977091346,0.0,0.0,0.0,0.0,0.0,0.0,0.0,0.0,0.0,7144800.0,10353500.0,11699600.0,0.0,0.0,0.0,0.0,0.0,0.0,0.0,0.0,0.0,0.8038,0.0,0.0,0.8038,0.0,0.0,1.0,0.0,0.0,1.0,0.0,0.0,1.0,0.0,0.0,114.98450724283855,1.7870653924412663,113.23839569091797,2.322880201016392,111.22133091517857,2.7324976184232863,-0.00475283671941007
2024-03-26,117.25851820091036,118.01325833357019,115.84706905144824,117.55257415771484,11870000,0.0,0.0,115.33149108886718,111.22112121582032,89.0737270132705,3.1433751757346187,2.8326482544187788,2.810240654925599,0.004775534053012009,0.0,0.0,0.0,0.928,0.928,1.0,231.0,1.0,0.0,12103600.0,7144800.0,10353500.0,0.0,0.0,0.0,0.0,0.0,0.0,0.0,0.0,0.0,0.0,0.8038,0.0,0.0,0.8038,0.0,0.0,1.0,0.0,0.0,1.0,0.0,0.0,1.0,0.0,116.03983306884766,2.15447653437578,114.35579681396484,2.2339505200106946,111.91235624040876,3.029192400750554,-0.008679159651873714
2024-03-27,118.56215650210926,119.61094512839195,117.64078813724558,118.5817642211914,10782800,0.0,0.0,116.21757202148437,111.72003135681152,89.82309292055972,3.341264422184807,2.934371487971984,3.1821940273631943,0.008755146970203631,0.0,0.0,0.0,0.0,0.0,0.0,0.0,0.0,0.0,11870000.0,12103600.0,7144800.0,0.0,0.0,0.0,0.0,0.0,0.0,0.0,0.0,0.0,0.928,0.0,0.8038,0.928,0.0,0.8038,1.0,0.0,1.0,231.0,0.0,1.0,1.0,0.0,1.0,117.7094014485677,0.8054820394925472,115.35417720249721,2.3520268171277596,112.66849299839565,3.2866357042075385,-0.011278150529114406
2024-03-28,118.84640590423851,121.28704340377038,118.79739408580008,119.93440246582031,15367400,0.0,0.0,117.32713317871094,112.2483470916748,90.67575186388193,3.5661315331097967,3.060723496999547,3.6183939552181297,0.011406798115314087,0.0,0.0,0.0,0.0,0.0,0.0,0.0,0.0,0.0,10782800.0,11870000.0,12103600.0,0.0,0.0,0.0,0.0,0.0,0.0,0.0,0.0,0.0,0.0,0.928,0.0,0.0,0.928,0.0,0.0,1.0,0.0,0.0,231.0,0.0,0.0,1.0,0.0,118.68958028157552,1.194568855060811,116.45337459019252,2.450001009368388,113.51144518171039,3.5377209499357334,0.006829642830059823
2024-04-01,119.64034196118872,119.97360586195711,118.38571722967937,119.120849609375,8419700,0.0,0.0,118.43669128417969,112.71785125732421,83.79768303546209,3.6367709900655285,3.175932995612744,3.874662063714435,-0.006783315209972107,0.0,0.0,0.0,0.0,0.0,0.0,0.0,0.0,0.0,15367400.0,10782800.0,11870000.0,0.0,0.0,0.0,0.0,0.0,0.0,0.0,0.0,0.0,0.0,0.0,0.928,0.0,0.0,0.928,0.0,0.0,1.0,0.0,0.0,231.0,0.0,0.0,1.0,119.21233876546223,0.6809443842708124,117.16330174037388,2.3910668307784815,114.15696116856166,3.6855529131135047,-0.010503171307382542
2024-04-02,117.83681940353716,121.08120120837607,117.77801120685709,120.3852767944336,15517100,0.0,0.0,119.11497344970704,113.16530151367188,85.04738160917361,3.7515365965732457,3.2910537158048445,4.22018863095295,0.01061465888805313,0.0,0.0,0.0,0.0,0.0,0.0,0.0,0.0,0.0,8419700.0,15367400.0,10782800.0,0.0,0.0,0.0,0.0,0.0,0.0,0.0,0.0,0.0,0.0,0.0,0.0,0.0,0.0,0.0,0.0,0.0,0.0,0.0,0.0,0.0,0.0,0.0,0.0,119.81350962320964,0.6408239509609989,118.02025604248047,2.303390293283131,114.88229097638812,3.849011137562449,0.03227426550954049
2024-04-03,119.84618075050727,121.23803710322646,116.03329465603787,116.62140655517578,22480400,0.0,0.0,118.92873992919922,113.46474533081054,67.43813881471513,3.4984483592630085,3.3325326444964776,4.243423699255035,-0.03126520401398325,0.0,0.0,0.0,-0.34,-0.34,1.0,1.0,0.0,0.0,15517100.0,8419700.0,15367400.0,0.0,0.0,0.0,0.0,0.0,0.0,0.0,0.0,0.0,0.0,0.0,0.0,0.0,0.0,0.0,0.0,0.0,0.0,0.0,0.0,0.0,0.0,0.0,0.0,118.7091776529948,1.9154073050517746,118.45573425292969,1.4540386996121324,115.3359729221889,3.6317186271331354,0.016141544789251894
2024-04-04,116.85664054095906,117.80741291817249,114.64143961367185,114.76885986328125,13815400,0.0,0.0,118.1661590576172,113.80927734375,62.556162724816055,3.1125099943900523,3.2885281144751923,4.040867858848133,-0.01588513418433224,0.0,0.0,0.0,0.0,0.0,0.0,0.0,0.0,0.0,22480400.0,15517100.0,8419700.0,0.0,0.0,0.0,0.0,0.0,0.0,0.0,0.0,0.0,-0.34,0.0,0.0,-0.34,0.0,0.0,1.0,0.0,0.0,1.0,0.0,0.0,0.0,0.0,0.0,117.25851440429688,2.8618987743617113,118.13787623814174,1.976280981030934,115.68813596452985,3.279609936699136,-0.01089723741982973
2024-04-05,114.28858916929758,116.50379036183195,113.99454067849287,116.0333023071289,9653900,0.0,0.0,117.38593902587891,114.21114997863769,65.15794178781971,2.875533635729397,3.2059292187260335,3.8262525346697243,0.011017295504668567,0.0,0.0,0.0,0.0,0.0,0.0,0.0,0.0,0.0,13815400.0,22480400.0,15517100.0,0.0,0.0,0.0,0.0,0.0,0.0,0.0,0.0,0.0,0.0,-0.34,0.0,0.0,-0.34,0.0,0.0,1.0,0.0,0.0,1.0,0.0,0.0,0.0,0.0,115.80785624186198,0.9466265143504085,117.92083740234375,2.128811523203412,116.1383171081543,2.7958422558086085,0.008777234971665715
2024-04-08,115.68042862631866,116.17051688219354,114.50421980348028,115.02371215820312,6266000,0.0,0.0,116.56651153564454,114.55568199157715,58.60371190862241,2.5765616774828857,3.080055710477404,3.5504420682647666,-0.008700865431318094,0.0,0.0,0.0,0.0,0.0,0.0,0.0,0.0,0.0,9653900.0,13815400.0,22480400.0,0.0,0.0,0.0,0.0,0.0,0.0,0.0,0.0,0.0,0.0,0.0,-0.34,0.0,0.0,-0.34,0.0,0.0,1.0,0.0,0.0,1.0,0.0,0.0,0.0,115.2752914428711,0.668709784440906,117.41254425048828,2.3572232227327277,116.38336072649274,2.501695594014784,-0.005255593775736478
2024-04-09,115.0531159213108,116.16072016237402,114.57283152583788,115.63142395019531,7451100,0.0,0.0,115.61574096679688,114.83307189941407,58.52214210177998,2.361440295568542,2.9363326274956316,3.39602065601065,0.00528336097479043,0.0,0.0,0.0,0.0,0.0,0.0,0.0,0.0,0.0,6266000.0,9653900.0,13815400.0,0.0,0.0,0.0,0.0,0.0,0.0,0.0,0.0,0.0,0.0,0.0,0.0,0.0,0.0,0.0,0.0,0.0,0.0,0.0,0.0,0.0,0.0,0.0,0.0,115.56281280517578,0.5082801236702781,116.79783303397042,2.1411266286166915,116.62560381208148,2.217705844789598,0.006655825685632832
2024-04-10,114.28858191222362,115.22955048372633,114.06314549807011,114.86688995361328,6746300,0.0,0.0,115.26483764648438,115.06488342285157,51.908000312486784,2.104998434847701,2.770065788966046,3.2189437758057875,-0.006611818573741046,0.0,0.0,0.0,0.0,0.0,0.0,0.0,0.0,0.0,7451100.0,6266000.0,9653900.0,0.0,0.0,0.0,0.0,0.0,0.0,0.0,0.0,0.0,0.0,0.0,0.0,0.0,0.0,0.0,0.0,0.0,0.0,0.0,0.0,0.0,0.0,0.0,0.0,115.17400868733723,0.4038190720921353,116.19012451171875,1.9686504291214562,116.67671312604632,2.1638901813841698,0.00034137958413205105
2024-04-11,115.25896274313746,115.93528698978675,114.0631535734233,114.82769012451172,6559400,0.0,0.0,115.27660369873047,115.2927749633789,51.18862635787943,1.8769668090571798,2.591445992984273,3.016583070255324,-0.0003412630838824926,0.0,0.0,0.0,0.0,0.0,0.0,0.0,0.0,0.0,6746300.0,7451100.0,6266000.0,0.0,0.0,0.0,0.0,0.0,0.0,0.0,0.0,0.0,0.0,0.0,0.0,0.0,0.0,0.0,0.0,0.0,0.0,0.0,0.0,0.0,0.0,0.0,0.0,115.10866800944011,0.4531440023294528,115.39618355887276,0.7185675798087108,116.70821980067662,2.1309410102085775,0.027541552749089426
2024-04-12,114.08274105985384,114.38659337871023,111.47547548539045,111.74992370605469,12155200,0.0,0.0,114.41992797851563,115.38834228515626,45.62145950616868,1.4313997889847911,2.3594367521843767,2.860958206008669,-0.026803346955074137,0.0,0.0,0.0,0.0,0.0,0.0,0.0,0.0,0.0,6559400.0,6746300.0,7451100.0,0.0,0.0,0.0,0.0,0.0,0.0,0.0,0.0,0.0,0.0,0.0,0.0,0.0,0.0,0.0,0.0,0.0,0.0,0.0,0.0,0.0,0.0,0.0,0.0,113.81483459472656,1.7883726933354145,114.70025743756976,1.3845506828288516,116.57799584524972,2.378588401473604,0.009384744908777831
2024-04-15,112.602670766663,113.25939468837228,110.53449780596243,110.71092987060547,9637100,0.0,0.0,113.5573715209961,115.43735046386719,32.96122605465453,0.9831138714109073,2.084172176029683,2.765754299601496,-0.009297490333704195,0.0,0.0,0.0,0.0,0.0,0.0,0.0,0.0,0.0,12155200.0,6559400.0,6746300.0,0.0,0.0,0.0,0.0,0.0,0.0,0.0,0.0,0.0,0.0,0.0,0.0,0.0,0.0,0.0,0.0,0.0,0.0,0.0,0.0,0.0,0.0,0.0,0.0,112.4295145670573,2.140867009135522,114.12055315290179,2.043669587613591,116.12921469552177,2.8417184412989283,-0.008166522949459853
2024-04-16,110.58351285759355,112.23020968307395,110.28945691519755,111.62249755859375,9291400,0.0,0.0,112.75558624267578,115.43882026672364,34.220152530790585,0.693406784360235,1.8060190976957935,2.763610809935475,0.00823376417354349,0.0,0.0,0.0,0.0,0.0,0.0,0.0,0.0,0.0,9637100.0,12155200.0,6559400.0,0.0,0.0,0.0,0.0,0.0,0.0,0.0,0.0,0.0,0.0,0.0,0.0,0.0,0.0,0.0,0.0,0.0,0.0,0.0,0.0,0.0,0.0,0.0,0.0,111.36111704508464,0.566671754332004,113.49043818882534,2.035594534347972,115.70563779558454,3.047728433117918,0.008322915101634631
2024-04-17,111.74012610185099,111.94596227887071,110.6521295389228,110.70114135742188,7379000,0.0,0.0,111.9224365234375,115.36187629699707,28.908736956923903,0.38502772535969143,1.521820823228573,2.876476509546227,-0.008254215962944511,0.0,0.0,0.0,0.0,0.0,0.0,0.0,0.0,0.0,9291400.0,9637100.0,12155200.0,0.0,0.0,0.0,0.0,0.0,0.0,0.0,0.0,0.0,0.0,0.0,0.0,0.0,0.0,0.0,0.0,0.0,0.0,0.0,0.0,0.0,0.0,0.0,0.0,111.0115229288737,0.5291421853995202,112.87292807442802,2.145611304050942,115.14273616245815,3.199630961050891,0.004536184451469971
2024-04-18,110.9363805704606,111.98516916416295,109.96600789434339,110.20124816894531,8235600,0.0,0.0,110.99714813232421,115.16437072753907,22.70484248218399,0.09915490084705425,1.2372876387522693,3.09154013730696,-0.004515700401521161,0.0,0.0,0.0,0.5426,0.5426,1.0,1.0,1.0,0.0,7379000.0,9291400.0,9637100.0,0.0,0.0,0.0,0.0,0.0,0.0,0.0,0.0,0.0,0.0,0.0,0.0,0.0,0.0,0.0,0.0,0.0,0.0,0.0,0.0,0.0,0.0,0.0,0.0,110.84162902832031,0.720964663593502,112.09718867710659,1.9552518994264045,114.44751085553851,3.1351702220234805,-0.001598418737048024
2024-04-19,109.50532141765873,110.48549793234862,108.87800904650948,110.37767791748047,9436000,0.0,0.0,110.72269897460937,114.96392478942872,24.572463436898275,-0.11187533671812844,0.9674550436581898,3.2694656902706094,0.0016009777699130812,0.0,0.0,0.0,0.0,0.0,0.0,0.0,0.0,0.0,8235600.0,7379000.0,9291400.0,0.0,0.0,0.0,0.0,0.0,0.0,0.0,0.0,0.0,0.5426,0.0,0.0,0.5426,0.0,0.0,1.0,0.0,0.0,1.0,0.0,0.0,1.0,0.0,0.0,110.42668914794922,0.25352490115566245,111.45587267194476,1.5991939898644538,113.82299859183175,3.000564399013154,0.005536230113230234
2024-04-22,110.85796265840884,111.3872588753556,109.53472585511861,109.76996612548828,6901700,0.0,0.0,110.53450622558594,114.77377014160156,17.90167374441485,-0.32441591836862926,0.709080851252826,3.459679293641479,-0.005505749019711348,0.0,0.0,0.0,0.0,0.0,0.0,0.0,0.0,0.0,9436000.0,8235600.0,7379000.0,0.0,0.0,0.0,0.0,0.0,0.0,0.0,0.0,0.0,0.0,0.5426,0.0,0.0,0.5426,0.0,0.0,1.0,0.0,0.0,1.0,0.0,0.0,1.0,0.0,110.11629740397136,0.3126353784914024,110.73334067208427,0.7260956109565553,113.06476211547852,2.5169989528435766,-0.015126214820384232
2024-04-23,110.59331893354666,111.97536394294546,110.56391483434825,111.45587158203125,6839300,0.0,0.0,110.50118103027344,114.49687042236329,32.135633218697905,-0.3527510850273359,0.49671446399679375,3.4940881784014226,0.015358531263603092,0.0,0.0,0.0,0.0,0.0,0.0,0.0,0.0,0.0,6901700.0,9436000.0,8235600.0,0.0,0.0,0.0,0.0,0.0,0.0,0.0,0.0,0.0,0.0,0.0,0.5426,0.0,0.0,0.5426,0.0,0.0,1.0,0.0,0.0,1.0,0.0,0.0,1.0,110.53450520833333,0.8538239874049904,110.6913332257952,0.6632679812323633,112.69579533168248,2.3269588394191842,-0.001843298198749621
2024-04-24,110.89716096690417,111.91654535400994,110.89716096690417,111.66169738769531,6157200,0.0,0.0,110.69329223632812,114.2023265838623,37.8730003323102,-0.35451189395169536,0.326469192407096,3.471160515270893,0.0018467022216284157,0.0,0.0,0.0,0.0,0.0,0.0,0.0,0.0,0.0,6839300.0,6901700.0,9436000.0,0.0,0.0,0.0,0.0,0.0,0.0,0.0,0.0,0.0,0.0,0.0,0.0,0.0,0.0,0.0,0.0,0.0,0.0,0.0,0.0,0.0,0.0,0.0,0.0,110.96251169840495,1.0378895765842822,110.82715715680804,0.7584668841518999,112.47385515485492,2.2612750749706634,0.010197696324497407
2024-04-25,109.01523104073212,110.65212399368134,108.20168275460051,110.53450012207031,8045900,0.0,0.0,110.75994262695312,113.79996337890626,28.306218828352385,-0.441770293712068,0.17282129518326322,3.4025200033694674,-0.01009475309793395,0.0,0.0,0.0,0.0,0.0,0.0,0.0,0.0,0.0,6157200.0,6839300.0,6901700.0,0.0,0.0,0.0,0.0,0.0,0.0,0.0,0.0,0.0,0.0,0.0,0.0,0.0,0.0,0.0,0.0,0.0,0.0,0.0,0.0,0.0,0.0,0.0,0.0,111.2173563639323,0.6002587365939311,110.6717289515904,0.675229390967579,112.08108357020787,2.064450107569282,0.0003546956015052505
2024-04-26,109.6327477555577,110.77955254662012,109.11325537045184,110.49530792236328,6304800,0.0,0.0,110.7834686279297,113.3280086517334,30.65327746968167,-0.5082271608090991,0.036611603984790755,3.152278078324723,-0.00035456983714354795,0.0,0.0,0.0,0.0,0.0,0.0,0.0,0.0,0.0,8045900.0,6157200.0,6839300.0,0.0,0.0,0.0,0.0,0.0,0.0,0.0,0.0,0.0,0.0,0.0,0.0,0.0,0.0,0.0,0.0,0.0,0.0,0.0,0.0,0.0,0.0,0.0,0.0,110.8971684773763,0.6623913859383109,110.64232417515346,0.6782102901944965,111.75762612479073,1.9174558572559381,0.005799505143710748
2024-04-29,110.7991533647809,111.62249804201024,108.15267230621531,109.85818481445312,7151200,0.0,0.0,110.80111236572266,112.8648754119873,25.396793399521925,-0.6053273796977692,-0.09177619275172123,2.928922091331671,-0.005766064821121741,0.0,0.0,0.0,0.0,0.0,0.0,0.0,0.0,0.0,6304800.0,8045900.0,6157200.0,0.0,0.0,0.0,0.0,0.0,0.0,0.0,0.0,0.0,0.0,0.0,0.0,0.0,0.0,0.0,0.0,0.0,0.0,0.0,0.0,0.0,0.0,0.0,0.0,110.2959976196289,0.3796630695919851,110.59331512451172,0.7261001389601217,111.34525190080915,1.6176220255879206,0.008820866297850838
2024-04-30,109.77977391858138,109.81898187807359,108.60356504642945,108.89761352539062,8156600,0.0,0.0,110.28946075439453,112.29049224853516,24.97942147317309,-0.7511315015477606,-0.22364725451092915,2.466379375770801,-0.008743738945667712,0.0,0.0,0.0,0.0,0.0,0.0,0.0,0.0,0.0,7151200.0,6304800.0,8045900.0,0.0,0.0,0.0,0.0,0.0,0.0,0.0,0.0,0.0,0.0,0.0,0.0,0.0,0.0,0.0,0.0,0.0,0.0,0.0,0.0,0.0,0.0,0.0,0.0,109.75036875406902,0.8042854429166587,110.38187735421317,0.9729072809566446,110.91887501307896,1.3884399315576768,0.0056118263111821776
2024-05-01,109.08384998135736,109.76997058034466,108.02525750450239,108.28990936279297,6338400,0.0,0.0,109.61510314941407,111.87391738891601,23.843097657075106,-0.9052834219332055,-0.35997448799538445,2.3990641782975706,-0.0055805094613571304,0.0,0.0,0.0,0.0,0.0,0.0,0.0,0.0,0.0,8156600.0,7151200.0,6304800.0,0.0,0.0,0.0,0.0,0.0,0.0,0.0,0.0,0.0,0.0,0.0,0.0,0.0,0.0,0.0,0.0,0.0,0.0,0.0,0.0,0.0,0.0,0.0,0.0,109.0152359008789,0.7907264005218408,110.17044067382812,1.2495497789625067,110.4518906729562,1.0243397252794029,-0.01900190397096968
2024-05-02,109.22106924488298,110.63252581793235,108.3683129856401,110.38748168945312,6799800,0.0,0.0,109.58569946289063,111.65484848022462,44.08510548092758,-0.8484133913684673,-0.45766226867000104,2.3195240564876296,0.019369970286269966,0.0,0.0,0.0,0.0,0.0,0.0,0.0,0.0,0.0,6338400.0,8156600.0,7151200.0,0.0,0.0,0.0,0.0,0.0,0.0,0.0,0.0,0.0,0.0,0.0,0.0,0.0,0.0,0.0,0.0,0.0,0.0,0.0,0.0,0.0,0.0,0.0,0.0,109.19166819254558,1.0792606389792767,110.01781354631696,1.1254596692732979,110.35457338605609,0.9538264617092439,-0.009150120723958932
2024-05-03,111.28924410523061,111.84794442816256,110.56391556696798,111.40686798095703,7411100,0.0,0.0,109.76801147460938,111.42352676391602,53.02649250958199,-0.7128700063745015,-0.5087038162109011,2.078006215593235,0.009234618598979338,0.0,0.0,0.0,0.0,0.0,0.0,0.0,0.0,0.0,6799800.0,6338400.0,8156600.0,0.0,0.0,0.0,0.0,0.0,0.0,0.0,0.0,0.0,0.0,0.0,0.0,0.0,0.0,0.0,0.0,0.0,0.0,0.0,0.0,0.0,0.0,0.0,0.0,110.02808634440105,1.589255019614931,109.98140934535435,1.0659735831997894,110.4042832510812,0.9912285666936432,-0.024126377734584814
2024-05-06,112.52427029558223,114.62184750248016,111.88715404605074,114.16116333007812,16303200,0.0,0.0,110.62860717773438,111.38039932250976,59.51512191439399,-0.3788353035989189,-0.4827301136885047,2.0070953925346577,0.024722850566016197,0.0,0.0,0.0,0.0,0.0,1.0,68.0,0.0,0.0,7411100.0,6799800.0,6338400.0,0.0,0.0,0.0,0.0,0.0,0.0,0.0,0.0,0.0,0.0,0.0,0.0,0.0,0.0,0.0,0.0,0.0,0.0,0.0,0.0,0.0,0.0,0.0,0.0,111.98517100016277,1.9521767511460124,110.49950408935547,1.9193435032008137,110.58561652047294,1.3851603682018796,0.1051333460808963
2024-05-07,105.1239330864669,105.74144160966475,102.14419553097325,103.3008041381836,55084600,0.0,0.0,109.50924530029297,110.76386833190918,34.10523631813484,-0.9791634315059383,-0.5820167772519915,2.4724444019072327,-0.09513181957066785,0.0,0.0,0.0,0.0504,-0.5099323442136499,2.0,674.0,0.5,0.0,16303200.0,7411100.0,6799800.0,0.0,0.0,0.0,0.0,0.0,0.0,0.0,0.0,0.0,0.0,0.0,0.0,0.0,0.0,0.0,1.0,0.0,0.0,68.0,0.0,0.0,0.0,0.0,0.0,109.62294514973958,5.645674091288545,109.47171783447266,3.3299181215853397,110.05702100481305,2.3872427059432124,-0.00047422658950990737
2024-05-08,102.82051914685391,104.36919985380266,102.3696388419486,103.34981536865234,15238100,0.0,0.0,108.52122650146484,110.18801460266113,34.9935447733385,-1.4344376964497627,-0.7525009610915459,2.7876408593530533,0.00047445158706782564,0.0,0.0,0.0,0.0,0.0,0.0,0.0,0.0,0.0,55084600.0,16303200.0,7411100.0,0.0,0.0,0.0,0.0,0.0,0.0,0.0,0.0,0.0,0.0504,0.0,0.0,-0.5099323442136499,0.0,0.0,2.0,1.0,0.0,674.0,68.0,0.0,0.5,0.0,0.0,106.93726094563802,6.256130974501584,108.54195077078683,4.037474328177808,109.56763294764927,2.9832720441975433,-0.0034026807983627005
2024-05-09,102.54607386125994,104.02613507482317,102.32062996325526,103.70268249511719,15096000,0.0,0.0,107.18426666259765,109.6317642211914,35.49211929260184,-1.7466382449760829,-0.9513284178684533,2.919918379476946,0.003414298566535079,0.0,0.0,0.0,0.0,0.0,0.0,0.0,0.0,0.0,15238100.0,55084600.0,16303200.0,0.0,0.0,0.0,0.0,0.0,0.0,0.0,0.0,0.0,0.0,0.0504,0.0,0.0,-0.5099323442136499,0.0,0.0,2.0,1.0,0.0,674.0,68.0,0.0,0.5,0.0,103.4511006673177,0.21925005641446052,107.79981776646206,4.420480467481268,109.09084756033761,3.3541912684067716,9.461982548741865e-05
2024-05-10,104.80046782804365,104.89848398076957,103.33020310269572,103.69287109375,15884600,0.0,0.0,105.64146728515625,109.22891159057617,36.439185850964975,-1.9721177808823853,-1.1554862904712397,3.1583689215639805,-9.461087342310659e-05,0.0,0.0,0.0,0.0,0.0,0.0,0.0,0.0,0.0,15096000.0,15238100.0,55084600.0,0.0,0.0,0.0,0.0,0.0,0.0,0.0,0.0,0.0,0.0,0.0,0.0504,0.0,0.0,-0.5099323442136499,0.0,0.0,2.0,0.0,0.0,674.0,0.0,0.0,0.5,103.58178965250652,0.20095551044191615,107.14309801374164,4.669970391496304,108.65676934378487,3.6405494215617287,-0.0003779685035072422
2024-05-13,103.49683081305008,104.5260191071117,103.49683081305008,103.7320785522461,9666400,0.0,0.0,103.55565032958984,108.87996902465821,31.397526929653807,-2.123173599722321,-1.349023752321456,3.3647880017060383,0.0003781114177139333,0.0,0.0,0.0,0.0,0.0,0.0,0.0,0.0,0.0,15884600.0,15096000.0,15238100.0,0.0,0.0,0.0,0.0,0.0,0.0,0.0,0.0,0.0,0.0,0.0,0.0,0.0,0.0,0.0,0.0,0.0,0.0,0.0,0.0,0.0,0.0,0.0,0.0,103.70921071370442,0.020402681916993418,106.19232613699776,4.575896978461146,108.10506984165737,3.766790048098271,0.004556213419961042
2024-05-14,103.21259233972849,103.88890906512961,102.86952456924782,103.2615966796875,11278400,0.0,0.0,103.54780883789063,108.4619239807129,30.023332946265285,-2.254857782667429,-1.5301905583906508,3.521838481487313,-0.004535548493050046,0.0,0.0,0.0,0.0,0.0,0.0,0.0,0.0,0.0,9666400.0,15884600.0,15096000.0,0.0,0.0,0.0,0.0,0.0,0.0,0.0,0.0,0.0,0.0,0.0,0.0,0.0,0.0,0.0,0.0,0.0,0.0,0.0,0.0,0.0,0.0,0.0,0.0,103.5621821085612,0.2610517309641016,105.02871595110211,4.03222037264498,107.50506264822823,3.8252471652976667,0.025104669376253996
2024-05-15,103.52624366178468,103.78108416515035,99.38009381485858,100.73273468017578,20745600,0.0,0.0,103.0243927001953,107.96350364685058,28.146858678017423,-2.534065347241679,-1.7309655161608566,3.8758455491961574,-0.024489859549200355,0.0,0.0,0.0,0.0,0.0,0.0,0.0,0.0,0.0,11278400.0,9666400.0,15884600.0,0.0,0.0,0.0,0.0,0.0,0.0,0.0,0.0,0.0,0.0,0.0,0.0,0.0,0.0,0.0,0.0,0.0,0.0,0.0,0.0,0.0,0.0,0.0,0.0,102.57546997070312,1.61310052734424,103.11036900111607,1.068197984783477,106.80493654523578,4.11420773979726,-0.005804450884714707
2024-05-16,100.99738652085976,101.96775915297889,100.80134673578564,101.32084655761719,9476700,0.0,0.0,102.54802551269532,107.51948356628418,30.034133319519285,-2.6770245674713067,-1.9201773264229467,4.1077315530293586,0.005838339238070311,0.0,0.0,0.0,0.0,0.0,0.0,0.0,0.0,0.0,20745600.0,11278400.0,9666400.0,0.0,0.0,0.0,0.0,0.0,0.0,0.0,0.0,0.0,0.0,0.0,0.0,0.0,0.0,0.0,0.0,0.0,0.0,0.0,0.0,0.0,0.0,0.0,0.0,101.77172597249348,1.3233498925883254,102.82751791817802,1.255147633859179,106.14961787632534,4.210713218614207,0.0011622394092563049
2024-05-17,101.57568856204418,101.76192449107845,100.99738801337415,101.2032241821289,7356000,0.0,0.0,102.05009613037109,107.06076087951661,30.72895202211096,-2.7679052335879106,-2.08972290785594,4.28039004196017,-0.0011608901769429858,0.0,0.0,0.0,0.0,0.0,0.0,0.0,0.0,0.0,9476700.0,20745600.0,11278400.0,0.0,0.0,0.0,0.0,0.0,0.0,0.0,0.0,0.0,0.0,0.0,0.0,0.0,0.0,0.0,0.0,0.0,0.0,0.0,0.0,0.0,0.0,0.0,0.0,101.08560180664062,0.3111995541594997,102.52086203438895,1.363796428690401,105.53140640258789,4.259416007263519,0.0034013762389142332
2024-05-20,101.2816370112406,101.61489342340725,100.48768898091748,100.86016082763672,7667400,0.0,0.0,101.47571258544922,106.61527061462402,31.59785312799029,-2.8349318323728028,-2.2387646927593123,4.44410582878407,-0.0033898460969464805,0.0,0.0,0.0,0.0,0.0,0.0,0.0,0.0,0.0,7356000.0,9476700.0,20745600.0,0.0,0.0,0.0,0.0,0.0,0.0,0.0,0.0,0.0,0.0,0.0,0.0,0.0,0.0,0.0,0.0,0.0,0.0,0.0,0.0,0.0,0.0,0.0,0.0,101.12807718912761,0.23935985120794884,102.11478751046317,1.376383997854075,104.95730263846261,4.312138273598766,-0.0010679249537330904
2024-05-21,100.94837934206221,101.64430378519764,100.6837349677473,100.96798706054688,7333300,0.0,0.0,101.0169906616211,106.0908763885498,32.84338210082174,-2.8465371110476383,-2.3603191764169775,4.461602635464604,0.0010690666366715007,0.0,0.0,0.0,0.0,0.0,0.0,0.0,0.0,0.0,7667400.0,7356000.0,9476700.0,0.0,0.0,0.0,0.0,0.0,0.0,0.0,0.0,0.0,0.0,0.0,0.0,0.0,0.0,0.0,0.0,0.0,0.0,0.0,0.0,0.0,0.0,0.0,0.0,101.01045735677083,0.17543064397476413,101.72551836286273,1.2336049913745548,104.43430818830218,4.32086192301444,-9.70128504249601e-05
2024-05-22,100.93858272255528,101.77173128050141,100.71313882943518,100.977783203125,7190300,0.0,0.0,101.06600036621094,105.55668067932129,25.56011585159962,-2.8224089378259976,-2.4527371286987814,4.398650736078454,9.70222628311479e-05,0.0,0.0,0.0,0.0,0.0,0.0,0.0,0.0,0.0,7333300.0,7667400.0,7356000.0,0.0,0.0,0.0,0.0,0.0,0.0,0.0,0.0,0.0,0.0,0.0,0.0,0.0,0.0,0.0,0.0,0.0,0.0,0.0,0.0,0.0,0.0,0.0,0.0,100.93531036376953,0.0652654632145824,101.33204759870257,0.873668227285829,103.76218686785016,4.046754180037773,0.02344510941865563
2024-05-23,100.93859073828341,100.96799484012249,98.28230554045794,98.66458129882812,10504000,0.0,0.0,100.53474731445313,104.96318473815919,18.98859593190906,-2.955869820826166,-2.5533636671242586,4.491465805072276,-0.022908028191148566,0.0,0.0,0.0,0.0,0.0,0.0,0.0,0.0,0.0,7190300.0,7333300.0,7667400.0,0.0,0.0,0.0,0.0,0.0,0.0,0.0,0.0,0.0,0.0,0.0,0.0,0.0,0.0,0.0,0.0,0.0,0.0,0.0,0.0,0.0,0.0,0.0,0.0,100.20345052083333,1.3327088402682195,100.67533111572266,0.9085756306920102,102.85202353341239,3.6038198025338404,-0.010809666344487767
2024-05-24,98.85080308833375,100.06621991050544,98.69397872974075,99.74276733398438,6451600,0.0,0.0,100.24265594482422,104.42555770874023,11.79223005757909,-2.940738922129185,-2.630838718125244,4.43763540032365,0.010927792131309122,0.0,0.0,0.0,0.3182,0.3182,1.0,5121.0,1.0,0.0,10504000.0,7190300.0,7333300.0,0.0,0.0,0.0,0.0,0.0,0.0,0.0,0.0,0.0,0.0,0.0,0.0,0.0,0.0,0.0,0.0,0.0,0.0,0.0,0.0,0.0,0.0,0.0,0.0,99.7950439453125,1.1574866718801373,100.53390720912388,0.9729194081404675,101.82213810511998,1.6585271138569613,-0.006638023117966685
2024-05-28,99.3506940479361,100.82095884839512,98.9488180796303,100.40928649902344,7813100,0.0,0.0,100.15248107910156,103.95311279296875,33.33336265042969,-2.8422019151454947,-2.673111357529294,4.330506620230951,0.0066823809169767046,0.0,0.0,0.0,0.0,0.0,0.0,0.0,0.0,0.0,6451600.0,10504000.0,7190300.0,0.0,0.0,0.0,0.0,0.0,0.0,0.0,0.0,0.0,0.3182,0.0,0.0,0.3182,0.0,0.0,1.0,0.0,0.0,5121.0,0.0,0.0,1.0,0.0,0.0,99.60554504394531,0.8804098628254543,100.4036843436105,0.9089356292462131,101.61560113089425,1.6401629739750856,0.015463919514380198
2024-05-29,99.7427710544378,100.05642726147691,98.77239085421823,98.88021087646484,7376300,0.0,0.0,99.73492584228515,103.45224266052246,27.992288435357793,-2.854588333523097,-2.7094067527280545,4.307773223392888,-0.01522842832444049,0.0,0.0,0.0,0.0,0.0,0.0,0.0,0.0,0.0,7813100.0,6451600.0,10504000.0,0.0,0.0,0.0,0.0,0.0,0.0,0.0,0.0,0.0,0.0,0.3182,0.0,0.0,0.3182,0.0,0.0,1.0,0.0,0.0,5121.0,0.0,0.0,1.0,0.0,99.67742156982422,0.7666293866964103,100.0718252999442,0.9889201472949601,101.29634366716657,1.710142949111105,-0.00806282123049118
2024-05-30,99.13504826813372,100.0466126907099,98.96842006182969,99.68394470214844,7300600,0.0,0.0,99.47615814208984,103.02194442749024,31.053519067912433,-2.7676463523282564,-2.721054672648095,4.228196154721632,0.008128358733859642,0.0,0.0,0.0,0.0,0.0,0.0,0.0,0.0,0.0,7376300.0,7813100.0,6451600.0,0.0,0.0,0.0,0.0,0.0,0.0,0.0,0.0,0.0,0.0,0.0,0.3182,0.0,0.0,0.3182,0.0,0.0,1.0,0.0,0.0,5121.0,0.0,0.0,1.0,99.6578140258789,0.7648726521833459,99.90379442487445,0.9308702179002571,101.0092909676688,1.6094774622306962,-0.021268489738572427
2024-05-31,99.50751472397003,102.01677164241558,99.39970218915882,101.85014343261719,14735800,0.0,0.0,100.11327056884765,102.59507751464844,42.78034776765592,-2.495187108194301,-2.675881159757336,3.8604123240502073,0.021730668232896155,0.0,0.0,0.0,0.0,0.0,0.0,0.0,0.0,0.0,7300600.0,7376300.0,7813100.0,0.0,0.0,0.0,0.0,0.0,0.0,0.0,0.0,0.0,0.0,0.0,0.0,0.0,0.0,0.0,0.0,0.0,0.0,0.0,0.0,0.0,0.0,0.0,0.0,100.13809967041016,1.536169716672452,100.02981676374164,1.1360540817752496,100.87766756330218,1.439506181492176,0.011092806682843959
2024-06-03,102.1049832630769,102.15399507888354,100.44849007858738,100.73273468017578,6908600,0.0,0.0,100.31126403808594,102.06137084960938,39.164288927305115,-2.342424727848851,-2.609189873375639,3.2708979649626664,-0.010971106321324586,0.0,0.0,0.0,0.0,0.0,0.0,0.0,0.0,0.0,14735800.0,7300600.0,7376300.0,0.0,0.0,0.0,0.0,0.0,0.0,0.0,0.0,0.0,0.0,0.0,0.0,0.0,0.0,0.0,0.0,0.0,0.0,0.0,0.0,0.0,0.0,0.0,0.0,100.75560760498047,1.0832804867569927,99.99480983189174,1.1053346469443301,100.66342871529716,1.1822105134707122,-0.005419584673270528
2024-06-04,100.08582257781909,101.43846344979913,99.61533456947858,101.2816390991211,7269100,0.0,0.0,100.48573455810546,101.41739463806152,42.88732228377917,-2.152257556233849,-2.5178034099472812,1.608948541231139,0.005449116622199046,0.0,0.0,0.0,0.0,0.0,0.0,0.0,0.0,0.0,6908600.0,14735800.0,7300600.0,0.0,0.0,0.0,0.0,0.0,0.0,0.0,0.0,0.0,0.0,0.0,0.0,0.0,0.0,0.0,0.0,0.0,0.0,0.0,0.0,0.0,0.0,0.0,0.0,101.28817240397136,0.5587330248543443,100.3686752319336,1.0196880521182814,100.52200317382812,0.941389023266857,0.01802956730326799
2024-06-05,100.95817979333435,101.03659570831897,99.02723088621946,99.4879150390625,10796900,0.0,0.0,100.607275390625,101.22675018310547,45.27882701735157,-2.121828129631524,-2.43860835388413,1.5999070165738278,-0.01771025899672829,0.0,0.0,0.0,0.0,0.0,0.0,0.0,0.0,0.0,7269100.0,6908600.0,14735800.0,0.0,0.0,0.0,0.0,0.0,0.0,0.0,0.0,0.0,0.0,0.0,0.0,0.0,0.0,0.0,0.0,0.0,0.0,0.0,0.0,0.0,0.0,0.0,0.0,100.50076293945312,0.9190863219955013,100.33226776123047,1.0498636129649306,100.43308748517718,0.9780286026065615,0.002865223739089373
2024-06-06,99.04684994663116,99.90940267577945,98.81160217473736,99.20367431640625,10294700,0.0,0.0,100.51122131347657,101.01944313049316,41.780845450205014,-2.096481506840078,-2.3701829844753197,1.5788112228583508,-0.0028570376868853886,0.0,0.0,0.0,0.0,0.0,0.0,0.0,0.0,0.0,10796900.0,7269100.0,6908600.0,0.0,0.0,0.0,0.0,0.0,0.0,0.0,0.0,0.0,0.0,0.0,0.0,0.0,0.0,0.0,0.0,0.0,0.0,0.0,0.0,0.0,0.0,0.0,0.0,99.99107615152995,1.1266599923561331,100.16003744942802,1.1308868165124595,100.28186089651925,0.9937569409887651,-0.0032498496192360227
2024-06-07,98.8606021798376,100.24264715328434,98.55674985848721,99.5271224975586,6047800,0.0,0.0,100.04661712646484,100.81066513061523,43.595491860627824,-2.0269293804375934,-2.3015322636677746,1.4781876348029286,0.0032604455770530727,0.0,0.0,0.0,0.0,0.0,0.0,0.0,0.0,0.0,10294700.0,10796900.0,7269100.0,0.0,0.0,0.0,0.0,0.0,0.0,0.0,0.0,0.0,0.0,0.0,0.0,0.0,0.0,0.0,0.0,0.0,0.0,0.0,0.0,0.0,0.0,0.0,0.0,99.40623728434245,0.1765166371345799,100.25245339529855,1.0308790973929,100.16213934762138,0.9750045920180972,-0.01168001122476281
2024-06-10,99.24287762886077,100.8111586439083,98.64496932341237,100.70333862304688,7621900,0.0,0.0,100.04073791503906,100.66118850708008,49.43664033178336,-1.8555088568019613,-2.2123275822946122,1.313358041046131,0.011818046136289562,0.0,0.0,0.0,0.0,0.0,0.0,0.0,0.0,0.0,6047800.0,10294700.0,10796900.0,0.0,0.0,0.0,0.0,0.0,0.0,0.0,0.0,0.0,0.0,0.0,0.0,0.0,0.0,0.0,0.0,0.0,0.0,0.0,0.0,0.0,0.0,0.0,0.0,99.8113784790039,0.7892080558345085,100.39808109828404,1.0089527276609347,100.15093776157924,0.967238234104359,0.018538727332411353
2024-06-11,100.60531623414907,100.84055650230606,98.74297937236913,98.87040710449219,9134200,0.0,0.0,99.55849151611328,100.41810493469238,43.295718569123835,-1.8462763869800938,-2.1391173432317085,1.1554907236114789,-0.018201298423836,0.0,0.0,0.0,0.0,0.0,0.0,0.0,0.0,0.0,7621900.0,6047800.0,10294700.0,0.0,0.0,0.0,0.0,0.0,0.0,0.0,0.0,0.0,0.0,0.0,0.0,0.0,0.0,0.0,0.0,0.0,0.0,0.0,0.0,0.0,0.0,0.0,0.0,99.70028940836589,0.9286547109540964,99.97240447998047,0.918768411593451,100.00111062186105,0.9930552010888064,0.0006943548916422682
2024-06-12,99.19386824363613,99.67416015858977,98.262703471329,98.80180358886719,9041800,0.0,0.0,99.42126922607422,100.19511528015137,43.071184523531876,-1.8234754288278765,-2.0759889603509425,0.997378523158729,-0.0006938730974628271,0.0,0.0,0.0,0.0,0.0,0.0,0.0,0.0,0.0,9134200.0,7621900.0,6047800.0,0.0,0.0,0.0,0.0,0.0,0.0,0.0,0.0,0.0,0.0,0.0,0.0,0.0,0.0,0.0,0.0,0.0,0.0,0.0,0.0,0.0,0.0,0.0,0.0,99.45851643880208,1.0785932103348963,99.6965571812221,0.9420168675215799,99.84568350655692,0.9987031596916573,0.007093824517761194
2024-06-13,98.6155537937864,99.06643406597317,97.63537733821008,98.1058578491211,10164600,0.0,0.0,99.20170593261719,100.06377143859864,48.016620381579784,-1.8403481225763443,-2.028860792796023,1.0913885976436375,-0.0070438566348652865,0.0,0.0,0.0,0.0,0.0,0.0,0.0,0.0,0.0,9041800.0,9134200.0,7621900.0,0.0,0.0,0.0,0.0,0.0,0.0,0.0,0.0,0.0,0.0,0.0,0.0,0.0,0.0,0.0,0.0,0.0,0.0,0.0,0.0,0.0,0.0,0.0,0.0,98.59268951416016,0.4230016703904161,99.24287414550781,0.8063721507055892,99.8057746887207,1.0588817365544143,0.001200216513920438
2024-06-14,97.83141889517636,98.39011922859471,97.28252242112426,97.98825073242188,7087600,0.0,0.0,98.89393157958985,99.89714164733887,43.315901880062455,-1.8419766056478721,-1.991483955366393,1.1425661549538162,-0.0011987777211029949,0.0,0.0,0.0,0.0,0.0,0.0,0.0,0.0,0.0,10164600.0,9041800.0,9134200.0,0.0,0.0,0.0,0.0,0.0,0.0,0.0,0.0,0.0,0.0,0.0,0.0,0.0,0.0,0.0,0.0,0.0,0.0,0.0,0.0,0.0,0.0,0.0,0.0,98.29863739013672,0.4397044759082553,99.0286363874163,0.9214270112896856,99.68045207432338,1.1653833873473918,-0.01526783401132703
2024-06-17,98.97822622457961,99.89958704910208,98.62536208645501,99.50751495361328,10389000,0.0,0.0,98.65476684570312,99.81235618591309,46.77415745240397,-1.7010664296613243,-1.9334004502253794,1.1027686886786343,0.015504554983230445,0.0,0.0,0.0,0.0,0.0,0.0,0.0,0.0,0.0,7087600.0,10164600.0,9041800.0,0.0,0.0,0.0,0.0,0.0,0.0,0.0,0.0,0.0,0.0,0.0,0.0,0.0,0.0,0.0,0.0,0.0,0.0,0.0,0.0,0.0,0.0,0.0,0.0,98.53387451171875,0.8452453141216074,99.07204219273159,0.9380533371329779,99.6160398210798,1.1467734738926507,0.00019700799381605627
2024-06-18,99.11545066011546,99.74276302368587,98.61555854978012,99.4879150390625,7044700,0.0,0.0,98.77826843261718,99.74374389648438,52.43708935902527,-1.5728448726598288,-1.8612893347122694,1.0765219678793445,-0.00019696918931111362,0.0,0.0,0.0,0.0,0.0,0.0,0.0,0.0,0.0,10389000.0,7087600.0,10164600.0,0.0,0.0,0.0,0.0,0.0,0.0,0.0,0.0,0.0,0.0,0.0,0.0,0.0,0.0,0.0,0.0,0.0,0.0,0.0,0.0,0.0,0.0,0.0,0.0,98.99456024169922,0.8715446979413225,99.06644112723214,0.9349952688622469,99.65944726126534,1.1281283017409136,-0.003338489853069726
2024-06-20,98.57634617968043,99.91919062060703,98.39011025946684,99.8211669921875,7886900,0.0,0.0,98.98214111328124,99.6864028930664,50.57188607301929,-1.4278780283477062,-1.7746070734393569,1.0377240936614684,0.0033496727013944128,0.0,0.0,0.0,0.0,0.0,0.0,0.0,0.0,0.0,7044700.0,10389000.0,7087600.0,0.0,0.0,0.0,0.0,0.0,0.0,0.0,0.0,0.0,0.0,0.0,0.0,0.0,0.0,0.0,0.0,0.0,0.0,0.0,0.0,0.0,0.0,0.0,0.0,99.60553232828777,0.18700205980012444,98.94041660853794,0.7099647152044068,99.66924885341099,1.1289533340936204,-0.004204656288661179
2024-06-21,99.78197619430847,100.50730475042796,99.57613253718121,100.2426528930664,14137300,0.0,0.0,99.40950012207031,99.64964637756347,42.16059584784716,-1.2644050952313677,-1.6725666777977592,1.0019792183316005,0.004222410071722527,0.0,0.0,0.0,0.0,0.0,0.0,0.0,0.0,0.0,7886900.0,7044700.0,10389000.0,0.0,0.0,0.0,0.0,0.0,0.0,0.0,0.0,0.0,0.0,0.0,0.0,0.0,0.0,0.0,0.0,0.0,0.0,0.0,0.0,0.0,0.0,0.0,0.0,99.85057830810547,0.3782275455266969,99.1364517211914,0.8608338044542118,99.55442810058594,0.9590412259714384,0.002843742899324875
2024-06-24,100.2230412607488,101.03658950290324,99.88978485976185,99.9583969116211,7393600,0.0,0.0,99.80352935791015,99.71433715820312,45.88969974810267,-1.1445945268340836,-1.5669722476050243,0.9764748754775998,-0.0028356789574248698,0.0,0.0,0.0,0.0,0.0,0.0,0.0,0.0,0.0,14137300.0,7886900.0,7044700.0,0.0,0.0,0.0,0.0,0.0,0.0,0.0,0.0,0.0,0.0,0.0,0.0,0.0,0.0,0.0,0.0,0.0,0.0,0.0,0.0,0.0,0.0,0.0,0.0,100.00740559895833,0.21497436995218605,99.30167933872768,0.896168919881798,99.49911825997489,0.9067624935701863,-0.0021526257670310134
2024-06-25,100.62492188407056,101.6246986118056,99.75255792953344,100.17403411865234,10296100,0.0,0.0,99.93683319091797,99.73590049743652,43.90502356106228,-1.0204802071375951,-1.4576738395115385,0.9818825617126934,0.0021572695610745374,0.0,0.0,0.0,0.0,0.0,0.0,0.0,0.0,0.0,7393600.0,14137300.0,7886900.0,0.0,0.0,0.0,0.0,0.0,0.0,0.0,0.0,0.0,0.0,0.0,0.0,0.0,0.0,0.0,0.0,0.0,0.0,0.0,0.0,0.0,0.0,0.0,0.0,100.12502797444661,0.14832925326724636,99.59713309151786,0.7679708962108677,99.42000361851284,0.7785262191170892,0.00019562073131829116
2024-06-26,99.87999359146454,100.34067777408339,99.4193094088457,100.1544418334961,10122300,0.0,0.0,100.07013854980468,99.72315826416016,54.55770970431204,-0.9131731565372831,-1.3487737029166875,0.9743082508980996,-0.00019558247133222295,0.0,0.0,0.0,0.0,0.0,0.0,0.0,0.0,0.0,10296100.0,7393600.0,14137300.0,0.0,0.0,0.0,0.0,0.0,0.0,0.0,0.0,0.0,0.0,0.0,0.0,0.0,0.0,0.0,0.0,0.0,0.0,0.0,0.0,0.0,0.0,0.0,0.0,100.09562428792317,0.11924545699942132,99.90658896309989,0.3136946014415752,99.4676126752581,0.802994145907099,9.781993346269502e-05
2024-06-27,100.01722541962846,100.25246571976075,99.7917815016424,100.14464569091797,8365200,0.0,0.0,100.13483428955078,99.78638000488282,56.685280403973394,-0.8194756079645202,-1.2429140839262542,0.9576123369606703,-9.781036565914558e-05,0.0,0.0,0.0,0.0,0.0,0.0,0.0,0.0,0.0,10122300.0,10296100.0,7393600.0,0.0,0.0,0.0,0.0,0.0,0.0,0.0,0.0,0.0,0.0,0.0,0.0,0.0,0.0,0.0,0.0,0.0,0.0,0.0,0.0,0.0,0.0,0.0,0.0,100.15770721435547,0.014963854978494368,99.9976076398577,0.26765835245151887,99.53482491629464,0.8184347270097445,0.029005999770777224
2024-06-28,99.99760938917574,100.54651334807593,96.42976730801604,97.32173156738281,21439400,0.0,0.0,99.55065002441407,99.66826934814453,38.43783473741387,-0.9619168249719507,-1.1867146321353936,1.1052125957577246,-0.02818836797573454,0.0,0.0,0.0,0.0,0.0,0.0,0.0,0.0,0.0,8365200.0,10122300.0,10296100.0,0.0,0.0,0.0,0.0,0.0,0.0,0.0,0.0,0.0,0.0,0.0,0.0,0.0,0.0,0.0,0.0,0.0,0.0,0.0,0.0,0.0,0.0,0.0,0.0,99.20693969726562,1.6326454792253786,99.68815285818917,1.053568249369491,99.37729699271065,1.0098808924706044,0.012749807213857878
2024-07-01,97.42956030978765,97.76281678060367,95.93968761701599,96.09651947021484,15299000,0.0,0.0,98.77827453613281,99.38058815002441,25.97135305367661,-1.1602917711197023,-1.1814300599322554,1.247102240977518,-0.012589296115427917,0.0,0.0,0.0,0.0,0.0,0.0,0.0,0.0,0.0,21439400.0,8365200.0,10122300.0,0.0,0.0,0.0,0.0,0.0,0.0,0.0,0.0,0.0,0.0,0.0,0.0,0.0,0.0,0.0,0.0,0.0,0.0,0.0,0.0,0.0,0.0,0.0,0.0,97.8542989095052,2.0759461590099213,99.15606035505023,1.710765761628742,99.04823848179409,1.2633098808880179,0.0005104400722621971
2024-07-02,95.99848864293068,96.04749298095703,95.02810852527847,96.04749298095703,13340300,0.0,0.0,97.95296630859374,99.14632606506348,31.909482139033045,-1.3064019842404093,-1.206424444793886,1.4092488605380569,-0.0005101796561217675,0.0,0.0,0.0,0.0,0.0,0.0,0.0,0.0,0.0,15299000.0,21439400.0,8365200.0,0.0,0.0,0.0,0.0,0.0,0.0,0.0,0.0,0.0,0.0,0.0,0.0,0.0,0.0,0.0,0.0,0.0,0.0,0.0,0.0,0.0,0.0,0.0,0.0,96.48858133951823,0.7219455490588295,98.55675179617745,1.9802621662043494,98.84660175868443,1.4974599140773877,-0.006287497655656504
2024-07-03,95.90047225383177,97.11589658787506,95.89067587237851,96.65521240234375,5030000,0.0,0.0,97.25312042236328,98.91500473022461,37.13276722472634,-1.3575089838768974,-1.2366413526104885,1.4199621751035234,0.006327280416441594,0.0,0.0,0.0,0.0,0.0,0.0,0.0,0.0,0.0,13340300.0,15299000.0,21439400.0,0.0,0.0,0.0,0.0,0.0,0.0,0.0,0.0,0.0,0.0,0.0,0.0,0.0,0.0,0.0,0.0,0.0,0.0,0.0,0.0,0.0,0.0,0.0,0.0,96.2664082845052,0.3376053623669337,98.08486829485211,1.9841519702504924,98.6932738167899,1.6082017801028725,0.006327280416441594
2024-07-05,96.36114916130788,96.36114916130788,95.64562450526682,96.04749298095703,8550800,0.0,0.0,96.43368988037109,98.74298362731933,37.52972041547569,-1.4305589347696497,-1.2754248690423209,1.5493993948265894,-0.006287497655656504,0.0,0.0,0.0,0.0,0.0,0.0,0.0,0.0,0.0,5030000.0,13340300.0,15299000.0,0.0,0.0,0.0,0.0,0.0,0.0,0.0,0.0,0.0,0.0,0.0,0.0,0.0,0.0,0.0,0.0,0.0,0.0,0.0,0.0,0.0,0.0,0.0,0.0,96.25006612141927,0.35086697153012236,97.49536241803851,1.8697066759718006,98.54624775477818,1.7535575703579938,0.001745894629159972
2024-07-08,96.19519965762385,96.78601725993649,95.40743784610471,95.88009643554688,8167600,0.45,0.0,96.1453628540039,98.57680473327636,37.30466775830351,-1.4848427069289443,-1.3173084366196455,1.6708603184932,-0.0017428517935741406,0.0,0.0,0.0,0.0,0.0,0.0,0.0,0.0,0.0,8550800.0,5030000.0,13340300.0,0.0,0.0,0.0,0.0,0.0,0.0,0.0,0.0,0.0,0.0,0.0,0.0,0.0,0.0,0.0,0.0,0.0,0.0,0.0,0.0,0.0,0.0,0.0,0.0,96.19426727294922,0.4078703348966889,96.8847416469029,1.5222349303205305,98.3956653050014,1.890341546770921,0.003297169320262583
2024-07-09,95.97857405169502,96.0376535638351,94.67877219603452,95.56500244140625,9044400,0.0,0.0,96.03905944824218,98.37869873046876,22.230748644997377,-1.5355871466782958,-1.3609641786313755,1.7833534245410825,-0.003286333721539747,0.0,0.0,0.0,0.0,0.0,0.0,0.0,0.0,0.0,8167600.0,8550800.0,5030000.0,0.0,0.0,0.0,0.0,0.0,0.0,0.0,0.0,0.0,0.0,0.0,0.0,0.0,0.0,0.0,0.0,0.0,0.0,0.0,0.0,0.0,0.0,0.0,0.0,95.83086395263672,0.24498399584389752,96.23050689697266,0.5804840705179521,98.11405726841518,2.0023118277720777,0.0008250523148365385
2024-07-10,95.46652313503607,95.79147546541938,94.7772371426962,95.48622131347656,7761100,0.0,0.0,95.92680511474609,98.11784286499024,22.04694531431531,-1.5641291521665863,-1.4015971733384178,1.8068320433722918,-0.0008243721646739033,0.0,0.0,0.0,0.0,0.0,0.0,0.0,0.0,0.0,9044400.0,8167600.0,8550800.0,0.0,0.0,0.0,0.0,0.0,0.0,0.0,0.0,0.0,0.0,0.0,0.0,0.0,0.0,0.0,0.0,0.0,0.0,0.0,0.0,0.0,0.0,0.0,0.0,95.64377339680989,0.2084179706944566,95.96829114641461,0.38808516813388516,97.8282220023019,2.0753960875792754,0.0038303426727412937
2024-07-11,95.52560193231591,96.08687976707832,94.82646691095594,95.12187194824219,7422600,0.0,0.0,95.62013702392578,97.93041610717773,17.31598240002377,-1.5977311952639752,-1.4408239777235292,1.9157946219275404,-0.0038157271302865503,0.0,0.0,0.0,0.0,0.0,0.0,0.0,0.0,0.0,7761100.0,9044400.0,8167600.0,0.0,0.0,0.0,0.0,0.0,0.0,0.0,0.0,0.0,0.0,0.0,0.0,0.0,0.0,0.0,0.0,0.0,0.0,0.0,0.0,0.0,0.0,0.0,0.0,95.39103190104167,0.23640415959379618,95.82905578613281,0.49462749342193313,97.49255807059151,2.1080361439773516,-0.00545674809019403
2024-07-12,95.61423618284601,96.33306949366961,95.49607715446444,95.6437759399414,6465700,0.0,0.0,95.53939361572266,97.77251472473145,18.455029954910643,-1.5642164525379059,-1.4655024726864045,1.9695826677153427,0.005486687562069825,0.0,0.0,0.0,0.0,0.0,0.0,0.0,0.0,0.0,7422600.0,7761100.0,9044400.0,0.0,0.0,0.0,0.0,0.0,0.0,0.0,0.0,0.0,0.0,0.0,0.0,0.0,0.0,0.0,0.0,0.0,0.0,0.0,0.0,0.0,0.0,0.0,0.0,95.41728973388672,0.2676931380087573,95.77138192313058,0.4884103526577884,97.16406685965401,2.002189112923421,0.002683987988479908
2024-07-15,95.84071680337763,95.99826467322873,95.12188351784218,95.38775634765625,7417700,0.0,0.0,95.44092559814453,97.6366096496582,18.52679579925085,-1.5405558500426224,-1.4805131481576481,2.037960963731426,-0.002676803480091805,0.0,0.0,0.0,0.0,0.0,0.0,0.0,0.0,0.0,6465700.0,7422600.0,7761100.0,0.0,0.0,0.0,0.0,0.0,0.0,0.0,0.0,0.0,0.0,0.0,0.0,0.0,0.0,0.0,0.0,0.0,0.0,0.0,0.0,0.0,0.0,0.0,0.0,95.38446807861328,0.2609675337535047,95.59031677246094,0.30762211129943523,96.83759253365653,1.8804397597172084,-0.01624850531140154
2024-07-16,95.53544710375603,97.20943909532926,95.06279602124731,96.96326446533203,10755500,0.0,0.0,95.72057800292968,97.58536033630371,31.378277060751742,-1.3787805896970582,-1.4601666364655301,2.041537415359622,0.016516879922550798,0.0,0.0,0.0,0.0,0.0,0.0,0.0,0.0,0.0,7417700.0,6465700.0,7422600.0,0.0,0.0,0.0,0.0,0.0,0.0,0.0,0.0,0.0,0.0,0.0,0.0,0.0,0.0,0.0,0.0,0.0,0.0,0.0,0.0,0.0,0.0,0.0,0.0,95.99826558430989,0.8454606071186674,95.7211412702288,0.5949731250784994,96.60825184413365,1.619978367072077,0.011920663417480215
2024-07-17,96.79587138714375,97.10112553648665,95.05295073004454,95.82101440429688,9456100,0.0,0.0,95.78753662109375,97.40103530883789,27.762904962317705,-1.3274406545265975,-1.4336214400777436,2.025214078715114,-0.011780235198697864,0.0,0.0,0.0,0.0,0.0,0.0,0.0,0.0,0.0,10755500.0,7417700.0,6465700.0,0.0,0.0,0.0,0.0,0.0,0.0,0.0,0.0,0.0,0.0,0.0,0.0,0.0,0.0,0.0,0.0,0.0,0.0,0.0,0.0,0.0,0.0,0.0,0.0,96.05734507242839,0.8139076088480245,95.71270098005023,0.5927573064688477,96.29872131347656,1.2654959526866785,0.0053724130743180165
2024-07-18,95.87025310251805,96.5595390944887,95.20065777632348,95.30897521972656,7529400,0.0,0.0,95.82495727539063,97.1920883178711,26.402001556269568,-1.3129359604467652,-1.4094843441515479,2.014118858344531,-0.0053437044864695915,0.0,0.0,0.0,0.0,0.0,0.0,0.0,0.0,0.0,9456100.0,10755500.0,7417700.0,0.0,0.0,0.0,0.0,0.0,0.0,0.0,0.0,0.0,0.0,0.0,0.0,0.0,0.0,0.0,0.0,0.0,0.0,0.0,0.0,0.0,0.0,0.0,0.0,96.03108469645183,0.8469152099038901,95.67612566266742,0.6110077332534188,95.95331627982003,0.6407590554421859,0.010967142919225514
2024-07-19,95.33852365466957,95.33852365466957,93.97964221278704,94.2750473022461,9301000,0.0,0.0,95.55121154785157,96.91478233337402,31.987092106319622,-1.3690882310328618,-1.4014051215278107,2.014890909487604,-0.010848169493973048,0.0,0.0,0.0,0.0,0.0,0.0,0.0,0.0,0.0,7529400.0,9456100.0,10755500.0,0.0,0.0,0.0,0.0,0.0,0.0,0.0,0.0,0.0,0.0,0.0,0.0,0.0,0.0,0.0,0.0,0.0,0.0,0.0,0.0,0.0,0.0,0.0,0.0,95.13501230875652,0.7875283429510542,95.5031008039202,0.8121346766967684,95.73569597516742,0.6574100802272848,0.017104094231131795
2024-07-22,93.65468228877093,93.7039202226979,92.05946788897664,92.6896743774414,13377000,0.0,0.0,95.0115951538086,96.53713340759278,30.680484841772255,-1.5239485255672633,-1.4259138023357014,2.065510803650298,-0.016816463848827068,0.0,0.0,0.0,0.0,0.0,0.0,0.0,0.0,0.0,9301000.0,7529400.0,9456100.0,0.0,0.0,0.0,0.0,0.0,0.0,0.0,0.0,0.0,0.0,0.0,0.0,0.0,0.0,0.0,0.0,0.0,0.0,0.0,0.0,0.0,0.0,0.0,0.0,94.09123229980469,1.3192896542993753,95.15564400809151,1.3467445712157184,95.49234989711216,1.035428404981959,0.03507808738620355
2024-07-23,89.31215175100272,90.28700868391145,88.4554688563691,89.5484848022461,22534700,0.0,0.0,93.52863922119141,96.01663780212402,22.714500964783483,-1.8784901067643034,-1.516429063221422,2.4363282833276423,-0.033889315032050726,0.0,0.0,0.0,0.0,0.0,0.0,0.0,0.0,0.0,13377000.0,9301000.0,7529400.0,0.0,0.0,0.0,0.0,0.0,0.0,0.0,0.0,0.0,0.0,0.0,0.0,0.0,0.0,0.0,0.0,0.0,0.0,0.0,0.0,0.0,0.0,0.0,0.0,92.1710688273112,2.405579359337683,94.2848881312779,2.475775186292129,95.02813502720424,1.8798909123461685,0.012694816052646107
2024-07-24,88.8395054307311,89.36139446636126,88.2092989523112,88.42593383789062,11768500,0.0,0.0,92.04962310791015,95.42923278808594,16.88179940213159,-2.2244057802801933,-1.6580244066331762,2.7740542637684853,-0.012535677927264177,0.0,0.0,0.0,0.0,0.0,0.0,0.0,0.0,0.0,22534700.0,13377000.0,9301000.0,0.0,0.0,0.0,0.0,0.0,0.0,0.0,0.0,0.0,0.0,0.0,0.0,0.0,0.0,0.0,0.0,0.0,0.0,0.0,0.0,0.0,0.0,0.0,0.0,90.2213643391927,2.2100782792887355,93.29034205845424,3.2394431237193904,94.44032941545758,2.5122213827737747,0.006613679642911707
2024-07-25,88.70164587471675,89.11521745656115,87.84495544433594,87.84495544433594,10765300,0.0,0.0,90.55681915283203,94.81375846862792,16.91821333249638,-2.5164188347396816,-1.8297032922544774,3.02471967952284,-0.006570226271172652,0.0,0.0,0.0,0.0,0.0,0.0,0.0,0.0,0.0,11768500.0,22534700.0,13377000.0,0.0,0.0,0.0,0.0,0.0,0.0,0.0,0.0,0.0,0.0,0.0,0.0,0.0,0.0,0.0,0.0,0.0,0.0,0.0,0.0,0.0,0.0,0.0,0.0,88.60645802815755,0.8659935367943727,91.98772648402623,3.3478394908246507,93.8544338771275,3.014790266156368,-0.008006243160343152
2024-07-26,88.62286841648705,89.16445561742704,87.97296377535908,88.55393981933594,11301900,0.0,0.0,89.41259765625,94.23422317504883,21.689523295128225,-2.659969695530009,-1.9957565729095839,3.0597506044683036,0.008070860431470761,0.0,0.0,0.0,0.0,0.0,0.0,0.0,0.0,0.0,10765300.0,11768500.0,22534700.0,0.0,0.0,0.0,0.0,0.0,0.0,0.0,0.0,0.0,0.0,0.0,0.0,0.0,0.0,0.0,0.0,0.0,0.0,0.0,0.0,0.0,0.0,0.0,0.0,88.27494303385417,0.3778404136361605,90.94957297188895,3.0768119624463743,93.33113697596959,3.26183829643639,-0.023985259555881266
2024-07-29,89.00690293376387,91.13385544607864,88.8099662252846,90.7301254272461,13024800,0.0,0.0,89.02068786621093,93.90464286804199,33.66600150216175,-2.568526421779964,-2.11031054268366,3.064679349995004,0.024574689870941135,0.0,0.0,0.0,0.0,0.0,0.0,0.0,0.0,0.0,11301900.0,10765300.0,11768500.0,0.0,0.0,0.0,0.0,0.0,0.0,0.0,0.0,0.0,0.0,0.0,0.0,0.0,0.0,0.0,0.0,0.0,0.0,0.0,0.0,0.0,0.0,0.0,0.0,89.04300689697266,1.5034764422474554,90.29545157296317,2.4100234005844072,92.98578861781529,3.263080744156367,-0.01759252826423552
2024-07-30,90.26731757965156,92.60105593313219,90.26731757965156,92.3548812866211,9896100,0.0,0.0,89.58196716308593,93.71756095886231,40.42170263313272,-2.3380017208372834,-2.1558487783143847,3.0379215189672437,0.017907567654338097,0.0,0.0,0.0,0.0,0.0,0.0,0.0,0.0,0.0,13024800.0,11301900.0,10765300.0,0.0,0.0,0.0,0.0,0.0,0.0,0.0,0.0,0.0,0.0,0.0,0.0,0.0,0.0,0.0,0.0,0.0,0.0,0.0,0.0,0.0,0.0,0.0,0.0,90.5463155110677,1.9071257361266516,90.0211421421596,1.946219655227436,92.7621214730399,3.1848867842380995,0.0010673794548434756
2024-07-31,92.35487704295531,93.38880600320093,92.20717075930489,92.25640869140625,10241800,0.0,0.0,90.34806213378906,93.52800674438477,41.090054544005284,-2.1386026696219744,-2.1523995565759027,3.002964698858952,-0.0010662413707104301,0.0,0.0,0.0,0.0,0.0,0.0,0.0,0.0,0.0,9896100.0,13024800.0,11301900.0,0.0,0.0,0.0,0.0,0.0,0.0,0.0,0.0,0.0,0.0,0.0,0.0,0.0,0.0,0.0,0.0,0.0,0.0,0.0,0.0,0.0,0.0,0.0,0.0,91.78047180175781,0.9109582003802709,89.95924704415458,1.8518081664373778,92.55744552612305,3.1128317738062505,0.006877980420712415
2024-08-01,92.42380888634592,92.5124281520564,91.18308657782178,91.62620544433594,9263600,0.0,0.0,91.10431213378907,93.27655639648438,37.591235199832596,-2.008279425050091,-2.1235755302707404,2.9371578643108807,-0.006830996957385538,0.0,0.0,0.0,0.0,0.0,0.0,0.0,0.0,0.0,10241800.0,9896100.0,13024800.0,0.0,0.0,0.0,0.0,0.0,0.0,0.0,0.0,0.0,0.0,0.0,0.0,0.0,0.0,0.0,0.0,0.0,0.0,0.0,0.0,0.0,0.0,0.0,0.0,92.07916514078777,0.39535247306666144,90.25606427873883,1.9394364432758817,92.27047620500836,2.9891500549776073,0.0388524625757225
2024-08-02,90.74981289846646,90.78919422539278,87.6381621855792,88.1994400024414,15433600,0.0,0.0,91.03341217041016,92.8841537475586,31.43435114112728,-2.1566481498807946,-2.1301900541927514,3.0687770118746536,-0.037399403645241414,0.0,0.0,0.0,0.0,0.0,0.0,0.0,0.0,0.0,9263600.0,10241800.0,9896100.0,0.0,0.0,0.0,0.0,0.0,0.0,0.0,0.0,0.0,0.0,0.0,0.0,0.0,0.0,0.0,0.0,0.0,0.0,0.0,0.0,0.0,0.0,0.0,0.0,90.6940180460612,2.183226681986436,90.2237080165318,1.9765913333500897,91.75702503749302,3.0296012116371105,0.02039181252327449
2024-08-05,85.56045514710817,88.189598433811,85.09764563340657,86.43683624267578,19103200,0.0,0.0,90.1747543334961,92.41199073791503,23.073064868050764,-2.3889208336482,-2.1819362100838413,3.3012272589475162,-0.019984296495724196,0.0,0.0,0.0,0.0,0.0,0.0,0.0,0.0,0.0,15433600.0,9263600.0,10241800.0,0.0,0.0,0.0,0.0,0.0,0.0,0.0,0.0,0.0,0.0,0.0,0.0,0.0,0.0,0.0,0.0,0.0,0.0,0.0,0.0,0.0,0.0,0.0,0.0,88.75416056315105,2.6387827407994044,90.02254813058036,2.3036260087209803,91.00513730730329,2.943115475522329,-0.02434149536195207
2024-08-06,86.8799569975094,90.5036479881022,86.6140841800093,88.59333038330078,21717500,0.0,0.0,89.42244415283203,92.06340713500977,32.42339537253392,-2.3716486648845176,-2.2198787010439767,3.318801308862242,0.024948786123667688,0.0,0.0,0.0,-0.9389,-0.9389,1.0,102.0,0.0,0.0,19103200.0,15433600.0,9263600.0,0.0,0.0,0.0,0.0,0.0,0.0,0.0,0.0,0.0,0.0,0.0,0.0,0.0,0.0,0.0,0.0,0.0,0.0,0.0,0.0,0.0,0.0,0.0,0.0,87.74320220947266,1.148360325611179,90.0281753540039,2.2994850172054124,90.48887416294643,2.6529783941187355,0.04664966972967255
2024-08-07,86.65346971926473,87.87449377994776,84.43789805030626,84.64468383789062,30581900,0.0,0.0,87.90009918212891,91.52133026123047,27.780070402295195,-2.6460807509298974,-2.305119111021161,3.6035016021962747,-0.04457047193424446,0.0,0.0,0.0,0.0,0.0,1.0,1.0,0.0,0.0,21717500.0,19103200.0,15433600.0,0.0,0.0,0.0,0.0,0.0,0.0,0.0,0.0,0.0,-0.9389,0.0,0.0,-0.9389,0.0,0.0,1.0,0.0,0.0,102.0,0.0,0.0,0.0,0.0,0.0,86.55828348795573,1.9771227731693952,89.15882655552456,3.025576080983779,89.72713906424386,2.693234372176667,0.0
2024-08-08,83.8470804411147,85.00902499467462,82.62605638043168,84.64468383789062,21890500,0.0,0.0,86.50379486083985,90.99747085571289,29.030879786353594,-2.830936878162831,-2.410282664449495,3.8082669369643045,0.0,0.0,0.0,0.0,0.0,0.0,0.0,0.0,0.0,0.0,30581900.0,21717500.0,19103200.0,0.0,0.0,0.0,0.0,0.0,0.0,0.0,0.0,0.0,0.0,-0.9389,0.0,0.0,-0.9389,0.0,1.0,1.0,0.0,1.0,102.0,0.0,0.0,0.0,0.0,85.96089935302734,2.2797521459273673,88.05736977713448,3.0712357208811065,89.03925595964704,2.672062952009206,-0.002899931381981302
2024-08-09,84.81208382380636,84.93025035494252,83.4138136789706,84.89086151123047,16008400,0.0,0.0,85.84207916259766,90.45982513427734,31.96723567213374,-2.9238676833562494,-2.512999668230846,3.8762183993869437,0.0029083654421973026,0.0,0.0,0.0,0.775,0.775,1.0,363.0,1.0,0.0,21890500.0,30581900.0,21717500.0,0.0,0.0,0.0,0.0,0.0,0.0,0.0,0.0,0.0,0.0,0.0,-0.9389,0.0,0.0,-0.9389,0.0,1.0,1.0,0.0,1.0,102.0,0.0,0.0,0.0,84.72674306233723,0.14213074597328626,87.00514875139508,2.6216914484325704,88.48219789777484,2.6654224047985777,0.003025080911764677
2024-08-12,84.54621502934737,85.05825495115853,84.17203229851049,84.63483428955078,11754600,0.0,0.0,85.48167877197265,89.92217903137207,36.88913245102677,-2.9837801132758983,-2.6071557572398563,3.9023680946260084,-0.0030159573966135333,0.0,0.0,0.0,0.0,0.0,0.0,0.0,0.0,0.0,16008400.0,21890500.0,30581900.0,0.0,0.0,0.0,0.0,0.0,0.0,0.0,0.0,0.0,0.775,0.0,0.0,0.775,0.0,0.0,1.0,0.0,1.0,363.0,0.0,1.0,1.0,0.0,0.0,84.7234598795573,0.14505768892526896,86.00638144356864,1.7569419003426827,88.13122286115374,2.832488251732488,0.004088672380779146
2024-08-13,85.13704068304973,85.13704068304973,84.00463578215835,84.29019927978516,14615200,0.0,0.0,84.62105255126953,89.28852577209473,38.486858453598394,-3.0242091105643283,-2.6905664279047508,3.7237010518487907,-0.004072023211938558,0.0,0.0,0.0,0.0,0.0,0.0,0.0,0.0,0.0,11754600.0,16008400.0,21890500.0,0.0,0.0,0.0,0.0,0.0,0.0,0.0,0.0,0.0,0.0,0.775,0.0,0.0,0.775,0.0,0.0,1.0,0.0,0.0,363.0,0.0,0.0,1.0,0.0,84.6052983601888,0.3014184092159184,85.44791848318917,1.5531515421291977,87.8358132498605,3.0095199962942263,-0.008111196271719079
2024-08-14,84.69392108821646,85.21581009735196,84.25080225039414,84.97948455810547,9475100,0.0,0.0,84.6880126953125,88.74644927978515,42.07085798635433,-2.9664346091942093,-2.745740064162643,3.5054133394761906,0.008177525788405804,0.0,0.0,0.0,0.0,0.0,0.0,0.0,0.0,0.0,14615200.0,11754600.0,16008400.0,0.0,0.0,0.0,0.0,0.0,0.0,0.0,0.0,0.0,0.0,0.0,0.775,0.0,0.0,0.775,0.0,0.0,1.0,0.0,0.0,363.0,0.0,0.0,1.0,84.6348393758138,0.34464263918915033,85.23972538539341,1.4950886106550114,87.63113675798688,3.104782581169009,-0.02804375326739794
2024-08-15,85.91495212230609,87.5692460568005,85.87556327712122,87.43138885498047,12401000,0.0,0.0,85.24535369873047,88.35256996154786,47.167014720702525,-2.691770658692647,-2.7349461830686437,3.154198119739198,0.028852896785911852,0.0,0.0,0.0,0.0,0.0,0.0,0.0,0.0,0.0,9475100.0,14615200.0,11754600.0,0.0,0.0,0.0,0.0,0.0,0.0,0.0,0.0,0.0,0.0,0.0,0.0,0.0,0.0,0.0,0.0,0.0,0.0,0.0,0.0,0.0,0.0,0.0,0.0,85.56702423095703,1.650960368152549,85.07373373849052,1.0626687643463073,87.55095454624721,3.093592615364667,-0.005711011024993828
2024-08-16,87.59877709677801,88.29791212577659,86.98826132613758,87.93357849121094,10277700,0.0,0.0,85.85389709472656,88.03549652099609,42.29098533905666,-2.40584194405686,-2.669125335266287,2.829538315137817,0.005743814010131132,0.0,0.0,0.0,0.0,0.0,0.0,0.0,0.0,0.0,12401000.0,9475100.0,14615200.0,0.0,0.0,0.0,0.0,0.0,0.0,0.0,0.0,0.0,0.0,0.0,0.0,0.0,0.0,0.0,0.0,0.0,0.0,0.0,0.0,0.0,0.0,0.0,0.0,86.78148396809895,1.5806486051294173,85.54357583182198,1.484641172141169,87.35120119367328,2.959921418843489,-0.016736323144633802
2024-08-19,88.04189219960773,89.55832120455679,88.04189219960773,89.43031311035156,9723600,0.0,0.0,86.81299285888672,87.87252845764161,41.88077310034419,-2.035009084692163,-2.542302085151462,2.634512083708064,0.017021195370665154,0.0,0.0,0.0,0.0,0.0,0.0,0.0,0.0,0.0,10277700.0,12401000.0,9475100.0,0.0,0.0,0.0,0.0,0.0,0.0,0.0,0.0,0.0,0.0,0.0,0.0,0.0,0.0,0.0,0.0,0.0,0.0,0.0,0.0,0.0,0.0,0.0,0.0,88.26509348551433,1.0398803720930065,86.22723715645927,2.0104695416753664,87.14230346679688,2.668472751332665,0.012034705358181297
2024-08-20,89.00689972571521,89.28261411271026,87.94342350788838,88.3668441772461,8863400,0.0,0.0,87.62832183837891,87.81344642639161,39.7508914969147,-1.8061146615095254,-2.395064600423075,2.6080657190033447,-0.011891593533763123,0.0,0.0,0.0,0.0,0.0,0.0,0.0,0.0,0.0,9723600.0,10277700.0,12401000.0,0.0,0.0,0.0,0.0,0.0,0.0,0.0,0.0,0.0,0.0,0.0,0.0,0.0,0.0,0.0,0.0,0.0,0.0,0.0,0.0,0.0,0.0,0.0,0.0,88.57691192626953,0.7701623039456844,86.72380610874721,2.054177854018191,86.86447743007115,2.2674030236149547,-0.010802547291997033
2024-08-21,88.83950648726407,89.39093528427594,88.0615937128201,89.33185577392578,7637600,0.0,0.0,88.49879608154296,87.85874252319336,44.059149906775716,-1.52921793863689,-2.221895268065838,2.6270607999685125,0.01092051668999372,0.0,0.0,0.0,0.0,0.0,0.0,0.0,0.0,0.0,8863400.0,9723600.0,10277700.0,0.0,0.0,0.0,0.0,0.0,0.0,0.0,0.0,0.0,0.0,0.0,0.0,0.0,0.0,0.0,0.0,0.0,0.0,0.0,0.0,0.0,0.0,0.0,0.0,89.04300435384114,0.5876375584358026,87.39480917794364,2.0250219709992674,86.70059531075614,1.95865757507003,0.00889678580746689
2024-08-22,89.5977251208216,89.98175698071158,88.32746300247233,88.54409790039062,7613000,0.0,0.0,88.721337890625,87.8936996459961,51.0337088627349,-1.3576901606154053,-2.0490542465757513,2.63151549680637,-0.008818331005333135,0.0,0.0,0.0,0.0,0.0,0.0,0.0,0.0,0.0,7637600.0,8863400.0,9723600.0,0.0,0.0,0.0,0.0,0.0,0.0,0.0,0.0,0.0,0.0,0.0,0.0,0.0,0.0,0.0,0.0,0.0,0.0,0.0,0.0,0.0,0.0,0.0,0.0,88.74759928385417,0.5136841979619757,88.00250898088727,1.5111503616172832,86.72521373203823,1.9809845048086514,-0.007067094880039426
2024-08-23,88.77057863557678,89.36139628201802,88.30776910019074,89.17430114746094,7369200,0.0,0.0,88.969482421875,87.92471771240234,58.808631946214085,-1.1575574241016255,-1.8707548820809263,2.6433370366670563,0.00711739418000823,0.0,0.0,0.0,0.0,0.0,0.0,0.0,0.0,0.0,7613000.0,7637600.0,8863400.0,0.0,0.0,0.0,0.0,0.0,0.0,0.0,0.0,0.0,0.0,0.0,0.0,0.0,0.0,0.0,0.0,0.0,0.0,0.0,0.0,0.0,0.0,0.0,0.0,89.01675160725911,0.41684170861742953,88.60176849365234,0.7552139837964377,86.92074693952289,2.0828142427346283,-0.013292571473530468
2024-08-26,89.5287843135598,90.39532378710666,89.5287843135598,90.37562561035156,8043800,0.0,0.0,89.158544921875,87.90699272155761,56.11071263963723,-0.8917345830798951,-1.6749508222807201,2.6246577387960306,0.013471644267826433,0.0,0.0,0.0,0.0,0.0,0.0,0.0,0.0,0.0,7369200.0,7613000.0,7637600.0,0.0,0.0,0.0,0.0,0.0,0.0,0.0,0.0,0.0,0.0,0.0,0.0,0.0,0.0,0.0,0.0,0.0,0.0,0.0,0.0,0.0,0.0,0.0,0.0,89.3646748860677,0.9304864632828447,89.02237374441964,0.812455957879862,87.04805374145508,2.241346610254456,0.009680931076830435
2024-08-27,90.03098323592612,90.31654669952776,89.36138796225926,89.50909423828125,7237400,0.0,0.0,89.38699493408203,87.76470336914062,71.14730957112874,-0.7424316167114426,-1.4884469811668648,2.44158951738905,-0.009588109252004595,0.0,0.0,0.0,0.0,0.0,0.0,0.0,0.0,0.0,8043800.0,7369200.0,7613000.0,0.0,0.0,0.0,0.0,0.0,0.0,0.0,0.0,0.0,0.0,0.0,0.0,0.0,0.0,0.0,0.0,0.0,0.0,0.0,0.0,0.0,0.0,0.0,0.0,89.68634033203125,0.6199655229104912,89.24744742257255,0.6654976474440865,87.39551162719727,2.2170251349230097,0.015755895181648327
2024-08-28,88.9478248500155,89.23338834074713,87.40184837443667,88.12067413330078,8569700,0.0,0.0,89.14475860595704,87.55791664123535,63.48362657038429,-0.727752758367501,-1.3363081366069922,2.204802312694191,-0.015511497650555706,0.0,0.0,0.0,0.0,0.0,0.0,0.0,0.0,0.0,7237400.0,8043800.0,7369200.0,0.0,0.0,0.0,0.0,0.0,0.0,0.0,0.0,0.0,0.0,0.0,0.0,0.0,0.0,0.0,0.0,0.0,0.0,0.0,0.0,0.0,0.0,0.0,0.0,89.3351313273112,1.1374967524168371,89.06035614013672,0.7797947232473219,87.643796648298,2.0753753440956064,-0.00356297006078532
2024-08-29,89.06597455393337,89.3121491740522,88.25852210044971,88.4357681274414,6181800,0.0,0.0,89.12309265136719,87.39839477539063,63.67782783478206,-0.6828230463618183,-1.2056111185579574,2.0009552515567948,0.0035757102092066617,0.0,0.0,0.0,0.0,0.0,0.0,0.0,0.0,0.0,8569700.0,7237400.0,8043800.0,0.0,0.0,0.0,0.0,0.0,0.0,0.0,0.0,0.0,0.0,0.0,0.0,0.0,0.0,0.0,0.0,0.0,0.0,0.0,0.0,0.0,0.0,0.0,0.0,88.68851216634114,0.7278992092856038,89.07020241873605,0.7699514661047064,87.89700426374164,1.9244249140787966,-0.006306803364794389
2024-08-30,88.60318163140099,89.06598365388058,88.03205465133598,88.99705505371094,8403600,0.0,0.0,89.08764343261718,87.4382755279541,66.4440250581098,-0.5950652203716373,-1.0835019389206935,2.025558379118408,0.006346831583581514,0.0,0.0,0.0,0.0,0.0,0.0,0.0,0.0,0.0,6181800.0,8569700.0,7237400.0,0.0,0.0,0.0,0.0,0.0,0.0,0.0,0.0,0.0,0.0,0.0,0.0,0.0,0.0,0.0,0.0,0.0,0.0,0.0,0.0,0.0,0.0,0.0,0.0,88.51783243815105,0.4439164253939223,89.02237374441964,0.7613394495953183,88.20859146118164,1.695094572050439,0.014024457719606254
2024-09-03,88.23884057092616,89.10537261889303,87.18521338825178,87.76618194580078,8465500,0.0,0.0,88.56575469970703,87.50474281311035,62.28255008950331,-0.6177170266186351,-0.9903449564602818,2.0127374939823404,-0.013830492561437091,0.0,0.0,0.0,0.0,0.0,0.0,0.0,0.0,0.0,8403600.0,6181800.0,8569700.0,0.0,0.0,0.0,0.0,0.0,0.0,0.0,0.0,0.0,0.0,0.0,0.0,0.0,0.0,0.0,0.0,0.0,0.0,0.0,0.0,0.0,0.0,0.0,0.0,88.39966837565105,0.6162301079987824,88.91124289376395,0.8888800195774221,88.45687593732562,1.2809968853407698,-0.0013445404997249888
2024-09-04,87.58893343682482,88.64256058986356,87.46092532926724,87.88434600830078,6317200,0.0,0.0,88.24080505371094,87.46929359436035,60.69618197774833,-0.6189984649703604,-0.9160756581622975,1.9987505955312,0.0013463507227986504,0.0,0.0,0.0,0.0,0.0,0.0,0.0,0.0,0.0,8465500.0,8403600.0,6181800.0,0.0,0.0,0.0,0.0,0.0,0.0,0.0,0.0,0.0,0.0,0.0,0.0,0.0,0.0,0.0,0.0,0.0,0.0,0.0,0.0,0.0,0.0,0.0,0.0,88.21586100260417,0.6791088245124475,88.72696358816964,0.9564039999277589,88.66436604091099,0.8304400582933613,0.006768203114614568
2024-09-05,88.29791488518117,88.29791488518117,86.98826404461416,87.29352569580078,6234100,0.0,0.0,88.07537536621093,87.60173568725585,49.41174019425921,-0.660079292425749,-0.8648763850149879,1.8863321530084776,-0.006722702498624722,0.0,0.0,0.0,0.0,0.0,0.0,0.0,0.0,0.0,6317200.0,8465500.0,8403600.0,0.0,0.0,0.0,0.0,0.0,0.0,0.0,0.0,0.0,0.0,0.0,0.0,0.0,0.0,0.0,0.0,0.0,0.0,0.0,0.0,0.0,0.0,0.0,0.0,87.64801788330078,0.3126327232810511,88.28666360037667,0.7602478586625905,88.65451867239815,0.8468408213363735,0.008073584543432766
2024-09-06,87.09658938244422,87.72679589424142,86.3777636014822,86.59439849853516,7791500,0.0,0.0,87.70710144042968,87.69922142028808,44.38019106114558,-0.7405136853145393,-0.8400038450748982,1.7724089175179574,-0.008008923819871061,0.0,0.0,0.0,0.0,0.0,0.0,0.0,0.0,0.0,6234100.0,6317200.0,8465500.0,0.0,0.0,0.0,0.0,0.0,0.0,0.0,0.0,0.0,0.0,0.0,0.0,0.0,0.0,0.0,0.0,0.0,0.0,0.0,0.0,0.0,0.0,0.0,0.0,87.2574234008789,0.6457311176195575,87.87027849469867,0.7771367807980312,88.5588629586356,0.9968817561512274,-0.004527735934694133
2024-09-09,86.87009935469874,87.52984551994916,86.46636937997195,86.9882583618164,8750200,0.0,0.0,87.30534210205079,87.80409126281738,38.70667956585891,-0.7636741614720393,-0.8247379083543265,1.6557056606794343,0.004548329569930676,0.0,0.0,0.0,0.0,0.0,0.0,0.0,0.0,0.0,7791500.0,6234100.0,6317200.0,0.0,0.0,0.0,0.0,0.0,0.0,0.0,0.0,0.0,0.0,0.0,0.0,0.0,0.0,0.0,0.0,0.0,0.0,0.0,0.0,0.0,0.0,0.0,0.0,86.95872751871745,0.3504978780396856,87.70850481305804,0.8322375388966073,88.38443047659737,1.045151878042211,-0.0006789096532170413
2024-09-10,86.97842705201714,87.52985585072378,86.63378405282549,87.04735565185547,6858300,0.0,0.0,87.16157684326171,87.92471733093262,43.2731128325365,-0.7684026804929402,-0.8134708627820493,1.492495429199238,0.0006793708846688506,0.0,0.0,0.0,0.0,0.0,0.0,0.0,0.0,0.0,8750200.0,7791500.0,6234100.0,0.0,0.0,0.0,0.0,0.0,0.0,0.0,0.0,0.0,0.0,0.0,0.0,0.0,0.0,0.0,0.0,0.0,0.0,0.0,0.0,0.0,0.0,0.0,0.0,86.87667083740234,0.2462343952218181,87.51016017368862,0.7946212976460832,88.29018129621234,1.1046597430627698,0.0009058574129900965
2024-09-11,86.70270922439153,87.07689196405364,85.26504274863143,86.96857452392578,10779000,0.0,0.0,86.97842254638672,88.05863609313965,36.754898925716944,-0.7696351693556238,-0.8047037240967643,1.2496128331624978,-0.0009050375779910969,0.0,0.0,0.0,0.0,0.0,0.0,0.0,0.0,0.0,6858300.0,8750200.0,7791500.0,0.0,0.0,0.0,0.0,0.0,0.0,0.0,0.0,0.0,0.0,0.0,0.0,0.0,0.0,0.0,0.0,0.0,0.0,0.0,0.0,0.0,0.0,0.0,0.0,87.00139617919922,0.041000831872738105,87.22037724086216,0.46245317505769734,88.12137549264091,1.1137661015266593,-0.0109742374169568
2024-09-12,86.87010231499339,87.96311824399699,86.83071347372756,87.93357849121094,7173300,0.0,0.0,87.10643310546875,88.20634078979492,46.64497681477817,-0.6848496499135592,-0.7807329092601233,1.0199908178920805,0.011096007639169514,0.0,0.0,0.0,0.0,0.0,0.0,0.0,0.0,0.0,10779000.0,6858300.0,8750200.0,0.0,0.0,0.0,0.0,0.0,0.0,0.0,0.0,0.0,0.0,0.0,0.0,0.0,0.0,0.0,0.0,0.0,0.0,0.0,0.0,0.0,0.0,0.0,0.0,87.31650288899739,0.535852909542791,87.24429103306362,0.4983184718111958,88.07776696341378,1.1078782112343661,-0.013804611702406211
2024-09-13,88.08128478276795,89.33185618371155,88.02220527214679,89.16445922851562,7084200,0.0,0.0,87.62044525146484,88.29299430847168,49.94926461218499,-0.5124277778601254,-0.7270718829801238,1.0242971376679668,0.013997846538540637,0.0,0.0,0.0,0.0,0.0,0.0,0.0,0.0,0.0,7173300.0,10779000.0,6858300.0,0.0,0.0,0.0,0.0,0.0,0.0,0.0,0.0,0.0,0.0,0.0,0.0,0.0,0.0,0.0,0.0,0.0,0.0,0.0,0.0,0.0,0.0,0.0,0.0,88.02220408121745,1.100621769894866,87.42716435023716,0.8692146620801948,88.07706396920341,1.1071317635951972,-0.014153482781163684
2024-09-16,89.70604087005559,90.95661229792329,89.5583345776687,90.44456481933594,9028600,0.0,0.0,88.31170654296875,88.41854362487793,50.35252038813135,-0.2693830984609633,-0.6355341260762918,1.1266936074190954,0.014356679801529326,0.0,0.0,0.0,0.0,0.0,0.0,0.0,0.0,0.0,7084200.0,7173300.0,10779000.0,0.0,0.0,0.0,0.0,0.0,0.0,0.0,0.0,0.0,0.0,0.0,0.0,0.0,0.0,0.0,0.0,0.0,0.0,0.0,0.0,0.0,0.0,0.0,0.0,89.18086751302083,1.2555735776363608,87.87731279645648,1.4260443955323086,88.08198819841657,1.1182391663219078,-0.01087658207807407
2024-09-17,90.95660960653649,91.82314164349613,90.75966538496348,91.4391098022461,8193100,0.0,0.0,89.19005737304687,88.51898345947265,59.741591041946016,0.003443336724501478,-0.5077386335161332,1.2981304481453306,0.010996182964634338,0.0,0.0,0.0,0.0,0.0,0.0,0.0,0.0,0.0,9028600.0,7084200.0,7173300.0,0.0,0.0,0.0,0.0,0.0,0.0,0.0,0.0,0.0,0.0,0.0,0.0,0.0,0.0,0.0,0.0,0.0,0.0,0.0,0.0,0.0,0.0,0.0,0.0,90.34937795003255,1.1403088236129417,88.56941441127232,1.820673502040866,88.2198464529855,1.392936302789993,-0.007693966775224603
2024-09-18,92.0890071543173,92.63059437401677,91.27171304911707,92.1480941772461,10289800,0.0,0.0,90.22596130371093,88.70804595947266,71.82499388102057,0.2737141595994217,-0.35144807489302227,1.529535812112758,0.0077536228921444295,0.0,0.0,0.0,0.0,0.0,0.0,0.0,0.0,0.0,8193100.0,9028600.0,7084200.0,0.0,0.0,0.0,0.0,0.0,0.0,0.0,0.0,0.0,0.0,0.0,0.0,0.0,0.0,0.0,0.0,0.0,0.0,0.0,0.0,0.0,0.0,0.0,0.0,91.3439229329427,0.8557443972249528,89.30653381347656,2.097323346916331,88.5075193132673,1.7428148243962975,0.0013911486498587866
2024-09-19,93.36912034418708,93.83192988520146,91.89207245379434,92.02008056640625,10912400,0.0,0.0,91.04326171875,88.84245719909669,69.82573886064763,0.47213364264413826,-0.18673173138559018,1.696268709105909,-0.0013892160438349066,0.0,0.0,0.0,0.0,0.0,0.0,0.0,0.0,0.0,10289800.0,8193100.0,9028600.0,0.0,0.0,0.0,0.0,0.0,0.0,0.0,0.0,0.0,0.0,0.0,0.0,0.0,0.0,0.0,0.0,0.0,0.0,0.0,0.0,0.0,0.0,0.0,0.0,91.86909484863281,0.37783888924755227,90.01692308698382,2.0461130183885317,88.76354163033622,1.9787626282491977,-0.0032000063471200324
2024-09-20,91.77390350535512,92.5715144538035,91.39972075418135,92.31549072265625,19251500,0.0,0.0,91.67346801757813,89.03102684020996,68.91133948183537,0.6457755447573135,-0.020230276157009452,1.8628076790015513,0.00321027926113171,0.0,0.0,0.0,0.0,0.0,0.0,0.0,0.0,0.0,10912400.0,10289800.0,8193100.0,0.0,0.0,0.0,0.0,0.0,0.0,0.0,0.0,0.0,0.0,0.0,0.0,0.0,0.0,0.0,0.0,0.0,0.0,0.0,0.0,0.0,0.0,0.0,0.0,92.16122182210286,0.14814196366710503,90.78076825823102,1.6845493461909968,89.00057274954659,2.1957434577858606,0.008389819942890009
2024-09-23,92.26625004234698,92.26625004234698,90.74982090435722,91.54742431640625,7338700,0.0,0.0,91.89403991699218,89.14968299865723,72.74880407152713,0.7131902499627074,0.12645382906693392,1.9461316499842036,-0.008320016502512018,0.0,0.0,0.0,0.0,0.0,0.0,0.0,0.0,0.0,19251500.0,10912400.0,10289800.0,0.0,0.0,0.0,0.0,0.0,0.0,0.0,0.0,0.0,0.0,0.0,0.0,0.0,0.0,0.0,0.0,0.0,0.0,0.0,0.0,0.0,0.0,0.0,0.0,91.96099853515625,0.3874267878135641,91.29703194754464,1.1285546480863091,89.27066149030414,2.2637311368315562,-0.007684933600347721
2024-09-24,91.91175819200404,92.35487704295531,91.0452261806572,92.25640869140625,7860300,0.0,0.0,92.05749969482422,89.24372215270996,74.55751434955403,0.8144376728448322,0.26405059782251356,2.051098313936807,0.007744449178052282,0.0,0.0,0.0,0.0,0.0,0.0,0.0,0.0,0.0,7338700.0,19251500.0,10912400.0,0.0,0.0,0.0,0.0,0.0,0.0,0.0,0.0,0.0,0.0,0.0,0.0,0.0,0.0,0.0,0.0,0.0,0.0,0.0,0.0,0.0,0.0,0.0,0.0,92.03977457682292,0.42740993882225614,91.73873901367188,0.6644063730319683,89.58295168195453,2.35740545153778,-0.002448870092081945
2024-09-25,92.20717287234922,92.99493472810158,91.92160938745533,92.4828872680664,8408200,0.0,0.0,92.12445831298828,89.39241180419921,80.39215160597888,0.9025479028952361,0.39175005883705805,2.1753726556348747,0.002454881778649387,0.0,0.0,0.0,0.0,0.0,0.0,0.0,0.0,0.0,7860300.0,7338700.0,19251500.0,0.0,0.0,0.0,0.0,0.0,0.0,0.0,0.0,0.0,0.0,0.0,0.0,0.0,0.0,0.0,0.0,0.0,0.0,0.0,0.0,0.0,0.0,0.0,0.0,92.09557342529297,0.48803045048654503,92.02992793491909,0.3945351347656473,89.95362036568778,2.377624982597519,-0.013445378014477316
2024-09-26,93.01462654920422,94.32427745778277,92.73891215006219,93.74330139160156,10061600,0.0,0.0,92.46910247802734,89.67354316711426,89.28562144938473,1.0618405442378815,0.5257681559172228,2.3580199572911904,0.013628619961677746,0.0,0.0,0.0,0.0,0.0,0.0,0.0,0.0,0.0,8408200.0,7860300.0,7338700.0,0.0,0.0,0.0,0.0,0.0,0.0,0.0,0.0,0.0,0.0,0.0,0.0,0.0,0.0,0.0,0.0,0.0,0.0,0.0,0.0,0.0,0.0,0.0,0.0,92.82753245035808,0.8011227756915823,92.35909816196987,0.6784859496113804,90.4642562866211,2.36833488025275,-0.00843663797910632
2024-09-27,94.0288613662159,95.41728991199392,93.82207557458689,94.54090881347656,10155400,0.0,0.0,92.9141860961914,89.97880020141602,89.74086608135721,1.2381685271574554,0.6682482301652694,2.5745763924169425,0.008508420442150832,0.0,0.0,0.0,0.0,0.0,0.0,0.0,0.0,0.0,10061600.0,8408200.0,7860300.0,0.0,0.0,0.0,0.0,0.0,0.0,0.0,0.0,0.0,0.0,0.0,0.0,0.0,0.0,0.0,0.0,0.0,0.0,0.0,0.0,0.0,0.0,0.0,0.0,93.58903249104817,1.0376475030578458,92.70092882428851,1.0535572068372,91.00373131888253,2.3758269697207766,-0.001871300110560692
2024-09-30,95.36805203663894,96.07703618701873,93.97963100268989,94.71815490722656,7982300,0.0,0.0,93.54833221435547,90.2648551940918,89.86685762909988,1.3763463386083288,0.8098678518538813,2.7701561681530524,0.0018748084398014786,0.0,0.0,0.0,-0.8125,-0.8125,1.0,3.0,0.0,0.0,10155400.0,10061600.0,8408200.0,0.0,0.0,0.0,0.0,0.0,0.0,0.0,0.0,0.0,0.0,0.0,0.0,0.0,0.0,0.0,0.0,0.0,0.0,0.0,0.0,0.0,0.0,0.0,0.0,94.33412170410156,0.5192836659138994,93.08636801583427,1.2399999902715626,91.55164555140904,2.2756282878634018,0.022753760144107682
2024-10-01,93.73346433763074,94.3833615223013,91.89207520786458,92.61090850830078,10099200,0.0,0.0,93.61923217773438,90.5070915222168,74.21813189979933,1.3008210212995976,0.9080584857430247,2.7519234240157644,-0.022247544844911316,0.0,0.0,0.0,0.0,0.0,0.0,0.0,0.0,0.0,7982300.0,10155400.0,10061600.0,0.0,0.0,0.0,0.0,0.0,0.0,0.0,0.0,0.0,-0.8125,0.0,0.0,-0.8125,0.0,0.0,1.0,0.0,0.0,3.0,0.0,0.0,0.0,0.0,0.0,93.95665740966797,1.16881740386866,93.12857055664062,1.2141487015088595,91.95466940743583,1.8639040114011567,-0.00106208209731673
2024-10-02,92.15793715676341,93.13279416706256,92.15793715676341,92.7093734741211,6144200,0.0,0.0,93.6645294189453,90.74834289550782,72.14615393868293,1.2346793480741525,0.9733826582092503,2.7212204630692125,0.001063211315019963,0.0,0.0,0.0,0.0,0.0,0.0,0.0,0.0,0.0,10099200.0,7982300.0,10155400.0,0.0,0.0,0.0,0.0,0.0,0.0,0.0,0.0,0.0,0.0,-0.8125,0.0,0.0,-0.8125,0.0,0.0,1.0,0.0,0.0,3.0,0.0,0.0,0.0,0.0,93.34614562988281,1.1892144172570858,93.29456329345703,1.0269509933543843,92.29579762050084,1.4658954677697922,0.005553814112770006
2024-10-03,92.17763599384223,92.65028711191948,91.7049773631109,92.19732666015625,6180300,0.0,0.0,93.35533447265625,90.99353294372558,65.06848068849133,1.1279414896117288,1.004294424489746,2.612290830063338,-0.00552313962199058,0.0,0.0,0.0,0.0,0.0,0.0,0.0,0.0,0.0,6144200.0,10099200.0,7982300.0,0.0,0.0,0.0,0.0,0.0,0.0,0.0,0.0,0.0,0.0,0.0,-0.8125,0.0,0.0,-0.8125,0.0,0.0,1.0,0.0,0.0,3.0,0.0,0.0,0.0,92.50586954752605,0.2717036480873741,93.28612300327846,1.0370980859043861,92.51243100847516,1.15965644280739,-0.01597478117845208
2024-10-04,92.85707664038415,93.881156525333,92.45334662720025,93.6940689086914,6308900,0.0,0.0,93.18596649169922,91.3485164642334,65.80459578181947,1.1508591703050968,1.0336073736528162,2.461037958927897,0.01623411765562599,0.0,0.0,0.0,0.0,0.0,0.0,0.0,0.0,0.0,6180300.0,6144200.0,10099200.0,0.0,0.0,0.0,0.0,0.0,0.0,0.0,0.0,0.0,0.0,0.0,0.0,0.0,0.0,0.0,0.0,0.0,0.0,0.0,0.0,0.0,0.0,0.0,0.0,92.86692301432292,0.7607073897705302,93.45914895193917,0.9802296501136598,92.74453844342914,1.03211520456666,0.02987342387842795
2024-10-07,93.63497846456004,93.68421639551829,90.35593810944633,90.9762954711914,11043600,0.0,0.0,92.43759460449219,91.54791831970215,48.07216586581242,0.9388969744630771,1.0146652938148684,2.240875353153848,-0.029006888794087637,0.0,0.0,0.0,0.0,0.0,0.0,0.0,0.0,0.0,6308900.0,6180300.0,6144200.0,0.0,0.0,0.0,0.0,0.0,0.0,0.0,0.0,0.0,0.0,0.0,0.0,0.0,0.0,0.0,0.0,0.0,0.0,0.0,0.0,0.0,0.0,0.0,0.0,92.28923034667969,1.361215570765046,93.06386239188058,1.3388527145610591,92.71148027692523,1.0832871208254078,-0.0012971597076800734
2024-10-08,91.10430110949405,92.30563447090438,90.28700707133167,91.0944595336914,10209100,0.0,0.0,92.13430480957031,91.75027351379394,45.38392117014733,0.7715562394078006,0.9660434829334549,1.9807033927496673,0.0012988445164534568,0.0,0.0,0.0,0.0,0.0,0.0,0.0,0.0,0.0,11043600.0,6308900.0,6180300.0,0.0,0.0,0.0,0.0,0.0,0.0,0.0,0.0,0.0,0.0,0.0,0.0,0.0,0.0,0.0,0.0,0.0,0.0,0.0,0.0,0.0,0.0,0.0,0.0,91.9216079711914,1.5361328125002016,92.57151249476841,1.3388541173775785,92.63622065952846,1.1593665003084734,-0.011645268059614522
2024-10-09,90.4544047302102,92.57150800584968,90.06052382803138,92.16777801513672,8654500,0.0,0.0,92.02598571777344,92.01023368835449,50.597580046216066,0.7172770097287042,0.9162901882925047,1.6302826942900972,0.011782478176385114,0.0,0.0,0.0,0.0,0.0,0.0,0.0,0.0,0.0,10209100.0,11043600.0,6308900.0,0.0,0.0,0.0,0.0,0.0,0.0,0.0,0.0,0.0,0.0,0.0,0.0,0.0,0.0,0.0,0.0,0.0,0.0,0.0,0.0,0.0,0.0,0.0,0.0,91.41284434000652,0.656455883362656,92.20717293875558,0.9470046448550541,92.64677047729492,1.1539880875951982,0.006559802897628142
2024-10-10,92.28594902858242,92.44349688952542,91.27171072717813,91.5671157836914,6698000,0.0,0.0,91.89994354248047,92.19191055297851,47.04508333268064,0.6186603753095028,0.8567642256959044,1.326168160746474,-0.006517052318942396,0.0,0.0,0.0,0.0,0.0,0.0,0.0,0.0,0.0,8654500.0,10209100.0,11043600.0,0.0,0.0,0.0,0.0,0.0,0.0,0.0,0.0,0.0,0.0,0.0,0.0,0.0,0.0,0.0,0.0,0.0,0.0,0.0,0.0,0.0,0.0,0.0,0.0,91.60978444417317,0.537929922568093,92.05805969238281,0.9549811703368761,92.59331512451172,1.1873646940651454,-0.012110934700005904
2024-10-11,91.42926140051188,93.16233300011696,91.38003097923884,92.6896743774414,8089100,0.0,0.0,91.69906463623047,92.3681713104248,54.38729335615913,0.6238952033963585,0.8101904212359953,1.121011480095594,0.012259407584725324,0.0,0.0,0.0,0.0,0.0,0.0,0.0,0.0,0.0,6698000.0,8654500.0,10209100.0,0.0,0.0,0.0,0.0,0.0,0.0,0.0,0.0,0.0,0.0,0.0,0.0,0.0,0.0,0.0,0.0,0.0,0.0,0.0,0.0,0.0,0.0,0.0,0.0,92.14152272542317,0.5617396677105595,92.05524553571429,0.9527684438819237,92.67490441458565,1.1485795933318979,-0.008844915947762932
2024-10-14,92.73891005626591,93.73345769870593,92.36472731054319,93.5168228149414,6262000,0.0,0.0,92.20717010498046,92.52178421020508,54.79760359402815,0.6868699987248306,0.7855263367337624,1.0519122416444195,0.008923846621057052,0.0,0.0,0.0,0.0,0.0,0.0,0.0,0.0,0.0,8089100.0,6698000.0,8654500.0,0.0,0.0,0.0,0.0,0.0,0.0,0.0,0.0,0.0,0.0,0.0,0.0,0.0,0.0,0.0,0.0,0.0,0.0,0.0,0.0,0.0,0.0,0.0,0.0,92.59120432535808,0.9785763334022586,92.24374498639789,1.104076012088674,92.76493399483817,1.162565777688821,0.007960109326509812
2024-10-15,93.79253571612499,94.18641663373656,92.24655931243883,92.7782974243164,6535800,0.0,0.0,92.54393768310547,92.5887435913086,51.08225350223047,0.6694679411263422,0.7623146576122783,1.0215522734213727,-0.007897246381931233,0.0,0.0,0.0,0.0,0.0,0.0,0.0,0.0,0.0,6262000.0,8089100.0,6698000.0,0.0,0.0,0.0,0.0,0.0,0.0,0.0,0.0,0.0,0.0,0.0,0.0,0.0,0.0,0.0,0.0,0.0,0.0,0.0,0.0,0.0,0.0,0.0,0.0,92.99493153889973,0.4541380727446914,92.11292048863002,0.9466083779835313,92.7860347202846,1.159730217084837,-0.02614994775440016
2024-10-16,92.2958057333477,95.30898113180558,92.1973298603972,95.26959228515625,9936300,0.0,0.0,93.16430053710937,92.7448184967041,55.12907946594032,0.8469403585036304,0.7792397977905489,1.1772716493437192,0.026852129538937897,0.0,0.0,0.0,0.0,0.0,0.0,0.0,0.0,0.0,6535800.0,6262000.0,8089100.0,0.0,0.0,0.0,0.0,0.0,0.0,0.0,0.0,0.0,0.0,0.0,0.0,0.0,0.0,0.0,0.0,0.0,0.0,0.0,0.0,0.0,0.0,0.0,0.0,93.85490417480469,1.2795943792185165,92.72624860491071,1.3793636987627802,92.89505549839565,1.3176309034555134,0.002175348760051099
2024-10-17,95.44682937433133,95.8407102911768,94.14702760759874,95.06279754638672,9542500,0.0,0.0,93.86343688964844,92.89695434570312,51.82632004720318,0.9598375113788222,0.8153593405082036,1.2715154171874583,-0.0021706268895385072,0.0,0.0,0.0,0.0,0.0,0.0,0.0,0.0,0.0,9936300.0,6535800.0,6262000.0,0.0,0.0,0.0,0.0,0.0,0.0,0.0,0.0,0.0,0.0,0.0,0.0,0.0,0.0,0.0,0.0,0.0,0.0,0.0,0.0,0.0,0.0,0.0,0.0,94.37022908528645,1.3825251628435036,93.29315403529576,1.4120268112864296,92.93233326503209,1.3739550764154973,-0.007606896694537402
2024-10-18,95.5256080867201,96.04749711427064,94.58029838372508,95.79147338867188,8609700,0.0,0.0,94.48379669189453,93.07075347900391,53.61644435669953,1.09547936488066,0.8713833453826949,1.417081794564219,0.007665205118012608,0.0,0.0,0.0,0.0,0.0,0.0,0.0,0.0,0.0,9542500.0,9936300.0,6535800.0,0.0,0.0,0.0,0.0,0.0,0.0,0.0,0.0,0.0,0.0,0.0,0.0,0.0,0.0,0.0,0.0,0.0,0.0,0.0,0.0,0.0,0.0,0.0,0.0,95.37462107340495,0.37552017995556075,93.81082480294364,1.5844118537444947,93.00899887084961,1.5049666460235624,0.0068308170140853885
2024-10-21,95.71269813611801,95.95887277897084,94.48182492185387,95.1415786743164,8189900,0.0,0.0,94.80874786376953,93.25046119689941,59.45545474551514,1.137423924001837,0.9245914611065233,1.4414207795694434,-0.006784473516954215,0.0,0.0,0.0,0.0,0.0,0.0,0.0,0.0,0.0,8609700.0,9542500.0,9936300.0,0.0,0.0,0.0,0.0,0.0,0.0,0.0,0.0,0.0,0.0,0.0,0.0,0.0,0.0,0.0,0.0,0.0,0.0,0.0,0.0,0.0,0.0,0.0,0.0,95.33194986979167,0.39990375696300295,94.32146235874721,1.2892883206791688,93.189761025565,1.6023058183726528,-0.0012403607145476947
2024-10-22,94.72799699178393,95.77178255773413,94.72799699178393,95.25973510742188,5344300,0.0,0.0,95.30503540039062,93.4006275177002,59.51502765293081,1.166749958729099,0.9730231606310386,1.4880970928546802,0.0012419011199082952,0.0,0.0,0.0,0.0,0.0,0.0,0.0,0.0,0.0,8189900.0,8609700.0,9542500.0,0.0,0.0,0.0,0.0,0.0,0.0,0.0,0.0,0.0,0.0,0.0,0.0,0.0,0.0,0.0,0.0,0.0,0.0,0.0,0.0,0.0,0.0,0.0,0.0,95.39759572347005,0.34618628948919833,94.68861389160156,1.0990608294865227,93.37192971365792,1.686266144468684,0.0051954095166788505
2024-10-23,95.44682411706009,95.65360989666702,94.52120514035491,94.76737976074219,5388500,0.0,0.0,95.20459289550782,93.51485214233398,59.602602943876164,1.137153690945766,1.005849266693984,1.5015613878489034,-0.005168556747764064,0.0,0.0,0.0,0.0,0.0,0.0,0.0,0.0,0.0,5344300.0,8189900.0,8609700.0,0.0,0.0,0.0,0.0,0.0,0.0,0.0,0.0,0.0,0.0,0.0,0.0,0.0,0.0,0.0,0.0,0.0,0.0,0.0,0.0,0.0,0.0,0.0,0.0,95.05623118082683,0.2570342250272365,94.86726488385882,0.971022205121122,93.55550493512835,1.6884495861187012,0.00880488617824371
2024-10-24,95.12188187985645,95.31882610459664,93.7925402916396,93.94024658203125,5015300,0.0,0.0,94.98008270263672,93.52469940185547,50.96825380630843,1.0350245815209433,1.0116843296593758,1.5037825540515892,-0.008728036807593376,0.0,0.0,0.0,0.0,0.0,0.0,0.0,0.0,0.0,5388500.0,5344300.0,8189900.0,0.0,0.0,0.0,0.0,0.0,0.0,0.0,0.0,0.0,0.0,0.0,0.0,0.0,0.0,0.0,0.0,0.0,0.0,0.0,0.0,0.0,0.0,0.0,0.0,94.65578715006511,0.6667849542605899,95.03325762067523,0.5715487003449125,93.57308905465263,1.691283158881197,0.003893624064220891
2024-10-25,94.34396084447539,95.36804818559786,93.55620655237196,93.57589721679688,6638100,0.0,0.0,94.53696746826172,93.47644882202148,62.547513255102636,0.914148838944115,0.9921772315163236,1.484822419054847,-0.0038785225554652802,0.0,0.0,0.0,0.0,0.0,0.0,0.0,0.0,0.0,5015300.0,5388500.0,5344300.0,0.0,0.0,0.0,0.0,0.0,0.0,0.0,0.0,0.0,0.0,0.0,0.0,0.0,0.0,0.0,0.0,0.0,0.0,0.0,0.0,0.0,0.0,0.0,0.0,94.09450785319011,0.6105367048481866,94.79130118233817,0.7765578265635829,93.75877489362445,1.5180874897570837,-0.012162186977194622
2024-10-28,93.7629964611726,95.21050452132519,93.75314737220013,94.72799682617188,8146400,0.0,0.0,94.45425109863281,93.47694091796875,65.9464045713551,0.9009333531837171,0.9739284558498024,1.4852571683739688,0.012311926934623019,0.0,0.0,0.0,0.0,0.0,0.0,0.0,0.0,0.0,6638100.0,5015300.0,5388500.0,0.0,0.0,0.0,0.0,0.0,0.0,0.0,0.0,0.0,0.0,0.0,0.0,0.0,0.0,0.0,0.0,0.0,0.0,0.0,0.0,0.0,0.0,0.0,0.0,94.08138020833333,0.588873842886588,94.74347250802177,0.7673044201611244,94.01831327165876,1.325995637165875,0.0007281283040414532
2024-10-29,94.78708850094262,95.14158059481868,94.21596151495851,94.65907287597656,6834400,0.0,0.0,94.33411865234375,93.57934913635253,61.9905541140865,0.8748140865104546,0.9541055819819328,1.4929917551084748,-0.0007275985189657552,0.0,0.0,0.0,0.0,0.0,0.0,0.0,0.0,0.0,8146400.0,6638100.0,5015300.0,0.0,0.0,0.0,0.0,0.0,0.0,0.0,0.0,0.0,0.0,0.0,0.0,0.0,0.0,0.0,0.0,0.0,0.0,0.0,0.0,0.0,0.0,0.0,0.0,94.32098897298177,0.646187992444367,94.58170100620815,0.6134823767701184,94.19626290457589,1.2216069088294288,0.01104335412871671
2024-10-30,94.23564560499742,95.23019321633727,93.48728013695388,93.62513732910156,7718200,0.0,0.0,94.10567016601563,93.62513732910156,59.508643644677505,0.7619016933660419,0.9156648042587547,1.4788824188952414,-0.01092273054723103,0.0,0.0,0.0,0.0,0.0,0.0,0.0,0.0,0.0,6834400.0,8146400.0,6638100.0,0.0,0.0,0.0,0.0,0.0,0.0,0.0,0.0,0.0,0.0,0.0,0.0,0.0,0.0,0.0,0.0,0.0,0.0,0.0,0.0,0.0,0.0,0.0,0.0,94.33740234375,0.61780151832718,94.36506652832031,0.6495128104574063,94.34326444353376,0.9810293738807399,-0.011642381703627525
2024-10-31,93.81222688072761,95.15141750014403,93.54636157970029,94.72799682617188,8147700,0.0,0.0,94.26322021484376,93.75167083740234,59.4348024768003,0.7527323230805507,0.8830783080231139,1.4584095908484642,0.011779523411470816,0.0,0.0,0.0,0.0,0.0,0.0,0.0,0.0,0.0,7718200.0,6834400.0,8146400.0,0.0,0.0,0.0,0.0,0.0,0.0,0.0,0.0,0.0,0.0,0.0,0.0,0.0,0.0,0.0,0.0,0.0,0.0,0.0,0.0,0.0,0.0,0.0,0.0,94.33740234375,0.61780151832718,94.28910391671317,0.5510740500485135,94.48885890415737,0.8606050046999436,0.004070564648517516
2024-11-01,94.23564618388637,94.91509057268341,93.37896327208513,94.34396362304688,7944900,0.0,0.0,94.41683349609374,93.78416557312012,53.992365473320774,0.7063350700653501,0.8477296604315613,1.4642869068099282,-0.004054062325731578,0.0,0.0,0.0,0.0,0.0,0.0,0.0,0.0,0.0,8147700.0,7718200.0,6834400.0,0.0,0.0,0.0,0.0,0.0,0.0,0.0,0.0,0.0,0.0,0.0,0.0,0.0,0.0,0.0,0.0,0.0,0.0,0.0,0.0,0.0,0.0,0.0,0.0,94.23236592610677,0.5598350668205153,94.22861589704242,0.5116551332933452,94.54794039045062,0.8159753219742459,0.00020868262058781895
2024-11-04,94.36366863067042,94.55075625604506,93.5759067456953,94.32427978515625,6088000,0.0,0.0,94.33609008789062,93.95156478881836,58.018422566734124,0.6603643227138463,0.8102565928880183,1.309594667466047,-0.00020863908123758268,0.0,0.0,0.0,0.0,0.0,0.0,0.0,0.0,0.0,7944900.0,8147700.0,7718200.0,0.0,0.0,0.0,0.0,0.0,0.0,0.0,0.0,0.0,0.0,0.0,0.0,0.0,0.0,0.0,0.0,0.0,0.0,0.0,0.0,0.0,0.0,0.0,0.0,94.46541341145833,0.22761678459887197,94.28347778320312,0.4959287220844685,94.65836770193917,0.6446987132928197,-0.008692889742983434
2024-11-05,94.1371822630836,95.19080943777836,93.79253926438044,95.15142059326172,6561700,0.0,0.0,94.43455963134765,94.15441284179687,49.25920788953881,0.6828045785954373,0.7847661900295022,1.1479818109849336,0.008769118725204805,0.0,0.0,0.0,0.0,0.0,0.0,0.0,0.0,0.0,6088000.0,7944900.0,8147700.0,0.0,0.0,0.0,0.0,0.0,0.0,0.0,0.0,0.0,0.0,0.0,0.0,0.0,0.0,0.0,0.0,0.0,0.0,0.0,0.0,0.0,0.0,0.0,0.0,94.60655466715495,0.47197036076781385,94.50855255126953,0.47848993186310773,94.64992686680385,0.6368058390678698,-0.022853669526489706
2024-11-06,96.7072433718066,98.0267433309907,96.7072433718066,97.37683868408203,11325100,0.0,0.0,95.18489990234374,94.41486587524415,61.57638814674585,0.8701309563618764,0.801839143295977,1.2590718647309056,0.023388175152246893,0.0,0.0,0.0,0.0,0.0,0.0,0.0,0.0,0.0,6561700.0,6088000.0,7944900.0,0.0,0.0,0.0,0.0,0.0,0.0,0.0,0.0,0.0,0.0,0.0,0.0,0.0,0.0,0.0,0.0,0.0,0.0,0.0,0.0,0.0,0.0,0.0,0.0,95.61751302083333,1.5787528530878678,94.88695853097099,1.1937537183849598,94.81521551949638,0.9669493231470512,-0.00040435319934772895
2024-11-07,97.2685229608994,97.99719779479877,96.62846739169622,97.41622924804688,7805100,0.0,0.0,95.72254638671875,94.70732154846192,58.73020167684152,1.0101228818642767,0.843495891009637,1.2419821243374003,0.0004045167669965988,0.0,0.0,0.0,0.0,0.0,0.0,0.0,0.0,0.0,11325100.0,6561700.0,6088000.0,0.0,0.0,0.0,0.0,0.0,0.0,0.0,0.0,0.0,0.0,0.0,0.0,0.0,0.0,0.0,0.0,0.0,0.0,0.0,0.0,0.0,0.0,0.0,0.0,96.64816284179688,1.296366430854165,95.28083801269531,1.5171013373420328,94.93126950945172,1.1694349886474078,-0.0009088309179349219
2024-11-08,97.2192887043375,97.74117772069992,96.11642365149272,97.50484466552734,7982100,0.0,0.0,96.35472259521484,94.94808006286621,63.513497006385094,1.115360829656737,0.897868878739057,1.2958194843606128,0.0009096576429254988,0.0,0.0,0.0,0.0,0.0,0.0,0.0,0.0,0.0,7805100.0,11325100.0,6561700.0,0.0,0.0,0.0,0.0,0.0,0.0,0.0,0.0,0.0,0.0,0.0,0.0,0.0,0.0,0.0,0.0,0.0,0.0,0.0,0.0,0.0,0.0,0.0,0.0,97.43263753255208,0.06556147246965971,95.83508191789899,1.5200951450261055,95.10007422310966,1.3575613091395515,-0.018243171303426897
2024-11-11,97.4851562664288,99.35608501043647,97.4851562664288,99.31669616699219,9137900,0.0,0.0,97.35320587158203,95.23807373046876,69.43400418974609,1.3296367110393845,0.9842224451991226,1.5771092375379405,0.018582168995602943,0.0,0.0,0.0,0.0,0.0,0.0,0.0,0.0,0.0,7982100.0,7805100.0,11325100.0,0.0,0.0,0.0,0.0,0.0,0.0,0.0,0.0,0.0,0.0,0.0,0.0,0.0,0.0,0.0,0.0,0.0,0.0,0.0,0.0,0.0,0.0,0.0,0.0,98.07925669352214,1.072569583258274,96.49061039515904,1.9040357484067623,95.3898571559361,1.765860351443267,-0.0012872076508836372
2024-11-12,99.01143990511726,99.74011471162937,97.97750344659926,99.4447021484375,9366200,0.0,0.0,98.21186218261718,95.5713939666748,73.21611153440082,1.4925754233372288,1.085893040826744,1.7272029864050815,0.0012888666899479873,0.0,0.0,0.0,0.0,0.0,0.0,0.0,0.0,0.0,9137900.0,7982100.0,7805100.0,0.0,0.0,0.0,0.0,0.0,0.0,0.0,0.0,0.0,0.0,0.0,0.0,0.0,0.0,0.0,0.0,0.0,0.0,0.0,0.0,0.0,0.0,0.0,0.0,98.75541432698567,1.0849146240336567,97.2192873273577,1.921539660845186,95.72395161220005,2.057426295084902,-0.0168419836258199
2024-11-13,99.24777057966676,101.62089024610326,98.81450080129083,101.14823913574219,17701300,0.0,0.0,98.96614227294921,95.86532630920411,82.91367583182485,1.7391192405255254,1.2165382807665004,2.127063287032303,0.017130495144546565,0.0,0.0,0.0,0.0,0.0,0.0,0.0,0.0,0.0,9366200.0,9137900.0,7982100.0,0.0,0.0,0.0,0.0,0.0,0.0,0.0,0.0,0.0,0.0,0.0,0.0,0.0,0.0,0.0,0.0,0.0,0.0,0.0,0.0,0.0,0.0,0.0,0.0,99.96987915039062,1.0224947795125354,98.1941386631557,1.9389488459842963,96.2388082231794,2.4425593034517603,-0.058651023269621794
2024-11-14,108.64179411151392,113.05323946068607,106.7413255869947,107.45030975341797,47436100,0.0,0.0,100.97295837402343,96.48470191955566,91.07878203034397,2.4151906082167045,1.4562687462565411,3.3392311781965915,0.062305292425489656,0.0,0.0,0.0,0.0,0.0,0.0,0.0,0.0,0.0,17701300.0,9366200.0,9137900.0,0.0,0.0,0.0,0.0,0.0,0.0,0.0,0.0,0.0,0.0,0.0,0.0,0.0,0.0,0.0,0.0,0.0,0.0,0.0,0.0,0.0,0.0,0.0,0.0,102.68108367919922,4.217184792848829,99.9511228288923,3.590885504831892,97.22983769008091,3.745930789498934,-0.051790070439144076
2024-11-15,108.56301872821416,113.42743213015348,108.56301872821416,113.3191146850586,32048000,0.0,0.0,104.13581237792968,97.361083984375,93.02648748196764,3.385519388182928,1.8421188746418187,5.023182097246818,0.05461878095194539,0.0,0.0,0.0,0.0,0.0,0.0,0.0,0.0,0.0,47436100.0,17701300.0,9366200.0,0.0,0.0,0.0,0.0,0.0,0.0,0.0,0.0,0.0,0.0,0.0,0.0,0.0,0.0,0.0,0.0,0.0,0.0,0.0,0.0,0.0,0.0,0.0,0.0,107.30588785807292,6.086722941955622,102.2285908290318,5.96007545001972,98.5577746800014,5.618196813516637,0.013563551746257119
2024-11-18,111.59588754757984,113.67360207183387,111.16261778512954,111.80267333984375,14226200,0.0,0.0,106.6330078125,98.19413871765137,87.18496851174471,3.9861973918067406,2.270934578074803,5.934593076893099,-0.013382043704007085,0.0,0.0,0.0,0.0,0.0,0.0,0.0,0.0,0.0,32048000.0,47436100.0,17701300.0,0.0,0.0,0.0,0.0,0.0,0.0,0.0,0.0,0.0,0.0,0.0,0.0,0.0,0.0,0.0,0.0,0.0,0.0,0.0,0.0,0.0,0.0,0.0,0.0,110.85736592610677,3.0464606367492273,104.28379712785993,6.481667964884591,99.78231757027763,6.501882279838002,0.009962613836340228
2024-11-19,110.33548017205199,110.77859153312286,109.1242975990554,110.69981384277344,12166800,0.0,0.0,108.88403015136718,98.96614265441895,86.92506594669224,4.3234099146311,2.6814296453860624,6.509223775364003,-0.009864339233803254,0.0,0.0,0.0,0.0,0.0,0.0,0.0,0.0,0.0,14226200.0,32048000.0,47436100.0,0.0,0.0,0.0,0.0,0.0,0.0,0.0,0.0,0.0,0.0,0.0,0.0,0.0,0.0,0.0,0.0,0.0,0.0,0.0,0.0,0.0,0.0,0.0,0.0,111.94053395589192,1.3150811335018198,106.16879272460938,6.088386935294688,101.00193732125419,6.850179082282027,-0.016103610140225322
2024-11-20,110.54226062730129,112.61997515567087,109.76434787620357,112.51165771484375,9319300,0.0,0.0,111.1567138671875,99.85335655212403,87.31407316243869,4.682872685389356,3.0817182533867213,7.090164749799804,0.016367180839560014,0.0,0.0,0.0,0.0,0.0,0.0,0.0,0.0,0.0,12166800.0,14226200.0,32048000.0,0.0,0.0,0.0,0.0,0.0,0.0,0.0,0.0,0.0,0.0,0.0,0.0,0.0,0.0,0.0,0.0,0.0,0.0,0.0,0.0,0.0,0.0,0.0,0.0,111.67138163248698,0.9130294017750917,108.05378723144531,5.639429815401356,102.27219881330218,7.235307816319371,-0.0040097932671322445
2024-11-21,112.4033446064813,114.47121012557376,112.08824136083534,112.9646224975586,10261000,0.0,0.0,112.25957641601562,100.8045753479004,88.95758930495418,4.947270933631458,3.454828789435669,7.518336772365997,0.004025936439963074,0.0,0.0,0.0,0.0,0.0,0.0,0.0,0.0,0.0,9319300.0,12166800.0,14226200.0,0.0,0.0,0.0,0.0,0.0,0.0,0.0,0.0,0.0,0.0,0.0,0.0,0.0,0.0,0.0,0.0,0.0,0.0,0.0,0.0,0.0,0.0,0.0,0.0,112.05869801839192,1.1984235168150452,109.9852044241769,4.372382308208562,103.6022458757673,7.375898839275997,-0.008041453706923218
2024-11-22,112.10792599572653,114.55982322877256,111.86175136353887,113.88038635253906,10098000,0.0,0.0,112.37183074951172,101.8197998046875,89.43604895178055,5.171093789675638,3.7980817894836627,7.854237209049253,0.008106642900526317,0.0,0.0,0.0,0.0,0.0,0.0,0.0,0.0,0.0,10261000.0,9319300.0,12166800.0,0.0,0.0,0.0,0.0,0.0,0.0,0.0,0.0,0.0,0.0,0.0,0.0,0.0,0.0,0.0,0.0,0.0,0.0,0.0,0.0,0.0,0.0,0.0,0.0,113.11888885498047,0.6972826562353243,111.80408259800502,2.1843620106817037,104.99911063058036,7.335334761436507,-0.003017291819287893
2024-11-25,113.90993337230034,114.7961636072362,113.17140942862947,114.22503662109375,10397800,0.0,0.0,112.85630340576172,102.79465179443359,89.22640100845683,5.315017202134271,4.101468872013784,8.132719178631262,0.00302642342192061,0.0,0.0,0.0,0.0,0.0,0.0,0.0,0.0,0.0,10098000.0,10261000.0,9319300.0,0.0,0.0,0.0,0.0,0.0,0.0,0.0,0.0,0.0,0.0,0.0,0.0,0.0,0.0,0.0,0.0,0.0,0.0,0.0,0.0,0.0,0.0,0.0,0.0,113.6900151570638,0.6514152552345919,112.7719007219587,1.223219884466949,106.3615117754255,7.134140904611538,0.0047640663710388775
2024-11-26,114.22502835332881,114.63859992881264,113.67359958601703,113.68344116210938,6808100,0.0,0.0,113.45302886962891,103.74587020874023,86.03128374763018,5.324003517706984,4.3459758011524245,8.242901455357305,-0.00474147765678512,0.0,0.0,0.0,0.0,0.0,0.0,0.0,0.0,0.0,10397800.0,10098000.0,10261000.0,0.0,0.0,0.0,0.0,0.0,0.0,0.0,0.0,0.0,0.0,0.0,0.0,0.0,0.0,0.0,0.0,0.0,0.0,0.0,0.0,0.0,0.0,0.0,0.0,113.92962137858073,0.27413404775900174,112.82394736153739,1.257650070456185,107.5262690952846,6.8810812466334905,-0.01828239298309875
2024-11-27,113.6834489028612,116.39137001803476,113.6834489028612,115.80055236816406,8142400,0.0,0.0,114.11080780029297,104.85464096069336,87.206016774337,5.4392580375964314,4.564632248441226,8.30111514381904,0.018622863491928765,0.0,0.0,0.0,0.0,0.0,0.0,0.0,0.0,0.0,6808100.0,10397800.0,10098000.0,0.0,0.0,0.0,0.0,0.0,0.0,0.0,0.0,0.0,0.0,0.0,0.0,0.0,0.0,0.0,0.0,0.0,0.0,0.0,0.0,0.0,0.0,0.0,0.0,114.56967671712239,1.0998284236844313,113.39507293701172,1.5824026023568474,108.83943503243583,6.549514483850738,0.001106623701507825
2024-11-29,115.4657605810883,115.93841170462812,114.94387152221327,115.67254638671875,5095200,0.0,0.0,114.652392578125,105.9018684387207,86.70909277579412,5.457360012920489,4.74317780133708,8.277446175419497,-0.0011054004391821692,0.0,0.0,0.0,0.0,0.0,0.0,0.0,0.0,0.0,8142400.0,6808100.0,10397800.0,0.0,0.0,0.0,0.0,0.0,0.0,0.0,0.0,0.0,0.0,0.0,0.0,0.0,0.0,0.0,0.0,0.0,0.0,0.0,0.0,0.0,0.0,0.0,0.0,115.05217997233073,1.1870892261227424,114.10546330043248,1.2525886812008225,110.13712801252093,5.898449552935063,0.002645981485470239
2024-12-02,115.97779498010041,116.81478725202038,114.76661996062843,115.3672866821289,8390500,0.0,0.0,114.94977264404297,106.95303459167481,84.53386457060819,5.384999133814844,4.871542067832633,8.06459501291556,-0.002638998743654253,0.0,0.0,0.0,0.0,0.0,0.0,0.0,0.0,0.0,5095200.0,8142400.0,6808100.0,0.0,0.0,0.0,0.0,0.0,0.0,0.0,0.0,0.0,0.0,0.0,0.0,0.0,0.0,0.0,0.0,0.0,0.0,0.0,0.0,0.0,0.0,0.0,0.0,115.61346181233723,0.22259386530602573,114.51341029575893,1.1030946748886477,111.28359876360211,5.145300129491669,0.0060970940165936405
2024-12-03,115.2097314387538,115.43621541296177,113.68344566676863,114.66814422607422,9194000,0.0,0.0,115.03839416503907,107.9702278137207,81.9685205639139,5.21116657809165,4.939466969884436,7.660768098815029,-0.006060144744333251,0.0,0.0,0.0,0.0,0.0,0.0,0.0,0.0,0.0,8390500.0,5095200.0,8142400.0,0.0,0.0,0.0,0.0,0.0,0.0,0.0,0.0,0.0,0.0,0.0,0.0,0.0,0.0,0.0,0.0,0.0,0.0,0.0,0.0,0.0,0.0,0.0,0.0,115.23599243164062,0.5149121869172694,114.75677054268974,0.8671348076125628,112.37098748343331,3.9115740509009793,-0.004615788399056631
2024-12-04,114.1954932810252,115.49529508058183,114.06747766004179,115.19988250732422,7996200,0.0,0.0,115.34168243408203,108.97265090942383,81.03517712245147,5.058004335182119,4.963174442943973,7.192499882333883,0.004637192699322501,0.0,0.0,0.0,0.0,0.0,0.0,0.0,0.0,0.0,9194000.0,8390500.0,5095200.0,0.0,0.0,0.0,0.0,0.0,0.0,0.0,0.0,0.0,0.0,0.0,0.0,0.0,0.0,0.0,0.0,0.0,0.0,0.0,0.0,0.0,0.0,0.0,0.0,115.07843780517578,0.36505020918375297,114.94526999337333,0.7843374392377446,113.37467629568917,2.2677409897989294,0.004205972544859549
2024-12-05,114.76662227234108,115.47559893788029,114.28411456000444,114.7173843383789,9823600,0.0,0.0,115.125048828125,109.83967819213868,71.60417662754291,4.8418744694518665,4.938914448245551,6.752829470966075,-0.004188356432695439,0.0,0.0,0.0,0.0,0.0,0.0,0.0,0.0,0.0,7996200.0,9194000.0,8390500.0,0.0,0.0,0.0,0.0,0.0,0.0,0.0,0.0,0.0,0.0,0.0,0.0,0.0,0.0,0.0,0.0,0.0,0.0,0.0,0.0,0.0,0.0,0.0,0.0,114.86180369059245,0.2938181612964478,115.01560538155692,0.7291179151242447,113.89375305175781,1.5137070140662474,-0.0019704069906636423
2024-12-06,114.76662449645038,115.46575959886914,114.44167215637215,114.9438705444336,6677900,0.0,0.0,114.97931365966797,110.716060256958,57.26871585109782,4.635431172631073,4.878217793122656,6.167671218142811,0.001974297159588634,0.0,0.0,0.0,0.0,0.0,0.0,0.0,0.0,0.0,9823600.0,7996200.0,9194000.0,0.0,0.0,0.0,0.0,0.0,0.0,0.0,0.0,0.0,0.0,0.0,0.0,0.0,0.0,0.0,0.0,0.0,0.0,0.0,0.0,0.0,0.0,0.0,0.0,114.9537124633789,0.24139960291165322,115.19566672188895,0.4459460692798289,114.00980704171317,1.5284731978070907,0.018497595472131145
2024-12-09,114.60906255447757,115.3869753031722,112.16701438055482,112.8563003540039,8666100,0.0,0.0,114.47711639404297,111.48363304138184,54.484477196874586,4.2543326066815865,4.7534407558344425,5.33619343692335,-0.0181616486424363,0.0,0.0,0.0,0.0,0.0,0.0,0.0,0.0,0.0,6677900.0,9823600.0,7996200.0,0.0,0.0,0.0,0.0,0.0,0.0,0.0,0.0,0.0,0.0,0.0,0.0,0.0,0.0,0.0,0.0,0.0,0.0,0.0,0.0,0.0,0.0,0.0,0.0,114.17251841227214,1.1454896259099954,114.77505929129464,0.9184753184544393,114.08506611415318,1.4344883199853928,-0.0010460034887042058
2024-12-10,112.89569435600342,113.19109942412878,111.97992437077218,112.97447204589844,7526400,0.0,0.0,114.13838195800781,112.16652183532715,60.5672211423816,3.9166954879072478,4.5860917022490035,4.506636938789005,0.0010470987576578494,0.0,0.0,0.0,0.0,0.0,0.0,0.0,0.0,0.0,8666100.0,6677900.0,9823600.0,0.0,0.0,0.0,0.0,0.0,0.0,0.0,0.0,0.0,0.0,0.0,0.0,0.0,0.0,0.0,0.0,0.0,0.0,0.0,0.0,0.0,0.0,0.0,0.0,113.59154764811198,1.1726355141853275,114.38962009974888,1.0374864828704726,114.24754170009068,1.1147523851120356,0.0010470987576578494
2024-12-11,112.8858401082012,113.28957011597399,112.23594297789973,112.8563003540039,6426800,0.0,0.0,113.66966552734375,112.83710174560547,51.90008656449981,3.5981034736975204,4.388494056538708,3.3679863060792288,-0.0010460034887042058,0.0,0.0,0.0,0.0,0.0,0.0,0.0,0.0,0.0,7526400.0,8666100.0,6677900.0,0.0,0.0,0.0,0.0,0.0,0.0,0.0,0.0,0.0,0.0,0.0,0.0,0.0,0.0,0.0,0.0,0.0,0.0,0.0,0.0,0.0,0.0,0.0,0.0,112.89569091796875,0.0682264581305014,114.0309077671596,1.0764745659141417,114.27215903145927,1.0766230156673706,-0.002523983745895353
2024-12-12,112.94492436728666,113.25018603635716,112.41319374406237,113.1418685913086,5285100,0.0,0.0,113.35456237792968,113.4367832183838,50.995570670433196,3.3302706897717655,4.176849383185319,1.9438745863665454,0.002530370359553835,0.0,0.0,0.0,0.0,0.0,0.0,0.0,0.0,0.0,6426800.0,7526400.0,8666100.0,0.0,0.0,0.0,0.0,0.0,0.0,0.0,0.0,0.0,0.0,0.0,0.0,0.0,0.0,0.0,0.0,0.0,0.0,0.0,0.0,0.0,0.0,0.0,0.0,112.99088033040364,0.14348947135681325,113.8128683907645,1.0804564706931592,114.28481946672711,1.0609931200804894,0.013763923527590594
2024-12-13,112.57074371290282,113.20095021623429,111.56635444592273,111.6057357788086,6864500,0.0,0.0,112.68693542480469,113.64455451965333,38.05594348443731,2.959937877553344,3.9334670820589244,1.422485068824085,-0.013577050048986017,0.0,0.0,0.0,0.0,0.0,0.0,0.0,0.0,0.0,5285100.0,6426800.0,7526400.0,0.0,0.0,0.0,0.0,0.0,0.0,0.0,0.0,0.0,0.0,0.0,0.0,0.0,0.0,0.0,0.0,0.0,0.0,0.0,0.0,0.0,0.0,0.0,0.0,112.53463490804036,0.817023560710221,113.29941885811942,1.162363279385619,114.12234442574638,1.279378831518579,0.006511464246222509
2024-12-16,111.7639848073583,111.8332188323924,110.5078796257559,110.88372039794922,10528500,0.5,0.0,112.29241943359375,113.52278480529785,33.12375774829813,2.5784629330110675,3.662466252249353,1.550306393222468,-0.006469339374190697,0.0,0.0,0.0,0.9726,0.9726,1.0,1.0,1.0,0.0,6864500.0,5285100.0,6426800.0,0.0,0.0,0.0,0.0,0.0,0.0,0.0,0.0,0.0,0.0,0.0,0.0,0.0,0.0,0.0,0.0,0.0,0.0,0.0,0.0,0.0,0.0,0.0,0.0,111.87710825602214,1.153273853789914,112.75175258091518,1.2800999211348953,113.88367898123605,1.5432038529726808,-0.008051613868432228
2024-12-17,109.81552922358578,112.79260732129272,109.58804923784723,111.78376007080078,12238600,0.0,0.0,112.05427703857421,113.5218391418457,40.74041018203454,2.3220003955713935,3.3943730809137613,1.551416229610551,0.00811696856510058,0.0,0.0,0.0,0.0,0.0,0.0,0.0,0.0,0.0,10528500.0,6864500.0,5285100.0,0.0,0.0,0.0,0.0,0.0,0.0,0.0,0.0,0.0,0.9726,0.0,0.0,0.9726,0.0,0.0,1.0,0.0,0.0,1.0,0.0,0.0,1.0,0.0,0.0,111.42440541585286,0.47663233060144194,112.30030822753906,0.8695735691348664,113.74798747471401,1.6424889502213715,0.014997757222350083
2024-12-18,112.1002574834445,114.84985554493436,110.02322927389694,110.13202667236328,12292800,0.0,0.0,111.5094223022461,113.49344978332519,21.056900244404673,1.9628444567268133,3.108067356076372,1.6098681984068384,-0.01477614813986694,0.0,0.0,0.0,0.0,0.0,0.0,0.0,0.0,0.0,12238600.0,10528500.0,6864500.0,0.0,0.0,0.0,0.0,0.0,0.0,0.0,0.0,0.0,0.0,0.9726,0.0,0.0,0.9726,0.0,0.0,1.0,0.0,0.0,1.0,0.0,0.0,1.0,0.0,110.93316904703777,0.8269762279241283,111.91112627301898,1.1452094899029768,113.3430927821568,1.7896712909240762,-0.00017966702588523287
2024-12-19,110.43864615434012,111.67497342610584,110.03312718714842,110.15181732177734,9468500,0.0,0.0,110.91141204833984,113.37545776367188,21.496553728976323,1.6606646196169237,2.8185868087844828,1.7646527348385783,0.00017969931192629574,0.0,0.0,0.0,0.0,0.0,0.0,0.0,0.0,0.0,12292800.0,12238600.0,10528500.0,0.0,0.0,0.0,0.0,0.0,0.0,0.0,0.0,0.0,0.0,0.0,0.9726,0.0,0.0,0.9726,0.0,0.0,1.0,0.0,0.0,1.0,0.0,0.0,1.0,110.68920135498047,0.9479673012479657,111.50788988385882,1.203833827749225,112.94875499180385,1.8443021642941462,-0.005891191023796871
2024-12-20,109.40012242269523,111.73430879160782,109.22209100316995,110.8045883178711,17955300,0.0,0.0,110.75118255615234,113.2674560546875,27.258892745563898,1.4570619820298276,2.546281843433552,1.854912154615859,0.00592610282758077,0.0,0.0,0.0,0.0,0.0,0.0,0.0,0.0,0.0,9468500.0,12292800.0,12238600.0,0.0,0.0,0.0,0.0,0.0,0.0,0.0,0.0,0.0,0.0,0.0,0.0,0.0,0.0,0.0,0.0,0.0,0.0,0.0,0.0,0.0,0.0,0.0,0.0,110.36281077067058,0.38271852366925274,111.21478816441127,1.062258386655657,112.62284796578544,1.7862723516574384,0.00565521751305309
2024-12-23,110.38919011338137,110.62656283684323,109.10340673157249,110.18148803710938,6037200,0.0,0.0,110.61073608398438,113.08251113891602,27.467095810104027,1.2312335457737191,2.2832721839015857,1.9713301085893649,-0.005623415873124316,0.0,0.0,0.0,0.0,0.0,0.0,0.0,0.0,0.0,17955300.0,9468500.0,12292800.0,0.0,0.0,0.0,0.0,0.0,0.0,0.0,0.0,0.0,0.0,0.0,0.0,0.0,0.0,0.0,0.0,0.0,0.0,0.0,0.0,0.0,0.0,0.0,0.0,110.37929789225261,0.36861097030579404,110.79187665666852,0.6919114174761922,112.30237252371651,1.7935597236366594,-0.0103055169558679
2024-12-24,110.03312027263563,111.50682017510864,109.9737789820216,111.32878875732422,2475000,0.0,0.0,110.51974182128906,112.93769874572754,31.690636890087234,1.131793847803607,2.0529765166819898,1.9892800955627374,0.01041282651608788,0.0,0.0,0.0,0.0,0.0,0.0,0.0,0.0,0.0,6037200.0,17955300.0,9468500.0,0.0,0.0,0.0,0.0,0.0,0.0,0.0,0.0,0.0,0.0,0.0,0.0,0.0,0.0,0.0,0.0,0.0,0.0,0.0,0.0,0.0,0.0,0.0,0.0,110.77162170410156,0.5743603693410431,110.75231279645648,0.6438684257024301,112.02586582728794,1.6005059817726575,8.875460632973287e-05
2024-12-26,110.89361181525133,112.0804829577595,110.63645363419558,111.31890869140625,4781400,0.0,0.0,110.75711822509766,112.81947212219238,33.17375068087675,1.0401991635338277,1.8504210460523576,2.01275236366796,-8.874672964875874e-05,0.0,0.0,0.0,0.0,0.0,0.0,0.0,0.0,0.0,2475000.0,6037200.0,17955300.0,0.0,0.0,0.0,0.0,0.0,0.0,0.0,0.0,0.0,0.0,0.0,0.0,0.0,0.0,0.0,0.0,0.0,0.0,0.0,0.0,0.0,0.0,0.0,0.0,110.94306182861328,0.6595607506935922,110.81448255266461,0.678737393748407,111.7831175667899,1.4068949612192387,0.00896456811123092
2024-12-27,110.59689261484246,110.89361417976767,109.64739417140181,110.32984924316406,4523800,0.0,0.0,110.792724609375,112.54593696594239,28.75936086562851,0.8776834957870818,1.6558735359993024,1.957270151650988,-0.008884918652805163,0.0,0.0,0.0,0.0,0.0,0.0,0.0,0.0,0.0,4781400.0,2475000.0,6037200.0,0.0,0.0,0.0,0.0,0.0,0.0,0.0,0.0,0.0,0.0,0.0,0.0,0.0,0.0,0.0,0.0,0.0,0.0,0.0,0.0,0.0,0.0,0.0,0.0,110.99251556396484,0.5739071296551397,110.60678100585938,0.5412174097547848,111.45354461669922,1.1208707960086117,0.006768971572881366
2024-12-30,109.22209525846377,110.3199544639852,108.6286596855734,109.58805084228516,5716300,0.0,0.0,110.5494171142578,112.2417121887207,32.82676672920576,0.6811795133423146,1.460934731467905,1.918189552584741,-0.006723460658810465,0.0,0.0,0.0,0.0,0.0,0.0,0.0,0.0,0.0,4523800.0,4781400.0,2475000.0,0.0,0.0,0.0,0.0,0.0,0.0,0.0,0.0,0.0,0.0,0.0,0.0,0.0,0.0,0.0,0.0,0.0,0.0,0.0,0.0,0.0,0.0,0.0,0.0,110.41226959228516,0.8683674676820807,110.52907017299107,0.6490562844002735,111.22009822300502,1.1462967040772427,-0.004939306453484393
2024-12-31,109.56826176482977,110.3693993844978,109.45946436636343,110.13202667236328,4757500,0.0,0.0,110.53952484130859,111.97994918823242,35.703908809537154,0.5628547555545822,1.2813187362852407,1.8241181247653624,0.004963824302897768,0.0,0.0,0.0,0.0,0.0,0.0,0.0,0.0,0.0,5716300.0,4523800.0,4781400.0,0.0,0.0,0.0,0.0,0.0,0.0,0.0,0.0,0.0,0.0,0.0,0.0,0.0,0.0,0.0,0.0,0.0,0.0,0.0,0.0,0.0,0.0,0.0,0.0,110.01664225260417,0.38412418581705904,110.5262429373605,0.6510135990297022,111.01706641060966,1.0601493034241043,0.004782509219179554
2025-01-02,110.47819788336757,110.97272877370663,108.96493456628087,109.60782623291016,5688100,0.0,0.0,110.19533233642578,111.72693328857422,34.3028940092166,0.42191931476104116,1.1094388519804008,1.7820887445110452,-0.004759745691528927,0.0,0.0,0.0,0.0,0.0,0.0,0.0,0.0,0.0,4757500.0,5716300.0,4523800.0,0.0,0.0,0.0,0.0,0.0,0.0,0.0,0.0,0.0,0.0,0.0,0.0,0.0,0.0,0.0,0.0,0.0,0.0,0.0,0.0,0.0,0.0,0.0,0.0,109.77596791585286,0.3085144163325819,110.35527692522321,0.7192959158960278,110.78503254481724,0.9790236684427347,-0.0030587217252305843
2025-01-03,110.15181676014308,110.31995545721965,108.97483078872155,109.9441146850586,5393100,0.0,0.0,109.92037353515624,111.46414489746094,34.62335405877769,0.33351804177780764,0.9542546899398823,1.6234608370601722,0.0030681062083455224,0.0,0.0,0.0,0.0,0.0,0.0,0.0,0.0,0.0,5688100.0,4757500.0,5716300.0,0.0,0.0,0.0,0.0,0.0,0.0,0.0,0.0,0.0,0.0,0.0,0.0,0.0,0.0,0.0,0.0,0.0,0.0,0.0,0.0,0.0,0.0,0.0,0.0,109.89465586344402,0.2655770254709035,110.32136644635882,0.7342935441424653,110.55662155151367,0.7276093634202161,0.0009905298813899233
2025-01-06,110.2507236776725,111.61562629000218,109.65728808735275,109.83531951904297,6274400,0.0,0.0,109.82146759033203,111.22004165649415,40.13228282704577,0.25177819309993765,0.8137593905718934,1.4681648786713921,-0.0009895497028401534,0.0,0.0,0.0,0.0,0.0,0.0,0.0,0.0,0.0,5393100.0,5688100.0,4757500.0,0.0,0.0,0.0,0.0,0.0,0.0,0.0,0.0,0.0,0.0,0.0,0.0,0.0,0.0,0.0,0.0,0.0,0.0,0.0,0.0,0.0,0.0,0.0,0.0,109.7957534790039,0.17160007111307257,110.10801369803292,0.5969126388076947,110.43016324724469,0.6837763993864209,-0.0030522676951507677
2025-01-07,110.92328178926861,112.49588642085259,110.07268804211688,110.17159271240234,7878800,0.0,0.0,109.93817596435547,110.98142776489257,45.852491970701735,0.21169294596387545,0.6933461016502899,1.1931441419237097,0.0030616125562512586,0.0,0.0,0.0,0.0,0.0,0.0,0.0,0.0,0.0,6274400.0,5393100.0,5688100.0,0.0,0.0,0.0,0.0,0.0,0.0,0.0,0.0,0.0,0.0,0.0,0.0,0.0,0.0,0.0,0.0,0.0,0.0,0.0,0.0,0.0,0.0,0.0,0.0,109.98367563883464,0.17159171582979718,109.94411141531808,0.28506025338148444,110.37929698399135,0.6738564955002722,0.014850551696836023
2025-01-08,109.78585987396625,109.89465727571495,107.45167342071821,108.5594253540039,7805300,0.0,0.0,109.6236557006836,110.76658401489257,32.65952400881672,0.04926872721338782,0.5645306267629095,1.2242303197347617,-0.014633240009581439,0.0,0.0,0.0,0.0,0.0,0.0,0.0,0.0,0.0,7878800.0,6274400.0,5393100.0,0.0,0.0,0.0,0.0,0.0,0.0,0.0,0.0,0.0,0.0,0.0,0.0,0.0,0.0,0.0,0.0,0.0,0.0,0.0,0.0,0.0,0.0,0.0,0.0,109.52211252848308,0.850496832488914,109.69119371686664,0.5489909485567658,110.148987361363,0.707101035672238,0.010216253184281321
2025-01-10,108.79680271846594,109.33089701914247,106.44283824891498,107.4615707397461,8835500,0.0,0.0,109.19440460205078,110.49093894958496,34.72848072768143,-0.16612632767112245,0.41839923587610317,1.3179888345159916,-0.010112936860874111,0.0,0.0,0.0,0.0,0.0,0.0,0.0,0.0,0.0,7805300.0,7878800.0,6274400.0,0.0,0.0,0.0,0.0,0.0,0.0,0.0,0.0,0.0,0.0,0.0,0.0,0.0,0.0,0.0,0.0,0.0,0.0,0.0,0.0,0.0,0.0,0.0,0.0,108.73086293538411,1.363120649943604,109.38741084507534,1.0101929110120038,109.9582405090332,1.0081374196687976,0.005273882690046916
2025-01-13,106.7494434767557,107.42200582213037,105.55267956950455,106.8978042602539,6690200,0.0,0.0,108.58514251708985,110.19301414489746,32.48125353241939,-0.3779627841051223,0.25912683187985813,1.4243243149217082,-0.005246214768789614,0.0,0.0,0.0,0.0,0.0,0.0,0.0,0.0,0.0,8835500.0,7805300.0,7878800.0,0.0,0.0,0.0,0.0,0.0,0.0,0.0,0.0,0.0,0.0,0.0,0.0,0.0,0.0,0.0,0.0,0.0,0.0,0.0,0.0,0.0,0.0,0.0,0.0,107.6396001180013,0.8449952718452418,108.92537907191685,1.3084541136926389,109.72581100463867,1.294512178609914,-0.00036992132269308975
2025-01-14,107.49123485455458,107.76817094638265,106.43293904881585,106.93736267089844,5501600,0.0,0.0,108.00555114746093,109.88278884887696,27.707993783209204,-0.5364685928939679,0.10000774692509293,1.4239312634149808,0.00037005821511759684,0.0,0.0,0.0,0.0,0.0,0.0,0.0,0.0,0.0,6690200.0,8835500.0,7805300.0,0.0,0.0,0.0,0.0,0.0,0.0,0.0,0.0,0.0,0.0,0.0,0.0,0.0,0.0,0.0,0.0,0.0,0.0,0.0,0.0,0.0,0.0,0.0,0.0,107.09891255696614,0.31469339859098194,108.54388427734375,1.4571673514619652,109.44958060128349,1.4498896898482765,-0.0005546811588735823
2025-01-15,107.97588085413315,108.40117775344288,106.8087875638839,106.99671173095703,6296900,0.0,0.0,107.37057495117188,109.65233764648437,30.36577553387538,-0.6498060554686589,-0.049955013553657446,1.5012760272377836,0.0005549890008158531,0.0,0.0,0.0,0.0,0.0,0.0,0.0,0.0,0.0,5501600.0,6690200.0,8835500.0,0.0,0.0,0.0,0.0,0.0,0.0,0.0,0.0,0.0,0.0,0.0,0.0,0.0,0.0,0.0,0.0,0.0,0.0,0.0,0.0,0.0,0.0,0.0,0.0,106.94395955403645,0.04978263845152764,108.1228267124721,1.4102063397515687,109.22209657941546,1.571004895037059,0.016156309969463045
2025-01-16,107.1055096100533,107.41211637162269,104.99881056705206,105.29552459716797,7872800,0.0,0.0,106.7177947998047,109.37292785644532,15.182612616103157,-0.8669052512870508,-0.21334506110033613,1.7580923324641362,-0.01589943378883174,0.0,0.0,0.0,0.0,0.0,0.0,0.0,0.0,0.0,6296900.0,5501600.0,6690200.0,0.0,0.0,0.0,0.0,0.0,0.0,0.0,0.0,0.0,0.0,0.0,0.0,0.0,0.0,0.0,0.0,0.0,0.0,0.0,0.0,0.0,0.0,0.0,0.0,106.40986633300781,0.9655043790211402,107.47428458077567,1.5301878363238288,108.7911491394043,1.7642721052468042,-0.005232562372012306
2025-01-17,105.66147151604837,106.56151380980845,105.37464269502037,105.8493881225586,7144300,0.0,0.0,106.39535827636719,109.0762092590332,20.30061420348669,-0.9829351063695952,-0.36726307015418796,1.829139373548115,0.005260086100616013,0.0,0.0,0.0,0.0,0.0,0.0,0.0,0.0,0.0,7872800.0,6296900.0,5501600.0,0.0,0.0,0.0,0.0,0.0,0.0,0.0,0.0,0.0,0.0,0.0,0.0,0.0,0.0,0.0,0.0,0.0,0.0,0.0,0.0,0.0,0.0,0.0,0.0,106.04720815022786,0.867674471534852,106.85682678222656,1.060258403932913,108.40046909877232,1.7670506894257205,-0.015455427470556393
2025-01-21,105.92851944244893,108.25281321091066,105.63180542393161,107.51101684570312,8643700,0.0,0.0,106.51800079345703,108.94515876770019,35.735674288308715,-0.9300885692589844,-0.47982816997514727,1.8433501875418203,0.015698047505202428,0.0,0.0,0.0,0.0,0.0,0.0,0.0,0.0,0.0,7144300.0,7872800.0,6296900.0,0.0,0.0,0.0,0.0,0.0,0.0,0.0,0.0,0.0,0.0,0.0,0.0,0.0,0.0,0.0,0.0,0.0,0.0,0.0,0.0,0.0,0.0,0.0,0.0,106.21864318847656,1.1529802485775806,106.7070541381836,0.8283504820696082,108.19912392752511,1.6891769749276093,-0.0010109921738671312
2025-01-22,108.35173085786397,108.35173085786397,107.04616949153079,107.61981964111328,8781700,0.0,0.0,106.6544921875,108.818558883667,39.35827924060074,-0.8694058619828127,-0.5577437083766803,1.8430639062211687,0.0010120153134287602,0.0,0.0,0.0,0.0,0.0,0.0,0.0,0.0,0.0,8643700.0,7144300.0,7872800.0,0.0,0.0,0.0,0.0,0.0,0.0,0.0,0.0,0.0,0.0,0.0,0.0,0.0,0.0,0.0,0.0,0.0,0.0,0.0,0.0,0.0,0.0,0.0,0.0,106.993408203125,0.992242899005711,106.7296611240932,0.8541326163123425,108.05853598458427,1.646042129333708,-0.020082822983864324
2025-01-23,107.31320629356335,109.85509484125981,107.30331356260781,109.82542419433594,7608300,0.0,0.0,107.22023468017578,108.76960067749023,48.594770716178445,-0.6360090088799382,-0.5733967684773319,1.8000341138163853,0.020494408563197952,0.0,0.0,0.0,0.0,0.0,0.0,0.0,0.0,0.0,8781700.0,8643700.0,7144300.0,0.0,0.0,0.0,0.0,0.0,0.0,0.0,0.0,0.0,0.0,0.0,0.0,0.0,0.0,0.0,0.0,0.0,0.0,0.0,0.0,0.0,0.0,0.0,0.0,108.31875356038411,1.305948625131356,107.14789254324776,1.4553527287543784,108.03663580758231,1.6181358375744046,-0.009985809031684112
2025-01-24,109.94411990338145,112.14972362392321,109.41991077935286,110.93318176269531,8304500,0.0,0.0,108.34776611328125,108.80718536376953,55.765976698041754,-0.35753213550989926,-0.5302238418838454,1.8385025146383984,0.010086531206100258,0.0,0.0,0.0,0.0,0.0,0.0,0.0,0.0,0.0,7608300.0,8781700.0,8643700.0,0.0,0.0,0.0,0.0,0.0,0.0,0.0,0.0,0.0,0.0,0.0,0.0,0.0,0.0,0.0,0.0,0.0,0.0,0.0,0.0,0.0,0.0,0.0,0.0,109.45947519938152,1.6867220095099789,107.71872384207589,2.0294277697674628,108.13130405970982,1.750485573973052,-0.010411002909167855
2025-01-27,110.4584192521396,112.83216901957242,110.24082445444975,112.10025787353516,10176900,0.0,0.0,109.59794006347656,108.84575881958008,58.74796476174557,-0.04217772006171572,-0.4326146175194195,1.901215997040158,0.010520532200513522,0.0,0.0,0.0,0.0,0.0,0.0,0.0,0.0,0.0,8304500.0,7608300.0,8781700.0,0.0,0.0,0.0,0.0,0.0,0.0,0.0,0.0,0.0,0.0,0.0,0.0,0.0,0.0,0.0,0.0,0.0,0.0,0.0,0.0,0.0,0.0,0.0,0.0,110.9529546101888,1.137545731445062,108.4478018624442,2.571222734354416,108.28531428745815,1.9994006907903148,0.010700842777782382
2025-01-28,111.6156240950433,111.72442149815572,110.33973345067807,110.91339111328125,6516800,0.0,0.0,110.27841491699219,108.82548294067382,54.02212803748161,0.11069665555476149,-0.32395236290458335,1.8754400728300717,-0.010587547100853745,0.0,0.0,0.0,0.0,0.0,0.0,0.0,0.0,0.0,10176900.0,8304500.0,7608300.0,0.0,0.0,0.0,0.0,0.0,0.0,0.0,0.0,0.0,0.0,0.0,0.0,0.0,0.0,0.0,0.0,0.0,0.0,0.0,0.0,0.0,0.0,0.0,0.0,111.31561024983723,0.6795968198003638,109.25035422188895,2.284030226999395,108.36231940133231,2.082714485195023,-0.009276490192255404
2025-01-29,112.25851868153497,113.12889038296687,111.52661503383217,111.95191192626953,7607100,0.0,0.0,111.14483337402343,108.90658607482911,56.31139648606543,0.31205349155472106,-0.1967511920127225,1.9762819920679449,0.00936334920936277,0.0,0.0,0.0,0.0,0.0,0.0,0.0,0.0,0.0,6516800.0,10176900.0,8304500.0,0.0,0.0,0.0,0.0,0.0,0.0,0.0,0.0,0.0,0.0,0.0,0.0,0.0,0.0,0.0,0.0,0.0,0.0,0.0,0.0,0.0,0.0,0.0,0.0,111.65518697102864,0.646681877700738,110.1221433367048,1.9023009866741045,108.48948505946568,2.2493657954965984,-0.0021158290781682076
2025-01-30,112.84206217153721,113.9201435054987,111.88267852135047,112.18928527832031,6236200,0.0,0.0,111.61760559082032,109.03664779663086,64.25799383017579,0.48519129722764376,-0.060362694164649275,2.1049005293790706,0.0021203153029409894,0.0,0.0,0.0,0.0,0.0,0.0,0.0,0.0,0.0,7607100.0,6516800.0,10176900.0,0.0,0.0,0.0,0.0,0.0,0.0,0.0,0.0,0.0,0.0,0.0,0.0,0.0,0.0,0.0,0.0,0.0,0.0,0.0,0.0,0.0,0.0,0.0,0.0,111.6848627726237,0.6785741801328854,110.79046739850726,1.6350835430794632,108.74876076834542,2.457608277213608,0.003272655001495206
2025-01-31,112.06070637892775,112.76293936031657,111.52661209464412,111.82332611083984,7793400,0.0,0.0,111.79563446044922,109.12121276855468,68.17804887975417,0.5861180057224828,0.06893344581277716,2.1837222566427057,-0.0032619796674218104,0.0,0.0,0.0,0.0,0.0,0.0,0.0,0.0,0.0,6236200.0,7607100.0,6516800.0,0.0,0.0,0.0,0.0,0.0,0.0,0.0,0.0,0.0,0.0,0.0,0.0,0.0,0.0,0.0,0.0,0.0,0.0,0.0,0.0,0.0,0.0,0.0,0.0,111.98817443847656,0.1856549364009465,111.3909683227539,0.8689619818231118,109.06031472342355,2.5563656821831495,-0.00824561345340924
2025-02-03,110.13202887413902,113.34647969358954,109.64739070960889,112.75304412841797,8870700,0.0,0.0,111.92619171142579,109.27847366333008,73.67998825038043,0.7326777701252638,0.2016823106752745,2.329027372907098,0.008314168876148331,0.0,0.0,0.0,0.0,0.0,0.0,0.0,0.0,0.0,7793400.0,6236200.0,7607100.0,0.0,0.0,0.0,0.0,0.0,0.0,0.0,0.0,0.0,0.0,0.0,0.0,0.0,0.0,0.0,0.0,0.0,0.0,0.0,0.0,0.0,0.0,0.0,0.0,112.25521850585938,0.46835274198327725,111.80919974190849,0.6721196567204336,109.47854614257812,2.6525173121918337,0.006178231907484344
2025-02-04,112.55523800170222,113.40583176957502,111.27934734989304,112.06070709228516,13521100,0.0,0.0,112.15565490722656,109.38430328369141,69.6808806832669,0.7839250268732485,0.3181308539148693,2.4076276627214646,-0.006140295736444035,0.0,0.0,0.0,0.0,0.0,0.0,0.0,0.0,0.0,8870700.0,7793400.0,6236200.0,0.0,0.0,0.0,0.0,0.0,0.0,0.0,0.0,0.0,0.0,0.0,0.0,0.0,0.0,0.0,0.0,0.0,0.0,0.0,0.0,0.0,0.0,0.0,0.0,112.21235911051433,0.4830555341031723,111.97027478899274,0.5514679273745681,109.84449931553432,2.6282644577085823,0.024968355333578662
2025-02-05,114.43444953667974,117.29283759233114,109.0242877207673,109.33089447021484,23310000,0.0,0.0,111.63145141601562,109.35908203125,57.44009665078193,0.5973795627143801,0.3739805956747715,2.4052952867091837,-0.024360123123462363,0.0,0.0,0.0,0.0,0.0,0.0,0.0,0.0,0.0,13521100.0,8870700.0,7793400.0,0.0,0.0,0.0,0.0,0.0,0.0,0.0,0.0,0.0,0.0,0.0,0.0,0.0,0.0,0.0,0.0,0.0,0.0,0.0,0.0,0.0,0.0,0.0,0.0,111.38154856363933,1.8093422288389347,111.57465144566127,1.131261044579549,110.01122665405273,2.504853542625331,-0.013828079897560852
2025-02-06,110.65622768315143,111.44748011446863,107.95609328722067,110.86392974853516,12470800,0.0,0.0,111.36638031005859,109.39369888305664,67.94134970024906,0.5667113772397983,0.4125267519877769,2.4225246663856854,0.014021976914658563,0.0,0.0,0.0,0.4404,0.4404,1.0,116.0,1.0,0.0,23310000.0,13521100.0,8870700.0,0.0,0.0,0.0,0.0,0.0,0.0,0.0,0.0,0.0,0.0,0.0,0.0,0.0,0.0,0.0,0.0,0.0,0.0,0.0,0.0,0.0,0.0,0.0,0.0,110.75184377034505,1.368353641345815,111.56758553641183,1.1362232703105413,110.40896987915039,2.109324495671365,0.011094996883806996
2025-02-07,110.38918862647579,111.31890913759743,109.59793616433703,109.64739227294922,8669300,0.0,0.0,110.93119354248047,109.4480972290039,61.73597751876579,0.439179622735864,0.41785732613739435,2.41500848685068,-0.01097324872341554,0.0,0.0,0.0,0.0,0.0,0.0,0.0,0.0,0.0,12470800.0,23310000.0,13521100.0,0.0,0.0,0.0,0.0,0.0,0.0,0.0,0.0,0.0,0.4404,0.0,0.0,0.4404,0.0,0.0,1.0,0.0,0.0,116.0,0.0,0.0,1.0,0.0,0.0,109.94740549723308,0.8093548308394655,111.23836844308036,1.3245608110668805,110.68025588989258,1.6779134713407888,0.014458234437728867
2025-02-10,109.92433430971332,110.16170704280222,107.50113577565399,108.08467864990234,8239500,0.0,0.0,109.99752044677734,109.47925262451172,51.783539658857215,0.209595769673669,0.3762050148446493,2.3919411121468377,-0.01425217317669314,0.0,0.0,0.0,0.0,0.0,0.0,0.0,0.0,0.0,8669300.0,12470800.0,23310000.0,0.0,0.0,0.0,0.0,0.0,0.0,0.0,0.0,0.0,0.0,0.4404,0.0,0.0,0.4404,0.0,0.0,1.0,0.0,0.0,116.0,0.0,0.0,1.0,0.0,109.53200022379558,1.3932141475988031,110.65199606759208,1.6912252263859497,110.72123173304966,1.5997489187228926,0.0023849571447815965
2025-02-11,107.19451569698599,107.85719284117596,106.51206818285583,107.8275146484375,7456700,0.0,0.0,109.15088195800782,109.5257381439209,50.63983028738422,0.006819317503243383,0.3023278753763681,2.3477582589800114,-0.002379282657608006,0.0,0.0,0.0,0.8357,0.8357,1.0,1.0,1.0,0.0,8239500.0,8669300.0,12470800.0,0.0,0.0,0.0,0.0,0.0,0.0,0.0,0.0,0.0,0.0,0.0,0.4404,0.0,0.0,0.4404,0.0,0.0,1.0,0.0,0.0,116.0,0.0,0.0,1.0,108.51986185709636,0.9848994669091803,110.08116585867745,1.8923621888727538,110.73606709071568,1.5694515507130746,-0.0019226161307811518
2025-02-12,107.0659410197461,108.33193893022691,106.57141011434312,108.03522491455078,6521200,0.0,0.0,108.891748046875,109.58063125610352,43.71091180722737,-0.1355593553335268,0.21475042923438914,2.296325268449221,0.0019263197041172742,0.0,0.0,0.0,0.0,0.0,0.0,0.0,0.0,0.0,7456700.0,8239500.0,8669300.0,0.0,0.0,0.0,0.0,0.0,0.0,0.0,0.0,0.0,0.8357,0.0,0.0,0.8357,0.0,0.0,1.0,0.0,0.0,1.0,0.0,0.0,1.0,0.0,0.0,107.9824727376302,0.13645667825499014,109.40719168526786,1.599659363574532,110.60819571358817,1.7154877964960613,-0.0032849156285796877
2025-02-13,107.72861152019068,108.5594273720852,107.3725486616563,108.39128112792969,6553200,0.0,0.0,108.3972183227539,109.65035972595214,40.57220116289731,-0.21716141696933278,0.12836805999364476,2.234063532252318,0.003295741862531676,0.0,0.0,0.0,0.0,0.0,0.0,0.0,0.0,0.0,6521200.0,7456700.0,8239500.0,0.0,0.0,0.0,0.0,0.0,0.0,0.0,0.0,0.0,0.0,0.8357,0.0,0.0,0.8357,0.0,0.0,1.0,0.0,0.0,1.0,0.0,0.0,1.0,0.0,108.08467356363933,0.2851175854325762,108.88298797607422,1.1121198991816574,110.42663138253349,1.8103389992502485,-0.007157144876783428
2025-02-14,108.65833672102133,109.30122844026161,108.39128579265632,109.17264556884766,5964500,0.0,0.0,108.3022689819336,109.84421577453614,38.821785004748286,-0.21628881564815572,0.05943668486528467,1.991320322671517,0.007208738865220665,0.0,0.0,0.0,0.0,0.0,0.0,0.0,0.0,0.0,6553200.0,6521200.0,7456700.0,0.0,0.0,0.0,0.0,0.0,0.0,0.0,0.0,0.0,0.0,0.0,0.8357,0.0,0.0,0.8357,0.0,0.0,1.0,0.0,0.0,1.0,0.0,0.0,1.0,108.53305053710938,0.581812134834164,108.86038099016461,1.10306903560093,110.21751621791294,1.7707995034661386,0.007484524760769995
2025-02-18,108.57920522000332,108.71767327090824,107.52090937611987,108.36161041259766,8362900,0.0,0.0,108.35765533447265,109.96982688903809,39.96889300236512,-0.27783828501875973,-0.008018309111524215,1.7956919729221357,-0.007428922804096905,0.0,0.0,0.0,0.0,0.0,0.0,0.0,0.0,0.0,5964500.0,6553200.0,6521200.0,0.0,0.0,0.0,0.0,0.0,0.0,0.0,0.0,0.0,0.0,0.0,0.0,0.0,0.0,0.0,0.0,0.0,0.0,0.0,0.0,0.0,0.0,0.0,0.0,108.641845703125,0.45992549497294394,108.5029067993164,0.6634025507222286,110.03524616786412,1.82418649416369,-0.016075398894024873
2025-02-19,107.9462010643494,110.53754562045461,107.9462010643494,110.13202667236328,8452100,0.0,0.0,108.81855773925781,110.10087738037109,43.23524740794518,-0.18166476839027723,-0.04274760096727482,1.6998879357127905,0.016338039394436787,0.0,0.0,0.0,0.0,0.0,0.0,0.0,0.0,0.0,8362900.0,5964500.0,6553200.0,0.0,0.0,0.0,0.0,0.0,0.0,0.0,0.0,0.0,0.0,0.0,0.0,0.0,0.0,0.0,0.0,0.0,0.0,0.0,0.0,0.0,0.0,0.0,0.0,109.2220942179362,0.8862433694441786,108.57214028494698,0.8115057299551872,109.90525436401367,1.7399982630630502,0.007236429139806377
2025-02-20,110.02323733555593,110.30017344432837,108.18358170334704,109.34078979492188,5970100,0.0,0.0,109.07967071533203,110.18692588806152,39.83050385797929,-0.16736350463519045,-0.06767078170085794,1.608804060624631,-0.007184439452796898,0.0,0.0,0.0,0.0,0.0,0.0,0.0,0.0,0.0,8452100.0,8362900.0,5964500.0,0.0,0.0,0.0,0.0,0.0,0.0,0.0,0.0,0.0,0.0,0.0,0.0,0.0,0.0,0.0,0.0,0.0,0.0,0.0,0.0,0.0,0.0,0.0,0.0,109.27814229329427,0.8868691928950938,108.7515847342355,0.8245251511609815,109.70179040091378,1.6143819554086984,0.017393747019752714
2025-02-21,109.7858594169306,110.53754849517173,106.73954727253367,107.4714584350586,9082100,0.0,0.0,108.89570617675781,110.06922760009766,35.96938298619686,-0.30337198476335914,-0.11481102231335819,1.718977386920295,-0.01709637696388855,0.0,0.0,0.0,0.0,0.0,0.0,0.0,0.0,0.0,5970100.0,8452100.0,8362900.0,0.0,0.0,0.0,0.0,0.0,0.0,0.0,0.0,0.0,0.0,0.0,0.0,0.0,0.0,0.0,0.0,0.0,0.0,0.0,0.0,0.0,0.0,0.0,0.0,108.98142496744792,1.3662039180731131,108.70071956089565,0.8986802644941322,109.39094270978656,1.5932955002291842,-0.022841637624994138
2025-02-24,107.64947909263448,110.33972830608549,107.4615624881551,109.9836654663086,7093300,0.0,0.0,109.05791015625,110.02175178527833,41.89811735485098,-0.20607012499466748,-0.13306284284962006,1.706930253283836,0.02337557401594248,0.0,0.0,0.0,0.0,0.0,0.0,0.0,0.0,0.0,9082100.0,5970100.0,8452100.0,0.0,0.0,0.0,0.0,0.0,0.0,0.0,0.0,0.0,0.0,0.0,0.0,0.0,0.0,0.0,0.0,0.0,0.0,0.0,0.0,0.0,0.0,0.0,0.0,108.93197123209636,1.3050461696618898,108.97906821114677,0.9579908298947135,109.19312994820731,1.2860629557380954,0.006061586066168356
2025-02-25,110.21116396294765,110.67602424703482,107.87697735693692,109.32100677490234,7289000,0.0,0.0,109.24978942871094,109.88278923034667,41.970999742426635,-0.18034975867844594,-0.14252022601538525,1.6406553741708891,-0.006025064618429554,0.0,0.0,0.0,0.0,0.0,0.0,0.0,0.0,0.0,7093300.0,9082100.0,5970100.0,0.0,0.0,0.0,0.0,0.0,0.0,0.0,0.0,0.0,0.0,0.0,0.0,0.0,0.0,0.0,0.0,0.0,0.0,0.0,0.0,0.0,0.0,0.0,0.0,108.92537689208984,1.3019939689172153,109.11188616071429,0.9268605300574025,108.99743706839425,0.9906744788747549,-0.01162473240125228
2025-02-26,108.85613742419079,112.01124692671783,108.85613742419079,110.60678100585938,7831600,0.0,0.0,109.34474029541016,109.86745872497559,54.08486538481268,-0.055574322101605844,-0.12513104523262936,1.6319277338412363,0.011761456182017405,0.0,0.0,0.0,0.0,0.0,0.0,0.0,0.0,0.0,7289000.0,7093300.0,9082100.0,0.0,0.0,0.0,0.0,0.0,0.0,0.0,0.0,0.0,0.0,0.0,0.0,0.0,0.0,0.0,0.0,0.0,0.0,0.0,0.0,0.0,0.0,0.0,0.0,109.97048441569011,0.642988451156382,109.31676265171596,1.0871691764608147,109.08857182094029,1.0785026467191432,0.004671573698231457
2025-02-27,111.09143050679722,111.88268303235856,109.84521042011828,110.09247589111328,7854700,0.0,0.0,109.49507751464844,109.77448692321778,47.357765216446055,0.0017903477962590841,-0.09974676662685168,1.5582275169893665,-0.004649851573917951,0.0,0.0,0.0,0.0,0.0,0.0,0.0,0.0,0.0,7831600.0,7289000.0,7093300.0,0.0,0.0,0.0,0.0,0.0,0.0,0.0,0.0,0.0,0.0,0.0,0.0,0.0,0.0,0.0,0.0,0.0,0.0,0.0,0.0,0.0,0.0,0.0,0.0,110.00675455729167,0.6471591408247627,109.56402914864677,1.0290004126847454,109.03346797398159,0.9974814824764224,-0.0218804650494413
2025-02-28,110.24082826081666,112.7431534287647,109.78586073445726,112.55523681640625,14609400,0.0,0.0,110.51183319091797,109.79278450012207,59.176059718769395,0.2431733356564365,-0.031162746170194044,1.5899025085239535,0.022369929510248854,0.0,0.0,0.0,0.0,0.0,0.0,0.0,0.0,0.0,7854700.0,7831600.0,7289000.0,0.0,0.0,0.0,0.0,0.0,0.0,0.0,0.0,0.0,0.0,0.0,0.0,0.0,0.0,0.0,0.0,0.0,0.0,0.0,0.0,0.0,0.0,0.0,0.0,111.08483123779297,1.2991138756771596,109.91020202636719,1.535084340335721,109.24117115565709,1.3687890541979968,0.00895471554493077
2025-03-03,112.8222799482311,114.28609474184033,110.77492231092931,111.55628204345703,7884700,0.0,0.0,110.82635650634765,109.77943229675293,61.35923367423766,0.34983115524717334,0.04503603411327943,1.5729835625232835,-0.008875240292716469,0.0,0.0,0.0,0.0,0.0,0.0,0.0,0.0,0.0,14609400.0,7854700.0,7831600.0,0.0,0.0,0.0,0.0,0.0,0.0,0.0,0.0,0.0,0.0,0.0,0.0,0.0,0.0,0.0,0.0,0.0,0.0,0.0,0.0,0.0,0.0,0.0,0.0,111.40133158365886,1.2386706897040303,110.22670091901507,1.6239382111437408,109.48914282662528,1.4549118235534315,0.03467565835045372
2025-03-04,110.47820583274208,111.02219286963422,107.08572337907499,107.81763458251953,12658000,0.0,0.0,110.52568206787109,109.53266181945801,49.97367065259778,0.1311686106893859,0.06226254942850073,1.465383694109298,-0.0335135538084812,0.0,0.0,0.0,0.0,0.0,0.0,0.0,0.0,0.0,7884700.0,14609400.0,7854700.0,0.0,0.0,0.0,0.0,0.0,0.0,0.0,0.0,0.0,0.0,0.0,0.0,0.0,0.0,0.0,0.0,0.0,0.0,0.0,0.0,0.0,0.0,0.0,0.0,110.64305114746094,2.4973409326089446,110.27615465436664,1.5285162547566833,109.48843710763114,1.4557819474590092,-0.0027443829241939888
2025-03-05,108.14401238215764,109.72651728123782,107.03626800793263,108.11434173583984,9956100,0.0,0.0,110.02719421386719,109.33534355163575,50.20984273733679,-0.01797405000344554,0.04621522954211148,1.369624747495127,0.002751935288408003,0.0,0.0,0.0,0.0,0.0,0.0,0.0,0.0,0.0,12658000.0,7884700.0,14609400.0,0.0,0.0,0.0,0.0,0.0,0.0,0.0,0.0,0.0,0.0,0.0,0.0,0.0,0.0,0.0,0.0,0.0,0.0,0.0,0.0,0.0,0.0,0.0,0.0,109.16275278727214,2.0781591635070362,110.0091084071568,1.737184548288217,109.49408830915179,1.449848250114423,0.03680162238645135
2025-03-06,107.19451612179827,107.6395984633264,103.87126784053645,104.27678680419922,11618800,0.0,0.0,108.86405639648437,109.08263816833497,40.78828925005765,-0.4407486185973255,-0.05117754008577593,1.776355574110533,-0.03549533641907643,0.0,0.0,0.0,0.0,0.0,0.0,0.0,0.0,0.0,9956100.0,12658000.0,7884700.0,0.0,0.0,0.0,0.0,0.0,0.0,0.0,0.0,0.0,0.0,0.0,0.0,0.0,0.0,0.0,0.0,0.0,0.0,0.0,0.0,0.0,0.0,0.0,0.0,106.7362543741862,2.13512161938653,109.28850555419922,2.794578344176878,109.20019585745675,2.002337323057504,-0.0007582902908063183
2025-03-07,103.85149522318636,104.61306953460807,102.17997826632089,104.35591888427734,12715900,0.0,0.0,107.2241928100586,108.75723762512207,38.866005780228576,-0.7606469480752054,-0.19307142168366181,2.0131738311474865,0.0007588657313224445,0.0,0.0,0.0,0.0,0.0,0.0,0.0,0.0,0.0,11618800.0,9956100.0,12658000.0,0.0,0.0,0.0,0.0,0.0,0.0,0.0,0.0,0.0,0.0,0.0,0.0,0.0,0.0,0.0,0.0,0.0,0.0,0.0,0.0,0.0,0.0,0.0,0.0,105.5823491414388,2.193126842000096,108.39552525111607,3.262633728253683,108.85614395141602,2.3847378213707557,0.02357399100823554
2025-03-10,103.2877236758952,103.65367925701753,100.99310061061796,101.9524917602539,10947100,0.0,0.0,105.30343475341797,108.3724925994873,36.20099214823089,-1.1943375813708599,-0.39332465362110147,2.50847117318501,-0.023031057075819983,0.0,0.0,0.0,0.0,0.0,0.0,0.0,0.0,0.0,12715900.0,11618800.0,9956100.0,0.0,0.0,0.0,0.0,0.0,0.0,0.0,0.0,0.0,0.0,0.0,0.0,0.0,0.0,0.0,0.0,0.0,0.0,0.0,0.0,0.0,0.0,0.0,0.0,103.52839914957683,1.365349239688129,107.23267037527901,3.9377678093560764,108.39834976196289,3.0180541499163436,0.05291109680417527
2025-03-11,98.69848122911793,99.93480852047485,96.38407261580747,96.82915496826172,16906000,0.0,0.0,103.10573883056641,107.80971641540528,24.972052957850636,-1.9292122366603337,-0.700502170228948,3.60107872024627,-0.05025219789664348,0.0,0.0,0.0,0.0,0.0,0.0,0.0,0.0,0.0,10947100.0,12715900.0,11618800.0,0.0,0.0,0.0,0.0,0.0,0.0,0.0,0.0,0.0,0.0,0.0,0.0,0.0,0.0,0.0,0.0,0.0,0.0,0.0,0.0,0.0,0.0,0.0,0.0,101.04585520426433,3.844416229462137,104.98608725411552,4.789042374423671,107.44814464024135,4.266259727315317,-0.008707982766646749
2025-03-12,97.60062177765583,98.40175944600449,95.32577654814791,97.67974853515625,11891800,0.0,0.0,101.0188201904297,107.30232810974121,28.109874270799864,-2.41512979046351,-1.0434276942758605,4.254129050959206,0.008784477848364336,0.0,0.0,0.0,0.0,0.0,0.0,0.0,0.0,0.0,16906000.0,10947100.0,12715900.0,0.0,0.0,0.0,0.0,0.0,0.0,0.0,0.0,0.0,0.0,0.0,0.0,0.0,0.0,0.0,0.0,0.0,0.0,0.0,0.0,0.0,0.0,0.0,0.0,98.82046508789062,2.745554709217707,103.00372532435826,4.478027380937626,106.61521312168666,4.9516061479060065,0.019510731870034492
2025-03-13,96.70056673896094,97.57094593322121,94.88069668903951,95.81041717529297,11059500,0.0,0.0,99.32554626464844,106.69108772277832,28.109874270799864,-2.917432030378592,-1.4182285614964067,4.9625399303592435,-0.01913734820058921,0.0,0.0,0.0,0.0,0.0,0.0,0.0,0.0,0.0,11891800.0,16906000.0,10947100.0,0.0,0.0,0.0,0.0,0.0,0.0,0.0,0.0,0.0,0.0,0.0,0.0,0.0,0.0,0.0,0.0,0.0,0.0,0.0,0.0,0.0,0.0,0.0,0.0,96.77310689290364,0.9359251964266488,101.28840855189732,4.62403420040254,105.78228160313198,5.717966659667239,-0.017944053746765554
2025-03-14,96.37418687001137,98.01602557949354,96.35440140773669,97.5610580444336,10199800,0.0,0.0,97.9665740966797,106.14957656860352,25.993871438201012,-3.138074319607071,-1.7621977131185398,5.343522130178358,0.018271926172053865,0.0,0.0,0.0,0.0,0.0,0.0,0.0,0.0,0.0,11059500.0,11891800.0,16906000.0,0.0,0.0,0.0,0.0,0.0,0.0,0.0,0.0,0.0,0.0,0.0,0.0,0.0,0.0,0.0,0.0,0.0,0.0,0.0,0.0,0.0,0.0,0.0,0.0,97.01707458496094,1.0466797200565376,99.78079659598214,3.6441660002773006,104.89495250156948,5.973987231370322,-0.007246408878038735
2025-03-17,97.65996466824865,99.02487484662866,97.58084545539862,98.27318572998047,8332100,0.0,0.0,97.230712890625,105.60460357666015,28.691324844356004,-3.2183727727810947,-2.053432725051051,5.569985455815686,0.007299302609270031,0.0,0.0,0.0,0.0,0.0,0.0,0.0,0.0,0.0,10199800.0,11059500.0,11891800.0,0.0,0.0,0.0,0.0,0.0,0.0,0.0,0.0,0.0,0.0,0.0,0.0,0.0,0.0,0.0,0.0,0.0,0.0,0.0,0.0,0.0,0.0,0.0,0.0,97.21488698323567,1.2673527690419266,98.92313929966518,3.071091156003071,104.10582242693219,6.0732102499961655,0.00010070215098867408
2025-03-18,98.18416364856868,98.63913872664965,97.4028114504234,98.26329040527344,6727000,0.0,0.0,97.51753997802734,105.09968757629395,24.959867962035375,-3.2453974241301893,-2.291825664866879,5.761327563662017,-0.00010069201108653392,0.0,0.0,0.0,0.0,0.0,0.0,0.0,0.0,0.0,8332100.0,10199800.0,11059500.0,0.0,0.0,0.0,0.0,0.0,0.0,0.0,0.0,0.0,0.0,0.0,0.0,0.0,0.0,0.0,0.0,0.0,0.0,0.0,0.0,0.0,0.0,0.0,0.0,98.03251139322917,0.40832055352549806,98.05276380266461,1.9238432601989295,103.22414452689034,5.9516010175403435,-0.009372894221534311
2025-03-19,98.56990978940146,99.85568569548546,98.38198561901233,99.1930160522461,8614600,0.0,0.0,97.82019348144532,104.55273704528808,28.255732966092296,-3.1554198495126684,-2.464544501796037,5.7776622693204,0.009461576577968644,0.0,0.0,0.0,0.0,0.0,0.0,0.0,0.0,0.0,6727000.0,8332100.0,10199800.0,0.0,0.0,0.0,0.0,0.0,0.0,0.0,0.0,0.0,0.0,0.0,0.0,0.0,0.0,0.0,0.0,0.0,0.0,0.0,0.0,0.0,0.0,0.0,0.0,98.57649739583333,0.5339437420198836,97.65855298723493,1.0963210615003598,102.44561168125698,5.691225664273686,0.014464995162703387
2025-03-20,98.4808813362024,98.95563431179785,97.56105357706454,97.77864837646484,7836500,0.0,0.0,98.21383972167969,103.97462997436523,19.233954786805654,-3.1617924492391722,-2.603994091284664,5.8513377558110955,-0.014258742521109369,0.0,0.0,0.0,0.0,0.0,0.0,0.0,0.0,0.0,8614600.0,6727000.0,8332100.0,0.0,0.0,0.0,0.0,0.0,0.0,0.0,0.0,0.0,0.0,0.0,0.0,0.0,0.0,0.0,0.0,0.0,0.0,0.0,0.0,0.0,0.0,0.0,0.0,98.41165161132812,0.7187609242097828,97.79419490269252,1.0335416411035965,101.39014107840401,5.000387798100964,-0.0060326542305865205
2025-03-21,97.30390456445419,98.79739010885216,96.68079829962534,98.3720932006836,15089900,0.0,0.0,98.37604675292968,103.51966171264648,22.077964885747804,-3.0834130761614205,-2.6998778882600156,5.918506229360234,0.006069268026020147,0.0,0.0,0.0,0.0,0.0,0.0,0.0,0.0,0.0,7836500.0,8614600.0,6727000.0,0.0,0.0,0.0,0.0,0.0,0.0,0.0,0.0,0.0,0.0,0.0,0.0,0.0,0.0,0.0,0.0,0.0,0.0,0.0,0.0,0.0,0.0,0.0,0.0,98.44791920979817,0.7102261388586619,97.89310128348214,1.053695173348176,100.4484133039202,4.098711709059604,-0.007187018322550087
2025-03-24,99.12377663508016,99.34137144245197,97.7786519585479,99.08421325683594,8224400,0.0,0.0,98.53825225830079,102.97468910217285,28.78425459183616,-2.930058826949761,-2.7459140759979648,5.79244316831948,0.007239045475016859,0.0,0.0,0.0,0.0,0.0,0.0,0.0,0.0,0.0,15089900.0,7836500.0,8614600.0,0.0,0.0,0.0,0.0,0.0,0.0,0.0,0.0,0.0,0.0,0.0,0.0,0.0,0.0,0.0,0.0,0.0,0.0,0.0,0.0,0.0,0.0,0.0,0.0,98.41165161132812,0.6536807822667127,98.36078643798828,0.6071394571225072,99.82459749494281,3.5137122927167526,-0.014073434078704095
2025-03-25,99.54907485048794,100.64693408713747,99.31170212379,100.49857330322266,7365200,0.0,0.0,98.98530883789063,102.53356742858887,32.45219335717073,-2.663692060169595,-2.729469672832291,5.6169817430552875,0.014274322819928464,0.0,0.0,0.0,0.0,0.0,0.0,0.0,0.0,0.0,8224400.0,15089900.0,7836500.0,0.0,0.0,0.0,0.0,0.0,0.0,0.0,0.0,0.0,0.0,0.0,0.0,0.0,0.0,0.0,0.0,0.0,0.0,0.0,0.0,0.0,0.0,0.0,0.0,99.31829325358073,1.0823929463375792,98.78043147495815,0.9045775626140321,99.28061403547015,2.6031311728525965,0.00823577650398799
2025-03-26,100.58758552817395,101.15135047187736,99.16334161804805,99.67765045166016,6314000,0.0,0.0,99.08223571777344,101.9871109008789,37.69193515060391,-2.4901314070030054,-2.6816020196664345,5.313668490520521,-0.008168502542674205,0.0,0.0,0.0,0.0,0.0,0.0,0.0,0.0,0.0,7365200.0,8224400.0,15089900.0,0.0,0.0,0.0,0.0,0.0,0.0,0.0,0.0,0.0,0.0,0.0,0.0,0.0,0.0,0.0,0.0,0.0,0.0,0.0,0.0,0.0,0.0,0.0,0.0,99.75347900390625,0.7102225441410881,98.98106929234096,0.9287516990308724,98.95210429600307,2.1799228856482085,0.003285244054599845
2025-03-27,99.608415511638,99.92491499386828,98.49077836568732,99.35125732421875,6598800,0.0,0.0,99.39675750732422,101.45004997253417,36.78161660721489,-2.35181033099029,-2.6156436819312057,4.983913476869192,-0.00327448656707352,0.0,0.0,0.0,0.0,0.0,0.0,0.0,0.0,0.0,6314000.0,7365200.0,8224400.0,0.0,0.0,0.0,0.0,0.0,0.0,0.0,0.0,0.0,0.0,0.0,0.0,0.0,0.0,0.0,0.0,0.0,0.0,0.0,0.0,0.0,0.0,0.0,0.0,99.84249369303386,0.5911543449811062,99.13649313790458,0.8782762432319815,98.5946284702846,1.542871816494079,0.024268365861549013
2025-03-28,98.95563727218817,99.29191466609062,96.67089935607648,96.9972915649414,7679700,0.0,0.0,99.12179718017578,100.67215270996094,36.8779699369646,-2.40441860458661,-2.5733986664622863,4.330721812513058,-0.023693366573062202,0.0,0.0,0.0,0.0,0.0,0.0,0.0,0.0,0.0,6598800.0,6314000.0,7365200.0,0.0,0.0,0.0,0.0,0.0,0.0,0.0,0.0,0.0,0.0,0.0,0.0,0.0,0.0,0.0,0.0,0.0,0.0,0.0,0.0,0.0,0.0,0.0,0.0,98.67539978027344,1.4624187174624668,98.82281821114677,1.1911101102710773,98.24068559919085,1.2547839617543994,-0.006382968247483967
2025-03-31,95.77085868481724,97.76876025859244,94.6532139889738,97.62039947509766,10554000,0.0,0.0,98.82903442382812,99.97535858154296,52.751007190656914,-2.368528517225542,-2.5324246366149374,3.5354323955041727,0.006423972258432276,0.0,0.0,0.0,0.0,0.0,0.0,0.0,0.0,0.0,7679700.0,6598800.0,6314000.0,0.0,0.0,0.0,0.0,0.0,0.0,0.0,0.0,0.0,0.0,0.0,0.0,0.0,0.0,0.0,0.0,0.0,0.0,0.0,0.0,0.0,0.0,0.0,0.0,97.98964945475261,1.219650712117861,98.80021122523716,1.2154836082261422,98.29720306396484,1.2030695772109599,0.010442174729968778
2025-04-01,97.24456363507355,97.511607022171,95.78074873403436,96.61156463623047,8762700,0.0,0.0,98.05163269042968,99.41505508422851,46.32654785387107,-2.393894578180195,-2.5047186249279894,3.0866553086114115,-0.010334262554667517,0.0,0.0,0.0,0.0,0.0,0.0,0.0,0.0,0.0,10554000.0,7679700.0,6598800.0,0.0,0.0,0.0,0.0,0.0,0.0,0.0,0.0,0.0,0.0,0.0,0.0,0.0,0.0,0.0,0.0,0.0,0.0,0.0,0.0,0.0,0.0,0.0,0.0,97.07641855875652,0.5090508264322874,98.54870714460101,1.473573385899298,98.22090421404157,1.276850660198804,-0.0020431874954340845
2025-04-02,95.5631519090106,97.23466118612484,95.39500567147866,96.80936431884766,7959900,0.0,0.0,97.47797546386718,98.84980621337891,53.88160531627017,-2.370708530705926,-2.4779166060835767,2.3591176906381564,0.0020473706575601103,0.0,0.0,0.0,0.0,0.0,0.0,0.0,0.0,0.0,8762700.0,10554000.0,7679700.0,0.0,0.0,0.0,0.0,0.0,0.0,0.0,0.0,0.0,0.0,0.0,0.0,0.0,0.0,0.0,0.0,0.0,0.0,0.0,0.0,0.0,0.0,0.0,0.0,97.01377614339192,0.5345793472805235,98.22372872488839,1.5826023399288462,98.29225758143834,1.1537643333239604,0.1017559418556826
2025-04-03,93.4762342094636,93.74327757918721,87.64076799421284,87.86824798583984,19353400,0.0,0.0,95.1813735961914,98.02937927246094,25.838263474557124,-3.038777647930914,-2.5900888144530443,3.1070699071580017,-0.0923579696645842,0.0,0.0,0.0,0.9868,0.9868,1.0,4.0,1.0,0.0,7959900.0,8762700.0,10554000.0,0.0,0.0,0.0,0.0,0.0,0.0,0.0,0.0,0.0,0.0,0.0,0.0,0.0,0.0,0.0,0.0,0.0,0.0,0.0,0.0,0.0,0.0,0.0,0.0,93.76305898030598,5.106013971188362,96.41939653669085,3.964415508868694,97.5999140058245,3.0219683637752515,0.06356993571151004
2025-04-04,85.0593169221124,86.58247303762616,82.17125820508556,82.6163330078125,22580900,0.0,0.0,92.30518188476563,96.9423999786377,18.174501140626617,-3.9465198588423505,-2.8613750233309054,4.336686806790811,-0.059770339097619196,0.0,0.0,0.0,0.0,0.0,0.0,0.0,0.0,0.0,19353400.0,7959900.0,8762700.0,0.0,0.0,0.0,0.0,0.0,0.0,0.0,0.0,0.0,0.9868,0.0,0.0,0.9868,0.0,0.0,1.0,0.0,0.0,4.0,0.0,0.0,1.0,0.0,0.0,89.09798177083333,7.175982046763532,93.98206547328404,6.226606983757256,96.4815673828125,5.002033606691844,0.0027611219728431724
2025-04-07,80.10410956186786,85.68241726595254,79.22384520208466,82.38884735107422,20456000,0.0,0.0,89.25887145996094,95.9642177581787,18.015141616386757,-4.630886317400609,-3.215277282144846,5.256065478835309,-0.0027535191705587714,0.0,0.0,0.0,0.0,0.0,0.0,0.0,0.0,0.0,22580900.0,19353400.0,7959900.0,0.0,0.0,0.0,0.0,0.0,0.0,0.0,0.0,0.0,0.0,0.9868,0.0,0.0,0.9868,0.0,0.0,1.0,0.0,0.0,4.0,0.0,0.0,1.0,0.0,84.29114278157552,3.099951396842729,91.55886404854911,7.036748260195286,95.34767859322685,6.218426653449422,0.019334261716702494
2025-04-08,85.00986103145327,85.99892285867644,79.96564722180375,80.82613372802734,14845600,0.0,0.0,86.1017852783203,95.164066696167,13.913692082245078,-5.238958147255957,-3.6200134551670686,6.242919776262133,-0.018967538365816217,0.0,0.0,0.0,0.0,0.0,0.0,0.0,0.0,0.0,20456000.0,22580900.0,19353400.0,0.0,0.0,0.0,0.0,0.0,0.0,0.0,0.0,0.0,0.0,0.0,0.9868,0.0,0.0,0.9868,0.0,0.0,1.0,0.0,0.0,4.0,0.0,0.0,1.0,81.94377136230469,0.9745628980064803,89.24869864327567,7.586741871494197,94.03575842721122,7.204099006103211,-0.10629918171114583
2025-04-09,80.40083311607505,91.2409493347809,80.30192844712288,90.43981170654297,24970900,0.0,0.0,84.82787475585937,94.80206985473633,39.09464498042306,-4.888761387206841,-3.8737630415750233,6.299022460299966,0.1189426926056465,0.0,0.0,0.0,0.0,0.0,0.0,0.0,0.0,0.0,14845600.0,20456000.0,22580900.0,0.0,0.0,0.0,0.0,0.0,0.0,0.0,0.0,0.0,0.0,0.0,0.0,0.0,0.0,0.0,0.0,0.0,0.0,0.0,0.0,0.0,0.0,0.0,0.0,84.55159759521484,5.158858161700843,88.222900390625,6.6997444537592274,93.51155580793109,7.177754751835194,0.07286167807923793
2025-04-10,87.94736988459259,88.036389366879,82.16136009801669,84.29773712158203,16377000,0.0,0.0,84.11377258300782,94.22643585205078,32.04640644726038,-5.0486443895332656,-4.108739311166672,6.714372435701662,-0.06791339421283404,0.0,0.0,0.0,0.0,0.0,0.0,0.0,0.0,0.0,24970900.0,14845600.0,20456000.0,0.0,0.0,0.0,0.0,0.0,0.0,0.0,0.0,0.0,0.0,0.0,0.0,0.0,0.0,0.0,0.0,0.0,0.0,0.0,0.0,0.0,0.0,0.0,0.0,85.18789418538411,4.868263116074069,86.46378217424665,5.667086186081356,92.50624465942383,7.425955761182928,0.004005180919647744
2025-04-11,84.17905110399438,84.73292330191377,82.43830020860707,83.96145629882812,10204400,0.0,0.0,84.38279724121094,93.54645576477051,30.52227659532653,-5.143200261666422,-4.315631501266622,7.039646330010934,-0.0039892034381526775,0.0,0.0,0.0,0.0,0.0,0.0,0.0,0.0,0.0,16377000.0,24970900.0,14845600.0,0.0,0.0,0.0,0.0,0.0,0.0,0.0,0.0,0.0,0.0,0.0,0.0,0.0,0.0,0.0,0.0,0.0,0.0,0.0,0.0,0.0,0.0,0.0,0.0,86.23300170898438,3.6470822536114818,84.62836674281529,3.375018796920153,91.42604773385185,7.495079556504032,0.0027167666240341948
2025-04-14,84.89117106840654,85.50438451862107,83.11085691565606,83.73397064208984,10841300,0.0,0.0,84.65182189941406,92.81949501037597,27.72665219734128,-5.176817532830597,-4.487868707579417,7.272693115640153,-0.002709405800783604,0.0,0.0,0.0,0.0,0.0,0.0,0.0,0.0,0.0,10204400.0,16377000.0,24970900.0,0.0,0.0,0.0,0.0,0.0,0.0,0.0,0.0,0.0,0.0,0.0,0.0,0.0,0.0,0.0,0.0,0.0,0.0,0.0,0.0,0.0,0.0,0.0,0.0,83.99772135416667,0.283627443188029,84.03775569370815,3.060661021037305,90.2285761151995,7.269922347232401,-0.0041172162594744766
2025-04-15,83.82298860544886,85.0395379549817,83.59550106836969,84.08014678955078,7840500,0.0,0.0,85.30262451171875,92.11033782958984,29.012497259012818,-5.116545587844627,-4.613604083632459,7.404239393089683,0.004134237810608843,0.0,0.0,0.0,0.0,0.0,0.0,0.0,0.0,0.0,10841300.0,10204400.0,16377000.0,0.0,0.0,0.0,0.0,0.0,0.0,0.0,0.0,0.0,0.0,0.0,0.0,0.0,0.0,0.0,0.0,0.0,0.0,0.0,0.0,0.0,0.0,0.0,0.0,83.92519124348958,0.17591431706188856,84.24687194824219,2.9966960309602886,89.11446871076312,6.896007234893362,0.02706305832102074
2025-04-16,83.35812466595775,83.87244101145438,81.11295777102754,81.86463928222656,10144300,0.0,0.0,83.58759002685547,91.24391899108886,27.608898427117154,-5.187751408307747,-4.728433548567517,7.544355975642393,-0.02634994813781122,0.0,0.0,0.0,0.0,0.0,0.0,0.0,0.0,0.0,7840500.0,10841300.0,10204400.0,0.0,0.0,0.0,0.0,0.0,0.0,0.0,0.0,0.0,0.0,0.0,0.0,0.0,0.0,0.0,0.0,0.0,0.0,0.0,0.0,0.0,0.0,0.0,0.0,83.22625223795573,1.1918271108577212,84.17198508126395,3.0568132475741425,87.86542456490653,6.469695825201849,-0.024053755726434978
2025-04-17,82.45808043651155,84.84171531920828,82.448187706193,83.88232421875,14810900,0.0,0.0,83.50450744628907,90.54910278320312,33.06078922105675,-5.023464846403115,-4.7874398081346365,7.550753998091603,0.024646598998225855,0.0,0.0,0.0,0.0,0.0,0.0,0.0,0.0,0.0,10144300.0,7840500.0,10841300.0,0.0,0.0,0.0,0.0,0.0,0.0,0.0,0.0,0.0,0.0,0.0,0.0,0.0,0.0,0.0,0.0,0.0,0.0,0.0,0.0,0.0,0.0,0.0,0.0,83.27570343017578,1.2260138517165706,84.60858372279576,2.6962782035018558,86.92864118303571,5.976419965908227,0.009642762491760548
2025-04-21,83.98124188550061,84.29774136277376,82.0723522909005,83.08119201660156,14166800,0.0,0.0,83.32845458984374,89.78455772399903,31.30721204541554,-4.901410822901028,-4.810234011087915,7.490849723598218,-0.009550667671763935,0.0,0.0,0.0,0.0,0.0,0.0,0.0,0.0,0.0,14810900.0,10144300.0,7840500.0,0.0,0.0,0.0,0.0,0.0,0.0,0.0,0.0,0.0,0.0,0.0,0.0,0.0,0.0,0.0,0.0,0.0,0.0,0.0,0.0,0.0,0.0,0.0,0.0,82.94271850585938,1.0159450332827802,83.55735233851841,0.8380125860986407,85.89012636457171,5.186659887366653,-0.024276913653631382
2025-04-22,84.08014962985894,85.61319096338407,83.67463065100156,85.14833068847656,9578500,0.0,0.0,83.6113265991211,89.08776359558105,35.65237336492943,-4.585027966584292,-4.76519280218719,7.2236611543944225,0.02488094623704895,0.0,0.0,0.0,0.0,0.0,0.0,0.0,0.0,0.0,14166800.0,14810900.0,10144300.0,0.0,0.0,0.0,0.0,0.0,0.0,0.0,0.0,0.0,0.0,0.0,0.0,0.0,0.0,0.0,0.0,0.0,0.0,0.0,0.0,0.0,0.0,0.0,0.0,84.0372823079427,1.0422449708420678,83.67886570521763,1.0077429038695103,85.07132393973214,4.168873936623844,-0.01374728175573836
2025-04-23,88.05617049029651,88.8869863228245,86.07804689830174,86.335205078125,12089100,0.0,0.0,84.06233825683594,88.37959518432618,37.207059842194795,-4.190219190904514,-4.6501980799306555,6.723032990480375,0.013938903793554447,0.0,0.0,0.0,0.0,0.0,0.0,0.0,0.0,0.0,9578500.0,14166800.0,14810900.0,0.0,0.0,0.0,0.0,0.0,0.0,0.0,0.0,0.0,0.0,0.0,0.0,0.0,0.0,0.0,0.0,0.0,0.0,0.0,0.0,0.0,0.0,0.0,0.0,84.8549092610677,1.646730807293312,84.01797267368862,1.4297203240377068,84.32316970825195,2.510181509313595,-0.0302189309990063
2025-04-24,86.49345582065459,89.25293928947134,85.82089346037728,89.02545928955078,10310000,0.0,0.0,85.49450225830078,87.8469856262207,51.66810516239605,-3.618537116843328,-4.443865887313191,6.180963593850683,0.031160570117269693,0.0,0.0,0.0,0.0,0.0,0.0,0.0,0.0,0.0,12089100.0,9578500.0,14166800.0,0.0,0.0,0.0,0.0,0.0,0.0,0.0,0.0,0.0,0.0,0.0,0.0,0.0,0.0,0.0,0.0,0.0,0.0,0.0,0.0,0.0,0.0,0.0,0.0,86.83633168538411,1.9865491322126496,84.77389962332589,2.3543890719098943,84.40582765851703,2.65100039642332,-0.0029906661516179156
2025-04-25,89.08480127221084,89.35184465372777,88.0957394139445,89.2925033569336,7749600,0.0,0.0,86.5765380859375,87.34404792785645,61.23876488265338,-3.1080985051028165,-4.176712410871116,5.575152750616243,0.002999637064654337,0.0,0.0,0.0,0.0,0.0,0.0,0.0,0.0,0.0,10310000.0,12089100.0,9578500.0,0.0,0.0,0.0,0.0,0.0,0.0,0.0,0.0,0.0,0.0,0.0,0.0,0.0,0.0,0.0,0.0,0.0,0.0,0.0,0.0,0.0,0.0,0.0,0.0,88.2177225748698,1.635766556585757,85.51852199009487,2.8668838144964077,84.88269696916852,2.893694575455819,0.001330915964669055
2025-04-28,89.46064179321158,90.37058443500133,88.65950410512303,89.17382049560547,8491800,0.0,0.0,87.79506378173828,86.95287437438965,61.463919822170794,-2.6822298665505,-3.877815902006993,5.117908987156375,-0.0013291469817315882,0.0,0.0,0.0,0.0,0.0,0.0,0.0,0.0,0.0,7749600.0,10310000.0,12089100.0,0.0,0.0,0.0,0.0,0.0,0.0,0.0,0.0,0.0,0.0,0.0,0.0,0.0,0.0,0.0,0.0,0.0,0.0,0.0,0.0,0.0,0.0,0.0,0.0,89.16392771402995,0.13379661366113282,86.56269073486328,2.6360471222268376,85.36733790806362,3.009744012812867,-0.011078062976579317
2025-04-29,88.84742085634515,90.65740571148727,88.77818683409099,90.17276000976562,6359900,0.0,0.0,88.7999496459961,86.58049240112305,66.09879988425399,-2.2383178965659454,-3.5499163009187837,4.539099497210133,0.011202161224093565,0.0,0.0,0.0,0.0,0.0,0.0,0.0,0.0,0.0,8491800.0,7749600.0,10310000.0,0.0,0.0,0.0,0.0,0.0,0.0,0.0,0.0,0.0,0.0,0.0,0.0,0.0,0.0,0.0,0.0,0.0,0.0,0.0,0.0,0.0,0.0,0.0,0.0,89.54636128743489,0.5457132258769789,87.46132441929409,2.6422182789259363,86.03495407104492,2.9611699181018647,0.002418875233194173
2025-04-30,88.90676656128845,90.19254994805421,87.59131252721842,89.95516967773438,8474800,0.0,0.0,89.52394256591796,86.24767265319824,48.76573794387715,-1.882373355155309,-3.216407711766089,3.9737011615783477,-0.002413038394385225,0.0,0.0,0.0,0.0,0.0,0.0,0.0,0.0,0.0,6359900.0,8491800.0,7749600.0,0.0,0.0,0.0,0.0,0.0,0.0,0.0,0.0,0.0,0.0,0.0,0.0,0.0,0.0,0.0,0.0,0.0,0.0,0.0,0.0,0.0,0.0,0.0,0.0,89.76725006103516,0.5253145486216259,88.44332122802734,1.9222983111515723,86.00033678327289,2.908070961356141,0.0015416495539799513
2025-05-01,90.27167133991111,90.60795629135099,89.37162898418372,89.81670379638672,7790600,0.0,0.0,89.68219146728515,85.89803962707519,70.24676250857864,-1.5930935898253438,-2.89174488737794,3.2343510282975307,-0.001539276529005651,0.0,0.0,0.0,0.0,0.0,0.0,0.0,0.0,0.0,8474800.0,6359900.0,8491800.0,0.0,0.0,0.0,0.0,0.0,0.0,0.0,0.0,0.0,0.0,0.0,0.0,0.0,0.0,0.0,0.0,0.0,0.0,0.0,0.0,0.0,0.0,0.0,0.0,89.9815444946289,0.179487409020022,89.1102316720145,1.2966119326658851,86.39454868861607,3.0309882434366906,-0.018164096202521907
2025-05-02,90.83543320307001,92.17067268618656,90.83543320307001,91.47832489013672,7594000,0.0,0.0,90.11935577392578,86.07854347229004,75.13229996597163,-1.2157440158936055,-2.556544713081073,3.4440317162500143,0.01850013442395837,0.0,0.0,0.0,0.0,0.0,0.0,0.0,0.0,0.0,7790600.0,8474800.0,6359900.0,0.0,0.0,0.0,0.0,0.0,0.0,0.0,0.0,0.0,0.0,0.0,0.0,0.0,0.0,0.0,0.0,0.0,0.0,0.0,0.0,0.0,0.0,0.0,0.0,90.41673278808594,0.9219688408115632,89.84496307373047,0.8382020726771565,86.93146787370954,3.226315562865793,0.004125455312103732
2025-05-05,88.71884302721764,92.06187683804932,88.629831084676,91.10248565673828,10231000,0.0,0.0,90.50508880615234,86.50285110473632,74.39428887225232,-0.9362266074615491,-2.2324810919571685,3.517011958597806,-0.00410850585480016,0.0,0.0,0.0,0.0,0.0,0.0,0.0,0.0,0.0,7594000.0,7790600.0,8474800.0,0.0,0.0,0.0,0.0,0.0,0.0,0.0,0.0,0.0,0.0,0.0,0.0,0.0,0.0,0.0,0.0,0.0,0.0,0.0,0.0,0.0,0.0,0.0,0.0,90.7991714477539,0.8713471161530425,90.14168112618583,0.8668892339626588,87.45779037475586,3.265361836400695,-0.0006509460435361047
2025-05-06,90.20243590466387,91.72559202883363,90.00462655698173,91.16182708740234,11839400,0.0,0.0,90.7029022216797,86.94150009155274,73.89857145652526,-0.7018284484665287,-1.9263505632590405,3.523984444008687,0.000651370050293254,0.0,0.0,0.0,0.0,0.0,0.0,0.0,0.0,0.0,10231000.0,7594000.0,7790600.0,0.0,0.0,0.0,0.0,0.0,0.0,0.0,0.0,0.0,0.0,0.0,0.0,0.0,0.0,0.0,0.0,0.0,0.0,0.0,0.0,0.0,0.0,0.0,0.0,91.24754587809245,0.20205089865931405,90.40872737339565,0.8494489071466008,87.96362468174526,3.250359718888612,-0.09716916230158801
2025-05-07,101.29971222679107,102.17997666406133,99.04465243037099,100.97332000732422,36155300,0.0,0.0,92.90653228759766,87.94885940551758,92.63027390736448,0.2724980736853553,-1.4865808358701613,4.4435030604157175,0.10762720793775893,0.0,0.0,0.0,0.0,0.0,0.0,0.0,0.0,0.0,11839400.0,10231000.0,7594000.0,0.0,0.0,0.0,0.0,0.0,0.0,0.0,0.0,0.0,0.0,0.0,0.0,0.0,0.0,0.0,0.0,0.0,0.0,0.0,0.0,0.0,0.0,0.0,0.0,94.41254425048828,5.681875944612269,92.09437016078404,3.969157382292527,89.32853044782367,4.326269480077627,-0.02882426667097171
2025-05-08,102.83276169016555,105.02848020319932,102.72396428305537,103.97018432617188,19265400,0.0,0.0,95.73722839355469,88.62537803649903,92.93877705449091,1.2718200173456466,-0.9349006652269997,5.696139640125832,0.029679764106303352,0.0,0.0,0.0,0.0,0.0,0.0,0.0,0.0,0.0,36155300.0,11839400.0,10231000.0,0.0,0.0,0.0,0.0,0.0,0.0,0.0,0.0,0.0,0.0,0.0,0.0,0.0,0.0,0.0,0.0,0.0,0.0,0.0,0.0,0.0,0.0,0.0,0.0,98.70177714029948,6.699509984807381,94.06543077741351,5.8405490436799585,90.7633775983538,5.541519898100898,-0.0077401999128724475
2025-05-09,104.1086495121292,105.02847730856426,103.61411860105537,104.78121185302734,10438200,0.0,0.0,98.3978057861328,89.6495517730713,96.36523270602649,2.104968237257765,-0.32692688473004683,6.6402995444544874,0.007800577945607401,0.0,0.0,0.0,0.0,0.0,0.0,0.0,0.0,0.0,19265400.0,36155300.0,11839400.0,0.0,0.0,0.0,0.0,0.0,0.0,0.0,0.0,0.0,0.0,0.0,0.0,0.0,0.0,0.0,0.0,0.0,0.0,0.0,0.0,0.0,0.0,0.0,0.0,103.24157206217448,2.0057833757859354,96.18343680245536,6.7231459636089195,92.31337901524135,6.220675183114959,-0.04118017525733686
2025-05-12,108.66822722264683,109.72652309102423,107.47146330015973,109.28144073486328,18366600,0.0,0.0,102.03359680175781,90.91555099487304,96.707557759567,3.0927240669392546,0.3570033056038135,7.809506811887849,0.042948814985536155,0.0,0.0,0.0,0.0,0.0,0.0,0.0,0.0,0.0,10438200.0,19265400.0,36155300.0,0.0,0.0,0.0,0.0,0.0,0.0,0.0,0.0,0.0,0.0,0.0,0.0,0.0,0.0,0.0,0.0,0.0,0.0,0.0,0.0,0.0,0.0,0.0,0.0,106.01094563802083,2.8612139112940813,98.964113507952,7.616882861417374,94.03717258998326,7.327687732152554,-0.007990655937015534
2025-05-13,109.04406785448585,110.97273542401112,108.94516317967944,110.16170501708984,14076700,0.0,0.0,105.83357238769531,92.23693771362305,96.66801256798868,3.901582633312458,1.0659191711455425,8.713865621516682,0.008055020837090199,0.0,0.0,0.0,0.0,0.0,0.0,0.0,0.0,0.0,18366600.0,10438200.0,19265400.0,0.0,0.0,0.0,0.0,0.0,0.0,0.0,0.0,0.0,0.0,0.0,0.0,0.0,0.0,0.0,0.0,0.0,0.0,0.0,0.0,0.0,0.0,0.0,0.0,108.07478586832683,2.8860766877083313,101.63316781180245,7.827126924824929,95.73906544276646,8.124820423981593,-0.01381265977436097
2025-05-14,110.16170169448542,112.16950350761837,109.61772222648577,111.70464324951172,15352200,0.0,0.0,107.9798370361328,93.6181625366211,96.51121236207511,4.613924643931227,1.7755202657026796,9.506231495699824,0.014006121566314755,0.0,0.0,0.0,0.0,0.0,0.0,0.0,0.0,0.0,14076700.0,18366600.0,10438200.0,0.0,0.0,0.0,0.0,0.0,0.0,0.0,0.0,0.0,0.0,0.0,0.0,0.0,0.0,0.0,0.0,0.0,0.0,0.0,0.0,0.0,0.0,0.0,0.0,110.38259633382161,1.2266100998711131,104.57633318219867,7.041392966390768,97.35900715419224,8.90658097670665,0.006415997348365954
2025-05-15,111.00240829475399,111.61562177671321,110.35951662042734,110.99251556396484,8322400,0.0,0.0,109.38430328369141,95.07455635070801,93.70521936938792,5.062639114441566,2.432944035450457,9.83629552417668,-0.006375094757307576,0.0,0.0,0.0,0.2732,0.2732,1.0,1.0,1.0,0.0,15352200.0,14076700.0,18366600.0,0.0,0.0,0.0,0.0,0.0,0.0,0.0,0.0,0.0,0.0,0.0,0.0,0.0,0.0,0.0,0.0,0.0,0.0,0.0,0.0,0.0,0.0,0.0,0.0,110.9529546101888,0.7722294989610373,107.40928867885044,4.133728222592094,98.90900802612305,9.27537032740499,-0.010580146586099404
2025-05-16,110.69579722175858,112.199175415766,110.20126631114036,112.17938995361328,10961000,0.0,0.0,110.86393890380859,96.48940963745117,94.4232464566131,5.451181581229989,3.036591544606363,10.171100854270506,0.01069328308866413,0.0,0.0,0.0,0.0,0.0,0.0,0.0,0.0,0.0,8322400.0,15352200.0,14076700.0,0.0,0.0,0.0,0.0,0.0,0.0,0.0,0.0,0.0,0.2732,0.0,0.0,0.2732,0.0,0.0,1.0,0.0,0.0,1.0,0.0,0.0,1.0,0.0,0.0,111.62551625569661,0.5973805445978981,109.0101558140346,3.314588924954089,100.55226298740932,9.454130458061444,0.006745953386540382
2025-05-19,110.89360959022673,111.75408851020013,110.67601479107952,111.42770385742188,7209700,0.0,0.0,111.2931915283203,97.90673522949218,91.43851590946953,5.633509904160292,3.555975216517149,10.179366790678902,-0.006700750436441472,0.0,0.0,0.0,0.0,0.0,0.0,0.0,0.0,0.0,10961000.0,8322400.0,15352200.0,0.0,0.0,0.0,0.0,0.0,0.0,0.0,0.0,0.0,0.0,0.2732,0.0,0.0,0.2732,0.0,0.0,1.0,0.0,0.0,1.0,0.0,0.0,1.0,0.0,111.533203125,0.6004292429554543,110.07551574707031,2.5303913361298123,102.0704732622419,9.365317495329835,0.0026699553849500735
2025-05-20,111.21011583302493,112.1596142950108,110.58700204370018,111.13098907470703,6433300,0.0,0.0,111.48704833984375,99.20586814880372,91.15727643627864,5.688490631434291,3.9824782995005776,10.123239894873576,-0.0026628457057188415,0.0,0.0,0.0,0.0,0.0,0.0,0.0,0.0,0.0,7209700.0,10961000.0,8322400.0,0.0,0.0,0.0,0.0,0.0,0.0,0.0,0.0,0.0,0.0,0.0,0.2732,0.0,0.0,0.2732,0.0,0.0,1.0,0.0,0.0,1.0,0.0,0.0,1.0,111.57936096191406,0.540403560989976,110.98262677873883,0.9782381390556841,103.5830317905971,8.959318023787162,0.017200882104396742
2025-05-21,110.46831168947189,111.25955657922054,108.92537019446844,109.25176239013672,10150600,0.0,0.0,110.99647216796875,100.3516960144043,85.37989409053637,5.516830774758077,4.289348794552078,9.883871302841154,-0.016910014931181938,0.0,0.0,0.0,0.0,0.0,0.0,0.0,0.0,0.0,6433300.0,7209700.0,10961000.0,0.0,0.0,0.0,0.0,0.0,0.0,0.0,0.0,0.0,0.0,0.0,0.0,0.0,0.0,0.0,0.0,0.0,0.0,0.0,0.0,0.0,0.0,0.0,0.0,110.60348510742188,1.1799896795690783,110.97838701520648,0.9868663272288642,104.97125026157924,8.129455207923057,-0.006028998303220567
2025-05-22,108.77702129443168,110.5771134886212,108.77702129443168,109.91443634033203,7903700,0.0,0.0,110.78085632324219,101.39614486694336,84.82809194949039,5.372332446896181,4.505945525020898,9.72644853986367,0.006065567599988997,0.0,0.0,0.0,0.0,0.0,0.0,0.0,0.0,0.0,10150600.0,6433300.0,7209700.0,0.0,0.0,0.0,0.0,0.0,0.0,0.0,0.0,0.0,0.0,0.0,0.0,0.0,0.0,0.0,0.0,0.0,0.0,0.0,0.0,0.0,0.0,0.0,0.0,110.09906260172527,0.9531203362104365,110.94306291852679,1.0246721342933207,106.28811536516461,7.217727787694977,0.012850821110023336
2025-05-23,108.40117680530766,109.14297318975905,107.59014639347852,108.51986694335938,8086100,0.0,0.0,110.0489517211914,102.35751304626464,81.68406081191922,5.086650643292643,4.622086548675247,9.41230137322725,-0.012687772811340259,0.0,0.0,0.0,0.0,0.0,0.0,0.0,0.0,0.0,7903700.0,10150600.0,6433300.0,0.0,0.0,0.0,0.0,0.0,0.0,0.0,0.0,0.0,0.0,0.0,0.0,0.0,0.0,0.0,0.0,0.0,0.0,0.0,0.0,0.0,0.0,0.0,0.0,109.2286885579427,0.6975709655962188,110.48809487479073,1.3001679753375033,107.53221402849469,5.750927364095749,-0.023495895727089655
2025-05-27,109.8155350149581,111.6551906431629,108.94516331129014,111.13098907470703,10201100,0.0,0.0,109.98960876464844,103.45537147521972,83.24004169549488,5.013152982647611,4.70029983546972,9.06785878346221,0.024061236019672805,0.0,0.0,0.0,0.0,0.0,0.0,0.0,0.0,0.0,8086100.0,7903700.0,10150600.0,0.0,0.0,0.0,0.0,0.0,0.0,0.0,0.0,0.0,0.0,0.0,0.0,0.0,0.0,0.0,0.0,0.0,0.0,0.0,0.0,0.0,0.0,0.0,0.0,109.85509745279948,1.306572050781801,110.50787680489677,1.3101370177623588,108.9585827418736,3.3561582599228634,0.007532338068945821
2025-05-28,110.97273323819383,111.23978415544833,109.95400077046209,110.3001708984375,5787900,0.0,0.0,109.82344512939453,104.46174201965331,72.14653183096672,4.832163303036438,4.726672528983064,8.622074099497341,-0.007476026112851586,0.0,0.0,0.0,0.0,0.0,0.0,0.0,0.0,0.0,10201100.0,8086100.0,7903700.0,0.0,0.0,0.0,0.0,0.0,0.0,0.0,0.0,0.0,0.0,0.0,0.0,0.0,0.0,0.0,0.0,0.0,0.0,0.0,0.0,0.0,0.0,0.0,0.0,109.98367563883464,1.3340227258998527,110.23941693987165,1.0834700945886357,109.62478637695312,2.453431401244647,-0.0044634781387766775
2025-05-29,110.78481543753858,111.03208089000861,109.31110790773839,110.7947006225586,9682100,0.0,0.0,110.13203277587891,105.50371856689453,68.390162067257,4.6747445485355,4.716286932893552,8.014508209037958,0.00448349009881821,0.0,0.0,0.0,0.0,0.0,0.0,0.0,0.0,0.0,5787900.0,10201100.0,8086100.0,0.0,0.0,0.0,0.0,0.0,0.0,0.0,0.0,0.0,0.0,0.0,0.0,0.0,0.0,0.0,0.0,0.0,0.0,0.0,0.0,0.0,0.0,0.0,0.0,110.74195353190105,0.4179131514862354,110.14898790631976,0.990161348323312,110.11225182669503,1.846383000764395,-0.009023417334757755
2025-05-30,110.78481823764054,112.11015747432553,110.15181926699353,111.80355072021484,12881100,0.0,0.0,110.50985565185547,106.60306091308594,68.72361616049837,4.578615394838849,4.6887526252826115,7.217846579611136,0.009105580790303991,0.0,0.0,0.0,0.0,0.0,0.0,0.0,0.0,0.0,9682100.0,5787900.0,10201100.0,0.0,0.0,0.0,0.0,0.0,0.0,0.0,0.0,0.0,0.0,0.0,0.0,0.0,0.0,0.0,0.0,0.0,0.0,0.0,0.0,0.0,0.0,0.0,0.0,110.96614074707031,0.7662124440074298,110.2450681413923,1.1248073096972504,110.61384746006557,1.082618714265037,0.0007968504601660875
2025-06-02,111.44748757030636,112.3574226450361,111.02219068056093,111.71453094482422,7546800,0.0,0.0,111.14878845214844,107.61487121582032,58.482740863451575,4.444021284990214,4.639806357224132,6.352550917529721,-0.0007962159950840597,0.0,0.0,0.0,0.0,0.0,0.0,0.0,0.0,0.0,12881100.0,9682100.0,5787900.0,0.0,0.0,0.0,0.0,0.0,0.0,0.0,0.0,0.0,0.0,0.0,0.0,0.0,0.0,0.0,0.0,0.0,0.0,0.0,0.0,0.0,0.0,0.0,0.0,111.43759409586589,0.5585383994131984,110.59689222063336,1.147268657852712,110.78763961791992,1.0469797992545196,-0.005721837680567332
2025-06-03,111.49694291616186,113.4355031887562,111.28923329236346,112.357421875,9738800,0.0,0.0,111.39407501220703,108.6776180267334,57.78399855028954,4.339210688684204,4.579687223516147,5.09895476521944,0.005754765514732307,0.0,0.0,0.0,0.0,0.0,0.0,0.0,0.0,0.0,7546800.0,12881100.0,9682100.0,0.0,0.0,0.0,0.0,0.0,0.0,0.0,0.0,0.0,0.0,0.0,0.0,0.0,0.0,0.0,0.0,0.0,0.0,0.0,0.0,0.0,0.0,0.0,0.0,111.95850118001302,0.34833090699777486,110.94589015415737,1.2700704686398465,110.94447653634208,1.1086450442914417,0.000969301861370786
2025-06-04,112.61457465401273,112.80249880654645,111.74420300585595,112.24861907958984,5614900,0.0,0.0,111.7837646484375,109.73195762634278,52.14672391263766,4.198965004893964,4.50354277979171,3.0582410727356732,-0.0009683632250943042,0.0,0.0,0.0,0.0,0.0,0.0,0.0,0.0,0.0,9738800.0,7546800.0,12881100.0,0.0,0.0,0.0,0.0,0.0,0.0,0.0,0.0,0.0,0.0,0.0,0.0,0.0,0.0,0.0,0.0,0.0,0.0,0.0,0.0,0.0,0.0,0.0,0.0,112.10685729980469,0.3440922676870762,111.47856903076172,0.7641728105858688,110.98333195277623,1.14623187944423,0.008531005095282929
2025-06-05,112.48600438587579,113.0893251552944,110.61667059920407,111.29912567138672,8547200,0.0,0.0,111.88464965820313,110.2482479095459,51.18774168303008,3.9654913909578227,4.395932502024932,2.272433200105573,-0.008458842665404087,0.0,0.0,0.0,0.0,0.0,0.0,0.0,0.0,0.0,5614900.0,9738800.0,7546800.0,0.0,0.0,0.0,0.0,0.0,0.0,0.0,0.0,0.0,0.0,0.0,0.0,0.0,0.0,0.0,0.0,0.0,0.0,0.0,0.0,0.0,0.0,0.0,0.0,111.96838887532552,0.5821464069996992,111.5025885445731,0.7540015517997916,111.00523267473493,1.149345771438028,-0.012028129318254477
2025-06-06,112.12004999177991,112.97064377182946,111.97168920764236,112.65414428710938,5790700,0.0,0.0,112.05476837158203,110.68244590759278,51.81544630390221,3.8454723363822296,4.285840468896392,1.7876594124341587,0.01217456657946614,0.0,0.0,0.0,0.0,0.0,0.0,0.0,0.0,0.0,8547200.0,5614900.0,9738800.0,0.0,0.0,0.0,0.0,0.0,0.0,0.0,0.0,0.0,0.0,0.0,0.0,0.0,0.0,0.0,0.0,0.0,0.0,0.0,0.0,0.0,0.0,0.0,0.0,112.06729634602864,0.6954691312480275,111.83887045724052,0.6454693124152775,111.03914369855609,1.1928346624277921,-0.015217052617425897
2025-06-09,112.73327324720866,114.83997227610253,112.73327324720866,114.3948974609375,7960400,0.0,0.0,112.5908416748047,111.16313018798829,60.54853373547568,3.846480768044259,4.197968528725966,1.3583151898235792,0.015452189396527372,0.0,0.0,0.0,0.0,0.0,0.0,0.0,0.0,0.0,5790700.0,8547200.0,5614900.0,0.0,0.0,0.0,0.0,0.0,0.0,0.0,0.0,0.0,0.0,0.0,0.0,0.0,0.0,0.0,0.0,0.0,0.0,0.0,0.0,0.0,0.0,0.0,0.0,112.78272247314453,1.551885951250365,112.35318429129464,1.007566057412024,111.25108609880719,1.4930180867805303,-0.02585694593611454
2025-06-10,114.26631022692837,119.18194865256338,114.26631022692837,117.43131256103516,18948400,0.0,0.0,113.60561981201172,111.57062377929688,68.74629408169955,4.045657458749716,4.167506314730716,1.8846152401935197,0.026543273935225153,0.0,0.0,0.0,0.0,0.0,0.0,0.0,0.0,0.0,7960400.0,5790700.0,8547200.0,0.0,0.0,0.0,0.0,0.0,0.0,0.0,0.0,0.0,0.0,0.0,0.0,0.0,0.0,0.0,0.0,0.0,0.0,0.0,0.0,0.0,0.0,0.0,0.0,114.82678476969402,2.417690874563997,113.15715026855469,2.1233580626621116,111.70110920497349,2.2244069871965073,-0.00660975524595353
2025-06-11,117.08513946360216,118.24234756674636,116.36312853650462,118.2126693725586,10439200,0.0,0.0,114.79842987060547,111.97317199707031,78.52644781211838,4.217933671945332,4.177591786173639,2.3661486995542007,0.006653734804482614,0.0,0.0,0.0,0.0,0.0,0.0,0.0,0.0,0.0,18948400.0,7960400.0,5790700.0,0.0,0.0,0.0,0.0,0.0,0.0,0.0,0.0,0.0,0.0,0.0,0.0,0.0,0.0,0.0,0.0,0.0,0.0,0.0,0.0,0.0,0.0,0.0,0.0,116.67962646484375,2.0168340493696815,114.08545575823102,2.723256693013022,112.34117398943219,2.703123247445171,0.00767221196118717
2025-06-12,117.5697802541766,118.08408907596204,116.37301636772759,117.3126220703125,7980300,0.0,0.0,116.00112915039062,112.25357093811036,73.20098709380119,4.233041647666468,4.188681758472205,2.6481342167973985,-0.0076137972945142796,0.0,0.0,0.0,0.0,0.0,0.0,0.0,0.0,0.0,10439200.0,18948400.0,7960400.0,0.0,0.0,0.0,0.0,0.0,0.0,0.0,0.0,0.0,0.0,0.0,0.0,0.0,0.0,0.0,0.0,0.0,0.0,0.0,0.0,0.0,0.0,0.0,0.0,117.65220133463542,0.4889940432128428,114.79334150041852,2.840702607705122,112.86961582728794,2.90763065479038,0.005680876510231636
2025-06-13,116.02683437266742,117.02578887795518,116.01694918799924,116.64994812011719,13204900,0.0,0.0,116.80028991699218,112.53644256591797,76.7229567066565,4.143775710706848,4.179700548919134,2.803918557706126,-0.005648786451965315,0.0,0.0,0.0,0.0,0.0,0.0,0.0,0.0,0.0,7980300.0,10439200.0,18948400.0,0.0,0.0,0.0,0.0,0.0,0.0,0.0,0.0,0.0,0.0,0.0,0.0,0.0,0.0,0.0,0.0,0.0,0.0,0.0,0.0,0.0,0.0,0.0,0.0,117.3917465209961,0.7843595713896461,115.42210279192243,2.665256036541427,113.45033591134208,2.781192381078949,-0.012889250603614677
2025-06-16,116.72907404732224,119.02369719483791,116.58072080933391,118.17311096191406,9592100,0.0,0.0,117.5559326171875,112.83612861633301,74.92992530948192,4.14812136330967,4.173384711797241,3.0713063888440035,0.013057552672277595,0.0,0.0,0.0,0.0,0.0,0.0,0.0,0.0,0.0,13204900.0,7980300.0,10439200.0,0.0,0.0,0.0,0.0,0.0,0.0,0.0,0.0,0.0,0.0,0.0,0.0,0.0,0.0,0.0,0.0,0.0,0.0,0.0,0.0,0.0,0.0,0.0,0.0,117.37856038411458,0.763719291741761,116.4041006905692,2.0992222744864057,113.95334461757115,2.9604883900300214,0.011428171798764541
2025-06-17,117.68846148863274,118.02474642457864,116.36312229846567,116.8378677368164,9241200,0.0,0.0,117.43724365234375,113.10663681030273,72.34612265334276,3.99773890949146,4.138255551336085,3.177157764713634,-0.011299044378445755,0.0,0.0,0.0,0.0,0.0,0.0,0.0,0.0,0.0,9592100.0,13204900.0,7980300.0,0.0,0.0,0.0,0.0,0.0,0.0,0.0,0.0,0.0,0.0,0.0,0.0,0.0,0.0,0.0,0.0,0.0,0.0,0.0,0.0,0.0,0.0,0.0,0.0,117.22030893961589,0.8304831219581024,117.00177546909877,1.295239989508331,114.42032296316964,2.8536106972262334,0.0022908310928648756
2025-06-18,116.59060158510306,117.45108806260636,115.56197641361007,116.5708236694336,8181200,0.0,0.0,117.10887451171875,113.37862854003906,70.05490750384894,3.8130569598484527,4.073215833038558,3.2315070166510345,-0.0022855951803600894,0.0,0.0,0.0,0.0,0.0,0.0,0.0,0.0,0.0,9241200.0,9592100.0,13204900.0,0.0,0.0,0.0,0.0,0.0,0.0,0.0,0.0,0.0,0.0,0.0,0.0,0.0,0.0,0.0,0.0,0.0,0.0,0.0,0.0,0.0,0.0,0.0,0.0,117.19393412272136,0.8584396282151795,117.3126220703125,0.6806133288349957,114.83290318080357,2.7026571536794863,0.0019552302376066866
2025-06-20,116.95656672114197,117.74781923953545,115.6213346990533,116.34334564208984,17180400,0.0,0.0,116.91501922607422,113.73320770263672,66.66664799380658,3.606763088746334,3.979925284180114,3.1426950385368975,-0.001951414772437543,0.0,0.0,0.0,0.0,0.0,0.0,0.0,0.0,0.0,8181200.0,9241200.0,9592100.0,0.0,0.0,0.0,0.0,0.0,0.0,0.0,0.0,0.0,0.0,0.0,0.0,0.0,0.0,0.0,0.0,0.0,0.0,0.0,0.0,0.0,0.0,0.0,0.0,116.58401234944661,0.24752470887592842,117.15719822474888,0.7676501351156265,115.15717424665179,2.580831111433874,-0.0010190691580186373
2025-06-23,115.38395474909068,116.6994012257202,113.7618864331876,116.46202850341797,8348000,0.0,0.0,116.87743530273437,114.06058731079102,67.39129462663708,3.4135017018777205,3.8666405677196356,3.0640015982556923,0.0010201087193524305,0.0,0.0,0.0,0.0,0.0,0.0,0.0,0.0,0.0,17180400.0,8181200.0,9241200.0,0.0,0.0,0.0,0.0,0.0,0.0,0.0,0.0,0.0,0.0,0.0,0.0,0.0,0.0,0.0,0.0,0.0,0.0,0.0,0.0,0.0,0.0,0.0,0.0,116.45873260498047,0.1137748234078819,116.9071066720145,0.6412411771986087,115.49628121512276,2.399197015630727,-0.011799436000579755
2025-06-24,116.95866985350084,118.27973350583949,116.95866985350084,117.85262298583984,8350200,0.5,0.0,116.81333770751954,114.52722511291503,69.08484467250624,3.334116395072698,3.760135733190248,2.880962427745113,0.011940325102452354,0.0,0.0,0.0,0.0,0.0,0.0,0.0,0.0,0.0,8348000.0,17180400.0,8181200.0,0.0,0.0,0.0,0.0,0.0,0.0,0.0,0.0,0.0,0.0,0.0,0.0,0.0,0.0,0.0,0.0,0.0,0.0,0.0,0.0,0.0,0.0,0.0,0.0,116.88599904378255,0.8392215377435246,116.98424965994698,0.7251485550508042,115.88879558018276,2.2933493371049796,-0.006447819722698811
2025-06-25,117.97181364985227,118.91543380786469,117.8327551134078,118.61744689941406,6976300,0.0,0.0,117.16925354003907,114.90154800415038,71.15497777748493,3.2949358954385133,3.6670957656399015,2.902739977739472,0.006489663905623111,0.0,0.0,0.0,0.0,0.0,0.0,0.0,0.0,0.0,8350200.0,8348000.0,17180400.0,0.0,0.0,0.0,0.0,0.0,0.0,0.0,0.0,0.0,0.0,0.0,0.0,0.0,0.0,0.0,0.0,0.0,0.0,0.0,0.0,0.0,0.0,0.0,0.0,117.64403279622395,1.0927440303443239,117.26532091413226,0.9271471400052852,116.34371185302734,2.1424327476795444,-0.016795657450798807
2025-06-26,119.17368824716101,120.85232559697707,118.87570133965093,120.64373779296875,10439600,0.0,0.0,117.9838363647461,115.41872634887696,78.96730438945063,3.3883312345791836,3.611342859427758,2.9606426372603862,0.017082570452497947,0.0,0.0,0.0,0.0,0.0,0.0,0.0,0.0,0.0,6976300.0,8350200.0,8348000.0,0.0,0.0,0.0,0.0,0.0,0.0,0.0,0.0,0.0,0.0,0.0,0.0,0.0,0.0,0.0,0.0,0.0,0.0,0.0,0.0,0.0,0.0,0.0,0.0,119.03793589274089,1.4422859327386786,117.61826760428292,1.5745490988988176,117.01118414742606,1.8907739291581556,-0.007193055770416956
2025-06-27,121.03111738494454,122.11379608635268,120.66360878403398,121.517822265625,13435600,0.0,0.0,119.01873168945312,115.95488243103027,78.32090097996198,3.4926182960029593,3.5875979467427985,3.048820150408097,0.007245170687236291,0.0,0.0,0.0,0.0,0.0,0.0,0.0,0.0,0.0,10439600.0,6976300.0,8350200.0,0.0,0.0,0.0,0.0,0.0,0.0,0.0,0.0,0.0,0.0,0.0,0.0,0.0,0.0,0.0,0.0,0.0,0.0,0.0,0.0,0.0,0.0,0.0,0.0,120.25966898600261,1.4878427176938651,118.28683253696987,2.0953869295901244,117.64430400303432,1.8014856887386126,-0.013466704622680847
2025-06-30,123.47458455751058,123.85203565522283,122.35218133848433,123.17660522460938,13456200,0.0,0.0,120.36164703369141,116.52353515625,78.2067443132473,3.666847331783842,3.6034478237510075,3.2852396257810113,0.013650532309231522,0.0,0.0,0.0,0.0,0.0,0.0,0.0,0.0,0.0,13435600.0,10439600.0,6976300.0,0.0,0.0,0.0,0.0,0.0,0.0,0.0,0.0,0.0,0.0,0.0,0.0,0.0,0.0,0.0,0.0,0.0,0.0,0.0,0.0,0.0,0.0,0.0,0.0,121.77938842773438,1.286532937564161,119.2305156162807,2.6164640430762427,118.27156884329659,2.088960292370292,0.0042109050124323755
2025-07-01,122.67003013268005,122.92828494957035,121.62708352540444,122.66009521484375,9815700,0.0,0.0,121.3231414794922,117.07081336975098,70.03860082675124,3.720361050413956,3.6268304690835973,3.352954451830828,-0.0041932476449061395,0.0,0.0,0.0,0.0,0.0,0.0,0.0,0.0,0.0,13456200.0,13435600.0,10439600.0,0.0,0.0,0.0,0.0,0.0,0.0,0.0,0.0,0.0,0.0,0.0,0.0,0.0,0.0,0.0,0.0,0.0,0.0,0.0,0.0,0.0,0.0,0.0,0.0,122.45150756835938,0.8488355735678211,120.13290841238839,2.5430094044264977,118.64505331856864,2.375015470207286,0.004146985551786608
2025-07-02,122.49123772647145,122.86868123943782,121.70654594746189,122.15352630615234,7317100,0.0,0.0,122.03035736083984,117.5606185913086,65.42773513335922,3.679480420722413,3.6373604594113607,3.343678213196999,-0.004129859085826859,0.0,0.0,0.0,0.0,0.0,0.0,0.0,0.0,0.0,9815700.0,13456200.0,13435600.0,0.0,0.0,0.0,0.0,0.0,0.0,0.0,0.0,0.0,0.0,0.0,0.0,0.0,0.0,0.0,0.0,0.0,0.0,0.0,0.0,0.0,0.0,0.0,0.0,122.66340891520183,0.5115475088453716,120.94597952706474,2.0322945115427893,118.92654309953961,2.5471280382358223,-0.00822574699568579
2025-07-03,122.24291383948378,123.40504909351313,122.07405813483778,123.16666412353516,4252300,0.0,0.0,122.53494262695312,118.10652084350586,72.71636173945583,3.6863401473282664,3.647156396994742,3.3219661124461433,0.008293971103573439,0.0,0.0,0.0,0.0,0.0,0.0,0.0,0.0,0.0,7317100.0,9815700.0,13456200.0,0.0,0.0,0.0,0.0,0.0,0.0,0.0,0.0,0.0,0.0,0.0,0.0,0.0,0.0,0.0,0.0,0.0,0.0,0.0,0.0,0.0,0.0,0.0,0.0,122.66009521484375,0.5065689086919569,121.7051282610212,1.6385849420497205,119.34468896048409,2.7353559452862584,0.006820361373130357
2025-07-07,122.38197296843666,123.77256585999585,121.75620957738974,122.33231353759766,7023500,0.0,0.0,122.69784088134766,118.6581802368164,71.76025125995179,3.58314712117739,3.6343545418312715,3.035785265029727,-0.006774159159662285,0.0,0.0,0.0,0.0,0.0,0.0,0.0,0.0,0.0,4252300.0,7317100.0,9815700.0,0.0,0.0,0.0,0.0,0.0,0.0,0.0,0.0,0.0,0.0,0.0,0.0,0.0,0.0,0.0,0.0,0.0,0.0,0.0,0.0,0.0,0.0,0.0,0.0,122.55083465576172,0.5407639675182827,122.23582349504743,0.9126780040340448,119.75057220458984,2.7263124351621335,0.010999827552343522
2025-07-08,122.39191283302186,122.87861771239797,121.0013198852539,121.0013198852539,6622900,0.0,0.0,122.26278381347656,119.07553901672364,60.99222684079524,3.3552881669271812,3.5785412668504537,2.7247591881567748,-0.010880147802769025,0.0,0.0,0.0,0.0,0.0,0.0,0.0,0.0,0.0,7023500.0,4252300.0,7317100.0,0.0,0.0,0.0,0.0,0.0,0.0,0.0,0.0,0.0,0.0,0.0,0.0,0.0,0.0,0.0,0.0,0.0,0.0,0.0,0.0,0.0,0.0,0.0,0.0,122.16676584879558,1.0921233655204878,122.28690665108817,0.8133144832820304,119.95258712768555,2.705134417305076,0.010032317447435046
2025-07-09,121.02118340544784,121.52775812574536,119.79945373535156,119.79945373535156,6724900,0.0,0.0,121.69065551757812,119.34576683044433,61.63120503624067,3.0426539296514505,3.4713637994106534,2.4943844906359445,-0.009932669751388512,0.0,0.0,0.0,0.0,0.0,0.0,0.0,0.0,0.0,6622900.0,7023500.0,4252300.0,0.0,0.0,0.0,0.0,0.0,0.0,0.0,0.0,0.0,0.0,0.0,0.0,0.0,0.0,0.0,0.0,0.0,0.0,0.0,0.0,0.0,0.0,0.0,0.0,121.0443623860677,1.2669783688430993,122.04142543247768,1.234435546279278,120.16412898472377,2.554426811424736,-0.007815033898256885
2025-07-10,119.8093872162264,121.13044331532811,119.8093872162264,120.7430648803711,6888700,0.0,0.0,121.40856323242187,119.51135444641113,65.55903547545671,2.8383122803383998,3.344753495596203,2.4704149158732895,0.007876589713873505,0.0,0.0,0.0,0.0,0.0,0.0,0.0,0.0,0.0,6724900.0,6622900.0,7023500.0,0.0,0.0,0.0,0.0,0.0,0.0,0.0,0.0,0.0,0.0,0.0,0.0,0.0,0.0,0.0,0.0,0.0,0.0,0.0,0.0,0.0,0.0,0.0,0.0,120.51461283365886,0.6326636656281794,121.69377681187221,1.2037494705049656,120.46214621407645,2.337095111302001,0.01409860507604388
2025-07-11,119.82924452796671,120.41528340417669,118.92536407641373,119.06442260742188,6112400,0.0,0.0,120.58811492919922,119.5539421081543,59.156362911925555,2.5119613221474566,3.1781950609064538,2.4541365535272663,-0.013902597839572595,0.0,0.0,0.0,0.0,0.0,0.0,0.0,0.0,0.0,6888700.0,6724900.0,6622900.0,0.0,0.0,0.0,0.0,0.0,0.0,0.0,0.0,0.0,0.0,0.0,0.0,0.0,0.0,0.0,0.0,0.0,0.0,0.0,0.0,0.0,0.0,0.0,0.0,119.86898040771484,0.8414781273218102,121.18010929652623,1.4621233867638879,120.65650885445731,2.0655864076236057,-0.0008335344234863262
2025-07-14,118.97502415394932,119.69018664766304,118.7962335305209,119.16374969482422,6853300,0.0,0.0,119.95440216064453,119.64649848937988,59.10308916873259,2.235570437976989,2.9896701363205613,2.399455411646264,0.0008342297827272915,0.0,0.0,0.0,0.0,0.0,0.0,0.0,0.0,0.0,6112400.0,6888700.0,6724900.0,0.0,0.0,0.0,0.0,0.0,0.0,0.0,0.0,0.0,0.0,0.0,0.0,0.0,0.0,0.0,0.0,0.0,0.0,0.0,0.0,0.0,0.0,0.0,0.0,119.65707906087239,0.9418016604825602,120.75299835205078,1.5635444693197076,120.84948893955776,1.7448760106633379,0.008320711327242769
2025-07-15,119.42200410552073,119.42200410552073,118.08107064519388,118.18040466308594,7943600,0.0,0.0,119.39021911621094,119.72302131652832,51.13558090052467,1.91510480895289,2.774757070847027,2.3220152466470396,-0.008252048414527091,0.0,0.0,0.0,0.0,0.0,0.0,0.0,0.0,0.0,6853300.0,6112400.0,6888700.0,0.0,0.0,0.0,0.0,0.0,0.0,0.0,0.0,0.0,0.0,0.0,0.0,0.0,0.0,0.0,0.0,0.0,0.0,0.0,0.0,0.0,0.0,0.0,0.0,118.80285898844402,0.5413441677355012,120.04067557198661,1.4088208708181647,120.8729019165039,1.7032735628591091,-0.007010480206355307
2025-07-16,118.5578475658927,119.75971491071691,118.0810700480354,119.01475524902344,6747500,0.0,0.0,119.23327941894532,119.76510353088379,51.36985292415567,1.7087610744480912,2.56155787156724,2.299969585237137,0.007059974014441028,0.0,0.0,0.0,0.0,0.0,0.0,0.0,0.0,0.0,7943600.0,6853300.0,6112400.0,0.0,0.0,0.0,0.0,0.0,0.0,0.0,0.0,0.0,0.0,0.0,0.0,0.0,0.0,0.0,0.0,0.0,0.0,0.0,0.0,0.0,0.0,0.0,0.0,118.7863032023112,0.5299854866851572,119.56673867361886,1.0113730052518835,120.90128108433315,1.6656989111197393,-0.019556512398386516
2025-07-17,118.94522794197565,121.5674853880584,118.94522794197565,121.3886947631836,9933700,0.0,0.0,119.3624053955078,119.99264488220214,52.5083553616889,1.7169967870118086,2.3926456546561536,2.2188093005464435,0.01994659829525336,0.0,0.0,0.0,0.0,0.0,0.0,0.0,0.0,0.0,6747500.0,7943600.0,6853300.0,0.0,0.0,0.0,0.0,0.0,0.0,0.0,0.0,0.0,0.0,0.0,0.0,0.0,0.0,0.0,0.0,0.0,0.0,0.0,0.0,0.0,0.0,0.0,0.0,119.52795155843098,1.664574774706402,119.62207794189453,1.108851946214813,120.95449229649135,1.6687349122702304,0.0065063416762147774
2025-07-18,121.15031070251888,121.33903624634299,119.48160071715057,120.60400390625,9486800,0.0,0.0,119.67032165527344,120.19430389404297,46.90443380105219,1.6412859317777304,2.242373710080469,2.0697158695749205,-0.006464282843344216,0.0,0.0,0.0,0.0,0.0,0.0,0.0,0.0,0.0,9933700.0,6747500.0,7943600.0,0.0,0.0,0.0,0.0,0.0,0.0,0.0,0.0,0.0,0.0,0.0,0.0,0.0,0.0,0.0,0.0,0.0,0.0,0.0,0.0,0.0,0.0,0.0,0.0,120.33581797281902,1.2094792166015067,119.7370136805943,1.1702963079853117,120.88921955653599,1.6628669572115085,0.004799744118738625
2025-07-21,120.25635833335758,121.15031147013362,119.96830634605631,120.02790069580078,6392500,0.0,0.0,119.84315185546875,120.37853164672852,38.48942031952403,1.5173072457120327,2.0973604172067817,1.8625077195677855,-0.004776816621254509,0.0,0.0,0.0,0.0,0.0,0.0,0.0,0.0,0.0,9486800.0,9933700.0,6747500.0,0.0,0.0,0.0,0.0,0.0,0.0,0.0,0.0,0.0,0.0,0.0,0.0,0.0,0.0,0.0,0.0,0.0,0.0,0.0,0.0,0.0,0.0,0.0,0.0,120.6735331217448,0.6830562621864463,119.63484736851284,1.0967354012915704,120.66431209019252,1.5379360433218334,-0.001817277511193982
2025-07-22,119.93850757355754,120.61393798144448,119.74978203105155,120.24642181396484,5614500,0.0,0.0,120.25635528564453,120.56775131225587,40.979921547428226,1.4203135809190854,1.9619510499492425,1.6201387140652528,0.0018205860212274771,0.0,0.0,0.0,0.0,0.0,0.0,0.0,0.0,0.0,6392500.0,9486800.0,9933700.0,0.0,0.0,0.0,0.0,0.0,0.0,0.0,0.0,0.0,0.0,0.0,0.0,0.0,0.0,0.0,0.0,0.0,0.0,0.0,0.0,0.0,0.0,0.0,0.0,120.2927754720052,0.2908353889803177,119.80370439801898,1.085205146661713,120.4919068472726,1.428381725720657,-0.015292053161814478
2025-07-23,120.70332967460399,122.35217739369311,120.68346741763307,122.1137924194336,8258900,0.0,0.0,120.87616271972657,120.78080978393555,49.865219763213275,1.477099520552656,1.8649807440699253,1.5214705945674165,0.015529531584380862,0.0,0.0,0.0,0.0,0.0,0.0,0.0,0.0,0.0,5614500.0,6392500.0,9486800.0,0.0,0.0,0.0,0.0,0.0,0.0,0.0,0.0,0.0,0.0,0.0,0.0,0.0,0.0,0.0,0.0,0.0,0.0,0.0,0.0,0.0,0.0,0.0,0.0,120.79603830973308,1.1464269667082756,120.22513907296317,1.3385150733725242,120.48906871250698,1.4248613271196797,0.00811813003481987
2025-07-24,122.02439288122807,122.5706996724952,120.99138122563673,121.13043975830078,6702200,0.0,0.0,120.82451171875,120.90645942687988,43.07899363632121,1.4263127992002467,1.7772471550959896,1.434700191052974,-0.008052756708719855,0.0,0.0,0.0,0.0,0.0,0.0,0.0,0.0,0.0,8258900.0,5614500.0,6392500.0,0.0,0.0,0.0,0.0,0.0,0.0,0.0,0.0,0.0,0.0,0.0,0.0,0.0,0.0,0.0,0.0,0.0,0.0,0.0,0.0,0.0,0.0,0.0,0.0,121.1635513305664,0.9341255411914211,120.64657265799386,1.0120212668770077,120.34362411499023,1.2196679630048497,0.0039515456815779615
2025-07-25,121.43836303877318,121.62708100502067,120.05770503489295,120.65367126464844,5656600,0.0,0.0,120.83444519042969,120.90695610046387,44.15224681742725,1.3322355416760985,1.6882448324120116,1.434606169876153,-0.003935992427697488,0.0,0.0,0.0,0.0,0.0,0.0,0.0,0.0,0.0,6702200.0,8258900.0,5614500.0,0.0,0.0,0.0,0.0,0.0,0.0,0.0,0.0,0.0,0.0,0.0,0.0,0.0,0.0,0.0,0.0,0.0,0.0,0.0,0.0,0.0,0.0,0.0,0.0,121.29930114746094,0.7445630082304422,120.88070351736886,0.7186357197825827,120.22372109549386,1.084103264950255,0.009138473169861383
2025-07-28,120.21662625546254,120.5841424278824,119.08428814144891,119.56106567382812,6042200,0.0,0.0,120.74107818603515,120.80911827087402,44.897960286808484,1.1561866968646513,1.5818332053025397,1.4572978083295898,-0.009055717736294433,0.0,0.0,0.0,0.0,0.0,0.0,0.0,0.0,0.0,5656600.0,6702200.0,8258900.0,0.0,0.0,0.0,0.0,0.0,0.0,0.0,0.0,0.0,0.0,0.0,0.0,0.0,0.0,0.0,0.0,0.0,0.0,0.0,0.0,0.0,0.0,0.0,0.0,120.44839223225911,0.8045734056679813,120.61961364746094,0.8271272854065888,120.12084579467773,1.0729156645744677,0.0038362152349400436
2025-07-29,119.76965198515667,119.9981020417757,118.55784970114436,119.10415649414062,6283700,0.0,0.0,120.51262512207032,120.60549583435059,47.39969595496847,0.9686321779419842,1.4591929998304285,1.3921448690492553,-0.0038215549277051952,0.0,0.0,0.0,0.0,0.0,0.0,0.0,0.0,0.0,6042200.0,5656600.0,6702200.0,0.0,0.0,0.0,0.0,0.0,0.0,0.0,0.0,0.0,0.0,0.0,0.0,0.0,0.0,0.0,0.0,0.0,0.0,0.0,0.0,0.0,0.0,0.0,0.0,119.77296447753906,0.7961939671126732,120.40534973144531,1.006631413607477,120.07118170601981,1.1045624708787278,0.0030952161109305543
2025-07-30,119.14388161401733,119.69018840979206,118.37905967805447,118.73664093017578,5281500,0.0,0.0,119.83719482421876,120.4093231201172,42.15838870461612,0.7813317300601739,1.3236207458763776,1.3635257076750749,-0.0030856653099501363,0.0,0.0,0.0,0.0,0.0,0.0,0.0,0.0,0.0,6283700.0,6042200.0,5656600.0,0.0,0.0,0.0,0.0,0.0,0.0,0.0,0.0,0.0,0.0,0.0,0.0,0.0,0.0,0.0,0.0,0.0,0.0,0.0,0.0,0.0,0.0,0.0,0.0,119.13395436604817,0.4130193389718851,120.22088405064174,1.1891011307098645,119.92786570957729,1.1402690880686772,0.003610095964633464
2025-07-31,118.65717850521108,119.10415886605173,117.78309519713173,118.30953216552734,7235000,0.0,0.0,119.27301330566407,120.21712341308594,46.72978495142519,0.5916109451658969,1.1772187857342815,1.3755937953340756,-0.003597110052149799,0.0,0.0,0.0,0.0,0.0,0.0,0.0,0.0,0.0,5281500.0,6283700.0,6042200.0,0.0,0.0,0.0,0.0,0.0,0.0,0.0,0.0,0.0,0.0,0.0,0.0,0.0,0.0,0.0,0.0,0.0,0.0,0.0,0.0,0.0,0.0,0.0,0.0,118.71677652994792,0.39768442476904614,119.94418552943638,1.3904704446245388,119.87394496372768,1.2004980352766634,0.021614225193581804
2025-08-01,116.79974475083353,117.09773166265464,114.79332328935355,115.80646514892578,8637800,0.0,0.0,118.30357208251954,119.84911346435547,37.96296701541235,0.23655243778289048,0.9890855161440033,1.5217440994289089,-0.021156934448016473,0.0,0.0,0.0,0.0,0.0,1.0,372.0,0.0,0.0,7235000.0,5281500.0,6283700.0,0.0,0.0,0.0,0.0,0.0,0.0,0.0,0.0,0.0,0.0,0.0,0.0,0.0,0.0,0.0,0.0,0.0,0.0,0.0,0.0,0.0,0.0,0.0,0.0,117.61754608154297,1.5829137950556837,119.0431387765067,1.7478933738292304,119.63413892473493,1.6165123792684586,-0.02312522750218937
2025-08-04,116.93880457908668,118.7167683021518,116.93880457908668,118.54791259765625,8845000,0.0,0.0,118.10094146728515,119.6598934173584,51.17012790029937,0.1743679058256049,0.8261419940803236,1.42919103998741,0.023672663224846735,0.0,0.0,0.0,0.0,0.0,0.0,0.0,0.0,0.0,8637800.0,7235000.0,5281500.0,0.0,0.0,0.0,0.0,0.0,0.0,0.0,0.0,0.0,0.0,0.0,0.0,0.0,0.0,0.0,1.0,0.0,0.0,372.0,0.0,0.0,0.0,0.0,0.0,117.5546366373698,1.5186454399768399,118.67420632498605,1.486967438602283,119.66038949148995,1.59391527085986,0.008705149291596603
2025-08-05,118.44859163452878,118.76644080161816,116.54149663199254,117.52484130859375,15365700,0.0,0.0,117.78507843017579,119.48606948852539,45.31251650218093,0.04204820780478258,0.6693232368252154,1.4683302532665305,-0.008630023647356322,0.0,0.0,0.0,0.0,0.0,0.0,0.0,0.0,0.0,8845000.0,8637800.0,7235000.0,0.0,0.0,0.0,0.0,0.0,0.0,0.0,0.0,0.0,0.0,0.0,0.0,0.0,0.0,0.0,0.0,1.0,0.0,0.0,372.0,0.0,0.0,0.0,0.0,117.29307301839192,1.3853414502553363,118.22723061697823,1.243025910797881,119.55396706717355,1.6873401643211328,0.027350934330026666
2025-08-06,115.00190485366755,115.33962384060702,111.44596225311774,114.39600372314453,22153700,0.0,0.0,116.91695098876953,119.21589698791504,28.997609536921104,-0.31169413458701456,0.47311976254276944,1.8540791036397932,-0.026622776517805202,0.0,0.0,0.0,0.0,0.0,0.0,0.0,0.0,0.0,15365700.0,8845000.0,8637800.0,0.0,0.0,0.0,0.0,0.0,0.0,0.0,0.0,0.0,0.0,0.0,0.0,0.0,0.0,0.0,0.0,0.0,1.0,0.0,0.0,372.0,0.0,0.0,0.0,116.82291920979817,2.163124545685252,117.48936462402344,1.7492255656778395,119.05448913574219,2.0895009355517633,0.02028698196023182
2025-08-07,114.9721141162254,115.61774737418712,111.06852497096862,112.12139892578125,15484400,0.0,0.0,115.67932434082032,118.78481369018554,26.615558051394657,-0.7667405788763801,0.22514769425893952,2.401727250375925,-0.01988360365164643,0.0,0.0,0.0,0.42115,0.7219714285714287,2.0,7.0,0.5,0.0,22153700.0,15365700.0,8845000.0,0.0,0.0,0.0,0.0,0.0,0.0,0.0,0.0,0.0,0.0,0.0,0.0,0.0,0.0,0.0,0.0,0.0,0.0,0.0,0.0,0.0,0.0,0.0,0.0,114.68074798583984,2.7129516891105108,116.49182782854352,2.5033539443140542,118.44858877999442,2.735596047212705,0.004002489514865593
2025-08-08,112.53857917844859,113.52192383844323,111.26717495344046,111.67442321777344,9491000,0.0,0.0,114.85291595458985,118.41531372070312,26.806404941608605,-1.15017684579459,-0.04991721375176639,2.8777407887126527,-0.003986533456505348,0.0,0.0,0.0,0.0,0.0,0.0,0.0,0.0,0.0,15484400.0,22153700.0,15365700.0,0.0,0.0,0.0,0.0,0.0,0.0,0.0,0.0,0.0,0.42115,0.0,0.0,0.7219714285714287,0.0,0.0,2.0,0.0,0.0,7.0,0.0,0.0,0.5,0.0,0.0,112.73060862223308,1.4594870511562388,115.48293958391461,2.8473349736970244,117.85191181727818,3.2308141377284993,-0.0010661971022615235
2025-08-11,112.15119849555097,112.38958346752098,110.79040277340069,111.79361724853516,8532600,0.0,0.0,113.50205688476562,118.04680709838867,26.400453959492978,-1.4279740912589745,-0.325528589253208,3.2274905849409112,0.0010673350918435354,0.0,0.0,0.0,0.0,0.0,0.0,0.0,0.0,0.0,9491000.0,15484400.0,22153700.0,0.0,0.0,0.0,0.0,0.0,0.0,0.0,0.0,0.0,0.0,0.42115,0.0,0.0,0.7219714285714287,0.0,0.0,2.0,0.0,0.0,7.0,0.0,0.0,0.5,0.0,111.86314646402995,0.23145745773968004,114.55209459577289,2.8343154859356514,117.24814006260463,3.525312536239239,-0.010288452062928388
2025-08-12,112.54850886827593,113.63118757114158,111.73401990072314,112.95575714111328,7274000,0.0,0.0,112.58824005126954,117.78557472229004,23.383372285368367,-1.5366419805623508,-0.5677512675150367,3.4217055482033123,0.010395404685711984,0.0,0.0,0.0,0.8934,0.8934,1.0,7.0,1.0,0.0,8532600.0,9491000.0,15484400.0,0.0,0.0,0.0,0.0,0.0,0.0,0.0,0.0,0.0,0.0,0.0,0.42115,0.0,0.0,0.7219714285714287,0.0,0.0,2.0,0.0,0.0,7.0,0.0,0.0,0.5,112.14126586914062,0.7078833437315696,114.1448505946568,2.828838975395599,116.59399468558175,3.400464471254395,-0.02503428436149102
2025-08-13,113.46233260017918,116.44217141482872,113.38286841303926,115.85613250732422,9025700,0.0,0.0,112.88026580810546,117.62764358520508,36.20780327654301,-1.3729000756685252,-0.7287810291457344,3.4348548266715997,0.025677091983789424,0.0,0.0,0.0,0.0,0.0,0.0,0.0,0.0,0.0,7274000.0,8532600.0,9491000.0,0.0,0.0,0.0,0.0,0.0,0.0,0.0,0.0,0.0,0.8934,0.0,0.0,0.8934,0.0,0.0,1.0,0.0,0.0,7.0,0.0,0.0,1.0,0.0,0.0,113.53516896565755,2.092318356223628,113.76031058175224,2.2553792483746764,116.21725845336914,3.1415227336494,0.002837306392174499
2025-08-14,114.70392692524119,115.92565654031509,113.84970589737605,115.5283432006836,6800900,0.0,0.0,113.56165466308593,117.33462600708008,36.4921333954785,-1.2551151082538894,-0.8340478449673654,3.3459378045400014,-0.002829278861176454,0.0,0.0,0.0,0.0,0.0,0.0,0.0,0.0,0.0,9025700.0,7274000.0,8532600.0,0.0,0.0,0.0,0.0,0.0,0.0,0.0,0.0,0.0,0.0,0.8934,0.0,0.0,0.8934,0.0,0.0,1.0,0.0,0.0,7.0,0.0,0.0,1.0,0.0,114.7800776163737,1.5883860849076796,113.47509656633649,1.775069568126752,115.85116359165737,2.8718211247457166,0.007972904572236983
2025-08-15,115.78660270216498,116.05478485986843,114.41587958189479,114.61453247070312,6768600,0.0,0.0,114.14967651367188,117.03515243530273,36.839319004098705,-1.2214267149986568,-0.9115236189736238,3.3057134323562307,-0.007909840171368976,0.0,0.0,0.0,0.0,0.0,0.0,0.0,0.0,0.0,6800900.0,9025700.0,7274000.0,0.0,0.0,0.0,0.0,0.0,0.0,0.0,0.0,0.0,0.0,0.0,0.8934,0.0,0.0,0.8934,0.0,0.0,1.0,0.0,0.0,7.0,0.0,0.0,1.0,115.33300272623698,0.6434369343243432,113.50631495884487,1.7957660344368442,115.49783979143415,2.6780272676805286,-0.009952827832330202
2025-08-18,114.41587804708429,116.22364659222919,114.38608087197494,115.76673889160156,5798400,0.0,0.0,114.94430084228516,116.82209434509278,41.43731281930823,-1.0891993794136425,-0.9470587710616276,3.23932693148146,0.01005288244047886,0.0,0.0,0.0,0.0,0.0,0.0,0.0,0.0,0.0,6768600.0,6800900.0,9025700.0,0.0,0.0,0.0,0.0,0.0,0.0,0.0,0.0,0.0,0.0,0.0,0.0,0.0,0.0,0.0,0.0,0.0,0.0,0.0,0.0,0.0,0.0,0.0,0.0,115.30320485432942,0.6082025693301364,114.02707781110492,1.854805479545341,115.25945281982422,2.473007827514301,0.00240828579795771
2025-08-19,115.71706694359176,116.20377179856202,114.94231011131865,115.48860931396484,5914000,0.0,0.0,115.45087127685547,116.58420372009277,41.62824850135725,-0.9953769103831434,-0.9567223989259308,3.148030839281784,-0.0024024998915892493,0.0,0.0,0.0,0.0,0.0,0.0,0.0,0.0,0.0,5798400.0,6768600.0,6800900.0,0.0,0.0,0.0,0.0,0.0,0.0,0.0,0.0,0.0,0.0,0.0,0.0,0.0,0.0,0.0,0.0,0.0,0.0,0.0,0.0,0.0,0.0,0.0,0.0,115.28996022542317,0.6012412197897686,114.57196153913226,1.5897915461130971,115.02745056152344,2.2653426497205063,-0.006579001338205437
2025-08-20,115.29989338669732,117.09772696908973,115.22042920298055,116.2534408569336,7046700,0.0,0.0,115.53033294677735,116.29118614196777,44.79113997448683,-0.8495137484798789,-0.9352806688367206,2.866390835383852,0.006622571243277253,0.0,0.0,0.0,0.0,0.0,0.0,0.0,0.0,0.0,5914000.0,5798400.0,6768600.0,0.0,0.0,0.0,0.0,0.0,0.0,0.0,0.0,0.0,0.0,0.0,0.0,0.0,0.0,0.0,0.0,0.0,0.0,0.0,0.0,0.0,0.0,0.0,0.0,115.83626302083333,0.3871266274613986,115.20907919747489,1.1129065763167605,114.88058689662388,2.0965563819035573,0.0071422660559046225
2025-08-21,115.78659735913304,115.87599645965679,114.75358571313026,115.42901611328125,6337100,0.0,0.0,115.51046752929688,116.0061149597168,48.9548886570785,-0.7913185014854491,-0.9064882353664663,2.6338623032630553,-0.007091615848746513,0.0,0.0,0.0,0.0,0.0,0.0,0.0,0.0,0.0,7046700.0,5914000.0,5798400.0,0.0,0.0,0.0,0.0,0.0,0.0,0.0,0.0,0.0,0.0,0.0,0.0,0.0,0.0,0.0,0.0,0.0,0.0,0.0,0.0,0.0,0.0,0.0,0.0,115.72368876139323,0.45974536369555213,115.5624019077846,0.5047143878076659,114.8536262512207,2.086135190148687,-0.022295167946738803
2025-08-22,116.79974133108728,118.97502602057473,116.34283363696201,118.06121063232422,7161700,0.0,0.0,116.19980316162109,115.87649192810059,48.6441773780614,-0.5267304289423578,-0.8305366740816447,2.450509915013458,0.02280357753772888,0.0,0.0,0.0,0.0,0.0,0.0,0.0,0.0,0.0,6337100.0,7046700.0,5914000.0,0.0,0.0,0.0,0.0,0.0,0.0,0.0,0.0,0.0,0.0,0.0,0.0,0.0,0.0,0.0,0.0,0.0,0.0,0.0,0.0,0.0,0.0,0.0,0.0,116.58122253417969,1.3463627362171862,115.87741306849888,1.0794723121869225,114.81886182512555,2.022934016347242,0.009769785561298372
2025-08-25,117.69369453790813,118.24993625217091,116.90900276549674,116.91893768310547,5424900,0.0,0.0,116.43024291992188,115.74438552856445,48.32324894085376,-0.40455094436406114,-0.745339528138128,2.308525907842966,-0.009675260342502434,0.0,0.0,0.0,0.0,0.0,0.0,0.0,0.0,0.0,7161700.0,6337100.0,7046700.0,0.0,0.0,0.0,0.0,0.0,0.0,0.0,0.0,0.0,0.0,0.0,0.0,0.0,0.0,0.0,0.0,0.0,0.0,0.0,0.0,0.0,0.0,0.0,0.0,116.80305480957031,1.3199180379116748,116.07606942313058,1.1312409230748754,114.77558299473354,1.9662767880225245,0.0005099566572748238
2025-08-26,116.64082176161217,117.58443433443024,116.37263960851416,116.85934448242188,5787400,0.0,0.0,116.70438995361329,115.63214492797852,58.211933634096326,-0.3089698833459522,-0.6580655991796928,2.1880014788280677,-0.0005096967340322278,0.0,0.0,0.0,0.0,0.0,0.0,0.0,0.0,0.0,5424900.0,7161700.0,6337100.0,0.0,0.0,0.0,0.0,0.0,0.0,0.0,0.0,0.0,0.0,0.0,0.0,0.0,0.0,0.0,0.0,0.0,0.0,0.0,0.0,0.0,0.0,0.0,0.0,117.27983093261719,0.6773503626102128,116.39675685337612,0.9518212994054669,114.9515359061105,2.038584101930216,-0.0037259002394325336
2025-08-27,116.74014496318969,117.6638952530702,116.50175999170744,117.29637908935547,4378000,0.0,0.0,116.91297760009766,115.5601318359375,69.66032573252137,-0.19570025284023984,-0.5655925299118022,2.1024762488607993,0.0037398344896528712,0.0,0.0,0.0,0.0,0.0,0.0,0.0,0.0,0.0,5787400.0,5424900.0,7161700.0,0.0,0.0,0.0,0.0,0.0,0.0,0.0,0.0,0.0,0.0,0.0,0.0,0.0,0.0,0.0,0.0,0.0,0.0,0.0,0.0,0.0,0.0,0.0,0.0,117.02488708496094,0.23699951208835665,116.61527688162667,0.9586382035728159,115.32117734636579,1.9533295821391634,0.003825163299900458
2025-08-28,117.30631871530683,117.57450844984554,115.82633423985592,116.84941101074219,5687700,0.0,0.0,117.19705657958984,115.48712577819825,69.66036611452296,-0.14038161124690873,-0.48055034617882353,2.0259391856144653,-0.0038105871816621617,0.0,0.0,0.0,0.0,0.0,0.0,0.0,0.0,0.0,4378000.0,5787400.0,5424900.0,0.0,0.0,0.0,0.0,0.0,0.0,0.0,0.0,0.0,0.0,0.0,0.0,0.0,0.0,0.0,0.0,0.0,0.0,0.0,0.0,0.0,0.0,0.0,0.0,117.00171152750652,0.25523792325981026,116.80967712402344,0.8200428885923078,115.69081933157784,1.6807792064594609,-0.006251027201029435
2025-08-29,116.6010898422933,117.85262424089598,116.46203130668432,117.58443450927734,5212600,0.0,0.0,117.10170135498046,115.57602424621582,71.01656262875522,-0.03680665158270813,-0.39180160725960045,2.0790031723198257,0.006290348339604179,0.0,0.0,0.0,0.0,0.0,0.0,0.0,0.0,0.0,5687700.0,4378000.0,5787400.0,0.0,0.0,0.0,0.0,0.0,0.0,0.0,0.0,0.0,0.0,0.0,0.0,0.0,0.0,0.0,0.0,0.0,0.0,0.0,0.0,0.0,0.0,0.0,0.0,117.243408203125,0.3703637697471452,116.99981907435826,0.8238724139720915,116.10444913591657,1.3222237500014276,0.0009300736096662376
2025-09-02,116.23357446084289,117.48510886798425,115.22043261190494,117.47517395019531,6015900,0.0,0.0,117.21294860839843,115.52238731384277,67.75953695670032,0.036045328074521876,-0.306232220192776,2.0110214795656316,-0.0009292093765472798,0.0,0.0,0.0,0.0,0.0,0.0,0.0,0.0,0.0,5212600.0,5687700.0,4378000.0,0.0,0.0,0.0,0.0,0.0,0.0,0.0,0.0,0.0,0.0,0.0,0.0,0.0,0.0,0.0,0.0,0.0,0.0,0.0,0.0,0.0,0.0,0.0,0.0,117.30300649007161,0.3966057382267305,117.29212733677456,0.4533258578812037,116.42726462227958,1.0089320663614298,0.007582204127828618
2025-09-03,117.0381363699952,117.82282815856429,115.56807923662433,116.59115600585938,6288700,0.0,0.0,117.15931091308593,115.47570304870605,53.43226495071826,0.022192366969221666,-0.24054730276037647,1.9725590717313906,-0.007525146927730653,0.0,0.0,0.0,0.0,0.0,0.0,0.0,0.0,0.0,6015900.0,5212600.0,5687700.0,0.0,0.0,0.0,0.0,0.0,0.0,0.0,0.0,0.0,0.0,0.0,0.0,0.0,0.0,0.0,0.0,0.0,0.0,0.0,0.0,0.0,0.0,0.0,0.0,117.21692148844402,0.5446754050249474,117.08211953299386,0.37062441641806604,116.47976630074638,0.9959668443049898,-0.012036002823634262
2025-09-04,116.29317386175997,118.87569922785605,115.97532470251925,118.01154327392578,6949300,0.0,0.0,117.30234375,115.65648002624512,60.52189542694951,0.12439324940233121,-0.16755919232783495,2.03314541432451,0.012182633029172774,0.0,0.0,0.0,0.0,0.0,0.0,0.0,0.0,0.0,6288700.0,6015900.0,5212600.0,0.0,0.0,0.0,0.0,0.0,0.0,0.0,0.0,0.0,0.0,0.0,0.0,0.0,0.0,0.0,0.0,0.0,0.0,0.0,0.0,0.0,0.0,0.0,0.0,117.35929107666016,0.7172493486270566,117.2382060459682,0.4984699799753167,116.65713773454938,1.033888680112089,0.007632873202101376
2025-09-05,118.1108790721559,118.97502746097847,116.90900410573872,117.11759948730469,6669100,0.0,0.0,117.3559814453125,115.90629005432129,60.62396296531366,0.13173582389265448,-0.10770018908373706,1.876866031868688,-0.007575053777121532,0.0,0.0,0.0,0.0,0.0,0.0,0.0,0.0,0.0,6949300.0,6288700.0,6015900.0,0.0,0.0,0.0,0.0,0.0,0.0,0.0,0.0,0.0,0.0,0.0,0.0,0.0,0.0,0.0,0.0,0.0,0.0,0.0,0.0,0.0,0.0,0.0,0.0,117.24009958902995,0.718073606264628,117.2750996180943,0.4747483251910134,116.83592823573521,0.8543238258632085,-0.007825598835050518
2025-09-08,117.16726037158817,118.08107578222587,115.95545805055379,118.04134368896484,6450700,0.0,0.0,117.44736328125,116.22463607788086,59.84521712597606,0.20967628638769042,-0.04422489398945157,1.6472108677888755,0.007887321851745233,0.0,0.0,0.0,0.0,0.0,0.0,0.0,0.0,0.0,6669100.0,6949300.0,6288700.0,0.0,0.0,0.0,0.0,0.0,0.0,0.0,0.0,0.0,0.0,0.0,0.0,0.0,0.0,0.0,0.0,0.0,0.0,0.0,0.0,0.0,0.0,0.0,0.0,117.72349548339844,0.5249328383198439,117.38152313232422,0.5567332160634736,116.99840000697544,0.8516319665417064,0.012524430590944657
2025-09-09,117.73343056669384,118.24994020591319,116.43223670694857,116.58123016357422,5444300,0.0,0.0,117.26857452392578,116.46401672363281,54.29023526014263,0.1518749853325403,-0.0050049181250531975,1.2752696066032834,-0.012369509527424327,0.0,0.0,0.0,0.0,0.0,0.0,0.0,0.0,0.0,6450700.0,6669100.0,6949300.0,0.0,0.0,0.0,0.0,0.0,0.0,0.0,0.0,0.0,0.0,0.0,0.0,0.0,0.0,0.0,0.0,0.0,0.0,0.0,0.0,0.0,0.0,0.0,0.0,117.24672444661458,0.7385714712167796,117.3432115827288,0.6064599939099382,117.07644435337612,0.7461640851269856,0.013645458868132065
2025-09-10,116.06471472578767,116.72028287093971,113.73050928234208,115.0118408203125,7484900,0.0,0.0,116.95271148681641,116.56682090759277,45.414513713996215,-0.020335155245319925,-0.008070965549106544,1.0384577221216078,-0.013461766881853299,0.0,0.0,0.0,0.0,0.0,0.0,0.0,0.0,0.0,5444300.0,6450700.0,6669100.0,0.0,0.0,0.0,0.0,0.0,0.0,0.0,0.0,0.0,0.0,0.0,0.0,0.0,0.0,0.0,0.0,0.0,0.0,0.0,0.0,0.0,0.0,0.0,0.0,116.54480489095052,1.5150798685739457,116.97569819859096,1.0518555718500282,116.98775863647461,0.9077881720620147,-0.011018135210121516
2025-09-11,114.67412418245188,116.38256626812213,113.85963523208837,116.29317474365234,8399100,0.0,0.0,116.60903778076172,116.58867301940919,53.08732226370742,-0.052811218448766795,-0.017019016129038597,1.0272535764688335,0.011140887009553513,0.0,0.0,0.0,0.0,0.0,0.0,0.0,0.0,0.0,7484900.0,5444300.0,6450700.0,0.0,0.0,0.0,0.0,0.0,0.0,0.0,0.0,0.0,0.0,0.0,0.0,0.0,0.0,0.0,0.0,0.0,0.0,0.0,0.0,0.0,0.0,0.0,0.0,115.96208190917969,0.8354415458102243,116.80684116908482,1.0531836045530527,117.04948425292969,0.8186508392445745,0.009658497585441905
2025-09-12,115.47868912253979,116.22364882708563,114.32648114201034,115.18070220947266,7640900,0.0,0.0,116.2216583251953,116.57129096984863,38.45539005721639,-0.16639783800484054,-0.04689478050419899,1.0488537116703427,-0.00956610339886188,0.0,0.0,0.0,0.0,0.0,0.0,0.0,0.0,0.0,8399100.0,7484900.0,5444300.0,0.0,0.0,0.0,0.0,0.0,0.0,0.0,0.0,0.0,0.0,0.0,0.0,0.0,0.0,0.0,0.0,0.0,0.0,0.0,0.0,0.0,0.0,0.0,0.0,115.4952392578125,0.6961711871800546,116.60534776960101,1.2226191097720958,116.84373365129743,0.9024986372852813,0.002940668451506978
2025-09-15,115.32969192987576,115.96539025091153,114.22715099661521,114.84298706054688,7150900,0.0,0.0,115.58198699951171,116.58271369934081,41.10637029405631,-0.28043417189607567,-0.09360265878257433,1.027447247081121,-0.0029320462755262344,0.0,0.0,0.0,0.0,0.0,0.0,0.0,0.0,0.0,7640900.0,8399100.0,7484900.0,0.0,0.0,0.0,0.0,0.0,0.0,0.0,0.0,0.0,0.0,0.0,0.0,0.0,0.0,0.0,0.0,0.0,0.0,0.0,0.0,0.0,0.0,0.0,0.0,115.43895467122395,0.7588028924290663,116.15269688197544,1.20160064188251,116.69545146397182,1.0480037451794093,0.0033844987636921786
2025-09-16,114.67412733002617,115.07144068752592,113.93910254443091,114.45561218261719,6844900,0.0,0.0,115.15686340332032,116.5171573638916,39.98342981260301,-0.39748474658136956,-0.1543790763423334,1.119917816025834,-0.0033730825699044287,0.0,0.0,0.0,0.0,0.0,0.0,0.0,0.0,0.0,7150900.0,7640900.0,8399100.0,0.0,0.0,0.0,0.0,0.0,0.0,0.0,0.0,0.0,0.0,0.0,0.0,0.0,0.0,0.0,0.0,0.0,0.0,0.0,0.0,0.0,0.0,0.0,0.0,114.82643381754558,0.3628283260059349,115.7724129813058,1.2648987534382856,116.52375629970005,1.204330772400303,-0.007493454763489282
2025-09-17,114.46553452521005,115.8759972616639,114.44567226835709,115.31975555419922,7333900,0.0,0.0,115.21844635009765,116.50871467590332,42.04634902000754,-0.41572678261508145,-0.20664861759688302,1.1286819700692006,0.007550030576074063,0.0,0.0,0.0,0.0,0.0,0.0,0.0,0.0,0.0,6844900.0,7150900.0,7640900.0,0.0,0.0,0.0,0.0,0.0,0.0,0.0,0.0,0.0,0.0,0.0,0.0,0.0,0.0,0.0,0.0,0.0,0.0,0.0,0.0,0.0,0.0,0.0,0.0,114.87278493245442,0.4328416298607551,115.38361467633929,0.7744370509429811,116.38256890433175,1.2225119603968648,0.010795750685747452
2025-09-18,114.55493158727018,115.00190435066159,113.28353498390464,114.08808898925781,9460500,0.0,0.0,114.77742919921874,116.40044708251953,39.54882884464563,-0.5235339524075897,-0.27002568455902437,1.2516171299201448,-0.010680447240130841,0.0,0.0,0.0,0.0,0.0,0.0,0.0,0.0,0.0,7333900.0,6844900.0,7150900.0,0.0,0.0,0.0,0.0,0.0,0.0,0.0,0.0,0.0,0.0,0.0,0.0,0.0,0.0,0.0,0.0,0.0,0.0,0.0,0.0,0.0,0.0,0.0,0.0,114.62115224202473,0.6322999804291406,115.02745165143695,0.7017425600731406,116.18533161708287,1.3567784887144319,0.009669462512653215
2025-09-19,113.82983458049183,113.82983458049183,111.17778000851997,112.9954833984375,23398400,0.0,0.0,114.34038543701172,116.27877044677734,33.08927596438835,-0.6891914806875832,-0.35385884378473614,1.4530975778894089,-0.009576859429411555,0.0,0.0,0.0,0.0,0.0,0.0,0.0,0.0,0.0,9460500.0,7333900.0,6844900.0,0.0,0.0,0.0,0.0,0.0,0.0,0.0,0.0,0.0,0.0,0.0,0.0,0.0,0.0,0.0,0.0,0.0,0.0,0.0,0.0,0.0,0.0,0.0,0.0,114.13444264729817,1.1628292048805595,114.73940059116909,1.041032589435928,115.85754939488002,1.5353398130270028,0.010661024460100865
2025-09-22,111.00892400218635,112.86635190018592,110.77053145528677,111.80354309082031,15479800,0.0,0.0,113.73249664306641,115.96588706970215,30.644019005205408,-0.906209665780267,-0.4643290081838423,1.7015628352835968,-0.010548565940589394,0.0,0.0,0.0,0.0,0.0,0.0,0.0,0.0,0.0,23398400.0,9460500.0,7333900.0,0.0,0.0,0.0,0.0,0.0,0.0,0.0,0.0,0.0,0.0,0.0,0.0,0.0,0.0,0.0,0.0,0.0,0.0,0.0,0.0,0.0,0.0,0.0,0.0,112.96237182617188,1.142632824962104,114.0980246407645,1.279843511966142,115.45243290492466,1.800962886996028,0.0027616067819007384
2025-09-23,111.96247861453877,112.85643177726959,110.8500027255713,111.49563598632812,13145000,0.0,0.0,113.1405014038086,115.69472198486328,31.89834800878576,-1.0904733727977884,-0.5895578811066315,1.9549563836557977,-0.0027540013131969188,0.0,0.0,0.0,0.0,0.0,0.0,0.0,0.0,0.0,15479800.0,23398400.0,9460500.0,0.0,0.0,0.0,0.0,0.0,0.0,0.0,0.0,0.0,0.0,0.0,0.0,0.0,0.0,0.0,0.0,0.0,0.0,0.0,0.0,0.0,0.0,0.0,0.0,112.09822082519531,0.7921564177961545,113.57158660888672,1.4993483846787552,115.08846718924386,2.050704046609022,-0.010402854739716694
2025-09-24,111.65455989602667,113.38286422277672,111.44596451796286,112.6677017211914,8755200,0.0,0.0,112.61009063720704,115.48513984680176,30.675246764254055,-1.128914356736388,-0.6974291762325828,2.0460905912046417,0.010512211751561251,0.0,0.0,0.0,0.0,0.0,0.0,0.0,0.0,0.0,13145000.0,15479800.0,23398400.0,0.0,0.0,0.0,0.0,0.0,0.0,0.0,0.0,0.0,0.0,0.0,0.0,0.0,0.0,0.0,0.0,0.0,0.0,0.0,0.0,0.0,0.0,0.0,0.0,111.98896026611328,0.6076340744073851,113.26083156040737,1.4149700439977517,114.7067642211914,1.9601021088221824,0.003894142993849714
2025-09-25,111.95254241034725,113.28354101025933,111.89294805955721,112.23065948486328,6365500,0.0,0.0,112.23860473632813,115.23185386657715,31.723569636303765,-1.1810305840109265,-0.7941494577882515,2.1222037517862584,-0.003879037467273805,0.0,0.0,0.0,0.0,0.0,0.0,0.0,0.0,0.0,8755200.0,13145000.0,15479800.0,0.0,0.0,0.0,0.0,0.0,0.0,0.0,0.0,0.0,0.0,0.0,0.0,0.0,0.0,0.0,0.0,0.0,0.0,0.0,0.0,0.0,0.0,0.0,0.0,112.13133239746094,0.5923123537708602,112.94298117501395,1.3502711486971966,114.35769707815987,1.9326964304832157,-0.004230210016537783
2025-09-26,112.36971660873002,112.80676205068485,112.00220801265147,112.70743560791016,6145700,0.0,0.0,112.18099517822266,115.02475509643554,29.36200837887239,-1.1703699250910802,-0.8693935512488173,2.1578452329262365,0.004248180713142702,0.0,0.0,0.0,0.0,0.0,0.0,0.0,0.0,0.0,6365500.0,8755200.0,13145000.0,0.0,0.0,0.0,0.0,0.0,0.0,0.0,0.0,0.0,0.0,0.0,0.0,0.0,0.0,0.0,0.0,0.0,0.0,0.0,0.0,0.0,0.0,0.0,0.0,112.53526560465495,0.264543685617133,112.56979261125836,0.8535153177523995,113.97670364379883,1.6567119430635897,-0.01141311188884897
2025-09-29,112.707435021951,114.23708648271854,112.56837648716503,114.00862884521484,9304100,0.0,0.0,112.62201232910157,114.84596481323243,39.92213772763626,-1.0448811172624488,-0.9044910644515437,2.081381872579198,0.011544874837107644,0.0,0.0,0.0,0.0,0.0,0.0,0.0,0.0,0.0,6145700.0,6365500.0,8755200.0,0.0,0.0,0.0,0.0,0.0,0.0,0.0,0.0,0.0,0.0,0.0,0.0,0.0,0.0,0.0,0.0,0.0,0.0,0.0,0.0,0.0,0.0,0.0,0.0,112.98224131266277,0.9202892985964876,112.55844116210938,0.8301660692037436,113.79294640677315,1.4787144813552577,0.0024453799405188548
2025-09-30,113.76031170195319,114.10795804732642,112.57830654956221,113.73051452636719,9303700,0.0,0.0,113.06898803710938,114.65873184204102,44.41558977032713,-0.9568419557405292,-0.9149612427093409,1.9992264877497063,-0.002439414644879623,0.0,0.0,0.0,0.0,0.0,0.0,0.0,0.0,0.0,9304100.0,6145700.0,6365500.0,0.0,0.0,0.0,0.0,0.0,0.0,0.0,0.0,0.0,0.0,0.0,0.0,0.0,0.0,0.0,0.0,0.0,0.0,0.0,0.0,0.0,0.0,0.0,0.0,113.48219299316406,0.6852179566325381,112.66344560895648,0.9345785799499741,113.70142310006278,1.436520305748047,0.013722936324968904
2025-10-01,113.31333637422672,115.28002570007743,112.03200480587098,112.19092559814453,9736300,0.0,0.0,112.9736328125,114.43872032165527,32.5147604571937,-0.9997774336571865,-0.93192448089891,2.0174101110026372,-0.013537166649023824,0.0,0.0,0.0,0.0,0.0,0.0,0.0,0.0,0.0,9303700.0,9304100.0,6145700.0,0.0,0.0,0.0,0.0,0.0,0.0,0.0,0.0,0.0,0.0,0.0,0.0,0.0,0.0,0.0,0.0,0.0,0.0,0.0,0.0,0.0,0.0,0.0,0.0,113.31002298990886,0.9790919889253795,112.71878596714565,0.8853462284908035,113.40840530395508,1.2766865699414784,0.007223126278371073
2025-10-02,112.22072655798114,112.40944451879446,110.03550700763913,111.38636779785156,8695100,0.0,0.0,112.80477447509766,114.10746154785156,33.39124162183283,-1.0862041148556472,-0.9627804076902575,1.942408598952399,-0.0071713268787424456,0.0,0.0,0.0,0.0,0.0,0.0,0.0,0.0,0.0,9736300.0,9303700.0,9304100.0,0.0,0.0,0.0,0.0,0.0,0.0,0.0,0.0,0.0,0.0,0.0,0.0,0.0,0.0,0.0,0.0,0.0,0.0,0.0,0.0,0.0,0.0,0.0,0.0,112.4359359741211,1.1911249029616122,112.70317622593471,0.911094974921538,113.13738141741071,1.2742513901229384,-0.0029341787570758004
2025-10-03,111.28704657612008,112.80676314182585,110.81026903681929,111.71415710449219,7148400,0.0,0.0,112.60611877441406,113.83728942871093,36.2924110932994,-1.1153904974317612,-0.9933024256385583,1.8763512801690847,0.0029428134979274656,0.0,0.0,0.0,0.0,0.0,0.0,0.0,0.0,0.0,8695100.0,9736300.0,9303700.0,0.0,0.0,0.0,0.0,0.0,0.0,0.0,0.0,0.0,0.0,0.0,0.0,0.0,0.0,0.0,0.0,0.0,0.0,0.0,0.0,0.0,0.0,0.0,0.0,111.7638168334961,0.4045712298436115,112.56695556640625,0.9855262744238652,112.9138935634068,1.2255465722738044,-0.0024833349240356295
2025-10-06,111.9326770741889,112.34985267448894,110.70100495217682,111.99227142333984,6141200,0.0,0.0,112.20284729003906,113.53483581542969,39.103641872523326,-1.1033605609387962,-1.015314052698606,1.6350381270059442,0.002489517229114613,0.0,0.0,0.0,0.0,0.0,0.0,0.0,0.0,0.0,7148400.0,8695100.0,9736300.0,0.0,0.0,0.0,0.0,0.0,0.0,0.0,0.0,0.0,0.0,0.0,0.0,0.0,0.0,0.0,0.0,0.0,0.0,0.0,0.0,0.0,0.0,0.0,0.0,111.69759877522786,0.30329100637264583,112.53290012904576,1.0030470764635693,112.73794065202985,1.1623780763355223,0.001955030743510333
2025-10-07,111.87307674788936,112.63790627083965,111.0486604530571,111.77375030517578,5409800,0.0,0.0,111.81149444580078,113.29446182250976,33.364401016500224,-1.0987933715635023,-1.0320099164715852,1.512386653066043,-0.0019512160561333536,0.0,0.0,0.0,0.0,0.0,0.0,0.0,0.0,0.0,6141200.0,7148400.0,8695100.0,0.0,0.0,0.0,0.0,0.0,0.0,0.0,0.0,0.0,0.0,0.0,0.0,0.0,0.0,0.0,0.0,0.0,0.0,0.0,0.0,0.0,0.0,0.0,0.0,111.82672627766927,0.14642996221334026,112.39951651436942,1.0374590856721888,112.4846545628139,0.9169488424003193,0.00571988071465479
2025-10-08,112.05186930775656,112.43924774570301,110.89966891179637,111.13805389404297,7074400,0.0,0.0,111.60092010498047,113.10077247619628,35.34058468269343,-1.13340405232492,-1.0522887436422521,1.5288342248335958,-0.005687349752488191,0.0,0.0,0.0,0.0,0.0,0.0,0.0,0.0,0.0,5409800.0,6141200.0,7148400.0,0.0,0.0,0.0,0.0,0.0,0.0,0.0,0.0,0.0,0.0,0.0,0.0,0.0,0.0,0.0,0.0,0.0,0.0,0.0,0.0,0.0,0.0,0.0,0.0,111.6346918741862,0.44376213477721727,111.98943437848773,0.8448670574591353,112.27393777029855,0.8571440415117906,0.008108906392107151
2025-10-09,111.06851869175823,112.2405888608638,110.13483349216455,110.24409484863281,6502400,0.0,0.0,111.37246551513672,112.7983184814453,36.052345378009555,-1.2189173693379587,-1.0856144687813936,1.4608749019747707,-0.008043680936346442,0.0,0.0,0.0,0.0,0.0,0.0,0.0,0.0,0.0,7074400.0,5409800.0,6141200.0,0.0,0.0,0.0,0.0,0.0,0.0,0.0,0.0,0.0,0.0,0.0,0.0,0.0,0.0,0.0,0.0,0.0,0.0,0.0,0.0,0.0,0.0,0.0,0.0,111.05196634928386,0.7684528306639701,111.49137442452567,0.6533511099994656,112.07741001674107,0.9848840925550316,0.016484951606938525
2025-10-10,110.78047022314306,111.92274325451196,108.3767354609342,108.4561996459961,9635200,0.0,0.0,110.7208740234375,112.46209335327148,33.99812241640777,-1.4146483048794352,-1.1514212360010019,1.6458280770107423,-0.016217605170522176,0.0,0.0,0.0,0.0,0.0,0.0,0.0,0.0,0.0,6502400.0,7074400.0,5409800.0,0.0,0.0,0.0,0.0,0.0,0.0,0.0,0.0,0.0,0.0,0.0,0.0,0.0,0.0,0.0,0.0,0.0,0.0,0.0,0.0,0.0,0.0,0.0,0.0,109.9461161295573,1.3655325114067225,110.95784214564732,1.2444224417440677,111.83831405639648,1.3825222753948623,-0.009794111621777901
2025-10-13,109.64813457372875,110.214303643306,108.64492005461048,109.52893829345703,7435100,0.0,0.0,110.22820739746093,112.19639091491699,41.23891435256149,-1.4663028117896602,-1.2143975511587335,1.6699990413971855,0.009890985033242705,0.0,0.0,0.0,0.0,0.0,0.0,0.0,0.0,0.0,9635200.0,6502400.0,7074400.0,0.0,0.0,0.0,0.0,0.0,0.0,0.0,0.0,0.0,0.0,0.0,0.0,0.0,0.0,0.0,0.0,0.0,0.0,0.0,0.0,0.0,0.0,0.0,0.0,109.40974426269531,0.8998876188893473,110.69249507359096,1.332716010306363,111.69783564976284,1.513714014805494,-0.008095707496585614
2025-10-14,108.91310807377432,111.08838521305776,108.46612771339308,110.42288970947266,7898000,0.0,0.0,109.95803527832031,111.99475479125977,39.745913099966124,-1.4187504998372589,-1.2552681408944386,1.6257325867548713,0.008161782903624015,0.0,0.0,0.0,0.0,0.0,0.0,0.0,0.0,0.0,7435100.0,9635200.0,6502400.0,0.0,0.0,0.0,0.0,0.0,0.0,0.0,0.0,0.0,0.0,0.0,0.0,0.0,0.0,0.0,0.0,0.0,0.0,0.0,0.0,0.0,0.0,0.0,0.0,109.46934254964192,0.9846985279544156,110.50802830287388,1.2548233345273017,111.53749193464007,1.521947057567154,-0.004833930294811828
2025-10-15,110.72087406004346,111.92274142146394,110.39308998562286,110.95925903320312,7012600,0.0,0.0,109.92227630615234,111.77672996520997,44.24459065084875,-1.3225390216301207,-1.2687223170415751,1.4378904014493321,0.004857410679449448,0.0,0.0,0.0,0.0,0.0,0.0,0.0,0.0,0.0,7898000.0,7435100.0,9635200.0,0.0,0.0,0.0,0.0,0.0,0.0,0.0,0.0,0.0,0.0,0.0,0.0,0.0,0.0,0.0,0.0,0.0,0.0,0.0,0.0,0.0,0.0,0.0,0.0,110.30369567871094,0.7225716347632606,110.36045510428292,1.1026994297322525,111.44667761666435,1.515321942670823,0.01665454770163044
2025-10-16,111.03872339125253,111.33670271363943,107.78076763317718,109.14155578613281,7531200,0.0,0.0,109.70176849365234,111.5294033050537,35.60542364779921,-1.3770899570275077,-1.2903958450387616,1.444798295967293,-0.01638171760435414,0.0,0.0,0.0,0.0,0.0,0.0,0.0,0.0,0.0,7012600.0,7898000.0,7435100.0,0.0,0.0,0.0,0.0,0.0,0.0,0.0,0.0,0.0,0.0,0.0,0.0,0.0,0.0,0.0,0.0,0.0,0.0,0.0,0.0,0.0,0.0,0.0,0.0,110.17456817626953,0.9339480507460417,109.98442731584821,0.9827012205466846,111.19197191510882,1.585182195028298,-0.0071383393947899165
2025-10-17,109.00249635286745,110.71093840167597,108.70451703294233,109.9262466430664,10090500,0.0,0.0,109.9957778930664,111.37594146728516,32.803332596298716,-1.3415395393979708,-1.3006245839106036,1.4438820103093137,0.007189661639707801,0.0,0.0,0.0,0.0,0.0,0.0,0.0,0.0,0.0,7531200.0,7012600.0,7898000.0,0.0,0.0,0.0,0.0,0.0,0.0,0.0,0.0,0.0,0.0,0.0,0.0,0.0,0.0,0.0,0.0,0.0,0.0,0.0,0.0,0.0,0.0,0.0,0.0,110.00902048746745,0.9116742321634215,109.81131199428013,0.8423141179729764,110.90037318638393,1.390752990032876,-0.011522001619077682
2025-10-20,110.2838302563818,111.49563255320116,109.85671973501306,111.20758056640625,8047500,0.0,0.0,110.33150634765624,111.34614334106445,40.200607131723395,-1.1961837762662526,-1.2797364223817336,1.4407390941744942,0.011656305590969307,0.0,0.0,0.0,0.0,0.0,0.0,0.0,0.0,0.0,10090500.0,7531200.0,7012600.0,0.0,0.0,0.0,0.0,0.0,0.0,0.0,0.0,0.0,0.0,0.0,0.0,0.0,0.0,0.0,0.0,0.0,0.0,0.0,0.0,0.0,0.0,0.0,0.0,110.09179433186848,1.042913767349605,109.94895281110492,0.9905056289014117,110.72016361781529,1.1359353976862876,-0.020472489202228217
2025-10-21,111.49563415752596,113.77024533167328,111.2870463526638,113.5318603515625,8163200,0.0,0.0,110.95330047607422,111.44795455932618,54.90911548832514,-0.8832566994837521,-1.2004404778021374,1.5215392816743816,0.020900371839025267,0.0,0.0,0.0,0.0,0.0,0.0,0.0,0.0,0.0,8047500.0,10090500.0,7531200.0,0.0,0.0,0.0,0.0,0.0,0.0,0.0,0.0,0.0,0.0,0.0,0.0,0.0,0.0,0.0,0.0,0.0,0.0,0.0,0.0,0.0,0.0,0.0,0.0,111.55522918701172,1.8277738444022533,110.6740471976144,1.4614598723769356,110.81594467163086,1.312326223992491,0.010788877119665807
2025-10-22,113.23386846594792,113.51198552687362,112.22072666141555,112.32005310058594,7569200,0.0,0.0,111.22545928955078,111.43057212829589,53.31921532209245,-0.7246886941111512,-1.10529012106394,1.508803703121404,-0.01067371966973929,0.0,0.0,0.0,0.0,0.0,0.0,0.0,0.0,0.0,8163200.0,8047500.0,10090500.0,0.0,0.0,0.0,0.0,0.0,0.0,0.0,0.0,0.0,0.0,0.0,0.0,0.0,0.0,0.0,0.0,0.0,0.0,0.0,0.0,0.0,0.0,0.0,0.0,112.35316467285156,1.1624936180837777,111.0727778843471,1.4776302908063217,110.88263647896903,1.366165098681499,0.00044239055624606394
2025-10-23,112.40944427221714,113.06501240931819,111.14798258462784,112.2703857421875,6945400,0.0,0.0,111.85122528076172,111.43255844116212,52.0172612439916,-0.5961580097272474,-1.0034636987966017,1.509938163524151,-0.0004421949333834885,0.0,0.0,0.0,0.0,0.0,0.0,0.0,0.0,0.0,7569200.0,8163200.0,8047500.0,0.0,0.0,0.0,0.0,0.0,0.0,0.0,0.0,0.0,0.0,0.0,0.0,0.0,0.0,0.0,0.0,0.0,0.0,0.0,0.0,0.0,0.0,0.0,0.0,112.70743306477864,0.7144067294045447,111.33670588902065,1.5069091798343501,110.92236709594727,1.3998795046787962,0.012088037020176579
2025-10-24,112.46905266181125,112.88622827587592,110.84006714276074,110.9294662475586,6235200,0.0,0.0,112.05186920166015,111.34365997314453,46.421418875664195,-0.5956314444996877,-0.9218972479372189,1.4830282516441455,-0.011943661596639843,0.0,0.0,0.0,0.0,0.0,0.0,0.0,0.0,0.0,6945400.0,7569200.0,8163200.0,0.0,0.0,0.0,0.0,0.0,0.0,0.0,0.0,0.0,0.0,0.0,0.0,0.0,0.0,0.0,0.0,0.0,0.0,0.0,0.0,0.0,0.0,0.0,0.0,111.83996836344402,0.7889089230684514,111.33244977678571,1.5081944421938385,110.84645244053432,1.3657989152182313,-0.005874943729081261
2025-10-27,111.18771621172414,111.84327677975944,110.56194523982494,111.58502197265625,6029600,0.0,0.0,112.12735748291016,111.2224796295166,49.38269879684035,-0.5361360270685935,-0.8447450037634938,1.3465469702830046,0.005909662664694171,0.0,0.0,0.0,0.0,0.0,0.0,0.0,0.0,0.0,6235200.0,6945400.0,7569200.0,0.0,0.0,0.0,0.0,0.0,0.0,0.0,0.0,0.0,0.0,0.0,0.0,0.0,0.0,0.0,0.0,0.0,0.0,0.0,0.0,0.0,0.0,0.0,0.0,111.59495798746745,0.6705149633395939,111.6815163748605,1.1589324584429204,110.83297184535435,1.3568443664594996,0.006179965782509678
2025-10-28,111.15792064335369,111.72408969679515,110.71094028866513,110.89966583251953,6839400,0.0,0.0,111.60091857910156,111.08093719482422,49.22279431883192,-0.5380852806925276,-0.7834130591493007,1.2109993830179513,-0.00614200838087986,0.0,0.0,0.0,0.0,0.0,0.0,0.0,0.0,0.0,6029600.0,6235200.0,6945400.0,0.0,0.0,0.0,0.0,0.0,0.0,0.0,0.0,0.0,0.0,0.0,0.0,0.0,0.0,0.0,0.0,0.0,0.0,0.0,0.0,0.0,0.0,0.0,0.0,111.13805135091145,0.3873745844940156,111.82057625906808,0.9533888275367637,110.81594412667411,1.3542145063283317,0.012790310327891685
2025-10-29,110.43282310095206,110.78046943547379,109.27068782064158,109.49913787841797,7097100,0.0,0.0,111.03673553466797,110.94634780883788,47.64890946364325,-0.6452034753895504,-0.7557711423973507,1.2305668221810357,-0.012628784258165715,0.0,0.0,0.0,0.0,0.0,0.0,0.0,0.0,0.0,6839400.0,6029600.0,6235200.0,0.0,0.0,0.0,0.0,0.0,0.0,0.0,0.0,0.0,0.0,0.0,0.0,0.0,0.0,0.0,0.0,0.0,0.0,0.0,0.0,0.0,0.0,0.0,0.0,110.66127522786458,1.063179511625608,111.5765130179269,1.2942208669716744,110.76273291451591,1.3925070670780657,-0.014306163828535112
2025-10-30,109.38987933346628,112.81669849136719,108.81378292634732,111.08838653564453,8311300,0.0,0.0,110.80033569335937,110.93144874572754,58.41268757528614,-0.5949975700840895,-0.7236164279346984,1.2267568956774628,0.01451380063824037,0.0,0.0,0.0,0.0,0.0,0.0,0.0,0.0,0.0,7097100.0,6839400.0,6029600.0,0.0,0.0,0.0,0.0,0.0,0.0,0.0,0.0,0.0,0.0,0.0,0.0,0.0,0.0,0.0,0.0,0.0,0.0,0.0,0.0,0.0,0.0,0.0,0.0,110.49573008219402,0.8682170762073114,111.22744532993862,0.9671256749594751,110.95074626377651,1.2247152071893948,-0.00692600739306104
2025-10-31,110.83013985442342,112.33992151569616,109.78719324065575,111.86315155029297,8700600,0.0,0.0,110.98707275390625,110.93889846801758,57.60519504796033,-0.48707724344734515,-0.6763085910372277,1.2322005329504253,0.006974311526253496,0.0,0.0,0.0,0.0,0.0,0.0,0.0,0.0,0.0,8311300.0,7097100.0,6839400.0,0.0,0.0,0.0,0.0,0.0,0.0,0.0,0.0,0.0,0.0,0.0,0.0,0.0,0.0,0.0,0.0,0.0,0.0,0.0,0.0,0.0,0.0,0.0,0.0,110.81689198811848,1.2051647718075094,111.16217367989677,0.8937281808076599,111.11747578212193,1.17410583501931,0.004459537011327841
2025-11-03,111.79361900352049,112.05186623632473,110.28382980839201,111.36650848388672,8542300,0.0,0.0,110.94337005615235,110.90761032104493,53.15615465724326,-0.4365917934772199,-0.6283652315252263,1.2118216321439963,-0.004439737836127056,0.0,0.0,0.0,0.0,0.0,0.0,0.0,0.0,0.0,8700600.0,8311300.0,7097100.0,0.0,0.0,0.0,0.0,0.0,0.0,0.0,0.0,0.0,0.0,0.0,0.0,0.0,0.0,0.0,0.0,0.0,0.0,0.0,0.0,0.0,0.0,0.0,0.0,111.43934885660808,0.3924850276189285,111.03304835728237,0.7626058026651156,111.18487712315151,1.1581412480999451,0.005831148478677495
2025-11-04,110.22423879938508,111.03872777103038,109.89645471152099,110.72087860107422,7950100,0.0,0.0,110.90761260986328,110.85496673583984,49.20846593122862,-0.44356549946883206,-0.5914052851139474,1.1949667473105015,-0.005797343309060565,0.0,0.0,0.0,0.0,0.0,0.0,0.0,0.0,0.0,8542300.0,8700600.0,8311300.0,0.0,0.0,0.0,0.0,0.0,0.0,0.0,0.0,0.0,0.0,0.0,0.0,0.0,0.0,0.0,0.0,0.0,0.0,0.0,0.0,0.0,0.0,0.0,0.0,111.3168462117513,0.5727535496049364,111.00325012207031,0.7713527966106954,111.16784994942802,1.1634536491413556,0.0009878546028665447
2025-11-05,110.60167549530281,111.21751153951793,109.85671583874066,110.61161041259766,5746000,0.0,0.0,111.13010711669922,110.82864456176758,55.505949064191825,-0.4526909023952044,-0.5636624085701989,1.1942007201547353,-0.0009868797092033033,0.0,0.0,0.0,0.0,0.0,0.0,0.0,0.0,0.0,7950100.0,8542300.0,8700600.0,0.0,0.0,0.0,0.0,0.0,0.0,0.0,0.0,0.0,0.0,0.0,0.0,0.0,0.0,0.0,0.0,0.0,0.0,0.0,0.0,0.0,0.0,0.0,0.0,110.89966583251953,0.40797233987794373,110.86419132777623,0.7359203488424261,111.27285385131836,1.0245558149177154,0.007873995494833919
2025-11-06,110.42288983369588,110.95926171988367,108.44626557805479,109.7474594116211,10291800,0.0,0.0,110.86192169189454,110.80381278991699,49.33433171267127,-0.5236166865049512,-0.5556532641571493,1.2120257610656875,-0.007812480062021954,0.0,0.0,0.0,0.0,0.0,0.0,0.0,0.0,0.0,5746000.0,7950100.0,8542300.0,0.0,0.0,0.0,0.0,0.0,0.0,0.0,0.0,0.0,0.0,0.0,0.0,0.0,0.0,0.0,0.0,0.0,0.0,0.0,0.0,0.0,0.0,0.0,0.0,110.35998280843098,0.5332668825114428,110.69959041050502,0.8471176676775211,111.26008333478656,1.043569468054073,-0.002257555072295747
2025-11-07,109.5190109798673,110.68114629483698,109.30048825504456,109.99578094482422,8782100,0.0,0.0,110.48844757080079,110.8807918548584,45.1121900901472,-0.5534090538966012,-0.5552044221050397,1.0986650973038248,0.002262663158987266,0.0,0.0,0.0,0.0,0.0,0.0,0.0,0.0,0.0,10291800.0,5746000.0,7950100.0,0.0,0.0,0.0,0.0,0.0,0.0,0.0,0.0,0.0,0.0,0.0,0.0,0.0,0.0,0.0,0.0,0.0,0.0,0.0,0.0,0.0,0.0,0.0,0.0,110.11828358968098,0.4449094420446265,110.77053941999164,0.7443873550227438,111.17352621895927,1.097139573298996,-0.013364171447854178
2025-11-10,110.40302381019195,112.03200167054673,110.28382753573126,111.4856948852539,9158700,0.0,0.0,110.51228485107421,110.97862968444824,41.151162215220154,-0.45159046268602765,-0.5344816302212374,1.0583301079722256,0.013545191712189819,0.0,0.0,0.0,0.0,0.0,0.0,0.0,0.0,0.0,8782100.0,10291800.0,5746000.0,0.0,0.0,0.0,0.0,0.0,0.0,0.0,0.0,0.0,0.0,0.0,0.0,0.0,0.0,0.0,0.0,0.0,0.0,0.0,0.0,0.0,0.0,0.0,0.0,110.4096450805664,0.9401214190675985,110.82729775565011,0.7866114241696679,111.02737154279437,0.8719981874976945,-0.022725302846650197
2025-11-11,111.89294352511719,114.19735179244971,111.6644858928104,114.07815551757812,9713300,0.0,0.0,111.183740234375,111.16139297485351,56.7920112709931,-0.15986575573808182,-0.45955845532460626,1.2547038819332137,0.023253751389292532,0.0,0.0,0.0,0.0,0.0,0.0,0.0,0.0,0.0,9158700.0,8782100.0,10291800.0,0.0,0.0,0.0,0.0,0.0,0.0,0.0,0.0,0.0,0.0,0.0,0.0,0.0,0.0,0.0,0.0,0.0,0.0,0.0,0.0,0.0,0.0,0.0,0.0,111.85321044921875,2.06585244037051,111.1437268938337,1.44376455281423,111.15295028686523,1.153603980324234,-0.01543083772042253
2025-11-12,113.80004260788579,116.30310384657444,113.6212519781136,115.8660659790039,15248700,0.0,0.0,112.23463134765625,111.40673332214355,62.246306954748015,0.21314065552563477,-0.32501863315455803,1.6351501946284015,0.01567268030688207,0.0,0.0,0.0,0.0,0.0,0.0,0.0,0.0,0.0,9713300.0,9158700.0,8782100.0,0.0,0.0,0.0,0.0,0.0,0.0,0.0,0.0,0.0,0.0,0.0,0.0,0.0,0.0,0.0,0.0,0.0,0.0,0.0,0.0,0.0,0.0,0.0,0.0,113.80997212727864,2.2024655452163433,111.78652082170758,2.3045354942756977,111.40978458949498,1.6948276828458402,0.08400706673274394
2025-11-13,108.15821460251318,108.62505722513409,104.20496605416966,106.8868179321289,44045400,0.0,0.0,111.66250305175781,111.29399642944335,40.9434825233917,-0.21334009899598527,-0.3026829263228435,1.8615927072296647,-0.07749678882255417,0.0,0.0,0.0,0.9549,0.9549,1.0,1056.0,1.0,0.0,15248700.0,9713300.0,9158700.0,0.0,0.0,0.0,0.0,0.0,0.0,0.0,0.0,0.0,0.0,0.0,0.0,0.0,0.0,0.0,0.0,0.0,0.0,0.0,0.0,0.0,0.0,0.0,0.0,112.27701314290364,4.752873789846909,111.23879786900112,2.961891149799268,111.12102399553571,2.0829139262533527,0.01710775264782627
2025-11-14,106.79741612467787,107.99929107416766,104.59234184298711,105.08898162841797,16691400,0.0,0.0,110.68114318847657,111.05213317871093,36.155827566886074,-0.6884633571195309,-0.379839012482181,2.3090956683506225,-0.016820000244113675,0.0,0.0,0.0,0.0,0.0,0.0,0.0,0.0,0.0,44045400.0,15248700.0,9713300.0,0.0,0.0,0.0,0.0,0.0,0.0,0.0,0.0,0.0,0.9549,0.0,0.0,0.9549,0.0,0.0,1.0,0.0,0.0,1056.0,0.0,0.0,1.0,0.0,0.0,109.28062184651692,5.773569923393688,110.44985089983258,3.779475482698198,110.6570211138044,2.6246897995573684,0.001040777761353251
2025-11-17,105.03931541904281,106.94641039088046,104.41355201275533,104.97972106933594,12296400,0.0,0.0,109.37994842529297,110.74074020385743,37.06598897788943,-1.0615811297970055,-0.5161874359451459,2.6775602263244505,-0.0010396956692221293,0.0,0.0,0.0,0.0,0.0,0.0,0.0,0.0,0.0,16691400.0,44045400.0,15248700.0,0.0,0.0,0.0,0.0,0.0,0.0,0.0,0.0,0.0,0.0,0.9549,0.0,0.0,0.9549,0.0,0.0,1.0,0.0,0.0,1056.0,0.0,0.0,1.0,0.0,105.65184020996094,1.0709164057626772,109.76874542236328,4.318337708841291,110.23416791643415,3.0284109419696867,-0.005551318036926989
2025-11-18,104.39367994150103,106.36037679904399,104.29435350140973,105.56575012207031,11796200,0.0,0.0,107.6774673461914,110.34243469238281,41.08911318910873,-1.2950633220777945,-0.6719626131716757,2.828747831634387,0.0055823071995715345,0.0,0.0,0.0,0.0,0.0,0.0,0.0,0.0,0.0,12296400.0,16691400.0,44045400.0,0.0,0.0,0.0,0.0,0.0,0.0,0.0,0.0,0.0,0.0,0.0,0.9549,0.0,0.0,0.9549,0.0,0.0,1.0,0.0,0.0,1056.0,0.0,0.0,1.0,105.21148427327473,0.3116290842658937,109.13588387625558,4.595256097608233,109.9532116481236,3.274320745000743,0.015381695864110867
2025-11-19,105.36709578691344,106.86694244126105,103.38053670003252,103.96656799316406,12790000,0.0,0.0,105.29756774902344,109.92476043701171,33.87314621801005,-1.5908024935828564,-0.855730589253912,3.1228035441376716,-0.015148683422957165,0.0,0.0,0.0,0.0,0.0,0.0,0.0,0.0,0.0,11796200.0,12296400.0,16691400.0,0.0,0.0,0.0,0.0,0.0,0.0,0.0,0.0,0.0,0.0,0.0,0.0,0.0,0.0,0.0,0.0,0.0,0.0,0.0,0.0,0.0,0.0,0.0,0.0,104.83734639485677,0.8090418909448382,108.06172289167132,4.827382551500349,109.44451032366071,3.61943146976169,0.019182043030133933
2025-11-20,104.6618736800688,105.08898420915303,101.81115851356509,102.00981140136719,12609900,0.0,0.0,104.3221664428711,109.4117317199707,28.821508935326975,-1.960472712271951,-1.07667901385752,3.5330516733502266,-0.018821017463282352,0.0,0.0,0.0,0.0,0.0,0.0,0.0,0.0,0.0,12790000.0,11796200.0,12296400.0,0.0,0.0,0.0,0.0,0.0,0.0,0.0,0.0,0.0,0.0,0.0,0.0,0.0,0.0,0.0,0.0,0.0,0.0,0.0,0.0,0.0,0.0,0.0,0.0,103.84737650553386,1.7809632237618238,106.33767373221261,4.461753885449821,108.74070031302315,4.045831067834152,-0.015151515151515138
2025-11-21,102.78457400021458,104.07583290391742,101.99988222472078,103.57919311523438,10785400,0.0,0.0,104.02020874023438,109.04421806335449,33.99999310276287,-2.102565963844981,-1.2818564038550122,3.742925193848806,0.01538461538461533,0.0,0.0,0.0,0.0,0.0,0.0,0.0,0.0,0.0,12609900.0,12790000.0,11796200.0,0.0,0.0,0.0,0.0,0.0,0.0,0.0,0.0,0.0,0.0,0.0,0.0,0.0,0.0,0.0,0.0,0.0,0.0,0.0,0.0,0.0,0.0,0.0,0.0,103.18519083658855,1.036172011091428,104.58240618024554,1.5650182990710784,108.18446350097656,4.189808458174432,0.02295465873398883
2025-11-24,103.39046595494197,103.6387858454032,101.20525395013175,101.25492095947266,15024800,0.0,0.0,103.27524871826172,108.52771301269532,31.80602667795992,-2.375343743584395,-1.5005538718008888,4.072127380440343,-0.022439566150857293,0.0,0.0,0.0,0.0,0.0,0.0,0.0,0.0,0.0,10785400.0,12609900.0,12790000.0,0.0,0.0,0.0,0.0,0.0,0.0,0.0,0.0,0.0,0.0,0.0,0.0,0.0,0.0,0.0,0.0,0.0,0.0,0.0,0.0,0.0,0.0,0.0,0.0,102.28130849202473,1.1856826161285676,103.77784946986607,1.6292307760252758,107.5083236694336,4.501224458879512,-0.013260995538602605
2025-11-25,101.8012184734595,103.22160852632899,101.31451361814831,102.61570739746094,10574500,0.0,0.0,102.68524017333985,108.11351509094239,35.33696444486105,-2.4534363196252116,-1.6911303613657536,4.2361642188703446,0.013439212880655305,0.0,0.0,0.0,0.0,0.0,0.0,0.0,0.0,0.0,15024800.0,10785400.0,12609900.0,0.0,0.0,0.0,0.0,0.0,0.0,0.0,0.0,0.0,0.0,0.0,0.0,0.0,0.0,0.0,0.0,0.0,0.0,0.0,0.0,0.0,0.0,0.0,0.0,102.48327382405598,1.1677817655865552,103.42452457972935,1.5643952421846652,106.93718773978097,4.583698867914017,-0.001160283892297942
2025-11-26,102.62564769565832,103.54939802432393,102.18860224782283,102.73490905761719,10130200,0.0,0.0,102.43890838623047,107.77530364990234,36.77903100109519,-2.47715160922165,-1.848334610936933,4.387052548909989,0.0011616317148654964,0.0,0.0,0.0,0.0,0.0,0.0,0.0,0.0,0.0,10574500.0,15024800.0,10785400.0,0.0,0.0,0.0,0.0,0.0,0.0,0.0,0.0,0.0,0.0,0.0,0.0,0.0,0.0,0.0,0.0,0.0,0.0,0.0,0.0,0.0,0.0,0.0,0.0,102.20184580485027,0.822223969512923,103.10383714948382,1.4154531249891653,106.43629128592355,4.635836964516576,-0.009955026329180439
2025-11-28,102.60578612976299,104.03610360647413,102.54618420039697,103.7679214477539,6525500,0.0,0.0,102.79053039550782,107.4092803955078,38.59585789591036,-2.3850967695587,-1.9556870426612865,4.401444169230461,0.010055125366951634,0.0,0.0,0.0,0.0,0.0,0.0,0.0,0.0,0.0,10130200.0,10574500.0,15024800.0,0.0,0.0,0.0,0.0,0.0,0.0,0.0,0.0,0.0,0.0,0.0,0.0,0.0,0.0,0.0,0.0,0.0,0.0,0.0,0.0,0.0,0.0,0.0,0.0,103.03951263427734,0.6336298672011013,102.84700448172433,0.9949285259310817,105.99144417898995,4.566286004573179,-0.021541586825459924
2025-12-01,104.21489396966332,106.11206164600925,103.76792118024125,106.05245971679688,12628900,0.0,0.0,103.28518371582031,107.11874580383301,40.33227924141221,-2.103551072924091,-1.9852598487138475,4.282137266622594,0.022015843019397963,0.0,0.0,0.0,0.0,0.0,0.0,0.0,0.0,0.0,6525500.0,10130200.0,10574500.0,0.0,0.0,0.0,0.0,0.0,0.0,0.0,0.0,0.0,0.0,0.0,0.0,0.0,0.0,0.0,0.0,0.0,0.0,0.0,0.0,0.0,0.0,0.0,0.0,104.18509674072266,1.6976636925062927,103.14498901367188,1.5459222689178382,105.60335595267159,4.285673269566229,0.018506092275624386
2025-12-02,105.81407584911452,105.85380794296738,104.11556862204534,104.12550354003906,8548200,0.0,0.0,103.85930023193359,106.75669555664062,31.860980823042382,-2.012712047519557,-1.9907502884749895,4.209586150853086,-0.018169839548310085,0.0,0.0,0.0,0.0,0.0,0.0,0.0,0.0,0.0,12628900.0,6525500.0,10130200.0,0.0,0.0,0.0,0.0,0.0,0.0,0.0,0.0,0.0,0.0,0.0,0.0,0.0,0.0,0.0,0.0,0.0,0.0,0.0,0.0,0.0,0.0,0.0,0.0,104.64862823486328,1.228830077932744,103.44723074776786,1.4929045533987158,104.89245223999023,3.5307155812242668,-0.008605946749664861
2025-12-03,104.19502958759753,105.13864215852587,103.76791906453988,105.02938079833984,10177800,0.0,0.0,104.34203491210937,106.47212066650391,29.592190358292484,-1.8465008127367923,-1.96190039332735,4.118896807911017,0.00868065197834289,0.0,0.0,0.0,0.0,0.0,0.0,0.0,0.0,0.0,8548200.0,12628900.0,6525500.0,0.0,0.0,0.0,0.0,0.0,0.0,0.0,0.0,0.0,0.0,0.0,0.0,0.0,0.0,0.0,0.0,0.0,0.0,0.0,0.0,0.0,0.0,0.0,0.0,105.0691146850586,0.9640923778882077,103.65440041678292,1.6102760553774376,104.11840329851422,1.5997069189583455,0.0025599253091121987
2025-12-04,105.12870855081175,105.50615964638382,103.8076524506752,104.76119995117188,11471400,0.0,0.0,104.7472930908203,106.17960014343262,44.04230723338048,-1.7166289349718085,-1.912846101656242,4.01589877583922,-0.0025533888244365643,0.0,0.0,0.0,0.0,0.0,0.0,0.0,0.0,0.0,10177800.0,8548200.0,12628900.0,0.0,0.0,0.0,0.0,0.0,0.0,0.0,0.0,0.0,0.0,0.0,0.0,0.0,0.0,0.0,0.0,0.0,0.0,0.0,0.0,0.0,0.0,0.0,0.0,104.6386947631836,0.4642242618949388,104.1552974155971,1.2429234869489514,103.96657344273159,1.4058707848185075,0.0016143988151544608
2025-12-05,104.47314990982345,105.45649460398495,103.85731382216203,104.59234619140625,10680100,0.0,0.0,104.91217803955078,105.92184448242188,48.46814749272255,-1.6087845564765928,-1.852033792620312,3.939559234716203,-0.0016117967324192906,0.0,0.0,0.0,0.0,0.0,0.0,0.0,0.0,0.0,11471400.0,10177800.0,8548200.0,0.0,0.0,0.0,0.0,0.0,0.0,0.0,0.0,0.0,0.0,0.0,0.0,0.0,0.0,0.0,0.0,0.0,0.0,0.0,0.0,0.0,0.0,0.0,0.0,104.79430898030598,0.2203904892970329,104.43767438616071,1.0433655240307906,103.93109948294503,1.3814239698738893,-0.021648143168457312
2025-12-08,104.5923416105027,107.32386042430089,104.1254990007359,106.90667724609375,13727700,0.0,0.0,105.08302154541016,105.76738929748535,55.23192658026679,-1.321338368888732,-1.7458947078739961,3.830474901865111,0.022127154987538145,0.0,0.0,0.0,0.0,0.0,0.0,0.0,0.0,0.0,10680100.0,11471400.0,10177800.0,0.0,0.0,0.0,0.0,0.0,0.0,0.0,0.0,0.0,0.0,0.0,0.0,0.0,0.0,0.0,0.0,0.0,0.0,0.0,0.0,0.0,0.0,0.0,0.0,105.42007446289062,1.2902010596483544,105.0336412702288,1.0986354695974623,104.0687392098563,1.5762064602711905,0.0056998985506049316
2025-12-09,106.866942658392,107.02587102316372,105.83393859986201,106.30077362060547,8549400,0.0,0.0,105.51807556152343,105.50814323425293,51.99352906437538,-1.1294074470980178,-1.6225972557188004,3.591067361615694,-0.005667593840687046,0.0,0.0,0.0,0.0,0.0,0.0,0.0,0.0,0.0,13727700.0,10680100.0,11471400.0,0.0,0.0,0.0,0.0,0.0,0.0,0.0,0.0,0.0,0.0,0.0,0.0,0.0,0.0,0.0,0.0,0.0,0.0,0.0,0.0,0.0,0.0,0.0,0.0,105.93326568603516,1.2001369168358973,105.39547729492188,1.0270589023479324,104.1212408883231,1.6408228339722848,-0.016631516422605297
2025-12-10,106.40011039631365,108.93296875603028,105.86373851848477,108.09861755371094,11237900,0.0,0.0,106.13192291259766,105.20916633605957,61.087454787989756,-0.8227457279874955,-1.4626269501725395,3.0478399086629264,0.01691280196625944,0.0,0.0,0.0,0.3818,0.3818,1.0,1.0,1.0,0.0,8549400.0,13727700.0,10680100.0,0.0,0.0,0.0,0.0,0.0,0.0,0.0,0.0,0.0,0.0,0.0,0.0,0.0,0.0,0.0,0.0,0.0,0.0,0.0,0.0,0.0,0.0,0.0,0.0,107.10202280680339,0.9147024751351037,105.68778555733817,1.449501779201494,104.41638728550502,1.9528270697278403,-0.023595861486486513
2025-12-11,108.46612359986304,110.81026393916609,108.37673207805003,110.7109375,13281400,0.0,0.0,107.32187042236328,104.95140991210937,72.55409546621694,-0.36471748250762914,-1.2430450566395574,2.198904542179786,0.024166080986105953,0.0,0.0,0.0,0.0,0.0,0.0,0.0,0.0,0.0,11237900.0,8549400.0,13727700.0,0.0,0.0,0.0,0.0,0.0,0.0,0.0,0.0,0.0,0.3818,0.0,0.0,0.3818,0.0,0.0,1.0,0.0,0.0,1.0,0.0,0.0,1.0,0.0,0.0,108.37010955810547,2.2175814059730037,106.62856183733258,2.2061369979349332,105.03789629255023,2.4494561878467453,-0.0012544968519196953
2025-12-12,110.97912966819308,112.57830280370004,110.40302569895952,110.8499984741211,13059100,0.0,0.0,108.57340087890626,105.14956893920899,70.35598011477111,0.009386063681503742,-0.9925588325753453,2.535336013714079,0.0012560725910308879,0.0,0.0,0.0,0.0,0.0,0.0,0.0,0.0,0.0,13281400.0,11237900.0,8549400.0,0.0,0.0,0.0,0.0,0.0,0.0,0.0,0.0,0.0,0.0,0.3818,0.0,0.0,0.3818,0.0,0.0,1.0,0.0,0.0,1.0,0.0,0.0,1.0,0.0,109.88651784261067,1.5499274405330197,107.46007864815849,2.5698718696364264,105.5572395324707,2.853803618492086,0.003258219000016993
2025-12-15,110.69999694824219,111.55000305175781,108.55000305175781,110.48999786376953,14318000,0.75,0.0,109.29006500244141,105.41961975097657,79.05050082270473,0.27366217153746675,-0.739314631752783,2.8021477364749545,-0.003247637485855326,0.0,0.0,0.0,0.0,0.0,0.0,0.0,0.0,0.0,13059100.0,13281400.0,11237900.0,0.0,0.0,0.0,0.0,0.0,0.0,0.0,0.0,0.0,0.0,0.0,0.3818,0.0,0.0,0.3818,0.0,0.0,1.0,0.0,0.0,1.0,0.0,0.0,1.0,110.6836446126302,0.18154554838840348,108.27847834995815,2.4776825962592524,106.21688788277763,2.8501658874055664,-0.010123677253243035
2025-12-16,111.22000122070312,112.8499984741211,110.86000061035156,111.62000274658203,15580200,0.0,0.0,110.35391082763672,105.75163383483887,78.7418483938858,0.5677402846229143,-0.4779036484776436,3.1223740816381405,0.010227214269709295,0.0,0.0,0.0,0.0,0.0,0.0,0.0,0.0,0.0,14318000.0,13059100.0,13281400.0,0.0,0.0,0.0,0.0,0.0,0.0,0.0,0.0,0.0,0.0,0.0,0.0,0.0,0.0,0.0,0.0,0.0,0.0,0.0,0.0,0.0,0.0,0.0,0.0,110.98666636149089,0.5772662664439598,109.28242928641183,2.1352696515943483,106.86005183628627,2.9876502699617116,0.008948797954828391
2025-12-17,111.05999755859375,112.12999725341797,110.45999908447266,110.62999725341797,12142500,0.0,0.0,110.86018676757813,106.00484619140624,73.8740280935245,0.712698592746591,-0.23978320023279667,3.3064269564362356,-0.008869427242460648,0.0,0.0,0.0,0.0,0.0,0.0,0.0,0.0,0.0,15580200.0,14318000.0,13059100.0,0.0,0.0,0.0,0.0,0.0,0.0,0.0,0.0,0.0,0.0,0.0,0.0,0.0,0.0,0.0,0.0,0.0,0.0,0.0,0.0,0.0,0.0,0.0,0.0,110.91333262125652,0.6159845426605355,109.81433214460101,1.8950618294617911,107.4239867074149,2.892723945487069,-0.011084343101099514
2025-12-18,110.52999877929688,112.80000305175781,110.41999816894531,111.87000274658203,12913900,0.0,0.0,111.09199981689453,106.40001792907715,74.19704410150968,0.9170658126087545,-0.008413397664486427,3.5156716398444807,0.011208582879411955,0.0,0.0,0.0,0.0,0.0,0.0,0.0,0.0,0.0,12142500.0,15580200.0,14318000.0,0.0,0.0,0.0,0.0,0.0,0.0,0.0,0.0,0.0,0.0,0.0,0.0,0.0,0.0,0.0,0.0,0.0,0.0,0.0,0.0,0.0,0.0,0.0,0.0,111.37333424886067,0.6557723816964846,110.6099363054548,1.2245640232231263,108.00270680018834,2.9153899583343574,0.005663474423867276
2025-12-19,112.31999969482422,113.4800033569336,110.91999816894531,111.23999786376953,21138400,0.0,0.0,111.16999969482421,106.86152725219726,67.1916821447372,1.0164748880871315,0.19656425948583717,3.5148607055627203,-0.00563158011392606,0.0,0.0,0.0,0.0,0.0,0.0,0.0,0.0,0.0,12913900.0,12142500.0,15580200.0,0.0,0.0,0.0,0.0,0.0,0.0,0.0,0.0,0.0,0.0,0.0,0.0,0.0,0.0,0.0,0.0,0.0,0.0,0.0,0.0,0.0,0.0,0.0,0.0,111.24666595458984,0.6200296390868646,111.05870492117745,0.5288107857950176,108.37324523925781,2.977452310223391,-0.010144148580798817
2025-12-22,111.41000366210938,112.80000305175781,111.1500015258789,112.37999725341797,8803300,0.0,0.0,111.54799957275391,107.30156745910645,78.86107466945087,1.173715854224909,0.3919945784336516,3.6312804462311523,0.010248106899862996,0.0,0.0,0.0,0.0,0.0,0.0,0.0,0.0,0.0,21138400.0,12913900.0,12142500.0,0.0,0.0,0.0,0.0,0.0,0.0,0.0,0.0,0.0,0.0,0.0,0.0,0.0,0.0,0.0,0.0,0.0,0.0,0.0,0.0,0.0,0.0,0.0,0.0,111.82999928792317,0.5710515385048373,111.2971420288086,0.6957909828601123,108.9628519330706,2.88752937764287,-0.007419218850278186
2025-12-23,112.29000091552734,113.30999755859375,112.04000091552734,113.22000122070312,7634500,0.0,0.0,111.86799926757813,107.89982147216797,78.76623317465243,1.3505435276009194,0.5837043682671053,3.5677320152519414,0.007474675100684891,0.0,0.0,0.0,0.9682,0.9682,1.0,2.0,1.0,0.0,8803300.0,21138400.0,12913900.0,0.0,0.0,0.0,0.0,0.0,0.0,0.0,0.0,0.0,0.0,0.0,0.0,0.0,0.0,0.0,0.0,0.0,0.0,0.0,0.0,0.0,0.0,0.0,0.0,112.27999877929688,0.993782216829986,111.63571384974888,0.96607319588021,109.54789624895368,2.858872636272043,-0.011006307645728741
2025-12-24,112.94000244140625,114.52999877929688,112.80000305175781,114.4800033569336,4606700,0.0,0.0,112.63800048828125,108.4930362701416,81.91025190768178,1.5742059090323863,0.7818046764201616,3.6287186303867323,0.011128794582631274,0.0,0.0,0.0,0.0,0.0,0.0,0.0,0.0,0.0,7634500.0,8803300.0,21138400.0,0.0,0.0,0.0,0.0,0.0,0.0,0.0,0.0,0.0,0.9682,0.0,0.0,0.9682,0.0,0.0,1.0,0.0,0.0,2.0,0.0,0.0,1.0,0.0,0.0,113.36000061035156,1.0569797919202177,112.20571463448661,1.2976129325761372,110.24209649222237,2.7861941114158655,0.008101495404357895
2025-12-26,114.1500015258789,114.73999786376953,113.2699966430664,113.55999755859375,5428900,0.0,0.0,112.97599945068359,109.03429069519044,78.05987593961987,1.6581095241435406,0.9570656459648375,3.5306427007151946,-0.008036388638733571,0.0,0.0,0.0,0.0,0.0,0.0,0.0,0.0,0.0,4606700.0,7634500.0,8803300.0,0.0,0.0,0.0,0.0,0.0,0.0,0.0,0.0,0.0,0.0,0.9682,0.0,0.0,0.9682,0.0,0.0,1.0,0.0,0.0,2.0,0.0,0.0,1.0,0.0,113.75333404541016,0.6518708412544275,112.48285675048828,1.3574587466043968,110.88264301845005,2.3900756382837978,-0.005517163230955968
2025-12-29,113.31999969482422,114.48999786376953,113.30999755859375,114.19000244140625,7966000,0.0,0.0,113.56600036621094,109.55539474487304,75.47478352945194,1.7552069394647418,1.1166939046648183,3.48122066968624,0.0055477711901801285,0.0,0.0,0.0,0.0,0.0,0.0,0.0,0.0,0.0,5428900.0,4606700.0,7634500.0,0.0,0.0,0.0,0.0,0.0,0.0,0.0,0.0,0.0,0.0,0.0,0.9682,0.0,0.0,0.9682,0.0,0.0,1.0,0.0,0.0,2.0,0.0,0.0,1.0,114.07666778564453,0.47035755058544537,112.99142892020089,1.2060199019842057,111.40288053240094,2.246420465028592,-0.005226922809789203
2025-12-30,114.0999984741211,115.27999877929688,114.0999984741211,114.79000091552734,6883900,0.0,0.0,114.04800109863281,109.99227180480958,79.70492097375117,1.8591411808631904,1.2651833599044928,3.5657166276914807,0.005254387085497747,0.0,0.0,0.0,0.0,0.0,0.0,0.0,0.0,0.0,7966000.0,5428900.0,4606700.0,0.0,0.0,0.0,0.0,0.0,0.0,0.0,0.0,0.0,0.0,0.0,0.0,0.0,0.0,0.0,0.0,0.0,0.0,0.0,0.0,0.0,0.0,0.0,0.0,114.18000030517578,0.6150626769398327,113.4085715157645,1.2573857117152658,112.00925391060966,1.8789668169846672,0.008965494441043331
2025-12-31,114.7699966430664,114.88999938964844,113.55000305175781,113.7699966430664,6608000,0.0,0.0,114.15800018310547,110.47449645996093,70.98735212191744,1.8380164857983061,1.3797499850832555,3.377742854498979,-0.008885828594178191,0.0,0.0,0.0,0.0,0.0,0.0,0.0,0.0,0.0,6883900.0,7966000.0,5428900.0,0.0,0.0,0.0,0.0,0.0,0.0,0.0,0.0,0.0,0.0,0.0,0.0,0.0,0.0,0.0,0.0,0.0,0.0,0.0,0.0,0.0,0.0,0.0,0.0,114.25,0.5126421356444332,113.76999991280692,0.8164573884935042,112.41435241699219,1.5543087245820786,0.01716583098022606
2026-01-02,113.44000244140625,113.44000244140625,111.62000274658203,111.8499984741211,8906200,0.0,0.0,113.63199920654297,110.81552734375,54.44282759749438,1.647357494868075,1.4332714870402194,3.1346154719252164,-0.01687613804691379,0.0,0.0,0.0,0.0,0.0,0.0,0.0,0.0,0.0,6608000.0,6883900.0,7966000.0,0.0,0.0,0.0,0.0,0.0,0.0,0.0,0.0,0.0,0.0,0.0,0.0,0.0,0.0,0.0,0.0,0.0,0.0,0.0,0.0,0.0,0.0,0.0,0.0,113.46999867757161,1.4927835319780856,113.6942858014788,0.9758573792842605,112.4957139151437,1.4866218864649898,-0.01946174477638629
2026-01-05,111.41999816894531,116.02999877929688,111.37999725341797,114.06999969482422,12029000,0.0,0.0,113.73399963378907,111.28096733093261,60.805344453444945,1.6563016022595463,1.4778775100840849,2.8681049259034164,0.019848021913176694,0.0,0.0,0.0,0.0,0.0,0.0,0.0,0.0,0.0,8906200.0,6608000.0,6883900.0,0.0,0.0,0.0,0.0,0.0,0.0,0.0,0.0,0.0,0.0,0.0,0.0,0.0,0.0,0.0,0.0,0.0,0.0,0.0,0.0,0.0,0.0,0.0,0.0,113.22999827067058,1.2044916091961686,113.81571415492466,0.9597557761542814,112.72571400233677,1.4612948966551984,-0.004364144202948728
2026-01-06,113.79000091552734,114.76000213623047,113.11000061035156,114.56999969482422,7388300,0.0,0.0,113.80999908447265,111.77985000610352,63.56380064606194,1.6843199017570214,1.5191659884186723,2.4857159735781393,0.004383273440323299,0.0,0.0,0.0,0.0,0.0,0.0,0.0,0.0,0.0,12029000.0,8906200.0,6608000.0,0.0,0.0,0.0,0.0,0.0,0.0,0.0,0.0,0.0,0.0,0.0,0.0,0.0,0.0,0.0,0.0,0.0,0.0,0.0,0.0,0.0,0.0,0.0,0.0,113.49666595458984,1.4478036273699206,113.82857077462333,0.9706781463041256,113.01714270455497,1.3860266813800763,0.01470193941081166
2026-01-07,114.45999908447266,114.97000122070312,112.51000213623047,112.91000366210938,8296300,0.0,0.0,113.43399963378906,112.0800163269043,54.14257678992745,1.5546556961694478,1.5262639299688276,2.213883611488714,-0.014488924126180636,0.0,0.0,0.0,0.0,0.0,0.0,0.0,0.0,0.0,7388300.0,12029000.0,8906200.0,0.0,0.0,0.0,0.0,0.0,0.0,0.0,0.0,0.0,0.0,0.0,0.0,0.0,0.0,0.0,0.0,0.0,0.0,0.0,0.0,0.0,0.0,0.0,0.0,113.85000101725261,0.8515845646544604,113.73571450369698,1.0299331969230936,113.10928562709263,1.3276504335243224,-0.011036126189399087
2026-01-08,112.55000305175781,114.98999786376953,112.55000305175781,114.16999816894531,9778200,0.0,0.0,113.51399993896484,112.47347755432129,61.17423175124736,1.53586243938922,1.5281836318529063,1.7917423944201867,0.011159281427415069,0.0,0.0,0.0,0.0,0.0,0.0,0.0,0.0,0.0,8296300.0,7388300.0,12029000.0,0.0,0.0,0.0,0.0,0.0,0.0,0.0,0.0,0.0,0.0,0.0,0.0,0.0,0.0,0.0,0.0,0.0,0.0,0.0,0.0,0.0,0.0,0.0,0.0,113.88333384195964,0.8663307881129445,113.73285675048828,1.028489340815362,113.36214283534459,1.1434646832923498,-0.014756637254081606
2026-01-09,114.30999755859375,115.9800033569336,113.9000015258789,115.87999725341797,8935200,0.0,0.0,114.31999969482422,112.86254653930663,62.293045234649306,1.6400458553240327,1.5505560765471316,1.6292387354565598,0.014977657106924447,0.0,0.0,0.0,0.0,0.0,0.0,0.0,0.0,0.0,9778200.0,8296300.0,7388300.0,0.0,0.0,0.0,0.0,0.0,0.0,0.0,0.0,0.0,0.0,0.0,0.0,0.0,0.0,0.0,0.0,0.0,0.0,0.0,0.0,0.0,0.0,0.0,0.0,114.31999969482422,1.4906679128593863,113.88857051304409,1.2694928821991436,113.6485710144043,1.239174125302961,0.027122828991942738
2026-01-12,114.62999725341797,114.94000244140625,112.55000305175781,112.81999969482422,10833800,0.0,0.0,114.06999969482422,112.96799964904785,54.21558529326749,1.4588786881449778,1.5322205988667008,1.5489205051464008,-0.02640660710322451,0.0,0.0,0.0,0.0,0.0,0.0,0.0,0.0,0.0,8935200.0,9778200.0,8296300.0,0.0,0.0,0.0,0.0,0.0,0.0,0.0,0.0,0.0,0.0,0.0,0.0,0.0,0.0,0.0,0.0,0.0,0.0,0.0,0.0,0.0,0.0,0.0,0.0,114.28999837239583,1.5335241443392982,113.7528566632952,1.3334497338069522,113.76142828805106,1.0622607885407678,-0.0014162122265466426
2026-01-13,112.83999633789062,113.22000122070312,111.61000061035156,112.9800033569336,8945700,0.0,0.0,113.75200042724609,113.07449989318847,51.6892054436731,1.3130770266413805,1.4883918844216368,1.4666702166897005,0.0014182207280817316,0.0,0.0,0.0,0.0,0.0,0.0,0.0,0.0,0.0,10833800.0,8935200.0,9778200.0,0.0,0.0,0.0,0.0,0.0,0.0,0.0,0.0,0.0,0.0,0.0,0.0,0.0,0.0,0.0,0.0,0.0,0.0,0.0,0.0,0.0,0.0,0.0,0.0,113.8933334350586,1.7223603392891733,113.91428593226841,1.1152388562111055,113.8042858668736,1.0132101379725693,-0.00484449421542299
2026-01-14,112.80999755859375,113.58999633789062,112.26000213623047,113.52999877929688,8950900,0.0,0.0,113.8759994506836,113.22649993896485,50.88722821102721,1.22775539361038,1.4362645862593855,1.3364733085097649,0.004868077589143871,0.0,0.0,0.0,0.0,0.0,0.0,0.0,0.0,0.0,8945700.0,10833800.0,8935200.0,0.0,0.0,0.0,0.0,0.0,0.0,0.0,0.0,0.0,0.0,0.0,0.0,0.0,0.0,0.0,0.0,0.0,0.0,0.0,0.0,0.0,0.0,0.0,0.0,113.11000061035156,0.37242333360127783,113.83714294433594,1.1213324510299911,113.82642854963031,1.0027927490855209,0.0010580646619589018
