Date,open,high,low,close,volume,dividends,stock splits,SMA_5,SMA_20,RSI,MACD,Signal_Line,Volatility,Price_Change,avg_sentiment,sentiment_std,news_volume,reddit_avg_sentiment,reddit_weighted_sentiment,reddit_volume,reddit_engagement,reddit_positive_ratio,search_interest,volume_lag_1,volume_lag_2,volume_lag_3,avg_sentiment_lag_1,avg_sentiment_lag_2,avg_sentiment_lag_3,sentiment_std_lag_1,sentiment_std_lag_2,sentiment_std_lag_3,news_volume_lag_1,news_volume_lag_2,news_volume_lag_3,reddit_avg_sentiment_lag_1,reddit_avg_sentiment_lag_2,reddit_avg_sentiment_lag_3,reddit_weighted_sentiment_lag_1,reddit_weighted_sentiment_lag_2,reddit_weighted_sentiment_lag_3,reddit_volume_lag_1,reddit_volume_lag_2,reddit_volume_lag_3,reddit_engagement_lag_1,reddit_engagement_lag_2,reddit_engagement_lag_3,reddit_positive_ratio_lag_1,reddit_positive_ratio_lag_2,reddit_positive_ratio_lag_3,close_rolling_mean_3,close_rolling_std_3,close_rolling_mean_7,close_rolling_std_7,close_rolling_mean_14,close_rolling_std_14,target
2021-01-19,86.43560673566675,89.45267036457545,85.93127591068698,88.49211120605469,41660000,0.0,0.0,0.0,0.0,0.0,0.0,0.0,0.0,0.0,0.0,0.0,0.0,0.0,0.0,0.0,0.0,0.0,0.0,0.0,0.0,0.0,0.0,0.0,0.0,0.0,0.0,0.0,0.0,0.0,0.0,0.0,0.0,0.0,0.0,0.0,0.0,0.0,0.0,0.0,0.0,0.0,0.0,0.0,0.0,0.0,91.72009785970052,2.797348091817998,92.53817313058036,2.2773796224221563,94.77564566476005,4.58953509720022,-0.05084921908570106
2021-01-20,90.56993747642771,94.20737744445935,90.2297543947526,93.2329330444336,64152000,0.0,0.0,0.0,0.0,0.0,0.3781852178763785,0.0756370435752757,0.0,0.0535733838165513,0.0,0.0,0.0,0.0,0.0,0.0,0.0,0.0,0.0,41660000.0,0.0,0.0,0.0,0.0,0.0,0.0,0.0,0.0,0.0,0.0,0.0,0.0,0.0,0.0,0.0,0.0,0.0,0.0,0.0,0.0,0.0,0.0,0.0,0.0,0.0,0.0,91.72009785970052,2.797348091817998,92.53817313058036,2.2773796224221563,94.77564566476005,4.58953509720022,-0.002165310047690272
2021-01-21,93.90636166357693,95.81210413081008,93.20019257350067,93.43524932861328,58634000,0.0,0.0,0.0,0.0,0.0,0.6863135654590877,0.19777234795203813,0.0,0.002170008789525779,0.0,0.0,0.0,0.0,0.0,0.0,0.0,0.0,0.0,64152000.0,41660000.0,0.0,0.0,0.0,0.0,0.0,0.0,0.0,0.0,0.0,0.0,0.0,0.0,0.0,0.0,0.0,0.0,0.0,0.0,0.0,0.0,0.0,0.0,0.0,0.0,0.0,91.72009785970052,2.797348091817998,92.53817313058036,2.2773796224221563,94.77564566476005,4.58953509720022,-0.004443880462168148
2021-01-22,93.79776835100945,94.4389685259167,93.05589873468317,93.8523178100586,32744000,0.0,0.0,0.0,0.0,0.0,0.9531738469516142,0.34885264775195335,0.0,0.00446371668553569,0.0,0.0,0.0,0.0,0.0,0.0,0.0,0.0,0.0,58634000.0,64152000.0,41660000.0,0.0,0.0,0.0,0.0,0.0,0.0,0.0,0.0,0.0,0.0,0.0,0.0,0.0,0.0,0.0,0.0,0.0,0.0,0.0,0.0,0.0,0.0,0.0,0.0,93.50683339436848,0.31583631967308246,92.53817313058036,2.2773796224221563,94.77564566476005,4.58953509720022,-0.0009079324496308327
2021-01-25,94.85304490741599,95.3033257370761,92.19600437288214,93.93760681152344,50586000,0.0,0.0,92.59004364013671,0.0,0.0,1.1581937160788272,0.5107208614173282,0.0,0.0009087575400903436,0.0,0.0,0.0,0.0,0.0,0.0,0.0,0.0,0.0,32744000.0,58634000.0,64152000.0,0.0,0.0,0.0,0.0,0.0,0.0,0.0,0.0,0.0,0.0,0.0,0.0,0.0,0.0,0.0,0.0,0.0,0.0,0.0,0.0,0.0,0.0,0.0,0.0,93.74172465006511,0.26881944765396987,92.53817313058036,2.2773796224221563,94.77564566476005,4.58953509720022,-0.0071646506914276875
2021-01-26,93.52649487258525,95.00229620820357,93.03753991216796,94.61549377441406,31462000,0.0,0.0,93.8147201538086,0.0,0.0,1.359699482764313,0.6805165856867252,0.0,0.007216353342391901,0.0,0.0,0.0,0.0,0.0,0.0,0.0,0.0,0.0,50586000.0,32744000.0,58634000.0,0.0,0.0,0.0,0.0,0.0,0.0,0.0,0.0,0.0,0.0,0.0,0.0,0.0,0.0,0.0,0.0,0.0,0.0,0.0,0.0,0.0,0.0,0.0,0.0,94.13513946533203,0.41817908858883945,92.53817313058036,2.2773796224221563,94.77564566476005,4.58953509720022,0.04893481636598018
2021-01-27,92.9770605069991,93.25278160125363,89.12737718111522,90.20149993896484,82512000,0.0,0.0,93.20843353271485,0.0,0.0,1.1499657520374598,0.7744064189568722,0.0,-0.04665191354360243,0.0,0.0,0.0,0.0,0.0,0.0,0.0,0.0,0.0,31462000.0,50586000.0,32744000.0,0.0,0.0,0.0,0.0,0.0,0.0,0.0,0.0,0.0,0.0,0.0,0.0,0.0,0.0,0.0,0.0,0.0,0.0,0.0,0.0,0.0,0.0,0.0,0.0,92.91820017496745,2.377020785108273,92.53817313058036,2.2773796224221563,94.77564566476005,4.58953509720022,-0.018486951683593045
2021-01-28,90.79955747785893,93.62569478452592,90.79955747785893,91.90045928955078,55278000,0.0,0.0,92.90147552490234,0.0,0.0,1.1080689510641548,0.8411389253783288,0.0,0.018835156308216083,0.0,0.0,0.0,0.0,0.0,0.0,0.0,0.0,0.0,82512000.0,31462000.0,50586000.0,0.0,0.0,0.0,0.0,0.0,0.0,0.0,0.0,0.0,0.0,0.0,0.0,0.0,0.0,0.0,0.0,0.0,0.0,0.0,0.0,0.0,0.0,0.0,0.0,92.23915100097656,2.226402805286445,93.02507999965123,1.4997367224309581,94.77564566476005,4.58953509720022,0.014140798264433263
2021-01-29,90.94930432506192,91.61976549487935,89.33961486968028,90.61903381347656,44530000,0.0,0.0,92.25481872558593,0.0,0.0,0.9603942804032073,0.8649899963833045,0.0,-0.013943624286325229,0.0,0.0,0.0,0.0,0.0,0.0,0.0,0.0,0.0,55278000.0,82512000.0,31462000.0,0.0,0.0,0.0,0.0,0.0,0.0,0.0,0.0,0.0,0.0,0.0,0.0,0.0,0.0,0.0,0.0,0.0,0.0,0.0,0.0,0.0,0.0,0.0,0.0,90.90699768066406,0.8853293795757959,92.65166582380023,1.7447564182593214,94.77564566476005,4.58953509720022,-0.03471089075855893
2021-02-01,91.47347570612914,94.99189672698161,91.47347570612914,93.87760925292969,40252000,0.0,0.0,92.2428192138672,0.0,0.0,1.0936934278428652,0.9107306826752167,0.0,0.03595906182535935,0.0,0.0,0.0,0.0,0.0,0.0,0.0,0.0,0.0,44530000.0,55278000.0,82512000.0,0.0,0.0,0.0,0.0,0.0,0.0,0.0,0.0,0.0,0.0,0.0,0.0,0.0,0.0,0.0,0.0,0.0,0.0,0.0,0.0,0.0,0.0,0.0,0.0,92.13236745198567,1.6416194810323026,92.71486009870257,1.7854051511300435,94.77564566476005,4.58953509720022,-0.013573941674747458
2021-02-02,94.87238913054661,96.66953234686342,94.53715474973095,95.16943359375,66332000,0.0,0.0,92.35360717773438,0.0,0.0,1.288717853419783,0.98632811682413,0.0,0.013760729007699979,0.0,0.0,0.0,0.0,0.0,0.0,0.0,0.0,0.0,40252000.0,44530000.0,55278000.0,0.0,0.0,0.0,0.0,0.0,0.0,0.0,0.0,0.0,0.0,0.0,0.0,0.0,0.0,0.0,0.0,0.0,0.0,0.0,0.0,0.0,0.0,0.0,0.0,93.22202555338542,2.3449684497684147,92.90301949637276,1.9836549854177012,94.77564566476005,4.58953509720022,-0.06788148973993591
2021-02-03,102.43388711910048,104.4675776467,99.85222011919001,102.10014343261719,97882000,0.0,0.0,94.73333587646485,0.0,0.0,1.9797056628450065,1.1850036260283052,0.0,0.07282495626119134,0.0,0.0,0.0,0.0,0.0,0.0,0.0,0.0,0.0,66332000.0,40252000.0,44530000.0,0.0,0.0,0.0,0.0,0.0,0.0,0.0,0.0,0.0,0.0,0.0,0.0,0.0,0.0,0.0,0.0,0.0,0.0,0.0,0.0,0.0,0.0,0.0,0.0,97.04906209309895,4.421794834194136,94.06909615652901,4.033358752360878,94.77564566476005,4.58953509720022,0.002556496704273048
2021-02-04,102.18642035715034,102.61686084448914,100.92087916656516,101.83979034423828,48596000,0.0,0.0,96.72120208740235,0.0,0.0,2.477748222577034,1.443552545338051,0.0,-0.002549977694700556,0.0,0.0,0.0,0.0,0.0,0.0,0.0,0.0,0.0,97882000.0,66332000.0,40252000.0,0.0,0.0,0.0,0.0,0.0,0.0,0.0,0.0,0.0,0.0,0.0,0.0,0.0,0.0,0.0,0.0,0.0,0.0,0.0,0.0,0.0,0.0,0.0,0.0,99.70312245686848,3.928447144016403,95.10113852364677,5.003952681312094,94.77564566476005,4.58953509720022,-0.016851487132046983
2021-02-05,102.13385347188657,103.93794279316154,101.65977493755003,103.58535766601562,29866000,0.0,0.0,99.31446685791016,0.0,77.94549736521816,2.978963595926814,1.750634755455804,0.0,0.017140327134187894,0.0,0.0,0.0,0.0,0.0,0.0,0.0,0.0,0.0,48596000.0,97882000.0,66332000.0,0.0,0.0,0.0,0.0,0.0,0.0,0.0,0.0,0.0,0.0,0.0,0.0,0.0,0.0,0.0,0.0,0.0,0.0,0.0,0.0,0.0,0.0,0.0,0.0,102.50843048095703,0.9416873441306576,97.01311819893974,5.363815601866583,94.77564566476005,4.58953509720022,0.0020675872377302618
2021-02-08,104.13928516789632,104.88313720480986,102.32181002045341,103.37162780761719,28828000,0.0,0.0,101.21327056884766,0.0,77.3334405954054,3.3206557248508233,2.064638949334808,0.0,-0.0020633211412712793,0.0,0.0,0.0,0.0,0.0,0.0,0.0,0.0,0.0,29866000.0,48596000.0,97882000.0,0.0,0.0,0.0,0.0,0.0,0.0,0.0,0.0,0.0,0.0,0.0,0.0,0.0,0.0,0.0,0.0,0.0,0.0,0.0,0.0,0.0,0.0,0.0,0.0,102.93225860595703,0.9521214682171163,98.65185655866351,5.293332697892117,95.83846827915737,4.742797278146862,0.004399107087193377
2021-02-09,102.88961562155747,104.06539887651223,102.65158507922345,102.91887664794922,21892000,0.0,0.0,102.7631591796875,0.0,71.12026457807914,3.5144041011585188,2.3545919796995505,0.0,-0.0043798397033136816,0.0,0.0,0.0,0.0,0.0,0.0,0.0,0.0,0.0,28828000.0,29866000.0,48596000.0,0.0,0.0,0.0,0.0,0.0,0.0,0.0,0.0,0.0,0.0,0.0,0.0,0.0,0.0,0.0,0.0,0.0,0.0,0.0,0.0,0.0,0.0,0.0,0.0,103.29195404052734,0.3403089313146162,100.40897696358817,4.086260325130229,96.5303213936942,5.031177846809258,-0.005315197383959025
2021-02-10,103.30320303558659,104.08375438993346,101.77086950936979,103.46883392333984,25102000,0.0,0.0,103.03689727783203,0.0,71.55156195818827,3.670022308540041,2.617678045467649,0.0,0.005343599670950994,0.0,0.0,0.0,0.0,0.0,0.0,0.0,0.0,0.0,21892000.0,28828000.0,29866000.0,0.0,0.0,0.0,0.0,0.0,0.0,0.0,0.0,0.0,0.0,0.0,0.0,0.0,0.0,0.0,0.0,0.0,0.0,0.0,0.0,0.0,0.0,0.0,0.0,103.25311279296875,0.29350912713522603,101.7791519165039,2.9929763697565304,97.24700600760323,5.26555078699513,-0.0010867210626267498
2021-02-11,103.6929788445471,103.8417432011322,102.59505097845204,103.5813980102539,20480000,0.0,0.0,103.38521881103516,0.0,71.17449091622791,3.7591012607604313,2.8459626885262055,0.0,0.001087903310067917,0.0,0.0,0.0,0.0,0.0,0.0,0.0,0.0,0.0,25102000.0,21892000.0,28828000.0,0.0,0.0,0.0,0.0,0.0,0.0,0.0,0.0,0.0,0.0,0.0,0.0,0.0,0.0,0.0,0.0,0.0,0.0,0.0,0.0,0.0,0.0,0.0,0.0,103.32303619384766,0.35450863504489616,102.98086111886161,0.7301169913783511,97.94194030761719,5.422729008686982,-0.0029976263528515013
2021-02-12,103.13608390402558,104.1144933325463,102.82861990262512,103.89282989501953,18990000,0.0,0.0,103.44671325683593,0.0,71.45547193451799,3.8108972709912052,3.0389496050192055,0.0,0.003006639133551703,0.0,0.0,0.0,0.0,0.0,0.0,0.0,0.0,0.0,20480000.0,25102000.0,21892000.0,0.0,0.0,0.0,0.0,0.0,0.0,0.0,0.0,0.0,0.0,0.0,0.0,0.0,0.0,0.0,0.0,0.0,0.0,0.0,0.0,0.0,0.0,0.0,0.0,103.64768727620442,0.21963343571828597,103.23695918491909,0.6825619381358844,98.65302767072406,5.509273549231824,-0.007424070072410416
2021-02-16,103.73017139399565,106.37779106891139,103.73017139399565,104.66990661621094,31004000,0.0,0.0,103.70636901855468,97.43812561035156,71.57699365650284,3.870038188150332,3.2051673216454306,5.649355792222095,0.007479599140543414,0.0,0.0,0.0,0.0,0.0,0.0,0.0,0.0,0.0,18990000.0,20480000.0,25102000.0,0.0,0.0,0.0,0.0,0.0,0.0,0.0,0.0,0.0,0.0,0.0,0.0,0.0,0.0,0.0,0.0,0.0,0.0,0.0,0.0,0.0,0.0,0.0,0.0,104.0480448404948,0.5606081570802088,103.64126150948661,0.5404288081811527,99.37120001656669,5.597098056806404,-0.003738207269715854
2021-02-17,103.84074940988165,105.25208878200296,103.56156275847486,105.06265258789062,20294000,0.0,0.0,104.13512420654297,98.26665267944335,88.54498819240268,3.9036008282448904,3.3448540229653227,5.480886848619964,0.0037522338977500347,0.0,0.0,0.0,0.0,0.0,0.0,0.0,0.0,0.0,31004000.0,18990000.0,20480000.0,0.0,0.0,0.0,0.0,0.0,0.0,0.0,0.0,0.0,0.0,0.0,0.0,0.0,0.0,0.0,0.0,0.0,0.0,0.0,0.0,0.0,0.0,0.0,0.0,104.5417963663737,0.5953406254188714,103.85230364118304,0.7591481705248722,100.43271092006138,5.112515140701321,0.006083064048902909
2021-02-18,104.38724907315866,105.2297881295189,103.80852842248879,104.42741394042969,22546000,0.0,0.0,104.32684020996093,98.82637672424316,84.3883503767165,3.8347365564047777,3.442830529653214,5.511295186989677,-0.0060462841153713365,0.0,0.0,0.0,0.0,0.0,0.0,0.0,0.0,0.0,20294000.0,31004000.0,18990000.0,0.0,0.0,0.0,0.0,0.0,0.0,0.0,0.0,0.0,0.0,0.0,0.0,0.0,0.0,0.0,0.0,0.0,0.0,0.0,0.0,0.0,0.0,0.0,0.0,104.71999104817708,0.3205672668116541,104.00313023158482,0.7525841753127857,101.32749339512416,4.571996522962703,0.008138609585083945
2021-02-19,104.52560706749125,105.06068208751414,103.31758892872503,103.58438110351562,37938000,0.0,0.0,104.32743682861329,99.33383331298828,86.46959197005165,3.6698318828570535,3.488230800293982,5.455741666078061,-0.008072907343994684,0.0,0.0,0.0,0.0,0.0,0.0,0.0,0.0,0.0,22546000.0,20294000.0,31004000.0,0.0,0.0,0.0,0.0,0.0,0.0,0.0,0.0,0.0,0.0,0.0,0.0,0.0,0.0,0.0,0.0,0.0,0.0,0.0,0.0,0.0,0.0,0.0,0.0,104.35814921061198,0.7415658079204264,104.09820229666573,0.6238017528708127,102.25358963012695,3.3985998800804706,0.01681879866151803
2021-02-22,101.83830606942489,103.1638524951323,101.56060251176662,101.87103271484375,29466000,0.0,0.0,103.92307739257812,99.73476905822754,74.62495452071175,3.362134254253462,3.463011491085878,5.324781214049179,-0.016540605547082032,0.0,0.0,0.0,0.0,0.0,0.0,0.0,0.0,0.0,37938000.0,22546000.0,20294000.0,0.0,0.0,0.0,0.0,0.0,0.0,0.0,0.0,0.0,0.0,0.0,0.0,0.0,0.0,0.0,0.0,0.0,0.0,0.0,0.0,0.0,0.0,0.0,0.0,103.29427591959636,1.3026480744755147,103.8699449811663,1.0435709322326294,102.8245484488351,2.4112180417065914,-0.002844473134705927
2021-02-23,99.87404002469421,102.77555788180933,98.69577487059935,102.16162872314453,34658000,0.0,0.0,103.42142181396484,100.14597015380859,72.95668723501572,3.1059271412888307,3.391594621126469,5.168800306040579,0.002852587242481608,0.0,0.0,0.0,0.0,0.0,0.0,0.0,0.0,0.0,29466000.0,37938000.0,22546000.0,0.0,0.0,0.0,0.0,0.0,0.0,0.0,0.0,0.0,0.0,0.0,0.0,0.0,0.0,0.0,0.0,0.0,0.0,0.0,0.0,0.0,0.0,0.0,0.0,102.5390141805013,0.9168999470004839,103.66712079729352,1.2302684855793609,103.32399095807757,1.0350816176698738,-0.011368663559085723
2021-02-24,100.66996455548863,103.56007930549984,100.54549736259403,103.33642578125,22608000,0.0,0.0,103.07617645263672,100.58201675415039,56.525163690835726,2.9635158962647097,3.3059788761541173,5.044035252000324,0.011499396327060651,0.0,0.0,0.0,0.0,0.0,0.0,0.0,0.0,0.0,34658000.0,29466000.0,37938000.0,0.0,0.0,0.0,0.0,0.0,0.0,0.0,0.0,0.0,0.0,0.0,0.0,0.0,0.0,0.0,0.0,0.0,0.0,0.0,0.0,0.0,0.0,0.0,0.0,102.45636240641277,0.7758834756634481,103.58763449532645,1.231229153535558,103.41229684012276,0.9735463433358538,0.03366148911685807
2021-02-25,101.95385918325073,103.296264656048,99.50212250444032,99.97124481201172,41548000,0.0,0.0,102.18494262695313,101.07050399780273,42.57217828664597,2.549720388842019,3.1547271786916977,4.420342080807239,-0.03256529286547938,0.0,0.0,0.0,0.0,0.0,0.0,0.0,0.0,0.0,22608000.0,34658000.0,29466000.0,0.0,0.0,0.0,0.0,0.0,0.0,0.0,0.0,0.0,0.0,0.0,0.0,0.0,0.0,0.0,0.0,0.0,0.0,0.0,0.0,0.0,0.0,0.0,0.0,101.82309977213542,1.7079409026469414,102.91639709472656,1.7247509594763712,103.27882930210659,1.2842230360687372,-0.0029476867214470737
2021-02-26,100.6655050872536,101.98311399374562,99.23036778781363,100.26679992675781,40042000,0.0,0.0,101.52142639160157,101.48882102966309,35.089162673029065,2.220042033047946,2.9677901495629477,3.8682615136064995,0.0029564012662026684,0.0,0.0,0.0,0.0,0.0,0.0,0.0,0.0,0.0,41548000.0,22608000.0,34658000.0,0.0,0.0,0.0,0.0,0.0,0.0,0.0,0.0,0.0,0.0,0.0,0.0,0.0,0.0,0.0,0.0,0.0,0.0,0.0,0.0,0.0,0.0,0.0,0.0,101.19149017333984,1.863437623861852,102.2312752859933,1.6821020824276915,103.04178946358817,1.5097555943891263,-0.02307140681770181
2021-03-01,101.5606048992847,102.96053353696968,100.88716997270484,102.63472747802734,26060000,0.0,0.0,101.67416534423828,102.08960571289063,47.22598618550484,2.1253419061533236,2.799300500881023,2.9041483792612595,0.02361626732875921,0.0,0.0,0.0,0.0,0.0,0.0,0.0,0.0,0.0,40042000.0,41548000.0,22608000.0,0.0,0.0,0.0,0.0,0.0,0.0,0.0,0.0,0.0,0.0,0.0,0.0,0.0,0.0,0.0,0.0,0.0,0.0,0.0,0.0,0.0,0.0,0.0,0.0,100.9575907389323,1.459941415838322,101.97517721993583,1.4057886066738592,102.98915372576032,1.5102171073316633,0.0025090039243986784
2021-03-02,102.39571123526265,103.87845928674776,101.99056665379355,102.37786102294922,25564000,0.0,0.0,101.71741180419922,102.51461830139161,47.93289607928873,2.006435458111085,2.640727492327035,2.167717325039237,-0.002502724578609339,0.0,0.0,0.0,0.0,0.0,0.0,0.0,0.0,0.0,26060000.0,40042000.0,41548000.0,0.0,0.0,0.0,0.0,0.0,0.0,0.0,0.0,0.0,0.0,0.0,0.0,0.0,0.0,0.0,0.0,0.0,0.0,0.0,0.0,0.0,0.0,0.0,0.0,101.75979614257812,1.2993357415527744,101.80281720842633,1.239765497398085,102.95050975254604,1.519049732161202,0.026384586536816412
2021-03-03,101.75648597138567,102.94862875695728,98.88273085300933,99.74610137939453,33892000,0.0,0.0,100.99934692382813,102.74345169067382,37.728432344993955,1.6804688339982903,2.448675760661286,1.4858388164555447,-0.025706335503188016,0.0,0.0,0.0,0.0,0.0,0.0,0.0,0.0,0.0,25564000.0,26060000.0,40042000.0,0.0,0.0,0.0,0.0,0.0,0.0,0.0,0.0,0.0,0.0,0.0,0.0,0.0,0.0,0.0,0.0,0.0,0.0,0.0,0.0,0.0,0.0,0.0,0.0,101.5862299601237,1.5987651450880545,101.49925558907645,1.4607355441757317,102.68460028512138,1.7322133551725694,-0.011072290341368918
2021-03-04,99.91769346862266,102.87921693682485,99.4495623869304,100.86288452148438,49216000,0.0,0.0,101.17767486572265,102.68158874511718,41.595176014428176,1.4950193497005841,2.257944478469146,1.538843887016017,0.011196258566959383,0.0,0.0,0.0,0.0,0.0,0.0,0.0,0.0,0.0,33892000.0,25564000.0,26060000.0,0.0,0.0,0.0,0.0,0.0,0.0,0.0,0.0,0.0,0.0,0.0,0.0,0.0,0.0,0.0,0.0,0.0,0.0,0.0,0.0,0.0,0.0,0.0,0.0,100.99561564127605,1.320890937201749,101.313720703125,1.444977369471472,102.49042075020927,1.7757737832513338,-0.030108433910836174
2021-03-05,102.21270519405323,104.44673553668079,100.55787967387943,103.99398040771484,53100000,0.0,0.0,101.92311096191406,102.78929824829102,50.266297623447365,1.58246094295923,2.1228477713671627,1.5521545339908596,0.03104309281937634,0.0,0.0,0.0,0.0,0.0,0.0,0.0,0.0,0.0,49216000.0,33892000.0,25564000.0,0.0,0.0,0.0,0.0,0.0,0.0,0.0,0.0,0.0,0.0,0.0,0.0,0.0,0.0,0.0,0.0,0.0,0.0,0.0,0.0,0.0,0.0,0.0,0.0,101.53432210286458,2.2020990847548734,101.40765707833427,1.6103025358904537,102.49764578683036,1.7821130996386585,0.04461759836720014
2021-03-08,103.34882412283017,104.8206529765834,99.43764570827803,99.55220031738281,36868000,0.0,0.0,101.30660552978516,102.58764038085937,38.7059798091364,1.2786055351102021,1.9539993241157707,1.6983934321677394,-0.042711896139735805,0.0,0.0,0.0,0.0,0.0,0.0,0.0,0.0,0.0,53100000.0,49216000.0,33892000.0,0.0,0.0,0.0,0.0,0.0,0.0,0.0,0.0,0.0,0.0,0.0,0.0,0.0,0.0,0.0,0.0,0.0,0.0,0.0,0.0,0.0,0.0,0.0,0.0,101.46968841552734,2.2822162073490952,101.34779357910156,1.6789282129634189,102.13209533691406,1.8265815983647193,-0.01610500062886011
2021-03-09,101.6473888421462,102.35007722648686,100.94568414890182,101.18173217773438,33920000,0.0,0.0,101.06737976074218,102.47814559936523,41.878708767699266,1.155962323688314,1.7943919240302795,1.7156926513647108,0.016368617219473247,0.0,0.0,0.0,0.0,0.0,0.0,0.0,0.0,0.0,36868000.0,53100000.0,49216000.0,0.0,0.0,0.0,0.0,0.0,0.0,0.0,0.0,0.0,0.0,0.0,0.0,0.0,0.0,0.0,0.0,0.0,0.0,0.0,0.0,0.0,0.0,0.0,0.0,101.57597096761067,2.246980364911975,101.47849818638393,1.6151492664647622,101.85488673618862,1.631714628564982,0.0020478294315167123
2021-03-10,102.22511823828405,102.22511823828405,100.13886060476449,100.9749526977539,27100000,0.0,0.0,101.31315002441406,102.38094940185547,42.64339192660706,1.030205748545228,1.6415546889332693,1.7442360298853226,-0.002043644396374278,0.0,0.0,0.0,0.0,0.0,0.0,0.0,0.0,0.0,33920000.0,36868000.0,53100000.0,0.0,0.0,0.0,0.0,0.0,0.0,0.0,0.0,0.0,0.0,0.0,0.0,0.0,0.0,0.0,0.0,0.0,0.0,0.0,0.0,0.0,0.0,0.0,0.0,100.5696283976237,0.8871636614415211,101.24138750348773,1.537063459459346,101.60828236171177,1.4654324598831274,-0.03063475056091025
2021-03-11,102.06740210009748,104.69815490688714,101.97962660002626,104.16605377197266,27702000,0.0,0.0,101.97378387451172,102.4158103942871,51.12670041009348,1.1744990503104589,1.5481435612087073,1.773839521835881,0.03160289744101785,0.0,0.0,0.0,0.0,0.0,0.0,0.0,0.0,0.0,27100000.0,33920000.0,36868000.0,0.0,0.0,0.0,0.0,0.0,0.0,0.0,0.0,0.0,0.0,0.0,0.0,0.0,0.0,0.0,0.0,0.0,0.0,0.0,0.0,0.0,0.0,0.0,0.0,102.10757954915364,1.7856865718381505,101.49684361049107,1.8699679334937849,101.6498304094587,1.5324806640570992,0.02465344195524244
2021-03-12,102.96946888396107,103.02897463234642,100.78799753105496,101.6597900390625,33818000,0.0,0.0,101.50694580078125,102.31972999572754,49.60301711580063,1.0742348829677582,1.4533618255605176,1.759365462207796,-0.024060273401510957,0.0,0.0,0.0,0.0,0.0,0.0,0.0,0.0,0.0,27702000.0,27100000.0,33920000.0,0.0,0.0,0.0,0.0,0.0,0.0,0.0,0.0,0.0,0.0,0.0,0.0,0.0,0.0,0.0,0.0,0.0,0.0,0.0,0.0,0.0,0.0,0.0,0.0,102.26693216959636,1.6799546694693885,101.77022770472935,1.703866268800267,101.6347416469029,1.5311745656886366,-0.0021611382868649276
2021-03-15,101.41084443797796,101.90723768058707,100.5583928421277,101.87996673583984,26168000,0.0,0.0,101.97249908447266,102.21908683776856,49.4692752368121,1.0010022959553737,1.362889919639489,1.72181265087115,0.002165818921057605,0.0,0.0,0.0,0.0,0.0,0.0,0.0,0.0,0.0,33818000.0,27702000.0,27100000.0,0.0,0.0,0.0,0.0,0.0,0.0,0.0,0.0,0.0,0.0,0.0,0.0,0.0,0.0,0.0,0.0,0.0,0.0,0.0,0.0,0.0,0.0,0.0,0.0,102.568603515625,1.3878057989430408,101.915525163923,1.656298740815554,101.61462293352399,1.5255591871203407,-0.014132192526381648
2021-03-16,102.45272538765994,104.81767759960309,102.12047238189682,103.34039306640625,31900000,0.0,0.0,102.40423126220703,102.15261116027833,50.007395793272785,1.0487201496409426,1.3000559656397799,1.646216827940903,0.014334774316849597,0.0,0.0,0.0,0.0,0.0,0.0,0.0,0.0,0.0,26168000.0,33818000.0,27702000.0,0.0,0.0,0.0,0.0,0.0,0.0,0.0,0.0,0.0,0.0,0.0,0.0,0.0,0.0,0.0,0.0,0.0,0.0,0.0,0.0,0.0,0.0,0.0,0.0,102.2933832804362,0.9133956226021802,101.82215554373605,1.5334710219100627,101.61490631103516,1.525903949370698,0.0008020435967404094
2021-03-17,102.57571159931345,104.0896954073164,101.36819296395524,103.25757598876953,26382000,0.0,0.0,102.86075592041016,102.06235733032227,56.9806494438441,1.0675482151427644,1.253554415540377,1.5231590809662376,-0.0008014008383294691,0.0,0.0,0.0,0.0,0.0,0.0,0.0,0.0,0.0,31900000.0,26168000.0,33818000.0,0.0,0.0,0.0,0.0,0.0,0.0,0.0,0.0,0.0,0.0,0.0,0.0,0.0,0.0,0.0,0.0,0.0,0.0,0.0,0.0,0.0,0.0,0.0,0.0,102.8259785970052,0.8203160965056865,102.35149492536273,1.228517677800696,101.84964425223214,1.5062508511946147,0.030118665317345972
2021-03-18,101.56951989998234,102.58959237276454,100.13140900343207,100.238525390625,31700000,0.0,0.0,102.07525024414062,101.85291290283203,49.94616908658846,0.8292978117364385,1.1687030947795893,1.4678266953450019,-0.02923805414987557,0.0,0.0,0.0,0.0,0.0,0.0,0.0,0.0,0.0,26382000.0,31900000.0,26168000.0,0.0,0.0,0.0,0.0,0.0,0.0,0.0,0.0,0.0,0.0,0.0,0.0,0.0,0.0,0.0,0.0,0.0,0.0,0.0,0.0,0.0,0.0,0.0,0.0,102.2788314819336,1.7674420433950235,102.21675109863281,1.4156705234099505,101.84762464250836,1.5085536086298132,-0.002772752475427853
2021-03-19,100.65460349224905,101.01710125931316,99.32558373869337,100.5172348022461,46072000,0.0,0.0,101.84673919677735,101.69955558776856,45.620154133508734,0.6554169323680696,1.0660458622972855,1.4373124313420576,0.0027804620083442533,0.0,0.0,0.0,0.0,0.0,0.0,0.0,0.0,0.0,31700000.0,26382000.0,31900000.0,0.0,0.0,0.0,0.0,0.0,0.0,0.0,0.0,0.0,0.0,0.0,0.0,0.0,0.0,0.0,0.0,0.0,0.0,0.0,0.0,0.0,0.0,0.0,0.0,101.33777872721355,1.668423171182912,102.15136282784599,1.4911461574168365,101.69637516566685,1.5295720483795927,-0.0018367725593877449
2021-03-22,100.55045613544077,101.57746751441745,99.87453925617409,100.70220184326172,33536000,0.0,0.0,101.61118621826172,101.64111404418945,46.523707833939746,0.5264715408941925,0.958130998016667,1.4536428882886567,0.0018401525010065534,0.0,0.0,0.0,0.0,0.0,0.0,0.0,0.0,0.0,46072000.0,31700000.0,26382000.0,0.0,0.0,0.0,0.0,0.0,0.0,0.0,0.0,0.0,0.0,0.0,0.0,0.0,0.0,0.0,0.0,0.0,0.0,0.0,0.0,0.0,0.0,0.0,0.0,100.48598734537761,0.23341222301564138,101.65652683803013,1.2693929348215907,101.5766852242606,1.537682485422248,-0.005212309730232678
2021-03-23,101.16140850104202,102.35950652224362,100.56881023451596,101.22984313964844,28510000,0.0,0.0,101.18907623291015,101.59452476501465,53.37258129575851,0.4615373171902917,0.858812261851392,1.4510118482958758,0.005239620253864707,0.0,0.0,0.0,0.0,0.0,0.0,0.0,0.0,0.0,33536000.0,46072000.0,31700000.0,0.0,0.0,0.0,0.0,0.0,0.0,0.0,0.0,0.0,0.0,0.0,0.0,0.0,0.0,0.0,0.0,0.0,0.0,0.0,0.0,0.0,0.0,0.0,0.0,100.81642659505208,0.36978119351193506,101.59510585239956,1.2795696610907055,101.68266677856445,1.4504664899028075,0.004329660338146413
2021-03-24,101.74705457606407,102.53256214622269,100.61838259998439,100.79344177246094,25218000,0.0,0.0,100.69624938964844,101.46737556457519,49.83711687928682,0.37059059619717516,0.7611679287205487,1.4008916093379198,-0.004310995193240408,0.0,0.0,0.0,0.0,0.0,0.0,0.0,0.0,0.0,28510000.0,33536000.0,46072000.0,0.0,0.0,0.0,0.0,0.0,0.0,0.0,0.0,0.0,0.0,0.0,0.0,0.0,0.0,0.0,0.0,0.0,0.0,0.0,0.0,0.0,0.0,0.0,0.0,100.9084955851237,0.2820095198205978,101.43988800048828,1.3049050162616225,101.67770658220563,1.453600918967161,3.444166614996469e-05
2021-03-25,100.62086633670765,101.44356501016514,98.9863728269257,100.78997039794922,35616000,0.0,0.0,100.80653839111328,101.50831184387206,41.19250831765995,0.2948358692905515,0.6679015168345493,1.3664091179150513,-3.444047996248312e-05,0.0,0.0,0.0,0.0,0.0,0.0,0.0,0.0,0.0,25218000.0,28510000.0,33536000.0,0.0,0.0,0.0,0.0,0.0,0.0,0.0,0.0,0.0,0.0,0.0,0.0,0.0,0.0,0.0,0.0,0.0,0.0,0.0,0.0,0.0,0.0,0.0,0.0,100.93775177001953,0.2529645010058108,101.07554190499442,1.0081252776141234,101.44884872436523,1.3055535649339656,0.0038176358179677905
2021-03-26,100.756757621596,101.1336399863924,99.371205870775,100.40665435791016,27978000,0.0,0.0,100.7844223022461,101.51530456542969,53.02340598650312,0.20154600462510075,0.5746304143926596,1.360064299676769,-0.0038031169026602196,0.0,0.0,0.0,0.0,0.0,0.0,0.0,0.0,0.0,35616000.0,25218000.0,28510000.0,0.0,0.0,0.0,0.0,0.0,0.0,0.0,0.0,0.0,0.0,0.0,0.0,0.0,0.0,0.0,0.0,0.0,0.0,0.0,0.0,0.0,0.0,0.0,0.0,100.66335550944011,0.22231649400787376,100.66826738630023,0.32221357436546866,101.50988115583148,1.2277200868634959,-0.01029412848510225
2021-03-29,100.27919338600256,101.6206075032876,99.45053959162658,101.45100402832031,26492000,0.0,0.0,100.9341827392578,101.45611839294433,50.99395527398402,0.2094687794683523,0.5015980874077982,1.3342983554821384,0.010401199771953973,0.0,0.0,0.0,0.0,0.0,0.0,0.0,0.0,0.0,27978000.0,35616000.0,25218000.0,0.0,0.0,0.0,0.0,0.0,0.0,0.0,0.0,0.0,0.0,0.0,0.0,0.0,0.0,0.0,0.0,0.0,0.0,0.0,0.0,0.0,0.0,0.0,0.0,100.88254292805989,0.5282933025506513,100.8414786202567,0.37436904073502664,101.52911485944476,1.2242882271657858,-0.0003323608589419491
2021-03-30,101.80756587150155,102.28809141391507,100.97296449597272,101.48473358154297,27312000,0.0,0.0,100.98516082763672,101.41146202087403,51.90609042932534,0.21597964970838746,0.4444743998679161,1.3166547613099873,0.00033247135940861483,0.0,0.0,0.0,0.0,0.0,0.0,0.0,0.0,0.0,26492000.0,27978000.0,35616000.0,0.0,0.0,0.0,0.0,0.0,0.0,0.0,0.0,0.0,0.0,0.0,0.0,0.0,0.0,0.0,0.0,0.0,0.0,0.0,0.0,0.0,0.0,0.0,0.0,101.11413065592448,0.6129245099351891,100.97969273158482,0.41146769408929795,101.5655277797154,1.214076825822785,-0.007781516615499751
2021-03-31,101.8779619282588,103.45790573386913,101.5109922506724,102.28063201904297,42570000,0.0,0.0,101.28259887695313,101.53818855285644,41.412115323400094,0.2821099259681574,0.4120015050879644,1.2690413619920755,0.00784254349803759,0.0,0.0,0.0,0.0,0.0,0.0,0.0,0.0,0.0,27312000.0,26492000.0,27978000.0,0.0,0.0,0.0,0.0,0.0,0.0,0.0,0.0,0.0,0.0,0.0,0.0,0.0,0.0,0.0,0.0,0.0,0.0,0.0,0.0,0.0,0.0,0.0,0.0,101.73878987630208,0.4695520220676068,101.20518275669643,0.6158132233411642,101.43085479736328,0.9866998714923448,-0.031580814126101364
2021-04-01,103.75496048721901,105.912126767769,103.71429621428719,105.61607360839844,39880000,0.0,0.0,102.24781951904296,101.77584800720214,66.75483105523274,0.5967815805821743,0.4489575201868064,1.5499121241153475,0.03261068614373119,0.0,0.0,0.0,0.0,0.0,0.0,0.0,0.0,0.0,42570000.0,27312000.0,26492000.0,0.0,0.0,0.0,0.0,0.0,0.0,0.0,0.0,0.0,0.0,0.0,0.0,0.0,0.0,0.0,0.0,0.0,0.0,0.0,0.0,0.0,0.0,0.0,0.0,103.1271464029948,2.1919015844815277,101.831787109375,1.7786827721576368,101.71344648088727,1.4936308005927874,-0.04019005794229624
2021-04-05,106.47746082606572,110.53592048261828,106.38125583923181,110.03852844238281,48510000,0.0,0.0,104.1741943359375,102.07807540893555,75.48169008177615,1.1893066918302821,0.5970273545155016,2.374949005964,0.04187293356863342,0.0,0.0,0.0,0.0,0.0,0.0,0.0,0.0,0.0,39880000.0,42570000.0,27312000.0,0.0,0.0,0.0,0.0,0.0,0.0,0.0,0.0,0.0,0.0,0.0,0.0,0.0,0.0,0.0,0.0,0.0,0.0,0.0,0.0,0.0,0.0,0.0,0.0,105.97841135660808,3.8916199341213398,103.1525137765067,3.489137529226023,102.2962008884975,2.6822343078155235,0.004390623040335662
2021-04-06,109.63982255502079,110.48682596318324,109.18706739203486,109.55750274658203,35240000,0.0,0.0,105.79549407958984,102.57834053039551,70.68333335871512,1.6016099948031837,0.797943882573038,2.8258557839657343,-0.0043714297401991065,0.0,0.0,0.0,0.0,0.0,0.0,0.0,0.0,0.0,48510000.0,39880000.0,42570000.0,0.0,0.0,0.0,0.0,0.0,0.0,0.0,0.0,0.0,0.0,0.0,0.0,0.0,0.0,0.0,0.0,0.0,0.0,0.0,0.0,0.0,0.0,0.0,0.0,108.40403493245442,2.426394998414158,104.40501839773995,4.031240129597583,102.74028015136719,3.309685429534608,-0.013295978547452347
2021-04-07,109.74793242768109,111.30506244729017,109.74793242768109,111.03380584716797,24134000,0.0,0.0,107.70530853271484,103.0709442138672,73.67516134247344,2.0241554510844963,1.0431861962753297,3.3749461467571042,0.013475143769941411,0.0,0.0,0.0,0.0,0.0,0.0,0.0,0.0,0.0,35240000.0,48510000.0,39880000.0,0.0,0.0,0.0,0.0,0.0,0.0,0.0,0.0,0.0,0.0,0.0,0.0,0.0,0.0,0.0,0.0,0.0,0.0,0.0,0.0,0.0,0.0,0.0,0.0,110.20994567871094,0.7529313467260934,105.92318289620536,4.26859707317587,103.29572514125279,3.9864958096112617,-0.005065792752470766
2021-04-08,112.27207955187752,112.65839021229614,111.23118294546491,111.5991439819336,28664000,0.0,0.0,109.56901092529297,103.60215377807617,90.66354042243621,2.3772404836954877,1.3099970537593613,3.8327419565397975,0.005091585670257803,0.0,0.0,0.0,0.0,0.0,0.0,0.0,0.0,0.0,24134000.0,35240000.0,48510000.0,0.0,0.0,0.0,0.0,0.0,0.0,0.0,0.0,0.0,0.0,0.0,0.0,0.0,0.0,0.0,0.0,0.0,0.0,0.0,0.0,0.0,0.0,0.0,0.0,110.7301508585612,1.05414870751302,107.37291717529297,4.219588643050531,104.10719789777484,4.4460820830953205,-0.008913631472964423
2021-04-09,111.35168748380296,112.76649260885407,110.94603596033518,112.60284423828125,26146000,0.0,0.0,110.96636505126953,104.0239933013916,91.12419307187989,2.7068502535273353,1.5893676937129562,4.330089224142598,0.008993798881738124,0.0,0.0,0.0,0.0,0.0,0.0,0.0,0.0,0.0,28664000.0,24134000.0,35240000.0,0.0,0.0,0.0,0.0,0.0,0.0,0.0,0.0,0.0,0.0,0.0,0.0,0.0,0.0,0.0,0.0,0.0,0.0,0.0,0.0,0.0,0.0,0.0,0.0,111.74526468912761,0.7946595585532606,108.96121869768415,3.693509822820437,104.97045571463448,4.850333624239821,0.01160553862510949
2021-04-12,111.78212470167257,111.91948581429651,110.47790163265579,111.31101989746094,25024000,0.0,0.0,111.22086334228516,104.50655479431153,83.57030595517743,2.831192715483681,1.8377326980671014,4.58313710504356,-0.011472395298351978,0.0,0.0,0.0,0.0,0.0,0.0,0.0,0.0,0.0,26146000.0,28664000.0,24134000.0,0.0,0.0,0.0,0.0,0.0,0.0,0.0,0.0,0.0,0.0,0.0,0.0,0.0,0.0,0.0,0.0,0.0,0.0,0.0,0.0,0.0,0.0,0.0,0.0,111.8376693725586,0.678139589880748,110.25127410888672,2.2764634643619983,105.72822843279157,4.959685641529317,-0.004351309446467444
2021-04-13,111.62689819177633,112.24578362522868,111.23314936962267,111.7974853515625,25682000,0.0,0.0,111.66885986328126,105.00243072509765,83.52737965335984,2.9351540798452334,2.0572169744227278,4.8146629850686065,0.004370326087656862,0.0,0.0,0.0,0.0,0.0,0.0,0.0,0.0,0.0,25024000.0,26146000.0,28664000.0,0.0,0.0,0.0,0.0,0.0,0.0,0.0,0.0,0.0,0.0,0.0,0.0,0.0,0.0,0.0,0.0,0.0,0.0,0.0,0.0,0.0,0.0,0.0,0.0,111.90378316243489,0.65243923114051,111.13433292933873,1.0440985579320146,106.48306001935687,5.026115496390262,0.00558456029213561
2021-04-14,112.44215402383693,112.44215402383693,110.88453229605669,111.1766128540039,21002000,0.0,0.0,111.69742126464844,105.39424171447754,82.56098442127305,2.933627951493108,2.232499169836804,4.9880196064382005,-0.005553546178665658,0.0,0.0,0.0,0.0,0.0,0.0,0.0,0.0,0.0,25682000.0,25024000.0,26146000.0,0.0,0.0,0.0,0.0,0.0,0.0,0.0,0.0,0.0,0.0,0.0,0.0,0.0,0.0,0.0,0.0,0.0,0.0,0.0,0.0,0.0,0.0,0.0,0.0,111.42837270100911,0.3266487791676011,111.29691641671317,0.9270757949850981,107.22471509660993,4.88609354459797,-0.018965121895029746
2021-04-15,112.17040796947886,113.85895143791116,111.63582486861483,113.32585144042969,29174000,0.0,0.0,112.04276275634766,105.89765548706055,84.64872862109235,3.070449841285452,2.4000893041265337,5.2615938959041735,0.019331750907433554,0.0,0.0,0.0,0.0,0.0,0.0,0.0,0.0,0.0,21002000.0,25682000.0,25024000.0,0.0,0.0,0.0,0.0,0.0,0.0,0.0,0.0,0.0,0.0,0.0,0.0,0.0,0.0,0.0,0.0,0.0,0.0,0.0,0.0,0.0,0.0,0.0,0.0,112.09998321533203,1.1060901154672165,111.8352519444057,0.8385700735852325,108.12013517107282,4.763271964148224,0.0010951234219396255
2021-04-16,113.5237224246354,113.77167310788025,112.61523075801729,113.2018814086914,26282000,0.0,0.0,112.16257019042969,106.54582328796387,85.8799432115268,3.1327662499438134,2.5466246932899894,5.3258385506598165,-0.0010939254385698982,0.0,0.0,0.0,0.0,0.0,0.0,0.0,0.0,0.0,29174000.0,21002000.0,25682000.0,0.0,0.0,0.0,0.0,0.0,0.0,0.0,0.0,0.0,0.0,0.0,0.0,0.0,0.0,0.0,0.0,0.0,0.0,0.0,0.0,0.0,0.0,0.0,0.0,112.568115234375,1.206669506586693,112.14497702462333,0.8919128767749884,109.03407996041435,4.381658492948371,-0.0030614464225711124
2021-04-19,112.5785359848576,114.26013311386431,112.5785359848576,113.54950714111328,30290000,0.0,0.0,112.61026763916016,107.19743690490722,85.30577222185858,3.17361943481302,2.6720236415945955,5.346628408117088,0.003070847658148468,0.0,0.0,0.0,0.0,0.0,0.0,0.0,0.0,0.0,26282000.0,29174000.0,21002000.0,0.0,0.0,0.0,0.0,0.0,0.0,0.0,0.0,0.0,0.0,0.0,0.0,0.0,0.0,0.0,0.0,0.0,0.0,0.0,0.0,0.0,0.0,0.0,0.0,113.3590799967448,0.17617892943428426,112.42360033307757,0.9920018464431632,109.89825875418526,3.9420502000920017,0.004716913625118169
2021-04-20,113.9328401922627,114.00772178331093,111.93089265988128,113.01641845703125,22288000,0.0,0.0,112.8540542602539,107.8131477355957,82.69869874200911,3.1269347195579655,2.7630058571872698,5.267740665261772,-0.004694768806169591,0.0,0.0,0.0,0.0,0.0,0.0,0.0,0.0,0.0,30290000.0,26282000.0,29174000.0,0.0,0.0,0.0,0.0,0.0,0.0,0.0,0.0,0.0,0.0,0.0,0.0,0.0,0.0,0.0,0.0,0.0,0.0,0.0,0.0,0.0,0.0,0.0,0.0,113.25593566894531,0.2706238784047618,112.48268236432757,1.016470701799354,110.72195053100586,3.1799109474411837,0.0002896211958687278
2021-04-21,112.67127568827584,113.06551638343237,111.32093263815867,112.98369598388672,23204000,0.0,0.0,113.21547088623046,108.40084037780761,81.7220470026601,3.0521134522604854,2.820827376201913,5.148938365605516,-0.0002895373397182599,0.0,0.0,0.0,0.0,0.0,0.0,0.0,0.0,0.0,22288000.0,30290000.0,26282000.0,0.0,0.0,0.0,0.0,0.0,0.0,0.0,0.0,0.0,0.0,0.0,0.0,0.0,0.0,0.0,0.0,0.0,0.0,0.0,0.0,0.0,0.0,0.0,0.0,113.18320719401042,0.3176467038990095,112.72163609095982,0.882969011547467,111.48645509992328,2.0963508625927525,0.011467234784038771
2021-04-22,112.837393589657,113.50587220316932,111.09777377545008,111.70277404785156,24146000,0.0,0.0,112.89085540771484,108.94630699157715,70.54159216933483,2.8565290746968657,2.8279677159009036,4.870963027279101,-0.011337228127302867,0.0,0.0,0.0,0.0,0.0,0.0,0.0,0.0,0.0,23204000.0,22288000.0,30290000.0,0.0,0.0,0.0,0.0,0.0,0.0,0.0,0.0,0.0,0.0,0.0,0.0,0.0,0.0,0.0,0.0,0.0,0.0,0.0,0.0,0.0,0.0,0.0,0.0,112.56762949625652,0.749165469064766,112.7081059047154,0.9000508748859818,111.92121941702706,1.242518072285707,-0.020613655587749635
2021-04-23,112.4208378072845,114.36080521624167,112.13569603609702,114.05384063720703,29066000,0.0,0.0,113.06124725341797,109.60950050354003,65.75353372808837,2.8582898848768252,2.834032149696088,4.59727548649469,0.021047521956333082,0.0,0.0,0.0,0.0,0.0,0.0,0.0,0.0,0.0,24146000.0,23204000.0,22288000.0,0.0,0.0,0.0,0.0,0.0,0.0,0.0,0.0,0.0,0.0,0.0,0.0,0.0,0.0,0.0,0.0,0.0,0.0,0.0,0.0,0.0,0.0,0.0,0.0,112.91343688964844,1.1771069544176276,113.119138445173,0.7238146891009567,112.20802743094308,1.2379259741239874,-0.004329149933689713
2021-04-26,114.28146082870616,115.27376298428891,113.92441123580916,114.54974365234375,32038000,0.0,0.0,113.26129455566407,110.31665496826172,69.563543103639,2.8666555477936697,2.8405568293156045,4.175594332266254,0.004347972960543567,0.0,0.0,0.0,0.0,0.0,0.0,0.0,0.0,0.0,29066000.0,24146000.0,23204000.0,0.0,0.0,0.0,0.0,0.0,0.0,0.0,0.0,0.0,0.0,0.0,0.0,0.0,0.0,0.0,0.0,0.0,0.0,0.0,0.0,0.0,0.0,0.0,0.0,113.43545277913411,1.520891725102309,113.29398018973214,0.9067671303264341,112.56461606706891,1.1300158851745188,0.00827145462055734
2021-04-27,114.93159741163268,114.97226168999597,113.37099411833077,113.61002349853516,44386000,0.0,0.0,113.38001556396485,110.92460594177246,60.538869004295826,2.7655779717376134,2.8255610578000065,3.6715878860076656,-0.008203598924329536,0.0,0.0,0.0,0.0,0.0,0.0,0.0,0.0,0.0,32038000.0,29066000.0,24146000.0,0.0,0.0,0.0,0.0,0.0,0.0,0.0,0.0,0.0,0.0,0.0,0.0,0.0,0.0,0.0,0.0,0.0,0.0,0.0,0.0,0.0,0.0,0.0,0.0,114.07120259602864,0.4701005957017909,113.35228620256696,0.9129589093969622,112.74863161359515,1.06970878060817,-0.02885073344431055
2021-04-28,118.6444129864384,120.57247792112227,116.6965153246631,116.9851303100586,81106000,0.0,0.0,114.18030242919922,111.69962577819824,67.91479893458066,2.924108870370901,2.8452706203141855,3.1766934563190397,0.029707826013845917,0.0,0.0,0.0,0.0,0.0,0.0,0.0,0.0,0.0,44386000.0,32038000.0,29066000.0,0.0,0.0,0.0,0.0,0.0,0.0,0.0,0.0,0.0,0.0,0.0,0.0,0.0,0.0,0.0,0.0,0.0,0.0,0.0,0.0,0.0,0.0,0.0,0.0,115.04829915364583,1.7419112170851263,113.8430895124163,1.656975598769541,113.13334492274693,1.5046118371268162,-0.014092390305985858
2021-04-29,118.48224361950828,119.22262247919515,117.71954253961522,118.65729522705078,41234000,0.0,0.0,115.57120666503906,112.51845893859863,69.28084217032627,3.1483828855231764,2.9058930733559842,2.695202470922312,0.014293824459230553,0.0,0.0,0.0,0.0,0.0,0.0,0.0,0.0,0.0,81106000.0,44386000.0,32038000.0,0.0,0.0,0.0,0.0,0.0,0.0,0.0,0.0,0.0,0.0,0.0,0.0,0.0,0.0,0.0,0.0,0.0,0.0,0.0,0.0,0.0,0.0,0.0,0.0,116.41748301188152,2.5710708988112634,114.64892905099052,2.395167318616373,113.56580570765904,2.0947630948643394,0.01668139023809556
2021-04-30,117.43045025355664,118.1162797453235,116.36624773223961,116.71040344238281,44856000,0.0,0.0,116.10251922607422,113.07317543029785,66.5060626500269,3.132909531261305,2.9512963649370487,2.3146385255930415,-0.01640768720492569,0.0,0.0,0.0,0.0,0.0,0.0,0.0,0.0,0.0,41234000.0,81106000.0,44386000.0,0.0,0.0,0.0,0.0,0.0,0.0,0.0,0.0,0.0,0.0,0.0,0.0,0.0,0.0,0.0,0.0,0.0,0.0,0.0,0.0,0.0,0.0,0.0,0.0,117.45094299316406,1.053723396868651,115.18131583077567,2.3774490748337858,113.95147596086774,2.144159791535565,0.004447220884196579
2021-05-03,117.2762166409626,118.10139729687744,115.81777346888248,116.19366455078125,28242000,0.0,0.0,116.43130340576172,113.38093223571778,63.414410429519265,3.043862524104867,2.9698095967706126,2.29905659786081,-0.00442753067730306,0.0,0.0,0.0,0.0,0.0,0.0,0.0,0.0,0.0,44856000.0,41234000.0,81106000.0,0.0,0.0,0.0,0.0,0.0,0.0,0.0,0.0,0.0,0.0,0.0,0.0,0.0,0.0,0.0,0.0,0.0,0.0,0.0,0.0,0.0,0.0,0.0,0.0,117.18712107340495,1.2991588825311755,115.82287161690849,1.8237792642784845,114.26548876081195,2.1262779567130963,0.015714164142787812
2021-05-04,114.72927091275335,115.29658074496845,111.90908129254251,114.39602661132812,44818000,0.0,0.0,116.58850402832032,113.62285842895508,59.16543548606402,2.79600714128685,2.93504910567386,2.123413357342821,-0.015471049530996428,0.0,0.0,0.0,0.0,0.0,0.0,0.0,0.0,0.0,28242000.0,44856000.0,41234000.0,0.0,0.0,0.0,0.0,0.0,0.0,0.0,0.0,0.0,0.0,0.0,0.0,0.0,0.0,0.0,0.0,0.0,0.0,0.0,0.0,0.0,0.0,0.0,0.0,115.76669820149739,1.214829299365281,115.87175532749721,1.772320210512795,114.4954468863351,1.9317052799075058,-0.003430143778382244
2021-05-05,115.47709216813345,115.79297809431026,114.46793099267961,114.7897720336914,26636000,0.0,0.0,116.14943237304688,113.81065673828125,54.63051940373427,2.601365013042056,2.8683122871474995,2.047102334965993,0.0034419501623170756,0.0,0.0,0.0,0.0,0.0,0.0,0.0,0.0,0.0,44818000.0,28242000.0,44856000.0,0.0,0.0,0.0,0.0,0.0,0.0,0.0,0.0,0.0,0.0,0.0,0.0,0.0,0.0,0.0,0.0,0.0,0.0,0.0,0.0,0.0,0.0,0.0,0.0,115.1264877319336,0.9449384299637873,115.90604509626117,1.744584765910995,114.60001264299665,1.902931070546169,-0.009660495460520946
2021-05-06,114.37122673822532,115.90951538085938,113.71217637295206,115.90951538085938,25190000,0.0,0.0,115.5998764038086,114.02617530822754,58.05695843604264,2.5085466893987842,2.796359167597757,2.0288366549492003,0.00975473099501678,0.0,0.0,0.0,0.0,0.0,0.0,0.0,0.0,0.0,26636000.0,44818000.0,28242000.0,0.0,0.0,0.0,0.0,0.0,0.0,0.0,0.0,0.0,0.0,0.0,0.0,0.0,0.0,0.0,0.0,0.0,0.0,0.0,0.0,0.0,0.0,0.0,0.0,115.03177134195964,0.7852291466674505,116.2345439365932,1.4279573103823826,114.79341506958008,1.8874335456842144,-0.006199083825295326
2021-05-07,117.22563540770174,117.59061507127338,116.34639717350244,116.63253021240234,28898000,0.0,0.0,115.5843017578125,114.2276596069336,58.973510580845044,2.4649147507198848,2.7300702842221822,2.0795075502094473,0.006237752173902766,0.0,0.0,0.0,0.0,0.0,0.0,0.0,0.0,0.0,25190000.0,26636000.0,44818000.0,0.0,0.0,0.0,0.0,0.0,0.0,0.0,0.0,0.0,0.0,0.0,0.0,0.0,0.0,0.0,0.0,0.0,0.0,0.0,0.0,0.0,0.0,0.0,0.0,115.7772725423177,0.9284694677590339,116.18417249407086,1.4030695324772129,115.01363100324359,1.910847110411202,0.02625943065887859
2021-05-10,115.45277455769148,115.59460767080654,113.290644369783,113.648193359375,30914000,0.0,0.0,115.07520751953125,114.34451828002929,51.60923096296561,2.1645732292830075,2.6169708732343473,1.9697522730137915,-0.0255875170297043,0.0,0.0,0.0,0.0,0.0,0.0,0.0,0.0,0.0,28898000.0,25190000.0,26636000.0,0.0,0.0,0.0,0.0,0.0,0.0,0.0,0.0,0.0,0.0,0.0,0.0,0.0,0.0,0.0,0.0,0.0,0.0,0.0,0.0,0.0,0.0,0.0,0.0,115.39674631754558,1.5568447890856512,115.46858651297433,1.1931775309813342,115.05875778198242,1.867009720836701,0.009554788936229075
2021-05-11,111.23415327092532,113.07939883944981,110.78039927471382,112.57258605957031,34186000,0.0,0.0,114.71051940917968,114.38327331542969,49.00566467584318,1.818791987953091,2.457335096178096,1.924097660335274,-0.009464358983722998,0.0,0.0,0.0,0.0,0.0,0.0,0.0,0.0,0.0,30914000.0,28898000.0,25190000.0,0.0,0.0,0.0,0.0,0.0,0.0,0.0,0.0,0.0,0.0,0.0,0.0,0.0,0.0,0.0,0.0,0.0,0.0,0.0,0.0,0.0,0.0,0.0,0.0,114.28443654378255,2.1034235601294418,114.87746974400112,1.4686054507964117,115.02939278738839,1.905004037887581,0.03172810360190237
2021-05-12,110.3970831268485,111.47765277681279,108.78193027743689,109.11071014404297,46376000,0.0,0.0,113.57470703125,114.27997817993165,44.32896973120331,1.2509927430747183,2.2160666255574206,2.14776184243636,-0.030752388629460947,0.0,0.0,0.0,0.0,0.0,0.0,0.0,0.0,0.0,34186000.0,30914000.0,28898000.0,0.0,0.0,0.0,0.0,0.0,0.0,0.0,0.0,0.0,0.0,0.0,0.0,0.0,0.0,0.0,0.0,0.0,0.0,0.0,0.0,0.0,0.0,0.0,0.0,111.77716318766277,2.3710148968786107,113.86561911446708,2.4932264056689295,114.84424536568778,2.331424507471624,-0.012915906839435554
2021-05-13,110.39360709363976,111.0541481508422,109.43155712442402,110.53841400146484,33204000,0.0,0.0,112.5004867553711,114.1406063079834,41.984961213233625,0.905770363285427,1.954007373103022,2.298113551285433,0.01308491032215886,0.0,0.0,0.0,0.0,0.0,0.0,0.0,0.0,0.0,46376000.0,34186000.0,30914000.0,0.0,0.0,0.0,0.0,0.0,0.0,0.0,0.0,0.0,0.0,0.0,0.0,0.0,0.0,0.0,0.0,0.0,0.0,0.0,0.0,0.0,0.0,0.0,0.0,110.74057006835938,1.7397690996692194,113.31453159877232,2.767674928561524,114.59314346313477,2.5972579746327056,-0.021655602705697774
2021-05-14,112.00131096781348,113.29957888960938,111.577809256897,112.98517608642578,31996000,0.0,0.0,111.77101593017578,114.12977104187011,46.724248810834794,0.8201581196492924,1.7272375224122762,2.303277510280744,0.022134948353144557,0.0,0.0,0.0,0.0,0.0,0.0,0.0,0.0,0.0,33204000.0,46376000.0,34186000.0,0.0,0.0,0.0,0.0,0.0,0.0,0.0,0.0,0.0,0.0,0.0,0.0,0.0,0.0,0.0,0.0,0.0,0.0,0.0,0.0,0.0,0.0,0.0,0.0,110.8781000773112,1.9594416442609546,113.05673217773438,2.6903241435252268,114.48138863699776,2.6326874890205043,-0.004604810608520027
2021-05-17,112.25074645700623,113.55050506879931,111.85105006420112,113.50785827636719,21598000,0.0,0.0,111.74294891357422,114.12768859863282,49.78229379201587,0.7854319140647448,1.53887640074277,2.3038485085876976,0.004626112982658803,0.0,0.0,0.0,0.0,0.0,0.0,0.0,0.0,0.0,31996000.0,33204000.0,46376000.0,0.0,0.0,0.0,0.0,0.0,0.0,0.0,0.0,0.0,0.0,0.0,0.0,0.0,0.0,0.0,0.0,0.0,0.0,0.0,0.0,0.0,0.0,0.0,0.0,112.34381612141927,1.5852150576412358,112.71363830566406,2.4037544557378894,114.47409112112862,2.635428778413889,0.011690846163266766
2021-05-18,114.17384773504614,114.43816551572112,112.18230470309192,112.1961898803711,22204000,0.0,0.0,111.66766967773438,114.0866771697998,38.811186816759694,0.644639465973853,1.3600290137889868,2.331802649014237,-0.011555749671555482,0.0,0.0,0.0,0.0,0.0,0.0,0.0,0.0,0.0,21598000.0,31996000.0,33204000.0,0.0,0.0,0.0,0.0,0.0,0.0,0.0,0.0,0.0,0.0,0.0,0.0,0.0,0.0,0.0,0.0,0.0,0.0,0.0,0.0,0.0,0.0,0.0,0.0,112.89640808105469,0.6603244008417269,112.07987540108817,1.6716590592633058,114.13202394757953,2.594916330893948,-0.003975421000436574
2021-05-19,110.50815409240448,112.81706629241613,110.35988157512777,112.64399719238281,23684000,0.0,0.0,112.37432708740235,114.0696922302246,35.09805308074722,0.5627081943141405,1.2005648498940176,2.3414767780675314,0.0039912880507724235,0.0,0.0,0.0,0.0,0.0,0.0,0.0,0.0,0.0,22204000.0,21598000.0,31996000.0,0.0,0.0,0.0,0.0,0.0,0.0,0.0,0.0,0.0,0.0,0.0,0.0,0.0,0.0,0.0,0.0,0.0,0.0,0.0,0.0,0.0,0.0,0.0,0.0,112.78268178304036,0.666740996960741,111.93641880580357,1.553556011033849,113.70250265938895,2.2649500570087295,-0.015366695440902078
2021-05-20,113.61101419771367,114.65240260155116,113.24007940429303,114.4019775390625,32352000,0.0,0.0,113.14703979492188,114.20465240478515,44.22526964137392,0.6323421465174164,1.0869203092186974,2.2747074237827367,0.01560651601946672,0.0,0.0,0.0,0.0,0.0,0.0,0.0,0.0,0.0,23684000.0,22204000.0,21598000.0,0.0,0.0,0.0,0.0,0.0,0.0,0.0,0.0,0.0,0.0,0.0,0.0,0.0,0.0,0.0,0.0,0.0,0.0,0.0,0.0,0.0,0.0,0.0,0.0,113.08072153727214,1.165942071405415,112.19776044573102,1.8109570489836264,113.53761509486607,2.107699277038079,0.005588279594510803
2021-05-21,114.92067995406296,114.99407844296304,113.52669887961433,113.76622009277344,40632000,0.0,0.0,113.30324859619141,114.19027137756348,43.963479974015094,0.6289767897474405,0.9953316053244461,2.276619444847887,-0.005557224271512173,0.0,0.0,0.0,0.0,0.0,0.0,0.0,0.0,0.0,32352000.0,23684000.0,22204000.0,0.0,0.0,0.0,0.0,0.0,0.0,0.0,0.0,0.0,0.0,0.0,0.0,0.0,0.0,0.0,0.0,0.0,0.0,0.0,0.0,0.0,0.0,0.0,0.0,113.60406494140625,0.8901373178696962,112.86283329554966,1.2590555607192115,113.36422620500836,1.9675818971242591,-0.02833927845575468
2021-05-24,114.79571714938808,117.30795076933327,114.65041840397706,117.08430480957031,31832000,0.0,0.0,114.01853790283204,114.3169994354248,56.215163419720994,0.8838628062704714,0.9730378455136512,2.3664534313562977,0.029165816655339905,0.0,0.0,0.0,0.0,0.0,0.0,0.0,0.0,0.0,40632000.0,32352000.0,23684000.0,0.0,0.0,0.0,0.0,0.0,0.0,0.0,0.0,0.0,0.0,0.0,0.0,0.0,0.0,0.0,0.0,0.0,0.0,0.0,0.0,0.0,0.0,0.0,0.0,115.08416748046875,1.76109593267295,113.79796055385044,1.623164665826292,113.55624607631138,2.1941546593088828,-0.0007744963023091911
2021-05-25,117.62781165530731,118.22289182744397,116.7847807808758,117.17505645751953,22440000,0.0,0.0,115.01431121826172,114.49525108337403,55.593015975241066,1.0807267648497572,0.9945756293808724,2.443413670936341,0.0007750966117689995,0.0,0.0,0.0,0.0,0.0,0.0,0.0,0.0,0.0,31832000.0,40632000.0,32352000.0,0.0,0.0,0.0,0.0,0.0,0.0,0.0,0.0,0.0,0.0,0.0,0.0,0.0,0.0,0.0,0.0,0.0,0.0,0.0,0.0,0.0,0.0,0.0,0.0,116.00852711995442,1.9424249196585117,114.39651489257812,2.001843661542428,113.72662353515625,2.3818850693293854,-0.007326783881334009
2021-05-26,117.3560548531477,118.47034990255696,117.35308107918044,118.03990936279297,21572000,0.0,0.0,116.09349365234375,114.54799003601075,55.05578226070154,1.2916400494581808,1.0539885133963343,2.510447777116214,0.007380861861047805,0.0,0.0,0.0,0.0,0.0,0.0,0.0,0.0,0.0,22440000.0,31832000.0,40632000.0,0.0,0.0,0.0,0.0,0.0,0.0,0.0,0.0,0.0,0.0,0.0,0.0,0.0,0.0,0.0,0.0,0.0,0.0,0.0,0.0,0.0,0.0,0.0,0.0,117.43309020996094,0.5274761402985789,115.04395076206752,2.3662441589958503,113.87879453386579,2.590947672279905,0.007461939673244933
2021-05-27,118.47331515824983,118.47331515824983,116.84725869661128,117.1656265258789,35224000,0.0,0.0,116.64622344970704,114.47340660095215,51.25610850487961,1.3724225954293843,1.1176753298029443,2.4017426858890025,-0.007406671537055987,0.0,0.0,0.0,0.0,0.0,0.0,0.0,0.0,0.0,21572000.0,22440000.0,31832000.0,0.0,0.0,0.0,0.0,0.0,0.0,0.0,0.0,0.0,0.0,0.0,0.0,0.0,0.0,0.0,0.0,0.0,0.0,0.0,0.0,0.0,0.0,0.0,0.0,117.46019744873047,0.5020673843044035,115.75387028285435,2.0999418422643985,113.91687284197126,2.638021299225934,0.002473621568277684
2021-05-28,117.74781887099097,117.82963927117555,116.67816071964592,116.87651824951172,21482000,0.0,0.0,117.26828308105469,114.4817123413086,58.713462671826804,1.3970108519025501,1.1735424342228655,2.4101583446083463,-0.002467517862871915,0.0,0.0,0.0,0.0,0.0,0.0,0.0,0.0,0.0,35224000.0,21572000.0,22440000.0,0.0,0.0,0.0,0.0,0.0,0.0,0.0,0.0,0.0,0.0,0.0,0.0,0.0,0.0,0.0,0.0,0.0,0.0,0.0,0.0,0.0,0.0,0.0,0.0,117.36068471272786,0.6057272429139376,116.35851614815849,1.6066728512961264,114.14746747698102,2.7513900088651626,-0.01021749225111046
2021-06-01,117.74879520281785,118.30767545540135,116.74905491589836,118.0830307006836,23354000,0.0,0.0,117.46802825927735,114.57618064880371,64.76869302490495,1.496600811319425,1.2381541096421775,2.515516374856504,0.010322967087333712,0.0,0.0,0.0,0.0,0.0,0.0,0.0,0.0,0.0,21482000.0,35224000.0,21572000.0,0.0,0.0,0.0,0.0,0.0,0.0,0.0,0.0,0.0,0.0,0.0,0.0,0.0,0.0,0.0,0.0,0.0,0.0,0.0,0.0,0.0,0.0,0.0,0.0,117.37505849202473,0.6299320479552102,116.88438088553292,1.4547941988154582,114.54107066563198,2.8989572207248844,0.00446713113183228
2021-06-02,118.47827097273424,118.70093322748687,116.65384943203411,117.5578842163086,21158000,0.0,0.0,117.54459381103516,114.73427352905273,76.86913869304685,1.5156798256552122,1.2936592528447846,2.6014860482221644,-0.0044472646176073605,0.0,0.0,0.0,0.0,0.0,0.0,0.0,0.0,0.0,23354000.0,21482000.0,35224000.0,0.0,0.0,0.0,0.0,0.0,0.0,0.0,0.0,0.0,0.0,0.0,0.0,0.0,0.0,0.0,0.0,0.0,0.0,0.0,0.0,0.0,0.0,0.0,0.0,117.5058110555013,0.6049394881024139,117.42604718889508,0.47878671018872104,115.14444024222237,2.5384272741579283,0.009801701725468792
2021-06-03,116.3250609179108,116.88493242602453,115.52120377785195,116.41680145263672,18696000,0.0,0.0,117.2199722290039,114.815625,69.04550501639834,1.4223285215438324,1.3193931065845943,2.62861102421546,-0.009706560910642592,0.0,0.0,0.0,0.0,0.0,0.0,0.0,0.0,0.0,21158000.0,23354000.0,21482000.0,0.0,0.0,0.0,0.0,0.0,0.0,0.0,0.0,0.0,0.0,0.0,0.0,0.0,0.0,0.0,0.0,0.0,0.0,0.0,0.0,0.0,0.0,0.0,0.0,117.35257212320964,0.851877202677298,117.33068956647601,0.6073930430365493,115.56432506016323,2.178604864356212,-0.019214079728169242
2021-06-04,117.49242726754059,118.96822874582733,117.15223662042179,118.69746398925781,24458000,0.0,0.0,117.52633972167969,114.95502243041992,68.70871741308699,1.5149143571808281,1.358497356703841,2.760299061952926,0.019590493023027733,0.0,0.0,0.0,0.0,0.0,0.0,0.0,0.0,0.0,18696000.0,21158000.0,23354000.0,0.0,0.0,0.0,0.0,0.0,0.0,0.0,0.0,0.0,0.0,0.0,0.0,0.0,0.0,0.0,0.0,0.0,0.0,0.0,0.0,0.0,0.0,0.0,0.0,117.55738321940105,1.1403313508516915,117.54817635672433,0.7880677829365011,115.97234562465123,2.1932758814964397,-0.0036340213151001555
2021-06-07,118.49265941789501,119.2399846738455,118.07412155900927,119.13038635253906,24120000,0.0,0.0,117.97711334228515,115.07991523742676,68.5236498544663,1.604724253315652,1.4077427360262034,2.8934902851566977,0.0036472755923449007,0.0,0.0,0.0,0.0,0.0,0.0,0.0,0.0,0.0,24458000.0,18696000.0,21158000.0,0.0,0.0,0.0,0.0,0.0,0.0,0.0,0.0,0.0,0.0,0.0,0.0,0.0,0.0,0.0,0.0,0.0,0.0,0.0,0.0,0.0,0.0,0.0,0.0,118.08155059814453,1.4578743880249343,117.70395878383091,0.9847178066538493,116.37395477294922,2.221874344536027,0.001609345325711109
2021-06-08,119.61191557625074,119.98433347180782,118.75747389251524,118.93897247314453,24240000,0.0,0.0,118.14830169677734,115.34445419311524,73.9848002275298,1.641531192919004,1.4545004274047635,2.995754123549795,-0.0016067594948284691,0.0,0.0,0.0,0.0,0.0,0.0,0.0,0.0,0.0,24120000.0,24458000.0,18696000.0,0.0,0.0,0.0,0.0,0.0,0.0,0.0,0.0,0.0,0.0,0.0,0.0,0.0,0.0,0.0,0.0,0.0,0.0,0.0,0.0,0.0,0.0,0.0,0.0,118.92227427164714,0.21694369225047347,117.95729391915458,1.0491441996345756,116.85558210100446,1.9622499013326438,-0.003945227101335935
2021-06-09,119.58314141281689,119.65504166013505,118.86259530140607,119.41007232666016,17942000,0.0,0.0,118.51873931884765,115.68632850646972,74.02783821173058,1.6892422456759277,1.5014487910589964,3.0523912070958237,0.003960853568177436,0.0,0.0,0.0,0.0,0.0,0.0,0.0,0.0,0.0,24240000.0,24120000.0,24458000.0,0.0,0.0,0.0,0.0,0.0,0.0,0.0,0.0,0.0,0.0,0.0,0.0,0.0,0.0,0.0,0.0,0.0,0.0,0.0,0.0,0.0,0.0,0.0,0.0,119.15981038411458,0.23692424574387827,118.31923021589007,1.0511680156474905,117.33887318202427,1.654213963538986,-0.011165810065042803
2021-06-10,119.35950068179913,120.80158431684347,119.20378994220064,120.75843811035156,25904000,0.0,0.0,119.38706665039062,116.26871490478516,73.24959816046791,1.8149340190913392,1.5641458366654653,2.835199892596572,0.011291893199786296,0.0,0.0,0.0,0.0,0.0,0.0,0.0,0.0,0.0,17942000.0,24240000.0,24120000.0,0.0,0.0,0.0,0.0,0.0,0.0,0.0,0.0,0.0,0.0,0.0,0.0,0.0,0.0,0.0,0.0,0.0,0.0,0.0,0.0,0.0,0.0,0.0,0.0,119.70249430338542,0.944323440669722,118.70143127441406,1.3845051209838708,117.79290607997349,1.658440786510325,0.0020286775042170913
2021-06-11,120.99993539094038,121.08522897452744,119.95655696176605,120.51395416259766,21958000,0.0,0.0,119.7503646850586,116.76749191284179,75.40797770723509,1.8732244779966578,1.6259615649317039,2.6451439919692907,-0.0020245703039856178,0.0,0.0,0.0,0.0,0.0,0.0,0.0,0.0,0.0,25904000.0,17942000.0,24240000.0,0.0,0.0,0.0,0.0,0.0,0.0,0.0,0.0,0.0,0.0,0.0,0.0,0.0,0.0,0.0,0.0,0.0,0.0,0.0,0.0,0.0,0.0,0.0,0.0,120.2274881998698,0.7183798664416384,119.12372698102679,1.4277213943615752,118.27488708496094,1.3500187728259334,-0.00764008833734342
2021-06-14,120.61610010936498,121.44227193584572,119.90894733034322,121.44178009033203,22098000,0.0,0.0,120.21264343261718,117.19032211303711,70.00950826770854,1.9715609573799497,1.695081443421353,2.684323862905339,0.007698908679757865,0.0,0.0,0.0,0.0,0.0,0.0,0.0,0.0,0.0,21958000.0,25904000.0,17942000.0,0.0,0.0,0.0,0.0,0.0,0.0,0.0,0.0,0.0,0.0,0.0,0.0,0.0,0.0,0.0,0.0,0.0,0.0,0.0,0.0,0.0,0.0,0.0,0.0,120.90472412109375,0.4809001307426028,119.84158107212612,1.0542812091705298,118.58613531930106,1.542939940913225,0.008449947007271419
2021-06-15,121.44624948123858,121.76908177598153,120.06367916664863,120.42420196533203,21562000,0.0,0.0,120.50968933105469,117.53613929748535,63.7496932832255,1.9449629531089698,1.7450577453588765,2.6299084025254116,-0.008379143687148649,0.0,0.0,0.0,0.0,0.0,0.0,0.0,0.0,0.0,22098000.0,21958000.0,25904000.0,0.0,0.0,0.0,0.0,0.0,0.0,0.0,0.0,0.0,0.0,0.0,0.0,0.0,0.0,0.0,0.0,0.0,0.0,0.0,0.0,0.0,0.0,0.0,0.0,120.7933120727539,0.5633799265103843,120.08825792585101,0.9375100108624853,118.81821714128766,1.5586459959302432,0.005357280139891785
2021-06-16,120.5754393849675,120.88686840654948,118.49067266185558,119.7824935913086,26472000,0.0,0.0,120.58417358398438,117.91545448303222,57.516197055176605,1.85076882929242,1.7661999621455853,2.3515436536354737,-0.0053287326264215285,0.0,0.0,0.0,0.0,0.0,0.0,0.0,0.0,0.0,21562000.0,22098000.0,21958000.0,0.0,0.0,0.0,0.0,0.0,0.0,0.0,0.0,0.0,0.0,0.0,0.0,0.0,0.0,0.0,0.0,0.0,0.0,0.0,0.0,0.0,0.0,0.0,0.0,120.54949188232422,0.836708488026363,120.18141610281808,0.8552557978535403,118.9426874433245,1.5612882135973483,-0.007975870636078075
2021-06-17,119.70812106140869,121.51815815207105,119.51223788888802,120.74554443359375,25842000,0.0,0.0,120.58159484863282,118.32053184509277,65.32372944788762,1.8327032002817703,1.7795006097728223,2.0775084687922,0.008039996608945499,0.0,0.0,0.0,0.0,0.0,0.0,0.0,0.0,0.0,26472000.0,21562000.0,22098000.0,0.0,0.0,0.0,0.0,0.0,0.0,0.0,0.0,0.0,0.0,0.0,0.0,0.0,0.0,0.0,0.0,0.0,0.0,0.0,0.0,0.0,0.0,0.0,0.0,120.31741333007812,0.49032600448186264,120.43949781145368,0.6704608242239293,119.19839586530414,1.540878974456476,0.013591656484655212
2021-06-18,120.37212004101573,120.60618554839238,119.03120533837755,119.12641906738281,46116000,0.0,0.0,120.30408782958985,118.55675392150879,58.646162867404534,1.6685027130083796,1.757301030419934,1.866366527693223,-0.013409400519133863,0.0,0.0,0.0,0.0,0.0,0.0,0.0,0.0,0.0,25842000.0,26472000.0,21562000.0,0.0,0.0,0.0,0.0,0.0,0.0,0.0,0.0,0.0,0.0,0.0,0.0,0.0,0.0,0.0,0.0,0.0,0.0,0.0,0.0,0.0,0.0,0.0,0.0,119.88481903076172,0.8143983113602634,120.3989759172712,0.7472249876426735,119.35910306658063,1.3900330354159098,-0.01396819731374066
2021-06-21,119.51273077628596,120.99993548875224,118.91566055698493,120.81397247314453,27414000,0.0,0.0,120.17852630615235,118.90914154052734,60.12058180551518,1.655460976567099,1.736933019649367,1.5533569224682355,0.014166071799800894,0.0,0.0,0.0,0.0,0.0,0.0,0.0,0.0,0.0,46116000.0,25842000.0,26472000.0,0.0,0.0,0.0,0.0,0.0,0.0,0.0,0.0,0.0,0.0,0.0,0.0,0.0,0.0,0.0,0.0,0.0,0.0,0.0,0.0,0.0,0.0,0.0,0.0,120.22864532470703,0.9551689070004705,120.4069093976702,0.7519573996465783,119.55417033604213,1.38880305040697,-0.004234446697874872
2021-06-22,120.75198899495656,121.39666231815684,120.07161525109758,121.32772827148438,22390000,0.0,0.0,120.3592315673828,119.12131271362304,63.98244868367957,1.667360808264803,1.7230185773724542,1.5805501605399706,0.004252453485494412,0.0,0.0,0.0,0.0,0.0,0.0,0.0,0.0,0.0,27414000.0,46116000.0,25842000.0,0.0,0.0,0.0,0.0,0.0,0.0,0.0,0.0,0.0,0.0,0.0,0.0,0.0,0.0,0.0,0.0,0.0,0.0,0.0,0.0,0.0,0.0,0.0,0.0,120.4227066040039,1.1516324449586364,120.52316284179688,0.8301088642535951,119.82344491141183,1.3364501541258411,0.0016662662773379022
2021-06-23,121.0926742086513,122.08645953120904,120.83580218507122,121.12590026855469,19148000,0.0,0.0,120.62791290283204,119.3188549041748,68.7742536757303,1.6415825359051865,1.7067313690790007,1.57136609858196,-0.001663494452628922,0.0,0.0,0.0,0.0,0.0,0.0,0.0,0.0,0.0,22390000.0,27414000.0,46116000.0,0.0,0.0,0.0,0.0,0.0,0.0,0.0,0.0,0.0,0.0,0.0,0.0,0.0,0.0,0.0,0.0,0.0,0.0,0.0,0.0,0.0,0.0,0.0,0.0,121.08920033772786,0.2588366642769905,120.47803715297154,0.7788522346845748,120.15980911254883,0.9497564557807221,-0.0030447667431872105
2021-06-24,121.69418422787221,122.04676934961249,121.29746921451058,121.4958267211914,21362000,0.0,0.0,120.77796936035156,119.49165077209473,63.161781539695944,1.6321881929744535,1.6918227338580913,1.6127938043972618,0.003054065660742511,0.0,0.0,0.0,0.0,0.0,0.0,0.0,0.0,0.0,19148000.0,22390000.0,27414000.0,0.0,0.0,0.0,0.0,0.0,0.0,0.0,0.0,0.0,0.0,0.0,0.0,0.0,0.0,0.0,0.0,0.0,0.0,0.0,0.0,0.0,0.0,0.0,0.0,121.31648508707683,0.18521933480843836,120.6311264038086,0.8668533101141428,120.3596921648298,0.9120403894398769,-6.944703021960486e-05
2021-06-25,120.99993398696205,121.62774832820787,120.5685022175003,121.50426483154297,34594000,0.0,0.0,121.2535385131836,119.70858268737793,61.629642808286505,1.6069006431510928,1.6748383157166917,1.5748017535296026,6.945185344453542e-05,0.0,0.0,0.0,0.0,0.0,0.0,0.0,0.0,0.0,21362000.0,19148000.0,22390000.0,0.0,0.0,0.0,0.0,0.0,0.0,0.0,0.0,0.0,0.0,0.0,0.0,0.0,0.0,0.0,0.0,0.0,0.0,0.0,0.0,0.0,0.0,0.0,0.0,121.37533060709636,0.2160542079326408,120.87709372384208,0.8293874821616692,120.52925491333008,0.8862176406311228,-0.00022449080419495449
2021-06-28,121.67287369057478,121.77850698140655,120.4103137257864,121.53154754638672,28526000,0.0,0.0,121.39705352783203,119.94133415222169,62.9086298118563,1.5709526011043522,1.6540611727942238,1.4750407256589133,0.00022454121163217877,0.0,0.0,0.0,0.0,0.0,0.0,0.0,0.0,0.0,34594000.0,21362000.0,19148000.0,0.0,0.0,0.0,0.0,0.0,0.0,0.0,0.0,0.0,0.0,0.0,0.0,0.0,0.0,0.0,0.0,0.0,0.0,0.0,0.0,0.0,0.0,0.0,0.0,121.5105463663737,0.01867050074573467,120.9893798828125,0.8612054432599152,120.7144388471331,0.7944737599060474,0.0021551259074557017
2021-06-29,121.66493508583213,122.01256393063309,120.69346452054683,121.27019500732422,23108000,0.0,0.0,121.385546875,120.1006923675537,59.459268616691084,1.5040369513578469,1.6240563285069485,1.435340347371252,-0.0021504913278813653,0.0,0.0,0.0,0.0,0.0,0.0,0.0,0.0,0.0,28526000.0,34594000.0,21362000.0,0.0,0.0,0.0,0.0,0.0,0.0,0.0,0.0,0.0,0.0,0.0,0.0,0.0,0.0,0.0,0.0,0.0,0.0,0.0,0.0,0.0,0.0,0.0,0.0,121.43533579508464,0.1436652235893427,121.29563358851841,0.25876105500412505,120.84730475289481,0.710676666846247,0.001498865439070185
2021-06-30,120.99447687115277,121.2548296268427,120.35972373185534,121.08869934082031,24474000,0.0,0.0,121.37810668945312,120.2772331237793,51.905630608421255,1.4199918512215959,1.5832434330498781,1.3185076902567145,-0.0014966222037735566,0.0,0.0,0.0,0.0,0.0,0.0,0.0,0.0,0.0,23108000.0,28526000.0,34594000.0,0.0,0.0,0.0,0.0,0.0,0.0,0.0,0.0,0.0,0.0,0.0,0.0,0.0,0.0,0.0,0.0,0.0,0.0,0.0,0.0,0.0,0.0,0.0,0.0,121.29681396484375,0.22262088843588543,121.33488028390067,0.18338753712620293,120.87089484078544,0.7129775267720168,-0.002899389470286451
2021-07-01,120.72719613594724,121.58212967815209,120.5352855601365,121.44080352783203,18110000,0.0,0.0,121.36710205078126,120.52843322753907,55.282381567756445,1.3660503905206554,1.5398048245440337,0.9792510997563071,0.0029078203740604547,0.0,0.0,0.0,0.0,0.0,0.0,0.0,0.0,0.0,24474000.0,23108000.0,28526000.0,0.0,0.0,0.0,0.0,0.0,0.0,0.0,0.0,0.0,0.0,0.0,0.0,0.0,0.0,0.0,0.0,0.0,0.0,0.0,0.0,0.0,0.0,0.0,0.0,121.26656595865886,0.1760801440353892,121.35103389195034,0.1875846216118121,120.9370983668736,0.7202782029594461,-0.022457604999517877
2021-07-02,122.14050574564968,124.37602688380984,122.0507477211,124.23072814941406,25982000,0.0,0.0,121.91239471435547,120.80509643554687,63.11196749994799,1.5307791259891843,1.537999684833064,1.193037043030386,0.022973535587177185,0.0,0.0,0.0,0.0,0.0,0.0,0.0,0.0,0.0,18110000.0,24474000.0,23108000.0,0.0,0.0,0.0,0.0,0.0,0.0,0.0,0.0,0.0,0.0,0.0,0.0,0.0,0.0,0.0,0.0,0.0,0.0,0.0,0.0,0.0,0.0,0.0,0.0,122.25341033935547,1.721433597647335,121.7945807320731,1.0859669434807724,121.13630894252232,1.1361918350925044,-0.0073897274108388755
2021-07-06,124.61852879829608,125.39164190205774,123.56126516970392,125.15559387207031,26404000,0.0,0.0,122.63720397949218,121.10635681152344,72.43979838111468,1.7161737869130178,1.5736345052490548,1.4752417845579677,0.007444742025047857,0.0,0.0,0.0,0.0,0.0,0.0,0.0,0.0,0.0,25982000.0,18110000.0,24474000.0,0.0,0.0,0.0,0.0,0.0,0.0,0.0,0.0,0.0,0.0,0.0,0.0,0.0,0.0,0.0,0.0,0.0,0.0,0.0,0.0,0.0,0.0,0.0,0.0,123.60904184977214,1.9338529460078928,122.31740461077008,1.6517509358891338,121.47426550728935,1.5399966174354216,-0.0022454412397259205
2021-07-07,126.11961963968089,126.24061363873932,125.11888803471057,125.437255859375,24060000,0.0,0.0,123.47061614990234,121.43127098083497,77.76742945386076,1.8643372406193919,1.6317750523231225,1.6748633169566534,0.0022504945930950093,0.0,0.0,0.0,0.0,0.0,0.0,0.0,0.0,0.0,26404000.0,25982000.0,18110000.0,0.0,0.0,0.0,0.0,0.0,0.0,0.0,0.0,0.0,0.0,0.0,0.0,0.0,0.0,0.0,0.0,0.0,0.0,0.0,0.0,0.0,0.0,0.0,0.0,124.94119262695312,0.6311918877463483,122.87926047188895,1.9677477979240146,121.87817709786552,1.7843301017309658,0.011435942334542482
2021-07-08,123.0093289727932,124.56595957690325,123.005363941043,124.01898193359375,23790000,0.0,0.0,124.05667266845703,121.66171646118164,65.38618221460385,1.846035049408286,1.6746270517401554,1.699025681575361,-0.01130664024866146,0.0,0.0,0.0,0.0,0.0,0.0,0.0,0.0,0.0,24060000.0,26404000.0,25982000.0,0.0,0.0,0.0,0.0,0.0,0.0,0.0,0.0,0.0,0.0,0.0,0.0,0.0,0.0,0.0,0.0,0.0,0.0,0.0,0.0,0.0,0.0,0.0,0.0,124.87061055501302,0.7508574101575622,123.23460824148995,1.9074817166703912,122.11199406215123,1.8381563553805278,-0.0037803286123146984
2021-07-09,124.00013909575392,124.70381872081973,123.53051741103474,124.48959350585938,18632000,0.0,0.0,124.6664306640625,121.84827423095703,78.2597334516849,1.8481999532337596,1.7093416320388763,1.7966632499085293,0.003794673725975306,0.0,0.0,0.0,0.0,0.0,0.0,0.0,0.0,0.0,23790000.0,24060000.0,26404000.0,0.0,0.0,0.0,0.0,0.0,0.0,0.0,0.0,0.0,0.0,0.0,0.0,0.0,0.0,0.0,0.0,0.0,0.0,0.0,0.0,0.0,0.0,0.0,0.0,124.6486104329427,0.7223849524056111,123.69452231270927,1.7352397041653682,122.49507795061383,1.7233558402068692,-0.01147474680895555
2021-07-12,125.1436985053042,126.02789308648856,124.58134497059366,125.93466186523438,17668000,0.0,0.0,125.00721740722656,122.11930961608887,77.68961087288537,1.9441101036656079,1.756295326364223,1.983894735253217,0.01160794503925322,0.0,0.0,0.0,0.0,0.0,0.0,0.0,0.0,0.0,18632000.0,23790000.0,24060000.0,0.0,0.0,0.0,0.0,0.0,0.0,0.0,0.0,0.0,0.0,0.0,0.0,0.0,0.0,0.0,0.0,0.0,0.0,0.0,0.0,0.0,0.0,0.0,0.0,124.81441243489583,0.9982924935198102,124.38680267333984,1.4685303399108158,122.86084147862026,1.8757784032879758,-0.002874033810989829
2021-07-13,125.99712795199184,127.00777214039663,125.63611333534345,126.29764556884766,19240000,0.0,0.0,125.23562774658203,122.36210289001465,77.3197942974668,2.0260542479826,1.8102471106878986,2.183688353624088,0.002882317689483438,0.0,0.0,0.0,0.0,0.0,0.0,0.0,0.0,0.0,17668000.0,18632000.0,23790000.0,0.0,0.0,0.0,0.0,0.0,0.0,0.0,0.0,0.0,0.0,0.0,0.0,0.0,0.0,0.0,0.0,0.0,0.0,0.0,0.0,0.0,0.0,0.0,0.0,125.57396697998047,0.9564719890333137,125.08063725062779,0.8700625281102313,123.21583557128906,2.0274647868370437,-0.00698317470779819
2021-07-14,126.90909397847128,128.26638333995623,126.86594777508958,127.18580627441406,23742000,0.0,0.0,125.58533782958985,122.70018310546875,80.97430441924057,2.1380169900085377,1.8758010865520265,2.382259999448419,0.007032282364141551,0.0,0.0,0.0,0.0,0.0,0.0,0.0,0.0,0.0,19240000.0,17668000.0,18632000.0,0.0,0.0,0.0,0.0,0.0,0.0,0.0,0.0,0.0,0.0,0.0,0.0,0.0,0.0,0.0,0.0,0.0,0.0,0.0,0.0,0.0,0.0,0.0,0.0,126.4727045694987,0.6436806843747548,125.50279126848493,1.0804278359182913,123.64868600027901,2.1875131631079237,0.009700466495541571
2021-07-15,127.59442610691582,127.64500295909387,125.49279294150043,125.96389770507812,24218000,0.0,0.0,125.97432098388671,123.00925331115722,71.00815949067216,2.1038980331871358,1.9214204758790485,2.3847820648551963,-0.009607271480432056,0.0,0.0,0.0,0.0,0.0,0.0,0.0,0.0,0.0,23742000.0,19240000.0,17668000.0,0.0,0.0,0.0,0.0,0.0,0.0,0.0,0.0,0.0,0.0,0.0,0.0,0.0,0.0,0.0,0.0,0.0,0.0,0.0,0.0,0.0,0.0,0.0,0.0,126.48244984944661,0.6315691605437752,125.6182632446289,1.0803303911790896,123.9678339276995,2.1751605859802714,0.00027553964087267957
2021-07-16,126.61651932695658,126.7638005858177,125.11939443436253,125.92919921875,20424000,0.0,0.0,126.26224212646484,123.26843605041503,70.75408705061767,2.050422640378528,1.9472209087789447,2.407386842884453,-0.0002754637396927828,0.0,0.0,0.0,0.0,0.0,0.0,0.0,0.0,0.0,24218000.0,23742000.0,19240000.0,0.0,0.0,0.0,0.0,0.0,0.0,0.0,0.0,0.0,0.0,0.0,0.0,0.0,0.0,0.0,0.0,0.0,0.0,0.0,0.0,0.0,0.0,0.0,0.0,126.35963439941406,0.7156961446865379,125.68854086739677,1.0825915989947377,124.28390066964286,2.1101661070371778,0.01920080954190473
2021-07-19,125.05591587763702,125.17047048995204,122.49259846899817,123.55680847167969,27968000,0.0,0.0,125.7866714477539,123.48995552062988,57.78617047300424,1.7959087813988788,1.9169584833029316,2.2011976795719312,-0.018839083880373586,0.0,0.0,0.0,0.0,0.0,0.0,0.0,0.0,0.0,20424000.0,24218000.0,23742000.0,0.0,0.0,0.0,0.0,0.0,0.0,0.0,0.0,0.0,0.0,0.0,0.0,0.0,0.0,0.0,0.0,0.0,0.0,0.0,0.0,0.0,0.0,0.0,0.0,125.14996846516927,1.379826101318642,125.62251608712333,1.2081920717557688,124.42856216430664,1.9718529175031536,-0.012926856264621867
2021-07-20,124.49851053248894,126.00159043894895,123.33116437738677,125.1749267578125,26312000,0.0,0.0,125.56212768554687,123.70800323486328,63.59371704831524,1.7051178003924008,1.8745903467208256,2.1372325927231017,0.013096148291202425,0.0,0.0,0.0,0.0,0.0,0.0,0.0,0.0,0.0,27968000.0,20424000.0,24218000.0,0.0,0.0,0.0,0.0,0.0,0.0,0.0,0.0,0.0,0.0,0.0,0.0,0.0,0.0,0.0,0.0,0.0,0.0,0.0,0.0,0.0,0.0,0.0,0.0,124.88697814941406,1.2121242778713717,125.72042083740234,1.1260619983824005,124.7074715750558,1.7549788875330241,-0.01050192143916484
2021-07-21,125.09955486427575,126.55006794062126,124.99045595333612,126.50345611572266,20746000,0.0,0.0,125.4256576538086,123.9667896270752,67.45648318727295,1.7205332734497745,1.8437789320666156,2.147176112754615,0.010613382346774447,0.0,0.0,0.0,0.0,0.0,0.0,0.0,0.0,0.0,26312000.0,27968000.0,20424000.0,0.0,0.0,0.0,0.0,0.0,0.0,0.0,0.0,0.0,0.0,0.0,0.0,0.0,0.0,0.0,0.0,0.0,0.0,0.0,0.0,0.0,0.0,0.0,0.0,125.07839711507161,1.4756935872605124,125.80167715890067,1.1639817184854042,125.09423991612026,1.4695669989142397,-0.006793980981621317
2021-07-22,126.7960393554764,127.42980128632463,126.45386617760096,127.3687973022461,14302000,0.0,0.0,125.70663757324219,124.27893447875977,68.49892338767663,1.7820337726510047,1.8314299001834935,2.1661420426575058,0.0068404549021319205,0.0,0.0,0.0,0.0,0.0,0.0,0.0,0.0,0.0,20746000.0,26312000.0,27968000.0,0.0,0.0,0.0,0.0,0.0,0.0,0.0,0.0,0.0,0.0,0.0,0.0,0.0,0.0,0.0,0.0,0.0,0.0,0.0,0.0,0.0,0.0,0.0,0.0,126.34906005859375,1.1050545680083408,125.95469883510044,1.302247550206577,125.51766804286412,1.156622659567803,-0.03453354063215808
2021-07-23,129.36130462718134,132.30547644208244,128.73647928318812,131.92462158203125,41506000,0.0,0.0,126.90572204589844,124.80037422180176,71.62610880412564,2.1733374251402324,1.8998114051748414,2.6598784104464404,0.035768762650511654,0.0,0.0,0.0,0.0,0.0,0.0,0.0,0.0,0.0,14302000.0,20746000.0,26312000.0,0.0,0.0,0.0,0.0,0.0,0.0,0.0,0.0,0.0,0.0,0.0,0.0,0.0,0.0,0.0,0.0,0.0,0.0,0.0,0.0,0.0,0.0,0.0,0.0,128.59895833333334,2.912426973346878,126.63167245047433,2.6169763480626607,126.06723185947963,2.010657022742837,-0.007610208912579575
2021-07-26,132.2355886482273,133.13663460885186,131.2169991619108,132.93629455566406,30572000,0.0,0.0,128.7816192626953,125.37197570800781,71.76390046027562,2.535850239942789,2.027019172128431,3.1053299459796966,0.00766856831955165,0.0,0.0,0.0,0.0,0.0,0.0,0.0,0.0,0.0,41506000.0,14302000.0,20746000.0,0.0,0.0,0.0,0.0,0.0,0.0,0.0,0.0,0.0,0.0,0.0,0.0,0.0,0.0,0.0,0.0,0.0,0.0,0.0,0.0,0.0,0.0,0.0,0.0,130.7432378133138,2.965806319274057,127.62772914341518,3.498781346595529,126.62299619402204,2.6973540337880006,0.016186573727392073
2021-07-27,133.15002872677817,133.29730999351878,129.03751867433039,130.81878662109375,54710000,0.0,0.0,129.91039123535157,125.83633766174316,63.65102269261317,2.622053661432716,2.146026069989288,3.1939468041855124,-0.015928741971092397,0.0,0.0,0.0,0.0,0.0,0.0,0.0,0.0,0.0,30572000.0,41506000.0,14302000.0,0.0,0.0,0.0,0.0,0.0,0.0,0.0,0.0,0.0,0.0,0.0,0.0,0.0,0.0,0.0,0.0,0.0,0.0,0.0,0.0,0.0,0.0,0.0,0.0,131.8932342529297,1.0591028451303135,128.32624162946428,3.5900610843551797,127.00739124843052,2.8918238528046376,-0.030816725814308277
2021-07-28,135.19459356472436,137.16332234657472,134.16857364587565,134.97837829589844,95130000,0.0,0.0,131.60537567138672,126.52174682617188,74.40583754292561,2.9915302801179564,2.315126912015022,3.606690868034877,0.031796592693162706,0.0,0.0,0.0,0.5267,0.5267,1.0,535.0,1.0,0.0,54710000.0,30572000.0,41506000.0,0.0,0.0,0.0,0.0,0.0,0.0,0.0,0.0,0.0,0.0,0.0,0.0,0.0,0.0,0.0,0.0,0.0,0.0,0.0,0.0,0.0,0.0,0.0,0.0,132.9111531575521,2.0799098039819754,129.95789446149553,3.656013866877952,127.79020527430943,3.4500976868418585,0.0023308932473327104
2021-07-29,135.03393383670254,135.54074659888502,134.43191491467985,134.66448974609375,31716000,0.0,0.0,133.06451416015625,127.20053634643554,72.81808413805375,3.2218752078200765,2.496476571176033,3.8025428774302625,-0.0023254728184434192,0.0,0.0,0.0,0.0,0.0,0.0,0.0,0.0,0.0,95130000.0,54710000.0,30572000.0,0.0,0.0,0.0,0.0,0.0,0.0,0.0,0.0,0.0,0.5267,0.0,0.0,0.5267,0.0,0.0,1.0,0.0,0.0,535.0,0.0,0.0,1.0,0.0,0.0,133.48721822102866,2.3162527729228737,131.31354631696428,3.331899853804635,128.5169835771833,3.7591746001294664,0.007801021758677473
2021-07-30,133.92807412606015,134.19536566595704,133.1544692717714,133.62210083007812,25576000,0.0,0.0,133.4040100097656,127.80960121154786,67.55683798212966,3.2824748221744073,2.653676221375708,3.8069886043323766,-0.007740636881935381,0.0,0.0,0.0,0.0,0.0,0.0,0.0,0.0,0.0,31716000.0,95130000.0,54710000.0,0.0,0.0,0.0,0.0,0.0,0.0,0.0,0.0,0.0,0.0,0.5267,0.0,0.0,0.5267,0.0,0.0,1.0,0.0,0.0,535.0,0.0,0.0,1.0,0.0,134.4216562906901,0.7099987368794191,132.3304955618722,2.6319351449585087,129.06608636038644,3.911332257545073,-0.0009494169106187833
2021-08-02,134.00942969336194,134.22712811804664,132.69727646334016,133.74908447265625,21634000,0.0,0.0,133.56656799316406,128.28551902770997,67.20329934154788,3.302675781293857,2.783476133359338,3.9290366845089637,0.0009503191596995642,0.0,0.0,0.0,0.0,0.0,0.0,0.0,0.0,0.0,25576000.0,31716000.0,95130000.0,0.0,0.0,0.0,0.0,0.0,0.0,0.0,0.0,0.0,0.0,0.0,0.5267,0.0,0.0,0.5267,0.0,0.0,1.0,0.0,0.0,535.0,0.0,0.0,1.0,134.01189168294272,0.5687217117289359,133.2419651576451,1.4799213241307296,129.59833199637276,4.011339421811832,-0.005717697775331709
2021-08-03,134.02726631580427,134.61937271017896,132.22665752851483,134.51821899414062,20762000,0.0,0.0,134.30645446777345,128.75365028381347,67.02205364031363,3.3422208731292926,2.8952250813133293,4.090916999434277,0.005750577841462601,0.0,0.0,0.0,0.0,0.0,0.0,0.0,0.0,0.0,21634000.0,25576000.0,31716000.0,0.0,0.0,0.0,0.0,0.0,0.0,0.0,0.0,0.0,0.0,0.0,0.0,0.0,0.0,0.0,0.0,0.0,0.0,0.0,0.0,0.0,0.0,0.0,0.0,133.963134765625,0.48489183013391474,133.61247907366072,1.4185361338912748,130.1220757620675,4.1484535923549855,0.003733578777350921
2021-08-04,134.24001564188015,134.53755950866824,133.38458270000555,134.01785278320312,19676000,0.0,0.0,134.11434936523438,129.18268013000488,69.345181810052,3.295200254485337,2.975220115947731,4.173906789281677,-0.0037196910179081444,0.0,0.0,0.0,0.0,0.0,0.0,0.0,0.0,0.0,20762000.0,21634000.0,25576000.0,0.0,0.0,0.0,0.0,0.0,0.0,0.0,0.0,0.0,0.0,0.0,0.0,0.0,0.0,0.0,0.0,0.0,0.0,0.0,0.0,0.0,0.0,0.0,0.0,134.09505208333334,0.3903354672459584,133.76698739188058,1.391250108005221,130.69735826764787,4.085424449190877,-0.008264057807303438
2021-08-05,134.56829449236173,135.23231626590845,133.74063191754414,135.13461303710938,17870000,0.0,0.0,134.2083740234375,129.73846168518065,71.01836754602338,3.309894886862395,3.042155070130664,4.190165951695432,0.008332921552718808,0.0,0.0,0.0,0.0,0.0,0.0,0.0,0.0,0.0,19676000.0,20762000.0,21634000.0,0.0,0.0,0.0,0.0,0.0,0.0,0.0,0.0,0.0,0.0,0.0,0.0,0.0,0.0,0.0,0.0,0.0,0.0,0.0,0.0,0.0,0.0,0.0,0.0,134.55689493815103,0.5593838017496913,134.38353402273995,0.5959677092201668,131.35488782610213,3.9988466181441282,0.0037792828112677146
2021-08-06,134.92684860507694,135.35381597219683,134.1016679203012,134.62582397460938,20488000,0.0,0.0,134.40911865234375,130.24527320861816,77.62433863642768,3.243101013945733,3.082344258893678,4.134520006066167,-0.003765053608880242,0.0,0.0,0.0,0.0,0.0,0.0,0.0,0.0,0.0,17870000.0,19676000.0,20762000.0,0.0,0.0,0.0,0.0,0.0,0.0,0.0,0.0,0.0,0.0,0.0,0.0,0.0,0.0,0.0,0.0,0.0,0.0,0.0,0.0,0.0,0.0,0.0,0.0,134.59276326497397,0.5591136951169353,134.33316911969865,0.5504806096884314,132.1455317905971,3.3856870334508957,-0.00857854319161988
2021-08-09,134.82817610727474,136.05950030562684,134.23010694814005,135.79071044921875,17760000,0.0,0.0,134.81744384765625,130.7380756378174,77.10643775753836,3.2467366326955585,3.1152227336540546,4.180810027796214,0.008652771364497491,0.0,0.0,0.0,0.0,0.0,0.0,0.0,0.0,0.0,20488000.0,17870000.0,19676000.0,0.0,0.0,0.0,0.0,0.0,0.0,0.0,0.0,0.0,0.0,0.0,0.0,0.0,0.0,0.0,0.0,0.0,0.0,0.0,0.0,0.0,0.0,0.0,0.0,135.1837158203125,0.5839935249389393,134.49405779157365,0.7801314661087798,132.90380205426897,2.850988449125794,0.0007748285312332293
2021-08-10,136.21618040832792,136.64316290986423,135.2466997947702,135.68557739257812,19414000,0.0,0.0,135.05091552734376,131.2074722290039,75.00813504803108,3.2041985216969238,3.1330178912626288,4.183035717737638,-0.0007742286367957707,0.0,0.0,0.0,0.0,0.0,0.0,0.0,0.0,0.0,17760000.0,20488000.0,17870000.0,0.0,0.0,0.0,0.0,0.0,0.0,0.0,0.0,0.0,0.0,0.0,0.0,0.0,0.0,0.0,0.0,0.0,0.0,0.0,0.0,0.0,0.0,0.0,0.0,135.36737060546875,0.644346020553973,134.7888401576451,0.7855745392098865,133.55966785975866,2.2603158954522797,0.00387436355345927
2021-08-11,136.05700947405194,136.55389460315365,135.15446522499255,135.1619110107422,15352000,0.0,0.0,135.27972717285155,131.6062774658203,71.62759991547641,3.0925819026005854,3.1249306935302203,4.159585285448504,-0.0038594107929453836,0.0,0.0,0.0,0.0,0.0,0.0,0.0,0.0,0.0,19414000.0,17760000.0,20488000.0,0.0,0.0,0.0,0.0,0.0,0.0,0.0,0.0,0.0,0.0,0.0,0.0,0.0,0.0,0.0,0.0,0.0,0.0,0.0,0.0,0.0,0.0,0.0,0.0,135.5460662841797,0.33681552143859655,134.9906725202288,0.6423524472320666,134.11631883893693,1.4228796314398284,-0.0066692877465784894
2021-08-12,134.86087941942685,136.17453085667606,134.3153999728154,136.06939697265625,16506000,0.0,0.0,135.46668395996093,132.1115524291992,64.42337713643673,3.042281928445874,3.1084009405133513,4.050456607054463,0.0067140657832363,0.0,0.0,0.0,0.0,0.0,0.0,0.0,0.0,0.0,15352000.0,19414000.0,17760000.0,0.0,0.0,0.0,0.0,0.0,0.0,0.0,0.0,0.0,0.0,0.0,0.0,0.0,0.0,0.0,0.0,0.0,0.0,0.0,0.0,0.0,0.0,0.0,0.0,135.6389617919922,0.4555353481687088,135.21226937430245,0.7155880971381291,134.41237422398157,1.3616595657407502,-0.003873495887007805
2021-08-13,136.12493157350525,136.72646625528014,135.90971509193332,136.5985107421875,15948000,0.0,0.0,135.86122131347656,132.6450180053711,63.187009416349,3.0104117430913107,3.0888031010289434,3.8928907473923693,0.0038885582012064823,0.0,0.0,0.0,0.0,0.0,0.0,0.0,0.0,0.0,16506000.0,15352000.0,19414000.0,0.0,0.0,0.0,0.0,0.0,0.0,0.0,0.0,0.0,0.0,0.0,0.0,0.0,0.0,0.0,0.0,0.0,0.0,0.0,0.0,0.0,0.0,0.0,0.0,135.94327290852866,0.7265570567829841,135.58093479701452,0.6603070912099654,134.67396109444755,1.4072863156953515,-0.0042080323027380295
2021-08-16,136.39768127335614,137.22832524277518,134.1899301812805,137.17575073242188,22384000,0.0,0.0,136.1382293701172,133.3259651184082,75.74622714969038,2.9971831726687697,3.0704791153569087,3.3763541232967027,0.004225814667363714,0.0,0.0,0.0,0.0,0.0,0.0,0.0,0.0,0.0,15948000.0,16506000.0,15352000.0,0.0,0.0,0.0,0.0,0.0,0.0,0.0,0.0,0.0,0.0,0.0,0.0,0.0,0.0,0.0,0.0,0.0,0.0,0.0,0.0,0.0,0.0,0.0,0.0,136.61455281575522,0.5533513093235222,135.87252589634485,0.8529448886276974,135.1280299595424,1.047193823792647,0.012059105931431002
2021-08-17,136.62082272063034,137.1320999211298,134.96649653381414,135.54124450683594,21716000,0.0,0.0,136.10936279296874,133.8442810058594,52.86581746650797,2.822275013485637,3.0208382949826547,2.8068580053463092,-0.011915416659714406,0.0,0.0,0.0,0.0,0.0,0.0,0.0,0.0,0.0,22384000.0,15948000.0,16506000.0,0.0,0.0,0.0,0.0,0.0,0.0,0.0,0.0,0.0,0.0,0.0,0.0,0.0,0.0,0.0,0.0,0.0,0.0,0.0,0.0,0.0,0.0,0.0,0.0,136.4385019938151,0.8289178186264734,136.0033002580915,0.6832347131795198,135.1682346888951,1.0518011846956876,0.00895159155117864
2021-08-18,135.38107897385382,135.98063113741676,134.21224206544025,134.3386993408203,19258000,0.0,0.0,135.94472045898436,134.23604316711425,48.478894311259936,2.5571464993040536,2.9280999358469346,2.2121408181101407,-0.00887217149577657,0.0,0.0,0.0,0.0,0.0,0.0,0.0,0.0,0.0,21716000.0,22384000.0,15948000.0,0.0,0.0,0.0,0.0,0.0,0.0,0.0,0.0,0.0,0.0,0.0,0.0,0.0,0.0,0.0,0.0,0.0,0.0,0.0,0.0,0.0,0.0,0.0,0.0,135.68523152669272,1.4239959080216569,135.7958700997489,0.9332174570247262,135.14496394566126,1.0672935959379695,-0.0017023406418434917
2021-08-19,133.33348946705797,135.23476744461345,133.1495089814083,134.56777954101562,21782000,0.0,0.0,135.64439697265624,134.59599227905272,54.77823488413689,2.3385576622906967,2.810191481135687,1.5102716551274524,0.0017052435472382221,0.0,0.0,0.0,0.0,0.0,0.0,0.0,0.0,0.0,19258000.0,21716000.0,22384000.0,0.0,0.0,0.0,0.0,0.0,0.0,0.0,0.0,0.0,0.0,0.0,0.0,0.0,0.0,0.0,0.0,0.0,0.0,0.0,0.0,0.0,0.0,0.0,0.0,134.81590779622397,0.6385173782688728,135.6361846923828,1.0442632862844157,135.21251242501395,0.9906739612846102,-0.012730344772847735
2021-08-20,134.8851768373789,136.42643919078785,134.1413247592316,136.30296325683594,31194000,0.0,0.0,135.58528747558594,134.81490936279297,61.10006512635972,2.2790675859805276,2.703966702104655,1.4171231737196195,0.012894496154567392,0.0,0.0,0.0,0.0,0.0,0.0,0.0,0.0,0.0,21782000.0,19258000.0,21716000.0,0.0,0.0,0.0,0.0,0.0,0.0,0.0,0.0,0.0,0.0,0.0,0.0,0.0,0.0,0.0,0.0,0.0,0.0,0.0,0.0,0.0,0.0,0.0,0.0,135.06981404622397,1.074063390240542,135.79919215611048,1.046945793151832,135.39493233816964,0.9339838973754118,-0.018651416101420626
2021-08-23,136.83850306013497,139.71968832958177,136.47947101229244,138.89352416992188,28454000,0.0,0.0,135.92884216308593,135.11277084350587,66.41726440761809,2.413140703465416,2.6458015023768073,1.6138870960622531,0.019005903108683997,0.0,0.0,0.0,0.0,0.0,0.0,0.0,0.0,0.0,31194000.0,21782000.0,19258000.0,0.0,0.0,0.0,0.0,0.0,0.0,0.0,0.0,0.0,0.0,0.0,0.0,0.0,0.0,0.0,0.0,0.0,0.0,0.0,0.0,0.0,0.0,0.0,0.0,136.5880889892578,2.1769219464864973,136.20263889857702,1.5779241645040825,135.70745413643974,1.2843548887499316,-0.00863651833921908
2021-08-24,139.4588501005937,140.91531805934204,139.18809294920172,140.10353088378906,19268000,0.0,0.0,136.84129943847657,135.57700805664064,71.68042879119804,2.5872083173764224,2.6340828653767305,1.6487165837014413,0.008711757593441671,0.0,0.0,0.0,0.0,0.0,0.0,0.0,0.0,0.0,28454000.0,31194000.0,21782000.0,0.0,0.0,0.0,0.0,0.0,0.0,0.0,0.0,0.0,0.0,0.0,0.0,0.0,0.0,0.0,0.0,0.0,0.0,0.0,0.0,0.0,0.0,0.0,0.0,138.43333943684897,1.9416245937811896,136.70335606166296,2.169650049947441,136.14214542933874,1.647135602220826,-0.0057538948184086
2021-08-25,140.4640639174662,141.02393547801682,140.21711205572637,140.91433715820312,15848000,0.0,0.0,138.15642700195312,135.87380599975586,71.04932069566455,2.7587819248967094,2.6590226772807264,2.0263267916064884,0.00578719372238079,0.0,0.0,0.0,0.0,0.0,0.0,0.0,0.0,0.0,19268000.0,28454000.0,31194000.0,0.0,0.0,0.0,0.0,0.0,0.0,0.0,0.0,0.0,0.0,0.0,0.0,0.0,0.0,0.0,0.0,0.0,0.0,0.0,0.0,0.0,0.0,0.0,0.0,139.97046407063803,1.0169569145116504,137.23743983677454,2.700517689691384,136.5549828665597,2.050184417202122,0.004514186768182382
2021-08-26,140.58803917062994,141.2500632657939,140.198255364594,140.2810821533203,20610000,0.0,0.0,139.29908752441406,136.15463562011718,70.41098093294313,2.8112505124516076,2.6894682443149027,2.22897588993388,-0.004493900462178457,0.0,0.0,0.0,0.0,0.0,0.0,0.0,0.0,0.0,15848000.0,19268000.0,28454000.0,0.0,0.0,0.0,0.0,0.0,0.0,0.0,0.0,0.0,0.0,0.0,0.0,0.0,0.0,0.0,0.0,0.0,0.0,0.0,0.0,0.0,0.0,0.0,0.0,140.4329833984375,0.4262126169628085,137.91455950055803,2.7968439783144587,136.95892987932478,2.1929970201618256,-0.01780165267712286
2021-08-27,140.4913519862621,143.32790879124335,140.33712434011886,142.82357788085938,28780000,0.0,0.0,140.60321044921875,136.61470947265624,73.08722640314812,3.023141509314513,2.7562028973148247,2.597833472426972,0.018124295083211894,0.0,0.0,0.0,0.0,0.0,0.0,0.0,0.0,0.0,20610000.0,15848000.0,19268000.0,0.0,0.0,0.0,0.0,0.0,0.0,0.0,0.0,0.0,0.0,0.0,0.0,0.0,0.0,0.0,0.0,0.0,0.0,0.0,0.0,0.0,0.0,0.0,0.0,141.33966573079428,1.3235367116688797,139.1266850062779,2.8272768205177883,137.4612775530134,2.6604869717213306,-0.004056199230342505
2021-08-30,143.2163138187646,144.77395084299167,142.98125704674328,143.40525817871094,24434000,0.0,0.0,141.50555725097655,137.09751815795897,74.57303419903538,3.201103066123295,2.8451829310765193,2.9151482477007273,0.004072718989975188,0.0,0.0,0.0,0.0,0.0,0.0,0.0,0.0,0.0,28780000.0,20610000.0,15848000.0,0.0,0.0,0.0,0.0,0.0,0.0,0.0,0.0,0.0,0.0,0.0,0.0,0.0,0.0,0.0,0.0,0.0,0.0,0.0,0.0,0.0,0.0,0.0,0.0,142.16997273763022,1.6614808821794946,140.3891819545201,2.391869730965088,138.01268332345145,3.0374280635302364,-0.0007394875282318303
2021-08-31,143.9572070200469,143.98149662462504,143.09830844171228,143.51138305664062,22448000,0.0,0.0,142.18712768554687,137.54717636108398,77.3035504180925,3.3125176314792952,2.9386498711570743,3.1780888463011787,0.000740034774718179,0.0,0.0,0.0,0.0,0.0,0.0,0.0,0.0,0.0,24434000.0,28780000.0,20610000.0,0.0,0.0,0.0,0.0,0.0,0.0,0.0,0.0,0.0,0.0,0.0,0.0,0.0,0.0,0.0,0.0,0.0,0.0,0.0,0.0,0.0,0.0,0.0,0.0,143.24673970540366,0.37029052072994806,141.41895621163505,1.8236481839024412,138.60907418387276,3.247091566000906,-0.003567178650917824
2021-09-01,143.81141309150524,145.05513168478024,143.6958672121198,144.025146484375,21936000,0.0,0.0,142.80928955078124,138.04754104614258,76.70366546205472,3.403042733825572,3.031528443690774,3.3748715470641932,0.0035799489684493757,0.0,0.0,0.0,0.0,0.0,0.0,0.0,0.0,0.0,22448000.0,24434000.0,28780000.0,0.0,0.0,0.0,0.0,0.0,0.0,0.0,0.0,0.0,0.0,0.0,0.0,0.0,0.0,0.0,0.0,0.0,0.0,0.0,0.0,0.0,0.0,0.0,0.0,143.6472625732422,0.3315310093317055,142.15204511369978,1.6636627043966947,139.1773420061384,3.4577641694676697,0.013459092255623917
2021-09-02,144.02563035315396,144.32663982177834,142.01127317307444,142.11244201660156,32342000,0.0,0.0,143.1755615234375,138.39643249511718,66.93472724835813,3.2826054321511435,3.081743841382848,3.418288019300417,-0.013280350789165452,0.0,0.0,0.0,0.0,0.0,0.0,0.0,0.0,0.0,21936000.0,22448000.0,24434000.0,0.0,0.0,0.0,0.0,0.0,0.0,0.0,0.0,0.0,0.0,0.0,0.0,0.0,0.0,0.0,0.0,0.0,0.0,0.0,0.0,0.0,0.0,0.0,0.0,143.21632385253906,0.9899012807869939,142.43903241838728,1.4044730582317757,139.5711942400251,3.4554583009524387,-0.003147954616193771
2021-09-03,141.90762370846002,142.97330911300233,141.23319004017313,142.56121826171875,19850000,0.0,0.0,143.1230895996094,138.79320220947267,66.67173671521317,3.186636928373929,3.1027224587810647,3.418129639507622,0.0031578955279985,0.0,0.0,0.0,0.0,0.0,0.0,0.0,0.0,0.0,32342000.0,21936000.0,22448000.0,0.0,0.0,0.0,0.0,0.0,0.0,0.0,0.0,0.0,0.0,0.0,0.0,0.0,0.0,0.0,0.0,0.0,0.0,0.0,0.0,0.0,0.0,0.0,0.0,142.89960225423178,1.0002436653394695,142.67430114746094,1.234101667038041,139.95587049211775,3.4680179386050853,-0.0037498168597379644
2021-09-07,142.65546562838,143.37997686078998,142.44173224208836,143.09780883789062,20124000,0.0,0.0,143.0615997314453,139.15855712890624,75.0989051757081,3.1179379251847195,3.1057655520617957,3.4704283940707024,0.003763930911328206,0.0,0.0,0.0,0.0,0.0,0.0,0.0,0.0,0.0,19850000.0,32342000.0,21936000.0,0.0,0.0,0.0,0.0,0.0,0.0,0.0,0.0,0.0,0.0,0.0,0.0,0.0,0.0,0.0,0.0,0.0,0.0,0.0,0.0,0.0,0.0,0.0,0.0,142.59048970540366,0.4933351357705137,143.07669067382812,0.639854389808574,140.49562508719308,3.312645853397055,0.004102576291997728
2021-09-08,142.91879692732815,143.2163256757529,141.8278077374024,142.5131378173828,18344000,0.0,0.0,142.86195068359376,139.49993515014648,78.3132746618072,2.981941440421224,3.081000729733682,3.446542400175234,-0.004085813928640714,0.0,0.0,0.0,0.0,0.0,0.0,0.0,0.0,0.0,20124000.0,19850000.0,32342000.0,0.0,0.0,0.0,0.0,0.0,0.0,0.0,0.0,0.0,0.0,0.0,0.0,0.0,0.0,0.0,0.0,0.0,0.0,0.0,0.0,0.0,0.0,0.0,0.0,142.72405497233072,0.3245718661520724,143.03234209333147,0.6703531408696188,141.0795135498047,2.8290628484428297,0.0010449097919913442
2021-09-09,142.66142436593762,143.12757293783594,142.00386461498047,142.3643798828125,15314000,0.0,0.0,142.52979736328126,139.86005859375,77.15567913911016,2.8295425195106247,3.030709087689071,3.3441799254958138,-0.0010438190951975734,0.0,0.0,0.0,0.0,0.0,0.0,0.0,0.0,0.0,18344000.0,20124000.0,19850000.0,0.0,0.0,0.0,0.0,0.0,0.0,0.0,0.0,0.0,0.0,0.0,0.0,0.0,0.0,0.0,0.0,0.0,0.0,0.0,0.0,0.0,0.0,0.0,0.0,142.65844217936197,0.38770417362237175,142.8836451939174,0.6890297203945308,141.63641357421875,2.129518374177952,0.01891748060915366
2021-09-10,143.030343356749,143.53220739667623,139.58433740573318,139.72120666503906,36840000,0.0,0.0,142.05155029296876,140.04264907836915,61.19754073777867,2.4670447319718676,2.9179762165456307,3.223847217376185,-0.0185662538617396,0.0,0.0,0.0,0.0,0.0,0.0,0.0,0.0,0.0,15314000.0,18344000.0,20124000.0,0.0,0.0,0.0,0.0,0.0,0.0,0.0,0.0,0.0,0.0,0.0,0.0,0.0,0.0,0.0,0.0,0.0,0.0,0.0,0.0,0.0,0.0,0.0,0.0,141.53290812174478,1.5707414990845774,142.3421914236886,1.3167718773003834,141.88057381766183,1.6014598304668344,-0.01023300267126015
2021-09-13,140.78588503191912,141.77818710345173,140.09212560958235,141.16575622558594,22094000,0.0,0.0,141.7724578857422,140.27101135253906,58.047654818713895,2.2701567467703114,2.788412322590567,3.127357392590274,0.010338799635548401,0.0,0.0,0.0,0.0,0.0,0.0,0.0,0.0,0.0,36840000.0,15314000.0,18344000.0,0.0,0.0,0.0,0.0,0.0,0.0,0.0,0.0,0.0,0.0,0.0,0.0,0.0,0.0,0.0,0.0,0.0,0.0,0.0,0.0,0.0,0.0,0.0,0.0,141.08378092447916,1.3234920201052076,141.93370710100447,1.1392230544680482,142.04287610735213,1.374505974979933,-0.0014872827075107509
2021-09-14,141.82332937621524,142.18782475783476,140.5880403778888,141.3760223388672,19674000,0.0,0.0,141.4281005859375,140.48102493286132,54.85031570033361,2.106802411312657,2.6520903403349854,3.048599487373403,0.0014894980121471502,0.0,0.0,0.0,0.0,0.0,0.0,0.0,0.0,0.0,22094000.0,36840000.0,15314000.0,0.0,0.0,0.0,0.0,0.0,0.0,0.0,0.0,0.0,0.0,0.0,0.0,0.0,0.0,0.0,0.0,0.0,0.0,0.0,0.0,0.0,0.0,0.0,0.0,140.75432840983072,0.9008653419182228,141.82850428989954,1.1538751889903502,142.13376835414343,1.2748587017733335,-0.01305148639028575
2021-09-15,141.60117640739975,143.2664141950181,140.18885318248124,143.24559020996094,27408000,0.0,0.0,141.57459106445313,140.8662422180176,58.222316462930934,2.1039484184195487,2.5424619559518984,2.8732776189186064,0.013224080294270468,0.0,0.0,0.0,0.0,0.0,0.0,0.0,0.0,0.0,19674000.0,22094000.0,36840000.0,0.0,0.0,0.0,0.0,0.0,0.0,0.0,0.0,0.0,0.0,0.0,0.0,0.0,0.0,0.0,0.0,0.0,0.0,0.0,0.0,0.0,0.0,0.0,0.0,141.9291229248047,1.1449312399718206,141.92627171107702,1.2511941742748787,142.30028642926897,1.2554306907305515,0.005706372194178577
2021-09-16,142.77052431927007,143.1171619764454,141.23422561732042,142.4328155517578,26190000,0.0,0.0,141.5882781982422,141.27094802856445,57.494249745968446,2.0128990390777517,2.436549372577069,2.44334069587999,-0.005673994271040428,0.0,0.0,0.0,0.0,0.0,0.0,0.0,0.0,0.0,27408000.0,19674000.0,22094000.0,0.0,0.0,0.0,0.0,0.0,0.0,0.0,0.0,0.0,0.0,0.0,0.0,0.0,0.0,0.0,0.0,0.0,0.0,0.0,0.0,0.0,0.0,0.0,0.0,142.35147603352866,0.9374343145392255,141.8312726702009,1.1700309731722003,142.45398167201452,1.1128289564912157,0.019957429279171546
2021-09-17,141.858059023679,142.27411498980177,139.31854675119118,139.64584350585938,53384000,0.0,0.0,141.57320556640624,141.52485122680665,39.1176255421435,1.6963024785066523,2.288499993762986,1.9173380892655405,-0.01956692378158953,0.0,0.0,0.0,0.0,0.0,0.0,0.0,0.0,0.0,26190000.0,27408000.0,19674000.0,0.0,0.0,0.0,0.0,0.0,0.0,0.0,0.0,0.0,0.0,0.0,0.0,0.0,0.0,0.0,0.0,0.0,0.0,0.0,0.0,0.0,0.0,0.0,0.0,141.77474975585938,1.8879438623065308,141.4216591971261,1.3754098202133682,142.2270006452288,1.3337858470304205,0.014998005345474574
2021-09-20,137.02895758765368,137.86058517975945,135.20454353336754,137.58238220214844,46518000,0.0,0.0,140.85653076171874,141.58882217407228,31.89646665907624,1.264319058065098,2.0836638066234086,1.747789943117697,-0.014776388984498179,0.0,0.0,0.0,0.0,0.0,0.0,0.0,0.0,0.0,53384000.0,26190000.0,27408000.0,0.0,0.0,0.0,0.0,0.0,0.0,0.0,0.0,0.0,0.0,0.0,0.0,0.0,0.0,0.0,0.0,0.0,0.0,0.0,0.0,0.0,0.0,0.0,0.0,139.88701375325522,2.434193549396237,140.73851667131697,1.9120256544738872,141.8110809326172,1.773504606887158,-0.002254957603632257
2021-09-21,138.60394429145055,138.86380522550456,137.1445098358899,137.89332580566406,25332000,0.0,0.0,140.1599914550781,141.53881225585937,32.75291062345943,0.9362669328364746,1.8541844318660219,1.840804547493064,0.0022600539294250765,0.0,0.0,0.0,0.0,0.0,0.0,0.0,0.0,0.0,46518000.0,53384000.0,26190000.0,0.0,0.0,0.0,0.0,0.0,0.0,0.0,0.0,0.0,0.0,0.0,0.0,0.0,0.0,0.0,0.0,0.0,0.0,0.0,0.0,0.0,0.0,0.0,0.0,138.37385050455728,1.1124954506256486,140.4773908342634,2.180135206582417,141.409791128976,1.982470302603582,-0.008913766943346113
2021-09-22,138.16206678909336,139.73208288045385,137.41573292983023,139.13352966308594,25056000,0.0,0.0,139.33757934570312,141.4903121948242,35.62423373820954,0.767509969413652,1.636849539375548,1.892658571192082,0.008993936799883473,0.0,0.0,0.0,0.0,0.0,0.0,0.0,0.0,0.0,25332000.0,46518000.0,53384000.0,0.0,0.0,0.0,0.0,0.0,0.0,0.0,0.0,0.0,0.0,0.0,0.0,0.0,0.0,0.0,0.0,0.0,0.0,0.0,0.0,0.0,0.0,0.0,0.0,138.2030792236328,0.8206552238001839,140.18707275390625,2.208319909449755,141.06038992745536,1.9160174308768212,-0.006603537603983356
2021-09-23,139.83178336894923,140.53497110583865,139.250588451323,140.05841064453125,20952000,0.0,0.0,138.86269836425782,141.44751586914063,43.59140130997008,0.7003261023525056,1.4495448519709395,1.9159021122686024,0.006647434185597989,0.0,0.0,0.0,0.0,0.0,0.0,0.0,0.0,0.0,25056000.0,25332000.0,46518000.0,0.0,0.0,0.0,0.0,0.0,0.0,0.0,0.0,0.0,0.0,0.0,0.0,0.0,0.0,0.0,0.0,0.0,0.0,0.0,0.0,0.0,0.0,0.0,0.0,139.0284220377604,1.0863626464257448,139.99884251185827,2.145343771578075,140.9136734008789,1.9078861616832499,-0.007024598752764288
2021-09-24,139.3864691123975,141.16378703061662,139.0914071880992,141.04922485351562,22984000,0.0,0.0,139.14337463378905,141.48592300415038,45.43690411281885,0.718747555344919,1.3033853926457353,1.8989124745141372,0.00707429282129346,0.0,0.0,0.0,0.0,0.0,0.0,0.0,0.0,0.0,20952000.0,25056000.0,25332000.0,0.0,0.0,0.0,0.0,0.0,0.0,0.0,0.0,0.0,0.0,0.0,0.0,0.0,0.0,0.0,0.0,0.0,0.0,0.0,0.0,0.0,0.0,0.0,0.0,140.08038838704428,0.9580366806825135,139.68507603236608,1.7072290420665681,140.80567387172155,1.8493462551546394,0.008102288585167372
2021-09-27,139.6502793563309,140.77498621502428,138.91932129401908,139.91558837890625,21882000,0.0,0.0,139.61001586914062,141.34052352905275,40.730320098426176,0.634556923044272,1.1696196987254426,1.90242661177115,-0.008037169121536736,0.0,0.0,0.0,0.0,0.0,0.0,0.0,0.0,0.0,22984000.0,20952000.0,25056000.0,0.0,0.0,0.0,0.0,0.0,0.0,0.0,0.0,0.0,0.0,0.0,0.0,0.0,0.0,0.0,0.0,0.0,0.0,0.0,0.0,0.0,0.0,0.0,0.0,140.34107462565103,0.6174197185123612,139.32547215053015,1.2305584657052533,140.57837241036552,1.7381711553683326,0.038592286481095694
2021-09-28,137.51840770698303,137.95628643744843,134.25041949465725,134.71656799316406,45772000,0.0,0.0,138.97466430664062,140.90608901977538,32.10073494895994,0.14662751456666,0.9650212618936861,2.3463779944196053,-0.0371582641075181,0.0,0.0,0.0,0.0,0.0,0.0,0.0,0.0,0.0,21882000.0,22984000.0,20952000.0,0.0,0.0,0.0,0.0,0.0,0.0,0.0,0.0,0.0,0.0,0.0,0.0,0.0,0.0,0.0,0.0,0.0,0.0,0.0,0.0,0.0,0.0,0.0,0.0,138.56046040852866,3.376820189144526,138.6212899344308,2.111630349488681,140.02147456577845,2.2455365551151134,0.010989815080203913
2021-09-29,135.8571164274214,136.02671987866174,132.76766100224003,133.2521514892578,30848000,0.0,0.0,137.798388671875,140.39312744140625,30.272019176324534,-0.3541438800173182,0.7011882335114853,2.8203855209239737,-0.010870351922716459,0.0,0.0,0.0,0.0,0.0,0.0,0.0,0.0,0.0,45772000.0,21882000.0,22984000.0,0.0,0.0,0.0,0.0,0.0,0.0,0.0,0.0,0.0,0.0,0.0,0.0,0.0,0.0,0.0,0.0,0.0,0.0,0.0,0.0,0.0,0.0,0.0,0.0,135.96143595377603,3.5018023894989323,138.002685546875,2.9389202962541052,139.370601109096,2.772880610786568,0.005068147105167897
2021-09-30,133.1609261171282,134.43141608042833,132.46120397036233,132.58021545410156,37996000,0.0,0.0,136.30274963378906,139.82088088989258,33.0970003163949,-0.7960520480369837,0.40174017720179156,3.182498392314547,-0.005042590514648615,0.0,0.0,0.0,0.0,0.0,0.0,0.0,0.0,0.0,30848000.0,45772000.0,21882000.0,0.0,0.0,0.0,0.0,0.0,0.0,0.0,0.0,0.0,0.0,0.0,0.0,0.0,0.0,0.0,0.0,0.0,0.0,0.0,0.0,0.0,0.0,0.0,0.0,133.5163116455078,1.092399187065808,137.24366978236608,3.586595481442423,138.86053030831474,3.308488749171736,-0.020997213561942174
2021-10-01,133.3454089668454,135.78823199119176,132.9739823084811,135.42373657226562,35360000,0.0,0.0,135.17765197753906,139.48644561767577,37.25265560500505,-0.9063709845175367,0.14011794485792592,3.2789946393364713,0.02144755240006746,0.0,0.0,0.0,0.0,0.0,0.0,0.0,0.0,0.0,37996000.0,30848000.0,45772000.0,0.0,0.0,0.0,0.0,0.0,0.0,0.0,0.0,0.0,0.0,0.0,0.0,0.0,0.0,0.0,0.0,0.0,0.0,0.0,0.0,0.0,0.0,0.0,0.0,133.75203450520834,1.4862083836353173,136.7136993408203,3.5345086580529093,138.45038604736328,3.356299469671838,0.02157347405632737
2021-10-04,134.84600656635544,134.84600656635544,129.9757666568725,132.56387329101562,51202000,0.0,0.0,133.70730895996093,138.98657836914063,32.49613711323396,-1.2106114274493507,-0.13002792960352938,3.5374295346024196,-0.021117887850656825,0.0,0.0,0.0,0.0,0.0,0.0,0.0,0.0,0.0,35360000.0,37996000.0,30848000.0,0.0,0.0,0.0,0.0,0.0,0.0,0.0,0.0,0.0,0.0,0.0,0.0,0.0,0.0,0.0,0.0,0.0,0.0,0.0,0.0,0.0,0.0,0.0,0.0,133.5226084391276,1.6464455352455556,135.64305114746094,3.4872734904689726,137.8209468296596,3.5840101327237073,-0.017375777470609366
2021-10-05,132.942256683795,136.09966348549025,132.942256683795,134.9080047607422,32404000,0.0,0.0,133.74559631347657,138.57708816528321,33.74522690141565,-1.248184062617753,-0.3536591562063741,3.5103879580476556,0.017683033933238557,0.0,0.0,0.0,0.0,0.0,0.0,0.0,0.0,0.0,51202000.0,35360000.0,37996000.0,0.0,0.0,0.0,0.0,0.0,0.0,0.0,0.0,0.0,0.0,0.0,0.0,0.0,0.0,0.0,0.0,0.0,0.0,0.0,0.0,0.0,0.0,0.0,0.0,134.2985382080078,1.524234760801876,134.76573399135046,2.54598506436168,137.22540501185827,3.2942813749794864,-0.011209230962967442
2021-10-06,133.64543520241895,136.62084377835407,133.44707765743206,136.43736267089844,24364000,0.0,0.0,134.38263854980468,138.27329940795897,38.629107687748586,-1.1413969313826158,-0.5112067112416225,3.41339339452621,0.011336302192509251,0.0,0.0,0.0,0.0,0.0,0.0,0.0,0.0,0.0,32404000.0,51202000.0,35360000.0,0.0,0.0,0.0,0.0,0.0,0.0,0.0,0.0,0.0,0.0,0.0,0.0,0.0,0.0,0.0,0.0,0.0,0.0,0.0,0.0,0.0,0.0,0.0,0.0,134.63641357421875,1.9509744548465895,134.2688446044922,1.4965119710830546,136.79715837751115,2.9354087749729842,-0.011923255514308173
2021-10-07,137.753492623571,138.8940750879119,137.51447077791175,138.08377075195312,25110000,0.0,0.0,135.483349609375,138.05926895141602,46.903425796194526,-0.9133870308563417,-0.5916427751645664,3.2747570081270525,0.012067135048820843,0.0,0.0,0.0,0.0,0.0,0.0,0.0,0.0,0.0,24364000.0,32404000.0,51202000.0,0.0,0.0,0.0,0.0,0.0,0.0,0.0,0.0,0.0,0.0,0.0,0.0,0.0,0.0,0.0,0.0,0.0,0.0,0.0,0.0,0.0,0.0,0.0,0.0,136.47637939453125,1.5882424677218157,134.7498735700335,2.0884911497521665,136.68558175223214,2.8471604535277755,-0.004009733774016588
2021-10-08,138.43287677970883,139.1806940276926,138.07632652345558,138.63967895507812,26526000,0.0,0.0,136.1265380859375,138.00519256591798,52.22916903928673,-0.6799918728630416,-0.6093125947042615,3.2547373528304484,0.0040258764668557045,0.0,0.0,0.0,0.0,0.0,0.0,0.0,0.0,0.0,25110000.0,24364000.0,32404000.0,0.0,0.0,0.0,0.0,0.0,0.0,0.0,0.0,0.0,0.0,0.0,0.0,0.0,0.0,0.0,0.0,0.0,0.0,0.0,0.0,0.0,0.0,0.0,0.0,137.72027079264322,1.1452722031046991,135.51952035086495,2.4121806533759877,136.76110294887,2.886528270603882,0.0062738378260323024
2021-10-11,138.15020647249565,139.55856466782143,137.72074204736637,137.77529907226562,17954000,0.0,0.0,137.1688232421875,137.83566970825194,49.7568312040738,-0.5583366044275522,-0.5991173966489196,3.1686118317720453,-0.006234722190121111,0.0,0.0,0.0,0.0,0.0,0.0,0.0,0.0,0.0,26526000.0,25110000.0,24364000.0,0.0,0.0,0.0,0.0,0.0,0.0,0.0,0.0,0.0,0.0,0.0,0.0,0.0,0.0,0.0,0.0,0.0,0.0,0.0,0.0,0.0,0.0,0.0,0.0,138.16624959309897,0.4380527535356129,136.26167515345983,2.141072983880317,136.75267246791296,2.8831374616776304,0.018065240797152216
2021-10-12,138.33666593391,138.36345260313473,134.64715789042404,135.3305206298828,36332000,0.0,0.0,137.25332641601562,137.53339462280275,42.5352311785897,-0.651684898300033,-0.6096308969791423,3.1007315646010554,-0.017744678899956345,0.0,0.0,0.0,0.0,0.0,0.0,0.0,0.0,0.0,17954000.0,26526000.0,25110000.0,0.0,0.0,0.0,0.0,0.0,0.0,0.0,0.0,0.0,0.0,0.0,0.0,0.0,0.0,0.0,0.0,0.0,0.0,0.0,0.0,0.0,0.0,0.0,0.0,137.24849955240884,1.71632470875798,136.24835859026228,2.147433642698085,136.4810289655413,2.820027731333228,-0.008234907208289122
2021-10-13,136.27617541967604,136.86878120226152,135.39991852664056,136.45420837402344,19654000,0.0,0.0,137.25669555664064,137.19382553100587,42.98024703539105,-0.6277555090858016,-0.6132558194004741,2.7994878258078626,0.0083032839813999,0.0,0.0,0.0,0.0,0.0,0.0,0.0,0.0,0.0,36332000.0,17954000.0,26526000.0,0.0,0.0,0.0,0.0,0.0,0.0,0.0,0.0,0.0,0.0,0.0,0.0,0.0,0.0,0.0,0.0,0.0,0.0,0.0,0.0,0.0,0.0,0.0,0.0,136.52000935872397,1.2237167708564765,136.80412074497767,1.4126611237638247,136.22358594621932,2.6261761646859174,-0.025284907543541513
2021-10-14,138.33068721492134,140.17890644011712,137.68700521186503,139.9939422607422,31894000,0.0,0.0,137.63872985839845,137.07188186645507,48.13030927121559,-0.3194815692043562,-0.5545009693612506,2.6056794423175678,0.02594081874716747,0.0,0.0,0.0,0.0,0.0,0.0,0.0,0.0,0.0,19654000.0,36332000.0,17954000.0,0.0,0.0,0.0,0.0,0.0,0.0,0.0,0.0,0.0,0.0,0.0,0.0,0.0,0.0,0.0,0.0,0.0,0.0,0.0,0.0,0.0,0.0,0.0,0.0,137.25955708821616,2.433786194467471,137.53068324497767,1.573643474842126,136.14820861816406,2.488553297928511,-0.001535029581832048
2021-10-15,140.4536525487432,140.55630449662968,139.60120099035484,140.20916748046875,30274000,0.0,0.0,137.95262756347657,137.10004806518555,50.53764402376812,-0.0571466236301319,-0.4550301002150269,2.63781366380295,0.0015373895202244192,0.0,0.0,0.0,0.0,0.0,0.0,0.0,0.0,0.0,31894000.0,19654000.0,36332000.0,0.0,0.0,0.0,0.0,0.0,0.0,0.0,0.0,0.0,0.0,0.0,0.0,0.0,0.0,0.0,0.0,0.0,0.0,0.0,0.0,0.0,0.0,0.0,0.0,138.88577270507812,2.1085443547254195,138.06951250348772,1.7703432740932448,136.16917855398995,2.5237296576078547,-0.009875440660075285
2021-10-18,139.92006032333015,141.62546275603327,139.9131139513097,141.60760498046875,20396000,0.0,0.0,138.71908874511718,137.30130920410156,64.66066706358146,0.2605939647671107,-0.3119052872185994,2.823570525882804,0.009973937689878865,0.0,0.0,0.0,0.0,0.0,0.0,0.0,0.0,0.0,30274000.0,31894000.0,19654000.0,0.0,0.0,0.0,0.0,0.0,0.0,0.0,0.0,0.0,0.0,0.0,0.0,0.0,0.0,0.0,0.0,0.0,0.0,0.0,0.0,0.0,0.0,0.0,0.0,140.60357157389322,0.8761522612771732,138.57291739327567,2.2191842174301653,136.66139548165458,2.8672456295392044,-0.003204646242972231
2021-10-19,142.2121299993637,142.48488486692986,141.43109432493534,142.0628662109375,20164000,0.0,0.0,140.06555786132813,137.50978622436523,69.58578147545887,0.5428834246055771,-0.1409475448537641,3.0168923352848633,0.0032149490172617146,0.0,0.0,0.0,0.0,0.0,0.0,0.0,0.0,0.0,20396000.0,30274000.0,31894000.0,0.0,0.0,0.0,0.0,0.0,0.0,0.0,0.0,0.0,0.0,0.0,0.0,0.0,0.0,0.0,0.0,0.0,0.0,0.0,0.0,0.0,0.0,0.0,0.0,141.293212890625,0.9660132170174444,139.06194414411272,2.5835997835020876,137.29073224748885,3.0240357933554245,0.01035495782714202
2021-10-20,142.16302664662172,142.36932937667234,140.21760340386373,140.6068878173828,23288000,0.0,0.0,140.89609375,137.58345413208008,67.24188113749295,0.6417172500688935,0.015585414130767417,3.07603730216117,-0.010248831608063003,0.0,0.0,0.0,0.0,0.0,0.0,0.0,0.0,0.0,20164000.0,20396000.0,30274000.0,0.0,0.0,0.0,0.0,0.0,0.0,0.0,0.0,0.0,0.0,0.0,0.0,0.0,0.0,0.0,0.0,0.0,0.0,0.0,0.0,0.0,0.0,0.0,0.0,141.42578633626303,0.7448233247958356,139.4664568219866,2.5702110456347205,137.86406598772322,2.816001795354472,-0.0008246210484061933
2021-10-21,140.6068856243596,140.99072189641535,139.3482906803263,140.72293090820312,26292000,0.0,0.0,141.0418914794922,137.61668014526367,62.89392238281088,0.7210951405107835,0.15668735940677064,3.1076046752214195,0.0008253016094845744,0.0,0.0,0.0,0.0,0.0,0.0,0.0,0.0,0.0,23288000.0,20164000.0,20396000.0,0.0,0.0,0.0,0.0,0.0,0.0,0.0,0.0,0.0,0.0,0.0,0.0,0.0,0.0,0.0,0.0,0.0,0.0,0.0,0.0,0.0,0.0,0.0,0.0,141.13089497884116,0.8091936003349124,140.23680114746094,1.8236709864200988,138.2425798688616,2.8188969721031225,0.03139944450999277
2021-10-22,138.00934325689758,139.4305952313603,134.94071143427604,136.43882751464844,50588000,0.0,0.0,140.28782348632814,137.38616027832032,58.81736132956402,0.4333163493140546,0.21201315738822743,3.0090137831442494,-0.03044353443966652,0.0,0.0,0.0,0.0,0.0,0.0,0.0,0.0,0.0,26292000.0,23288000.0,20164000.0,0.0,0.0,0.0,0.0,0.0,0.0,0.0,0.0,0.0,0.0,0.0,0.0,0.0,0.0,0.0,0.0,0.0,0.0,0.0,0.0,0.0,0.0,0.0,0.0,139.25621541341147,2.4406192715792114,140.23460388183594,1.8289895675985748,138.51936231340682,2.373469331312615,0.0008693863187001494
2021-10-25,136.42246503075222,136.86877322103567,134.31388545894404,136.3203125,34412000,0.0,0.0,139.23036499023436,137.206396484375,53.57585769664958,0.19345636815589273,0.2083017995417605,2.9568906102092893,-0.0008686311426687743,0.0,0.0,0.0,0.0,0.0,0.0,0.0,0.0,0.0,50588000.0,26292000.0,23288000.0,0.0,0.0,0.0,0.0,0.0,0.0,0.0,0.0,0.0,0.0,0.0,0.0,0.0,0.0,0.0,0.0,0.0,0.0,0.0,0.0,0.0,0.0,0.0,0.0,137.82735697428384,2.508340638204597,139.70979963030135,2.3596270722069774,138.62024143763952,2.2340904362872855,-0.013362403467830575
2021-10-26,138.1219203768164,138.9346913152146,137.17078194335667,138.1665496826172,49236000,0.0,0.0,138.45110168457032,137.37889556884767,54.30902841151062,0.150605430327289,0.1967625256988662,2.9041564505821875,0.01354337551578877,0.0,0.0,0.0,0.0,0.0,0.0,0.0,0.0,0.0,34412000.0,50588000.0,26292000.0,0.0,0.0,0.0,0.0,0.0,0.0,0.0,0.0,0.0,0.0,0.0,0.0,0.0,0.0,0.0,0.0,0.0,0.0,0.0,0.0,0.0,0.0,0.0,0.0,136.97522989908853,1.033413553300007,139.4179970877511,2.413270623162932,138.74375479561942,2.150355602283358,-0.04725136622026316
2021-10-27,138.2622354047623,147.43144527816239,138.2622354047623,145.01889038085938,85782000,0.0,0.0,139.33350219726563,137.96723251342775,63.72169918412498,0.661941925844701,0.28979840572803317,3.200863912344888,0.04959478769631809,0.0,0.0,0.0,0.0,0.0,0.0,0.0,0.0,0.0,49236000.0,34412000.0,50588000.0,0.0,0.0,0.0,0.0,0.0,0.0,0.0,0.0,0.0,0.0,0.0,0.0,0.0,0.0,0.0,0.0,0.0,0.0,0.0,0.0,0.0,0.0,0.0,0.0,139.8352508544922,4.58309251358802,139.9053235735212,3.1584928851835277,139.23912048339844,2.712062898946958,0.0025263691760597506
2021-10-28,145.92841199689116,145.9517179093353,143.44145926717053,144.6534423828125,36206000,0.0,0.0,140.1196044921875,138.57089385986328,61.9890804269025,1.0258656427068047,0.4370118531237875,3.269173202396374,-0.002520002718867209,0.0,0.0,0.0,0.0,0.0,0.0,0.0,0.0,0.0,85782000.0,49236000.0,34412000.0,0.0,0.0,0.0,0.0,0.0,0.0,0.0,0.0,0.0,0.0,0.0,0.0,0.0,0.0,0.0,0.0,0.0,0.0,0.0,0.0,0.0,0.0,0.0,0.0,142.6129608154297,3.8550378767682862,140.27540588378906,3.5774147885214993,139.6686750139509,3.063319207111136,-0.014840152753685776
2021-10-29,143.88878516538037,147.0268510185373,143.46380028291566,146.83245849609375,43320000,0.0,0.0,142.19833068847657,139.14132995605468,67.1570866164492,1.473124932559017,0.6442344690108335,3.6627806489709034,0.015063700368185273,0.0,0.0,0.0,0.0,0.0,0.0,0.0,0.0,0.0,36206000.0,85782000.0,49236000.0,0.0,0.0,0.0,0.0,0.0,0.0,0.0,0.0,0.0,0.0,0.0,0.0,0.0,0.0,0.0,0.0,0.0,0.0,0.0,0.0,0.0,0.0,0.0,0.0,145.50159708658853,1.1669542100277903,141.1647731236049,4.361490943324748,140.31561497279577,3.550368370032993,0.03170128431789854
2021-11-01,146.8324309481015,146.8324309481015,142.05143515277334,142.32070922851562,46924000,0.0,0.0,143.39841003417968,139.6291717529297,62.27995824735387,1.4468423840887397,0.8047560520264148,3.3794191619361413,-0.030727192841344064,0.0,0.0,0.0,0.0,0.0,0.0,0.0,0.0,0.0,43320000.0,36206000.0,85782000.0,0.0,0.0,0.0,0.0,0.0,0.0,0.0,0.0,0.0,0.0,0.0,0.0,0.0,0.0,0.0,0.0,0.0,0.0,0.0,0.0,0.0,0.0,0.0,0.0,144.60220336914062,2.256311024828872,141.39302716936385,4.376297595413093,140.8149141584124,3.276319983082292,-0.013308565011819096
2021-11-02,143.39433663204673,145.40719548804785,143.15233350459803,144.24034118652344,33482000,0.0,0.0,144.61316833496093,140.09578857421874,63.30611640348507,1.5628954452241715,0.9563839306659662,3.3372526061524392,0.013488071893497766,0.0,0.0,0.0,0.0,0.0,0.0,0.0,0.0,0.0,46924000.0,43320000.0,36206000.0,0.0,0.0,0.0,0.0,0.0,0.0,0.0,0.0,0.0,0.0,0.0,0.0,0.0,0.0,0.0,0.0,0.0,0.0,0.0,0.0,0.0,0.0,0.0,0.0,144.4645029703776,2.2642121681455283,142.50752912248885,3.8682507788966176,141.3710665021624,3.137037597976906,-0.00795051325507079
2021-11-03,144.70452437779974,145.4667336808486,143.405764521186,145.3963165283203,27494000,0.0,0.0,144.68865356445312,140.54373626708986,60.051316934020434,1.728223991097849,1.110751942752343,3.420574112933237,0.008014230500897446,0.0,0.0,0.0,0.0,0.0,0.0,0.0,0.0,0.0,33482000.0,46924000.0,43320000.0,0.0,0.0,0.0,0.0,0.0,0.0,0.0,0.0,0.0,0.0,0.0,0.0,0.0,0.0,0.0,0.0,0.0,0.0,0.0,0.0,0.0,0.0,0.0,0.0,143.98578898111978,1.5535242787319692,143.8041011265346,2.830663495288906,141.75695037841797,3.283461366138253,-0.011260003934749574
2021-11-04,145.918488091667,148.5061103237096,145.10868328164617,147.0521240234375,38412000,0.0,0.0,145.16838989257812,140.99215393066407,62.08381879499165,1.9701472503974458,1.2826310042813636,3.660545909894911,0.011388235511417877,0.0,0.0,0.0,0.0,0.0,0.0,0.0,0.0,0.0,27494000.0,33482000.0,46924000.0,0.0,0.0,0.0,0.0,0.0,0.0,0.0,0.0,0.0,0.0,0.0,0.0,0.0,0.0,0.0,0.0,0.0,0.0,0.0,0.0,0.0,0.0,0.0,0.0,145.56292724609375,1.4132763455703523,145.07346888950892,1.6106178821396446,142.24573298863,3.5350231739973763,-0.003926637581304515
2021-11-05,147.94670774549678,149.0952199954821,146.98219111996391,147.63182067871094,38354000,0.0,0.0,145.32826232910156,141.4417610168457,60.95479101980338,2.1834800528289406,1.462800813990879,3.9007451122627037,0.003942116845459864,0.0,0.0,0.0,0.0,0.0,0.0,0.0,0.0,0.0,38412000.0,27494000.0,33482000.0,0.0,0.0,0.0,0.0,0.0,0.0,0.0,0.0,0.0,0.0,0.0,0.0,0.0,0.0,0.0,0.0,0.0,0.0,0.0,0.0,0.0,0.0,0.0,0.0,146.69342041015625,1.160116767070896,145.44674464634485,1.876671757075296,142.67603410993303,3.8075184873494194,-0.001201217941670274
2021-11-08,148.5968545496057,149.3803872526516,147.2137847900475,147.8093719482422,23052000,0.0,0.0,146.42599487304688,141.94346466064454,60.556407374289776,2.339901807826692,1.6382210127580417,4.046895047892973,0.0012026626015650965,0.0,0.0,0.0,0.0,0.0,0.0,0.0,0.0,0.0,38354000.0,38412000.0,27494000.0,0.0,0.0,0.0,0.0,0.0,0.0,0.0,0.0,0.0,0.0,0.0,0.0,0.0,0.0,0.0,0.0,0.0,0.0,0.0,0.0,0.0,0.0,0.0,0.0,147.49777221679688,0.39602127153882466,145.89759172712053,2.0273635982667173,143.0864988054548,4.039040310344889,0.0007556159028943021
2021-11-09,148.00969001611557,148.606260776847,146.03797976414563,147.69776916503906,19530000,0.0,0.0,147.11748046875,142.56182708740235,63.70286496113608,2.4268861310841885,1.7959540364232711,3.9263172834989306,-0.0007550453785989397,0.0,0.0,0.0,0.0,0.0,0.0,0.0,0.0,0.0,23052000.0,38354000.0,38412000.0,0.0,0.0,0.0,0.0,0.0,0.0,0.0,0.0,0.0,0.0,0.0,0.0,0.0,0.0,0.0,0.0,0.0,0.0,0.0,0.0,0.0,0.0,0.0,0.0,147.7129872639974,0.08974857229951162,146.02120753696985,2.11821134492482,143.5929903302874,4.147324239726665,0.020734269052715915
2021-11-10,146.29090824279103,146.85624308458767,143.35269859682205,144.69757080078125,29970000,0.0,0.0,146.97773132324218,142.97399520874023,56.91052467373703,2.2280473566461865,1.8823727004678543,3.676125853034501,-0.02031309193915687,0.0,0.0,0.0,0.0,0.0,0.0,0.0,0.0,0.0,19530000.0,23052000.0,38354000.0,0.0,0.0,0.0,0.0,0.0,0.0,0.0,0.0,0.0,0.0,0.0,0.0,0.0,0.0,0.0,0.0,0.0,0.0,0.0,0.0,0.0,0.0,0.0,0.0,146.73490397135416,1.7652644649575904,146.36075919015067,1.5368894458656688,143.87689317975725,4.071083052654137,0.0008712727495330252
2021-11-11,145.28869002419106,146.32612090055292,144.40696987833476,144.5716094970703,16518000,0.0,0.0,146.48162841796875,143.20287857055663,66.53022513782682,2.0368229438229832,1.9132627491388803,3.622938821880596,-0.0008705142941505262,0.0,0.0,0.0,0.0,0.0,0.0,0.0,0.0,0.0,29970000.0,19530000.0,23052000.0,0.0,0.0,0.0,0.0,0.0,0.0,0.0,0.0,0.0,0.0,0.0,0.0,0.0,0.0,0.0,0.0,0.0,0.0,0.0,0.0,0.0,0.0,0.0,0.0,145.65564982096353,1.7696483051989504,146.40808323451452,1.4640914230788367,144.45780617850167,3.4628989082562507,-0.019582592473899485
2021-11-12,145.41365059304397,147.62984607624279,144.21902587009922,147.45924377441406,22360000,0.0,0.0,146.44711303710938,143.5653823852539,70.3496511294041,2.0941441816120516,1.9494390356335147,3.670036474643027,0.01997372988644952,0.0,0.0,0.0,0.0,0.0,0.0,0.0,0.0,0.0,16518000.0,29970000.0,19530000.0,0.0,0.0,0.0,0.0,0.0,0.0,0.0,0.0,0.0,0.0,0.0,0.0,0.0,0.0,0.0,0.0,0.0,0.0,0.0,0.0,0.0,0.0,0.0,0.0,145.57614135742188,1.6320302071865247,146.7027871268136,1.4338000845493932,145.2534441266741,2.6285263915639603,0.0015224061603456018
2021-11-15,147.67991725355816,148.32359927216987,146.36528227383033,147.23509216308594,23508000,0.0,0.0,146.33225708007814,143.84675674438478,67.61103274977182,2.0973080521201837,1.9790128389308486,3.727314778244643,-0.001520091962976755,0.0,0.0,0.0,0.0,0.0,0.0,0.0,0.0,0.0,22360000.0,16518000.0,29970000.0,0.0,0.0,0.0,0.0,0.0,0.0,0.0,0.0,0.0,0.0,0.0,0.0,0.0,0.0,0.0,0.0,0.0,0.0,0.0,0.0,0.0,0.0,0.0,0.0,146.42198181152344,1.6063839089040939,146.72892543247767,1.4428690170317047,145.9011971609933,1.701755723575014,0.003894915417173239
2021-11-16,146.93510551026554,147.54307207632556,146.10496093518637,146.66384887695312,18904000,0.0,0.0,146.12547302246094,144.07680587768556,54.22528145287849,2.0303166565917934,1.9892736024630375,3.7533137936587004,-0.003879803909112023,0.0,0.0,0.0,0.0,0.0,0.0,0.0,0.0,0.0,23508000.0,22360000.0,16518000.0,0.0,0.0,0.0,0.0,0.0,0.0,0.0,0.0,0.0,0.0,0.0,0.0,0.0,0.0,0.0,0.0,0.0,0.0,0.0,0.0,0.0,0.0,0.0,0.0,147.11939493815103,0.4101251597009556,146.59064374651228,1.387226751565546,146.01869419642858,1.6929159571635275,-0.0011550599680324458
2021-11-17,146.81410943319142,147.34174630903868,146.0330736802701,146.8334503173828,19594000,0.0,0.0,146.55264892578126,144.38813400268555,55.65653390261999,1.9682224683734262,1.9850633756451153,3.7083134017976116,0.0011563956743831927,0.0,0.0,0.0,0.0,0.0,0.0,0.0,0.0,0.0,18904000.0,23508000.0,22360000.0,0.0,0.0,0.0,0.0,0.0,0.0,0.0,0.0,0.0,0.0,0.0,0.0,0.0,0.0,0.0,0.0,0.0,0.0,0.0,0.0,0.0,0.0,0.0,0.0,146.91079711914062,0.29337112808583693,146.45122637067522,1.289960240338419,146.17440904889787,1.6575698872001032,-0.011956171076385025
2021-11-18,147.02635065516242,149.34618212111218,146.6722823464295,148.61026000976562,35608000,0.0,0.0,147.36037902832032,144.78250045776366,54.71125136270853,2.0388830944508243,1.995827319406257,3.7174008584884692,0.012100850920156114,0.0,0.0,0.0,0.0,0.0,0.0,0.0,0.0,0.0,19594000.0,18904000.0,23508000.0,0.0,0.0,0.0,0.0,0.0,0.0,0.0,0.0,0.0,0.0,0.0,0.0,0.0,0.0,0.0,0.0,0.0,0.0,0.0,0.0,0.0,0.0,0.0,0.0,147.3691864013672,1.0781414277570807,146.58158220563615,1.470407729197847,146.30139487130302,1.7757463943952982,0.006123940371333125
2021-11-19,148.7461161421964,149.7290051929881,147.67844804906963,147.70571899414062,33682000,0.0,0.0,147.40967407226563,145.3458450317383,67.64372976464495,1.9988517307926656,1.9964322016835387,3.2047949270161338,-0.0060866659917394594,0.0,0.0,0.0,0.0,0.0,0.0,0.0,0.0,0.0,35608000.0,19594000.0,18904000.0,0.0,0.0,0.0,0.0,0.0,0.0,0.0,0.0,0.0,0.0,0.0,0.0,0.0,0.0,0.0,0.0,0.0,0.0,0.0,0.0,0.0,0.0,0.0,0.0,147.7164764404297,0.8884536919413155,147.01131766183036,1.2512706841434582,146.68603842599052,1.3880683063639654,0.0179389937506389
2021-11-22,148.10838258410493,148.6013025990791,144.94949337082977,145.10272216796875,30594000,0.0,0.0,146.9832000732422,145.78496551513672,52.70444476983724,1.7370627192200914,1.9445583051908495,2.404883575548977,-0.017622857421486393,0.0,0.0,0.0,0.0,0.0,0.0,0.0,0.0,0.0,33682000.0,35608000.0,19594000.0,0.0,0.0,0.0,0.0,0.0,0.0,0.0,0.0,0.0,0.0,0.0,0.0,0.0,0.0,0.0,0.0,0.0,0.0,0.0,0.0,0.0,0.0,0.0,0.0,147.13956705729166,1.8210165950939072,147.08719090053015,1.0835384581328464,146.74763706752233,1.286613652773979,0.00356682504447714
2021-11-23,144.95496666414806,145.45781447907999,142.9336779574355,144.58700561523438,27218000,0.0,0.0,146.56783142089844,146.1059883117676,47.35580014976105,1.471021999744579,1.8498510441015956,1.6418790684427131,-0.0035541480203065134,0.0,0.0,0.0,0.0,0.0,0.0,0.0,0.0,0.0,30594000.0,33682000.0,35608000.0,0.0,0.0,0.0,0.0,0.0,0.0,0.0,0.0,0.0,0.0,0.0,0.0,0.0,0.0,0.0,0.0,0.0,0.0,0.0,0.0,0.0,0.0,0.0,0.0,145.7984822591146,1.6717221250152248,146.67687116350447,1.4129343376588295,146.68982914515905,1.3676298273366745,-0.002313000033060897
2021-11-24,144.2810105888424,145.0506504792178,143.18953724894834,144.92221069335938,18040000,0.0,0.0,146.18558349609376,146.10115432739258,42.38386964416664,1.2725617613763802,1.7343931875565528,1.6453867058309046,0.0023183624053813023,0.0,0.0,0.0,0.0,0.0,0.0,0.0,0.0,0.0,27218000.0,30594000.0,33682000.0,0.0,0.0,0.0,0.0,0.0,0.0,0.0,0.0,0.0,0.0,0.0,0.0,0.0,0.0,0.0,0.0,0.0,0.0,0.0,0.0,0.0,0.0,0.0,0.0,144.87064615885416,0.2616965162261244,146.3464595249721,1.5265058346970768,146.5376924787249,1.440740380673867,0.027689533650813836
2021-11-26,143.16524773270095,143.37253416299765,140.67979308519273,141.0175018310547,30470000,0.0,0.0,144.66703186035156,145.9193572998047,30.892221755949976,0.7910840954467631,1.545731369134595,1.9805010060856962,-0.026943481220878196,0.0,0.0,0.0,0.0,0.0,0.0,0.0,0.0,0.0,18040000.0,27218000.0,30594000.0,0.0,0.0,0.0,0.0,0.0,0.0,0.0,0.0,0.0,0.0,0.0,0.0,0.0,0.0,0.0,0.0,0.0,0.0,0.0,0.0,0.0,0.0,0.0,0.0,143.50890604654947,2.1641191822168366,145.53983851841517,2.5074526364906853,146.06524113246374,2.021708557764529,-0.023001901302474148
2021-11-29,142.81958339759728,145.098250620001,142.71395011842046,144.33753967285156,32596000,0.0,0.0,143.99339599609374,145.79461135864258,41.511582271208546,0.6696891241016942,1.3705229201280151,1.9984528579111145,0.023543445307763422,0.0,0.0,0.0,0.0,0.0,0.0,0.0,0.0,0.0,30470000.0,18040000.0,27218000.0,0.0,0.0,0.0,0.0,0.0,0.0,0.0,0.0,0.0,0.0,0.0,0.0,0.0,0.0,0.0,0.0,0.0,0.0,0.0,0.0,0.0,0.0,0.0,0.0,143.42575073242188,2.105993145467801,145.18327985491072,2.470022429366434,145.81725311279297,2.004167938291672,0.025602924809433603
2021-11-30,143.81981989380787,144.80319311094968,140.44075042064517,140.7343292236328,42068000,0.0,0.0,143.11971740722657,145.71529235839844,35.457699622195136,0.2795117275364021,1.1523206816096927,2.16788876050765,-0.024963779051420776,0.0,0.0,0.0,0.0,0.0,0.0,0.0,0.0,0.0,32596000.0,30470000.0,18040000.0,0.0,0.0,0.0,0.0,0.0,0.0,0.0,0.0,0.0,0.0,0.0,0.0,0.0,0.0,0.0,0.0,0.0,0.0,0.0,0.0,0.0,0.0,0.0,0.0,142.02979024251303,2.003578612463006,144.05814688546317,2.4424565555554336,145.31986454554968,2.3378688166146278,0.00599781243292008
2021-12-01,142.8195956469263,144.75410739029755,139.75691130496085,139.895263671875,34020000,0.0,0.0,142.18136901855468,145.498038482666,38.975867151640145,-0.0963021368932857,0.902596117909097,2.5136297920997452,-0.005962053156373104,0.0,0.0,0.0,0.0,0.0,0.0,0.0,0.0,0.0,42068000.0,32596000.0,30470000.0,0.0,0.0,0.0,0.0,0.0,0.0,0.0,0.0,0.0,0.0,0.0,0.0,0.0,0.0,0.0,0.0,0.0,0.0,0.0,0.0,0.0,0.0,0.0,0.0,141.65571085611978,2.3601190863441825,142.94236755371094,2.2768265157330054,144.97684260777064,2.751851772126334,-0.013391171376410216
2021-12-02,140.0921154938086,142.68518529611637,139.06509677127372,141.79405212402344,29194000,0.0,0.0,141.5557373046875,145.31792526245118,44.10377969650484,-0.23817543464383562,0.6744418073985105,2.6468323873720134,0.013572928791942829,0.0,0.0,0.0,0.0,0.0,0.0,0.0,0.0,0.0,34020000.0,42068000.0,32596000.0,0.0,0.0,0.0,0.0,0.0,0.0,0.0,0.0,0.0,0.0,0.0,0.0,0.0,0.0,0.0,0.0,0.0,0.0,0.0,0.0,0.0,0.0,0.0,0.0,140.8078816731771,0.9515287008956964,142.4697004045759,2.089307322458929,144.77844565255302,2.8804357142156998,0.0067919287760269675
2021-12-03,142.5032312136305,143.21633168228553,139.15093259281727,140.83749389648438,41230000,0.0,0.0,141.51973571777344,145.0071937561035,34.68792098575855,-0.42292211701968085,0.4549690225148722,2.7932668155271343,-0.006746109679568124,0.0,0.0,0.0,0.0,0.0,0.0,0.0,0.0,0.0,29194000.0,34020000.0,42068000.0,0.0,0.0,0.0,0.0,0.0,0.0,0.0,0.0,0.0,0.0,0.0,0.0,0.0,0.0,0.0,0.0,0.0,0.0,0.0,0.0,0.0,0.0,0.0,0.0,140.84226989746094,0.9494032357969797,141.9340558733259,1.9306277825728069,144.30546351841517,2.9492147785857945,-0.008057475093767752
2021-12-06,141.8679430077585,142.67328324398704,139.0011345584632,141.98150634765625,30618000,0.0,0.0,141.04852905273438,144.72467803955078,38.347373159282355,-0.4715867909583267,0.2696578598202325,2.7995701339251724,0.008122925362565203,0.0,0.0,0.0,0.0,0.0,0.0,0.0,0.0,0.0,41230000.0,29194000.0,34020000.0,0.0,0.0,0.0,0.0,0.0,0.0,0.0,0.0,0.0,0.0,0.0,0.0,0.0,0.0,0.0,0.0,0.0,0.0,0.0,0.0,0.0,0.0,0.0,0.0,141.53768412272134,0.6135833571549238,141.51395525251115,1.426051214999814,143.93020738874162,2.8812242882392054,-0.02793883209330217
2021-12-07,144.4030265379746,146.32167843600868,144.03704800153227,146.06231689453125,32240000,0.0,0.0,142.11412658691407,144.63732528686523,48.84551948401849,-0.17880543157596662,0.17996520154099266,2.7245047535339317,0.028741845694204127,0.0,0.0,0.0,0.0,0.0,0.0,0.0,0.0,0.0,30618000.0,41230000.0,29194000.0,0.0,0.0,0.0,0.0,0.0,0.0,0.0,0.0,0.0,0.0,0.0,0.0,0.0,0.0,0.0,0.0,0.0,0.0,0.0,0.0,0.0,0.0,0.0,0.0,142.96043904622397,2.7465297670830675,142.2346431187221,2.1987543075649327,143.88724081856864,2.841534574314038,-0.006188055722505803
2021-12-08,146.3866264476649,147.1766061373384,145.20589435210303,146.97178649902344,24270000,0.0,0.0,143.52943115234376,144.60102615356445,50.25816761929931,0.12516962392896858,0.16900608601858785,2.6861500209564504,0.006226586184778116,0.0,0.0,0.0,0.0,0.0,0.0,0.0,0.0,0.0,32240000.0,30618000.0,41230000.0,0.0,0.0,0.0,0.0,0.0,0.0,0.0,0.0,0.0,0.0,0.0,0.0,0.0,0.0,0.0,0.0,0.0,0.0,0.0,0.0,0.0,0.0,0.0,0.0,145.0052032470703,2.657788732201665,142.61096409388952,2.7699023503822375,143.8971219744001,2.8527860647205436,0.003711838378095411
2021-12-09,146.38115719853195,147.87779015183264,145.90906116663706,146.4282684326172,23270000,0.0,0.0,144.4562744140625,144.68756103515625,45.73140116691771,0.3185427176861424,0.19891341235209875,2.7171227480303135,-0.0036981115855856395,0.0,0.0,0.0,0.0,0.0,0.0,0.0,0.0,0.0,24270000.0,32240000.0,30618000.0,0.0,0.0,0.0,0.0,0.0,0.0,0.0,0.0,0.0,0.0,0.0,0.0,0.0,0.0,0.0,0.0,0.0,0.0,0.0,0.0,0.0,0.0,0.0,0.0,146.48745727539062,0.457614717535523,143.42438398088728,2.956705508224174,143.74126543317522,2.626082236924385,-0.002452723609494334
2021-12-10,147.4810753999608,147.75629704872722,145.5014348041652,146.78829956054688,24458000,0.0,0.0,145.646435546875,144.79839553833008,48.16619757144095,0.49513616923746895,0.25815796372917277,2.7570611391996516,0.002458754254103468,0.0,0.0,0.0,0.0,0.0,0.0,0.0,0.0,0.0,23270000.0,24270000.0,32240000.0,0.0,0.0,0.0,0.0,0.0,0.0,0.0,0.0,0.0,0.0,0.0,0.0,0.0,0.0,0.0,0.0,0.0,0.0,0.0,0.0,0.0,0.0,0.0,0.0,146.72945149739584,0.2764964611521222,144.4091033935547,2.7241566399524926,143.6757354736328,2.5292049430923527,0.014914945815529101
2021-12-13,146.5700951293805,146.75705697342113,144.32466128723686,144.63113403320312,27070000,0.0,0.0,146.17636108398438,144.65699005126953,49.040250716101035,0.45576870409226444,0.2976801118017911,2.6849903383205733,-0.014695759360942584,0.0,0.0,0.0,0.0,0.0,0.0,0.0,0.0,0.0,24458000.0,23270000.0,24270000.0,0.0,0.0,0.0,0.0,0.0,0.0,0.0,0.0,0.0,0.0,0.0,0.0,0.0,0.0,0.0,0.0,0.0,0.0,0.0,0.0,0.0,0.0,0.0,0.0,145.94923400878906,1.1556151013633378,144.81440080915178,2.4693831514172753,143.64205060686385,2.511818516417689,0.01333856472998085
2021-12-14,142.78786052539195,143.2956569953205,140.05742162389038,142.72735595703125,38446000,0.0,0.0,145.50936889648438,144.4316032409668,46.41773794939203,0.26786296658764286,0.29171668275896145,2.646101225081184,-0.013162989344568277,0.0,0.0,0.0,0.0,0.0,0.0,0.0,0.0,0.0,27070000.0,24458000.0,23270000.0,0.0,0.0,0.0,0.0,0.0,0.0,0.0,0.0,0.0,0.0,0.0,0.0,0.0,0.0,0.0,0.0,0.0,0.0,0.0,0.0,0.0,0.0,0.0,0.0,144.7155965169271,2.0317889090899492,145.08438110351562,2.025539475396963,143.50921848842077,2.50717009492268,-0.017303905547173648
2021-12-15,142.2334415962049,145.51828889506476,140.51662819810505,145.24058532714844,36370000,0.0,0.0,145.1631286621094,144.36044006347657,50.565810561254786,0.31807633605535557,0.2969886134182403,2.601673850406788,0.017608603152949875,0.0,0.0,0.0,0.0,0.0,0.0,0.0,0.0,0.0,38446000.0,27070000.0,24458000.0,0.0,0.0,0.0,0.0,0.0,0.0,0.0,0.0,0.0,0.0,0.0,0.0,0.0,0.0,0.0,0.0,0.0,0.0,0.0,0.0,0.0,0.0,0.0,0.0,144.19969177246094,1.310987141420679,145.54996381487166,1.4997809939834534,143.5319595336914,2.5223701993048966,0.013818346425243044
2021-12-16,145.96410864255435,146.46645697869997,142.42981251292935,143.26095581054688,33650000,0.0,0.0,144.5296661376953,144.18181533813475,54.27988074424811,0.19587332977206984,0.2767655566890062,2.5449679939086076,-0.013630002331252888,0.0,0.0,0.0,0.0,0.0,0.0,0.0,0.0,0.0,36370000.0,38446000.0,27070000.0,0.0,0.0,0.0,0.0,0.0,0.0,0.0,0.0,0.0,0.0,0.0,0.0,0.0,0.0,0.0,0.0,0.0,0.0,0.0,0.0,0.0,0.0,0.0,0.0,143.7429656982422,1.324133911499004,145.14976937430245,1.7005891632643615,143.69220624651228,2.4195042061176038,0.01919201941303661
2021-12-17,141.33190408361676,142.65546811563613,140.1417437075494,140.56326293945312,50416000,0.0,0.0,143.28465881347657,143.77946548461915,42.62460886880116,-0.11730251193057484,0.19795194296509,2.4420167557314687,-0.01883062175475969,0.0,0.0,0.0,0.0,0.0,0.0,0.0,0.0,0.0,33650000.0,36370000.0,38446000.0,0.0,0.0,0.0,0.0,0.0,0.0,0.0,0.0,0.0,0.0,0.0,0.0,0.0,0.0,0.0,0.0,0.0,0.0,0.0,0.0,0.0,0.0,0.0,0.0,143.02160135904947,2.3478296562351684,144.23426600864954,2.2061010478428136,143.42261505126953,2.548881007217062,0.0008334163562766506
2021-12-20,138.85239100741393,140.61235063263806,138.17895606354023,140.4462127685547,27192000,0.0,0.0,142.4476745605469,143.41649017333984,49.34817639902844,-0.37066875468173066,0.08422780343572586,2.3660488537282434,-0.0008327223518485027,0.0,0.0,0.0,0.0,0.0,0.0,0.0,0.0,0.0,50416000.0,33650000.0,36370000.0,0.0,0.0,0.0,0.0,0.0,0.0,0.0,0.0,0.0,0.0,0.0,0.0,0.0,0.0,0.0,0.0,0.0,0.0,0.0,0.0,0.0,0.0,0.0,0.0,141.42347717285156,1.5923790357877987,143.3796866280692,2.367306848480819,143.40203530447823,2.5733020921968346,-0.013002572827157777
2021-12-21,140.88905801007334,142.68968194664052,139.35077693447047,142.2964324951172,28756000,0.0,0.0,142.36148986816406,143.27617568969725,55.19464700115207,-0.4173550492517961,-0.016088767101778534,2.343894017753848,0.013173866992138406,0.0,0.0,0.0,0.0,0.0,0.0,0.0,0.0,0.0,27192000.0,50416000.0,33650000.0,0.0,0.0,0.0,0.0,0.0,0.0,0.0,0.0,0.0,0.0,0.0,0.0,0.0,0.0,0.0,0.0,0.0,0.0,0.0,0.0,0.0,0.0,0.0,0.0,141.10196940104166,1.0360896428195159,142.7379913330078,1.8392588054413679,143.57354736328125,2.395469577068494,-0.02009699060545367
2021-12-22,141.89476456543952,145.2991231367607,141.89476456543952,145.21481323242188,26322000,0.0,0.0,142.35633544921876,143.30756607055665,57.08773715843021,-0.2163711465886422,-0.056145242999151274,2.3664683599133776,0.020509163062853553,0.0,0.0,0.0,0.0,0.0,0.0,0.0,0.0,0.0,28756000.0,27192000.0,50416000.0,0.0,0.0,0.0,0.0,0.0,0.0,0.0,0.0,0.0,0.0,0.0,0.0,0.0,0.0,0.0,0.0,0.0,0.0,0.0,0.0,0.0,0.0,0.0,0.0,142.6524861653646,2.40415645457419,142.82137407575334,1.9493257973789087,143.81788744245256,2.3743645261125703,-0.003413514678154983
2021-12-23,145.29911422761188,147.0283222152052,145.2515035755231,145.7122039794922,26384000,0.0,0.0,142.84658508300782,143.3470657348633,60.29619831983256,-0.016761463578120583,-0.048268487114945136,2.401176019068996,0.003425206671403558,0.0,0.0,0.0,0.0,0.0,0.0,0.0,0.0,0.0,26322000.0,28756000.0,27192000.0,0.0,0.0,0.0,0.0,0.0,0.0,0.0,0.0,0.0,0.0,0.0,0.0,0.0,0.0,0.0,0.0,0.0,0.0,0.0,0.0,0.0,0.0,0.0,0.0,144.4078165690104,1.845347235464082,143.2477809361049,2.231386894503795,144.16608101981026,2.258270891437373,-0.006693334739653389
2021-12-27,146.04891135250273,147.1279902675561,145.96311835123439,146.69407653808594,15976000,0.0,0.0,144.07274780273437,143.63089447021486,60.02237846475165,0.21814491910799916,0.005014194129643719,2.4463906553299175,0.006738437356502702,0.0,0.0,0.0,0.0,0.0,0.0,0.0,0.0,0.0,26384000.0,26322000.0,28756000.0,0.0,0.0,0.0,0.0,0.0,0.0,0.0,0.0,0.0,0.0,0.0,0.0,0.0,0.0,0.0,0.0,0.0,0.0,0.0,0.0,0.0,0.0,0.0,0.0,145.87369791666666,0.7527384676491644,143.4554225376674,2.499280017330155,144.50269317626953,2.258817302456752,0.008313723795623451
2021-12-28,147.0208564815043,147.08334356217858,144.8572507717245,145.48455810546875,18200000,0.0,0.0,145.08041687011718,143.6882453918457,48.60031909057707,0.30321659844980786,0.06465467499367655,2.47708079885685,-0.008245175682353945,0.0,0.0,0.0,0.0,0.0,0.0,0.0,0.0,0.0,15976000.0,26384000.0,26322000.0,0.0,0.0,0.0,0.0,0.0,0.0,0.0,0.0,0.0,0.0,0.0,0.0,0.0,0.0,0.0,0.0,0.0,0.0,0.0,0.0,0.0,0.0,0.0,0.0,145.96361287434897,0.6427585347700204,143.77308000837053,2.6093304886458153,144.4614246913365,2.233264465429635,0.000218098343994777
2021-12-29,145.44242309096177,146.208597395199,144.45360165448406,145.4528350830078,17788000,0.0,0.0,145.71169738769532,143.92417068481444,46.156732840695874,0.3638821277839668,0.1245001655517346,2.4045745610061378,-0.0002180507874790516,0.0,0.0,0.0,0.0,0.0,0.0,0.0,0.0,0.0,18200000.0,15976000.0,26384000.0,0.0,0.0,0.0,0.0,0.0,0.0,0.0,0.0,0.0,0.0,0.0,0.0,0.0,0.0,0.0,0.0,0.0,0.0,0.0,0.0,0.0,0.0,0.0,0.0,145.87715657552084,0.7076512251570232,144.47159031459265,2.2343853947422847,144.3529281616211,2.1367352783184015,0.003108644390696913
2021-12-30,145.49152966687038,146.09256498744182,144.7977701008214,145.0020751953125,15688000,0.0,0.0,145.66914978027344,144.17951126098632,46.374412234065254,0.3713072423147139,0.17386158090433046,2.218147731155358,-0.0030990106685653274,0.0,0.0,0.0,0.0,0.0,0.0,0.0,0.0,0.0,17788000.0,18200000.0,15976000.0,0.0,0.0,0.0,0.0,0.0,0.0,0.0,0.0,0.0,0.0,0.0,0.0,0.0,0.0,0.0,0.0,0.0,0.0,0.0,0.0,0.0,0.0,0.0,0.0,145.3131561279297,0.26987051991037786,145.12242780412947,1.3581539130651352,144.25105721609933,2.0629022949808853,0.009309515831041448
2021-12-31,144.85280491667777,145.4959875927401,143.6646270751953,143.6646270751953,18136000,0.0,0.0,145.25963439941407,144.2730400085449,42.43511127107927,0.2662022000451998,0.19232970473250433,2.150680989895064,-0.0092236481327298,0.0,0.0,0.0,0.0,0.0,0.0,0.0,0.0,0.0,15688000.0,17788000.0,18200000.0,0.0,0.0,0.0,0.0,0.0,0.0,0.0,0.0,0.0,0.0,0.0,0.0,0.0,0.0,0.0,0.0,0.0,0.0,0.0,0.0,0.0,0.0,0.0,0.0,144.70651245117188,0.9300214898559275,145.31788417271204,0.9072856444756642,144.02793775285994,1.9321511704220131,-0.0009620902282956312
2022-01-03,143.86594988262885,144.65543012836076,142.53495522830957,143.802978515625,28646000,0.0,0.0,144.68141479492186,144.42131423950195,47.77700775430025,0.19185788354303668,0.1922353404946108,1.998175766112924,0.0009630167372882692,0.0,0.0,0.0,0.0,0.0,0.0,0.0,0.0,0.0,18136000.0,15688000.0,17788000.0,0.0,0.0,0.0,0.0,0.0,0.0,0.0,0.0,0.0,0.0,0.0,0.0,0.0,0.0,0.0,0.0,0.0,0.0,0.0,0.0,0.0,0.0,0.0,0.0,144.15656026204428,0.7354977274279149,145.11619349888392,1.0753731972209464,143.96878378731864,1.924927133737166,0.004099706865472008
2022-01-04,144.2041576289817,145.2842353697018,142.53843558316575,143.21583557128906,28400000,0.0,0.0,144.22767028808593,144.4830307006836,51.4109418178773,0.0845868835041017,0.17070564909650898,1.9369775600162922,-0.004082967893965672,0.0,0.0,0.0,0.0,0.0,0.0,0.0,0.0,0.0,28646000.0,18136000.0,15688000.0,0.0,0.0,0.0,0.0,0.0,0.0,0.0,0.0,0.0,0.0,0.0,0.0,0.0,0.0,0.0,0.0,0.0,0.0,0.0,0.0,0.0,0.0,0.0,0.0,143.56114705403647,0.30694510153259663,144.7595694405692,1.245286567220779,144.00367518833704,1.9050181168665767,0.04808219396826896
2022-01-05,143.23614798069272,143.3149946024937,136.55933735130031,136.64561462402344,54618000,0.0,0.0,142.46622619628906,144.0121955871582,29.88765537364658,-0.5245414899094669,0.03165622129531381,2.572966658467973,-0.04587635802323786,0.0,0.0,0.0,0.0,0.0,0.0,0.0,0.0,0.0,28400000.0,28646000.0,18136000.0,0.0,0.0,0.0,0.0,0.0,0.0,0.0,0.0,0.0,0.0,0.0,0.0,0.0,0.0,0.0,0.0,0.0,0.0,0.0,0.0,0.0,0.0,0.0,0.0,141.22147623697916,3.9736716440795536,143.3240748814174,3.081500296287691,143.3897487095424,2.6963315650109325,0.00019958853711776747
2022-01-06,135.8754939287169,138.7928795446468,135.43909829641714,136.61834716796875,37348000,0.0,0.0,140.78948059082032,143.49452362060546,32.893136034404705,-0.9979763203898813,-0.1742702870417252,2.95877928124555,-0.00019954870948268866,0.0,0.0,0.0,0.0,0.0,0.0,0.0,0.0,0.0,54618000.0,28400000.0,28646000.0,0.0,0.0,0.0,0.0,0.0,0.0,0.0,0.0,0.0,0.0,0.0,0.0,0.0,0.0,0.0,0.0,0.0,0.0,0.0,0.0,0.0,0.0,0.0,0.0,138.82659912109375,3.8012147190512593,142.0574733189174,3.78688535683222,142.91527666364397,3.248623494577969,0.00533149905153163
2022-01-07,137.01307300645394,137.31359818480337,134.65357655381717,135.89382934570312,29760000,0.0,0.0,139.23532104492188,142.96780166625976,36.61429308791238,-1.4153243891192346,-0.4224811074572271,3.324138957464745,-0.005303224912938331,0.0,0.0,0.0,0.0,0.0,0.0,0.0,0.0,0.0,37348000.0,54618000.0,28400000.0,0.0,0.0,0.0,0.0,0.0,0.0,0.0,0.0,0.0,0.0,0.0,0.0,0.0,0.0,0.0,0.0,0.0,0.0,0.0,0.0,0.0,0.0,0.0,0.0,136.38593037923178,0.42639001974665997,140.69190107073103,4.071271644075483,142.58174569266183,3.7149134277436073,-0.011916660925181288
2022-01-10,133.97070993651408,137.68154008526386,132.07289778436396,137.5327606201172,44408000,0.0,0.0,137.9812774658203,142.5050247192383,42.31836293297114,-1.5954364850180696,-0.6570721829693956,3.407486442968525,0.012060380388904557,0.0,0.0,0.0,0.0,0.0,0.0,0.0,0.0,0.0,29760000.0,37348000.0,54618000.0,0.0,0.0,0.0,0.0,0.0,0.0,0.0,0.0,0.0,0.0,0.0,0.0,0.0,0.0,0.0,0.0,0.0,0.0,0.0,0.0,0.0,0.0,0.0,0.0,136.68164571126303,0.8212971202617031,139.6248561314174,3.7167187563765696,142.37364196777344,3.9197037979894205,-0.007632338027511509
2022-01-11,136.87571483847339,139.06660657340043,135.57199131832226,138.5905303955078,28730000,0.0,0.0,137.05621643066405,142.2029945373535,39.80286747380496,-1.6339878431980424,-0.8524553150151251,3.476135132294529,0.007691038634149994,0.0,0.0,0.0,0.0,0.0,0.0,0.0,0.0,0.0,44408000.0,29760000.0,37348000.0,0.0,0.0,0.0,0.0,0.0,0.0,0.0,0.0,0.0,0.0,0.0,0.0,0.0,0.0,0.0,0.0,0.0,0.0,0.0,0.0,0.0,0.0,0.0,0.0,137.33904012044272,1.3587475343122697,138.89998517717635,3.264863576314351,142.1089346749442,4.048342536291462,-0.011981211403259695
2022-01-12,139.9929457226333,141.4390018146242,139.54118939726052,140.27114868164062,26108000,0.0,0.0,137.7813232421875,142.08018417358397,35.40273717826261,-1.511504538682317,-0.9842651597485634,3.4999414995432643,0.01212650158229911,0.0,0.0,0.0,0.0,0.0,0.0,0.0,0.0,0.0,28730000.0,44408000.0,29760000.0,0.0,0.0,0.0,0.0,0.0,0.0,0.0,0.0,0.0,0.0,0.0,0.0,0.0,0.0,0.0,0.0,0.0,0.0,0.0,0.0,0.0,0.0,0.0,0.0,138.79814656575522,1.3809491842512878,138.39543805803572,2.5824657513939457,141.75581577845983,3.9714682341918,0.02051756729693688
2022-01-13,140.37977039221903,141.67904485341882,137.27443890098434,137.45098876953125,31436000,0.0,0.0,137.9478515625,141.69070434570312,28.549320473129143,-1.6232867342450277,-1.1120694746478563,3.56259547177857,-0.020105060367830996,0.0,0.0,0.0,0.0,0.0,0.0,0.0,0.0,0.0,26108000.0,28730000.0,44408000.0,0.0,0.0,0.0,0.0,0.0,0.0,0.0,0.0,0.0,0.0,0.0,0.0,0.0,0.0,0.0,0.0,0.0,0.0,0.0,0.0,0.0,0.0,0.0,0.0,138.77088928222656,1.4187045071052071,137.57188851492745,1.4675882407222482,141.16572897774833,3.9520877937521735,-0.006405866978216768
2022-01-14,135.95533915327124,139.5883225969847,135.8755088296192,138.337158203125,29662000,0.0,0.0,138.43651733398437,141.44451446533202,28.192439490359632,-1.6216748046214775,-1.2139905406425806,3.618068955285546,0.006447166670292992,0.0,0.0,0.0,0.0,0.0,0.0,0.0,0.0,0.0,31436000.0,26108000.0,28730000.0,0.0,0.0,0.0,0.0,0.0,0.0,0.0,0.0,0.0,0.0,0.0,0.0,0.0,0.0,0.0,0.0,0.0,0.0,0.0,0.0,0.0,0.0,0.0,0.0,138.68643188476562,1.4421579528546469,137.81353759765625,1.4283898794478986,140.56880623953683,3.6742003252143585,0.025607076254241523
2022-01-18,135.05874499682633,136.00740156008052,134.32828625328975,134.88319396972656,34872000,0.0,0.0,137.90660400390624,141.1605110168457,25.23629509816432,-1.8774611825992622,-1.346684669033917,3.9026252942424966,-0.024967725795891127,0.0,0.0,0.0,0.0,0.0,0.0,0.0,0.0,0.0,29662000.0,31436000.0,26108000.0,0.0,0.0,0.0,0.0,0.0,0.0,0.0,0.0,0.0,0.0,0.0,0.0,0.0,0.0,0.0,0.0,0.0,0.0,0.0,0.0,0.0,0.0,0.0,0.0,136.89044698079428,1.793912638365895,137.56565856933594,1.7781128297542288,139.81156594412667,3.6756005762823083,0.006523950319325733
2022-01-19,135.40439065709728,136.82862410530518,133.90875636510398,134.00892639160156,28648000,0.0,0.0,136.990283203125,140.83864669799806,24.280564437476087,-2.126210189439689,-1.5025897731150715,4.217396349629751,-0.006481664263683018,0.0,0.0,0.0,0.0,0.0,0.0,0.0,0.0,0.0,34872000.0,29662000.0,31436000.0,0.0,0.0,0.0,0.0,0.0,0.0,0.0,0.0,0.0,0.0,0.0,0.0,0.0,0.0,0.0,0.0,0.0,0.0,0.0,0.0,0.0,0.0,0.0,0.0,135.74309285481772,2.288660574005298,137.29638671875,2.17247519880482,138.99414389474052,3.5961808773762214,0.01357038527268406
2022-01-20,135.133105704383,136.49783311871093,131.87453108390275,132.2147216796875,29908000,0.0,0.0,135.37899780273438,140.33456115722657,22.897852738117862,-2.4399961383199127,-1.69007104615604,4.61751303574599,-0.013388695516230231,0.0,0.0,0.0,0.0,0.0,0.0,0.0,0.0,0.0,28648000.0,34872000.0,29662000.0,0.0,0.0,0.0,0.0,0.0,0.0,0.0,0.0,0.0,0.0,0.0,0.0,0.0,0.0,0.0,0.0,0.0,0.0,0.0,0.0,0.0,0.0,0.0,0.0,133.70228068033853,1.3604079479528335,136.5366668701172,2.8880535009376236,138.0807615007673,3.5767228578832295,0.022676859415368567
2022-01-21,131.5066158303364,133.7599798995472,129.02016235439484,129.28298950195312,55652000,0.0,0.0,133.74539794921876,139.53796997070313,21.448370083820805,-2.891903979816618,-1.9304376328881556,5.082147968162451,-0.022174022230572743,0.0,0.0,0.0,0.0,0.0,0.0,0.0,0.0,0.0,29908000.0,28648000.0,34872000.0,0.0,0.0,0.0,0.0,0.0,0.0,0.0,0.0,0.0,0.0,0.0,0.0,0.0,0.0,0.0,0.0,0.0,0.0,0.0,0.0,0.0,0.0,0.0,0.0,131.8355458577474,2.38567613040677,135.20701817103796,3.787409811586557,137.05350167410714,3.9002550419231508,-0.003459145387610163
2022-01-24,124.94530705866508,130.12748179103494,123.47942593711821,129.73175048828125,76622000,0.0,0.0,132.02431640625,138.73894729614258,22.404733291519236,-3.1772080620819736,-2.179791718726919,5.311399665310559,0.003471152609147765,0.0,0.0,0.0,0.0,0.0,0.0,0.0,0.0,0.0,55652000.0,29908000.0,28648000.0,0.0,0.0,0.0,0.0,0.0,0.0,0.0,0.0,0.0,0.0,0.0,0.0,0.0,0.0,0.0,0.0,0.0,0.0,0.0,0.0,0.0,0.0,0.0,0.0,130.40982055664062,1.579112932533368,133.7013898577009,3.5244753871884034,136.0484139578683,3.8397280196838017,0.030479946268290314
2022-01-25,127.68470512760926,128.33829981975202,125.46356069451652,125.89449310302734,46960000,0.0,0.0,130.22657623291016,137.69896812438964,19.871568764058367,-3.670635404423166,-2.4779604558661683,5.69428684318985,-0.029578398278072515,0.0,0.0,0.0,0.0,0.0,0.0,0.0,0.0,0.0,76622000.0,55652000.0,29908000.0,0.0,0.0,0.0,0.0,0.0,0.0,0.0,0.0,0.0,0.0,0.0,0.0,0.0,0.0,0.0,0.0,0.0,0.0,0.0,0.0,0.0,0.0,0.0,0.0,128.3030776977539,2.097929078443268,132.05046190534318,4.129987161819888,134.81117521013533,4.132099359556684,-0.01778186852387542
2022-01-26,130.04420204001252,131.90977994463373,126.09979711495389,128.1736602783203,49130000,0.0,0.0,129.0595230102539,136.83342323303222,32.67833220708705,-3.833579269431482,-2.749084218579231,5.763797493738905,0.01810378769647847,0.0,0.0,0.0,0.0,0.0,0.0,0.0,0.0,0.0,46960000.0,76622000.0,55652000.0,0.0,0.0,0.0,0.0,0.0,0.0,0.0,0.0,0.0,0.0,0.0,0.0,0.0,0.0,0.0,0.0,0.0,0.0,0.0,0.0,0.0,0.0,0.0,0.0,127.9333012898763,1.9298874041418752,130.5985336303711,3.2427132221305746,134.20603561401367,4.4508418218437305,0.0017675257072964357
2022-01-27,130.2276601350221,131.56510157140477,127.87559438564548,127.947509765625,31950000,0.0,0.0,128.2060806274414,135.9581569671631,32.41471359525853,-3.9355948254287227,-2.9863863399491297,5.71493540146373,-0.0017644070724378569,0.0,0.0,0.0,0.0,0.0,0.0,0.0,0.0,0.0,49130000.0,46960000.0,76622000.0,0.0,0.0,0.0,0.0,0.0,0.0,0.0,0.0,0.0,0.0,0.0,0.0,0.0,0.0,0.0,0.0,0.0,0.0,0.0,0.0,0.0,0.0,0.0,0.0,127.33855438232422,1.2556953242610887,129.60772160121374,2.735226627229457,133.58669008527482,4.686392432318433,-0.032590714002971755
2022-01-28,128.59615164447928,132.26335206297418,127.43177919070502,132.2578887939453,34362000,0.0,0.0,128.80106048583986,135.32094764709473,43.56232162212691,-3.626823559914641,-3.114473783942232,5.352461605357998,0.03368865119935571,0.0,0.0,0.0,0.0,0.0,0.0,0.0,0.0,0.0,31950000.0,49130000.0,46960000.0,0.0,0.0,0.0,0.0,0.0,0.0,0.0,0.0,0.0,0.0,0.0,0.0,0.0,0.0,0.0,0.0,0.0,0.0,0.0,0.0,0.0,0.0,0.0,0.0,129.45968627929688,2.4259511533286062,129.35757337297713,2.313134662591687,133.32698004586356,4.6493017956117555,-0.014430506666448295
2022-01-31,133.06224407236246,134.36250208787934,131.12574979400958,134.1943817138672,39986000,0.0,0.0,129.69358673095704,134.84743537902833,44.150807905221185,-3.1890993604450273,-3.129398899242791,4.981523475185234,0.014641795189539675,0.0,0.0,0.0,0.0,0.0,0.0,0.0,0.0,0.0,34362000.0,31950000.0,49130000.0,0.0,0.0,0.0,0.0,0.0,0.0,0.0,0.0,0.0,0.0,0.0,0.0,0.0,0.0,0.0,0.0,0.0,0.0,0.0,0.0,0.0,0.0,0.0,0.0,131.46659342447916,3.197727873934461,129.6403819492885,2.792105103317135,133.08852440970284,4.500220794377098,-0.017004048311482278
2022-02-01,136.46660753981268,136.6634819687619,133.26705377749363,136.5157012939453,68644000,0.0,0.0,131.8178283691406,134.48307151794432,46.5188183398489,-2.6246335469461144,-3.0284458287834557,4.538850331878968,0.017298187527907904,0.0,0.0,0.0,0.0,0.0,0.0,0.0,0.0,0.0,39986000.0,34362000.0,31950000.0,0.0,0.0,0.0,0.0,0.0,0.0,0.0,0.0,0.0,0.0,0.0,0.0,0.0,0.0,0.0,0.0,0.0,0.0,0.0,0.0,0.0,0.0,0.0,0.0,134.3226572672526,2.131802707683347,130.67362649100167,3.795704418518302,132.94032233101981,4.336267547079915,-0.06997293088644074
2022-02-02,150.0101630752151,150.30422616828662,144.32961959181026,146.78680419921875,123200000,0.0,0.0,135.54045715332032,134.66161994934083,58.48588692929772,-1.3331306573516883,-2.6893827944971025,4.95190108843136,0.07523752072413803,0.0,0.0,0.0,0.0,0.0,0.0,0.0,0.0,0.0,68644000.0,39986000.0,34362000.0,0.0,0.0,0.0,0.0,0.0,0.0,0.0,0.0,0.0,0.0,0.0,0.0,0.0,0.0,0.0,0.0,0.0,0.0,0.0,0.0,0.0,0.0,0.0,0.0,139.1656290690104,6.701407607524917,133.1100627354213,7.113813401132401,133.4057262965611,5.4022320482839925,0.034313953704660394
2022-02-03,144.5111378369467,148.4480970136978,141.49604864905484,141.9170684814453,71518000,0.0,0.0,138.33436889648436,134.92519264221193,55.52176301596561,-0.6945459930490756,-2.2904154342074974,5.197271807840241,-0.033175568773636144,0.0,0.0,0.0,0.0,0.0,0.0,0.0,0.0,0.0,123200000.0,68644000.0,39986000.0,0.0,0.0,0.0,0.0,0.0,0.0,0.0,0.0,0.0,0.0,0.0,0.0,0.0,0.0,0.0,0.0,0.0,0.0,0.0,0.0,0.0,0.0,0.0,0.0,141.73985799153647,5.137844041130409,135.3990020751953,6.981669435256899,133.72473199026925,5.778258566530647,-0.0014165968156526487
2022-02-04,142.26865554288074,143.68742564570832,139.36316498296367,142.11839294433594,57998000,0.0,0.0,140.3064697265625,135.20019493103027,54.75556911692459,-0.1702552477033521,-1.8663833969066685,5.431796658313888,0.0014186064089742878,0.0,0.0,0.0,0.0,0.0,0.0,0.0,0.0,0.0,71518000.0,123200000.0,68644000.0,0.0,0.0,0.0,0.0,0.0,0.0,0.0,0.0,0.0,0.0,0.0,0.0,0.0,0.0,0.0,0.0,0.0,0.0,0.0,0.0,0.0,0.0,0.0,0.0,143.607421875,2.7552652971184672,137.39110674176897,6.552703401036483,133.99482018607003,6.0903791632347755,0.029396337004757855
2022-02-07,143.06754453763955,143.06754453763955,137.76139385139092,138.0599365234375,54974000,0.0,0.0,141.07958068847657,135.308500289917,53.93547433400276,-0.0812974238408799,-1.509366202293511,5.467830687263279,-0.028556869640990357,0.0,0.0,0.0,0.0,0.0,0.0,0.0,0.0,0.0,57998000.0,71518000.0,123200000.0,0.0,0.0,0.0,0.0,0.0,0.0,0.0,0.0,0.0,0.0,0.0,0.0,0.0,0.0,0.0,0.0,0.0,0.0,0.0,0.0,0.0,0.0,0.0,0.0,140.6984659830729,2.2872496949092165,138.8357391357422,5.0709072384325085,134.22173036847795,6.184474769067706,-0.0014204097092894719
2022-02-08,137.8868730262489,138.8523885484705,135.8908729676065,138.25631713867188,54284000,0.0,0.0,141.42770385742188,135.34467811584472,55.35172246724832,0.004991033378786369,-1.2064947551590517,5.4856865881391546,0.0014224301428751307,0.0,0.0,0.0,0.0,0.0,0.0,0.0,0.0,0.0,54974000.0,57998000.0,71518000.0,0.0,0.0,0.0,0.0,0.0,0.0,0.0,0.0,0.0,0.0,0.0,0.0,0.0,0.0,0.0,0.0,0.0,0.0,0.0,0.0,0.0,0.0,0.0,0.0,139.47821553548178,2.288568089259672,139.69265747070312,4.2073755245360225,134.52511542184013,6.276724257158698,-0.015487912713105456
2022-02-09,139.80796270595044,141.3561711201522,139.03782352988043,140.43130493164062,40144000,0.0,0.0,140.15660400390624,135.43671684265138,60.25451470815075,0.24604237185462807,-0.9159873297563158,5.5579775871200265,0.015731561768618674,0.0,0.0,0.0,0.0,0.0,0.0,0.0,0.0,0.0,54284000.0,54974000.0,57998000.0,0.0,0.0,0.0,0.0,0.0,0.0,0.0,0.0,0.0,0.0,0.0,0.0,0.0,0.0,0.0,0.0,0.0,0.0,0.0,0.0,0.0,0.0,0.0,0.0,138.91585286458334,1.3160879766075335,140.5836465018136,3.4392243899173214,135.11201422555106,6.426431768671043,0.021439754871488637
2022-02-10,138.55831786227063,140.3247091861647,136.8261287196153,137.4836883544922,39330000,0.0,0.0,139.26992797851562,135.29734382629394,60.2306342813937,0.1969588517215186,-0.693398093460749,5.46453179354359,-0.020989739991259637,0.0,0.0,0.0,0.0,0.0,0.0,0.0,0.0,0.0,40144000.0,54284000.0,54974000.0,0.0,0.0,0.0,0.0,0.0,0.0,0.0,0.0,0.0,0.0,0.0,0.0,0.0,0.0,0.0,0.0,0.0,0.0,0.0,0.0,0.0,0.0,0.0,0.0,138.72377014160156,1.528396252262756,140.72193036760603,3.2633646168070483,135.69777842930384,6.224832167759163,0.032301161751563834
2022-02-11,137.46387619119915,138.01580259283259,132.30648944702975,133.1817626953125,39958000,0.0,0.0,137.48260192871095,135.083882522583,53.92651017818819,-0.18691499984691973,-0.5921014747379832,5.4593581131606115,-0.0312904440568067,0.0,0.0,0.0,0.7691,0.7691,1.0,1299.0,1.0,0.0,39330000.0,40144000.0,54284000.0,0.0,0.0,0.0,0.0,0.0,0.0,0.0,0.0,0.0,0.0,0.0,0.0,0.0,0.0,0.0,0.0,0.0,0.0,0.0,0.0,0.0,0.0,0.0,0.0,137.0322519938151,3.6457937064351476,138.77835300990515,3.0964031565865997,135.9442078726632,6.035902984582974,-0.009175361725575537
2022-02-14,132.16417235989616,135.1827270188193,132.16417235989616,134.41506958007812,34302000,0.0,0.0,136.75362854003907,134.88777809143068,60.30839272518368,-0.387157325797034,-0.5511126449497934,5.406534050217304,0.009260328590087408,0.0,0.0,0.0,0.0,0.0,0.0,0.0,0.0,0.0,39958000.0,39330000.0,40144000.0,0.0,0.0,0.0,0.0,0.0,0.0,0.0,0.0,0.0,0.7691,0.0,0.0,0.7691,0.0,0.0,1.0,0.0,0.0,1299.0,0.0,0.0,1.0,0.0,0.0,135.02684020996094,2.2152513563853855,137.7066388811384,3.1271122011062893,136.55282047816686,5.33330168792563,-0.007924194775585924
2022-02-15,136.4428132990332,136.97641281123626,134.70815708961888,135.48870849609375,26680000,0.0,0.0,136.20010681152343,134.918053817749,59.11582060240602,-0.45398388045416027,-0.5316868920506668,5.4082021637315325,0.007987489195740771,0.0,0.0,0.0,0.0,0.0,0.0,0.0,0.0,0.0,34302000.0,39958000.0,39330000.0,0.0,0.0,0.0,0.0,0.0,0.0,0.0,0.0,0.0,0.0,0.7691,0.0,0.0,0.7691,0.0,0.0,1.0,0.0,0.0,1299.0,0.0,0.0,1.0,0.0,134.36184692382812,1.1543934425875018,136.75954110281808,2.5116284948454273,137.07532392229353,4.7787450911104425,-0.008200335894765431
2022-02-16,135.52638804007637,136.9540871557712,133.81800399557383,136.60894775390625,25022000,0.0,0.0,135.43563537597657,135.04805488586425,60.558375407911356,-0.41180344680785197,-0.5077102030021038,5.416441666980057,0.008268137398658615,0.0,0.0,0.0,0.0,0.0,0.0,0.0,0.0,0.0,26680000.0,34302000.0,39958000.0,0.0,0.0,0.0,0.0,0.0,0.0,0.0,0.0,0.0,0.0,0.0,0.7691,0.0,0.0,0.7691,0.0,0.0,1.0,0.0,0.0,1299.0,0.0,0.0,1.0,135.50424194335938,1.097021570611789,136.55225699288505,2.4454225731582193,137.6939980643136,4.003990011238433,0.039226342718419405
2022-02-17,135.12617731893766,135.98954027468156,131.39254001045595,131.45254516601562,38950000,0.0,0.0,134.22940673828126,135.00994606018065,49.03811842338827,-0.7854001403148914,-0.5632481904646613,5.440055309996294,-0.03774571631412904,0.0,0.0,0.0,0.0,0.0,0.0,0.0,0.0,0.0,25022000.0,26680000.0,34302000.0,0.0,0.0,0.0,0.0,0.0,0.0,0.0,0.0,0.0,0.0,0.0,0.0,0.0,0.0,0.0,0.0,0.0,0.0,0.0,0.0,0.0,0.0,0.0,0.0,134.51673380533853,2.7121344014820705,135.58028956821985,2.954396283006403,137.6364735194615,4.092895264384787,0.016379942654804358
2022-02-18,132.37293985364457,132.97100892915242,129.12925617493363,129.3340606689453,45620000,0.0,0.0,133.45986633300782,135.01249961853028,44.220085532122454,-1.238149587811023,-0.6982284699339336,5.437236850895418,-0.016115964087228707,0.0,0.0,0.0,0.0,0.0,0.0,0.0,0.0,0.0,38950000.0,25022000.0,26680000.0,0.0,0.0,0.0,0.0,0.0,0.0,0.0,0.0,0.0,0.0,0.0,0.0,0.0,0.0,0.0,0.0,0.0,0.0,0.0,0.0,0.0,0.0,0.0,0.0,132.4651845296224,3.741667326911498,133.9949689592634,2.8942782564906273,137.2893077305385,4.583985646878119,0.004541274721284294
2022-02-22,128.77366398895006,131.09696037872362,127.17239674726402,128.74937438964844,44990000,0.0,0.0,132.32672729492188,134.96338081359863,40.366340051876776,-1.6253994896073323,-0.8836626738686133,5.491618110682953,-0.004520744777305685,0.0,0.0,0.0,0.0,0.0,0.0,0.0,0.0,0.0,45620000.0,38950000.0,25022000.0,0.0,0.0,0.0,0.0,0.0,0.0,0.0,0.0,0.0,0.0,0.0,0.0,0.0,0.0,0.0,0.0,0.0,0.0,0.0,0.0,0.0,0.0,0.0,0.0,129.84532674153647,1.4222615122712985,132.74720982142858,3.0195987333789653,136.7345700945173,5.123037996381914,0.017442766938399634
2022-02-23,130.56934576146136,130.9685427450542,126.48212435927555,126.54212951660156,32786000,0.0,0.0,130.53741149902345,134.99576263427736,18.60748609554078,-2.086353852800727,-1.124200909655036,5.436965569390675,-0.017143732802668565,0.0,0.0,0.0,0.0,0.0,0.0,0.0,0.0,0.0,44990000.0,45620000.0,38950000.0,0.0,0.0,0.0,0.0,0.0,0.0,0.0,0.0,0.0,0.0,0.0,0.0,0.0,0.0,0.0,0.0,0.0,0.0,0.0,0.0,0.0,0.0,0.0,0.0,128.2085215250651,1.4724507651200556,131.79869079589844,3.80184661404486,135.28852190290178,4.9205643616655905,-0.038457681048952974
2022-02-24,123.9292178705829,131.9097594685947,123.9292178705829,131.60328674316406,54456000,0.0,0.0,129.536279296875,135.16724395751953,34.101262821562244,-2.019985283351218,-1.3033577843942725,5.261733718103241,0.0399958278392849,0.0,0.0,0.0,0.0,0.0,0.0,0.0,0.0,0.0,32786000.0,44990000.0,45620000.0,0.0,0.0,0.0,0.0,0.0,0.0,0.0,0.0,0.0,0.0,0.0,0.0,0.0,0.0,0.0,0.0,0.0,0.0,0.0,0.0,0.0,0.0,0.0,0.0,128.96493021647134,2.537454699862487,131.39700753348214,3.6237072352019095,134.55182320731026,4.614363662857116,-0.013152733776796155
2022-02-25,132.45723763350745,134.16264009522365,130.67149031409218,133.3572998046875,36406000,0.0,0.0,129.91723022460937,135.43773345947267,37.1116956299807,-1.80504607122964,-1.403695441761346,5.003782975781479,0.013328033857897159,0.0,0.0,0.0,0.0,0.0,0.0,0.0,0.0,0.0,54456000.0,32786000.0,44990000.0,0.0,0.0,0.0,0.0,0.0,0.0,0.0,0.0,0.0,0.0,0.0,0.0,0.0,0.0,0.0,0.0,0.0,0.0,0.0,0.0,0.0,0.0,0.0,0.0,130.50090535481772,3.538795000834526,131.09252057756697,3.297455272266311,133.9260308401925,4.0713998682175765,-0.004424197093321425
2022-02-28,131.95936863524972,134.63871633436403,131.50561460625966,133.94992065429688,38864000,0.0,0.0,130.84040222167968,135.52233505249023,43.26728109677574,-1.5688014803253338,-1.4367166494741437,4.961313830456134,0.00444385759517707,0.0,0.0,0.0,0.0,0.0,0.0,0.0,0.0,0.0,36406000.0,54456000.0,32786000.0,0.0,0.0,0.0,0.0,0.0,0.0,0.0,0.0,0.0,0.0,0.0,0.0,0.0,0.0,0.0,0.0,0.0,0.0,0.0,0.0,0.0,0.0,0.0,0.0,132.9701690673828,1.2202767448590957,130.71265956333704,2.6445848228439854,133.63245827811105,3.894736745980097,0.007425893125804217
2022-03-01,133.77285909543676,135.13857036774974,132.12647806196426,132.96255493164062,26496000,0.0,0.0,131.68303833007812,135.46074371337892,41.5472079852878,-1.4445957020187166,-1.4382924599830584,4.986250610680371,-0.007371155711278665,0.0,0.0,0.0,0.0,0.0,0.0,0.0,0.0,0.0,38864000.0,36406000.0,54456000.0,0.0,0.0,0.0,0.0,0.0,0.0,0.0,0.0,0.0,0.0,0.0,0.0,0.0,0.0,0.0,0.0,0.0,0.0,0.0,0.0,0.0,0.0,0.0,0.0,133.42325846354166,0.4969765347350303,130.92837524414062,2.7734406727009517,133.25433240618025,3.661269824351972,-0.0037899916371183506
2022-03-02,133.52443917740345,134.15372912259033,131.9806947822643,133.46839904785156,23520000,0.0,0.0,133.06829223632812,135.30837860107422,38.256008770913915,-1.2904686162742678,-1.4087276912413005,4.998859907483142,0.0038044103204168955,0.0,0.0,0.0,0.0,0.0,0.0,0.0,0.0,0.0,26496000.0,38864000.0,36406000.0,0.0,0.0,0.0,0.0,0.0,0.0,0.0,0.0,0.0,0.0,0.0,0.0,0.0,0.0,0.0,0.0,0.0,0.0,0.0,0.0,0.0,0.0,0.0,0.0,133.46029154459634,0.49373278833356204,131.5189950125558,2.8172060323658044,132.7569819859096,3.0298202939281675,0.005018667618948536
2022-03-03,134.8950992840664,135.3210829638196,131.93506660358148,132.80191040039062,24604000,0.0,0.0,133.30801696777343,134.6091339111328,41.445188143126956,-1.2081747675109682,-1.368617106495234,4.227308917645368,-0.004993606368365766,0.0,0.0,0.0,0.0,0.0,0.0,0.0,0.0,0.0,23520000.0,26496000.0,38864000.0,0.0,0.0,0.0,0.0,0.0,0.0,0.0,0.0,0.0,0.0,0.0,0.0,0.0,0.0,0.0,0.0,0.0,0.0,0.0,0.0,0.0,0.0,0.0,0.0,133.07762145996094,0.3478246810579653,132.0979287283761,2.5576298513501547,132.42256927490234,2.709416096407658,0.015109471794233498
2022-03-04,131.8378523374268,132.75427399164153,129.26907196974855,130.82521057128906,30430000,0.0,0.0,132.80159912109374,134.054541015625,45.294085025135544,-1.2876166129095452,-1.3524170077780964,3.935622572175758,-0.014884573747033558,0.0,0.0,0.0,0.0,0.0,0.0,0.0,0.0,0.0,24604000.0,23520000.0,26496000.0,0.0,0.0,0.0,0.0,0.0,0.0,0.0,0.0,0.0,0.0,0.0,0.0,0.0,0.0,0.0,0.0,0.0,0.0,0.0,0.0,0.0,0.0,0.0,0.0,132.36517333984375,1.3746511469093792,132.70979745047433,1.1091322458987123,132.2542441231864,2.7317319917218907,0.04374133386897472
2022-03-07,130.41018119670454,130.6551505710918,125.25974058288864,125.34255981445312,45112000,0.0,0.0,131.080126953125,133.21574935913085,34.51131298101269,-1.7725461349163254,-1.4364428332057422,3.9141770341795903,-0.04190821274350898,0.0,0.0,0.0,0.0,0.0,0.0,0.0,0.0,0.0,30430000.0,24604000.0,23520000.0,0.0,0.0,0.0,0.0,0.0,0.0,0.0,0.0,0.0,0.0,0.0,0.0,0.0,0.0,0.0,0.0,0.0,0.0,0.0,0.0,0.0,0.0,0.0,0.0,129.65656026204428,3.8645550131877737,131.8154078892299,3.0230597541433744,131.60620771135603,3.2133564099214396,-0.005711700270575881
2022-03-08,125.21509629053482,130.17411000501144,124.64431332771989,126.06259155273438,40428000,0.0,0.0,129.70013427734375,132.6158821105957,33.71096300312095,-2.0748382868830504,-1.5641219239412039,4.049688475648168,0.005744511196732693,0.0,0.0,0.0,0.0,0.0,0.0,0.0,0.0,0.0,45112000.0,30430000.0,24604000.0,0.0,0.0,0.0,0.0,0.0,0.0,0.0,0.0,0.0,0.0,0.0,0.0,0.0,0.0,0.0,0.0,0.0,0.0,0.0,0.0,0.0,0.0,0.0,0.0,127.41012064615886,2.9793859809660876,130.77330671037947,3.6043719452098455,130.93291364397322,3.322937666694697,-0.04733539149577548
2022-03-09,130.17409924594682,132.63922887603567,128.83565901257037,132.32630920410156,37026000,0.0,0.0,129.47171630859376,132.3193817138672,43.71630822053672,-1.7883622025669013,-1.6089699796663435,3.825885887802065,0.0496873622397882,0.0,0.0,0.0,0.0,0.0,0.0,0.0,0.0,0.0,40428000.0,45112000.0,30430000.0,0.0,0.0,0.0,0.0,0.0,0.0,0.0,0.0,0.0,0.0,0.0,0.0,0.0,0.0,0.0,0.0,0.0,0.0,0.0,0.0,0.0,0.0,0.0,0.0,127.91048685709636,3.841123100899762,130.54136221749442,3.4130469178055938,130.62701089041573,2.9346603606731665,0.007479417399842703
2022-03-10,130.1899727829365,132.1795256255445,129.83937018372987,131.34393310546875,27102000,0.0,0.0,129.18012084960938,131.8650131225586,49.818395018134986,-1.621901116425903,-1.6115562070182556,3.317654839637208,-0.0074238910201718245,0.0,0.0,0.0,0.0,0.0,0.0,0.0,0.0,0.0,37026000.0,40428000.0,45112000.0,0.0,0.0,0.0,0.0,0.0,0.0,0.0,0.0,0.0,0.0,0.0,0.0,0.0,0.0,0.0,0.0,0.0,0.0,0.0,0.0,0.0,0.0,0.0,0.0,129.91094462076822,3.3687730261885,130.3101305280413,3.273657607595096,130.61925288609095,2.932452853998266,0.01970413763079093
2022-03-11,132.39426221843516,132.698752456179,128.56888416798853,128.80592346191406,31526000,0.0,0.0,128.77626342773436,131.43112487792968,49.12914481477343,-1.675461990685335,-1.6243373637516716,3.104777109363889,-0.019323386954741784,0.0,0.0,0.0,0.0,0.0,0.0,0.0,0.0,0.0,27102000.0,37026000.0,40428000.0,0.0,0.0,0.0,0.0,0.0,0.0,0.0,0.0,0.0,0.0,0.0,0.0,0.0,0.0,0.0,0.0,0.0,0.0,0.0,0.0,0.0,0.0,0.0,0.0,130.82538859049478,1.8165751440433835,129.64406258719308,2.9856171369968005,130.58152879987443,2.9535787640919624,0.03111927669665615
2022-03-14,129.18231231398767,129.34000556632407,124.2480949884942,124.91854858398438,38812000,0.0,0.0,128.69146118164062,131.0179641723633,44.303705562541325,-2.008436033536128,-1.701157097708563,3.3957253230471793,-0.03018009400071675,0.0,0.0,0.0,0.0,0.0,0.0,0.0,0.0,0.0,31526000.0,27102000.0,37026000.0,0.0,0.0,0.0,0.0,0.0,0.0,0.0,0.0,0.0,0.0,0.0,0.0,0.0,0.0,0.0,0.0,0.0,0.0,0.0,0.0,0.0,0.0,0.0,0.0,128.35613505045572,3.2362206002595326,128.5178680419922,3.081226456031686,130.30789838518416,3.2941846474901206,-0.025131845435994893
2022-03-15,125.93513042039176,128.79004377353704,124.68992141435149,128.138916015625,30920000,0.0,0.0,129.10672607421876,130.70415649414062,52.3049157233458,-1.9895295650571825,-1.758831591178287,3.3550209575120413,0.02577973782232612,0.0,0.0,0.0,0.0,0.0,0.0,0.0,0.0,0.0,38812000.0,31526000.0,27102000.0,0.0,0.0,0.0,0.0,0.0,0.0,0.0,0.0,0.0,0.0,0.0,0.0,0.0,0.0,0.0,0.0,0.0,0.0,0.0,0.0,0.0,0.0,0.0,0.0,127.28779602050781,2.07875558807563,128.13411167689733,2.908396789086946,130.42195456368583,3.1794148999073424,-0.030630830713688217
2022-03-16,129.66132489501317,132.24000245335904,127.67920289160462,132.1879425048828,35576000,0.0,0.0,129.079052734375,130.53911819458008,50.86933556951961,-1.6290448391564496,-1.7328742407739195,3.184105898971182,0.03159872593868429,0.0,0.0,0.0,0.0,0.0,0.0,0.0,0.0,0.0,30920000.0,38812000.0,31526000.0,0.0,0.0,0.0,0.0,0.0,0.0,0.0,0.0,0.0,0.0,0.0,0.0,0.0,0.0,0.0,0.0,0.0,0.0,0.0,0.0,0.0,0.0,0.0,0.0,128.4151357014974,3.642560223310821,129.11202348981584,2.9636473384698925,130.46371568952287,3.1998987986657506,-0.004173288790664698
2022-03-17,132.05756641925296,132.98143408968724,131.1014639438647,132.74191284179688,28264000,0.0,0.0,129.35864868164063,130.34576644897462,49.05110615658701,-1.2838578066410093,-1.6430709539473374,2.900942247736627,0.004190778118008831,0.0,0.0,0.0,0.0,0.0,0.0,0.0,0.0,0.0,35576000.0,30920000.0,38812000.0,0.0,0.0,0.0,0.0,0.0,0.0,0.0,0.0,0.0,0.0,0.0,0.0,0.0,0.0,0.0,0.0,0.0,0.0,0.0,0.0,0.0,0.0,0.0,0.0,131.0229237874349,2.5129358138321067,130.0662122453962,2.8926044083927374,130.41975947788782,3.161084080545914,-0.016796916543672658
2022-03-18,132.3307953908697,135.12718720596732,131.17435293501333,135.00965881347656,44566000,0.0,0.0,130.59939575195312,130.52362213134765,51.55379220515399,-0.8178784551442959,-1.4780324541867293,3.076123094462958,0.017083872931546562,0.0,0.0,0.0,0.0,0.0,0.0,0.0,0.0,0.0,28264000.0,35576000.0,30920000.0,0.0,0.0,0.0,0.0,0.0,0.0,0.0,0.0,0.0,0.0,0.0,0.0,0.0,0.0,0.0,0.0,0.0,0.0,0.0,0.0,0.0,0.0,0.0,0.0,133.31317138671875,1.4950829326180448,130.44954790387834,3.378953578155698,130.4954550606864,3.2631603819408683,0.00017645532119625607
2022-03-21,135.04732810159504,135.92656630102422,132.99330550843302,134.98583984375,26832000,0.0,0.0,132.61285400390625,130.80621109008788,53.052805584462234,-0.4453744542046252,-1.2715008541903086,3.217446949642283,-0.00017642419020902356,0.0,0.0,0.0,0.0,0.0,0.0,0.0,0.0,0.0,44566000.0,28264000.0,35576000.0,0.0,0.0,0.0,0.0,0.0,0.0,0.0,0.0,0.0,0.0,0.0,0.0,0.0,0.0,0.0,0.0,0.0,0.0,0.0,0.0,0.0,0.0,0.0,0.0,134.2458038330078,1.3024622531628156,130.9698202950614,3.7944520870984886,130.63997541155135,3.4217783466720713,-0.026928756095972783
2022-03-22,134.98581644192254,139.893752942875,134.98581644192254,138.721435546875,35496000,0.0,0.0,134.72935791015624,131.30481414794923,57.22208353175394,0.14954514056100265,-0.9872916552400464,3.6283636547010842,0.02767398200766147,0.0,0.0,0.0,0.0,0.0,0.0,0.0,0.0,0.0,26832000.0,44566000.0,28264000.0,0.0,0.0,0.0,0.0,0.0,0.0,0.0,0.0,0.0,0.0,0.0,0.0,0.0,0.0,0.0,0.0,0.0,0.0,0.0,0.0,0.0,0.0,0.0,0.0,136.23897806803384,2.1499042272903384,132.38632202148438,4.614234305722625,131.01519230433874,3.9956742120831676,0.011516802114169389
2022-03-23,137.56549993961835,138.44423861979692,136.7051184456803,137.14199829101562,25154000,0.0,0.0,135.7201690673828,131.8348075866699,55.820804866987885,0.48795102327966333,-0.6922431195361044,3.6699858477069216,-0.01138567554201575,0.0,0.0,0.0,0.0,0.0,0.0,0.0,0.0,0.0,35496000.0,26832000.0,44566000.0,0.0,0.0,0.0,0.0,0.0,0.0,0.0,0.0,0.0,0.0,0.0,0.0,0.0,0.0,0.0,0.0,0.0,0.0,0.0,0.0,0.0,0.0,0.0,0.0,136.94975789388022,1.8752029468886997,134.13252912248885,3.494068577799808,131.32519858224052,4.301612370953897,-0.023285241298938053
2022-03-24,138.05894880404426,140.45812610885343,136.62133716164368,140.41151428222656,26396000,0.0,0.0,137.25408935546875,132.27521896362305,62.4259779221365,1.0083392324204397,-0.3521266491447955,4.139248460559552,0.02384037006864248,0.0,0.0,0.0,0.0,0.0,0.0,0.0,0.0,0.0,25154000.0,35496000.0,26832000.0,0.0,0.0,0.0,0.0,0.0,0.0,0.0,0.0,0.0,0.0,0.0,0.0,0.0,0.0,0.0,0.0,0.0,0.0,0.0,0.0,0.0,0.0,0.0,0.0,138.75831604003906,1.6350699777926085,135.88575744628906,3.0341577917662783,132.00993456159318,4.932602330788549,-0.0007128140266684513
2022-03-25,140.7526772850465,140.87070507937713,138.59203769066454,140.5116729736328,24126000,0.0,0.0,138.3544921875,132.6329376220703,72.85114345018768,1.412549614025579,0.0008086034892794136,4.528524806200139,0.0007133224929469772,0.0,0.0,0.0,0.9792,0.9791999999999998,1.0,1239.0,1.0,0.0,26396000.0,25154000.0,35496000.0,0.0,0.0,0.0,0.0,0.0,0.0,0.0,0.0,0.0,0.0,0.0,0.0,0.0,0.0,0.0,0.0,0.0,0.0,0.0,0.0,0.0,0.0,0.0,0.0,139.35506184895834,1.917223428421255,137.07486179896765,2.9738907182996983,133.09344264439173,5.02062797243844,0.0015376692531949843
2022-03-28,139.7454858770039,140.8384573543801,138.66540831827635,140.2959442138672,35050000,0.0,0.0,139.41651306152343,132.95023880004882,71.77229578487186,1.6959320961107096,0.3398333020135655,4.837446186045571,-0.0015353084565871145,0.0,0.0,0.0,0.0,0.0,0.0,0.0,0.0,0.0,24126000.0,26396000.0,25154000.0,0.0,0.0,0.0,0.0,0.0,0.0,0.0,0.0,0.0,0.9792,0.0,0.0,0.9791999999999998,0.0,0.0,1.0,0.0,0.0,1239.0,0.0,0.0,1.0,0.0,0.0,140.40637715657553,0.10795608826450202,138.15400913783483,2.4668863111073684,134.11011069161552,4.927628037746493,-0.007368166721438363
2022-03-29,141.4781907391212,142.61479282683288,140.87417414180615,141.33734130859375,34318000,0.0,0.0,139.9396942138672,133.36897811889648,66.40485800718366,1.9817029589064248,0.6682072333921374,5.188313339732179,0.007422859588435804,0.0,0.0,0.0,0.0,0.0,0.0,0.0,0.0,0.0,35050000.0,24126000.0,26396000.0,0.0,0.0,0.0,0.0,0.0,0.0,0.0,0.0,0.0,0.0,0.9792,0.0,0.0,0.9791999999999998,0.0,0.0,1.0,0.0,0.0,1239.0,0.0,0.0,1.0,0.0,140.7149861653646,0.5496627763240785,139.05796377999442,2.2744924420295423,134.7537558419364,5.254380901463981,0.003994762963848597
2022-03-30,141.29220332405055,141.55056596107124,140.43925249315063,140.7749786376953,19884000,0.0,0.0,140.66629028320312,133.73430709838868,67.43615538123967,2.138153160182924,0.9621964187502947,5.44650039649708,-0.0039788683280137516,0.0,0.0,0.0,0.0,0.0,0.0,0.0,0.0,0.0,34318000.0,35050000.0,24126000.0,0.0,0.0,0.0,0.0,0.0,0.0,0.0,0.0,0.0,0.0,0.0,0.9792,0.0,0.0,0.9791999999999998,0.0,0.0,1.0,0.0,0.0,1239.0,0.0,0.0,1.0,140.8027547200521,0.5212538827582034,139.8849836077009,1.4501786852310234,135.42740195138114,5.386491567451659,0.020644595583378944
2022-03-31,140.88853656508715,140.9430935807132,137.88487396414888,137.92752075195312,37524000,0.0,0.0,140.16949157714845,133.9905876159668,66.67326762497706,2.0092140488140444,1.1715999447630447,5.520407345191373,-0.020227016997605318,0.0,0.0,0.0,0.0,0.0,0.0,0.0,0.0,0.0,19884000.0,34318000.0,35050000.0,0.0,0.0,0.0,0.0,0.0,0.0,0.0,0.0,0.0,0.0,0.0,0.0,0.0,0.0,0.0,0.0,0.0,0.0,0.0,0.0,0.0,0.0,0.0,0.0,140.0132802327474,1.8280747802533266,139.77156720842635,1.581448866229953,136.07894461495536,5.066096169006281,-0.007727442178656951
2022-04-01,138.356482806623,139.31951637020538,137.17375319145697,139.00164794921875,25942000,0.0,0.0,139.86748657226562,134.39940948486327,78.69334079462786,1.9709817117819455,1.331476298166825,5.576130781232552,0.0077876205662923415,0.0,0.0,0.0,0.0,0.0,0.0,0.0,0.0,0.0,37524000.0,19884000.0,34318000.0,0.0,0.0,0.0,0.0,0.0,0.0,0.0,0.0,0.0,0.0,0.0,0.0,0.0,0.0,0.0,0.0,0.0,0.0,0.0,0.0,0.0,0.0,0.0,0.0,139.2347157796224,1.437965424809092,140.0372314453125,1.1683309795005261,137.08488028390067,3.956206014199808,-0.019731356212623008
2022-04-04,139.2079728997419,142.53398429656113,139.16036224405133,141.79954528808594,25942000,0.0,0.0,140.16820678710937,135.2222587585449,78.32012010530092,2.1417603612330254,1.493533110780065,5.380106243856729,0.020128519194889893,0.0,0.0,0.0,0.0,0.0,0.0,0.0,0.0,0.0,25942000.0,37524000.0,19884000.0,0.0,0.0,0.0,0.0,0.0,0.0,0.0,0.0,0.0,0.0,0.0,0.0,0.0,0.0,0.0,0.0,0.0,0.0,0.0,0.0,0.0,0.0,0.0,0.0,139.57623799641928,1.9989394172562736,140.2355215890067,1.346626231042009,138.06063951764787,3.190595104959735,0.016932246501625503
2022-04-05,141.69786404034355,141.81835862566132,139.23175060773136,139.43853759765625,21418000,0.0,0.0,139.78844604492187,135.89105606079102,66.1625579001719,2.062811278105073,1.6073887442450667,4.999458012765209,-0.01665031919272353,0.0,0.0,0.0,0.0,0.0,0.0,0.0,0.0,0.0,25942000.0,25942000.0,37524000.0,0.0,0.0,0.0,0.0,0.0,0.0,0.0,0.0,0.0,0.0,0.0,0.0,0.0,0.0,0.0,0.0,0.0,0.0,0.0,0.0,0.0,0.0,0.0,0.0,140.0799102783203,1.5051832334760933,140.08221653529577,1.37081606203308,138.5785391671317,2.7173745087062837,0.029608742224199736
2022-04-06,137.61261036383607,138.21810996580516,134.40611087205892,135.4286651611328,32468000,0.0,0.0,138.71918334960938,136.0461738586426,55.18956093023585,1.657572898631372,1.6174255751223279,4.930688980223471,-0.028757275467803267,0.0,0.0,0.0,0.0,0.0,0.0,0.0,0.0,0.0,21418000.0,25942000.0,25942000.0,0.0,0.0,0.0,0.0,0.0,0.0,0.0,0.0,0.0,0.0,0.0,0.0,0.0,0.0,0.0,0.0,0.0,0.0,0.0,0.0,0.0,0.0,0.0,0.0,138.888916015625,3.220806003251084,139.3868909563337,2.2173684591440685,138.77045004708427,2.342475634182879,0.0048529372305221585
2022-04-07,134.895107035721,136.04015389622998,133.12721715505515,134.7746124267578,26234000,0.0,0.0,138.0886016845703,136.21770782470702,49.51581612831438,1.26901357523451,1.5477431751447643,4.816853662529312,-0.004829499970311346,0.0,0.0,0.0,0.0,0.0,0.0,0.0,0.0,0.0,32468000.0,21418000.0,25942000.0,0.0,0.0,0.0,0.0,0.0,0.0,0.0,0.0,0.0,0.0,0.0,0.0,0.0,0.0,0.0,0.0,0.0,0.0,0.0,0.0,0.0,0.0,0.0,0.0,136.54727172851562,2.5251752393407263,138.44935825892858,2.608205674675973,138.7536610194615,2.3721577104559426,0.01951434092770077
2022-04-08,134.47208496943966,134.5578779659387,131.87554910979466,132.19491577148438,25142000,0.0,0.0,136.72725524902344,136.38715744018555,44.79854625700993,0.744337294372059,1.3870619989902235,4.596987285382689,-0.019140820432151928,0.0,0.0,0.0,0.0,0.0,0.0,0.0,0.0,0.0,26234000.0,32468000.0,21418000.0,0.0,0.0,0.0,0.0,0.0,0.0,0.0,0.0,0.0,0.0,0.0,0.0,0.0,0.0,0.0,0.0,0.0,0.0,0.0,0.0,0.0,0.0,0.0,0.0,134.13273111979166,1.7097638690584156,137.22363499232702,3.2662205234558694,138.55430930001395,2.793082195293468,0.03465205144666039
2022-04-11,130.742917857672,131.0097100260204,127.61378123728949,127.76750946044922,36884000,0.0,0.0,133.92084808349608,136.52960548400878,30.098330605855026,-0.02839975156427954,1.103969648879323,4.254267598737504,-0.03349150218975505,0.0,0.0,0.0,0.0,0.0,0.0,0.0,0.0,0.0,25142000.0,26234000.0,32468000.0,0.0,0.0,0.0,0.0,0.0,0.0,0.0,0.0,0.0,0.0,0.0,0.0,0.0,0.0,0.0,0.0,0.0,0.0,0.0,0.0,0.0,0.0,0.0,0.0,131.57901255289713,3.543920932542407,135.77220480782645,4.799053498620657,137.7718860081264,4.011267962152217,0.00868347229270161
2022-04-12,130.52125019058332,130.52125019058332,125.7496824779024,126.66759490966797,32710000,0.0,0.0,131.36665954589844,136.45603942871094,30.632077454704998,-0.7212393414449423,0.7389278508144699,4.4166217546863695,-0.008608718722201703,0.0,0.0,0.0,0.0,0.0,0.0,0.0,0.0,0.0,36884000.0,25142000.0,26234000.0,0.0,0.0,0.0,0.0,0.0,0.0,0.0,0.0,0.0,0.0,0.0,0.0,0.0,0.0,0.0,0.0,0.0,0.0,0.0,0.0,0.0,0.0,0.0,0.0,128.87667338053384,2.9258336296824057,134.01019723074776,5.611259668115557,137.02371433803015,4.994191926832458,-0.01677890822770378
2022-04-13,126.9507369724858,129.2656039537595,126.69385742711057,128.82920837402344,27928000,0.0,0.0,130.04676818847656,136.28810272216796,27.668525029052248,-1.0834067284803837,0.37446093495549915,4.64538397139894,0.017065244397330037,0.0,0.0,0.0,0.0,0.0,0.0,0.0,0.0,0.0,32710000.0,36884000.0,25142000.0,0.0,0.0,0.0,0.0,0.0,0.0,0.0,0.0,0.0,0.0,0.0,0.0,0.0,0.0,0.0,0.0,0.0,0.0,0.0,0.0,0.0,0.0,0.0,0.0,127.75477091471355,1.0808630325951805,132.15729195731026,4.673565860007043,136.1964067731585,5.337357450895779,0.024966323900464493
2022-04-14,129.4099304660489,129.4099304660489,125.56321417081908,125.691162109375,31598000,0.0,0.0,128.230078125,135.93556518554686,24.4214469908607,-1.6051380673151243,-0.02145886549862558,5.166930708496862,-0.024358189452953094,0.0,0.0,0.0,0.0,0.0,0.0,0.0,0.0,0.0,27928000.0,32710000.0,36884000.0,0.0,0.0,0.0,0.0,0.0,0.0,0.0,0.0,0.0,0.0,0.0,0.0,0.0,0.0,0.0,0.0,0.0,0.0,0.0,0.0,0.0,0.0,0.0,0.0,127.06265513102214,1.6058916599946176,130.1933811732701,3.9338061562257893,135.13779885428292,5.859807900267779,-0.007413285085495658
2022-04-18,125.95895269585907,127.16150750964877,125.14765723721159,126.6299057006836,20808000,0.0,0.0,127.11707611083985,135.51657752990724,26.988239205611293,-1.9207242364138324,-0.40131193968166695,5.570000797073391,0.007468652334455372,0.0,0.0,0.0,0.0,0.0,0.0,0.0,0.0,0.0,31598000.0,27928000.0,32710000.0,0.0,0.0,0.0,0.0,0.0,0.0,0.0,0.0,0.0,0.0,0.0,0.0,0.0,0.0,0.0,0.0,0.0,0.0,0.0,0.0,0.0,0.0,0.0,0.0,127.05009206136067,1.6106678810488073,128.93641553606307,3.3436358944239104,134.16165324619837,6.0689833837081055,-0.017941046056015875
2022-04-19,126.64477542409657,129.26461711503015,125.95844660693362,128.9432830810547,26490000,0.0,0.0,127.35223083496093,135.21444969177247,29.98736054716757,-1.9615468372859084,-0.7133589192025153,5.760912580836904,0.018268807574091106,0.0,0.0,0.0,0.0,0.0,0.0,0.0,0.0,0.0,20808000.0,31598000.0,27928000.0,0.0,0.0,0.0,0.0,0.0,0.0,0.0,0.0,0.0,0.0,0.0,0.0,0.0,0.0,0.0,0.0,0.0,0.0,0.0,0.0,0.0,0.0,0.0,0.0,127.08811696370442,1.6737804141459347,128.10336848667689,2.165530669762818,133.27636337280273,5.841442293086417,0.015377993809390977
2022-04-20,129.81905168731214,130.32189946504832,126.4548582513956,126.99042510986328,31696000,0.0,0.0,127.416796875,134.62789916992188,28.6986600958506,-2.126960088237553,-0.9960791530095228,5.978157442588483,-0.01514509266809827,0.0,0.0,0.0,0.0,0.0,0.0,0.0,0.0,0.0,26490000.0,20808000.0,31598000.0,0.0,0.0,0.0,0.0,0.0,0.0,0.0,0.0,0.0,0.0,0.0,0.0,0.0,0.0,0.0,0.0,0.0,0.0,0.0,0.0,0.0,0.0,0.0,0.0,127.52120463053386,1.244678231783271,127.35986982073102,1.208683195495292,132.291752406529,5.638488553687696,0.025842466032030886
2022-04-21,128.19049308159094,129.03203315427447,123.50571015624192,123.79135131835938,36446000,0.0,0.0,126.40922546386719,133.96036682128906,28.390142246601528,-2.4875152729123897,-1.2943663769900962,6.412270506730533,-0.025191456668770762,0.0,0.0,0.0,0.0,0.0,0.0,0.0,0.0,0.0,31696000.0,26490000.0,20808000.0,0.0,0.0,0.0,0.0,0.0,0.0,0.0,0.0,0.0,0.0,0.0,0.0,0.0,0.0,0.0,0.0,0.0,0.0,0.0,0.0,0.0,0.0,0.0,0.0,126.57501983642578,2.6009654703141227,126.7918472290039,1.7830263119833383,131.28202601841517,5.814600070402295,0.0432896689080251
2022-04-22,123.97535142196246,124.37405657587937,117.95015236959706,118.65482330322266,56884000,0.0,0.0,125.00195770263672,132.87253227233887,22.332368992903668,-3.1514052988889034,-1.6657741613698578,7.071818520984714,-0.04149343197592936,0.0,0.0,0.0,0.0,0.0,0.0,0.0,0.0,0.0,36446000.0,31696000.0,26490000.0,0.0,0.0,0.0,0.0,0.0,0.0,0.0,0.0,0.0,0.0,0.0,0.0,0.0,0.0,0.0,0.0,0.0,0.0,0.0,0.0,0.0,0.0,0.0,0.0,123.14553324381511,4.2051605330561,125.64716557094029,3.5613373896397422,129.82868140084403,6.262263042011632,-0.027938374880932426
2022-04-25,118.12469276013913,122.26695521347695,117.53953279206783,122.06512451171875,46128000,0.0,0.0,124.08900146484375,131.95020484924316,23.604728194917428,-3.3635867863820437,-2.0053366863722952,7.224343208257987,0.02874136182210707,0.0,0.0,0.0,0.0,0.0,0.0,0.0,0.0,0.0,56884000.0,36446000.0,31696000.0,0.0,0.0,0.0,0.0,0.0,0.0,0.0,0.0,0.0,0.0,0.0,0.0,0.0,0.0,0.0,0.0,0.0,0.0,0.0,0.0,0.0,0.0,0.0,0.0,121.50376637776692,2.6138711193334117,124.68086787632534,3.4705486387612576,128.4190799168178,5.53979146960023,0.037286053900192684
2022-04-26,121.29202455748772,121.50575793064277,117.53953815889362,117.67739868164062,73054000,0.0,0.0,121.83582458496093,130.81927757263185,22.39079544759366,-3.841512385120751,-2.3725718261219866,7.609250814769751,-0.03594577769555207,0.0,0.0,0.0,0.0,0.0,0.0,0.0,0.0,0.0,46128000.0,56884000.0,36446000.0,0.0,0.0,0.0,0.0,0.0,0.0,0.0,0.0,0.0,0.0,0.0,0.0,0.0,0.0,0.0,0.0,0.0,0.0,0.0,0.0,0.0,0.0,0.0,0.0,119.46578216552734,2.303535369219486,123.53604452950614,4.3035216195509625,126.86471285138812,5.255701917460586,0.03810759570814626
2022-04-27,113.53117356778168,116.28094605000119,111.81238510772637,113.35761260986328,91820000,0.0,0.0,119.10926208496093,129.4202911376953,22.21608835079853,-4.516775918233066,-2.8014126445442025,8.128086713738194,-0.03670871484390903,0.0,0.0,0.0,0.0,0.0,0.0,0.0,0.0,0.0,73054000.0,46128000.0,56884000.0,0.0,0.0,0.0,0.0,0.0,0.0,0.0,0.0,0.0,0.0,0.0,0.0,0.0,0.0,0.0,0.0,0.0,0.0,0.0,0.0,0.0,0.0,0.0,0.0,117.70004526774089,4.353800125308182,121.64000265938895,5.477004442260998,125.28820909772601,5.7739242418909305,-0.03567237699540671
2022-04-28,115.4607114772855,118.66869438389101,113.17956225538599,117.55093383789062,48884000,0.0,0.0,117.86117858886719,128.25908889770508,30.09209582283063,-4.659845358541304,-3.173099187343623,8.079327032095724,0.036991968439378464,0.0,0.0,0.0,0.0,0.0,0.0,0.0,0.0,0.0,91820000.0,73054000.0,46128000.0,0.0,0.0,0.0,0.0,0.0,0.0,0.0,0.0,0.0,0.0,0.0,0.0,0.0,0.0,0.0,0.0,0.0,0.0,0.0,0.0,0.0,0.0,0.0,0.0,116.19531504313152,2.4583357508702326,120.0125241960798,4.561199437154663,124.05794634137835,5.421329279191495,0.03867336274468092
2022-04-29,115.77759257193108,116.95337579484945,112.88153042406998,113.17411041259766,42676000,0.0,0.0,116.7650360107422,127.0214183807373,28.891814213725908,-5.0679814569994335,-3.5520756412747856,8.409507200481299,-0.037233421142607526,0.0,0.0,0.0,0.0,0.0,0.0,0.0,0.0,0.0,48884000.0,91820000.0,73054000.0,0.0,0.0,0.0,0.0,0.0,0.0,0.0,0.0,0.0,0.0,0.0,0.0,0.0,0.0,0.0,0.0,0.0,0.0,0.0,0.0,0.0,0.0,0.0,0.0,114.69421895345052,2.475688431999189,118.03876495361328,3.992283492647346,122.69931738717216,5.605532576905072,-0.021216710203096456
2022-05-02,112.47539163673035,115.78850866046761,111.67699010622513,115.6273422241211,35534000,0.0,0.0,115.47747955322265,125.85270309448242,35.91018067358296,-5.134292028296656,-3.8685189186791598,8.280152484887306,0.021676616697756446,0.0,0.0,0.0,0.0,0.0,0.0,0.0,0.0,0.0,42676000.0,48884000.0,91820000.0,0.0,0.0,0.0,0.0,0.0,0.0,0.0,0.0,0.0,0.0,0.0,0.0,0.0,0.0,0.0,0.0,0.0,0.0,0.0,0.0,0.0,0.0,0.0,0.0,115.45079549153645,2.193746199002104,116.87247794015067,3.1313228521408414,121.83216258457729,5.699425062850052,-0.006400520286485412
2022-05-03,115.47608756923125,117.47110390717961,115.08333755024837,116.37218475341797,24968000,0.0,0.0,115.21643676757813,124.58133506774902,37.951897586843934,-5.068316666966851,-4.108478468336698,7.629266699832497,0.006441750843439342,0.0,0.0,0.0,0.0,0.0,0.0,0.0,0.0,0.0,35534000.0,42676000.0,48884000.0,0.0,0.0,0.0,0.0,0.0,0.0,0.0,0.0,0.0,0.0,0.0,0.0,0.0,0.0,0.0,0.0,0.0,0.0,0.0,0.0,0.0,0.0,0.0,0.0,115.05787913004558,1.6733607005027213,116.54638671875,3.0320588910491733,121.09677614484515,5.691718989613104,-0.04029897005291172
2022-05-04,116.07215712779917,121.84742219771121,114.17235467476033,121.2587890625,49916000,0.0,0.0,116.79667205810547,123.6723476409912,41.67193743298238,-4.569053385804864,-4.200593451830331,6.804356883136,0.041991170995339555,0.0,0.0,0.0,0.0,0.0,0.0,0.0,0.0,0.0,24968000.0,35534000.0,42676000.0,0.0,0.0,0.0,0.0,0.0,0.0,0.0,0.0,0.0,0.0,0.0,0.0,0.0,0.0,0.0,0.0,0.0,0.0,0.0,0.0,0.0,0.0,0.0,0.0,117.75277201334636,3.0590544715774133,116.43119594029018,2.7933752978098574,120.55603190830776,5.2424724432213825,0.049401033922307436
2022-05-05,119.21866011890872,120.04681450711568,114.06277194925556,115.55047607421875,45840000,0.0,0.0,116.39658050537109,122.67843818664551,39.44152133096124,-4.581187710047331,-4.276712303473731,6.438710459779179,-0.047075457642406726,0.0,0.0,0.0,0.0,0.0,0.0,0.0,0.0,0.0,49916000.0,24968000.0,35534000.0,0.0,0.0,0.0,0.0,0.0,0.0,0.0,0.0,0.0,0.0,0.0,0.0,0.0,0.0,0.0,0.0,0.0,0.0,0.0,0.0,0.0,0.0,0.0,0.0,117.7271499633789,3.0859613304765916,116.12734985351562,2.750577588595176,119.83169719151088,5.17855415827197,0.006557423243961358
2022-05-06,114.24030932144473,116.60774359414943,113.08089313905965,114.79769897460938,39710000,0.0,0.0,116.72129821777344,121.67959251403809,37.63241632286815,-4.598537986729809,-4.341077440124947,5.997883929659827,-0.006514703575309033,0.0,0.0,0.0,0.0,0.0,0.0,0.0,0.0,0.0,45840000.0,49916000.0,24968000.0,0.0,0.0,0.0,0.0,0.0,0.0,0.0,0.0,0.0,0.0,0.0,0.0,0.0,0.0,0.0,0.0,0.0,0.0,0.0,0.0,0.0,0.0,0.0,0.0,117.2023213704427,3.533109953419349,116.33307647705078,2.5558535880332647,118.98653956821987,4.943931171809801,0.028757177979150672
2022-05-09,112.3216628968711,114.13368999515002,111.08240885566522,111.5887222290039,40802000,0.0,0.0,115.91357421875,120.64928283691407,32.193570012701784,-4.8157132659825805,-4.436004605296474,5.864884349939077,-0.027953319398111076,0.0,0.0,0.0,0.0,0.0,0.0,0.0,0.0,0.0,39710000.0,45840000.0,49916000.0,0.0,0.0,0.0,0.0,0.0,0.0,0.0,0.0,0.0,0.0,0.0,0.0,0.0,0.0,0.0,0.0,0.0,0.0,0.0,0.0,0.0,0.0,0.0,0.0,113.97896575927734,2.103952575732774,115.48133196149554,3.0315497967743545,117.74692807878766,4.401310710270734,-0.016469222931608463
2022-05-10,114.56065900721823,115.29707287210782,111.97502692676184,113.457275390625,39900000,0.0,0.0,115.33059234619141,119.93377113342285,36.09041753597457,-4.7819265429204165,-4.505188992821263,5.823532935706276,0.016745000070763627,0.0,0.0,0.0,0.0,0.0,0.0,0.0,0.0,0.0,40802000.0,39710000.0,45840000.0,0.0,0.0,0.0,0.0,0.0,0.0,0.0,0.0,0.0,0.0,0.0,0.0,0.0,0.0,0.0,0.0,0.0,0.0,0.0,0.0,0.0,0.0,0.0,0.0,113.28123219807942,1.6117153417053176,115.52178410121373,2.99732781321037,116.78027452741351,3.6343127926498857,0.006976005633783755
2022-05-11,112.30828274140973,115.41064030425353,112.30828274140973,112.67127990722656,37534000,0.0,0.0,113.61309051513672,119.23395538330078,37.974083631657926,-4.763661068622383,-4.556883407981487,5.8126981491546585,-0.006927678112243707,0.0,0.0,0.0,0.0,0.0,0.0,0.0,0.0,0.0,39900000.0,40802000.0,39710000.0,0.0,0.0,0.0,0.0,0.0,0.0,0.0,0.0,0.0,0.0,0.0,0.0,0.0,0.0,0.0,0.0,0.0,0.0,0.0,0.0,0.0,0.0,0.0,0.0,112.57242584228516,0.9381907183858968,115.0994894845145,3.1824976187119147,115.98598371233258,3.169603853042884,0.006721657605770703
2022-05-12,110.46452055455832,113.35810103264562,108.92424938909092,111.91899871826172,53836000,0.0,0.0,112.88679504394531,118.3884449005127,41.95233006313964,-4.75507481102855,-4.596521688590899,5.568254414256575,-0.006676778586204635,0.0,0.0,0.0,0.0,0.0,0.0,0.0,0.0,0.0,37534000.0,39900000.0,40802000.0,0.0,0.0,0.0,0.0,0.0,0.0,0.0,0.0,0.0,0.0,0.0,0.0,0.0,0.0,0.0,0.0,0.0,0.0,0.0,0.0,0.0,0.0,0.0,0.0,112.6825180053711,0.7691999098540797,114.46332005092076,3.3274748681169624,115.50485338483539,3.243690968628204,-0.027630132617822434
2022-05-13,113.594142514748,116.90875017939355,112.67375572924637,115.09920501708984,35038000,0.0,0.0,112.94709625244141,117.85884704589844,41.63141094559758,-4.44046712883592,-4.565310776639904,5.3359931243628935,0.028415249736407855,0.0,0.0,0.0,0.0,0.0,0.0,0.0,0.0,0.0,53836000.0,37534000.0,39900000.0,0.0,0.0,0.0,0.0,0.0,0.0,0.0,0.0,0.0,0.0,0.0,0.0,0.0,0.0,0.0,0.0,0.0,0.0,0.0,0.0,0.0,0.0,0.0,0.0,113.22982788085938,1.6620499104754374,113.58337947300502,1.593654952508464,115.0072877066476,2.637616861165626,0.01402863410969446
2022-05-16,114.01317216302417,115.21771695665214,112.95591618323131,113.5068588256836,25990000,0.0,0.0,113.33072357177734,117.20269470214843,44.62892338723069,-4.27040078194436,-4.506328777700795,4.996742325180463,-0.01383455421060309,0.0,0.0,0.0,0.0,0.0,0.0,0.0,0.0,0.0,35038000.0,53836000.0,37534000.0,0.0,0.0,0.0,0.0,0.0,0.0,0.0,0.0,0.0,0.0,0.0,0.0,0.0,0.0,0.0,0.0,0.0,0.0,0.0,0.0,0.0,0.0,0.0,0.0,113.50835418701172,1.5901036767624868,113.29143415178571,1.3402847037611023,114.70939200265067,2.546803478927154,-0.017411886819070133
2022-05-17,115.88273735100042,115.94175125327278,113.92839273794735,115.51824951171875,23054000,0.0,0.0,113.7429183959961,116.53144302368165,52.958507001720164,-3.928039563334835,-4.390670934827604,4.169851740520467,0.017720432992724522,0.0,0.0,0.0,0.9995,0.9995,1.0,747.0,1.0,0.0,25990000.0,35038000.0,53836000.0,0.0,0.0,0.0,0.0,0.0,0.0,0.0,0.0,0.0,0.0,0.0,0.0,0.0,0.0,0.0,0.0,0.0,0.0,0.0,0.0,0.0,0.0,0.0,0.0,114.70810445149739,1.0611987854640454,113.39436994280133,1.4940928693842614,114.86372320992606,2.5239497850247763,0.04087157308861844
2022-05-18,114.05731760057398,114.45404021864253,110.64104923458649,110.98223114013672,35126000,0.0,0.0,113.40510864257813,115.73103332519531,41.08926354024209,-3.9768914751107474,-4.3079150428842325,3.546354241822058,-0.03926668202431405,0.0,0.0,0.0,0.0,0.0,0.0,0.0,0.0,0.0,23054000.0,25990000.0,35038000.0,0.0,0.0,0.0,0.0,0.0,0.0,0.0,0.0,0.0,0.9995,0.0,0.0,0.9995,0.0,0.0,1.0,0.0,0.0,747.0,0.0,0.0,1.0,0.0,0.0,113.33577982584636,2.2728433040949665,113.30772835867745,1.627850505132021,114.39453016008649,2.5955151082319805,0.013729393139944701
2022-05-19,110.5180627695379,112.08362213791699,109.09829397497361,109.4791488647461,34144000,0.0,0.0,112.917138671875,115.01542320251465,44.563773787544626,-4.0897490635690446,-4.264281847021195,3.2673127213556503,-0.01354344979326183,0.0,0.0,0.0,0.0,0.0,0.0,0.0,0.0,0.0,35126000.0,23054000.0,25990000.0,0.0,0.0,0.0,0.0,0.0,0.0,0.0,0.0,0.0,0.0,0.9995,0.0,0.0,0.9995,0.0,0.0,1.0,0.0,0.0,747.0,0.0,0.0,1.0,0.0,111.99320983886719,3.1439215325814365,112.73942456926618,2.170800768131629,114.13060433523995,2.8992497165515188,0.013552622954339677
2022-05-20,111.03331404707964,111.26391395378205,104.92926830668526,108.0152587890625,48962000,0.0,0.0,111.50034942626954,114.48344497680664,38.464889472402724,-4.24834098006734,-4.261093673630424,3.501340856190107,-0.013371405339405174,0.0,0.0,0.0,0.0,0.0,0.0,0.0,0.0,0.0,34144000.0,35126000.0,23054000.0,0.0,0.0,0.0,0.0,0.0,0.0,0.0,0.0,0.0,0.0,0.0,0.9995,0.0,0.0,0.9995,0.0,0.0,1.0,0.0,0.0,747.0,0.0,0.0,1.0,109.49221293131511,1.4835293173320394,112.07427869524274,2.813373456584828,113.58688408987862,3.2850690065826385,-0.023141453742794305
2022-05-23,108.68918571926903,111.22819834582448,107.84962051186193,110.57410430908203,37184000,0.0,0.0,110.91379852294922,113.90889396667481,41.67164563809227,-4.120055334928352,-4.23288600589001,3.113022483346915,0.023689667077654075,0.0,0.0,0.0,0.0,0.0,0.0,0.0,0.0,0.0,48962000.0,34144000.0,35126000.0,0.0,0.0,0.0,0.0,0.0,0.0,0.0,0.0,0.0,0.0,0.0,0.0,0.0,0.0,0.0,0.0,0.0,0.0,0.0,0.0,0.0,0.0,0.0,0.0,109.35617065429688,1.2838478605397223,111.88215092250279,2.8710753208374737,113.17273548671177,3.2723726303980616,0.05207129610870265
2022-05-24,104.90496623527923,105.58583938493665,101.04932840845038,105.1013412475586,76780000,0.0,0.0,108.83041687011719,113.2800910949707,27.17580540898932,-4.409168132562883,-4.268142431224585,3.551061862973773,-0.04949407545030349,0.0,0.0,0.0,0.0,0.0,0.0,0.0,0.0,0.0,37184000.0,48962000.0,34144000.0,0.0,0.0,0.0,0.0,0.0,0.0,0.0,0.0,0.0,0.0,0.0,0.0,0.0,0.0,0.0,0.0,0.0,0.0,0.0,0.0,0.0,0.0,0.0,0.0,107.8969014485677,2.7383006093064157,110.45388466971261,3.4353256120741693,112.01863207135882,3.0423329995886177,0.0015594289359459612
2022-05-25,104.1249121947519,105.62700102602575,103.00516898284764,104.93769836425781,40258000,0.0,0.0,107.6215103149414,112.85909538269043,32.22361089812401,-4.598488211057656,-4.3342115871911995,4.010745604863333,-0.001557000903683381,0.0,0.0,0.0,0.0,0.0,0.0,0.0,0.0,0.0,76780000.0,37184000.0,48962000.0,0.0,0.0,0.0,0.0,0.0,0.0,0.0,0.0,0.0,0.0,0.0,0.0,0.0,0.0,0.0,0.0,0.0,0.0,0.0,0.0,0.0,0.0,0.0,0.0,106.87104797363281,3.207984478756695,109.22971888950893,3.683891952888662,111.26057652064732,3.396218441118674,-0.018438119591403956
2022-05-26,104.81073736570944,107.75886699890704,104.36243908840518,106.90889739990234,37948000,0.0,0.0,107.10746002197266,112.32699356079101,37.30446251394482,-4.537164837108321,-4.374802237174624,4.061140537226521,0.018784469893766254,0.0,0.0,0.0,0.0,0.0,0.0,0.0,0.0,0.0,40258000.0,76780000.0,37184000.0,0.0,0.0,0.0,0.0,0.0,0.0,0.0,0.0,0.0,0.0,0.0,0.0,0.0,0.0,0.0,0.0,0.0,0.0,0.0,0.0,0.0,0.0,0.0,0.0,105.64931233723958,1.093896999663644,107.99981144496373,2.472456547257679,110.69709069388253,3.4185753233161917,-0.04027896691916533
2022-05-27,108.58553629317109,111.39729602913795,108.24385499776788,111.39580535888672,37914000,0.0,0.0,107.7835693359375,112.23807830810547,49.70180211245714,-4.079483896834631,-4.3157385691066255,4.0610847193857085,0.04196945313354683,0.0,0.0,0.0,0.0,0.0,0.0,0.0,0.0,0.0,37948000.0,40258000.0,76780000.0,0.0,0.0,0.0,0.0,0.0,0.0,0.0,0.0,0.0,0.0,0.0,0.0,0.0,0.0,0.0,0.0,0.0,0.0,0.0,0.0,0.0,0.0,0.0,0.0,107.74746704101562,3.309710828873665,108.05889347621373,2.5590284904234633,110.6833109174456,3.4150918579013254,-0.012706520515377018
2022-05-31,111.82229671590991,114.78630197702584,111.1597731470303,112.82947540283203,50012000,0.0,0.0,108.2346435546875,112.09818496704102,49.01636487129079,-3.5600452774811657,-4.164599910781534,3.985678378211402,0.012870054122113617,0.0,0.0,0.0,0.0,0.0,0.0,0.0,0.0,0.0,37914000.0,37948000.0,40258000.0,0.0,0.0,0.0,0.0,0.0,0.0,0.0,0.0,0.0,0.0,0.0,0.0,0.0,0.0,0.0,0.0,0.0,0.0,0.0,0.0,0.0,0.0,0.0,0.0,110.37805938720703,3.088715933740747,108.53751155308315,3.120618544299935,110.63846806117466,3.379805091421736,-0.001141318505873734
2022-06-01,113.91350798260179,116.14159098002285,112.3216612422036,112.9583969116211,36606000,0.0,0.0,109.8060546875,111.92749557495117,50.459311290589916,-3.102223044779663,-3.95212453758116,3.864257289574089,0.001142622602194887,0.0,0.0,0.0,0.0,0.0,0.0,0.0,0.0,0.0,50012000.0,37914000.0,37948000.0,0.0,0.0,0.0,0.0,0.0,0.0,0.0,0.0,0.0,0.0,0.0,0.0,0.0,0.0,0.0,0.0,0.0,0.0,0.0,0.0,0.0,0.0,0.0,0.0,112.39455922444661,0.8673448863243827,109.24367414202008,3.516873156272955,110.65897641863141,3.393930436478656,-0.031715938639585994
2022-06-02,113.0655218882824,116.93305500118844,112.02066027717234,116.6583251953125,37992000,0.0,0.0,112.15018005371094,111.6974723815918,56.92827018149105,-2.4130264689523386,-3.644304923855396,3.387024007785213,0.03275478746910898,0.0,0.0,0.0,0.0,0.0,0.0,0.0,0.0,0.0,36606000.0,50012000.0,37914000.0,0.0,0.0,0.0,0.0,0.0,0.0,0.0,0.0,0.0,0.0,0.0,0.0,0.0,0.0,0.0,0.0,0.0,0.0,0.0,0.0,0.0,0.0,0.0,0.0,114.1487325032552,2.174326746116057,110.11284855433873,4.5116356509831705,110.99749973842076,3.7472460299393964,0.026903131493639654
2022-06-03,115.11110111753601,115.36798068092384,112.5879563145143,113.6020736694336,26136000,0.0,0.0,113.48881530761719,111.60005226135254,47.803430835249706,-2.089362305124112,-3.3333164001091395,3.2971978212021,-0.026198314786039067,0.0,0.0,0.0,0.0,0.0,0.0,0.0,0.0,0.0,37992000.0,36606000.0,50012000.0,0.0,0.0,0.0,0.0,0.0,0.0,0.0,0.0,0.0,0.0,0.0,0.0,0.0,0.0,0.0,0.0,0.0,0.0,0.0,0.0,0.0,0.0,0.0,0.0,114.40626525878906,1.976717078998786,111.32723890032086,4.0592572496769215,110.89056178501674,3.6410459773828845,-0.019512942582374126
2022-06-06,115.74784575456003,118.36868641474054,115.21177950019366,115.86289978027344,33542000,0.0,0.0,114.38223419189453,111.65331230163574,53.39024675681972,-1.6316180732814303,-2.992976734743598,3.359581331995858,0.01990127501913852,0.0,0.0,0.0,0.0,0.0,0.0,0.0,0.0,0.0,26136000.0,37992000.0,36606000.0,0.0,0.0,0.0,0.0,0.0,0.0,0.0,0.0,0.0,0.0,0.0,0.0,0.0,0.0,0.0,0.0,0.0,0.0,0.0,0.0,0.0,0.0,0.0,0.0,115.37443288167317,1.5855971369261943,112.88798195975167,3.2031228404827736,111.05885042463031,3.8212608222272926,-0.0028083640381528774
2022-06-07,114.53388373543117,116.72626645111426,114.10889889465038,116.18920135498047,31590000,0.0,0.0,115.05417938232422,111.88333625793457,51.014679701444656,-1.2283628592026332,-2.6400539596354053,3.5090922879147244,0.0028162731584124856,0.0,0.0,0.0,0.0,0.0,0.0,0.0,0.0,0.0,33542000.0,26136000.0,37992000.0,0.0,0.0,0.0,0.0,0.0,0.0,0.0,0.0,0.0,0.0,0.0,0.0,0.0,0.0,0.0,0.0,0.0,0.0,0.0,0.0,0.0,0.0,0.0,0.0,115.21805826822917,1.4089616201552713,114.21373966761998,2.0168101219968286,111.10677555629185,3.885164589371221,-0.0003797193503143337
2022-06-08,115.80437996795135,117.59855692060148,115.64420478456094,116.23333740234375,26108000,0.0,0.0,115.70916748046875,112.0221393585205,59.18977775700811,-0.8949029029785578,-2.291023748304036,3.62753174432228,0.0003798635918705884,0.0,0.0,0.0,0.0,0.0,0.0,0.0,0.0,0.0,31590000.0,33542000.0,26136000.0,0.0,0.0,0.0,0.0,0.0,0.0,0.0,0.0,0.0,0.0,0.0,0.0,0.0,0.0,0.0,0.0,0.0,0.0,0.0,0.0,0.0,0.0,0.0,0.0,116.09514617919922,0.20233830588382545,114.90481567382812,1.6931261680887457,111.48185457502093,4.118673197395602,0.02053805457366087
2022-06-09,115.37393923285215,117.32928262353619,113.83515876761014,113.89417266845703,25798000,0.0,0.0,115.15633697509766,112.08328399658203,57.506897380163046,-0.8100468145890858,-1.9948283615610463,3.6492904608943473,-0.02012473173500695,0.0,0.0,0.0,0.0,0.0,0.0,0.0,0.0,0.0,26108000.0,31590000.0,33542000.0,0.0,0.0,0.0,0.0,0.0,0.0,0.0,0.0,0.0,0.0,0.0,0.0,0.0,0.0,0.0,0.0,0.0,0.0,0.0,0.0,0.0,0.0,0.0,0.0,115.43890380859375,1.3379584145811214,115.05691528320312,1.5139616536361493,111.79721341814313,4.1225573412361625,0.033051075292070076
2022-06-10,111.52326180460535,112.3504249488664,109.46130149167207,110.25028228759766,41452000,0.0,0.0,114.48597869873046,111.99984817504883,53.53794679789058,-1.0250135356677248,-1.800865396382382,3.6722484964770663,-0.031993650732831114,0.0,0.0,0.0,0.0,0.0,0.0,0.0,0.0,0.0,25798000.0,26108000.0,31590000.0,0.0,0.0,0.0,0.0,0.0,0.0,0.0,0.0,0.0,0.0,0.0,0.0,0.0,0.0,0.0,0.0,0.0,0.0,0.0,0.0,0.0,0.0,0.0,0.0,113.45926411946614,3.015144475976118,114.6700417654855,2.28782002860373,111.95685795375279,4.00647776665268,0.04482463227271727
2022-06-13,105.91113796225396,107.89969964994525,105.24911389802193,105.52037048339844,47252000,0.0,0.0,112.41747283935547,111.52090644836426,42.51465365174539,-1.5590685917119629,-1.7525060354482982,3.8662690171654686,-0.042901584522575864,0.0,0.0,0.0,0.0,0.0,0.0,0.0,0.0,0.0,41452000.0,25798000.0,26108000.0,0.0,0.0,0.0,0.0,0.0,0.0,0.0,0.0,0.0,0.0,0.0,0.0,0.0,0.0,0.0,0.0,0.0,0.0,0.0,0.0,0.0,0.0,0.0,0.0,109.88827514648438,4.198622111631779,113.0789053780692,3.946431541048352,111.59587696620396,4.353303738522496,-0.003026795829177753
2022-06-14,105.66171211229965,107.03981794977923,104.93273646839161,105.84072875976562,33706000,0.0,0.0,110.3477783203125,111.13759994506836,51.292404587594206,-1.9341649857491205,-1.7888378255084627,4.035334854484121,0.0030359851363257473,0.0,0.0,0.0,0.0,0.0,0.0,0.0,0.0,0.0,47252000.0,41452000.0,25798000.0,0.0,0.0,0.0,0.0,0.0,0.0,0.0,0.0,0.0,0.0,0.0,0.0,0.0,0.0,0.0,0.0,0.0,0.0,0.0,0.0,0.0,0.0,0.0,0.0,107.20379384358723,2.643194324283253,111.9701418195452,4.777690005724198,111.64869035993304,4.2721817685990455,-0.027777746630485933
2022-06-15,107.65523726592659,110.5101436125187,106.7869179368398,108.86474609375,39698000,0.0,0.0,108.87406005859376,110.80492477416992,56.24024669733411,-1.964770008728209,-1.824024262152412,3.9280163668426114,0.028571395618866235,0.0,0.0,0.0,0.0,0.0,0.0,0.0,0.0,0.0,33706000.0,47252000.0,41452000.0,0.0,0.0,0.0,0.0,0.0,0.0,0.0,0.0,0.0,0.0,0.0,0.0,0.0,0.0,0.0,0.0,0.0,0.0,0.0,0.0,0.0,0.0,0.0,0.0,106.74194844563802,1.8453616847189356,110.97040557861328,4.554330191472144,111.92919376918248,3.911338189911097,0.03518714356116326
2022-06-16,106.34207999882139,107.75787626146192,104.27615475355856,105.16431427001953,51684000,0.0,0.0,107.12808837890626,110.51402893066407,47.37219764747416,-2.261548904308796,-1.911529190583689,4.124698269425448,-0.03399109405485412,0.0,0.0,0.0,0.0,0.0,0.0,0.0,0.0,0.0,39698000.0,33706000.0,47252000.0,0.0,0.0,0.0,0.0,0.0,0.0,0.0,0.0,0.0,0.0,0.0,0.0,0.0,0.0,0.0,0.0,0.0,0.0,0.0,0.0,0.0,0.0,0.0,0.0,106.62326304117839,1.9704235196287319,109.39542170933315,4.350524653544334,111.80458068847656,4.106506889077814,-0.010359987636766488
2022-06-17,105.16431896946578,107.80846549966309,104.18491071395393,106.26522064208984,51376000,0.0,0.0,106.3310760498047,110.35333251953125,41.39415339506047,-2.380473754022347,-2.0053181032714207,4.228440728245537,0.010468440551455682,0.0,0.0,0.0,0.0,0.0,0.0,0.0,0.0,0.0,51684000.0,39698000.0,33706000.0,0.0,0.0,0.0,0.0,0.0,0.0,0.0,0.0,0.0,0.0,0.0,0.0,0.0,0.0,0.0,0.0,0.0,0.0,0.0,0.0,0.0,0.0,0.0,0.0,106.76476033528645,1.900119430279498,107.97140502929688,3.2251276907042596,111.4381103515625,4.366492961125468,-0.03945077838624167
2022-06-21,108.03657603615589,111.56739902352787,107.70977872020165,110.62964630126953,47416000,0.0,0.0,107.35293121337891,110.4840518951416,46.640402234511896,-2.0983612759542893,-2.0239267378079946,4.192615803799384,0.04107106382321879,0.0,0.0,0.0,0.0,0.0,0.0,0.0,0.0,0.0,51376000.0,51684000.0,39698000.0,0.0,0.0,0.0,0.0,0.0,0.0,0.0,0.0,0.0,0.0,0.0,0.0,0.0,0.0,0.0,0.0,0.0,0.0,0.0,0.0,0.0,0.0,0.0,0.0,107.35306040445964,2.890503427500756,107.50504411969867,2.34070197428792,111.28097970145089,4.352129867371883,0.0005067237144835701
2022-06-22,109.6502478770662,112.41737098859431,109.47767062090766,110.57361602783203,30774000,0.0,0.0,108.29950866699218,110.4840274810791,46.34981551608087,-1.857889683600206,-1.990719326966437,4.1926152532366885,-0.0005064670756057543,0.0,0.0,0.0,0.0,0.0,0.0,0.0,0.0,0.0,47416000.0,51376000.0,51684000.0,0.0,0.0,0.0,0.0,0.0,0.0,0.0,0.0,0.0,0.0,0.0,0.0,0.0,0.0,0.0,0.0,0.0,0.0,0.0,0.0,0.0,0.0,0.0,0.0,109.15616099039714,2.503784519679383,107.55123465401786,2.406178865382591,111.11063820975167,4.328028994542207,-0.006721934735120283
2022-06-23,111.31150268168844,111.8183154317785,109.59469700214912,111.32191467285156,28362000,0.0,0.0,108.7909423828125,110.79505615234375,41.02066397281707,-1.5886201431662386,-1.9102994902063972,3.9985286619114406,0.006767424923782794,0.0,0.0,0.0,0.0,0.0,0.0,0.0,0.0,0.0,30774000.0,47416000.0,51376000.0,0.0,0.0,0.0,0.0,0.0,0.0,0.0,0.0,0.0,0.0,0.0,0.0,0.0,0.0,0.0,0.0,0.0,0.0,0.0,0.0,0.0,0.0,0.0,0.0,110.8417256673177,0.41679846288067074,108.38002668108258,2.5827480632498587,110.72946602957589,4.026332271910005,-0.04859516509150996
2022-06-24,112.0687608319365,117.11108593640661,112.02660588324883,117.0079345703125,41164000,0.0,0.0,111.1596664428711,111.39856796264648,55.26494125350544,-0.905964412907224,-1.7094324747465628,3.9787798024925665,0.051077273636289666,0.0,0.0,0.0,0.0,0.0,0.0,0.0,0.0,0.0,28362000.0,30774000.0,47416000.0,0.0,0.0,0.0,0.0,0.0,0.0,0.0,0.0,0.0,0.0,0.0,0.0,0.0,0.0,0.0,0.0,0.0,0.0,0.0,0.0,0.0,0.0,0.0,0.0,112.9678217569987,3.5187883388688155,109.975341796875,3.8773073502630635,110.9727418082101,4.306402205585955,0.018487756136674527
2022-06-27,117.30348914348141,117.60747238809732,114.23534152789627,114.88398742675781,36420000,0.0,0.0,112.88341979980468,111.79732246398926,48.48031976910828,-0.5302274799917512,-1.4735914757956006,3.904073376479238,-0.018152163366992546,0.0,0.0,0.0,0.0,0.0,0.0,0.0,0.0,0.0,41164000.0,28362000.0,30774000.0,0.0,0.0,0.0,0.0,0.0,0.0,0.0,0.0,0.0,0.0,0.0,0.0,0.0,0.0,0.0,0.0,0.0,0.0,0.0,0.0,0.0,0.0,0.0,0.0,114.4046122233073,2.873161326455734,110.83523341587612,4.24041188367734,110.90281949724469,4.228129691214324,0.03415837585874959
2022-06-28,114.8532454023872,116.34789602426181,110.93116279588207,111.08935546875,35792000,0.0,0.0,112.97536163330078,111.78199996948243,42.852587824976425,-0.5325098969504438,-1.2853751600265693,3.906332883608399,-0.03303012058514254,0.0,0.0,0.0,0.0,0.0,0.0,0.0,0.0,0.0,36420000.0,41164000.0,28362000.0,0.0,0.0,0.0,0.0,0.0,0.0,0.0,0.0,0.0,0.0,0.0,0.0,0.0,0.0,0.0,0.0,0.0,0.0,0.0,0.0,0.0,0.0,0.0,0.0,114.32709248860677,2.9983318069327844,111.68166787283761,3.43454637200662,110.53854479108539,3.9480595679364265,0.002739564144786044
2022-06-29,110.63757801717347,112.23289031786092,109.96364371615972,110.78585052490234,24716000,0.0,0.0,113.01780853271484,111.67981872558593,42.42047428284025,-0.5524408471030711,-1.1387882974418695,3.904218933639725,-0.002732079437917312,0.0,0.0,0.0,0.0,0.0,0.0,0.0,0.0,0.0,35792000.0,36420000.0,41164000.0,0.0,0.0,0.0,0.0,0.0,0.0,0.0,0.0,0.0,0.0,0.0,0.0,0.0,0.0,0.0,0.0,0.0,0.0,0.0,0.0,0.0,0.0,0.0,0.0,112.25306447347005,2.2834941432670894,112.32747214181083,2.560006469047834,110.14943858555385,3.596409671922136,0.025132432761376
2022-06-30,109.09829563062534,109.97901690144941,105.87493689608415,108.06979370117188,43170000,0.0,0.0,112.36738433837891,111.43538856506348,41.98018591280718,-0.7784261433082236,-1.0667158666151404,3.9723927602076774,-0.024516279027166576,0.0,0.0,0.0,0.0,0.0,0.0,0.0,0.0,0.0,24716000.0,35792000.0,36420000.0,0.0,0.0,0.0,0.0,0.0,0.0,0.0,0.0,0.0,0.0,0.0,0.0,0.0,0.0,0.0,0.0,0.0,0.0,0.0,0.0,0.0,0.0,0.0,0.0,109.9816665649414,1.6626702012564853,111.96177891322544,2.9897293937311606,109.73341151646206,3.4643558958481657,0.0020736988305634085
2022-07-01,107.0482435979797,108.35444913580423,105.85560141078064,107.84615325927734,35476000,0.0,0.0,110.53502807617187,110.99477996826172,46.34543997045865,-0.9644494602775637,-1.046262585347625,3.8493950646470267,-0.002069407502645282,0.0,0.0,0.0,0.0,0.0,0.0,0.0,0.0,0.0,43170000.0,24716000.0,35792000.0,0.0,0.0,0.0,0.0,0.0,0.0,0.0,0.0,0.0,0.0,0.0,0.0,0.0,0.0,0.0,0.0,0.0,0.0,0.0,0.0,0.0,0.0,0.0,0.0,108.90059916178386,1.6365003172670691,111.5721413748605,3.356077758693206,109.56168801443917,3.4962028405495946,-0.03995567754907581
2022-07-05,106.22257357959492,112.4476205204141,104.8647923311928,112.33455657958984,39342000,0.0,0.0,110.02514190673828,110.93140411376953,60.43498569605633,-0.7411540795274476,-0.9852408841835896,3.814485519950218,0.04161857594977669,0.0,0.0,0.0,0.0,0.0,0.0,0.0,0.0,0.0,35476000.0,43170000.0,24716000.0,0.0,0.0,0.0,0.0,0.0,0.0,0.0,0.0,0.0,0.0,0.0,0.0,0.0,0.0,0.0,0.0,0.0,0.0,0.0,0.0,0.0,0.0,0.0,0.0,109.41683451334636,2.5292944280358736,111.71680450439453,3.365306304262394,110.04841559273856,3.3620569061867913,-0.011425141878499079
2022-07-06,112.37324154606672,114.64198891272858,110.5622056578975,113.63282775878906,37432000,0.0,0.0,110.5338363647461,110.81990051269531,61.585528814369916,-0.45419556373836656,-0.8790318200945451,3.6934157275685306,0.011557184349407112,0.0,0.0,0.0,0.0,0.0,0.0,0.0,0.0,0.0,39342000.0,35476000.0,43170000.0,0.0,0.0,0.0,0.0,0.0,0.0,0.0,0.0,0.0,0.0,0.0,0.0,0.0,0.0,0.0,0.0,0.0,0.0,0.0,0.0,0.0,0.0,0.0,0.0,111.27117919921875,3.0363595028646024,111.23464638846261,2.645734671902943,110.6049940926688,3.255185373963707,-0.03545115206092986
2022-07-07,114.13666235926765,118.21247285733529,113.8921848578157,117.8093032836914,40936000,0.0,0.0,111.9385269165039,110.90090560913086,62.85837939239115,0.10897164080357413,-0.6814311279149213,3.8325214871758986,0.03675412825040181,0.0,0.0,0.0,0.0,0.0,0.0,0.0,0.0,0.0,37432000.0,39342000.0,35476000.0,0.0,0.0,0.0,0.0,0.0,0.0,0.0,0.0,0.0,0.0,0.0,0.0,0.0,0.0,0.0,0.0,0.0,0.0,0.0,0.0,0.0,0.0,0.0,0.0,114.59222920735677,2.8606906898773903,111.65254865373883,3.4323315418140283,111.24389103480748,3.730435850282542,-0.004779943366913342
2022-07-08,116.28887225514453,118.70390952621402,115.94322591003493,118.37512969970703,38238000,0.0,0.0,113.99959411621094,111.00799522399902,70.87251522554932,0.5940948155450485,-0.42632593922292744,4.014945967115372,0.004802900961506262,0.0,0.0,0.0,0.0,0.0,0.0,0.0,0.0,0.0,40936000.0,37432000.0,39342000.0,0.0,0.0,0.0,0.0,0.0,0.0,0.0,0.0,0.0,0.0,0.0,0.0,0.0,0.0,0.0,0.0,0.0,0.0,0.0,0.0,0.0,0.0,0.0,0.0,116.60575358072917,2.590126607008287,112.69337354387555,4.242210372555087,112.18752070835659,3.7451215964190148,0.0317869185001074
2022-07-11,117.03074427714583,117.03074427714583,114.38510706026808,114.728271484375,31196000,0.0,0.0,115.37601776123047,111.04970016479493,62.37563494817216,0.6764892991986926,-0.20576289153860344,4.050676879298251,-0.03080763860266378,0.0,0.0,0.0,0.0,0.0,0.0,0.0,0.0,0.0,38238000.0,40936000.0,37432000.0,0.0,0.0,0.0,0.0,0.0,0.0,0.0,0.0,0.0,0.0,0.0,0.0,0.0,0.0,0.0,0.0,0.0,0.0,0.0,0.0,0.0,0.0,0.0,0.0,116.97090148925781,1.9626721293593905,113.25657653808594,4.208322614011562,112.79202433994838,3.380976150553667,0.014523637181563576
2022-07-12,115.26236105063236,116.01514205426072,112.75806498456316,113.08585357666016,29960000,0.0,0.0,115.52627716064453,111.19147872924805,53.90241087874913,0.6023150097170316,-0.044147311287476454,4.070797859056284,-0.014315720846003743,0.0,0.0,0.0,0.0,0.0,0.0,0.0,0.0,0.0,31196000.0,38238000.0,40936000.0,0.0,0.0,0.0,0.0,0.0,0.0,0.0,0.0,0.0,0.0,0.0,0.0,0.0,0.0,0.0,0.0,0.0,0.0,0.0,0.0,0.0,0.0,0.0,0.0,115.39641825358073,2.7071988392721806,113.97315652029855,3.554150094783628,112.967467716762,3.323373263575191,0.02395078367621295
2022-07-13,110.78535950872107,113.25991018567453,110.28995752777116,110.44071197509766,43722000,0.0,0.0,114.88785400390626,111.437495803833,49.804894264339374,0.32632881458862073,0.02994791388774299,3.852874545063005,-0.02339056140005502,0.0,0.0,0.0,0.0,0.0,0.0,0.0,0.0,0.0,29960000.0,31196000.0,38238000.0,0.0,0.0,0.0,0.0,0.0,0.0,0.0,0.0,0.0,0.0,0.0,0.0,0.0,0.0,0.0,0.0,0.0,0.0,0.0,0.0,0.0,0.0,0.0,0.0,112.75161234537761,2.1632335835303262,114.34380776541573,2.8800525592226345,112.95797457013812,3.330918503833956,0.008933746543302146
2022-07-14,109.30708832837976,110.18235402261737,107.48464911605639,109.46279907226562,37004000,0.0,0.0,113.21855316162109,111.61859931945801,47.28905810906246,0.028371321147119488,0.029632595339618293,3.6560538052340723,-0.00885464142111414,0.0,0.0,0.0,0.0,0.0,0.0,0.0,0.0,0.0,43722000.0,29960000.0,31196000.0,0.0,0.0,0.0,0.0,0.0,0.0,0.0,0.0,0.0,0.0,0.0,0.0,0.0,0.0,0.0,0.0,0.0,0.0,0.0,0.0,0.0,0.0,0.0,0.0,110.99645487467448,1.8743715248780248,113.93355669294085,3.3758265753467964,112.82518059866769,3.436544725545597,-0.012614237492587277
2022-07-15,111.08240810060202,112.21306263725859,109.99092716981522,110.8612289428711,46770000,0.0,0.0,111.71577301025391,111.71842346191406,39.75600905207281,-0.09383882017495182,0.004938312236704271,3.6037879502634125,0.01277538928711519,0.0,0.0,0.0,0.0,0.0,0.0,0.0,0.0,0.0,37004000.0,43722000.0,29960000.0,0.0,0.0,0.0,0.0,0.0,0.0,0.0,0.0,0.0,0.0,0.0,0.0,0.0,0.0,0.0,0.0,0.0,0.0,0.0,0.0,0.0,0.0,0.0,0.0,110.25491333007812,0.7174903331169703,113.53761400495257,3.573714128366531,112.38613019670758,3.2485603580818676,0.025199535983502885
2022-07-18,111.71665403211723,112.74812973437768,107.48165988903675,108.13624572753906,43164600,0.0,20.0,110.39736785888672,111.86702003479004,38.97519855961076,-0.4058956965628795,-0.07722848952321248,3.3732109910352372,-0.024580128159469194,0.0,0.0,0.0,0.0,0.0,0.0,0.0,0.0,0.0,46770000.0,37004000.0,43722000.0,0.0,0.0,0.0,0.0,0.0,0.0,0.0,0.0,0.0,0.0,0.0,0.0,0.0,0.0,0.0,0.0,0.0,0.0,0.0,0.0,0.0,0.0,0.0,0.0,109.48675791422527,1.3626495883163965,112.15574863978794,3.5163708277566084,111.90414864676339,3.348487804023954,-0.041999802365957906
2022-07-19,109.94132492872627,113.08533759009629,108.66189857090403,112.87705993652344,36530900,0.0,0.0,110.35560913085938,112.19761199951172,52.83324256690678,-0.26757450103258407,-0.11529769182508681,3.1089573360909797,0.043841120773966624,0.0,0.0,0.0,0.0,0.0,0.0,0.0,0.0,0.0,43164600.0,46770000.0,37004000.0,0.0,0.0,0.0,0.0,0.0,0.0,0.0,0.0,0.0,0.0,0.0,0.0,0.0,0.0,0.0,0.0,0.0,0.0,0.0,0.0,0.0,0.0,0.0,0.0,110.62484486897786,2.3792305297758376,111.37031010219029,2.298926420951743,112.03184182303292,3.349112491520334,-0.0007903166156132402
2022-07-20,112.24231974638516,114.45404329391755,111.55798096785527,112.96633911132812,35600400,0.0,0.0,110.86073455810546,112.31444664001465,53.47937231271777,-0.14903192647564367,-0.12204453875519819,3.090785259718697,0.0007909417099887239,0.0,0.0,0.0,0.0,0.0,0.0,0.0,0.0,0.0,36530900.0,43164600.0,46770000.0,0.0,0.0,0.0,0.0,0.0,0.0,0.0,0.0,0.0,0.0,0.0,0.0,0.0,0.0,0.0,0.0,0.0,0.0,0.0,0.0,0.0,0.0,0.0,0.0,111.32654825846355,2.763243632378168,111.1186054774693,1.9381388650250821,112.18759100777763,3.3373917706252403,-0.003848109536635058
2022-07-21,113.34321947485182,113.61101046049744,110.1992065063923,113.40272521972656,32676200,0.0,0.0,111.64871978759766,112.45590209960938,59.177354792562305,-0.019646893016314948,-0.10156500960742156,3.0715998147541583,0.003862974686365428,0.0,0.0,0.0,0.0,0.0,0.0,0.0,0.0,0.0,35600400.0,36530900.0,43164600.0,0.0,0.0,0.0,0.0,0.0,0.0,0.0,0.0,0.0,0.0,0.0,0.0,0.0,0.0,0.0,0.0,0.0,0.0,0.0,0.0,0.0,0.0,0.0,0.0,113.08204142252605,0.28128502644390363,111.16387285505023,1.9946214146052956,112.56851468767438,3.1290849780033176,0.059684867572203926
2022-07-22,110.09010519867219,111.41911725096242,105.62699282575305,107.01551818847656,48901200,0.0,0.0,110.87957763671875,112.24058227539062,48.82073729454456,-0.4275737451576873,-0.1667667567174747,3.29788113874407,-0.056323223439950776,0.0,0.0,0.0,0.0,0.0,0.0,0.0,0.0,0.0,32676200.0,35600400.0,36530900.0,0.0,0.0,0.0,0.0,0.0,0.0,0.0,0.0,0.0,0.0,0.0,0.0,0.0,0.0,0.0,0.0,0.0,0.0,0.0,0.0,0.0,0.0,0.0,0.0,111.12819417317708,3.5683590101400617,110.67455945696149,2.545616464177795,112.50918361118862,3.2317063435368447,0.0036274939110076954
2022-07-25,107.52134719462656,108.96937840173452,105.42864264206895,106.62872314453125,34690900,0.0,0.0,110.57807312011718,111.72162170410157,40.8315865894201,-0.7731573650685561,-0.288044878387691,3.324734208688543,-0.00361438275955539,0.0,0.0,0.0,0.0,0.0,0.0,0.0,0.0,0.0,48901200.0,32676200.0,35600400.0,0.0,0.0,0.0,0.0,0.0,0.0,0.0,0.0,0.0,0.0,0.0,0.0,0.0,0.0,0.0,0.0,0.0,0.0,0.0,0.0,0.0,0.0,0.0,0.0,109.01565551757812,3.804232909554065,110.26969146728516,2.9618119653844706,112.101624080113,3.594813469876763,0.02370992116811599
2022-07-26,105.72616877091382,106.32124889141323,103.2169090921242,104.15911865234375,47991000,0.0,0.0,108.83448486328125,111.18537826538086,35.32942508039801,-1.2321083388476524,-0.47685757047968325,3.6379798366288774,-0.0231607808792762,0.0,0.0,0.0,0.0,0.0,0.0,0.0,0.0,0.0,34690900.0,48901200.0,32676200.0,0.0,0.0,0.0,0.0,0.0,0.0,0.0,0.0,0.0,0.0,0.0,0.0,0.0,0.0,0.0,0.0,0.0,0.0,0.0,0.0,0.0,0.0,0.0,0.0,105.93445332845052,1.5496007584673517,109.31224714006696,3.72393758391551,111.42493057250977,4.135427619977928,-0.07111265815929269
2022-07-27,108.36436356281115,112.9762475648789,107.12461020563455,112.13320922851562,59858500,0.0,0.0,108.66785888671875,111.23757095336914,42.13526868084716,-0.9415344023834109,-0.5697929368604289,3.6440126102261914,0.07655681690997529,0.0,0.0,0.0,0.0,0.0,0.0,0.0,0.0,0.0,47991000.0,34690900.0,48901200.0,0.0,0.0,0.0,0.0,0.0,0.0,0.0,0.0,0.0,0.0,0.0,0.0,0.0,0.0,0.0,0.0,0.0,0.0,0.0,0.0,0.0,0.0,0.0,0.0,107.64035034179688,4.08216515086433,109.88324192592076,3.8187884037846764,111.01949528285435,3.718592120918994,-0.010156028384078919
2022-07-28,111.44888817788124,113.40273342218575,110.54634395877491,113.28372192382812,32816600,0.0,0.0,108.64405822753906,111.36246452331542,43.05788430462542,-0.61136823256588,-0.5781079960015192,3.6704255062264783,0.010260231587306823,0.0,0.0,0.0,0.0,0.0,0.0,0.0,0.0,0.0,59858500.0,47991000.0,34690900.0,0.0,0.0,0.0,0.0,0.0,0.0,0.0,0.0,0.0,0.0,0.0,0.0,0.0,0.0,0.0,0.0,0.0,0.0,0.0,0.0,0.0,0.0,0.0,0.0,109.85868326822917,4.96937596419371,109.94133649553571,3.8746088473485454,110.655823298863,3.1492711970456,-0.01805352007368144
2022-07-29,112.15305449933629,115.75329568436271,112.13321420730232,115.36649322509766,37223400,0.0,0.0,110.31425323486329,111.72729949951172,50.908983433298005,-0.1795768762535488,-0.49840177205192515,3.6885093126668957,0.018385442020257603,0.0,0.0,0.0,0.0,0.0,0.0,0.0,0.0,0.0,32816600.0,59858500.0,47991000.0,0.0,0.0,0.0,0.0,0.0,0.0,0.0,0.0,0.0,0.0,0.0,0.0,0.0,0.0,0.0,0.0,0.0,0.0,0.0,0.0,0.0,0.0,0.0,0.0,113.59447479248047,1.6388889101058963,110.28421565464565,4.272670597534329,110.70141056605748,3.2166549764559123,0.012711096210493267
2022-08-01,114.35486029276694,115.76321838407448,113.4027229923445,113.91846466064453,26034300,0.0,0.0,111.77220153808594,112.03091506958008,51.19244402291968,0.04525540490377011,-0.3896703366607861,3.6011049355535625,-0.012551552222600737,0.0,0.0,0.0,0.0,0.0,0.0,0.0,0.0,0.0,37223400.0,32816600.0,59858500.0,0.0,0.0,0.0,0.0,0.0,0.0,0.0,0.0,0.0,0.0,0.0,0.0,0.0,0.0,0.0,0.0,0.0,0.0,0.0,0.0,0.0,0.0,0.0,0.0,114.18955993652344,1.0675221589264272,110.35789271763393,4.3393346258966705,110.76088278634208,3.2713635293506402,-0.0023450854197597515
2022-08-02,113.06550683255934,115.39624164424568,112.78780328963215,114.18624114990234,20236000,0.0,0.0,113.77762603759766,112.12349929809571,55.756225884502626,0.24225140888630392,-0.2632859875513681,3.632984664946673,0.0023505977723234928,0.0,0.0,0.0,0.0,0.0,0.0,0.0,0.0,0.0,26034300.0,37223400.0,32816600.0,0.0,0.0,0.0,0.0,0.0,0.0,0.0,0.0,0.0,0.0,0.0,0.0,0.0,0.0,0.0,0.0,0.0,0.0,0.0,0.0,0.0,0.0,0.0,0.0,114.49039967854817,0.7704420736026378,111.38228171212333,4.264546175825923,111.02842058454242,3.3940236091952287,-0.024983202079150724
2022-08-03,114.76150045832908,117.64765022278551,114.53339005300344,117.11207580566406,28499000,0.0,0.0,114.77339935302734,112.29746170043946,61.09153013081423,0.6272322231910721,-0.08518234540288008,3.7890113886289374,0.025623355548771487,0.0,0.0,0.0,0.0,0.0,0.0,0.0,0.0,0.0,20236000.0,26034300.0,37223400.0,0.0,0.0,0.0,0.0,0.0,0.0,0.0,0.0,0.0,0.0,0.0,0.0,0.0,0.0,0.0,0.0,0.0,0.0,0.0,0.0,0.0,0.0,0.0,0.0,115.07226053873698,1.771598375603109,112.87990352085659,4.156365564596865,111.57479749407086,3.7224108536634404,-0.0009307871467933992
2022-08-04,116.51700464627605,117.80634383881447,115.93183701746165,117.22118377685547,21602900,0.0,0.0,115.5608917236328,112.26805572509765,59.580209888160475,0.9304111925198697,0.11793636218166989,3.7460216509563495,0.0009316543186583814,0.0,0.0,0.0,0.0,0.0,0.0,0.0,0.0,0.0,28499000.0,20236000.0,26034300.0,0.0,0.0,0.0,0.0,0.0,0.0,0.0,0.0,0.0,0.0,0.0,0.0,0.0,0.0,0.0,0.0,0.0,0.0,0.0,0.0,0.0,0.0,0.0,0.0,116.1731669108073,1.721592757260973,114.74591282435826,1.9180258397789256,112.02907998221261,4.00591615561703,0.006129272987114742
2022-08-05,115.2772466831336,117.14183328630476,115.04912870198066,116.507080078125,19159500,0.0,0.0,115.78900909423828,112.17465324401856,63.422408106621575,1.100376059274538,0.31442430160024354,3.6064224906774154,-0.006091933861458454,0.0,0.0,0.0,0.0,0.0,0.0,0.0,0.0,0.0,21602900.0,28499000.0,20236000.0,0.0,0.0,0.0,0.0,0.0,0.0,0.0,0.0,0.0,0.0,0.0,0.0,0.0,0.0,0.0,0.0,0.0,0.0,0.0,0.0,0.0,0.0,0.0,0.0,116.94677988688152,0.3846791893359087,115.3707515171596,1.6132506007136063,112.62699672154018,4.004891235823799,0.001449302354375348
2022-08-08,117.41953186952958,119.16510690112827,115.92190753578308,116.33847045898438,19138300,0.0,0.0,116.27301025390625,112.25516319274902,56.50393940088995,1.2075491783187005,0.49304927694393497,3.6835777165919814,-0.0014472049168819945,0.0,0.0,0.0,0.0,0.0,0.0,0.0,0.0,0.0,19159500.0,21602900.0,28499000.0,0.0,0.0,0.0,0.0,0.0,0.0,0.0,0.0,0.0,0.0,0.0,0.0,0.0,0.0,0.0,0.0,0.0,0.0,0.0,0.0,0.0,0.0,0.0,0.0,116.68891143798828,0.468607173395145,115.80714416503906,1.3455595260757311,112.87424033028739,4.126515512776819,0.0057447702144679536
2022-08-09,116.17977170860331,116.35829650347921,114.76149349565979,115.6739501953125,19086500,0.0,0.0,116.57055206298828,112.38456802368164,54.979908723470054,1.2247453140482065,0.6393884843647893,3.7589843038756565,-0.005711956337831947,0.0,0.0,0.0,0.0,0.0,0.0,0.0,0.0,0.0,19138300.0,19159500.0,21602900.0,0.0,0.0,0.0,0.0,0.0,0.0,0.0,0.0,0.0,0.0,0.0,0.0,0.0,0.0,0.0,0.0,0.0,0.0,0.0,0.0,0.0,0.0,0.0,0.0,116.1731669108073,0.44047735207048183,115.85106658935547,1.333744463060941,113.06764112200055,4.194061118176487,-0.025647356511500408
2022-08-10,117.80631627614383,119.92877331873154,117.43935414241786,118.7187728881836,30930400,0.0,0.0,116.89189147949219,112.79847106933593,58.92140366097834,1.4671526971530682,0.8049413269224452,3.9827691850263487,0.02632245797545596,0.0,0.0,0.0,0.0,0.0,0.0,0.0,0.0,0.0,19086500.0,19138300.0,19159500.0,0.0,0.0,0.0,0.0,0.0,0.0,0.0,0.0,0.0,0.0,0.0,0.0,0.0,0.0,0.0,0.0,0.0,0.0,0.0,0.0,0.0,0.0,0.0,0.0,116.91039784749348,1.6009565924937488,116.53682490757534,1.406543260437971,113.44735881260463,4.459012862139282,0.0072365623205778995
2022-08-11,120.28583048192732,120.49410814131456,117.58812592192379,117.86582946777344,24293700,0.0,0.0,117.02082061767578,113.21862258911133,72.36299525999577,1.5723122521209945,0.9584155119621551,4.054934776018361,-0.007184570726767148,0.0,0.0,0.0,0.0,0.0,0.0,0.0,0.0,0.0,30930400.0,19086500.0,19138300.0,0.0,0.0,0.0,0.0,0.0,0.0,0.0,0.0,0.0,0.0,0.0,0.0,0.0,0.0,0.0,0.0,0.0,0.0,0.0,0.0,0.0,0.0,0.0,0.0,117.41951751708984,1.5707106912943443,117.06248038155692,1.0146425510825692,114.22238104684013,4.189927673214413,-0.023340027139787
2022-08-12,119.27420563607838,120.68256378173828,118.48076037738996,120.68256378173828,19096300,0.0,0.0,117.85591735839844,113.70968933105469,76.32844621053837,1.8614808828865677,1.1390285861470377,4.339158341504425,0.02389780249868756,0.0,0.0,0.0,0.0,0.0,0.0,0.0,0.0,0.0,24293700.0,30930400.0,19086500.0,0.0,0.0,0.0,0.0,0.0,0.0,0.0,0.0,0.0,0.0,0.0,0.0,0.0,0.0,0.0,0.0,0.0,0.0,0.0,0.0,0.0,0.0,0.0,0.0,119.08905537923177,1.4444133380885087,117.57255009242466,1.705791282043175,115.22622680664062,3.9044733032608323,-0.0032766008794522516
2022-08-15,120.13707506100795,121.29749013245304,119.62134091458636,121.07929229736328,19494800,0.0,0.0,118.80408172607422,114.35684165954589,84.3674270775706,2.098471903873701,1.3309172496923705,4.428432410626903,0.0032873722863768773,0.0,0.0,0.0,0.0,0.0,0.0,0.0,0.0,0.0,19096300.0,24293700.0,30930400.0,0.0,0.0,0.0,0.0,0.0,0.0,0.0,0.0,0.0,0.0,0.0,0.0,0.0,0.0,0.0,0.0,0.0,0.0,0.0,0.0,0.0,0.0,0.0,0.0,119.87589518229167,1.7520335360053636,118.12370845249721,2.141093849196508,116.43481063842773,2.624029454686137,0.00312255383831217
2022-08-16,120.5238677790755,121.42641192061868,119.65108407641937,120.702392578125,19041200,0.0,0.0,119.80977020263671,114.74810829162598,75.17476059792915,2.230168345518422,1.5107674688575807,4.631833385213729,-0.0031128338470350903,0.0,0.0,0.0,0.0,0.0,0.0,0.0,0.0,0.0,19494800.0,19096300.0,24293700.0,0.0,0.0,0.0,0.0,0.0,0.0,0.0,0.0,0.0,0.0,0.0,0.0,0.0,0.0,0.0,0.0,0.0,0.0,0.0,0.0,0.0,0.0,0.0,0.0,120.82141621907552,0.22354719659424271,118.72303880964007,2.199524327606268,117.04689516339984,2.5415820925332984,0.017983991080231743
2022-08-17,119.13535751738875,120.2957650012785,118.40141798211481,118.57003021240234,22847000,0.0,0.0,119.78002166748047,115.02829284667969,64.6831752533102,2.137831313695017,1.636180237825068,4.68753132041785,-0.017666280843128046,0.0,0.0,0.0,0.0,0.0,0.0,0.0,0.0,0.0,19041200.0,19494800.0,19096300.0,0.0,0.0,0.0,0.0,0.0,0.0,0.0,0.0,0.0,0.0,0.0,0.0,0.0,0.0,0.0,0.0,0.0,0.0,0.0,0.0,0.0,0.0,0.0,0.0,120.1172383626302,1.3531086965531811,119.04183306012835,1.9430766239506085,117.4244886125837,2.3227587393584517,-0.005159261975310359
2022-08-18,118.45100459562921,119.82960983443398,117.74682554009155,119.1849365234375,17987700,0.0,0.0,120.04384307861328,115.31740341186523,61.54767997054077,2.0901770906259856,1.7269796083852516,4.7597521269260445,0.00518601800078522,0.0,0.0,0.0,0.0,0.0,0.0,0.0,0.0,0.0,22847000.0,19041200.0,19494800.0,0.0,0.0,0.0,0.0,0.0,0.0,0.0,0.0,0.0,0.0,0.0,0.0,0.0,0.0,0.0,0.0,0.0,0.0,0.0,0.0,0.0,0.0,0.0,0.0,119.48578643798828,1.0975542437620784,119.54340253557477,1.2629410542099124,117.69723456246513,2.2864159555598427,0.02525383088485511
2022-08-19,118.08403247971835,118.17329866159419,115.8028907047583,116.24919891357422,21809500,0.0,0.0,119.15717010498047,115.77908744812012,56.466685858953625,1.79483158412269,1.7405500035327395,4.3415584607482405,-0.024631783977885235,0.0,0.0,0.0,0.0,0.0,0.0,0.0,0.0,0.0,17987700.0,22847000.0,19041200.0,0.0,0.0,0.0,0.0,0.0,0.0,0.0,0.0,0.0,0.0,0.0,0.0,0.0,0.0,0.0,0.0,0.0,0.0,0.0,0.0,0.0,0.0,0.0,0.0,118.00138854980469,1.5482744697957438,119.19060625348773,1.7734442745552759,117.86371558053153,2.064158521830421,0.02599791447291966
2022-08-22,114.25567281481072,114.68214829640736,112.91674062691341,113.30354309082031,21456600,0.0,0.0,117.60202026367188,116.11282844543457,47.86777267692693,1.3080005195585755,1.6540401067379067,3.8272221574331304,-0.025339149433140307,0.0,0.0,0.0,0.0,0.0,0.0,0.0,0.0,0.0,21809500.0,17987700.0,22847000.0,0.0,0.0,0.0,0.0,0.0,0.0,0.0,0.0,0.0,0.0,0.0,0.0,0.0,0.0,0.0,0.0,0.0,0.0,0.0,0.0,0.0,0.0,0.0,0.0,116.24589284261067,2.9406981101237415,118.53885105678013,2.851888639245306,117.80066571916852,2.194494092740066,0.003337359044919941
2022-08-23,112.54978392368335,114.06724098148526,112.50019075744802,112.92666625976562,15870400,0.0,0.0,116.046875,116.55120582580567,38.46995197056863,0.8816099323708215,1.4995540718644897,2.731125818645091,-0.003326258127273163,0.0,0.0,0.0,0.0,0.0,0.0,0.0,0.0,0.0,21456600.0,21809500.0,17987700.0,0.0,0.0,0.0,0.0,0.0,0.0,0.0,0.0,0.0,0.0,0.0,0.0,0.0,0.0,0.0,0.0,0.0,0.0,0.0,0.0,0.0,0.0,0.0,0.0,114.15980275472005,1.819255690638463,117.43086569649833,3.3443311713615076,117.50170789446149,2.551559250700391,0.0014954576708074985
2022-08-24,112.56959646415922,113.83910259684703,111.94476354265447,112.75804138183594,17734600,0.0,0.0,114.88447723388671,116.58244743347169,37.74503416557767,0.5240448389572947,1.3044522252830508,2.6810425928855723,-0.001493224616600286,0.0,0.0,0.0,0.0,0.0,0.0,0.0,0.0,0.0,15870400.0,21456600.0,21809500.0,0.0,0.0,0.0,0.0,0.0,0.0,0.0,0.0,0.0,0.0,0.0,0.0,0.0,0.0,0.0,0.0,0.0,0.0,0.0,0.0,0.0,0.0,0.0,0.0,112.99608357747395,0.2792975145298014,116.2421155657087,3.3100777483838986,117.18291200910296,2.850597193828186,-0.025375133142392592
2022-08-25,113.30353847884851,115.76321250751124,113.17460685174579,115.69378662109375,16956800,0.0,0.0,114.18624725341797,116.70295066833496,48.00967455004829,0.47211972971133775,1.1379857261687083,2.577121055626324,0.02603579490456398,0.0,0.0,0.0,0.0,0.0,0.0,0.0,0.0,0.0,17734600.0,15870400.0,21456600.0,0.0,0.0,0.0,0.0,0.0,0.0,0.0,0.0,0.0,0.0,0.0,0.0,0.0,0.0,0.0,0.0,0.0,0.0,0.0,0.0,0.0,0.0,0.0,0.0,113.79283142089844,1.648433071806205,115.52660042898995,2.663410984369976,117.124819619315,2.873623498714855,0.057186756240425796
2022-08-26,113.77962535824993,114.17634801578959,109.28675961123744,109.4355239868164,37245700,0.0,0.0,112.82351226806641,116.40640220642089,36.985797740422775,-0.07317724385347901,0.8957531321642709,3.0388714840951736,-0.05409333393826621,0.0,0.0,0.0,0.0,0.0,0.0,0.0,0.0,0.0,16956800.0,17734600.0,15870400.0,0.0,0.0,0.0,0.0,0.0,0.0,0.0,0.0,0.0,0.0,0.0,0.0,0.0,0.0,0.0,0.0,0.0,0.0,0.0,0.0,0.0,0.0,0.0,0.0,112.62911732991536,3.1311226194878787,114.22167096819196,3.122002816681613,116.63175201416016,3.5350286604998873,0.008408056222526827
2022-08-29,109.08838330000286,110.040513040239,107.90814316272662,108.52305603027344,21191200,0.0,0.0,111.86741485595704,116.13663177490234,36.64321405811261,-0.5723597553580646,0.6021305546598038,3.478973306102866,-0.008337950267893746,0.0,0.0,0.0,0.0,0.0,0.0,0.0,0.0,0.0,37245700.0,16956800.0,17734600.0,0.0,0.0,0.0,0.0,0.0,0.0,0.0,0.0,0.0,0.0,0.0,0.0,0.0,0.0,0.0,0.0,0.0,0.0,0.0,0.0,0.0,0.0,0.0,0.0,111.2174555460612,3.903370897430034,112.69854518345424,2.8891241945746686,116.1209738595145,4.147609180706471,0.004406036010895731
2022-08-30,109.26691024996742,109.59420698279374,106.91634250859858,108.0469970703125,27513300,0.0,0.0,110.8914810180664,115.82966957092285,27.95088058013654,-0.9949107596920754,0.282722291789428,3.9048923443420844,-0.004386708017401708,0.0,0.0,0.0,0.0,0.0,0.0,0.0,0.0,0.0,21191200.0,37245700.0,16956800.0,0.0,0.0,0.0,0.0,0.0,0.0,0.0,0.0,0.0,0.0,0.0,0.0,0.0,0.0,0.0,0.0,0.0,0.0,0.0,0.0,0.0,0.0,0.0,0.0,108.66852569580078,0.705601032562246,111.52680206298828,2.872313702261768,115.358704158238,4.590461472871122,0.0066530957672470414
2022-08-31,109.74298212503663,109.94133965972561,107.24363481356808,107.33290100097656,28627000,0.0,0.0,109.80645294189453,115.34071083068848,28.112173974805813,-1.3715961531236758,-0.04814139719319277,4.325471666306697,-0.006609124628158214,0.0,0.0,0.0,0.0,0.0,0.0,0.0,0.0,0.0,27513300.0,21191200.0,37245700.0,0.0,0.0,0.0,0.0,0.0,0.0,0.0,0.0,0.0,0.0,0.0,0.0,0.0,0.0,0.0,0.0,0.0,0.0,0.0,0.0,0.0,0.0,0.0,0.0,107.9676513671875,0.5990317636743862,110.6738531930106,3.1315720503604694,114.60635212489537,4.993409069757903,-0.013850967356853983
2022-09-01,107.39241516821053,109.544625612437,106.47995833013141,108.84044647216797,28360900,0.0,0.0,108.43578491210937,114.9216739654541,23.975620241262504,-1.530829273886738,-0.34467897253190183,4.534602738506226,0.014045511275034839,0.0,0.0,0.0,0.0,0.0,0.0,0.0,0.0,0.0,28627000.0,27513300.0,21191200.0,0.0,0.0,0.0,0.0,0.0,0.0,0.0,0.0,0.0,0.0,0.0,0.0,0.0,0.0,0.0,0.0,0.0,0.0,0.0,0.0,0.0,0.0,0.0,0.0,108.07344818115234,0.7541207349445596,110.09010750906808,3.020523171164009,113.7604866027832,4.886812906255176,0.01752452544133165
2022-09-02,109.6834567691589,109.83222868726963,106.38075953474187,106.9659194946289,24160700,0.0,0.0,107.94186401367188,114.44461593627929,20.875962421327998,-1.7876741356684818,-0.6332780051592178,4.849951965683201,-0.01722270569717299,0.0,0.0,0.0,0.0,0.0,0.0,0.0,0.0,0.0,28360900.0,28627000.0,27513300.0,0.0,0.0,0.0,0.0,0.0,0.0,0.0,0.0,0.0,0.0,0.0,0.0,0.0,0.0,0.0,0.0,0.0,0.0,0.0,0.0,0.0,0.0,0.0,0.0,107.71308898925781,0.9934133214341321,109.26266152518136,2.9606129143468656,112.75238854544503,4.713530333289395,0.00973673684242371
2022-09-06,106.42045236173269,107.1444642288094,104.91290774228816,105.93446350097656,25068300,0.0,0.0,107.4241455078125,113.9244155883789,20.326841911947312,-2.0508148999692395,-0.9167853841212221,5.182676045193644,-0.009642846978977548,0.0,0.0,0.0,0.0,0.0,0.0,0.0,0.0,0.0,24160700.0,28360900.0,28627000.0,0.0,0.0,0.0,0.0,0.0,0.0,0.0,0.0,0.0,0.0,0.0,0.0,0.0,0.0,0.0,0.0,0.0,0.0,0.0,0.0,0.0,0.0,0.0,0.0,107.24694315592448,1.4732328332164222,107.86847250802177,1.2043368819710167,111.69753646850586,4.442187123912874,-0.024120423105244315
2022-09-07,106.18239517986085,109.07846482937784,106.02371068181908,108.55280303955078,23167000,0.0,0.0,107.52530670166016,113.56835823059082,30.25796490941066,-2.0247378159314877,-1.1383758704832752,5.299455294711281,0.024716597904421267,0.0,0.0,0.0,0.0,0.0,0.0,0.0,0.0,0.0,25068300.0,24160700.0,28360900.0,0.0,0.0,0.0,0.0,0.0,0.0,0.0,0.0,0.0,0.0,0.0,0.0,0.0,0.0,0.0,0.0,0.0,0.0,0.0,0.0,0.0,0.0,0.0,0.0,107.15106201171875,1.3189517802172797,107.74236951555524,1.0491193241541086,110.9820202418736,4.038469181236826,0.009872570619477994
2022-09-08,107.15437545780347,108.70158540495544,106.28159171756349,107.49158477783203,24238300,0.0,0.0,107.55704345703126,113.00699882507324,27.353047651555116,-2.0658887046893852,-1.3238784373244972,5.31976562008422,-0.009776055818034424,0.0,0.0,0.0,0.0,0.0,0.0,0.0,0.0,0.0,23167000.0,25068300.0,24160700.0,0.0,0.0,0.0,0.0,0.0,0.0,0.0,0.0,0.0,0.0,0.0,0.0,0.0,0.0,0.0,0.0,0.0,0.0,0.0,0.0,0.0,0.0,0.0,0.0,107.32628377278645,1.3169733488246396,107.59501647949219,0.9920802443716202,110.14678083147321,3.3643903236702637,-0.020515036258458075
2022-09-09,108.17591568145532,110.0801749701095,108.12632252177895,109.74296569824219,23197700,0.0,0.0,107.7375473022461,112.60085563659668,37.056010151375105,-1.8949891998978785,-1.4381005898391734,5.2387465859671165,0.020944717905716947,0.0,0.0,0.0,0.0,0.0,0.0,0.0,0.0,0.0,24238300.0,23167000.0,25068300.0,0.0,0.0,0.0,0.0,0.0,0.0,0.0,0.0,0.0,0.0,0.0,0.0,0.0,0.0,0.0,0.0,0.0,0.0,0.0,0.0,0.0,0.0,0.0,0.0,108.59578450520833,1.1263057164849715,107.83729771205357,1.2847721775944398,109.68204988752093,2.869581871972809,-0.0018943858220198395
2022-09-12,110.0801874345021,110.70502802301867,109.02887891863624,109.95125579833984,22966800,0.0,0.0,108.33461456298828,112.06429023742676,42.515508409068374,-1.7228825234876552,-1.49505697656887,4.9064574756966675,0.0018979813309436544,0.0,0.0,0.0,0.0,0.0,0.0,0.0,0.0,0.0,23197700.0,24238300.0,23167000.0,0.0,0.0,0.0,0.0,0.0,0.0,0.0,0.0,0.0,0.0,0.0,0.0,0.0,0.0,0.0,0.0,0.0,0.0,0.0,0.0,0.0,0.0,0.0,0.0,109.06193542480469,1.3639454011369956,108.21134839739118,1.479799684188316,109.44260079520089,2.677585855994866,0.06269162918022597
2022-09-13,106.91635155696838,107.41225298799911,103.23675627988764,103.46487426757812,38172900,0.0,0.0,107.8406967163086,111.1835693359375,33.40292409681895,-2.0858392663781586,-1.6132134345307279,4.782421105690915,-0.05899324644966586,0.0,0.0,0.0,0.0,0.0,0.0,0.0,0.0,0.0,22966800.0,23197700.0,24238300.0,0.0,0.0,0.0,0.0,0.0,0.0,0.0,0.0,0.0,0.0,0.0,0.0,0.0,0.0,0.0,0.0,0.0,0.0,0.0,0.0,0.0,0.0,0.0,0.0,107.71969858805339,3.6862574096267147,107.4434095110212,2.2783028762965523,108.76675851004464,2.914194457464307,-0.006476091677903195
2022-09-14,103.7128143662537,104.41699341820953,102.8102777889331,104.13928985595703,26395100,0.0,0.0,106.95799407958984,110.3554141998291,35.14530077269151,-2.292637302716514,-1.7490982081678852,4.471291700203172,0.0065183048174857205,0.0,0.0,0.0,0.0,0.0,0.0,0.0,0.0,0.0,38172900.0,22966800.0,23197700.0,0.0,0.0,0.0,0.0,0.0,0.0,0.0,0.0,0.0,0.0,0.0,0.0,0.0,0.0,0.0,0.0,0.0,0.0,0.0,0.0,0.0,0.0,0.0,0.0,105.851806640625,3.566205496599427,107.03960527692523,2.6042205788475257,108.15113340105329,2.916532302123935,0.020308937378097802
2022-09-15,103.17724342441045,104.40707676995653,101.51101442821535,102.0664291381836,34188300,0.0,0.0,105.87296295166016,109.53023414611816,25.792780951952423,-2.593888045963922,-1.9180561757270926,4.397759325378503,-0.019904694190257755,0.0,0.0,0.0,0.0,0.0,0.0,0.0,0.0,0.0,26395100.0,38172900.0,22966800.0,0.0,0.0,0.0,0.0,0.0,0.0,0.0,0.0,0.0,0.0,0.0,0.0,0.0,0.0,0.0,0.0,0.0,0.0,0.0,0.0,0.0,0.0,0.0,0.0,103.22353108723958,1.057295033016248,106.48702893938336,3.216249037830726,107.17775072370257,2.440798472098547,0.0010700588479986006
2022-09-16,101.23330943767259,102.28461796293107,100.11257502049808,101.95732879638672,42797200,0.0,0.0,104.31583557128906,108.66885375976562,33.00266357765646,-2.8090538914895546,-2.0962557188795854,4.083094470442698,-0.0010689150459958219,0.0,0.0,0.0,0.0,0.0,0.0,0.0,0.0,0.0,34188300.0,26395100.0,38172900.0,0.0,0.0,0.0,0.0,0.0,0.0,0.0,0.0,0.0,0.0,0.0,0.0,0.0,0.0,0.0,0.0,0.0,0.0,0.0,0.0,0.0,0.0,0.0,0.0,102.72101593017578,1.2294720076337826,105.54481833321708,3.4665540576586893,106.64359392438617,2.7119138791375264,-0.0026195531706079134
2022-09-19,100.91593353936474,102.48298375828159,100.71757600878111,102.22511291503906,23036800,0.0,0.0,102.7706069946289,107.96764945983887,35.25310485772677,-2.924257414655699,-2.2618560580348084,3.91345830809694,0.0026264332521610534,0.0,0.0,0.0,0.0,0.0,0.0,0.0,0.0,0.0,42797200.0,34188300.0,26395100.0,0.0,0.0,0.0,0.0,0.0,0.0,0.0,0.0,0.0,0.0,0.0,0.0,0.0,0.0,0.0,0.0,0.0,0.0,0.0,0.0,0.0,0.0,0.0,0.0,102.0829569498698,0.1346549663646033,104.79246520996094,3.54425074656383,106.19374084472656,2.8925055289987234,0.019082512762061743
2022-09-20,101.24322534010722,101.53084904223219,99.6960079229227,100.31092834472656,26517100,0.0,0.0,102.13981781005859,107.31801872253418,33.02866967179476,-3.133890198646654,-2.4362628861571776,4.0568407344650455,-0.01872518910204979,0.0,0.0,0.0,0.0,0.0,0.0,0.0,0.0,0.0,23036800.0,42797200.0,34188300.0,0.0,0.0,0.0,0.0,0.0,0.0,0.0,0.0,0.0,0.0,0.0,0.0,0.0,0.0,0.0,0.0,0.0,0.0,0.0,0.0,0.0,0.0,0.0,0.0,101.49779001871745,1.036536327601966,103.44503130231585,3.1154975731224606,105.64116450718471,3.2304298690835087,0.018734853646231953
2022-09-21,100.83658693545453,102.03666739252802,98.45625874751293,98.46617889404297,31487300,0.0,0.0,101.00519561767578,106.59499435424804,31.467612385127254,-3.4095780602479664,-2.6309259209753355,4.286723902819896,-0.018390313808521075,0.0,0.0,0.0,0.0,0.0,0.0,0.0,0.0,0.0,26517100.0,23036800.0,42797200.0,0.0,0.0,0.0,0.0,0.0,0.0,0.0,0.0,0.0,0.0,0.0,0.0,0.0,0.0,0.0,0.0,0.0,0.0,0.0,0.0,0.0,0.0,0.0,0.0,100.33407338460286,1.8795738913913782,101.80430603027344,1.9084072307933437,105.00782721383231,3.7072343331561877,-0.008587907348895585
2022-09-22,98.00994304598551,100.41010377703378,97.98019017551985,99.31912231445312,34298600,0.0,0.0,100.45573425292969,105.92304840087891,29.53955015763664,-3.5186761626066243,-2.8084759693015933,4.322943518090218,0.008662298364680021,0.0,0.0,0.0,0.0,0.0,0.0,0.0,0.0,0.0,31487300.0,26517100.0,23036800.0,0.0,0.0,0.0,0.0,0.0,0.0,0.0,0.0,0.0,0.0,0.0,0.0,0.0,0.0,0.0,0.0,0.0,0.0,0.0,0.0,0.0,0.0,0.0,0.0,99.36540985107422,0.9232453823229201,101.21205575125558,1.9500186935395905,104.32773263113839,3.821634922841192,0.014178604483030544
2022-09-23,98.81330688401681,98.84306732316416,96.67101684353818,97.93060302734375,31625400,0.0,0.0,99.6503890991211,105.0348892211914,30.169726858343495,-3.6748180815162215,-2.981744391744519,4.024296575755279,-0.013980382173668482,0.0,0.0,0.0,0.0,0.0,0.0,0.0,0.0,0.0,34298600.0,31487300.0,26517100.0,0.0,0.0,0.0,0.0,0.0,0.0,0.0,0.0,0.0,0.0,0.0,0.0,0.0,0.0,0.0,0.0,0.0,0.0,0.0,0.0,0.0,0.0,0.0,0.0,98.57196807861328,0.7002784919901706,100.32510049002511,1.803138119062379,103.68235288347516,4.094984195184732,0.00580620602228743
2022-09-26,97.29585425726316,99.06126205035565,96.99831795404086,97.36528015136719,27072700,0.0,0.0,98.67842254638671,104.43137702941894,30.799921776066213,-3.8003702065914666,-3.145469554713909,4.2294523304424665,-0.0057726886029561,0.0,0.0,0.0,0.0,0.0,0.0,0.0,0.0,0.0,31625400.0,34298600.0,31487300.0,0.0,0.0,0.0,0.0,0.0,0.0,0.0,0.0,0.0,0.0,0.0,0.0,0.0,0.0,0.0,0.0,0.0,0.0,0.0,0.0,0.0,0.0,0.0,0.0,98.20500183105469,1.0054082887901021,99.65350777762276,1.9182846519424666,103.07026835850307,4.364048785367663,0.006871765028524379
2022-09-27,98.61495489564797,99.18028220152245,96.0759420926826,96.70077514648438,30072800,0.0,0.0,97.95639190673828,103.84026298522949,20.89620858177122,-3.908437140226937,-3.2980630718165145,4.447998517700526,-0.0068248661519768605,0.0,0.0,0.0,0.62615,0.5848666666666666,2.0,3.0,1.0,0.0,27072700.0,31625400.0,34298600.0,0.0,0.0,0.0,0.0,0.0,0.0,0.0,0.0,0.0,0.0,0.0,0.0,0.0,0.0,0.0,0.0,0.0,0.0,0.0,0.0,0.0,0.0,0.0,0.0,97.33221944173177,0.6155801426476692,98.90257154192243,1.8948437987138436,102.22369493756976,4.368265179895363,-0.025487269282217784
2022-09-28,96.84954541208984,99.8745394269292,96.31397098941996,99.22987365722656,32466300,0.0,0.0,98.109130859375,103.3994068145752,31.076760049223395,-3.746812923383814,-3.3878130421299746,4.446057510133879,0.02615385974839457,0.0,0.0,0.0,0.0,0.0,0.0,0.0,0.0,0.0,30072800.0,27072700.0,31625400.0,0.0,0.0,0.0,0.0,0.0,0.0,0.0,0.0,0.0,0.62615,0.0,0.0,0.5848666666666666,0.0,0.0,2.0,0.0,0.0,3.0,0.0,0.0,1.0,0.0,0.0,97.7653096516927,1.3111454992119715,98.47468021937779,1.2469166465321828,101.63357271466937,4.154696249404093,0.026996620359034162
2022-09-29,97.83142237621783,97.83142237621783,95.17339071110857,96.62142181396484,31047200,0.0,0.0,97.56959075927735,102.86383285522462,20.429133957097605,-3.7855671692126975,-3.4673638675465193,4.5901097058343225,-0.026286961245886364,0.0,0.0,0.0,0.0,0.0,0.0,0.0,0.0,0.0,32466300.0,30072800.0,27072700.0,0.0,0.0,0.0,0.0,0.0,0.0,0.0,0.0,0.0,0.0,0.62615,0.0,0.0,0.5848666666666666,0.0,0.0,2.0,0.0,0.0,3.0,0.0,0.0,1.0,0.0,97.5173568725586,1.4836136765239132,97.9476078578404,1.1140713142722634,100.69631958007812,3.631705532536727,0.01850490917519232
2022-09-30,96.25446166796625,98.08929527552542,94.77667009540615,94.86593627929688,32941500,0.0,0.0,96.95665740966797,102.16510734558105,18.219758862325477,-3.9128285478360283,-3.5564568036044215,4.694874740085495,-0.018168699049450843,0.0,0.0,0.0,0.0,0.0,0.0,0.0,0.0,0.0,31047200.0,32466300.0,30072800.0,0.0,0.0,0.0,0.0,0.0,0.0,0.0,0.0,0.0,0.0,0.0,0.62615,0.0,0.0,0.5848666666666666,0.0,0.0,2.0,0.0,0.0,3.0,0.0,0.0,1.0,96.90574391682942,2.1958179918317637,97.43328748430524,1.5717842850132773,99.61879675728935,2.8222393582027197,-0.03031219000917107
2022-10-03,95.9668344859771,98.47609418773558,95.72879638211501,97.8314208984375,27982000,0.0,0.0,97.04988555908203,101.70838241577148,36.06471181944525,-3.7313812418364023,-3.591441691250818,4.647332089083517,0.03125974122481523,0.0,0.0,0.0,0.0,0.0,0.0,0.0,0.0,0.0,32941500.0,31047200.0,32466300.0,0.0,0.0,0.0,0.0,0.0,0.0,0.0,0.0,0.0,0.0,0.0,0.0,0.0,0.0,0.0,0.0,0.0,0.0,0.0,0.0,0.0,0.0,0.0,0.0,96.43959299723308,1.4910804959932686,97.22075871058873,1.3606979142420599,99.21640723092216,2.626507077228152,-0.029515887138619745
2022-10-04,99.61666354191142,101.00518123961032,99.5571502356858,100.80682373046875,28850800,0.0,0.0,97.8710952758789,101.45200042724609,42.5990895785446,-3.309344736383096,-3.535022300277274,4.542168666025152,0.03041357065763295,0.0,0.0,0.0,0.0,0.0,0.0,0.0,0.0,0.0,27982000.0,32941500.0,31047200.0,0.0,0.0,0.0,0.0,0.0,0.0,0.0,0.0,0.0,0.0,0.0,0.0,0.0,0.0,0.0,0.0,0.0,0.0,0.0,0.0,0.0,0.0,0.0,0.0,97.83472696940105,2.970445105442618,97.63164738246373,1.9271381956581286,98.97837393624442,2.2732969273449926,0.0020702043243205903
2022-10-05,99.01168108917751,101.09446557674383,97.99012535655747,100.59856414794922,22176900,0.0,0.0,98.14483337402343,101.05428848266601,46.445725619092094,-2.957589324318576,-3.4195357050855346,4.224851835137728,-0.0020659274324162924,0.0,0.0,0.0,0.0,0.0,0.0,0.0,0.0,0.0,28850800.0,27982000.0,32941500.0,0.0,0.0,0.0,0.0,0.0,0.0,0.0,0.0,0.0,0.0,0.0,0.0,0.0,0.0,0.0,0.0,0.0,0.0,0.0,0.0,0.0,0.0,0.0,0.0,99.74560292561848,1.6609974829334595,98.09354509626117,2.218158652892977,98.87352643694196,2.150446382582898,9.88292788299816e-05
2022-10-06,99.85469120386499,102.0862471685817,99.76542503051238,100.588623046875,22324000,0.0,0.0,98.93827362060547,100.70914039611816,46.669837207221555,-2.6490857779227355,-3.2654457196529747,3.9439067207785667,-9.881951256873744e-05,0.0,0.0,0.0,0.0,0.0,0.0,0.0,0.0,0.0,22176900.0,28850800.0,27982000.0,0.0,0.0,0.0,0.0,0.0,0.0,0.0,0.0,0.0,0.0,0.0,0.0,0.0,0.0,0.0,0.0,0.0,0.0,0.0,0.0,0.0,0.0,0.0,0.0,100.66467030843098,0.12320877775941129,98.64895193917411,2.296651017422961,98.77576174054828,2.0270357984005,0.02776641388944312
2022-10-07,99.03150112865876,99.70592728808386,97.49421143647145,97.87109375,27502800,0.0,0.0,99.5393051147461,100.11554679870605,40.53469070933843,-2.5939746723442596,-3.131151510191232,3.3633555160561124,-0.027016268983109715,0.0,0.0,0.0,0.0,0.0,0.0,0.0,0.0,0.0,22324000.0,22176900.0,28850800.0,0.0,0.0,0.0,0.0,0.0,0.0,0.0,0.0,0.0,0.0,0.0,0.0,0.0,0.0,0.0,0.0,0.0,0.0,0.0,0.0,0.0,0.0,0.0,0.0,99.68609364827473,1.5718438788321396,98.45484052385602,2.2967902967707814,98.4647603716169,1.7755098594150722,0.008379316942369153
2022-10-10,98.18847005614693,98.28764881556005,96.21478474646479,97.05781555175781,18225100,0.0,0.0,99.38458404541015,99.47087478637695,42.57245303869713,-2.586112384103018,-3.0221436849735897,2.50502185097931,-0.008309687437637159,0.0,0.0,0.0,0.0,0.0,0.0,0.0,0.0,0.0,27502800.0,22324000.0,22176900.0,0.0,0.0,0.0,0.0,0.0,0.0,0.0,0.0,0.0,0.0,0.0,0.0,0.0,0.0,0.0,0.0,0.0,0.0,0.0,0.0,0.0,0.0,0.0,0.0,98.50584411621094,1.8490082240065668,98.51718248639789,2.244048535158215,98.23239517211914,1.7275350542921308,0.00699737666647704
2022-10-11,96.63133537448569,98.43641594865333,95.52051364928485,96.38338470458984,26507100,0.0,0.0,98.49989624023438,99.11680030822754,44.97605031531727,-2.6042818568037376,-2.9385713193396197,2.409419491469113,-0.0069487536200349975,0.0,0.0,0.0,0.0,0.0,0.0,0.0,0.0,0.0,18225100.0,27502800.0,22324000.0,0.0,0.0,0.0,0.0,0.0,0.0,0.0,0.0,0.0,0.0,0.0,0.0,0.0,0.0,0.0,0.0,0.0,0.0,0.0,0.0,0.0,0.0,0.0,0.0,97.10409800211589,0.7449336211054615,98.7339608328683,1.8755917784868306,98.08362415858677,1.7942478862991476,-0.0038950331959741735
2022-10-12,96.50240591070916,97.94051680156004,95.9469912522471,96.76026916503906,21876400,0.0,0.0,97.73223724365235,98.74784927368164,43.682653318003666,-2.558773915700911,-2.862611838611878,2.150961644002988,0.003910263803293068,0.0,0.0,0.0,0.0,0.0,0.0,0.0,0.0,0.0,26507100.0,18225100.0,27502800.0,0.0,0.0,0.0,0.0,0.0,0.0,0.0,0.0,0.0,0.0,0.0,0.0,0.0,0.0,0.0,0.0,0.0,0.0,0.0,0.0,0.0,0.0,0.0,0.0,96.73382314046223,0.33799228698441813,98.58093915666852,2.0010013389080896,97.90084893362862,1.7890338818035616,-0.015142388398298179
2022-10-13,94.37003338415455,98.96207740272202,93.6063410275305,98.24797821044922,34574500,0.0,0.0,97.26410827636718,98.55692672729492,50.779723259066664,-2.3752820845397338,-2.7651458877974493,2.0054393700747664,0.015375205735244979,0.0,0.0,0.0,0.0,0.0,0.0,0.0,0.0,0.0,21876400.0,26507100.0,18225100.0,0.0,0.0,0.0,0.0,0.0,0.0,0.0,0.0,0.0,0.0,0.0,0.0,0.0,0.0,0.0,0.0,0.0,0.0,0.0,0.0,0.0,0.0,0.0,0.0,97.1305440266927,0.9859030583170152,98.21538979666573,1.7437963692046792,97.92351858956474,1.7914490833199863,0.02589056293350689
2022-10-14,99.17036238714927,99.86462890500115,95.58004100220128,95.76847839355469,25410700,0.0,0.0,96.84358520507813,98.24748420715332,46.41425362282093,-2.4022467938433323,-2.692566069006626,1.9291608577564687,-0.025237158688226513,0.0,0.0,0.0,0.0,0.0,0.0,0.0,0.0,0.0,34574500.0,21876400.0,26507100.0,0.0,0.0,0.0,0.0,0.0,0.0,0.0,0.0,0.0,0.0,0.0,0.0,0.0,0.0,0.0,0.0,0.0,0.0,0.0,0.0,0.0,0.0,0.0,0.0,96.92557525634766,1.2479881463214715,97.52537754603794,1.5926912102608872,97.80946132114956,1.8784447102181374,-0.03411025266665735
2022-10-17,98.04962623156622,100.10265774202443,98.0198733580147,99.15052795410156,28419200,0.0,0.0,97.26212768554687,98.09375495910645,54.90274039451078,-2.1262038314154097,-2.579293621488383,1.7049907381118659,0.03531485116270261,0.0,0.0,0.0,0.0,0.0,0.0,0.0,0.0,0.0,25410700.0,34574500.0,21876400.0,0.0,0.0,0.0,0.0,0.0,0.0,0.0,0.0,0.0,0.0,0.0,0.0,0.0,0.0,0.0,0.0,0.0,0.0,0.0,0.0,0.0,0.0,0.0,0.0,97.72232818603516,1.7512269323591123,97.31993538992745,1.1677747529192417,97.98444366455078,1.8813215501261702,-0.00793879016218113
2022-10-18,102.28461724659432,102.62183412414964,99.15052441894925,99.94396209716797,24060700,0.0,0.0,97.9742431640625,98.07540664672851,51.53581668849587,-1.8224067203065886,-2.427916241252024,1.6816901013780732,0.008002318892680993,0.0,0.0,0.0,0.0,0.0,0.0,0.0,0.0,0.0,28419200.0,25410700.0,34574500.0,0.0,0.0,0.0,0.0,0.0,0.0,0.0,0.0,0.0,0.0,0.0,0.0,0.0,0.0,0.0,0.0,0.0,0.0,0.0,0.0,0.0,0.0,0.0,0.0,98.28765614827473,2.2174482755521967,97.61605943952289,1.5356921183690726,98.03544998168945,1.9268151017891706,0.01144231881354485
2022-10-19,99.19019861679422,100.1919139812081,98.10912964670428,98.81330871582031,23811100,0.0,0.0,98.38485107421874,98.09276313781739,55.034181513350724,-1.6538154446415945,-2.273096081929938,1.6877160197489476,-0.011312873310429739,0.0,0.0,0.0,0.0,0.0,0.0,0.0,0.0,0.0,24060700.0,28419200.0,25410700.0,0.0,0.0,0.0,0.0,0.0,0.0,0.0,0.0,0.0,0.0,0.0,0.0,0.0,0.0,0.0,0.0,0.0,0.0,0.0,0.0,0.0,0.0,0.0,0.0,99.30259958902995,0.580464127915697,97.8668441772461,1.5722394004078182,98.19201333182198,1.8918129902080025,-0.0034010836375713005
2022-10-20,99.18028082765306,101.48126304018042,98.57528050925599,99.15052795410156,25323200,0.0,0.0,98.56536102294922,98.0843334197998,60.52633354676279,-1.4759806832218771,-2.1136730021883263,1.681678520447576,0.0034126904833342575,0.0,0.0,0.0,0.0,0.0,0.0,0.0,0.0,0.0,23811100.0,24060700.0,28419200.0,0.0,0.0,0.0,0.0,0.0,0.0,0.0,0.0,0.0,0.0,0.0,0.0,0.0,0.0,0.0,0.0,0.0,0.0,0.0,0.0,0.0,0.0,0.0,0.0,99.30259958902995,0.580464127915697,98.26215035574776,1.4823935375930113,98.49805559430804,1.642491743586848,-0.011470370219649029
2022-10-21,97.04790568020596,100.47954257381622,96.91897403600436,100.30101776123047,32458700,0.0,0.0,99.47186889648438,98.20285415649414,56.661342175199515,-1.2280541968318062,-1.9365492411170224,1.7523206179236848,0.01160346627363884,0.0,0.0,0.0,0.0,0.0,0.0,0.0,0.0,0.0,25323200.0,23811100.0,24060700.0,0.0,0.0,0.0,0.0,0.0,0.0,0.0,0.0,0.0,0.0,0.0,0.0,0.0,0.0,0.0,0.0,0.0,0.0,0.0,0.0,0.0,0.0,0.0,0.0,99.42161814371745,0.7800236977968427,98.76797158377511,1.4885838339877542,98.67445537022182,1.6970962323737895,-0.013558283262742887
2022-10-24,100.9655271818657,101.9077368068661,99.16044640435987,101.67961883544922,27176400,0.0,0.0,99.97768707275391,98.41857109069824,52.5761397829268,-0.9098410041744813,-1.7312075937285143,1.9028733110016602,0.01374463694377015,0.0,0.0,0.0,0.0,0.0,0.0,0.0,0.0,0.0,32458700.0,25323200.0,23811100.0,0.0,0.0,0.0,0.0,0.0,0.0,0.0,0.0,0.0,0.0,0.0,0.0,0.0,0.0,0.0,0.0,0.0,0.0,0.0,0.0,0.0,0.0,0.0,0.0,100.37705485026042,1.2662588205839136,99.25820595877511,1.817520261130284,98.73679787772042,1.7946793902396792,-0.0187595539026012
2022-10-25,102.05650031802847,103.9607597041695,101.87797552764937,103.62355041503906,40611400,0.0,0.0,100.71360473632812,98.76470985412598,58.098743593881174,-0.4950886502543028,-1.483983805033672,2.182976672569136,0.019118202859668143,0.0,0.0,0.0,0.0,0.0,0.0,0.0,0.0,0.0,27176400.0,32458700.0,25323200.0,0.0,0.0,0.0,0.0,0.0,0.0,0.0,0.0,0.0,0.0,0.0,0.0,0.0,0.0,0.0,0.0,0.0,0.0,0.0,0.0,0.0,0.0,0.0,0.0,101.86806233723958,1.6692630181993504,100.38035910470145,1.7264471880957262,98.95286832536969,2.1773648515496693,0.1006005509588297
2022-10-26,95.63952891169801,97.50411515149013,93.9137944362067,94.15182495117188,88114100,0.0,0.0,99.78130798339843,98.51080741882325,38.56186093930906,-0.9200774282007984,-1.3712025296670973,2.409579093379416,-0.0914051431931302,0.0,0.0,0.0,0.4005,0.4005,1.0,1906.0,1.0,0.0,40611400.0,27176400.0,32458700.0,0.0,0.0,0.0,0.0,0.0,0.0,0.0,0.0,0.0,0.0,0.0,0.0,0.0,0.0,0.0,0.0,0.0,0.0,0.0,0.0,0.0,0.0,0.0,0.0,99.81833140055339,5.002668188296099,99.66625867571149,2.9324704159808013,98.49309703281948,2.465871651934486,0.029386046167884095
2022-10-27,93.74519988449306,94.64774408921001,91.04750255104241,91.46405792236328,60710900,0.0,0.0,98.24401397705078,98.25293922424316,38.602692793873395,-1.4569693969447428,-1.3883559031226265,2.856869257405498,-0.028547158063080502,0.0,0.0,0.0,0.0,0.0,0.0,0.0,0.0,0.0,88114100.0,40611400.0,27176400.0,0.0,0.0,0.0,0.0,0.0,0.0,0.0,0.0,0.0,0.4005,0.0,0.0,0.4005,0.0,0.0,1.0,0.0,0.0,1906.0,0.0,0.0,1.0,0.0,0.0,96.41314442952473,6.387369470857253,98.45484379359654,4.252892982729271,98.03545161655971,3.1025442562235535,-0.04226798317390945
2022-10-28,91.51362808644829,95.7585498263694,91.37477631943048,95.50067901611328,43697300,0.0,0.0,97.28394622802735,98.28467636108398,47.51502391626786,-1.5389979530467457,-1.4184843131074503,2.820557424483282,0.04413341355547962,0.0,0.0,0.0,0.0,0.0,0.0,0.0,0.0,0.0,60710900.0,88114100.0,40611400.0,0.0,0.0,0.0,0.0,0.0,0.0,0.0,0.0,0.0,0.0,0.4005,0.0,0.0,0.4005,0.0,0.0,1.0,0.0,0.0,1906.0,0.0,0.0,1.0,0.0,93.70552062988281,2.0549861615163243,97.98161097935268,4.388498978238564,97.92422757829938,3.1675185634923184,0.018834014362120177
2022-10-31,94.63780408767431,95.24280429060454,93.20961346179371,93.73526763916016,31675000,0.0,0.0,95.69507598876953,98.07986869812012,45.916172190616756,-1.7265574392876317,-1.4800989383434866,2.998316151476307,-0.018485851568188938,0.0,0.0,0.0,0.3182,0.3182,1.0,17701.0,1.0,0.0,43697300.0,60710900.0,88114100.0,0.0,0.0,0.0,0.0,0.0,0.0,0.0,0.0,0.0,0.0,0.0,0.4005,0.0,0.0,0.4005,0.0,0.0,1.0,0.0,0.0,1906.0,0.0,0.0,1.0,93.56666819254558,2.0235851337840147,97.20800236293248,4.619330985491851,97.73507635934013,3.3409297887111453,0.04465558699689143
2022-11-01,94.66756687746879,95.2428142728165,89.62921479576478,89.7283935546875,47161400,0.0,0.0,92.91604461669922,97.52594718933105,40.24758930767006,-2.1734665655677787,-1.6187724637883452,3.456362308195734,-0.042746707673544715,0.0,0.0,0.0,0.0,0.0,0.0,0.0,0.0,0.0,31675000.0,43697300.0,60710900.0,0.0,0.0,0.0,0.0,0.0,0.0,0.0,0.0,0.0,0.3182,0.0,0.0,0.3182,0.0,0.0,1.0,0.0,0.0,17701.0,0.0,0.0,1.0,0.0,0.0,92.98811340332031,2.957786241624401,95.69762747628349,5.1387172540735655,97.2327995300293,3.9684169133183755,0.04024371723444298
2022-11-02,90.19454589639709,90.43257644134617,86.16782152387951,86.25708770751953,57038300,0.0,0.0,91.33709716796875,96.80887336730957,34.23727283668312,-2.7757534806260935,-1.850168667155895,4.194261050447135,-0.03868681595254775,0.0,0.0,0.0,0.0,0.0,0.0,0.0,0.0,0.0,47161400.0,31675000.0,43697300.0,0.0,0.0,0.0,0.0,0.0,0.0,0.0,0.0,0.0,0.0,0.3182,0.0,0.0,0.3182,0.0,0.0,1.0,0.0,0.0,17701.0,0.0,0.0,1.0,0.0,89.90691630045573,3.7422849371154157,93.4944087437221,5.443633148363897,96.3763073512486,4.913825743584417,0.04243083685631266
2022-11-03,85.61241063994241,85.81076815755338,82.6568351996716,82.74610137939453,61288000,0.0,0.0,89.593505859375,95.91674728393555,33.33330729471298,-3.496076856426754,-2.179350305010067,5.139127300467746,-0.04070374297854862,0.0,0.0,0.0,0.0,0.0,0.0,0.0,0.0,0.0,57038300.0,47161400.0,31675000.0,0.0,0.0,0.0,0.0,0.0,0.0,0.0,0.0,0.0,0.0,0.0,0.3182,0.0,0.0,0.3182,0.0,0.0,1.0,0.0,0.0,17701.0,0.0,0.0,1.0,86.24386088053386,3.491164879663854,90.5119160243443,4.627069115114142,95.44613756452289,6.121801656887357,-0.03638250765935602
2022-11-04,84.69994994578491,85.92978314388307,83.02380100389072,85.87027740478516,51124900,0.0,0.0,87.66742553710938,95.3167064666748,32.890330441599914,-3.771369426821451,-2.497754129372344,5.580572815691775,0.0377561718716648,0.0,0.0,0.0,0.34,0.34,1.0,2.0,1.0,0.0,61288000.0,57038300.0,47161400.0,0.0,0.0,0.0,0.0,0.0,0.0,0.0,0.0,0.0,0.0,0.0,0.0,0.0,0.0,0.0,0.0,0.0,0.0,0.0,0.0,0.0,0.0,0.0,0.0,84.95782216389973,1.9251460136907443,89.32883780343192,4.59994139668583,94.49754823957171,6.5196213173311195,-0.021584415505388144
2022-11-07,86.56454509810828,88.17126831965837,86.1380696016579,87.7646255493164,34078900,0.0,0.0,86.47329711914062,94.85204696655273,34.7415399214467,-3.7929598288282307,-2.756795269263521,5.810142503862569,0.022060580235480742,0.0,0.0,0.0,0.0,0.0,0.0,0.0,0.0,0.0,51124900.0,61288000.0,57038300.0,0.0,0.0,0.0,0.0,0.0,0.0,0.0,0.0,0.0,0.34,0.0,0.0,0.34,0.0,0.0,1.0,0.0,0.0,2.0,0.0,0.0,1.0,0.0,0.0,85.46033477783203,2.5342525385332557,88.80034746442523,4.525653652021561,93.62759562901088,6.549482574972026,-0.004611923178628241
2022-11-08,88.1712646484375,89.57962271598969,86.87199792022133,88.1712646484375,30429000,0.0,0.0,86.16187133789063,94.44144096374512,36.42114793037655,-3.734212325868569,-2.9522786805845307,5.983808300264132,0.004633291563382658,0.0,0.0,0.0,0.0,0.0,0.0,0.0,0.0,0.0,34078900.0,51124900.0,61288000.0,0.0,0.0,0.0,0.0,0.0,0.0,0.0,0.0,0.0,0.0,0.34,0.0,0.0,0.34,0.0,0.0,1.0,0.0,0.0,2.0,0.0,0.0,1.0,0.0,87.26872253417969,1.2280372242623618,87.75328826904297,3.433079702073167,92.86744962419782,6.518817768395859,0.01809453048288545
2022-11-09,87.72493647850311,88.70682649543558,86.5645292586956,86.60420227050781,31769100,0.0,0.0,86.23129425048828,93.93363761901855,34.478493026198905,-3.7706377787593084,-3.1159505002194865,6.203570003937196,-0.01777293752310327,0.0,0.0,0.0,0.0,0.0,0.0,0.0,0.0,0.0,30429000.0,34078900.0,51124900.0,0.0,0.0,0.0,0.0,0.0,0.0,0.0,0.0,0.0,0.0,0.0,0.34,0.0,0.0,0.34,0.0,0.0,1.0,0.0,0.0,2.0,0.0,0.0,1.0,87.51336415608723,0.8131853047561369,86.73456464494977,2.19802768166695,91.97128350394112,6.4506553535318965,-0.07047068237627796
2022-11-10,91.49380333022981,93.61626060159357,90.85905017805679,93.16995239257812,51620100,0.0,0.0,88.316064453125,93.679736328125,42.220293791420175,-3.2324424654030395,-3.1392488932561973,6.12106672057595,0.07581329716036445,0.0,0.0,0.0,0.0,0.0,0.0,0.0,0.0,0.0,31769100.0,30429000.0,34078900.0,0.0,0.0,0.0,0.0,0.0,0.0,0.0,0.0,0.0,0.0,0.0,0.0,0.0,0.0,0.0,0.0,0.0,0.0,0.0,0.0,0.0,0.0,0.0,0.0,89.31513977050781,3.429082441051892,87.22621590750558,3.1556064211172643,91.46192169189453,6.008727308610689,-0.02561967084667638
2022-11-11,93.91379579403652,96.13543162182418,93.15010351248674,95.61969757080078,33090500,0.0,0.0,90.26594848632813,93.6722972869873,43.53985240380611,-2.578521251657122,-3.0271033649363823,6.118484494062723,0.026293296447125858,0.0,0.0,0.0,0.4019,0.4019,1.0,2.0,1.0,0.0,51620100.0,31769100.0,30429000.0,0.0,0.0,0.0,0.0,0.0,0.0,0.0,0.0,0.0,0.0,0.0,0.0,0.0,0.0,0.0,0.0,0.0,0.0,0.0,0.0,0.0,0.0,0.0,0.0,91.7979507446289,4.66171430579763,88.56373160226005,4.4108917964141146,91.02907017299107,5.403881578715419,0.007418995950973173
2022-11-14,94.31051943427285,95.99658864167773,93.73527959271193,94.91551971435547,30179500,0.0,0.0,91.69612731933594,93.460546875,40.464808615146275,-2.0929786909554338,-2.840278430140193,5.990865957965541,-0.007364359795469011,0.0,0.0,0.0,0.0,0.0,0.0,0.0,0.0,0.0,33090500.0,51620100.0,31769100.0,0.0,0.0,0.0,0.0,0.0,0.0,0.0,0.0,0.0,0.4019,0.0,0.0,0.4019,0.0,0.0,1.0,0.0,0.0,2.0,0.0,0.0,1.0,0.0,0.0,94.56838989257812,1.2612244821710346,90.30221993582589,4.124718124659838,90.4070679800851,4.212548222017083,-0.027834264713317514
2022-11-15,97.4545394739204,99.31912590340235,95.91724219824151,97.63306427001953,41640800,0.0,0.0,93.58848724365234,93.34500198364258,54.47363358937591,-1.471932062706486,-2.5666091566534517,5.880508569262491,0.02863119291599947,0.0,0.0,0.0,0.0,0.0,0.0,0.0,0.0,0.0,30179500.0,33090500.0,51620100.0,0.0,0.0,0.0,0.0,0.0,0.0,0.0,0.0,0.0,0.0,0.4019,0.0,0.0,0.4019,0.0,0.0,1.0,0.0,0.0,2.0,0.0,0.0,1.0,0.0,96.05609385172527,1.4103522214342368,91.9826180594308,4.404785214672958,90.65572793143136,4.540573376251794,-0.004147698178869508
2022-11-16,97.09749375411836,98.82322847399864,96.83962291238991,98.03970336914062,29105200,0.0,0.0,95.8755874633789,93.30632171630859,58.976431273799356,-0.9361444678498572,-2.240516218892733,5.8450841196523,0.004164973230753821,0.0,0.0,0.0,0.0,0.0,0.0,0.0,0.0,0.0,41640800.0,30179500.0,33090500.0,0.0,0.0,0.0,0.0,0.0,0.0,0.0,0.0,0.0,0.0,0.0,0.4019,0.0,0.0,0.4019,0.0,0.0,1.0,0.0,0.0,2.0,0.0,0.0,1.0,96.86276245117188,1.6985742687009264,93.4504863194057,4.476366788621414,91.12541689191546,4.952075504447169,0.004981557592919961
2022-11-17,96.17512840036648,98.4661906774169,95.99660357573555,97.5537338256836,26052600,0.0,0.0,96.75234375,93.22648200988769,53.103482476899586,-0.5444663503564868,-1.9013062451854839,5.771497271998325,-0.004956864686006313,0.0,0.0,0.0,0.0,0.0,0.0,0.0,0.0,0.0,29105200.0,41640800.0,30179500.0,0.0,0.0,0.0,0.0,0.0,0.0,0.0,0.0,0.0,0.0,0.0,0.0,0.0,0.0,0.0,0.0,0.0,0.0,0.0,0.0,0.0,0.0,0.0,0.0,97.74216715494792,0.2607089927736209,94.79083905901227,4.012850153739334,91.27206366402763,5.1191866804994,0.009545493196842614
2022-11-18,97.96035204939338,98.0892912467336,95.58003155727448,96.63134002685547,28342300,0.0,0.0,96.95467224121094,93.04299812316894,54.492317494941915,-0.3049725573510216,-1.5820395076185916,5.590236365109082,-0.009455238284126866,0.0,0.0,0.0,0.0,0.0,0.0,0.0,0.0,0.0,26052600.0,29105200.0,41640800.0,0.0,0.0,0.0,0.0,0.0,0.0,0.0,0.0,0.0,0.0,0.0,0.0,0.0,0.0,0.0,0.0,0.0,0.0,0.0,0.0,0.0,0.0,0.0,0.0,97.40825907389323,0.7153628474597852,96.22328730991909,1.7616689105905798,91.47892597743443,5.282294960042519,0.01914229643989951
2022-11-21,96.49248658714596,97.59338820085925,94.5783070537111,94.81633758544922,21647400,0.0,0.0,96.9348358154297,92.69983406066895,58.46812461604452,-0.2586460190418194,-1.3173608099032372,5.231294464857034,-0.018782751443805146,0.0,0.0,0.0,0.0,0.0,0.0,0.0,0.0,0.0,28342300.0,26052600.0,29105200.0,0.0,0.0,0.0,0.0,0.0,0.0,0.0,0.0,0.0,0.0,0.0,0.0,0.0,0.0,0.0,0.0,0.0,0.0,0.0,0.0,0.0,0.0,0.0,0.0,96.33380381266277,1.3927420411101132,96.45848519461495,1.3472373707098133,91.84235055106026,5.3274267794253,-0.01494095004021001
2022-11-22,95.16348162304233,96.42307549576248,93.27906223791702,96.25447082519531,23438500,0.0,0.0,96.65911712646485,92.33138008117676,67.84700878937028,-0.10467988563985386,-1.0748246250505604,4.648458095347027,0.015167567914654345,0.0,0.0,0.0,0.0,0.0,0.0,0.0,0.0,0.0,21647400.0,28342300.0,26052600.0,0.0,0.0,0.0,0.0,0.0,0.0,0.0,0.0,0.0,0.0,0.0,0.0,0.0,0.0,0.0,0.0,0.0,0.0,0.0,0.0,0.0,0.0,0.0,0.0,95.90071614583333,0.9578179604975198,96.54916708809989,1.3019719622330712,92.55644934517997,5.189425003164594,-0.014320413020415312
2022-11-23,96.29412816473291,97.95044455619234,96.29412816473291,97.65290069580078,18868100,0.0,0.0,96.58175659179688,92.50643386840821,78.78203734442035,0.12869744371926117,-0.8341202112965962,4.784551764621133,0.0145284666635912,0.0,0.0,0.0,0.0,0.0,0.0,0.0,0.0,0.0,23438500.0,21647400.0,28342300.0,0.0,0.0,0.0,0.0,0.0,0.0,0.0,0.0,0.0,0.0,0.0,0.0,0.0,0.0,0.0,0.0,0.0,0.0,0.0,0.0,0.0,0.0,0.0,0.0,96.24123636881511,1.4183278650843492,96.94022151402065,1.1291401691439533,93.62122072492328,4.505981239580621,0.010260574081317975
2022-11-25,97.43470728675223,97.83142992962435,96.60159654689032,96.66110229492188,9701400,0.0,0.0,96.40323028564453,92.76628608703614,72.7044925318172,0.23095847099638434,-0.6211044748380001,4.865404374330346,-0.010156363956545067,0.0,0.0,0.0,0.0,0.0,0.0,0.0,0.0,0.0,18868100.0,23438500.0,21647400.0,0.0,0.0,0.0,0.0,0.0,0.0,0.0,0.0,0.0,0.0,0.0,0.0,0.0,0.0,0.0,0.0,0.0,0.0,0.0,0.0,0.0,0.0,0.0,0.0,96.85615793863933,0.7193306290268288,96.80136980329242,1.088780893199045,94.39199393136161,3.9690800039984646,0.014679969175732666
2022-11-28,96.24453206128982,96.7801064114265,94.82625393968354,95.26264953613281,26237500,0.0,0.0,96.1294921875,92.7543846130371,66.11248991310433,0.19688801906228548,-0.457505976057943,4.858650059793175,-0.014467585467029531,0.0,0.0,0.0,0.0,0.0,0.0,0.0,0.0,0.0,9701400.0,18868100.0,23438500.0,0.0,0.0,0.0,0.0,0.0,0.0,0.0,0.0,0.0,0.0,0.0,0.0,0.0,0.0,0.0,0.0,0.0,0.0,0.0,0.0,0.0,0.0,0.0,0.0,96.52555084228516,1.200877095627868,96.40464782714844,1.068108511664791,94.92756707327706,3.482009126725983,0.009034570213442672
2022-11-29,94.94527283562661,95.33207527119987,93.33854978773114,94.40969848632812,20061700,0.0,0.0,96.04816436767578,92.78810615539551,63.153454936671714,0.09990922774417754,-0.34602293529751893,4.868147369038371,-0.008953677584635833,0.0,0.0,0.0,0.0,0.0,0.0,0.0,0.0,0.0,26237500.0,9701400.0,18868100.0,0.0,0.0,0.0,0.0,0.0,0.0,0.0,0.0,0.0,0.0,0.0,0.0,0.0,0.0,0.0,0.0,0.0,0.0,0.0,0.0,0.0,0.0,0.0,0.0,95.44448343912761,1.1366628583455984,95.95549992152623,1.1613513758176532,95.37316949026925,2.901693702794547,-0.057431438614173436
2022-11-30,94.04273414974281,100.21174831439473,93.64601154608545,100.16215515136719,43647500,0.0,0.0,96.82970123291015,93.30979423522949,74.2978903073586,0.4816755585066659,-0.18048323653668197,5.077555906401758,0.060930781024283176,0.0,0.0,0.0,0.0,0.0,0.0,0.0,0.0,0.0,20061700.0,26237500.0,9701400.0,0.0,0.0,0.0,0.0,0.0,0.0,0.0,0.0,0.0,0.0,0.0,0.0,0.0,0.0,0.0,0.0,0.0,0.0,0.0,0.0,0.0,0.0,0.0,0.0,96.6115010579427,3.1043903977594205,96.45990208217076,1.9811890245429842,96.34159469604492,1.8052802197848046,0.0
2022-12-01,100.191908022442,101.4118287044889,99.42822325305634,100.16215515136719,28687100,0.0,0.0,97.33155212402343,94.00504760742187,66.38769780956639,0.7752910534515536,0.010671621460965147,5.012597506064016,0.0,0.0,0.0,0.0,0.0,0.0,0.0,0.0,0.0,0.0,43647500.0,20061700.0,26237500.0,0.0,0.0,0.0,0.0,0.0,0.0,0.0,0.0,0.0,0.0,0.0,0.0,0.0,0.0,0.0,0.0,0.0,0.0,0.0,0.0,0.0,0.0,0.0,0.0,98.24466959635417,3.321182404061408,97.22359030587333,2.2536450222603657,96.84103775024414,1.8274117241755807,0.005475855168693311
2022-12-02,98.23806351073277,99.94395785152076,98.08929158774455,99.61666870117188,21480700,0.0,0.0,97.92266540527343,94.84857597351075,60.285865183937354,0.9529818690942164,0.19913367098761542,4.400311953322256,-0.0054460334781231134,0.0,0.0,0.0,0.0,0.0,0.0,0.0,0.0,0.0,28687100.0,43647500.0,20061700.0,0.0,0.0,0.0,0.0,0.0,0.0,0.0,0.0,0.0,0.0,0.0,0.0,0.0,0.0,0.0,0.0,0.0,0.0,0.0,0.0,0.0,0.0,0.0,0.0,99.98032633463542,0.3149367488540531,97.7039042881557,2.3680588501040383,97.12653568812779,1.93120060806807,0.009650128799066016
2022-12-05,98.58519711399899,100.5489623663918,98.1884744915712,98.66454315185547,24405100,0.0,0.0,98.60304412841796,95.48828926086426,59.52622449066632,1.005385092582813,0.3603839553066549,3.9313802247607397,-0.009557893891960711,0.0,0.0,0.0,0.0,0.0,0.0,0.0,0.0,0.0,21480700.0,28687100.0,43647500.0,0.0,0.0,0.0,0.0,0.0,0.0,0.0,0.0,0.0,0.0,0.0,0.0,0.0,0.0,0.0,0.0,0.0,0.0,0.0,0.0,0.0,0.0,0.0,0.0,99.48112233479817,0.757951211058262,97.84842463902065,2.3951422728324707,97.39432307652065,1.859629809701336,0.02577843426508375
2022-12-06,98.48602563501785,98.96208676366123,95.62962859573672,96.18504333496094,24910700,0.0,0.0,98.95811309814454,95.90931015014648,46.27553961945138,0.8371895120015722,0.4557450666456384,3.4863989285251593,-0.025130606575437198,0.0,0.0,0.0,0.0,0.0,0.0,0.0,0.0,0.0,24405100.0,21480700.0,28687100.0,0.0,0.0,0.0,0.0,0.0,0.0,0.0,0.0,0.0,0.0,0.0,0.0,0.0,0.0,0.0,0.0,0.0,0.0,0.0,0.0,0.0,0.0,0.0,0.0,98.1554183959961,1.7715584032917355,97.78041621616909,2.4407978899498732,97.29089300973075,1.8854195740457738,0.021487248673651926
2022-12-07,95.61971746872926,96.08585845727798,93.94356821211183,94.1617660522461,31045400,0.0,0.0,97.7580352783203,96.20883522033691,40.79136213611687,0.5344706897113696,0.47149019125878466,3.011616361967553,-0.021035258836125448,0.0,0.0,0.0,0.0,0.0,0.0,0.0,0.0,0.0,24910700.0,24405100.0,21480700.0,0.0,0.0,0.0,0.0,0.0,0.0,0.0,0.0,0.0,0.0,0.0,0.0,0.0,0.0,0.0,0.0,0.0,0.0,0.0,0.0,0.0,0.0,0.0,0.0,96.33711751302083,2.25523730877977,97.62314714704242,2.6560406331773203,97.01389748709542,2.0450510225041802,0.01312576382736852
2022-12-08,94.59814224941029,94.79650733675184,92.6839626659769,92.94183349609375,32213300,0.0,0.0,96.31397094726563,96.52571678161621,39.41736334540244,0.19389043198796685,0.41597023940462113,2.161175080092362,-0.012955710234613282,0.0,0.0,0.0,0.0,0.0,0.0,0.0,0.0,0.0,31045400.0,24910700.0,24405100.0,0.0,0.0,0.0,0.0,0.0,0.0,0.0,0.0,0.0,0.0,0.0,0.0,0.0,0.0,0.0,0.0,0.0,0.0,0.0,0.0,0.0,0.0,0.0,0.0,94.42954762776692,1.638103398405749,97.4134521484375,2.989089948656796,96.68447603498187,2.306180006170109,0.009479705865438559
2022-12-09,93.00133540862666,93.48732417745734,91.98969998883905,92.06904602050781,28225400,0.0,0.0,94.80444641113282,96.47067146301269,39.507304489236724,-0.14477960196730066,0.3038202711302368,2.2627770165465093,-0.009390684934385551,0.0,0.0,0.0,0.0,0.0,0.0,0.0,0.0,0.0,32213300.0,31045400.0,24910700.0,0.0,0.0,0.0,0.0,0.0,0.0,0.0,0.0,0.0,0.0,0.0,0.0,0.0,0.0,0.0,0.0,0.0,0.0,0.0,0.0,0.0,0.0,0.0,0.0,93.05754852294922,1.0511478289876992,96.25729370117188,3.2979373478640595,96.35859789167132,2.615819914912472,-0.005144157005485428
2022-12-12,91.9500324704772,92.79306329851202,90.85905095379364,92.54511260986328,29420000,0.0,0.0,93.58056030273437,96.31694221496582,44.43365349664105,-0.37049264022336104,0.16895768885951723,2.422441556688137,0.005170756187149239,0.0,0.0,0.0,0.0,0.0,0.0,0.0,0.0,0.0,28225400.0,32213300.0,31045400.0,0.0,0.0,0.0,0.0,0.0,0.0,0.0,0.0,0.0,0.0,0.0,0.0,0.0,0.0,0.0,0.0,0.0,0.0,0.0,0.0,0.0,0.0,0.0,0.0,92.51866404215495,0.43699443867283194,95.16914476667132,3.0414419082206603,96.19636753627232,2.7838589882187468,-0.024260062971447227
2022-12-13,96.95862907976988,98.71411643899029,94.25100451872916,94.84608459472656,40593700,0.0,0.0,93.3127685546875,96.31347045898437,46.68836867534029,-0.35955788063176897,0.06325457496126,2.424604524104262,0.024863246907087966,0.0,0.0,0.0,0.0,0.0,0.0,0.0,0.0,0.0,29420000.0,28225400.0,32213300.0,0.0,0.0,0.0,0.0,0.0,0.0,0.0,0.0,0.0,0.0,0.0,0.0,0.0,0.0,0.0,0.0,0.0,0.0,0.0,0.0,0.0,0.0,0.0,0.0,93.15341440836589,1.485095659954814,94.48763275146484,2.330053705573201,96.09576851981026,2.80694916539132,0.005890345296996502
2022-12-14,94.41961155521665,96.0759277719066,92.83272878989905,94.29067993164062,28733600,0.0,0.0,93.3385513305664,96.14635124206544,41.76782237790611,-0.39119902067788814,-0.027636144166569628,2.4439744583249214,-0.005855852304912257,0.0,0.0,0.0,0.0,0.0,0.0,0.0,0.0,0.0,40593700.0,29420000.0,28225400.0,0.0,0.0,0.0,0.0,0.0,0.0,0.0,0.0,0.0,0.0,0.0,0.0,0.0,0.0,0.0,0.0,0.0,0.0,0.0,0.0,0.0,0.0,0.0,0.0,93.89395904541016,1.2006908906774838,93.862795148577,1.4395692258218606,95.85560989379883,2.807308386512023,0.04633477939998043
2022-12-15,92.36660072509676,92.87242231937816,89.27218054091779,90.1152114868164,40107000,0.0,0.0,92.77322692871094,95.75012664794922,36.13445513954864,-0.7446167810341677,-0.17103227154008926,2.7447288984768083,-0.04428293918180859,0.0,0.0,0.0,0.0,0.0,0.0,0.0,0.0,0.0,28733600.0,40593700.0,29420000.0,0.0,0.0,0.0,0.0,0.0,0.0,0.0,0.0,0.0,0.0,0.0,0.0,0.0,0.0,0.0,0.0,0.0,0.0,0.0,0.0,0.0,0.0,0.0,0.0,93.08399200439453,2.5859934079776266,92.99567631312779,1.623906733508058,95.38804626464844,3.18283231754731,0.006647586955764062
2022-12-16,90.01602009048204,90.58134735770545,88.786179227131,89.5201187133789,58011800,0.0,0.0,92.26344146728516,95.34844589233398,37.407570865821626,-1.0604971645956738,-0.3489252501512062,3.0389597356327243,-0.00660368836314118,0.0,0.0,0.0,0.0,0.0,0.0,0.0,0.0,0.0,40107000.0,28733600.0,40593700.0,0.0,0.0,0.0,0.0,0.0,0.0,0.0,0.0,0.0,0.0,0.0,0.0,0.0,0.0,0.0,0.0,0.0,0.0,0.0,0.0,0.0,0.0,0.0,0.0,91.30867004394531,2.599580943148219,92.33258383614677,1.9775545670132983,94.97786549159459,3.5491803384873495,0.020578871714725944
2022-12-19,89.52012290883614,89.81765920892968,87.48692414068339,87.71504211425781,29493000,0.0,0.0,91.29742736816407,94.9026309967041,35.90815041121745,-1.4398910722777885,-0.5671184145765227,3.4649999367858193,-0.020163920971781768,0.0,0.0,0.0,0.0,0.0,0.0,0.0,0.0,0.0,58011800.0,40107000.0,28733600.0,0.0,0.0,0.0,0.0,0.0,0.0,0.0,0.0,0.0,0.0,0.0,0.0,0.0,0.0,0.0,0.0,0.0,0.0,0.0,0.0,0.0,0.0,0.0,0.0,89.11679077148438,1.2498833248635712,91.58589935302734,2.598463481143303,94.49967575073242,4.047613994642726,-0.006515252735758925
2022-12-20,87.38773902543626,88.44896764240224,86.7232330132954,88.29027557373047,23453800,0.0,0.0,89.98626556396485,94.57632789611816,18.045841857133638,-1.6748404268596602,-0.7886628170331502,3.76762238368228,0.006557979630487543,0.0,0.0,0.0,0.0,0.0,0.0,0.0,0.0,0.0,29493000.0,58011800.0,40107000.0,0.0,0.0,0.0,0.0,0.0,0.0,0.0,0.0,0.0,0.0,0.0,0.0,0.0,0.0,0.0,0.0,0.0,0.0,0.0,0.0,0.0,0.0,0.0,0.0,88.50847880045573,0.9221089243054942,91.04607500348773,2.860649922392093,93.6516843523298,4.0135065569609045,-0.006251511891225747
2022-12-21,88.34979410199328,89.48044867408069,87.59602186498341,88.84569549560547,24745600,0.0,0.0,88.89726867675782,94.20588912963868,20.425067463588405,-1.7955240536119987,-0.99003506434892,3.953573177450253,0.0062908391469587155,0.0,0.0,0.0,0.0,0.0,0.0,0.0,0.0,0.0,23453800.0,29493000.0,58011800.0,0.0,0.0,0.0,0.0,0.0,0.0,0.0,0.0,0.0,0.0,0.0,0.0,0.0,0.0,0.0,0.0,0.0,0.0,0.0,0.0,0.0,0.0,0.0,0.0,88.28367106119792,0.5653556242514499,90.51758684430804,2.879217658888147,92.84336580548968,3.7310655120477936,0.020738413968355518
2022-12-22,87.43733387958731,87.81421619968995,85.61241288884075,87.04061126708984,27658300,0.0,0.0,88.2823486328125,93.67527465820312,19.163392569517427,-2.0136102631302037,-1.194750104105177,4.1726702310452115,-0.020317070156819383,0.0,0.0,0.0,0.0,0.0,0.0,0.0,0.0,0.0,24745600.0,23453800.0,29493000.0,0.0,0.0,0.0,0.0,0.0,0.0,0.0,0.0,0.0,0.0,0.0,0.0,0.0,0.0,0.0,0.0,0.0,0.0,0.0,0.0,0.0,0.0,0.0,0.0,88.0588607788086,0.9245252151702857,89.40251922607422,2.394062161546061,91.94507598876953,3.4803672651718487,-0.016474328093765367
2022-12-23,86.39594104938888,88.81594226177606,86.35626803003854,88.49856567382812,23003000,0.0,0.0,88.07803802490234,93.26714782714843,25.6763027432534,-2.0452243462536046,-1.3648449525348625,4.263456463531528,0.01675027766365811,0.0,0.0,0.0,0.0,0.0,0.0,0.0,0.0,0.0,27658300.0,24745600.0,23453800.0,0.0,0.0,0.0,0.0,0.0,0.0,0.0,0.0,0.0,0.0,0.0,0.0,0.0,0.0,0.0,0.0,0.0,0.0,0.0,0.0,0.0,0.0,0.0,0.0,88.12829081217448,0.9578151559061853,88.57507433210101,1.042398146368842,91.21893474033901,2.997610467894892,0.021055081436642586
2022-12-27,88.07209058240402,88.21094236734609,86.29676268423916,86.67364501953125,20097300,0.0,0.0,87.86975860595703,92.83769760131835,26.506586262131336,-2.192263530852543,-1.5303286681983985,4.479002835373138,-0.020620906569523756,0.0,0.0,0.0,0.0,0.0,0.0,0.0,0.0,0.0,23003000.0,27658300.0,24745600.0,0.0,0.0,0.0,0.0,0.0,0.0,0.0,0.0,0.0,0.0,0.0,0.0,0.0,0.0,0.0,0.0,0.0,0.0,0.0,0.0,0.0,0.0,0.0,0.0,87.4042739868164,0.9652832635574372,88.0834219796317,1.0058926465967264,90.53954914637974,2.8601937508688176,0.015926467253160048
2022-12-28,86.26701779431262,87.31832642526183,85.23554189153839,85.31488037109375,19523200,0.0,0.0,87.2746795654297,92.38295669555664,27.406259413417217,-2.390873592953824,-1.7024376531494836,4.7636433870226265,-0.015676791349104047,0.0,0.0,0.0,0.1531,0.1531,1.0,1095.0,1.0,0.0,20097300.0,23003000.0,27658300.0,0.0,0.0,0.0,0.0,0.0,0.0,0.0,0.0,0.0,0.0,0.0,0.0,0.0,0.0,0.0,0.0,0.0,0.0,0.0,0.0,0.0,0.0,0.0,0.0,86.8290303548177,1.597520415682784,87.48267364501953,1.2345954331639606,89.90762874058315,2.973412811403611,-0.02747313817033248
2022-12-29,85.90996683615387,88.12168298626916,85.90004668879064,87.72496032714844,23333500,0.0,0.0,87.05053253173828,91.7610969543457,37.440313634904236,-2.3269762537415772,-1.8273453732679024,4.499125522366613,0.028249233258859086,0.0,0.0,0.0,0.0,0.0,0.0,0.0,0.0,0.0,19523200.0,20097300.0,23003000.0,0.0,0.0,0.0,0.0,0.0,0.0,0.0,0.0,0.0,0.1531,0.0,0.0,0.1531,0.0,0.0,1.0,0.0,0.0,1095.0,0.0,0.0,1.0,0.0,0.0,86.57116190592448,1.2083039518556726,87.48409053257534,1.2349122087139306,89.53499494280133,2.8896239887729727,0.002493529465410038
2022-12-30,86.26700621056507,87.57618553312793,85.86036345245435,87.50675964355469,23986300,0.0,0.0,87.14376220703124,91.12832717895508,38.65878101070117,-2.2678023102723444,-1.9154367606687908,4.1302104840303455,-0.0024873272416428005,0.0,0.0,0.0,0.0,0.0,0.0,0.0,0.0,0.0,23333500.0,19523200.0,20097300.0,0.0,0.0,0.0,0.0,0.0,0.0,0.0,0.0,0.0,0.0,0.1531,0.0,0.0,0.1531,0.0,0.0,1.0,0.0,0.0,1095.0,0.0,0.0,1.0,0.0,86.84886678059895,1.3329435895735517,87.37215968540737,1.1841261859532093,89.20911734444755,2.8386701245959727,-0.009986634022088992
2023-01-03,88.85561394606133,90.30365276991351,87.7943851962897,88.38947296142578,28131200,0.0,0.0,87.12194366455078,90.56696739196778,39.87436274189039,-2.1251811803705607,-1.9573856446091449,3.6509625163758463,0.010087372923722526,0.0,0.0,0.0,0.0,0.0,0.0,0.0,0.0,0.0,23986300.0,23333500.0,19523200.0,0.0,0.0,0.0,0.0,0.0,0.0,0.0,0.0,0.0,0.0,0.0,0.1531,0.0,0.0,0.1531,0.0,0.0,1.0,0.0,0.0,1095.0,0.0,0.0,1.0,87.8737309773763,0.45977737021170806,87.30698503766742,1.0990005550674662,88.91228594098773,2.6755884061149935,0.011807492750991688
2023-01-04,89.60938314842804,89.90692702075431,86.55462865105089,87.35799407958984,34854800,0.0,0.0,87.2588134765625,90.00163993835449,30.551316098702742,-2.07150560557551,-1.980209636802418,3.1755305612224825,-0.011669702819543715,0.0,0.0,0.0,0.0,0.0,0.0,0.0,0.0,0.0,28131200.0,23986300.0,23333500.0,0.0,0.0,0.0,0.0,0.0,0.0,0.0,0.0,0.0,0.0,0.0,0.0,0.0,0.0,0.0,0.0,0.0,0.0,0.0,0.0,0.0,0.0,0.0,0.0,87.75140889485677,0.5575635506697847,87.35232543945312,1.092708408245237,88.37742233276367,2.0803994210032437,0.02180988578226084
2023-01-05,86.75298665837843,86.85216541875592,85.19585666320351,85.49339294433594,27194400,0.0,0.0,87.29451599121094,89.46705741882325,28.605912309841145,-2.1545883015759983,-2.0150853697571343,2.9733034662869495,-0.021344367563604028,0.0,0.0,0.0,0.0,0.0,0.0,0.0,0.0,0.0,34854800.0,28131200.0,23986300.0,0.0,0.0,0.0,0.0,0.0,0.0,0.0,0.0,0.0,0.0,0.0,0.0,0.0,0.0,0.0,0.0,0.0,0.0,0.0,0.0,0.0,0.0,0.0,0.0,87.08028666178386,1.467876331224865,86.92301504952567,1.1558316964351214,87.74904469081334,1.3612153616933844,-0.013052419383605018
2023-01-06,86.07855936732152,86.97118333274179,84.16437980636358,86.6240463256836,41381500,0.0,0.0,87.07433319091797,89.09017143249511,40.03394080048367,-2.104933297348353,-2.0330549552753783,2.8207100500183353,0.013225038127610889,0.0,0.0,0.0,0.0,0.0,0.0,0.0,0.0,0.0,27194400.0,34854800.0,28131200.0,0.0,0.0,0.0,0.0,0.0,0.0,0.0,0.0,0.0,0.0,0.0,0.0,0.0,0.0,0.0,0.0,0.0,0.0,0.0,0.0,0.0,0.0,0.0,0.0,86.49181111653645,0.9393077032028168,86.91592952183315,1.1577655862308027,87.49967575073242,1.205247572747778,-0.00772557401926488
2023-01-09,87.63569405206921,89.31184316795068,87.13979266316744,87.29847717285156,29003900,0.0,0.0,87.03267669677734,88.80800361633301,43.686585628670336,-1.9882412088221315,-2.0240922059847293,2.6945773291980575,0.007785723200141037,0.0,0.0,0.0,0.0,0.0,0.0,0.0,0.0,0.0,41381500.0,27194400.0,34854800.0,0.0,0.0,0.0,0.0,0.0,0.0,0.0,0.0,0.0,0.0,0.0,0.0,0.0,0.0,0.0,0.0,0.0,0.0,0.0,0.0,0.0,0.0,0.0,0.0,86.4719721476237,0.91210042469477,87.19930049351284,0.9186418857062171,87.34098706926618,1.055747055467328,-0.004523860998217777
2023-01-10,85.2752044746708,87.94314874861813,85.12643254757823,87.69519805908203,30467800,0.0,0.0,86.8938217163086,88.58931121826171,49.93870091182688,-1.8425105136812334,-1.9877758675240302,2.5915003175814784,0.004544419319536974,0.0,0.0,0.0,0.0,0.0,0.0,0.0,0.0,0.0,29003900.0,41381500.0,27194400.0,0.0,0.0,0.0,0.0,0.0,0.0,0.0,0.0,0.0,0.0,0.0,0.0,0.0,0.0,0.0,0.0,0.0,0.0,0.0,0.0,0.0,0.0,0.0,0.0,87.20590718587239,0.5415426214552888,87.19504874093192,0.9158681744737094,87.33956963675362,1.0552194123891148,-0.03387234009647677
2023-01-11,88.44896825112974,90.8491290549015,88.28036360214634,90.76978302001953,26862000,0.0,0.0,87.57617950439453,88.50054473876953,56.63480540266867,-1.4620707355481386,-1.882634841128852,2.476734978229332,0.035059900986438075,0.0,0.0,0.0,0.0,0.0,0.0,0.0,0.0,0.0,30467800.0,29003900.0,41381500.0,0.0,0.0,0.0,0.0,0.0,0.0,0.0,0.0,0.0,0.0,0.0,0.0,0.0,0.0,0.0,0.0,0.0,0.0,0.0,0.0,0.0,0.0,0.0,0.0,88.5878194173177,1.9000186151784706,87.66119493756976,1.6428330520208532,87.51667731148856,1.3839388154970258,0.004279596356041804
2023-01-12,90.73011735676101,91.11691981733598,89.01429529901861,90.38298034667969,30258100,0.0,0.0,88.55409698486328,88.27738952636719,54.15101157409028,-1.1781996612595833,-1.7417478051549984,2.0369201425223236,-0.004261359457635061,0.0,0.0,0.0,0.0,0.0,0.0,0.0,0.0,0.0,26862000.0,30467800.0,29003900.0,0.0,0.0,0.0,0.0,0.0,0.0,0.0,0.0,0.0,0.0,0.0,0.0,0.0,0.0,0.0,0.0,0.0,0.0,0.0,0.0,0.0,0.0,0.0,0.0,89.61598714192708,1.6746573090049128,87.94598170689174,1.9366381965586077,87.62648337227958,1.548680007359467,-0.010746968550551683
2023-01-13,90.10528201196577,91.43430168612433,89.39118279204233,91.36487579345703,26329200,0.0,0.0,89.50226287841797,88.131099319458,62.2197155696756,-0.8640389302506009,-1.566206030174119,1.650784871250068,0.010863720614335826,0.0,0.0,0.0,0.0,0.0,0.0,0.0,0.0,0.0,30258100.0,26862000.0,30467800.0,0.0,0.0,0.0,0.0,0.0,0.0,0.0,0.0,0.0,0.0,0.0,0.0,0.0,0.0,0.0,0.0,0.0,0.0,0.0,0.0,0.0,0.0,0.0,0.0,90.83921305338542,0.49461607762572235,88.51839338030133,2.293211957223607,87.93535940987724,1.8287447781340835,0.009092075763028618
2023-01-17,91.30534882869009,91.49379375212015,89.31183096580291,90.54166412353516,32602400,0.0,0.0,90.1509002685547,88.15242195129395,55.98830929822247,-0.6737243148925955,-1.3877096871178143,1.6802529825381978,-0.00901015475337441,0.0,0.0,0.0,0.0,0.0,0.0,0.0,0.0,0.0,26329200.0,30258100.0,26862000.0,0.0,0.0,0.0,0.0,0.0,0.0,0.0,0.0,0.0,0.0,0.0,0.0,0.0,0.0,0.0,0.0,0.0,0.0,0.0,0.0,0.0,0.0,0.0,0.0,90.76317342122395,0.5270952891251216,89.2395749773298,1.9517173239699535,88.08129501342773,1.954353310029384,0.0018653684503688872
2023-01-18,91.3847206735028,92.03931423444145,89.89701628975767,90.37308502197266,29116700,0.0,0.0,90.68647766113281,88.19507026672363,62.009049639277514,-0.5303875580855504,-1.2162452613113615,1.72697063769146,-0.0018618953295632679,0.0,0.0,0.0,0.0,0.0,0.0,0.0,0.0,0.0,32602400.0,26329200.0,30258100.0,0.0,0.0,0.0,0.0,0.0,0.0,0.0,0.0,0.0,0.0,0.0,0.0,0.0,0.0,0.0,0.0,0.0,0.0,0.0,0.0,0.0,0.0,0.0,0.0,90.75987497965495,0.5306827836779957,89.77515193394252,1.5964105171001761,88.34554072788784,1.9989751404330285,-0.02074142659620415
2023-01-19,89.97635197425116,92.84266148471706,89.88708578674498,92.2872543334961,37000400,0.0,0.0,90.98997192382812,88.42368087768554,71.84584706044903,-0.259345110572923,-1.024865231163674,1.9485002500684598,0.021180745473699858,0.0,0.0,0.0,0.0,0.0,0.0,0.0,0.0,0.0,29116700.0,32602400.0,26329200.0,0.0,0.0,0.0,0.0,0.0,0.0,0.0,0.0,0.0,0.0,0.0,0.0,0.0,0.0,0.0,0.0,0.0,0.0,0.0,0.0,0.0,0.0,0.0,0.0,91.0673344930013,1.0598386864476113,90.48783438546317,1.4090473076590357,88.843567439488,2.053636482526982,-0.05070386479367017
2023-01-20,94.32044460307483,97.49421809768434,94.24109856316726,97.21650695800781,63191100,0.0,0.0,92.35667724609375,88.86999244689942,75.68435117529697,0.34918231676211064,-0.7500557215785171,2.7668005884929197,0.053412062804458316,0.0,0.0,0.0,0.1805,0.23126504146770546,2.0,3979.0,0.5,0.0,37000400.0,29116700.0,32602400.0,0.0,0.0,0.0,0.0,0.0,0.0,0.0,0.0,0.0,0.0,0.0,0.0,0.0,0.0,0.0,0.0,0.0,0.0,0.0,0.0,0.0,0.0,0.0,0.0,93.29228210449219,3.5306750861559824,91.84802137102399,2.464343806458875,89.52153505597796,3.003156922225556,-0.017737270762410606
2023-01-23,97.1470790758333,99.21995081656387,96.70077085248677,98.97200012207031,40005100,0.0,0.0,93.8781021118164,89.37630767822266,78.64221042391566,0.9620088747217466,-0.4076428023184644,3.57160874036796,0.018057562640270364,0.0,0.0,0.0,0.0,0.0,0.0,0.0,0.0,0.0,63191100.0,37000400.0,29116700.0,0.0,0.0,0.0,0.0,0.0,0.0,0.0,0.0,0.0,0.1805,0.0,0.0,0.23126504146770546,0.0,0.0,2.0,0.0,0.0,3979.0,0.0,0.0,0.5,0.0,0.0,96.15858713785808,3.4656676591762947,93.01976667131696,3.5687418030510423,90.34048080444336,3.854157890178871,0.021392102300633598
2023-01-24,97.29584675272618,98.79347100071968,96.40322277819845,96.89912414550781,33078500,0.0,0.0,95.14959411621093,89.86923332214356,70.06543618667537,1.2658229504945808,-0.07294965175585538,3.897699503404581,-0.020944064725435974,0.0,0.0,0.0,0.0,0.0,1.0,53570.0,0.0,0.0,40005100.0,63191100.0,37000400.0,0.0,0.0,0.0,0.0,0.0,0.0,0.0,0.0,0.0,0.0,0.1805,0.0,0.0,0.23126504146770546,0.0,0.0,2.0,0.0,0.0,3979.0,0.0,0.0,0.5,0.0,97.69587707519531,1.1164902531988312,93.95064435686383,3.6158573850399,90.94831303187779,4.180042879697534,0.026044869077662902
2023-01-25,94.78659020973076,95.37175777745863,92.99142962152443,94.43946075439453,42330000,0.0,0.0,95.9628692626953,90.16627807617188,65.64416371373558,1.2932161245241502,0.20028350350014573,4.012432680008559,-0.025383752565397266,0.0,0.0,0.0,0.0,0.0,0.0,0.0,0.0,0.0,33078500.0,40005100.0,63191100.0,0.0,0.0,0.0,0.0,0.0,0.0,0.0,0.0,0.0,0.0,0.0,0.1805,0.0,0.0,0.23126504146770546,1.0,0.0,2.0,53570.0,0.0,3979.0,0.0,0.0,0.5,96.77019500732422,2.2690185812115757,94.38987077985492,3.4314440892550926,91.45413208007812,4.140435147118248,-0.02358495030985941
2023-01-26,95.70897598453968,96.77020474200492,94.59815405733514,96.72061157226562,30114000,0.0,0.0,96.84954071044922,90.66862640380859,74.35459836048753,1.48191265233163,0.4566093332664426,4.177675186313831,0.024154636204495095,0.0,0.0,0.0,0.0,0.0,0.0,0.0,0.0,0.0,42330000.0,33078500.0,40005100.0,0.0,0.0,0.0,0.0,0.0,0.0,0.0,0.0,0.0,0.0,0.0,0.0,0.0,0.0,0.0,0.0,1.0,0.0,0.0,53570.0,0.0,0.0,0.0,0.0,96.01973215738933,1.3714627100434649,95.27257755824498,3.050090452250409,92.25607626778739,3.981335629890436,-0.01861732516066905
2023-01-27,96.51233145386189,99.49766010597479,96.51233145386189,98.55545043945312,33879800,0.0,0.0,97.11732940673828,91.33065490722656,75.11486487137543,1.7592328313030947,0.717134032873773,4.330918167415599,0.018970505224903178,0.0,0.0,0.0,0.0,0.0,0.0,0.0,0.0,0.0,30114000.0,42330000.0,33078500.0,0.0,0.0,0.0,0.0,0.0,0.0,0.0,0.0,0.0,0.0,0.0,0.0,0.0,0.0,0.0,0.0,0.0,1.0,0.0,0.0,53570.0,0.0,0.0,0.0,96.57184092203777,2.0620238363438474,96.44148690359933,2.3461349222014793,93.10831941877093,3.959966301528919,0.025067122468599212
2023-01-30,96.68093725731849,97.48429507886306,95.60978845068932,96.1453628540039,27226200,0.0,0.0,96.552001953125,91.75167503356934,67.35409856576163,1.7642005392784768,0.9265473341547137,4.371049564171318,-0.024454127850897955,0.0,0.0,0.0,0.0,0.0,0.0,0.0,0.0,0.0,33879800.0,30114000.0,42330000.0,0.0,0.0,0.0,0.0,0.0,0.0,0.0,0.0,0.0,0.0,0.0,0.0,0.0,0.0,0.0,0.0,0.0,0.0,0.0,0.0,0.0,0.0,0.0,0.0,97.14047495524089,1.2587074670680414,96.99264526367188,1.5127076650902505,93.74023982456752,3.6557243703491036,-0.019222956566134486
2023-01-31,96.07593999568378,98.0694581762873,96.02634682892345,98.02978515625,29870700,0.0,0.0,96.77813415527343,92.2778263092041,69.15442119519798,1.8983120549451513,1.1209002783128013,4.465505619414843,0.019599721154597738,0.0,0.0,0.0,0.0,0.0,0.0,0.0,0.0,0.0,27226200.0,33879800.0,30114000.0,0.0,0.0,0.0,0.0,0.0,0.0,0.0,0.0,0.0,0.0,0.0,0.0,0.0,0.0,0.0,0.0,0.0,0.0,0.0,0.0,0.0,0.0,0.0,0.0,97.57686614990234,1.2672735545704148,97.10882786342076,1.5631572326188545,94.47842461722237,3.373710613052952,-0.015831987620385513
2023-02-01,97.90085604626204,100.36053038415385,96.78012157695186,99.60675811767578,35531100,0.0,0.0,97.81159362792968,92.8386905670166,67.34140047514131,2.1075504068211757,1.3182303040144763,4.651975492568523,0.01608667160610655,0.0,0.0,0.0,0.0,0.0,0.0,0.0,0.0,0.0,29870700.0,27226200.0,33879800.0,0.0,0.0,0.0,0.0,0.0,0.0,0.0,0.0,0.0,0.0,0.0,0.0,0.0,0.0,0.0,0.0,0.0,0.0,0.0,0.0,0.0,0.0,0.0,0.0,97.92730204264323,1.7329718359712813,97.19950757707868,1.7015408810726744,95.10963712419782,3.4522320059530016,-0.06784843685585362
2023-02-02,104.93273458159672,106.9659256907038,104.74428963661705,106.85682678222656,69883800,0.0,0.0,99.83883666992188,93.81363220214844,75.46765678591817,2.8258189758982155,1.6197480383912242,5.422353969343877,0.07278691528124548,0.0,0.0,0.0,0.0,0.0,0.0,0.0,0.0,0.0,35531100.0,29870700.0,27226200.0,0.0,0.0,0.0,0.0,0.0,0.0,0.0,0.0,0.0,0.0,0.0,0.0,0.0,0.0,0.0,0.0,0.0,0.0,0.0,0.0,0.0,0.0,0.0,0.0,101.49779001871745,4.707564891187942,98.62203652518136,4.00790701793744,96.2863404410226,4.395829549135774,0.028249680918894793
2023-02-03,102.08625562934304,106.92625024321528,101.73912618609937,103.92108917236328,65309300,0.0,0.0,100.9119644165039,94.73501701354981,68.30537310630581,3.1221720457455717,1.920232839862094,5.499243175164188,-0.02747356157081371,0.0,0.0,0.0,0.0,0.0,0.0,0.0,0.0,0.0,69883800.0,35531100.0,29870700.0,0.0,0.0,0.0,0.0,0.0,0.0,0.0,0.0,0.0,0.0,0.0,0.0,0.0,0.0,0.0,0.0,0.0,0.0,0.0,0.0,0.0,0.0,0.0,0.0,103.46155802408855,3.6468137555060562,99.97655487060547,3.9607005110458102,97.18321282523019,4.591047973288174,0.018270132879810053
2023-02-06,101.56060192669277,103.50453438595648,101.0448602652804,102.05650329589844,31999600,0.0,0.0,102.09419250488281,95.50663986206055,66.29247881335348,3.1700352978367903,2.1701933314570336,5.38272145005386,-0.017942324231920326,0.0,0.0,0.0,0.0,0.0,0.0,0.0,0.0,0.0,65309300.0,69883800.0,35531100.0,0.0,0.0,0.0,0.0,0.0,0.0,0.0,0.0,0.0,0.0,0.0,0.0,0.0,0.0,0.0,0.0,0.0,0.0,0.0,0.0,0.0,0.0,0.0,0.0,104.27813975016277,2.4199979813370764,100.73882511683873,3.736765946220909,98.00570133754185,4.333930063362935,-0.04403564140711547
2023-02-07,102.37387842734272,107.29321903254016,102.27469966826962,106.75764465332031,49010200,0.0,0.0,103.83976440429687,96.47959823608399,70.54724151873523,3.546429061772855,2.445440477520198,5.576163216374506,0.04606410376212455,0.0,0.0,0.0,0.9601,0.9601,1.0,1683.0,1.0,0.0,31999600.0,65309300.0,69883800.0,0.0,0.0,0.0,0.0,0.0,0.0,0.0,0.0,0.0,0.0,0.0,0.0,0.0,0.0,0.0,0.0,0.0,0.0,0.0,0.0,0.0,0.0,0.0,0.0,104.24507904052734,2.3672578211122874,101.91056714739118,4.195805968439552,99.17602702549526,4.326508241092315,0.0832241563231062
2023-02-08,101.21348233996603,102.29454379804132,97.23635085283868,98.55545043945312,94743500,0.0,0.0,103.62950286865234,97.02261085510254,56.78986328291255,3.1466032237302386,2.5856730267622066,5.1912099284806645,-0.07683004098210111,0.0,0.0,0.0,-0.4511,-0.3073600396137658,2.0,12117.0,0.0,0.0,49010200.0,31999600.0,65309300.0,0.0,0.0,0.0,0.0,0.0,0.0,0.0,0.0,0.0,0.9601,0.0,0.0,0.9601,0.0,0.0,1.0,0.0,0.0,1683.0,0.0,0.0,1.0,0.0,0.0,102.45653279622395,4.115703485595614,102.25486537388393,3.715242590706318,99.6237553187779,3.8577218629627295,0.045889866554892356
2023-02-09,99.18028778419213,99.21004065983053,92.86250072827113,94.23119354248047,119455000,0.0,0.0,101.10437622070313,97.19568138122558,46.72328790157814,2.452535669679321,2.5590455553456297,5.026873237894486,-0.04387638509784131,0.0,0.0,0.0,0.5362,0.5362,1.0,1168.0,1.0,0.0,94743500.0,49010200.0,31999600.0,0.0,0.0,0.0,0.0,0.0,0.0,0.0,0.0,0.0,-0.4511,0.9601,0.0,-0.3073600396137658,0.9601,0.0,2.0,1.0,0.0,12117.0,1683.0,0.0,0.0,1.0,0.0,99.8480962117513,6.362483334166146,101.71220942905971,4.60588108723029,99.41051864624023,4.077277873752496,0.004652888362483676
2023-02-10,94.66756053010047,95.95690701020914,93.47740036911846,93.7947769165039,54980700,0.0,0.0,99.07911376953125,97.3662712097168,44.147968925952924,1.845987562642108,2.4164339568049256,4.837848991614834,-0.004631339257947786,0.0,0.0,0.0,0.0,0.0,0.0,0.0,0.0,0.0,119455000.0,94743500.0,49010200.0,0.0,0.0,0.0,0.0,0.0,0.0,0.0,0.0,0.0,0.5362,-0.4511,0.9601,0.5362,-0.3073600396137658,0.9601,1.0,2.0,1.0,1168.0,12117.0,1683.0,1.0,0.0,1.0,95.52714029947917,2.6316556757590943,100.88192640032086,5.4880486293675785,99.04071698869977,4.346034834133081,-0.00042287750212011144
2023-02-13,93.96338902898977,94.4196173792314,93.07076505379771,93.83445739746094,50076100,0.0,0.0,97.43470458984375,97.489750289917,46.36898303105291,1.3529003084569098,2.2037272271353223,4.706338920428719,0.0004230564031550976,0.0,0.0,0.0,0.0,0.0,0.0,0.0,0.0,0.0,54980700.0,119455000.0,94743500.0,0.0,0.0,0.0,0.0,0.0,0.0,0.0,0.0,0.0,0.0,0.5362,-0.4511,0.0,0.5362,-0.3073600396137658,0.0,1.0,2.0,0.0,1168.0,12117.0,0.0,1.0,0.0,93.95347595214844,0.24132743342393018,99.02158791678292,5.3300005692474866,98.82181222098214,4.535264329470835,-0.0007394274908920639
2023-02-14,93.65594180887688,94.07249718262943,91.50373147763352,93.90389251708984,54726100,0.0,0.0,94.86395416259765,97.65786170959473,49.327361306956966,0.9566997022314041,1.9543217221545388,4.500644048927936,0.0007399746484897385,0.0,0.0,0.0,0.0,0.0,0.0,0.0,0.0,0.0,50076100.0,54980700.0,119455000.0,0.0,0.0,0.0,0.0,0.0,0.0,0.0,0.0,0.0,0.0,0.0,0.5362,0.0,0.0,0.5362,0.0,0.0,1.0,0.0,0.0,1168.0,0.0,0.0,1.0,93.84437561035156,0.05522980878896626,97.59055982317243,5.136539694949667,98.78355734688895,4.577138295905321,-0.023313348354800256
2023-02-15,93.7154415296958,96.32388765510876,93.37823222030585,96.1453628540039,50169000,0.0,0.0,94.3819366455078,97.94647560119628,49.27680439217672,0.8141903116691793,1.726295440057467,4.182758231742562,0.023869834112639543,0.0,0.0,0.0,0.0,0.0,0.0,0.0,0.0,0.0,54726100.0,50076100.0,54980700.0,0.0,0.0,0.0,0.0,0.0,0.0,0.0,0.0,0.0,0.0,0.0,0.0,0.0,0.0,0.0,0.0,0.0,0.0,0.0,0.0,0.0,0.0,0.0,0.0,94.62790425618489,1.3146162010360791,96.74611118861607,4.75143011681823,98.7424681527274,4.599608872543375,0.014972292355357686
2023-02-16,94.58822952133472,96.87929141683016,93.96338895576008,94.72708129882812,42462600,0.0,0.0,94.48111419677734,98.06846694946289,45.136077619280435,0.5801198638167193,1.4970603248093175,4.04223712562139,-0.014751429638155678,0.0,0.0,0.0,0.0,0.0,0.0,0.0,0.0,0.0,50169000.0,54726100.0,50076100.0,0.0,0.0,0.0,0.0,0.0,0.0,0.0,0.0,0.0,0.0,0.0,0.0,0.0,0.0,0.0,0.0,0.0,0.0,0.0,0.0,0.0,0.0,0.0,0.0,94.92544555664062,1.1338247668381138,95.02745928083148,1.7619051076457237,98.46901321411133,4.723710183401102,0.012294715077613372
2023-02-17,94.07248521564689,94.77666422937034,92.44592938203277,93.57658386230469,34284100,0.0,0.0,94.4374755859375,97.88647079467773,46.628470789025656,0.2983427104339569,1.2573168019342453,4.162758855234371,-0.012145390956299518,0.0,0.0,0.0,0.0,0.0,0.0,0.0,0.0,0.0,42462600.0,50169000.0,54726100.0,0.0,0.0,0.0,0.0,0.0,0.0,0.0,0.0,0.0,0.0,0.0,0.0,0.0,0.0,0.0,0.0,0.0,0.0,0.0,0.0,0.0,0.0,0.0,0.0,94.81634267171223,1.2867136711645066,94.31619262695312,0.8890888354964969,98.28552900041852,4.868579608302474,0.027889682921659942
2023-02-21,92.23765518012942,92.33683394114578,90.96814887866952,91.0375747680664,33629300,0.0,0.0,93.87809906005859,97.48974952697753,40.9777344272217,-0.1283648185138162,0.980180477844633,4.423763056539081,-0.027132953453124165,0.0,0.0,0.0,0.0,0.0,0.0,0.0,0.0,0.0,34284100.0,42462600.0,50169000.0,0.0,0.0,0.0,0.0,0.0,0.0,0.0,0.0,0.0,0.0,0.0,0.0,0.0,0.0,0.0,0.0,0.0,0.0,0.0,0.0,0.0,0.0,0.0,0.0,93.1137466430664,1.8877972160068666,93.8599613734654,1.5290495559913821,97.78608540126255,5.241220476986918,0.0015274949938217652
2023-02-22,90.94831301648848,91.35495579337403,89.86725160509873,90.89872741699219,30884000,0.0,0.0,93.27706604003906,97.18972969055176,38.3306727377457,-0.4722931291025958,0.6896857564551873,4.662935646901217,-0.0015251653114437547,0.0,0.0,0.0,0.0,0.0,0.0,0.0,0.0,0.0,33629300.0,34284100.0,42462600.0,0.0,0.0,0.0,0.0,0.0,0.0,0.0,0.0,0.0,0.0,0.0,0.0,0.0,0.0,0.0,0.0,0.0,0.0,0.0,0.0,0.0,0.0,0.0,0.0,91.83762868245442,1.5075786828111948,93.4462400163923,1.897123053051518,97.16408320835659,5.517939511061315,0.008361827734618243
2023-02-23,91.1665064831145,91.18634677544837,89.02421648917793,90.14495086669922,41206400,0.0,0.0,92.07698364257813,96.97500419616699,22.88382820912065,-0.7965006969194235,0.3924484657802651,4.889619492206411,-0.00829248738362487,0.0,0.0,0.0,0.0,0.0,0.0,0.0,0.0,0.0,30884000.0,33629300.0,34284100.0,0.0,0.0,0.0,0.0,0.0,0.0,0.0,0.0,0.0,0.0,0.0,0.0,0.0,0.0,0.0,0.0,0.0,0.0,0.0,0.0,0.0,0.0,0.0,0.0,90.69375101725261,0.4803184887719174,92.91916765485492,2.250837461381845,95.97037778581891,5.047386359144888,0.019746550392942597
2023-02-24,88.70683225593044,89.15314042580724,87.8538813637116,88.39936828613281,36585100,0.0,0.0,90.81144104003906,96.55894203186035,23.803157893923583,-1.1806812969701639,0.07782251323017933,5.252938315365948,-0.019364174740609363,0.0,0.0,0.0,0.0,0.0,0.0,0.0,0.0,0.0,41206400.0,30884000.0,33629300.0,0.0,0.0,0.0,0.0,0.0,0.0,0.0,0.0,0.0,0.0,0.0,0.0,0.0,0.0,0.0,0.0,0.0,0.0,0.0,0.0,0.0,0.0,0.0,0.0,89.81434885660808,1.2820578314004227,92.13280705043248,2.754631794609591,94.86168343680245,4.868161450603888,-0.008234269592040766
2023-02-27,89.13331604003906,89.42093974612138,88.60765422535826,89.13331604003906,27502300,0.0,0.0,89.92278747558593,96.08783531188965,27.323395190578637,-1.4096738973026248,-0.21967676887638152,5.481974781872063,0.008302635732990726,0.0,0.0,0.0,0.0,0.0,0.0,0.0,0.0,0.0,36585100.0,41206400.0,30884000.0,0.0,0.0,0.0,0.0,0.0,0.0,0.0,0.0,0.0,0.0,0.0,0.0,0.0,0.0,0.0,0.0,0.0,0.0,0.0,0.0,0.0,0.0,0.0,0.0,89.2258783976237,0.8764647619389861,91.13108607700893,2.2876554893502483,93.9385986328125,4.617745947565502,-0.0021097439249198047
2023-02-28,88.59775024323443,90.48217716813194,88.58783009603324,89.32176208496094,30142000,0.0,0.0,89.57962493896484,95.7466552734375,13.647741198238322,-1.5579866615317002,-0.4873387474074453,5.686721670485591,0.0021142043547131006,0.0,0.0,0.0,0.0,0.0,0.0,0.0,0.0,0.0,27502300.0,36585100.0,41206400.0,0.0,0.0,0.0,0.0,0.0,0.0,0.0,0.0,0.0,0.0,0.0,0.0,0.0,0.0,0.0,0.0,0.0,0.0,0.0,0.0,0.0,0.0,0.0,0.0,88.95148213704427,0.4873399801300707,90.35889761788505,1.7111766120495633,92.69317844935826,2.9414641571065108,-0.0033200298878456325
2023-03-01,89.24241850559551,90.28380689652273,88.93495449477956,89.61930084228516,31111200,0.0,0.0,89.32373962402343,95.32613105773926,22.208602698563865,-1.632696001451336,-0.7164101982162234,5.818447259577598,0.003331089203560511,0.0,0.0,0.0,0.0,0.0,0.0,0.0,0.0,0.0,30142000.0,27502300.0,36585100.0,0.0,0.0,0.0,0.0,0.0,0.0,0.0,0.0,0.0,0.0,0.0,0.0,0.0,0.0,0.0,0.0,0.0,0.0,0.0,0.0,0.0,0.0,0.0,0.0,89.35812632242839,0.24502464227873688,89.79357147216797,0.9596089004975477,92.05488204956055,2.509326090645655,-0.017825920638139148
2023-03-02,88.92502745736198,91.5235455057447,88.85559400906735,91.24584197998047,32204400,0.0,0.0,89.54391784667969,94.9080852508545,38.843536483975925,-1.5428701684502641,-0.8817021922630316,5.795015947191953,0.01814945131694068,0.0,0.0,0.0,0.0,0.0,0.0,0.0,0.0,0.0,31111200.0,30142000.0,27502300.0,0.0,0.0,0.0,0.0,0.0,0.0,0.0,0.0,0.0,0.0,0.0,0.0,0.0,0.0,0.0,0.0,0.0,0.0,0.0,0.0,0.0,0.0,0.0,0.0,90.06230163574219,1.035716243887622,89.82332393101284,1.0066813810311923,91.84164265223912,2.4359320776738325,-0.017619038309799828
2023-03-03,91.72193194582057,92.96168552249127,91.69217150382201,92.88233947753906,35160100,0.0,0.0,90.44051208496094,94.20936088562011,46.87083163480764,-1.3243644286191198,-0.9702346395342494,5.076410323711946,0.01793503640327687,0.0,0.0,0.0,0.0,0.0,0.0,0.0,0.0,0.0,32204400.0,31111200.0,30142000.0,0.0,0.0,0.0,0.0,0.0,0.0,0.0,0.0,0.0,0.0,0.0,0.0,0.0,0.0,0.0,0.0,0.0,0.0,0.0,0.0,0.0,0.0,0.0,0.0,91.24916076660156,1.6315218492389127,90.10669708251953,1.5121411680548356,91.77646854945591,2.3914558692278796,-0.015557544234425569
2023-03-06,93.24929513438325,95.18331511806566,93.22946240796787,94.3501968383789,32639300,0.0,0.0,91.4838882446289,93.7308162689209,51.61090762642595,-1.0209839663069857,-0.9803845048887967,4.534957570542069,0.015803406428999356,0.0,0.0,0.0,0.0,0.0,0.0,0.0,0.0,0.0,35160100.0,32204400.0,31111200.0,0.0,0.0,0.0,0.0,0.0,0.0,0.0,0.0,0.0,0.0,0.0,0.0,0.0,0.0,0.0,0.0,0.0,0.0,0.0,0.0,0.0,0.0,0.0,0.0,92.82612609863281,1.5529406716572578,90.7074465070452,2.2060127379979555,91.81330708095005,2.429269522860584,0.01353079750707531
2023-03-07,94.20142849315206,94.8857672449639,92.76330996601668,93.09060668945312,27835500,0.0,0.0,92.23765716552734,93.28252143859864,47.63550607077312,-0.8721377018307805,-0.9587351442771935,4.0899388870888185,-0.013350159206169443,0.0,0.0,0.0,0.0,0.0,0.0,0.0,0.0,0.0,32639300.0,35160100.0,32204400.0,0.0,0.0,0.0,0.0,0.0,0.0,0.0,0.0,0.0,0.0,0.0,0.0,0.0,0.0,0.0,0.0,0.0,0.0,0.0,0.0,0.0,0.0,0.0,0.0,93.44104766845703,0.794202724600382,91.37762342180524,2.0979045459250365,91.75521523611886,2.384747316739807,-0.004137845476797408
2023-03-08,93.34847011024735,95.17338339263445,93.22945106567059,93.47740173339844,34103300,0.0,0.0,93.00927734375,92.61850929260254,41.30572607051487,-0.7147259218628506,-0.9099332997943249,2.5901147300240774,0.004155038383578669,0.0,0.0,0.0,0.0,0.0,0.0,0.0,0.0,0.0,27835500.0,32639300.0,35160100.0,0.0,0.0,0.0,0.0,0.0,0.0,0.0,0.0,0.0,0.0,0.0,0.0,0.0,0.0,0.0,0.0,0.0,0.0,0.0,0.0,0.0,0.0,0.0,0.0,93.63940175374348,0.6452323928302276,91.99820709228516,1.961441034562735,91.56464658464704,2.096065130607394,0.020905436176651637
2023-03-09,93.27905456209555,94.74691844025844,91.14667706997915,91.563232421875,28813500,0.0,0.0,93.0727554321289,92.26889839172364,40.01253334437989,-0.735949846489703,-0.8751366091334005,2.1871271162673027,-0.020477348279135166,0.0,0.0,0.0,0.0,0.0,0.0,0.0,0.0,0.0,34103300.0,27835500.0,32639300.0,0.0,0.0,0.0,0.0,0.0,0.0,0.0,0.0,0.0,0.0,0.0,0.0,0.0,0.0,0.0,0.0,0.0,0.0,0.0,0.0,0.0,0.0,0.0,0.0,92.71041361490886,1.012136907112298,92.31841714041573,1.6016454744314148,91.33865737915039,1.8892279741310258,0.018647342199698436
2023-03-10,91.41445442058324,92.02937482791765,89.65896694454361,89.88707733154297,35941000,0.0,0.0,92.47370300292968,92.05169258117675,38.72727755889268,-0.8779017622040044,-0.8756896397475213,2.197676733242246,-0.018305984247139695,0.0,0.0,0.0,0.0,0.0,0.0,0.0,0.0,0.0,28813500.0,34103300.0,27835500.0,0.0,0.0,0.0,0.0,0.0,0.0,0.0,0.0,0.0,0.0,0.0,0.0,0.0,0.0,0.0,0.0,0.0,0.0,0.0,0.0,0.0,0.0,0.0,0.0,91.64257049560547,1.7964766141235398,92.35667092459542,1.527937082362283,91.0751211983817,1.8086506153160127,-0.0052684552340456214
2023-03-13,89.35150848107031,91.81118269560834,88.687002437022,90.36315155029297,37335600,0.0,0.0,91.6762939453125,91.8801113128662,47.642176757524936,-0.9411356415419334,-0.8887788401064038,2.1883651989203137,0.005296358863622119,0.0,0.0,0.0,0.0,0.0,0.0,0.0,0.0,0.0,35941000.0,28813500.0,34103300.0,0.0,0.0,0.0,0.0,0.0,0.0,0.0,0.0,0.0,0.0,0.0,0.0,0.0,0.0,0.0,0.0,0.0,0.0,0.0,0.0,0.0,0.0,0.0,0.0,90.60448710123698,0.8637453952520276,92.23057229178292,1.665153789748934,91.02694811139789,1.8186813402258726,-0.030435160947590245
2023-03-14,91.80125398569051,93.58650184316622,91.6822425064281,93.19969940185547,36050200,0.0,0.0,91.69811248779297,91.84837341308594,56.76775601044988,-0.7536753407100747,-0.8617581402271381,2.1629852769001254,0.03139053699320993,0.0,0.0,0.0,0.0,0.0,0.0,0.0,0.0,0.0,37335600.0,35941000.0,28813500.0,0.0,0.0,0.0,0.0,0.0,0.0,0.0,0.0,0.0,0.0,0.0,0.0,0.0,0.0,0.0,0.0,0.0,0.0,0.0,0.0,0.0,0.0,0.0,0.0,91.1499760945638,1.7910013659336432,92.27590942382812,1.6899921875236503,91.19130325317383,1.907980298874915,-0.02226609194045337
2023-03-15,92.45584219446059,96.135429036382,91.88059485416576,95.32215118408203,50622100,0.0,0.0,92.06706237792969,91.91928634643554,64.09283937736028,-0.42890344898944477,-0.7751872019795996,2.255204520853281,0.022773161242452433,0.0,0.0,0.0,0.0,0.0,0.0,0.0,0.0,0.0,36050200.0,37335600.0,35941000.0,0.0,0.0,0.0,0.0,0.0,0.0,0.0,0.0,0.0,0.0,0.0,0.0,0.0,0.0,0.0,0.0,0.0,0.0,0.0,0.0,0.0,0.0,0.0,0.0,92.96166737874348,2.488054214641604,92.41476004464286,1.9139142127584257,91.56110327584403,2.172902652577276,-0.04196587824411213
2023-03-16,95.41142746724535,100.36052894620208,94.71716852573586,99.4976577758789,65492000,0.0,0.0,93.65394744873046,92.0869010925293,76.68099386255064,0.1635240968494429,-0.5874449422137912,2.6719113797083622,0.043804158214320266,0.0,0.0,0.0,0.0,0.0,0.0,0.0,0.0,0.0,50622100.0,36050200.0,37335600.0,0.0,0.0,0.0,0.0,0.0,0.0,0.0,0.0,0.0,0.0,0.0,0.0,0.0,0.0,0.0,0.0,0.0,0.0,0.0,0.0,0.0,0.0,0.0,0.0,96.00650278727214,3.204266336904708,93.3300530569894,3.3122184956482315,92.35383823939732,2.8497490343107006,-0.012792693730440008
2023-03-17,99.43814263216196,101.99698789396676,99.27945056518114,100.78699493408203,61028500,0.0,0.0,95.83393096923828,92.389896774292,77.28750446165867,0.7286663166442651,-0.3242226904421799,3.2648692378589983,0.012958467435558951,0.0,0.0,0.0,0.0,0.0,0.0,0.0,0.0,0.0,65492000.0,50622100.0,36050200.0,0.0,0.0,0.0,0.0,0.0,0.0,0.0,0.0,0.0,0.0,0.0,0.0,0.0,0.0,0.0,0.0,0.0,0.0,0.0,0.0,0.0,0.0,0.0,0.0,98.53560129801433,2.8566227967524505,94.37428065708706,4.3546170849215144,93.1862438746861,3.470975088873172,0.0039517860668591975
2023-03-20,99.29929255271749,100.91592828670724,99.05134186896636,100.39027404785156,32960400,0.0,0.0,97.83935546875,92.73058128356934,75.66696837318383,1.1314904202412635,-0.033080068305491206,3.719115226157148,-0.00393623092433637,0.0,0.0,0.0,0.0,0.0,0.0,0.0,0.0,0.0,61028500.0,65492000.0,50622100.0,0.0,0.0,0.0,0.0,0.0,0.0,0.0,0.0,0.0,0.0,0.0,0.0,0.0,0.0,0.0,0.0,0.0,0.0,0.0,0.0,0.0,0.0,0.0,0.0,100.2249755859375,0.6603713069257003,95.63528660365513,4.671462512850641,93.97685187203544,3.7706626844083324,-0.03526482177330681
2023-03-21,100.42001510099495,104.23845366800776,100.39026223314306,104.05992889404297,42110300,0.0,0.0,100.0114013671875,93.38169898986817,78.95782182871214,1.7269348718126736,0.3189229197181418,4.471037228720797,0.03655388812308891,0.0,0.0,0.0,0.0,0.0,0.0,0.0,0.0,0.0,32960400.0,61028500.0,65492000.0,0.0,0.0,0.0,0.0,0.0,0.0,0.0,0.0,0.0,0.0,0.0,0.0,0.0,0.0,0.0,0.0,0.0,0.0,0.0,0.0,0.0,0.0,0.0,0.0,101.74573262532552,2.013945168816401,97.65997968401227,4.83343193206238,95.00832530430385,4.408189311766741,0.014994512886697953
2023-03-22,103.41526808239401,105.71625013011207,102.48297865485124,102.52265167236328,43427400,0.0,0.0,101.45150146484374,93.96289520263672,72.69465759499036,2.051139209384914,0.6653661776514963,4.869072058296098,-0.01477299896336648,0.0,0.0,0.0,0.0,0.0,0.0,0.0,0.0,0.0,42110300.0,32960400.0,61028500.0,0.0,0.0,0.0,0.0,0.0,0.0,0.0,0.0,0.0,0.0,0.0,0.0,0.0,0.0,0.0,0.0,0.0,0.0,0.0,0.0,0.0,0.0,0.0,0.0,102.32428487141927,1.842852059533912,99.39705113002232,3.8611816637900414,95.81381171090263,4.689130083269992,-0.02111738251510098
2023-03-23,104.19879298533533,105.42863382566868,103.60371285731998,104.73436737060547,40797800,0.0,0.0,102.49884338378907,94.69236602783204,73.31254196266258,2.4582038120789633,1.0239337045369896,5.337330061317889,0.02157294668216614,0.0,0.0,0.0,0.0,0.0,0.0,0.0,0.0,0.0,43427400.0,42110300.0,32960400.0,0.0,0.0,0.0,0.0,0.0,0.0,0.0,0.0,0.0,0.0,0.0,0.0,0.0,0.0,0.0,0.0,0.0,0.0,0.0,0.0,0.0,0.0,0.0,0.0,103.7723159790039,1.1335618528040874,101.04486083984375,3.176087251520735,96.66038513183594,5.164914208954703,0.0015174060680485102
2023-03-24,104.12936781949888,104.62526919076385,102.98879315221856,104.57568359375,30393300,0.0,0.0,103.25658111572265,95.5011817932129,71.20530593452702,2.7364568170379187,1.3664383270371756,5.5547477946001385,-0.0015151070354391116,0.0,0.0,0.0,0.0,0.0,0.0,0.0,0.0,0.0,40797800.0,43427400.0,42110300.0,0.0,0.0,0.0,0.0,0.0,0.0,0.0,0.0,0.0,0.0,0.0,0.0,0.0,0.0,0.0,0.0,0.0,0.0,0.0,0.0,0.0,0.0,0.0,0.0,103.94423421223958,1.2336806002840108,102.36679404122489,2.160630045788733,97.39077704293388,5.523646866623002,0.029084538960810313
2023-03-27,103.76240714497641,103.90125892558605,101.09445530767543,101.62010955810547,31120900,0.0,0.0,103.50254821777344,96.12552146911621,66.525776112621,2.687504327287243,1.6306515270871893,5.502845198498288,-0.02826253612767371,0.0,0.0,0.0,0.0,0.0,0.0,0.0,0.0,0.0,30393300.0,40797800.0,43427400.0,0.0,0.0,0.0,0.0,0.0,0.0,0.0,0.0,0.0,0.0,0.0,0.0,0.0,0.0,0.0,0.0,0.0,0.0,0.0,0.0,0.0,0.0,0.0,0.0,103.64338684082031,1.7540049479173865,102.67000143868583,1.811628406327312,98.00002724783761,5.483106631193433,0.014154171097078505
2023-03-28,101.60028121184264,101.61019379170308,98.92240911282488,100.20183563232422,32057900,0.0,0.0,102.73092956542969,96.66952514648438,62.527755833380006,2.5053857463400675,1.805598370937765,5.329911600303603,-0.013956626616017265,0.0,0.0,0.0,0.0,0.0,0.0,0.0,0.0,0.0,31120900.0,30393300.0,40797800.0,0.0,0.0,0.0,0.0,0.0,0.0,0.0,0.0,0.0,0.0,0.0,0.0,0.0,0.0,0.0,0.0,0.0,0.0,0.0,0.0,0.0,0.0,0.0,0.0,102.13254292805989,2.2314966875162527,102.58640725272042,1.9230703718920532,98.48034395490374,5.349348766607103,-0.00355078762070149
2023-03-29,101.44160293215687,101.64988064038367,99.82496687295503,100.55889892578125,28779600,0.0,0.0,102.33817901611329,97.21650505065918,67.79133254225871,2.3626325254596168,1.9170052018421355,5.125729837727907,0.0035634406416187314,0.0,0.0,0.0,0.0,0.0,0.0,0.0,0.0,0.0,32057900.0,31120900.0,30393300.0,0.0,0.0,0.0,0.0,0.0,0.0,0.0,0.0,0.0,0.0,0.0,0.0,0.0,0.0,0.0,0.0,0.0,0.0,0.0,0.0,0.0,0.0,0.0,0.0,100.79361470540364,0.7376949606966039,102.6104965209961,1.891777155826937,99.12289156232562,4.98224334524246,0.0049560613794945585
2023-03-30,100.0828209446528,100.33077163663715,98.96207897409658,100.06298065185547,33086200,0.0,0.0,101.40390167236328,97.65736198425293,71.11113221523675,2.1843038145938607,1.9704649243924808,4.961724711517562,-0.004931619968231771,0.0,0.0,0.0,0.0,0.0,0.0,0.0,0.0,0.0,28779600.0,32057900.0,31120900.0,0.0,0.0,0.0,0.0,0.0,0.0,0.0,0.0,0.0,0.0,0.0,0.0,0.0,0.0,0.0,0.0,0.0,0.0,0.0,0.0,0.0,0.0,0.0,0.0,100.27457173665364,0.25583517986138005,102.0395039149693,1.9824093022708114,99.84974179949079,4.214287776442609,-0.027378764354842655
2023-03-31,100.46961878932184,103.0383842078249,100.2117479628211,102.87969970703125,36863400,0.0,0.0,101.06470489501953,98.15722999572753,73.66842742934901,2.2443907741336346,2.025250094340712,4.958937391046258,0.028149461837198908,0.0,0.0,0.0,0.0,0.0,0.0,0.0,0.0,0.0,33086200.0,28779600.0,32057900.0,0.0,0.0,0.0,0.0,0.0,0.0,0.0,0.0,0.0,0.0,0.0,0.0,0.0,0.0,0.0,0.0,0.0,0.0,0.0,0.0,0.0,0.0,0.0,0.0,101.16719309488933,1.5036598372213064,102.09051077706474,2.001414714813707,100.74378095354352,3.26847229962424,-0.006036761309768934
2023-04-03,101.5506793026603,103.67313650572234,101.09445096214598,103.50453186035156,25035400,0.0,0.0,101.44158935546875,98.61494674682618,71.26485316163698,2.315734509375446,2.083346977347659,5.011251467834278,0.006073425127596899,0.0,0.0,0.0,0.0,0.0,0.0,0.0,0.0,0.0,36863400.0,33086200.0,28779600.0,0.0,0.0,0.0,0.0,0.0,0.0,0.0,0.0,0.0,0.0,0.0,0.0,0.0,0.0,0.0,0.0,0.0,0.0,0.0,0.0,0.0,0.0,0.0,0.0,102.1490707397461,1.8334210362186685,101.9148199898856,1.7714105646777083,101.47984041486468,2.511534237455763,-0.003437802873738738
2023-04-04,103.47478504857116,104.71453851392779,103.18716133658586,103.86158752441406,24420100,0.0,0.0,102.17353973388671,99.15349578857422,69.00665490440474,2.3737235342978096,2.1414222887376893,4.964868096916213,0.003449662132130049,0.0,0.0,0.0,-0.4939,-0.4939,1.0,1380.0,0.0,0.0,25035400.0,36863400.0,33086200.0,0.0,0.0,0.0,0.0,0.0,0.0,0.0,0.0,0.0,0.0,0.0,0.0,0.0,0.0,0.0,0.0,0.0,0.0,0.0,0.0,0.0,0.0,0.0,0.0,103.41527303059895,0.4969922288071757,101.81280626569476,1.6054196464669177,102.08980015345982,1.8511602434464496,0.002393002439391223
2023-04-05,104.91289907946413,105.2302756731111,102.8102819841236,103.61363983154297,28290500,0.0,0.0,102.78448791503907,99.66030769348144,61.10220722967734,2.3723262474489957,2.187603080479951,4.871431564137718,-0.0023872896494366858,0.0,0.0,0.0,0.0,0.0,0.0,0.0,0.0,0.0,24420100.0,25035400.0,36863400.0,0.0,0.0,0.0,0.0,0.0,0.0,0.0,0.0,0.0,-0.4939,0.0,0.0,-0.4939,0.0,0.0,1.0,0.0,0.0,1380.0,0.0,0.0,0.0,0.0,0.0,103.65991973876953,0.18297147090845428,102.09759630475726,1.736968882560295,102.38379887172154,1.7307427711826993,-0.03643236287027907
2023-04-06,104.39716471996435,108.27510972849137,103.47478781441008,107.53125762939453,48711500,0.0,0.0,104.27814331054688,100.45870895385742,65.93254284381572,2.6567129695761196,2.2814250582991846,4.782239057649515,0.037809865614420124,0.0,0.0,0.0,0.1779,0.17790000000000003,1.0,3.0,1.0,0.0,28290500.0,24420100.0,25035400.0,0.0,0.0,0.0,0.0,0.0,0.0,0.0,0.0,0.0,0.0,-0.4939,0.0,0.0,-0.4939,0.0,0.0,1.0,0.0,0.0,1380.0,0.0,0.0,0.0,0.0,105.00216166178386,2.1937671536960273,103.14465659005302,2.4616656139798363,102.86553192138672,2.1418671155855016,0.01860201480934154
2023-04-10,106.10306402969181,106.7080567599706,104.25831026578564,105.56748962402344,27067400,0.0,0.0,104.81570129394531,101.24272956848145,61.387454850443454,2.692593290249249,2.3636587046891977,4.208843296407045,-0.018262299248272496,0.0,0.0,0.0,0.0,0.0,0.0,0.0,0.0,0.0,48711500.0,28290500.0,24420100.0,0.0,0.0,0.0,0.0,0.0,0.0,0.0,0.0,0.0,0.1779,0.0,-0.4939,0.17790000000000003,0.0,-0.4939,1.0,0.0,1.0,3.0,0.0,1380.0,1.0,0.0,0.0,105.57079569498698,1.9588109914146672,103.86016954694476,2.30792299272533,103.23533303397042,2.1285217954275826,0.010346585307029699
2023-04-11,105.67657981839106,105.85510460555605,103.82190606100231,104.48641204833984,26311800,0.0,0.0,105.01207733154297,101.94889259338379,51.05861107197344,2.603780022172245,2.411682968185807,3.3931495212840166,-0.010240629757644393,0.0,0.0,0.0,0.0,0.0,0.0,0.0,0.0,0.0,27067400.0,48711500.0,28290500.0,0.0,0.0,0.0,0.0,0.0,0.0,0.0,0.0,0.0,0.0,0.1779,0.0,0.0,0.17790000000000003,0.0,0.0,1.0,0.0,0.0,3.0,0.0,0.0,1.0,0.0,105.86171976725261,1.5435995873291615,104.4920883178711,1.5883606893230662,103.2657961164202,2.144225049418295,0.006785148363093407
2023-04-12,105.70633385627954,105.87493849967197,103.48469035438097,103.78223419189453,24370300,0.0,0.0,104.99620666503907,102.47801933288574,53.26140551611659,2.4483505384390867,2.4190164822364633,2.7141836767058827,-0.006739420395826534,0.0,0.0,0.0,0.0,0.0,0.0,0.0,0.0,0.0,26311800.0,27067400.0,48711500.0,0.0,0.0,0.0,0.0,0.0,0.0,0.0,0.0,0.0,0.0,0.0,0.1779,0.0,0.0,0.17790000000000003,0.0,0.0,1.0,0.0,0.0,3.0,0.0,0.0,1.0,104.61204528808594,0.899234131180708,104.6210218157087,1.46771176757497,103.35576629638672,2.1370582506781486,-0.025970455057588104
2023-04-13,104.97239950361016,106.6088755556612,104.97239950361016,106.54936981201172,24843600,0.0,0.0,105.5833526611328,103.03938026428223,54.56814816180311,2.5194140346866902,2.439095992726509,2.2830726230684513,0.02666290277583272,0.0,0.0,0.0,0.0,0.0,0.0,0.0,0.0,0.0,24370300.0,26311800.0,27067400.0,0.0,0.0,0.0,0.0,0.0,0.0,0.0,0.0,0.0,0.0,0.0,0.0,0.0,0.0,0.0,0.0,0.0,0.0,0.0,0.0,0.0,0.0,0.0,0.0,104.93933868408203,1.438094846681185,105.05599866594586,1.5314812627433718,103.48540932791573,2.2775576264385573,-0.013226818992320699
2023-04-14,106.01379677904549,108.04699547084493,105.96420361413152,107.97756958007812,26578000,0.0,0.0,105.67261505126953,103.46337585449218,58.047854095689424,2.6603097578639137,2.48333874575399,2.376225022187386,0.013404112765624365,0.0,0.0,0.0,0.0,0.0,0.0,0.0,0.0,0.0,24843600.0,24370300.0,26311800.0,0.0,0.0,0.0,0.0,0.0,0.0,0.0,0.0,0.0,0.0,0.0,0.0,0.0,0.0,0.0,0.0,0.0,0.0,0.0,0.0,0.0,0.0,0.0,0.0,106.10305786132812,2.1329804318900534,105.6439961024693,1.7683033715299168,103.72840118408203,2.5660305893136592,0.02736623813148853
2023-04-17,103.80208203407157,105.2897861961485,103.66322268410477,105.1013412475586,37571200,0.0,0.0,105.57938537597656,103.67909317016601,58.2665967112753,2.5109385086665696,2.488858698336506,2.31552765792205,-0.026637276090813122,0.0,0.0,0.0,-0.4588,-0.4588,1.0,2988.0,0.0,0.0,26578000.0,24843600.0,24370300.0,0.0,0.0,0.0,0.0,0.0,0.0,0.0,0.0,0.0,0.0,0.0,0.0,0.0,0.0,0.0,0.0,0.0,0.0,0.0,0.0,0.0,0.0,0.0,0.0,106.54276021321614,1.438125557902195,105.85652487618583,1.5608400104671285,103.97706059047154,2.5141614084582184,0.014067177121629859
2023-04-18,105.61705663506584,105.66664979175071,103.21689616184254,103.64337158203125,26596400,0.0,0.0,105.41077728271485,103.841748046875,58.156956619700786,2.2489897958497522,2.4408849178391554,2.182797709744508,-0.013872036723995729,0.0,0.0,0.0,0.0,0.0,0.0,0.0,0.0,0.0,37571200.0,26578000.0,24843600.0,0.0,0.0,0.0,0.0,0.0,0.0,0.0,0.0,0.0,-0.4588,0.0,0.0,-0.4588,0.0,0.0,1.0,0.0,0.0,2988.0,0.0,0.0,0.0,0.0,0.0,105.57409413655598,2.205434093802651,105.30111258370536,1.5573089629196673,104.22288458687919,2.2733592797029063,0.003071368636006877
2023-04-19,102.73093910158751,104.11946457904193,102.22511753880913,103.32601928710938,20905700,0.0,0.0,105.31953430175781,103.80505256652832,56.570859596818956,1.9928139569157395,2.3512707256544725,2.185104515116555,-0.0030619642151519244,0.0,0.0,0.0,0.0,0.0,0.0,0.0,0.0,0.0,26596400.0,37571200.0,26578000.0,0.0,0.0,0.0,0.0,0.0,0.0,0.0,0.0,0.0,0.0,-0.4588,0.0,0.0,-0.4588,0.0,0.0,1.0,0.0,0.0,2988.0,0.0,0.0,0.0,0.0,104.02357737223308,0.9467625615684153,104.98090253557477,1.7157876089483142,104.42053604125977,2.0384527025566266,-0.010542288937051447
2023-04-20,103.05823288579296,105.37904781258688,103.01855986565269,104.42691802978516,27820800,0.0,0.0,104.8950439453125,103.90026588439942,60.07326845941107,1.8572172425579367,2.2524600290351655,2.167703200949272,0.010654612945232511,0.0,0.0,0.0,0.0,0.0,0.0,0.0,0.0,0.0,20905700.0,26596400.0,37571200.0,0.0,0.0,0.0,0.0,0.0,0.0,0.0,0.0,0.0,0.0,0.0,-0.4588,0.0,0.0,-0.4588,0.0,0.0,1.0,0.0,0.0,2988.0,0.0,0.0,0.0,103.79876963297527,0.5666620916217883,104.97240339006696,1.7187900325758254,104.73224585396903,1.6093532413934946,-0.0011384331000883208
2023-04-21,104.60544233096776,105.13109660328743,103.92109597885471,104.54593658447266,25800100,0.0,0.0,104.2087173461914,103.89084434509277,54.39332462971047,1.7393099893175474,2.149830021091642,2.1642939317391154,0.0011397306071367908,0.0,0.0,0.0,0.0,0.0,0.0,0.0,0.0,0.0,27820800.0,20905700.0,26596400.0,0.0,0.0,0.0,0.0,0.0,0.0,0.0,0.0,0.0,0.0,0.0,0.0,0.0,0.0,0.0,0.0,0.0,0.0,0.0,0.0,0.0,0.0,0.0,0.0,104.09962463378906,0.6725996419829287,105.08150373186383,1.6536568608403353,104.85126277378627,1.5209993086307194,-0.005284467890640188
2023-04-24,104.62527258627793,105.75592714410803,103.84174748622819,105.1013412475586,23542800,0.0,0.0,104.2087173461914,103.9171272277832,54.2257380004886,1.671417100337564,2.0541474369408266,2.176207207532603,0.005312541847450669,0.0,0.0,0.0,0.0,0.0,0.0,0.0,0.0,0.0,25800100.0,27820800.0,20905700.0,0.0,0.0,0.0,0.0,0.0,0.0,0.0,0.0,0.0,0.0,0.0,0.0,0.0,0.0,0.0,0.0,0.0,0.0,0.0,0.0,0.0,0.0,0.0,0.0,104.69139862060547,0.3599737103345291,104.87464250837054,1.524997694955115,104.9653205871582,1.4713006324045996,0.020414069430428228
2023-04-25,104.96249111597527,105.81544212100182,102.98879811509617,102.99871826171875,46664100,0.0,0.0,104.07978668212891,103.98605766296387,47.90965714813788,1.4314465690715679,1.929607263366975,2.1207475736098886,-0.020005672248152084,0.0,0.0,0.0,0.0,0.0,0.0,0.0,0.0,0.0,23542800.0,25800100.0,27820800.0,0.0,0.0,0.0,0.0,0.0,0.0,0.0,0.0,0.0,0.0,0.0,0.0,0.0,0.0,0.0,0.0,0.0,0.0,0.0,0.0,0.0,0.0,0.0,0.0,104.21533203125,1.089601020145095,104.1633780343192,0.8468926653969916,104.90368706839425,1.5376692783765573,0.001349868999882764
2023-04-26,104.05995143064801,105.4782297846258,101.78872203487352,102.85987091064453,53347600,0.0,0.0,103.98655700683594,104.11895942687988,48.16425425964808,1.2160465456968979,1.7868951198329597,1.9473130988669107,-0.0013480493099089497,0.0,0.0,0.0,0.0,0.0,0.0,0.0,0.0,0.0,46664100.0,23542800.0,25800100.0,0.0,0.0,0.0,0.0,0.0,0.0,0.0,0.0,0.0,0.0,0.0,0.0,0.0,0.0,0.0,0.0,0.0,0.0,0.0,0.0,0.0,0.0,0.0,0.0,103.65331013997395,1.2559519151311733,103.84316798618862,0.8568330864131402,104.84984643118722,1.5983146830810684,-0.0360627891059333
2023-04-27,103.59380098496241,107.48167377000753,102.69126435820809,106.70806121826172,50089200,0.0,0.0,104.44278564453126,104.42641754150391,47.98836623972258,1.3404059075272698,1.6975972773718218,1.8380101549608727,0.03741196905603883,0.0,0.0,0.0,0.0,0.0,0.0,0.0,0.0,0.0,53347600.0,46664100.0,23542800.0,0.0,0.0,0.0,0.0,0.0,0.0,0.0,0.0,0.0,0.0,0.0,0.0,0.0,0.0,0.0,0.0,0.0,0.0,0.0,0.0,0.0,0.0,0.0,0.0,104.18888346354167,2.182776229169956,104.2809807913644,1.3681442351634365,104.79104668753487,1.504468221487714,0.0023291632799284923
2023-04-28,106.16256199648849,106.47001841232823,104.22854218991014,106.46009826660156,36139800,0.0,0.0,104.82561798095703,104.74627342224122,52.38091361831469,1.4027826546120394,1.6386343528198652,1.5767632632421746,-0.002323750884696274,0.0,0.0,0.0,0.0,0.0,0.0,0.0,0.0,0.0,50089200.0,53347600.0,46664100.0,0.0,0.0,0.0,0.0,0.0,0.0,0.0,0.0,0.0,0.0,0.0,0.0,0.0,0.0,0.0,0.0,0.0,0.0,0.0,0.0,0.0,0.0,0.0,0.0,105.34267679850261,2.1537444634712886,104.72870635986328,1.5091005098361463,104.85480444771903,1.5578703163973036,0.0013059947022540097
2023-05-01,105.96419371928604,107.10476830411024,105.94436099528517,106.32124328613281,26681700,0.0,0.0,105.06959838867188,104.9183506011963,55.15319116658246,1.4245904477081694,1.5958255717975263,1.5499013025521493,-0.0013042913047198734,0.0,0.0,0.0,0.0,0.0,0.0,0.0,0.0,0.0,36139800.0,50089200.0,53347600.0,0.0,0.0,0.0,0.0,0.0,0.0,0.0,0.0,0.0,0.0,0.0,0.0,0.0,0.0,0.0,0.0,0.0,0.0,0.0,0.0,0.0,0.0,0.0,0.0,106.49646759033203,0.19595681650021532,104.99932425362724,1.612284375614809,104.9858638218471,1.601075049134338,0.017850256337142545
2023-05-02,106.26174573640694,106.3212514798493,102.85986201062076,104.4566650390625,30997200,0.0,0.0,105.36118774414062,104.96595726013183,51.77825618685259,1.276700391846731,1.5320005358073674,1.5184935254913399,-0.017537212596849927,0.0,0.0,0.0,0.0,0.0,0.0,0.0,0.0,0.0,26681700.0,36139800.0,50089200.0,0.0,0.0,0.0,0.0,0.0,0.0,0.0,0.0,0.0,0.0,0.0,0.0,0.0,0.0,0.0,0.0,0.0,0.0,0.0,0.0,0.0,0.0,0.0,0.0,105.74600219726562,1.1187550701739661,104.98657117571149,1.6168150587263714,105.03403745378766,1.5719555276222317,-0.0008538978015469878
2023-05-03,104.66494807746287,106.60888065380296,104.09962078519486,104.54593658447266,21795400,0.0,0.0,105.69840087890626,105.00017471313477,43.84898995577543,1.1534041990894792,1.4562812684637898,1.4998946862194078,0.0008546275661469593,0.0,0.0,0.0,0.0,0.0,0.0,0.0,0.0,0.0,30997200.0,26681700.0,36139800.0,0.0,0.0,0.0,0.0,0.0,0.0,0.0,0.0,0.0,0.0,0.0,0.0,0.0,0.0,0.0,0.0,0.0,0.0,0.0,0.0,0.0,0.0,0.0,0.0,105.10794830322266,1.0516919172782249,104.90722765241351,1.6238567524839007,104.89093508039203,1.513500491820485,0.006877502581662753
2023-05-04,104.62527054996112,104.73436945840507,103.117733691147,103.83183288574219,23419500,0.0,0.0,105.12315521240234,105.01108436584472,36.68789521803934,0.9866948732517073,1.3623639894213735,1.490039924625023,-0.006830525624049288,0.0,0.0,0.0,0.0,0.0,0.0,0.0,0.0,0.0,21795400.0,30997200.0,26681700.0,0.0,0.0,0.0,0.0,0.0,0.0,0.0,0.0,0.0,0.0,0.0,0.0,0.0,0.0,0.0,0.0,0.0,0.0,0.0,0.0,0.0,0.0,0.0,0.0,104.27814483642578,0.3890862631785874,105.02624402727399,1.485282018279391,104.59481103079659,1.244854677623239,-0.008335711189955242
2023-05-05,103.9607682679493,105.01207680519784,103.25658919423994,104.70462036132812,26639300,0.0,0.0,104.77205963134766,104.8697525024414,48.53801268242157,0.9144618396847761,1.272783559474054,1.3674277342215175,0.008405779338850339,0.0,0.0,0.0,0.0,0.0,0.0,0.0,0.0,0.0,23419500.0,21795400.0,30997200.0,0.0,0.0,0.0,0.0,0.0,0.0,0.0,0.0,0.0,0.0,0.0,0.0,0.0,0.0,0.0,0.0,0.0,0.0,0.0,0.0,0.0,0.0,0.0,0.0,104.36079661051433,0.4649162310029066,105.28977966308594,1.1662252588005226,104.56647382463727,1.236927473038422,-0.020413937632406953
2023-05-08,104.31783076530354,107.07504165468373,104.29799803644613,106.8865966796875,26511400,0.0,0.0,104.8851303100586,104.9357078552246,61.34639858557043,1.0215085785007858,1.2225285632794005,1.4330889481207099,0.020839350840770265,0.0,0.0,0.0,0.0,0.0,0.0,0.0,0.0,0.0,26639300.0,23419500.0,21795400.0,0.0,0.0,0.0,0.0,0.0,0.0,0.0,0.0,0.0,0.0,0.0,0.0,0.0,0.0,0.0,0.0,0.0,0.0,0.0,0.0,0.0,0.0,0.0,0.0,105.14101664225261,1.573444229930148,105.3152847290039,1.203760536930702,104.79813276018415,1.3493415686236692,0.003912580787760023
2023-05-09,107.50149988087897,109.2470748463162,106.31133960304034,106.47002410888672,36360100,0.0,0.0,105.28780212402344,105.03488845825196,60.92344199051143,1.0605051223126907,1.1901238750860585,1.4685592390811109,-0.0038973321608241074,0.0,0.0,0.0,0.0,0.0,0.0,0.0,0.0,0.0,26511400.0,26639300.0,23419500.0,0.0,0.0,0.0,0.0,0.0,0.0,0.0,0.0,0.0,0.0,0.0,0.0,0.0,0.0,0.0,0.0,0.0,0.0,0.0,0.0,0.0,0.0,0.0,0.0,106.02041371663411,1.1583899568296014,105.31670270647321,1.2053386458166502,105.02270453316825,1.3471177939976866,-0.03937351567508374
2023-05-10,107.0849334186618,112.01419380388454,107.04526040460696,110.83394622802734,63153400,0.0,0.0,106.54540405273437,105.3874740600586,68.14599215198189,1.4270915849764094,1.2375174170641288,1.9269590811658446,0.0409873309944746,0.0,0.0,0.0,0.0,0.0,0.0,0.0,0.0,0.0,36360100.0,26511400.0,26639300.0,0.0,0.0,0.0,0.0,0.0,0.0,0.0,0.0,0.0,0.0,0.0,0.0,0.0,0.0,0.0,0.0,0.0,0.0,0.0,0.0,0.0,0.0,0.0,0.0,108.06352233886719,2.4082814559152634,105.96137455531529,2.4234517139029674,105.48034940447126,2.039511016905127,-0.04134859496776255
2023-05-11,114.45403357017953,116.95337305517583,113.47215101180822,115.61444091796875,78900000,0.0,0.0,108.90192565917968,105.84072761535644,74.79993668265669,2.079390052813949,1.405891944214093,2.988419124200409,0.04313204440186702,0.0,0.0,0.0,0.0,0.0,1.0,9967.0,0.0,0.0,63153400.0,36360100.0,26511400.0,0.0,0.0,0.0,0.0,0.0,0.0,0.0,0.0,0.0,0.0,0.0,0.0,0.0,0.0,0.0,0.0,0.0,0.0,0.0,0.0,0.0,0.0,0.0,0.0,110.97280375162761,4.573789539697757,107.55534253801618,4.24992374876839,106.27095685686383,3.3644145555170257,-0.007999467924097448
2023-05-12,115.7235547629223,117.06248707301147,115.15822745124665,116.5467529296875,41102300,0.0,0.0,111.27035217285156,106.26918678283691,75.21849304268395,2.64112582139569,1.6529387196504124,3.8117799935186425,0.008063975436946036,0.0,0.0,0.0,0.0,0.0,0.0,0.0,0.0,0.0,78900000.0,63153400.0,36360100.0,0.0,0.0,0.0,0.0,0.0,0.0,0.0,0.0,0.0,0.0,0.0,0.0,0.0,0.0,0.0,1.0,0.0,0.0,9967.0,0.0,0.0,0.0,0.0,0.0,114.3317133585612,3.064813631589895,109.26974487304688,5.1572896676418285,107.08848626273019,4.314713044761166,0.00858311519015964
2023-05-15,115.15820905774291,117.5087841186648,115.05903030373587,115.554931640625,36266800,0.0,0.0,113.00401916503907,106.79186630249023,79.08996039248348,2.9720142458419616,1.9167538248887224,4.325329220357932,-0.008510072259678148,0.0,0.0,0.0,0.0,0.0,0.0,0.0,0.0,0.0,41102300.0,78900000.0,63153400.0,0.0,0.0,0.0,0.0,0.0,0.0,0.0,0.0,0.0,0.0,0.0,0.0,0.0,0.0,0.0,0.0,1.0,0.0,0.0,9967.0,0.0,0.0,0.0,0.0,115.90537516276042,0.5562458255593047,110.94447326660156,4.998091300223297,107.98535864693778,4.688044586353045,-0.025102647005077472
2023-05-16,115.5351086013426,119.76019074124378,115.47560285342378,118.53035736083984,45035600,0.0,0.0,115.41608581542968,107.53621559143066,82.08762113535415,3.4347441031222417,2.2203518805354263,4.98555292012746,0.02574901545066366,0.0,0.0,0.0,0.0,0.0,0.0,0.0,0.0,0.0,36266800.0,41102300.0,78900000.0,0.0,0.0,0.0,0.0,0.0,0.0,0.0,0.0,0.0,0.0,0.0,0.0,0.0,0.0,0.0,0.0,0.0,1.0,0.0,0.0,9967.0,0.0,0.0,0.0,116.87734731038411,1.5150112334694497,112.9195785522461,4.85091205957368,109.10467910766602,5.211651028780717,-0.011006114048051074
2023-05-17,118.62952082286563,120.67263195090871,117.91542167256014,119.84943389892578,33323600,0.0,0.0,117.21918334960938,108.36238632202148,80.01799198063753,3.863364836472641,2.5489544717228694,5.58427044244934,0.011128596651997835,0.0,0.0,0.0,0.0,0.0,0.0,0.0,0.0,0.0,45035600.0,36266800.0,41102300.0,0.0,0.0,0.0,0.0,0.0,0.0,0.0,0.0,0.0,0.0,0.0,0.0,0.0,0.0,0.0,0.0,0.0,0.0,0.0,0.0,0.0,0.0,0.0,0.0,117.97824096679688,2.199843584454245,114.7714124407087,4.633376926468335,110.0433485848563,5.886539773650853,-0.016201429857693683
2023-05-18,119.95854884860573,122.29920412469264,119.83953735220288,121.8231430053711,35234200,0.0,0.0,118.46092376708984,109.23219757080078,82.52827797921526,4.3125987319311605,2.901683323764528,6.253715016956935,0.016468238874701946,0.0,0.0,0.0,0.0,0.0,0.0,0.0,0.0,0.0,33323600.0,45035600.0,36266800.0,0.0,0.0,0.0,0.0,0.0,0.0,0.0,0.0,0.0,0.0,0.0,0.0,0.0,0.0,0.0,0.0,0.0,0.0,0.0,0.0,0.0,0.0,0.0,0.0,120.06764475504558,1.6572028567749422,116.96471514020648,3.557829606559885,111.14070892333984,6.560561856565601,0.0005702916226097976
2023-05-19,122.53723296740392,124.93739380984856,121.1487076020142,121.75370788574219,41353400,0.0,0.0,119.50231475830078,110.09258613586425,82.77159856572291,4.60987720194187,3.2433220993999963,6.739873056864481,-0.0005699665754465011,0.0,0.0,0.0,0.0,0.0,0.0,0.0,0.0,0.0,35234200.0,33323600.0,45035600.0,0.0,0.0,0.0,0.0,0.0,0.0,0.0,0.0,0.0,0.0,0.0,0.0,0.0,0.0,0.0,0.0,0.0,0.0,0.0,0.0,0.0,0.0,0.0,0.0,121.14209493001302,1.1200154976280885,118.5246810913086,2.7160810229062,112.24302782331195,6.972085191379789,-0.018312708685801482
2023-05-22,121.93223602252743,125.39362560112353,121.73387092669454,124.02494049072266,35253000,0.0,0.0,121.19631652832031,111.03876609802246,90.84869826132243,4.971434419561888,3.588944563432375,7.306755092122207,0.018654319810217812,0.0,0.0,0.0,0.0,0.0,0.0,0.0,0.0,0.0,41353400.0,35234200.0,33323600.0,0.0,0.0,0.0,0.0,0.0,0.0,0.0,0.0,0.0,0.0,0.0,0.0,0.0,0.0,0.0,0.0,0.0,0.0,0.0,0.0,0.0,0.0,0.0,0.0,122.53393046061198,1.291719199894693,119.72618103027344,3.0534329753284384,113.64076178414481,7.247091790435583,0.020316709849884873
2023-05-23,123.14222636559451,123.60836727655007,121.20820656831121,121.55533599853516,34046300,0.0,0.0,121.80131225585937,111.96659698486329,82.29738225963001,5.001045734051942,3.8713647975562884,7.409535817976395,-0.019912160267250734,0.0,0.0,0.0,0.0,0.0,0.0,0.0,0.0,0.0,35253000.0,41353400.0,35234200.0,0.0,0.0,0.0,0.0,0.0,0.0,0.0,0.0,0.0,0.0,0.0,0.0,0.0,0.0,0.0,0.0,0.0,0.0,0.0,0.0,0.0,0.0,0.0,0.0,122.44466145833333,1.3721513096465157,120.44169289725167,2.7566302447478392,114.85571888514927,7.027546685544276,0.013730358876113069
2023-05-24,120.12714097229151,120.91066598216418,118.8774675012544,119.90894317626953,34182600,0.0,0.0,121.81321411132812,112.81905059814453,79.4833121458275,4.83591732814061,4.064275303673153,7.2863898349016205,-0.013544389546876534,0.0,0.0,0.0,0.0,0.0,0.0,0.0,0.0,0.0,34046300.0,35253000.0,41353400.0,0.0,0.0,0.0,0.0,0.0,0.0,0.0,0.0,0.0,0.0,0.0,0.0,0.0,0.0,0.0,0.0,0.0,0.0,0.0,0.0,0.0,0.0,0.0,0.0,121.82973988850911,2.0716736215606035,121.06369454520089,1.7930070725426657,116.00408390590123,6.370424352147222,-0.02089408992556052
2023-05-25,123.49926443779586,124.29270959603248,120.96025203840478,122.4677963256836,42317000,0.0,0.0,121.94214477539063,113.60703735351562,80.67818237446843,4.855558089523555,4.222531860843233,7.441256614584509,0.021339969160202532,0.0,0.0,0.0,0.0,0.0,0.0,0.0,0.0,0.0,34182600.0,34046300.0,35253000.0,0.0,0.0,0.0,0.0,0.0,0.0,0.0,0.0,0.0,0.0,0.0,0.0,0.0,0.0,0.0,0.0,0.0,0.0,0.0,0.0,0.0,0.0,0.0,0.0,121.3106918334961,1.2968501978568405,121.62618582589286,1.4507570212038623,117.27288218906948,5.678121291595587,-0.009068339231126488
2023-05-26,122.16034076709491,124.23321241314245,121.44624158887478,123.58853912353516,35635900,0.0,0.0,122.30911102294922,114.46345939636231,79.9429633611404,4.905016138988117,4.35902871647221,7.560131456115621,0.009151326564831086,0.0,0.0,0.0,0.0,0.0,0.0,0.0,0.0,0.0,42317000.0,34182600.0,34046300.0,0.0,0.0,0.0,0.0,0.0,0.0,0.0,0.0,0.0,0.0,0.0,0.0,0.0,0.0,0.0,0.0,0.0,0.0,0.0,0.0,0.0,0.0,0.0,0.0,121.9884262084961,1.8860549742045611,122.16034371512276,1.3738562581188019,118.46587807791573,5.047627358755499,0.007600891197308668
2023-05-30,124.61009496844295,124.62993526057318,120.99993361988649,122.65624237060547,35076700,0.0,0.0,122.03537139892578,115.28020935058593,78.49152678033768,4.813496452278059,4.44992226363338,7.516440104212666,-0.00754355346815605,0.0,0.0,0.0,-0.5838,-0.5838,1.0,1563.0,0.0,0.0,35635900.0,42317000.0,34182600.0,0.0,0.0,0.0,0.0,0.0,0.0,0.0,0.0,0.0,0.0,0.0,0.0,0.0,0.0,0.0,0.0,0.0,0.0,0.0,0.0,0.0,0.0,0.0,0.0,122.90419260660808,0.6001046528594456,122.27935791015625,1.3758601319022927,119.62203652518136,3.784237072523103,0.006510880182450052
2023-05-31,121.74378917189807,123.04304837018027,121.49583848112029,121.86280822753906,37325800,0.0,0.0,122.09686584472657,116.15051651000977,72.20442308206286,4.623644441850018,4.484666699276708,7.198221163449023,-0.006468762842652964,0.0,0.0,0.0,0.0,0.0,0.0,0.0,0.0,0.0,35076700.0,35635900.0,42317000.0,0.0,0.0,0.0,0.0,0.0,0.0,0.0,0.0,0.0,-0.5838,0.0,0.0,-0.5838,0.0,0.0,1.0,0.0,0.0,1563.0,0.0,0.0,0.0,0.0,0.0,122.70252990722656,0.8637960890064792,122.29494367327008,1.3695164531802348,120.40981238228935,2.8456188783451397,-0.006870294458866888
2023-06-01,121.81320947582672,123.40009231065325,121.61485195904373,122.7058334350586,30772700,0.0,0.0,122.65624389648437,117.05851135253906,66.96719566829339,4.489458758589166,4.4856251111392,6.791210195613314,0.006917821932557633,0.0,0.0,0.0,0.0,0.0,0.0,0.0,0.0,0.0,37325800.0,35076700.0,35635900.0,0.0,0.0,0.0,0.0,0.0,0.0,0.0,0.0,0.0,0.0,-0.5838,0.0,0.0,-0.5838,0.0,0.0,1.0,0.0,0.0,1563.0,0.0,0.0,0.0,0.0,122.40829467773438,0.47305540788321787,122.10649980817523,1.167676872333268,120.91634041922433,2.541232960493039,-0.007620074936464882
2023-06-02,122.97361463292732,125.1159120966453,122.74550424940523,123.64804077148438,26980100,0.0,0.0,122.89229278564453,118.04932174682617,66.98282996807714,4.40832744089353,4.470165577090066,6.177774051726908,0.007678586339780136,0.0,0.0,0.0,0.0,0.0,0.0,0.0,0.0,0.0,30772700.0,37325800.0,35076700.0,0.0,0.0,0.0,0.0,0.0,0.0,0.0,0.0,0.0,0.0,0.0,-0.5838,0.0,0.0,-0.5838,0.0,0.0,1.0,0.0,0.0,1563.0,0.0,0.0,0.0,122.73889414469402,0.8930753422196498,122.40545763288226,1.2667380812490747,121.42357526506696,2.299148936447116,-0.010634213611566357
2023-06-05,122.99346805796284,126.38543183753264,122.82485583017811,124.9770736694336,32305500,0.0,0.0,123.16999969482421,119.06294441223145,72.17551817076696,4.400545386798669,4.456241539031787,5.498789464515327,0.010748515622705401,0.0,0.0,0.0,0.0,0.0,0.0,0.0,0.0,0.0,26980100.0,30772700.0,37325800.0,0.0,0.0,0.0,0.0,0.0,0.0,0.0,0.0,0.0,0.0,0.0,0.0,0.0,0.0,0.0,0.0,0.0,0.0,0.0,0.0,0.0,0.0,0.0,0.0,123.77698262532552,1.1410970825544344,123.12947627476284,1.027858278959641,122.09658540998187,1.7664456176714018,-0.010211304029633328
2023-06-06,124.97707929168565,127.23838101293813,124.33240592558523,126.26641845703125,26638300,0.0,0.0,123.89203491210938,120.03193550109863,69.77683741769737,4.447153385742979,4.454423908374025,4.916913588669591,0.010316650484295975,0.0,0.0,0.0,0.0,0.0,0.0,0.0,0.0,0.0,32305500.0,26980100.0,30772700.0,0.0,0.0,0.0,0.0,0.0,0.0,0.0,0.0,0.0,0.0,0.0,0.0,0.0,0.0,0.0,0.0,0.0,0.0,0.0,0.0,0.0,0.0,0.0,0.0,124.9638442993164,1.3092389729217346,123.67213657924107,1.509976837970287,122.64916120256696,1.7750201865058646,0.0392654782026991
2023-06-07,125.92918585387761,127.98220950527097,121.11894443175632,121.4958267211914,52539000,0.0,0.0,123.81863861083984,120.78322563171386,53.57757445902689,4.05242978905693,4.374025084510606,3.743580788055685,-0.03778195179792232,0.0,0.0,0.0,0.0,0.0,0.0,0.0,0.0,0.0,26638300.0,32305500.0,26980100.0,0.0,0.0,0.0,0.0,0.0,0.0,0.0,0.0,0.0,0.0,0.0,0.0,0.0,0.0,0.0,0.0,0.0,0.0,0.0,0.0,0.0,0.0,0.0,0.0,124.24643961588542,2.4677937449609497,123.37317766462054,1.721621393844924,122.76676068987165,1.6233192280945465,0.00294742970450379
2023-06-08,121.22804486245556,122.21984754210081,120.24615476147191,121.13877868652344,29389200,0.0,0.0,123.5052276611328,121.29846725463867,48.40051282874266,3.6685094095253277,4.232921949513551,2.9209076089423998,-0.0029387678927221828,0.0,0.0,0.0,0.0,0.0,1.0,3.0,0.0,0.0,52539000.0,26638300.0,32305500.0,0.0,0.0,0.0,0.0,0.0,0.0,0.0,0.0,0.0,0.0,0.0,0.0,0.0,0.0,0.0,0.0,0.0,0.0,0.0,0.0,0.0,0.0,0.0,0.0,122.96700795491536,2.8629448249780736,123.1563971383231,1.9119565608695233,122.71787752423968,1.6637216456877977,-0.0007364563648030176
2023-06-09,121.2478905876319,122.74551491320051,120.9106812724846,121.22805786132812,23778300,0.0,0.0,123.02123107910157,121.57914810180664,48.77259628540156,3.333032699796661,4.052944099570173,2.5978076917900363,0.0007369991325050229,0.0,0.0,0.0,0.0,0.0,0.0,0.0,0.0,0.0,29389200.0,52539000.0,26638300.0,0.0,0.0,0.0,0.0,0.0,0.0,0.0,0.0,0.0,0.0,0.0,0.0,0.0,0.0,0.0,1.0,0.0,0.0,3.0,0.0,0.0,0.0,0.0,0.0,121.28755442301433,0.185810939945585,123.06571851457868,1.9967068367431533,122.68033109392438,1.6928312547208475,-0.011404040341195465
2023-06-12,121.78346450999771,123.03313813403905,120.66273009040363,122.62649536132812,28306400,0.0,0.0,122.55111541748047,121.88313522338868,46.59584876183811,3.143767810980222,3.8711088418521826,2.3186573131295263,0.011535592705771647,0.0,0.0,0.0,0.0,0.0,0.0,0.0,0.0,0.0,23778300.0,29389200.0,52539000.0,0.0,0.0,0.0,0.0,0.0,0.0,0.0,0.0,0.0,0.0,0.0,0.0,0.0,0.0,0.0,0.0,1.0,0.0,0.0,3.0,0.0,0.0,0.0,0.0,121.66444396972656,0.8343559509132852,123.05438450404576,1.9993136172491792,122.5804421561105,1.6480534951655497,-0.0015343281939126374
2023-06-13,123.95550842884325,124.1340332227792,122.17026048948374,122.81493377685547,22278300,0.0,0.0,121.8608184814453,122.24613533020019,53.449228249333544,2.9746890644455277,3.691824886370852,1.7819854300793856,0.0015366859745284955,0.0,0.0,0.0,0.0,0.0,0.0,0.0,0.0,0.0,28306400.0,23778300.0,29389200.0,0.0,0.0,0.0,0.0,0.0,0.0,0.0,0.0,0.0,0.0,0.0,0.0,0.0,0.0,0.0,0.0,0.0,1.0,0.0,0.0,3.0,0.0,0.0,0.0,122.22316233317058,0.8669209545981634,122.93536921909877,1.982813071591049,122.67041342599052,1.6219613073328543,0.0012937898893927713
2023-06-14,122.09091511456377,123.03313225253616,120.45443908912067,122.65624237060547,30592300,0.0,0.0,122.09290161132813,122.45242958068847,58.190417529468704,2.7956612270386216,3.512592154504406,1.5533326633675413,-0.0012921181599815368,0.0,0.0,0.0,0.0,0.0,0.0,0.0,0.0,0.0,22278300.0,28306400.0,23778300.0,0.0,0.0,0.0,0.0,0.0,0.0,0.0,0.0,0.0,0.0,0.0,0.0,0.0,0.0,0.0,0.0,0.0,0.0,0.0,0.0,0.0,0.0,0.0,0.0,122.69922383626302,0.10130554724876031,122.60382189069476,1.766784998213076,122.8666490827288,1.4151712342535818,-0.011351854416435048
2023-06-15,122.13059332494937,124.43157546435972,121.39666138886585,124.06460571289062,35246300,0.0,0.0,122.67806701660156,122.66318817138672,55.111120228067165,2.735885937548403,3.3572509111132054,1.4650156562754388,0.01148219866404987,0.0,0.0,0.0,0.0,0.0,0.0,0.0,0.0,0.0,30592300.0,22278300.0,28306400.0,0.0,0.0,0.0,0.0,0.0,0.0,0.0,0.0,0.0,0.0,0.0,0.0,0.0,0.0,0.0,0.0,0.0,0.0,0.0,0.0,0.0,0.0,0.0,0.0,123.17859395345052,0.7714002651044831,122.28927721296039,1.0611222570842607,122.98070689610073,1.4445950475488512,0.01262856118394895
2023-06-16,124.89771540429278,125.07624019452584,122.26943671297158,122.51738739013672,45535600,0.0,0.0,122.93593292236328,122.697900390625,46.66253994787403,2.5344504349925217,3.1926908158890686,1.4522329415346453,-0.012471069519492617,0.0,0.0,0.0,0.0,0.0,0.0,0.0,0.0,0.0,35246300.0,30592300.0,22278300.0,0.0,0.0,0.0,0.0,0.0,0.0,0.0,0.0,0.0,0.0,0.0,0.0,0.0,0.0,0.0,0.0,0.0,0.0,0.0,0.0,0.0,0.0,0.0,0.0,123.07941182454427,0.8560230280931376,122.43521445138114,1.0024361570706195,122.90419605800084,1.438277904548957,0.0034930980397058775
2023-06-20,121.9223072208865,123.5488630569753,121.13878217339122,122.09091186523438,26097500,0.0,0.0,122.82881622314453,122.7147605895996,48.181233116043806,2.3137271311745735,3.01689807894617,1.4426196943969818,-0.0034809387792795743,0.0,0.0,0.0,0.0,0.0,0.0,0.0,0.0,0.0,45535600.0,35246300.0,30592300.0,0.0,0.0,0.0,0.0,0.0,0.0,0.0,0.0,0.0,0.0,0.0,0.0,0.0,0.0,0.0,0.0,0.0,0.0,0.0,0.0,0.0,0.0,0.0,0.0,122.8909683227539,1.038527267807445,122.57123347691127,0.8502509281869625,122.86381530761719,1.453629012463093,0.021152997340919466
2023-06-21,121.39665450345422,121.65452532950529,119.11550521954592,119.56182098388672,30306300,0.0,0.0,122.17819366455078,122.49160461425781,43.34098896784943,1.9126776674926163,2.7960539966554596,1.5689481066848459,-0.020714816874652375,0.0,0.0,0.0,0.9896,0.9895999999999999,1.0,3.0,1.0,0.0,26097500.0,45535600.0,35246300.0,0.0,0.0,0.0,0.0,0.0,0.0,0.0,0.0,0.0,0.0,0.0,0.0,0.0,0.0,0.0,0.0,0.0,0.0,0.0,0.0,0.0,0.0,0.0,0.0,121.39004007975261,1.5975791499017293,122.33319963727679,1.365856379864203,122.69945907592773,1.6868827583038428,-0.021112545147472073
2023-06-22,119.01633780765464,122.22977680974192,117.8559303300752,122.14051818847656,26952200,0.0,0.0,122.075048828125,122.52086372375489,48.51333895919883,1.7823762673387904,2.593318450792126,1.5559716192063802,0.021567898375664418,0.0,0.0,0.0,0.0,0.0,0.0,0.0,0.0,0.0,30306300.0,26097500.0,45535600.0,0.0,0.0,0.0,0.0,0.0,0.0,0.0,0.0,0.0,0.9896,0.0,0.0,0.9895999999999999,0.0,0.0,1.0,0.0,0.0,3.0,0.0,0.0,1.0,0.0,0.0,121.26441701253255,1.4747000116619822,122.26377432686942,1.3608053096961545,122.65907941545758,1.6934716678811632,0.006620953359687931
2023-06-23,120.3850207964695,121.78346637257002,120.06764420404919,121.33715057373047,34913600,0.0,0.0,121.52955780029296,122.59227409362794,43.8781371482576,1.5958899900608827,2.3938327586458774,1.4595775339098964,-0.00657740467013912,0.0,0.0,0.0,0.0,0.0,0.0,0.0,0.0,0.0,26952200.0,30306300.0,26097500.0,0.0,0.0,0.0,0.0,0.0,0.0,0.0,0.0,0.0,0.0,0.9896,0.0,0.0,0.9895999999999999,0.0,0.0,1.0,0.0,0.0,3.0,0.0,0.0,1.0,0.0,121.01316324869792,1.3195247850363327,122.0526624407087,1.375598281149458,122.49401582990374,1.702261148859701,0.03380089317977819
2023-06-26,119.77011027896118,120.99994365310945,117.30051581692196,117.36994171142578,33969900,0.0,0.0,120.50006866455078,122.33738136291504,32.31907177263594,1.115123225513301,2.138090852019362,1.8699116174508297,-0.03269574770419559,0.0,0.0,0.0,0.0,0.0,0.0,0.0,0.0,0.0,34913600.0,26952200.0,30306300.0,0.0,0.0,0.0,0.0,0.0,0.0,0.0,0.0,0.0,0.0,0.0,0.9896,0.0,0.0,0.9895999999999999,0.0,0.0,1.0,0.0,0.0,3.0,0.0,0.0,1.0,120.28253682454427,2.5541647560065335,121.29747663225446,2.195641487366011,121.95064926147461,2.031049508837061,8.451099952910823e-05
2023-06-27,116.1202700370029,118.10387557545451,115.14829999374557,117.36002349853516,39535900,0.0,0.0,119.55389099121093,122.02595558166504,27.99023513578841,0.7249549545344394,1.8554636725223776,2.148485328245948,-8.450385802361016e-05,0.0,0.0,0.0,0.0,0.0,0.0,0.0,0.0,0.0,33969900.0,34913600.0,26952200.0,0.0,0.0,0.0,0.0,0.0,0.0,0.0,0.0,0.0,0.0,0.0,0.0,0.0,0.0,0.0,0.0,0.0,0.0,0.0,0.0,0.0,0.0,0.0,0.0,118.6890385945638,2.2933376078087573,120.33967917306083,2.2490720778330107,121.3144781930106,1.9691680739425417,-0.015393543973452606
2023-06-28,116.1301803056411,119.4031324056984,115.89214976448287,119.19485473632812,27091400,0.0,0.0,119.48049774169922,121.85288619995117,43.348663813465386,0.5573742716879337,1.595845792355489,2.2328009934478388,0.015634209870585725,0.0,0.0,0.0,0.0,0.0,0.0,0.0,0.0,0.0,39535900.0,33969900.0,34913600.0,0.0,0.0,0.0,0.0,0.0,0.0,0.0,0.0,0.0,0.0,0.0,0.0,0.0,0.0,0.0,0.0,0.0,0.0,0.0,0.0,0.0,0.0,0.0,0.0,117.97493998209636,1.0564888065804072,119.86503165108817,2.0551208110938735,121.15012305123466,2.0473404413700136,0.009067985574360948
2023-06-29,118.26256241740738,119.07584040154654,117.33027294139967,118.12371063232422,24090900,0.0,0.0,118.67713623046875,121.66593132019042,41.63000119876701,0.3342796284353682,1.343532559571465,2.3833878439238774,-0.008986496156846657,0.0,0.0,0.0,0.0,0.0,0.0,0.0,0.0,0.0,27091400.0,39535900.0,33969900.0,0.0,0.0,0.0,0.0,0.0,0.0,0.0,0.0,0.0,0.0,0.0,0.0,0.0,0.0,0.0,0.0,0.0,0.0,0.0,0.0,0.0,0.0,0.0,0.0,118.2261962890625,0.9216989205655721,119.29828861781529,1.8784036569858318,120.93476104736328,2.201407763124132,-0.0050123686539435
2023-06-30,119.18492133931473,120.08746537309688,118.708860309926,118.7187728881836,29532200,0.0,0.0,118.15346069335938,121.46657829284668,43.224354803953595,0.20315027731248847,1.1154561031196697,2.457424073907009,0.005037619057799425,0.0,0.0,0.0,0.0,0.0,0.0,0.0,0.0,0.0,24090900.0,27091400.0,39535900.0,0.0,0.0,0.0,0.0,0.0,0.0,0.0,0.0,0.0,0.0,0.0,0.0,0.0,0.0,0.0,0.0,0.0,0.0,0.0,0.0,0.0,0.0,0.0,0.0,118.67911275227864,0.5366722628097619,119.17785317557198,1.8857031444597248,120.75552640642438,2.2765591364605857,-0.001668280220777807
2023-07-03,118.26256653867198,119.20478376097655,117.84601116890617,118.91716003417969,14467900,0.0,0.0,118.46290435791016,121.23003425598145,39.289836810940365,0.11392425856561772,0.9151497342088593,2.464072600025439,0.0016710680305207504,0.0,0.0,0.0,0.0,0.0,0.0,0.0,0.0,0.0,29532200.0,24090900.0,27091400.0,0.0,0.0,0.0,0.0,0.0,0.0,0.0,0.0,0.0,0.0,0.0,0.0,0.0,0.0,0.0,0.0,0.0,0.0,0.0,0.0,0.0,0.0,0.0,0.0,118.5865478515625,0.4129201902995882,118.71737343924386,1.3626899816448408,120.49057388305664,2.2578350395706335,-0.015194976952341066
2023-07-05,118.26255664547801,121.60493460466255,118.25264406620929,120.75198364257812,27584800,0.0,0.0,119.14129638671875,121.01877975463867,44.560671560275274,0.1890872467294571,0.7699372367129789,2.301682228307049,0.015429426735982021,0.0,0.0,0.0,0.0,0.0,0.0,0.0,0.0,0.0,14467900.0,29532200.0,24090900.0,0.0,0.0,0.0,0.0,0.0,0.0,0.0,0.0,0.0,0.0,0.0,0.0,0.0,0.0,0.0,0.0,0.0,0.0,0.0,0.0,0.0,0.0,0.0,0.0,119.46263885498047,1.1210026096766765,118.63377816336495,1.181032963873832,120.34322030203683,2.159653656591699,0.013654019691289987
2023-07-06,118.81798603868302,119.31388747028545,117.42946051682516,119.12544250488281,24745200,0.0,0.0,119.12741394042969,120.66173095703125,41.35926412340191,0.1160682179621233,0.6391634329628078,1.9755667759030953,-0.013470098698418198,0.0,0.0,0.0,0.0,0.0,0.0,0.0,0.0,0.0,27584800.0,14467900.0,29532200.0,0.0,0.0,0.0,0.0,0.0,0.0,0.0,0.0,0.0,0.0,0.0,0.0,0.0,0.0,0.0,0.0,0.0,0.0,0.0,0.0,0.0,0.0,0.0,0.0,119.5981953938802,1.0046222618598941,118.88456399100167,1.0466796468360444,120.09102031162807,2.0731951352529103,0.005272947461742117
2023-07-07,119.1155079508008,120.05772509699975,118.42124905726847,118.50059509277344,21709500,0.0,0.0,119.20279083251953,120.51196937561035,35.840492503257934,0.007691484851235941,0.5128690433404934,2.021992757152784,-0.005245289326700875,0.0,0.0,0.0,0.0,0.0,0.0,0.0,0.0,0.0,24745200.0,27584800.0,14467900.0,0.0,0.0,0.0,0.0,0.0,0.0,0.0,0.0,0.0,0.0,0.0,0.0,0.0,0.0,0.0,0.0,0.0,0.0,0.0,0.0,0.0,0.0,0.0,0.0,119.45934041341145,1.1622407067972786,119.04750279017857,0.8377146226789327,119.69359098161969,1.7629644029217266,0.02601977498406849
2023-07-10,117.33027117785484,117.34018375745839,115.18797355416356,115.49542999267578,35315200,0.0,0.0,118.55812225341796,120.22980194091797,33.36467429260527,-0.31703498337564895,0.346888237997265,2.3040130634435902,-0.025359915684346812,0.0,0.0,0.0,0.0,0.0,0.0,0.0,0.0,0.0,21709500.0,24745200.0,27584800.0,0.0,0.0,0.0,0.0,0.0,0.0,0.0,0.0,0.0,0.0,0.0,0.0,0.0,0.0,0.0,0.0,0.0,0.0,0.0,0.0,0.0,0.0,0.0,0.0,117.70715586344402,1.9407233362003802,118.51901354108539,1.5732660874847624,119.19202259608677,1.8919526546118666,-0.0058903011929276605
2023-07-11,115.33673304046103,116.74509101139748,114.40443611219281,116.17976379394531,23078800,0.0,0.0,118.0106430053711,119.97738723754883,36.16525709730849,-0.5132466426159397,0.17486126187462409,2.4601356209258474,0.005925202419809317,0.0,0.0,0.0,0.0,0.0,0.0,0.0,0.0,0.0,35315200.0,21709500.0,24745200.0,0.0,0.0,0.0,0.0,0.0,0.0,0.0,0.0,0.0,0.0,0.0,0.0,0.0,0.0,0.0,0.0,0.0,0.0,0.0,0.0,0.0,0.0,0.0,0.0,116.72526295979817,1.5750972429248407,118.24130684988839,1.8086355371591225,118.76979773385185,1.854466820141083,-0.01505102126616975
2023-07-12,117.82617700118566,119.34363409167489,117.4393745101533,117.95510864257812,30404400,0.0,0.0,117.45126800537109,119.74381790161132,46.10204301477298,-0.5195018105900289,0.03598864738169348,2.4167597093717794,0.015281016165444639,0.0,0.0,0.0,0.0,0.0,0.0,0.0,0.0,0.0,23078800.0,35315200.0,21709500.0,0.0,0.0,0.0,0.0,0.0,0.0,0.0,0.0,0.0,0.0,0.0,0.0,0.0,0.0,0.0,0.0,0.0,0.0,0.0,0.0,0.0,0.0,0.0,0.0,116.5434341430664,1.2695262334104425,118.13221195765904,1.7980359083000381,118.65503256661552,1.8513952390925084,-0.04504556700336848
2023-07-13,119.93868839294677,123.8067200357482,119.46261981683215,123.51909637451172,44297900,0.0,0.0,118.32999877929687,119.77902603149414,52.92133999474235,-0.07463146146287158,0.013864625612780469,2.468432327405012,0.04717038368209492,0.0,0.0,0.0,0.0,0.0,0.0,0.0,0.0,0.0,30404400.0,23078800.0,35315200.0,0.0,0.0,0.0,0.0,0.0,0.0,0.0,0.0,0.0,0.0,0.0,0.0,0.0,0.0,0.0,0.0,0.0,0.0,0.0,0.0,0.0,0.0,0.0,0.0,119.21798960367839,3.8291777085259295,118.78963143484933,2.7317447544255464,118.75350243704659,2.0742819814071614,-0.007016556066975044
2023-07-14,123.77698624657505,125.74075145445121,122.47771949840582,124.39189910888672,33283100,0.0,0.0,119.50825958251953,119.86580886840821,56.45431274059076,0.34438947420183297,0.07996959533059096,2.601817218134195,0.007066136006441015,0.0,0.0,0.0,0.0,0.0,0.0,0.0,0.0,0.0,44297900.0,30404400.0,23078800.0,0.0,0.0,0.0,0.0,0.0,0.0,0.0,0.0,0.0,0.0,0.0,0.0,0.0,0.0,0.0,0.0,0.0,0.0,0.0,0.0,0.0,0.0,0.0,0.0,121.95536804199219,3.4917048271915427,119.3096193586077,3.425795314920607,118.97169876098633,2.486643382197917,0.006177288513586898
2023-07-17,124.9076384065508,126.05812564014278,123.18189620588134,123.62821197509766,25716200,0.0,0.0,121.1348159790039,119.84398918151855,65.2932604681548,0.6078366527343064,0.18554300681133407,2.5663394380680296,-0.006139363891539018,0.0,0.0,0.0,0.0,0.0,0.0,0.0,0.0,0.0,33283100.0,44297900.0,30404400.0,0.0,0.0,0.0,0.0,0.0,0.0,0.0,0.0,0.0,0.0,0.0,0.0,0.0,0.0,0.0,0.0,0.0,0.0,0.0,0.0,0.0,0.0,0.0,0.0,123.84640248616536,0.4755538640601361,119.95287214006696,3.7889387987966177,119.41871806553432,2.7274115804523418,0.007191348304151912
2023-07-18,123.57861693621366,123.65796296956178,121.95206108684837,122.7455062866211,26193600,0.0,0.0,122.44796447753906,119.85539512634277,62.62202967836163,0.736898955321621,0.29581419651339147,2.579320654481845,-0.0071400020624285965,0.0,0.0,0.0,0.0,0.0,0.0,0.0,0.0,0.0,25716200.0,33283100.0,44297900.0,0.0,0.0,0.0,0.0,0.0,0.0,0.0,0.0,0.0,0.0,0.0,0.0,0.0,0.0,0.0,0.0,0.0,0.0,0.0,0.0,0.0,0.0,0.0,0.0,123.58853912353516,0.8239130916939301,120.55928802490234,3.8568523133702417,119.80339540754046,2.793697362923072,0.014176918962036433
2023-07-19,123.57861089837822,124.15385826176514,120.80156796856357,121.02967834472656,37224000,0.0,0.0,123.06287841796875,119.80233345031738,54.32442365952109,0.6927432716098849,0.37520001153269017,2.54155050988831,-0.013978743448969322,0.0,0.0,0.0,0.0,0.0,0.0,0.0,0.0,0.0,26193600.0,25716200.0,33283100.0,0.0,0.0,0.0,0.0,0.0,0.0,0.0,0.0,0.0,0.0,0.0,0.0,0.0,0.0,0.0,0.0,0.0,0.0,0.0,0.0,0.0,0.0,0.0,0.0,122.46779886881511,1.3213384556842351,121.34989493233817,3.1478842765349677,119.93445423671177,2.8059642889676923,0.023741538787186878
2023-07-20,120.42468845421087,123.0727999886977,117.25092267132642,118.22288513183594,37906800,0.0,0.0,122.00363616943359,119.73538665771484,50.216063531554184,0.4263501204187037,0.3854300333098929,2.565738574033716,-0.023190949949450368,0.0,0.0,0.0,0.0,0.0,0.0,0.0,0.0,0.0,37224000.0,26193600.0,25716200.0,0.0,0.0,0.0,0.0,0.0,0.0,0.0,0.0,0.0,0.0,0.0,0.0,0.0,0.0,0.0,0.0,0.0,0.0,0.0,0.0,0.0,0.0,0.0,0.0,120.66602325439453,2.283135847024853,121.64176940917969,2.6428094849790944,119.94153812953404,2.8011623485880532,-0.00683225796899678
2023-07-21,119.63125870411923,119.99822090421563,117.7567519823055,119.03617095947266,72937900,0.0,0.0,120.93249053955078,119.58016929626464,50.68497661641771,0.27765634866536004,0.36387529638098637,2.5057793251632803,0.006879258840027269,0.0,0.0,0.0,0.0,0.0,0.0,0.0,0.0,0.0,37906800.0,37224000.0,26193600.0,0.0,0.0,0.0,0.0,0.0,0.0,0.0,0.0,0.0,0.0,0.0,0.0,0.0,0.0,0.0,0.0,0.0,0.0,0.0,0.0,0.0,0.0,0.0,0.0,119.42957814534505,1.4441602907583146,121.79620688302177,2.41306758377526,119.9642094203404,2.7917732935580304,-0.012424831966166172
2023-07-24,120.66272215495184,121.99173416334048,119.98829600487059,120.53378295898438,29686100,0.0,0.0,120.31360473632813,119.54000091552734,53.30357794326105,0.27746182832206046,0.34659260276920123,2.4824626602803557,0.012581150648919959,0.0,0.0,0.0,0.0,0.0,0.0,0.0,0.0,0.0,72937900.0,37906800.0,37224000.0,0.0,0.0,0.0,0.0,0.0,0.0,0.0,0.0,0.0,0.0,0.0,0.0,0.0,0.0,0.0,0.0,0.0,0.0,0.0,0.0,0.0,0.0,0.0,0.0,119.26427968343098,1.172214734738538,121.36973353794643,2.319826873888084,120.07968248639789,2.7785358732639223,-0.005564233858330603
2023-07-25,120.36518297759501,122.14051081744289,120.02796610605938,121.20821380615234,52509600,0.0,0.0,120.00614624023437,119.73191452026367,50.978725298638956,0.327948219527201,0.3428637261208012,2.454072415603805,0.005595367793255646,0.0,0.0,0.0,0.0,0.0,0.0,0.0,0.0,0.0,29686100.0,72937900.0,37906800.0,0.0,0.0,0.0,0.0,0.0,0.0,0.0,0.0,0.0,0.0,0.0,0.0,0.0,0.0,0.0,0.0,0.0,0.0,0.0,0.0,0.0,0.0,0.0,0.0,120.25938924153645,1.1117155508866672,120.91492135184151,1.9032518383920642,120.11227035522461,2.7896805346949796,-0.054614381879067087
2023-07-26,129.00378761340536,129.90631659089652,127.26813284588675,128.21034240722656,61682100,0.0,0.0,121.44227905273438,120.27443046569825,65.83675840503551,0.9223401441237371,0.4587590097213884,3.033135934916745,0.05776942321972234,0.0,0.0,0.0,0.0,0.0,0.0,0.0,0.0,0.0,52509600.0,29686100.0,72937900.0,0.0,0.0,0.0,0.0,0.0,0.0,0.0,0.0,0.0,0.0,0.0,0.0,0.0,0.0,0.0,0.0,0.0,0.0,0.0,0.0,0.0,0.0,0.0,0.0,123.31744639078777,4.250769084843856,121.56951141357422,3.2811586035201583,120.7611917768206,3.5069127657665264,-0.0010045367633823021
2023-07-27,130.59066029279523,132.14779780312753,127.73426366088836,128.33926391601562,44952100,0.0,0.0,123.4655548095703,120.73165092468261,67.45247704038132,1.387805161028723,0.6445682399828554,3.5130838324126143,0.0010055468721827943,0.0,0.0,0.0,0.0,0.0,0.0,0.0,0.0,0.0,61682100.0,52509600.0,29686100.0,0.0,0.0,0.0,0.0,0.0,0.0,0.0,0.0,0.0,0.0,0.0,0.0,0.0,0.0,0.0,0.0,0.0,0.0,0.0,0.0,0.0,0.0,0.0,0.0,125.91927337646484,4.080406462000016,122.36861964634487,4.174776998392258,121.4639538356236,3.9737825395175665,-0.023985731426834134
2023-07-28,129.70797692151828,132.64372004824634,129.4997067956334,131.49322509765625,36591200,0.0,0.0,125.95696563720703,121.40012664794922,78.22892257553985,1.9882683293782577,0.9133082578619359,4.196278630290313,0.02457518521926816,0.0,0.0,0.0,0.0,0.0,0.0,0.0,0.0,0.0,44952100.0,61682100.0,52509600.0,0.0,0.0,0.0,0.0,0.0,0.0,0.0,0.0,0.0,0.0,0.0,0.0,0.0,0.0,0.0,0.0,0.0,0.0,0.0,0.0,0.0,0.0,0.0,0.0,129.3476104736328,1.8592745292114765,123.86341203962054,5.329124516243811,122.60665348597935,4.402487496496898,-0.001054640289762987
2023-07-31,131.64196213896054,132.43540728957092,130.69975264360772,131.63204956054688,28055500,0.0,0.0,128.17661895751954,122.04579048156738,77.80156770070928,2.447132668237373,1.2200731399370235,4.722461920946893,0.0010557537301829623,0.0,0.0,0.0,0.0,0.0,0.0,0.0,0.0,0.0,36591200.0,44952100.0,61682100.0,0.0,0.0,0.0,0.0,0.0,0.0,0.0,0.0,0.0,0.0,0.0,0.0,0.0,0.0,0.0,0.0,0.0,0.0,0.0,0.0,0.0,0.0,0.0,0.0,130.4881795247396,1.8623095279618422,125.77900695800781,5.373500822747747,123.71038818359375,4.599851914587533,0.008893771202481693
2023-08-01,129.70797201734953,131.5428132938943,129.6087856815379,130.47166442871094,23166800,0.0,0.0,130.02930908203126,122.62351570129394,73.0292414669808,2.686187878556183,1.5132960876608554,5.017144186674461,-0.008815369324642996,0.0,0.0,0.0,0.0,0.0,0.0,0.0,0.0,0.0,28055500.0,36591200.0,44952100.0,0.0,0.0,0.0,0.0,0.0,0.0,0.0,0.0,0.0,0.0,0.0,0.0,0.0,0.0,0.0,0.0,0.0,0.0,0.0,0.0,0.0,0.0,0.0,0.0,131.19897969563803,0.6336865794723497,127.41264888218471,4.674768476114184,124.60442788260323,4.6115540962109325,0.024692298980951044
2023-08-02,128.38887313460415,129.02362633955516,126.51436639391204,127.32765197753906,26273300,0.0,0.0,129.85277099609374,122.95229911804199,57.69237999874875,2.592065607019535,1.7290499915325914,5.102771564571862,-0.024097281696668693,0.0,0.0,0.0,0.0,0.0,0.0,0.0,0.0,0.0,23166800.0,28055500.0,36591200.0,0.0,0.0,0.0,0.0,0.0,0.0,0.0,0.0,0.0,0.0,0.0,0.0,0.0,0.0,0.0,0.0,0.0,0.0,0.0,0.0,0.0,0.0,0.0,0.0,129.81045532226562,2.227073808832035,128.3832015991211,3.587370947309171,124.87646756853376,4.654737306380421,-0.000544789682855984
2023-08-03,126.92099551059741,128.32935355941024,126.37550098690372,127.39705657958984,20089500,0.0,0.0,129.6643295288086,123.36587982177734,56.273296396739035,2.4943204268393657,1.8821040785939465,5.111480023324802,0.000545086640433956,0.0,0.0,0.0,0.0,0.0,0.0,0.0,0.0,0.0,26273300.0,23166800.0,28055500.0,0.0,0.0,0.0,0.0,0.0,0.0,0.0,0.0,0.0,0.0,0.0,0.0,0.0,0.0,0.0,0.0,0.0,0.0,0.0,0.0,0.0,0.0,0.0,0.0,128.39879099527994,1.7954964363552464,129.26732199532645,1.8812997247903045,125.09112167358398,4.699746515844395,0.0026538987145963144
2023-08-04,128.2202600170075,130.43197594152576,126.86149507419762,127.05985260009766,26147200,0.0,0.0,128.77765502929688,123.79384269714356,57.29344965873572,2.36241467845565,1.9781661985662873,5.040513379695939,-0.0026468741786158656,0.0,0.0,0.0,0.0,0.0,0.0,0.0,0.0,0.0,20089500.0,26273300.0,23166800.0,0.0,0.0,0.0,0.0,0.0,0.0,0.0,0.0,0.0,0.0,0.0,0.0,0.0,0.0,0.0,0.0,0.0,0.0,0.0,0.0,0.0,0.0,0.0,0.0,127.26152038574219,0.17806367266051618,129.10296630859375,2.0331567272699873,125.33623886108398,4.707062350652282,-0.026001746811519233
2023-08-07,128.10126008485418,130.53117404718972,127.96240829082672,130.4518280029297,22746300,0.0,0.0,128.54161071777344,124.54166259765626,64.80005884371514,2.5027325467176524,2.0830794681965603,4.850443009248145,0.026695886493019794,0.0,0.0,0.0,0.0,0.0,0.0,0.0,0.0,0.0,26147200.0,20089500.0,26273300.0,0.0,0.0,0.0,0.0,0.0,0.0,0.0,0.0,0.0,0.0,0.0,0.0,0.0,0.0,0.0,0.0,0.0,0.0,0.0,0.0,0.0,0.0,0.0,0.0,128.30291239420572,1.8686372978749444,129.4047611781529,2.0575464024265258,125.88669041224888,4.829787922572377,0.0009895983286887233
2023-08-08,129.5492558700105,130.4319596134173,128.47810720379093,130.32286071777344,23535200,0.0,0.0,128.51184997558593,125.24881744384766,69.0060903073115,2.573859041306818,2.181235382818612,4.5912312928475325,-0.000988619991996953,0.0,0.0,0.0,0.0,0.0,0.0,0.0,0.0,0.0,22746300.0,26147200.0,20089500.0,0.0,0.0,0.0,0.0,0.0,0.0,0.0,0.0,0.0,0.0,0.0,0.0,0.0,0.0,0.0,0.0,0.0,0.0,0.0,0.0,0.0,0.0,0.0,0.0,129.27818044026694,1.922210171914805,129.23756626674108,1.901163215928632,126.5504891531808,4.7488403920440865,0.013419608716071174
2023-08-09,130.58074278541653,130.95761750800182,127.94254405878128,128.59713745117188,24912900,0.0,0.0,128.7657470703125,125.78091888427734,72.1986666832096,2.46258866632661,2.2375060395202118,4.30947005436321,-0.013241907498783179,0.0,0.0,0.0,0.0,0.0,0.0,0.0,0.0,0.0,23535200.0,22746300.0,26147200.0,0.0,0.0,0.0,0.0,0.0,0.0,0.0,0.0,0.0,0.0,0.0,0.0,0.0,0.0,0.0,0.0,0.0,0.0,0.0,0.0,0.0,0.0,0.0,0.0,129.79060872395834,1.0355860173762297,128.80400739397322,1.5836305962359627,127.29150717599052,4.116772246423291,-0.0002314437785575496
2023-08-10,130.2435507528464,130.9675625582551,128.38886922887625,128.6269073486328,20857800,0.0,0.0,129.0117172241211,126.0363094329834,71.23411466260096,2.349722140241269,2.259949259664423,4.319712669939048,0.00023149735718064335,0.0,0.0,0.0,0.0,0.0,0.0,0.0,0.0,0.0,24912900.0,23535200.0,22746300.0,0.0,0.0,0.0,0.0,0.0,0.0,0.0,0.0,0.0,0.0,0.0,0.0,0.0,0.0,0.0,0.0,0.0,0.0,0.0,0.0,0.0,0.0,0.0,0.0,129.18230183919272,0.9878651114047652,128.54047066824776,1.4030584682468705,127.97655977521624,3.3670820185737687,0.001003533683036295
2023-08-11,127.60533894622364,128.86491747828384,127.11935017534717,128.49795532226562,19591100,0.0,0.0,129.2993377685547,126.24161224365234,68.77044487471984,2.224229718666578,2.252805351464854,4.33499264708088,-0.0010025276128087235,0.0,0.0,0.0,0.0,0.0,0.0,0.0,0.0,0.0,20857800.0,24912900.0,23535200.0,0.0,0.0,0.0,0.0,0.0,0.0,0.0,0.0,0.0,0.0,0.0,0.0,0.0,0.0,0.0,0.0,0.0,0.0,0.0,0.0,0.0,0.0,0.0,0.0,128.5740000406901,0.06751785762942862,128.70765686035156,1.3004267383065355,128.54542922973633,2.5977873624961374,-0.013477748886753127
2023-08-14,128.32937892208105,130.2931444617831,127.90291093163088,130.25347900390625,24695600,0.0,0.0,129.25966796875,126.57287559509277,70.28472643068983,2.2406038733054174,2.2503650558329666,4.377704093849695,0.013661880278467153,0.0,0.0,0.0,0.0,0.0,0.0,0.0,0.0,0.0,19591100.0,20857800.0,24912900.0,0.0,0.0,0.0,0.0,0.0,0.0,0.0,0.0,0.0,0.0,0.0,0.0,0.0,0.0,0.0,0.0,0.0,0.0,0.0,0.0,0.0,0.0,0.0,0.0,129.12611389160156,0.9784534882187255,129.1157172066825,1.2683952124667586,129.19151960100447,1.543451039785928,0.01194351234336799
2023-08-15,130.0253428626258,130.3427118640274,128.22025464503122,128.71615600585938,19770700,0.0,0.0,128.93832702636718,126.87140808105468,51.50262956774639,2.1052632268300613,2.2213446900323857,4.305956900346023,-0.011802548460151052,0.0,0.0,0.0,0.0,0.0,0.0,0.0,0.0,0.0,24695600.0,19591100.0,20857800.0,0.0,0.0,0.0,0.0,0.0,0.0,0.0,0.0,0.0,0.0,0.0,0.0,0.0,0.0,0.0,0.0,0.0,0.0,0.0,0.0,0.0,0.0,0.0,0.0,129.1558634440104,0.9568034398842312,129.35233197893416,0.9304230677055746,129.22764914376395,1.524520643621636,0.008391405255850248
2023-08-16,127.64503479003906,129.21208524439461,126.8218441042689,127.64503479003906,25216100,0.0,0.0,128.74790649414064,127.20217590332031,48.04697192004334,1.8897899369980848,2.1550337394255257,4.08185056492209,-0.008321575543100868,0.0,0.0,0.0,0.0,0.0,0.0,0.0,0.0,0.0,19770700.0,24695600.0,19591100.0,0.0,0.0,0.0,0.0,0.0,0.0,0.0,0.0,0.0,0.0,0.0,0.0,0.0,0.0,0.0,0.0,0.0,0.0,0.0,0.0,0.0,0.0,0.0,0.0,128.8715565999349,1.31114732684529,128.95136151994978,0.9810414135917965,129.17806134905135,1.5663562836459446,-0.00939009722260542
2023-08-17,128.7359842548602,130.90803443349202,128.23015522856085,128.85499572753906,33446300,0.0,0.0,128.79352416992188,127.73378143310546,41.66654617068593,1.795956865198164,2.0832183645800537,3.5020342845961108,0.009479106958529604,0.0,0.0,0.0,0.0,0.0,0.0,0.0,0.0,0.0,25216100.0,19770700.0,24695600.0,0.0,0.0,0.0,0.0,0.0,0.0,0.0,0.0,0.0,0.0,0.0,0.0,0.0,0.0,0.0,0.0,0.0,0.0,0.0,0.0,0.0,0.0,0.0,0.0,128.4053955078125,0.6621407953967486,128.74166652134485,0.7740721219983683,128.98961639404297,1.4180800480041547,0.01930005087664144
2023-08-18,127.4565647289768,128.19050420505582,125.34402761585469,126.41517639160156,30504800,0.0,0.0,128.37696838378906,128.1027317047119,35.61270753431518,1.507344718155366,1.9680436352951163,2.8689668388436784,-0.01893461190357293,0.0,0.0,0.0,0.0,0.0,0.0,0.0,0.0,0.0,33446300.0,25216100.0,19770700.0,0.0,0.0,0.0,0.0,0.0,0.0,0.0,0.0,0.0,0.0,0.0,0.0,0.0,0.0,0.0,0.0,0.0,0.0,0.0,0.0,0.0,0.0,0.0,0.0,127.63840230305989,1.2199231903755683,128.4299577985491,1.1766235079618297,128.61698259626115,1.3542999417341848,-0.007088955882651682
2023-08-21,126.13748589734027,127.67477576414439,125.52256541050552,127.3177261352539,25248700,0.0,0.0,127.7898178100586,128.4419288635254,41.17646556607539,1.3360446426934658,1.8416438367747863,2.264306540794343,0.007139567964976612,0.0,0.0,0.0,0.0,0.0,0.0,0.0,0.0,0.0,30504800.0,33446300.0,25216100.0,0.0,0.0,0.0,0.0,0.0,0.0,0.0,0.0,0.0,0.0,0.0,0.0,0.0,0.0,0.0,0.0,0.0,0.0,0.0,0.0,0.0,0.0,0.0,0.0,127.52929941813152,1.233593141406092,128.24293191092355,1.242314818258927,128.39170128958565,1.2824666026624858,-0.005500388972976666
2023-08-22,127.45656155015928,129.21205659443743,127.2681317464859,128.0218963623047,22054900,0.0,0.0,127.65096588134766,128.782612991333,52.24929848464773,1.2427827254131927,1.7218716145024677,1.5033835238346624,0.005530810582516255,0.0,0.0,0.0,0.0,0.0,0.0,0.0,0.0,0.0,25248700.0,30504800.0,33446300.0,0.0,0.0,0.0,0.0,0.0,0.0,0.0,0.0,0.0,0.0,0.0,0.0,0.0,0.0,0.0,0.0,0.0,0.0,0.0,0.0,0.0,0.0,0.0,0.0,127.25159962972005,0.8053985362008285,128.17492348807198,1.239053429058102,128.4412901742118,1.251199288416973,-0.0248544611459377
2023-08-23,129.11286188164175,132.31639534159987,128.80540548113294,131.284912109375,27819700,0.0,0.0,128.37894134521486,128.93634147644042,60.436593255308416,1.4158490580748406,1.6606671032169424,1.5961209010905675,0.02548795041932439,0.0,0.0,0.0,0.0,0.0,0.0,0.0,0.0,0.0,22054900.0,25248700.0,30504800.0,0.0,0.0,0.0,0.0,0.0,0.0,0.0,0.0,0.0,0.0,0.0,0.0,0.0,0.0,0.0,0.0,0.0,0.0,0.0,0.0,0.0,0.0,0.0,0.0,128.87484486897787,2.1166676651266654,128.3222710745675,1.5497944709901712,128.718994140625,1.421472275221387,0.0199567496670634
2023-08-24,132.85197153912117,133.14951538235977,128.50788590918833,128.71615600585938,28500700,0.0,0.0,128.3511734008789,128.9551860809326,53.97049802641036,1.3303922898446956,1.5946121405424933,1.5909168877856172,-0.019566270504683514,0.0,0.0,0.0,0.0,0.0,0.0,0.0,0.0,0.0,27819700.0,22054900.0,25248700.0,0.0,0.0,0.0,0.0,0.0,0.0,0.0,0.0,0.0,0.0,0.0,0.0,0.0,0.0,0.0,0.0,0.0,0.0,0.0,0.0,0.0,0.0,0.0,0.0,129.3409881591797,1.7189035331496747,128.3222710745675,1.5497944709901712,128.83730152675085,1.339313516948114,-0.000769955894557306
2023-08-25,128.47811371877063,129.68811421046675,126.20689221900474,128.81533813476562,26762900,0.0,0.0,128.83120574951172,128.8212917327881,45.34157335971903,1.2561897804051227,1.5269276685150193,1.474496806252406,0.0007705491834431033,0.0,0.0,0.0,0.0,0.0,0.0,0.0,0.0,0.0,28500700.0,27819700.0,22054900.0,0.0,0.0,0.0,0.0,0.0,0.0,0.0,0.0,0.0,0.0,0.0,0.0,0.0,0.0,0.0,0.0,0.0,0.0,0.0,0.0,0.0,0.0,0.0,0.0,129.60546875,1.455285804124146,128.4894572666713,1.527524413052544,128.72040939331055,1.2564107275856589,-0.008625339396166387
2023-08-28,130.23362480291482,131.4535380240542,129.07321732909296,129.9360809326172,20543300,0.0,0.0,129.35487670898436,128.7364933013916,48.95783825031288,1.2731423420072332,1.476170603213462,1.3476540184554715,0.008700383153743996,0.0,0.0,0.0,0.0,0.0,0.0,0.0,0.0,0.0,26762900.0,28500700.0,27819700.0,0.0,0.0,0.0,0.0,0.0,0.0,0.0,0.0,0.0,0.0,0.0,0.0,0.0,0.0,0.0,0.0,0.0,0.0,0.0,0.0,0.0,0.0,0.0,0.0,129.1558583577474,0.677509943414837,128.6438980102539,1.6223503041565654,128.6927822657994,1.222252156499005,-0.026454668958224792
2023-08-29,131.15600145683445,135.45050919179718,131.15600145683445,133.46690368652344,43075600,0.0,0.0,130.44387817382812,128.88625526428223,61.95814676733424,1.5535765932377785,1.4916518012183255,1.676849275714619,0.027173535853657782,0.0,0.0,0.0,0.0,0.0,0.0,0.0,0.0,0.0,20543300.0,26762900.0,28500700.0,0.0,0.0,0.0,0.0,0.0,0.0,0.0,0.0,0.0,0.0,0.0,0.0,0.0,0.0,0.0,0.0,0.0,0.0,0.0,0.0,0.0,0.0,0.0,0.0,130.73944091796875,2.427613224985242,129.65128762381417,2.12063158523173,129.04062271118164,1.765260715019939,-0.009640701111431449
2023-08-30,133.67515487184195,135.16285879025574,132.97098349200195,134.76614379882812,28315800,0.0,0.0,131.14012451171874,129.25817985534667,64.19071105746882,1.8592285472548156,1.5651671504256235,2.0875814931499037,0.009734548988685976,0.0,0.0,0.0,0.0,0.0,0.0,0.0,0.0,0.0,43075600.0,20543300.0,26762900.0,0.0,0.0,0.0,0.0,0.0,0.0,0.0,0.0,0.0,0.0,0.0,0.0,0.0,0.0,0.0,0.0,0.0,0.0,0.0,0.0,0.0,0.0,0.0,0.0,132.7230428059896,2.4994746608196174,130.71534729003906,2.5746570509122217,129.47913960048132,2.3275633106975393,-0.002129843512823859
2023-08-31,134.89509514927343,136.8687881952977,134.67689731971456,135.0537872314453,30053800,0.0,0.0,132.40765075683595,129.64101638793946,65.04330118394617,2.1004575765395543,1.6722252356484097,2.4060881345898877,0.002134389428301464,0.0,0.0,0.0,0.0,0.0,0.0,0.0,0.0,0.0,28315800.0,43075600.0,20543300.0,0.0,0.0,0.0,0.0,0.0,0.0,0.0,0.0,0.0,0.0,0.0,0.0,0.0,0.0,0.0,0.0,0.0,0.0,0.0,0.0,0.0,0.0,0.0,0.0,134.42894490559897,0.8454745214865076,131.71990312848772,2.7165115428927105,129.94741330827986,2.738222506758593,0.0037594688431892287
2023-09-01,136.3332062668677,136.3332062668677,133.74460060567057,134.54795837402344,21543700,0.0,0.0,133.5541748046875,130.01542167663575,60.45385221685124,2.225166820811154,1.7828135526809588,2.560921183644305,-0.0037453881730471483,0.0,0.0,0.0,0.0,0.0,0.0,0.0,0.0,0.0,30053800.0,28315800.0,43075600.0,0.0,0.0,0.0,0.0,0.0,0.0,0.0,0.0,0.0,0.0,0.0,0.0,0.0,0.0,0.0,0.0,0.0,0.0,0.0,0.0,0.0,0.0,0.0,0.0,134.78929646809897,0.2537079873036184,132.18605259486608,2.9029933340741616,130.2541618347168,3.0028989317767083,-0.0008103220823475477
2023-09-05,134.32977722585983,135.30173975827023,133.47682618982745,134.65707397460938,19403100,0.0,0.0,134.49837341308594,130.22568397521974,65.5424016504301,2.3062198456198644,1.88749481126874,2.763277132962004,0.0008109792367314572,0.0,0.0,0.0,0.0,0.0,0.0,0.0,0.0,0.0,21543700.0,30053800.0,28315800.0,0.0,0.0,0.0,0.0,0.0,0.0,0.0,0.0,0.0,0.0,0.0,0.0,0.0,0.0,0.0,0.0,0.0,0.0,0.0,0.0,0.0,0.0,0.0,0.0,134.75293986002603,0.2661924289699402,133.03475516183036,2.5686544394753033,130.67851311819894,3.1831934031599034,0.009742741686620482
2023-09-06,134.9050132008134,135.41082715108524,132.57427070368973,133.35780334472656,18684500,0.0,0.0,134.47655334472657,130.37743110656737,64.76921814569766,2.239795699760009,1.9579549889669938,2.850840082516451,-0.009648736538919622,0.0,0.0,0.0,0.0,0.0,0.0,0.0,0.0,0.0,19403100.0,21543700.0,30053800.0,0.0,0.0,0.0,0.0,0.0,0.0,0.0,0.0,0.0,0.0,0.0,0.0,0.0,0.0,0.0,0.0,0.0,0.0,0.0,0.0,0.0,0.0,0.0,0.0,134.18761189778647,0.7207032881997636,133.68367876325334,1.7767517634444239,131.08656801496232,3.1301369509570423,-0.005914418485088557
2023-09-07,132.49492113945962,134.46861399155742,131.8601680068501,134.15122985839844,18844300,0.0,0.0,134.35357055664062,130.6551357269287,63.99373959825057,2.225522535863462,2.0114684983462876,2.937490951762513,0.005949606950415021,0.0,0.0,0.0,0.0,0.0,0.0,0.0,0.0,0.0,18684500.0,19403100.0,21543700.0,0.0,0.0,0.0,0.0,0.0,0.0,0.0,0.0,0.0,0.0,0.0,0.0,0.0,0.0,0.0,0.0,0.0,0.0,0.0,0.0,0.0,0.0,0.0,0.0,134.05536905924478,0.6549183247019508,134.2858428955078,0.6553604611943497,131.46487045288086,3.159594720479134,-0.008212612594725721
2023-09-08,133.8041334805993,135.5397885635056,133.74462772772205,135.2620849609375,23558300,0.0,0.0,134.39523010253907,130.98689460754395,75.14094846762717,2.2775929992711212,2.0646933985312543,3.0681487692513696,0.008280618103252646,0.0,0.0,0.0,0.0,0.0,0.0,0.0,0.0,0.0,18844300.0,18684500.0,19403100.0,0.0,0.0,0.0,0.0,0.0,0.0,0.0,0.0,0.0,0.0,0.0,0.0,0.0,0.0,0.0,0.0,0.0,0.0,0.0,0.0,0.0,0.0,0.0,0.0,134.25703938802084,0.9565400466679677,134.54229736328125,0.6323222923736619,132.09679249354772,2.9496854559921046,-0.003943645766066983
2023-09-11,135.4207328151726,136.35302976641478,134.6768807966762,135.79762268066406,20763400,0.0,0.0,134.6451629638672,131.35187797546388,74.61135834923564,2.3351544283092096,2.1187856044868454,3.1883111284606747,0.003959259683755656,0.0,0.0,0.0,0.0,0.0,0.0,0.0,0.0,0.0,23558300.0,18844300.0,18684500.0,0.0,0.0,0.0,0.0,0.0,0.0,0.0,0.0,0.0,0.0,0.0,0.0,0.0,0.0,0.0,0.0,0.0,0.0,0.0,0.0,0.0,0.0,0.0,0.0,135.0703125,0.8397826140634211,134.6896514892578,0.7929618155218848,132.70249938964844,2.757210306449838,0.011674178373015431
2023-09-12,135.14304760406196,135.74804793318728,134.08182644991697,134.2305908203125,18405500,0.0,0.0,134.55986633300782,131.55073356628418,67.16012540729113,2.228635576976984,2.140755598984873,3.239808844327133,-0.01153946460488875,0.0,0.0,0.0,0.0,0.0,0.0,0.0,0.0,0.0,20763400.0,23558300.0,18844300.0,0.0,0.0,0.0,0.0,0.0,0.0,0.0,0.0,0.0,0.0,0.0,0.0,0.0,0.0,0.0,0.0,0.0,0.0,0.0,0.0,0.0,0.0,0.0,0.0,135.09676615397134,0.7964891360166065,134.57205200195312,0.7909977905983477,133.14597756522042,2.425859260802605,-0.010021286328977586
2023-09-13,133.98263986174015,135.77780055178212,133.05034278578884,135.58937072753906,20749500,0.0,0.0,135.0061798095703,131.89439430236817,63.296665381450076,2.228175779193748,2.158239635026648,3.2874928196961117,0.01012272909567602,0.0,0.0,0.0,0.0,0.0,0.0,0.0,0.0,0.0,18405500.0,20763400.0,23558300.0,0.0,0.0,0.0,0.0,0.0,0.0,0.0,0.0,0.0,0.0,0.0,0.0,0.0,0.0,0.0,0.0,0.0,0.0,0.0,0.0,0.0,0.0,0.0,0.0,135.20586140950522,0.8510033846019985,134.7208251953125,0.8787763911136921,133.45343889508928,2.444545921898271,-0.010064914050072371
2023-09-14,136.47203999804393,137.56301374731885,135.1231878944064,136.9679412841797,24751000,0.0,0.0,135.56952209472655,132.36053962707518,77.51319978713467,2.312394662609023,2.1890706405431235,3.3141051438726543,0.010167246512345018,0.0,0.0,0.0,0.0,0.0,0.0,0.0,0.0,0.0,20749500.0,18405500.0,20763400.0,0.0,0.0,0.0,0.0,0.0,0.0,0.0,0.0,0.0,0.0,0.0,0.0,0.0,0.0,0.0,0.0,0.0,0.0,0.0,0.0,0.0,0.0,0.0,0.0,135.5959676106771,1.3686871555105726,135.0509490966797,1.2190215776323128,134.042852129255,2.1967043209405,0.005094485587178621
2023-09-15,136.84894433199983,137.3845263119322,135.36124015129133,136.27369689941406,38919600,0.0,0.0,135.77184448242187,132.73147468566896,73.91862623913782,2.296644723906269,2.210585457215753,3.3162651046401628,-0.005068663354771519,0.0,0.0,0.0,0.0,0.0,0.0,0.0,0.0,0.0,24751000.0,20749500.0,18405500.0,0.0,0.0,0.0,0.0,0.0,0.0,0.0,0.0,0.0,0.0,0.0,0.0,0.0,0.0,0.0,0.0,0.0,0.0,0.0,0.0,0.0,0.0,0.0,0.0,136.2770029703776,0.6892912247293614,135.4675053187779,1.0271171378305395,134.57559204101562,1.673504586032001,-0.005860755789263483
2023-09-18,135.49018160432044,138.019281780227,135.49018160432044,137.0770721435547,21861300,0.0,0.0,136.027734375,133.2645694732666,73.37669084297389,2.3222193529576884,2.23291223636414,3.0971928097612373,0.005895306742383477,0.0,0.0,0.0,0.0,0.0,0.0,0.0,0.0,0.0,38919600.0,24751000.0,20749500.0,0.0,0.0,0.0,0.0,0.0,0.0,0.0,0.0,0.0,0.0,0.0,0.0,0.0,0.0,0.0,0.0,0.0,0.0,0.0,0.0,0.0,0.0,0.0,0.0,136.7729034423828,0.4357553964382128,135.88548278808594,0.9970795530640537,135.08566284179688,1.1601709776589209,0.0012315500154751469
2023-09-19,136.29354958327215,137.27543987994048,135.5001042546856,136.90846252441406,20353700,0.0,0.0,136.5633087158203,133.7441062927246,64.44633464594163,2.3023420772920815,2.2467982045497283,2.8614806838134856,-0.0012300351656479025,0.0,0.0,0.0,0.0,0.0,0.0,0.0,0.0,0.0,21861300.0,38919600.0,24751000.0,0.0,0.0,0.0,0.0,0.0,0.0,0.0,0.0,0.0,0.0,0.0,0.0,0.0,0.0,0.0,0.0,0.0,0.0,0.0,0.0,0.0,0.0,0.0,0.0,136.7530771891276,0.4236288440864241,136.1206795828683,1.019448034881531,135.33148847307478,1.155393744823066,0.032151960591459305
2023-09-20,136.9481276445737,136.9481276445737,132.52468065263594,132.64370727539062,29927500,0.0,0.0,135.97417602539062,133.9751968383789,42.86674010391987,1.9203228006828112,2.181503123776345,2.544059096846017,-0.03115041371721583,0.0,0.0,0.0,0.0,0.0,0.0,0.0,0.0,0.0,20353700.0,21861300.0,38919600.0,0.0,0.0,0.0,0.0,0.0,0.0,0.0,0.0,0.0,0.0,0.0,0.0,0.0,0.0,0.0,0.0,0.0,0.0,0.0,0.0,0.0,0.0,0.0,0.0,135.54308064778647,2.5123458689710607,135.6701202392578,1.6732996536308318,135.1798858642578,1.3569461591386394,0.0252988667848566
2023-09-21,130.36257622016777,131.14609385607787,129.00381108346423,129.3707733154297,31503900,0.0,0.0,134.45474243164062,133.87948989868164,34.092186573679385,1.3380471791751347,2.012811934856103,2.6828145547275946,-0.024674626691229107,0.0,0.0,0.0,0.0,0.0,0.0,0.0,0.0,0.0,29927500.0,20353700.0,21861300.0,0.0,0.0,0.0,0.0,0.0,0.0,0.0,0.0,0.0,0.0,0.0,0.0,0.0,0.0,0.0,0.0,0.0,0.0,0.0,0.0,0.0,0.0,0.0,0.0,132.97431437174478,3.7797044119785537,134.97586059570312,2.9164802398068193,134.77395629882812,2.0636025592844254,0.001458878547504483
2023-09-22,129.68812598105728,130.94771974828387,128.5376462586181,129.18231201171875,26397300,0.0,0.0,133.03646545410157,133.9027976989746,34.70887359576702,0.851565979359691,1.7805627437568206,2.6372332282948037,-0.0014567533213351025,0.0,0.0,0.0,0.0,0.0,0.0,0.0,0.0,0.0,31503900.0,29927500.0,20353700.0,0.0,0.0,0.0,0.0,0.0,0.0,0.0,0.0,0.0,0.0,0.0,0.0,0.0,0.0,0.0,0.0,0.0,0.0,0.0,0.0,0.0,0.0,0.0,0.0,130.39893086751303,1.946315816298112,134.06056649344308,3.613853192757073,134.3906958443778,2.5497947504609315,-0.006559266086911597
2023-09-25,128.76574160428865,130.0947535411447,127.90287812992364,130.03524780273438,20094600,0.0,0.0,131.6281005859375,133.96379318237305,37.364317931141514,0.5287557465441637,1.5302013443142892,2.525097927340942,0.006602574127472227,0.0,0.0,0.0,0.0,0.0,0.0,0.0,0.0,0.0,26397300.0,31503900.0,29927500.0,0.0,0.0,0.0,0.0,0.0,0.0,0.0,0.0,0.0,0.0,0.0,0.0,0.0,0.0,0.0,0.0,0.0,0.0,0.0,0.0,0.0,0.0,0.0,0.0,129.5294443766276,0.44805942144449074,133.07018171037947,3.6341880718875084,134.06056540352958,2.7996161457594115,0.019755604190049292
2023-09-26,128.7062506995645,129.29141070631724,126.17715058968768,127.5160903930664,25718700,0.0,0.0,129.74962615966797,133.8427936553955,35.027909212249625,0.06885761411925273,1.237932598275282,2.773975476046037,-0.019372881216711102,0.0,0.0,0.0,0.0,0.0,0.0,0.0,0.0,0.0,20094600.0,26397300.0,31503900.0,0.0,0.0,0.0,0.0,0.0,0.0,0.0,0.0,0.0,0.0,0.0,0.0,0.0,0.0,0.0,0.0,0.0,0.0,0.0,0.0,0.0,0.0,0.0,0.0,128.91121673583984,1.2812720242493967,131.81909506661552,3.8486541785050425,133.6433001926967,3.3025723353359124,-0.015091030096732516
2023-09-27,127.51608742320651,129.82697452376246,127.51608742320651,129.4699249267578,22746500,0.0,0.0,129.1148696899414,133.64294471740723,38.67558610893945,-0.13638469337351466,0.9630691399455227,2.9414081355819772,0.015322258764903562,0.0,0.0,0.0,0.0,0.0,0.0,0.0,0.0,0.0,25718700.0,20094600.0,26397300.0,0.0,0.0,0.0,0.0,0.0,0.0,0.0,0.0,0.0,0.0,0.0,0.0,0.0,0.0,0.0,0.0,0.0,0.0,0.0,0.0,0.0,0.0,0.0,0.0,129.00708770751953,1.321817775756337,130.73235974993025,3.121915965637487,133.3089212690081,3.4794399555121514,-0.01337769152960544
2023-09-28,128.77566411264445,132.20730825142687,128.72607094890918,131.2254180908203,22513100,0.0,0.0,129.48579864501954,133.46590843200684,40.530356181487036,-0.15559348879597223,0.7393366141972237,2.9765909188734057,0.013559080729023343,0.0,0.0,0.0,0.0,0.0,0.0,0.0,0.0,0.0,22746500.0,25718700.0,20094600.0,0.0,0.0,0.0,0.0,0.0,0.0,0.0,0.0,0.0,0.0,0.0,0.0,0.0,0.0,0.0,0.0,0.0,0.0,0.0,0.0,0.0,0.0,0.0,0.0,129.4038111368815,1.8555474306090873,129.92049625941686,1.631112122395359,133.02058792114258,3.472382939992401,0.011080516089074344
2023-09-29,132.18746856469267,132.9511609153293,129.29140636705122,129.7873077392578,30859800,0.0,0.0,129.60679779052734,133.20258445739745,36.473182427898436,-0.2835910233536083,0.5347510866870574,3.0604929954689672,-0.010959083784874646,0.0,0.0,0.0,0.0,0.0,0.0,0.0,0.0,0.0,22513100.0,22746500.0,25718700.0,0.0,0.0,0.0,0.0,0.0,0.0,0.0,0.0,0.0,0.0,0.0,0.0,0.0,0.0,0.0,0.0,0.0,0.0,0.0,0.0,0.0,0.0,0.0,0.0,130.16088358561197,0.9354722053605377,129.51243918282645,1.1105139527147352,132.59127971104212,3.474175760518804,-0.024670085126671792
2023-10-02,130.1344325390662,133.3181105749404,130.09475195813707,133.07015991210938,22288000,0.0,0.0,130.21378021240236,133.12869453430176,47.5755778923308,-0.11876224007752967,0.40404842133414004,3.044097316731728,0.025294092542907265,0.0,0.0,0.0,0.0,0.0,0.0,0.0,0.0,0.0,30859800.0,22513100.0,22746500.0,0.0,0.0,0.0,0.0,0.0,0.0,0.0,0.0,0.0,0.0,0.0,0.0,0.0,0.0,0.0,0.0,0.0,0.0,0.0,0.0,0.0,0.0,0.0,0.0,131.3609619140625,1.6456180277371948,130.04092298235213,1.735976628111654,132.50839178902763,3.445782968098244,0.013139031769834553
2023-10-03,132.84205311611007,133.1594221035501,130.75926143877368,131.34442138671875,22989400,0.0,0.0,130.9794464111328,132.96306190490722,41.26520285544916,-0.12593521543280417,0.2980516939807512,3.0466810638719273,-0.012968636443590698,0.0,0.0,0.0,0.0,0.0,0.0,0.0,0.0,0.0,22288000.0,30859800.0,22513100.0,0.0,0.0,0.0,0.0,0.0,0.0,0.0,0.0,0.0,0.0,0.0,0.0,0.0,0.0,0.0,0.0,0.0,0.0,0.0,0.0,0.0,0.0,0.0,0.0,131.40062967936197,1.6421477175701114,130.34979575020927,1.7500365569670566,132.20518112182617,3.338928264003502,-0.02077792509699461
2023-10-04,131.7014648766572,134.45869011730207,131.44360164040873,134.1313934326172,26752300,0.0,0.0,131.9117401123047,133.00174140930176,44.483028790365424,0.09220264759906627,0.2568818847044142,3.0568499461071146,0.021218807898149894,0.0,0.0,0.0,0.0,0.0,0.0,0.0,0.0,0.0,22989400.0,22288000.0,30859800.0,0.0,0.0,0.0,0.0,0.0,0.0,0.0,0.0,0.0,0.0,0.0,0.0,0.0,0.0,0.0,0.0,0.0,0.0,0.0,0.0,0.0,0.0,0.0,0.0,132.8486582438151,1.406627362860585,130.9349594116211,2.242780742374623,132.00257056100028,3.105595945896869,0.0012585162561482566
2023-10-05,133.96279907226562,134.37935439370042,132.3560683939219,133.96279907226562,19832600,0.0,0.0,132.45921630859374,132.99231986999513,45.411575722467695,0.2486085155578337,0.25522721087509814,3.053409079219686,-0.0012569343837932623,0.0,0.0,0.0,0.0,0.0,0.0,0.0,0.0,0.0,26752300.0,22989400.0,22288000.0,0.0,0.0,0.0,0.0,0.0,0.0,0.0,0.0,0.0,0.0,0.0,0.0,0.0,0.0,0.0,0.0,0.0,0.0,0.0,0.0,0.0,0.0,0.0,0.0,133.14620463053384,1.5626654017593515,131.85591779436385,1.9027344356445606,131.83750643048967,2.916794468199784,-0.01824382624518428
2023-10-06,132.91146677211896,137.02745682177886,132.91146677211896,136.45220947265625,27597600,0.0,0.0,133.79219665527344,133.05182609558105,48.83715581220482,0.566901025065988,0.31756197371327616,3.111024672735703,0.01858284850443992,0.0,0.0,0.0,0.0,0.0,0.0,0.0,0.0,0.0,19832600.0,26752300.0,22989400.0,0.0,0.0,0.0,0.0,0.0,0.0,0.0,0.0,0.0,0.0,0.0,0.0,0.0,0.0,0.0,0.0,0.0,0.0,0.0,0.0,0.0,0.0,0.0,0.0,134.8488006591797,1.3911491228250754,132.85338701520647,2.2431641081850184,131.79287338256836,2.834058185531176,-0.006068710999381666
2023-10-09,135.8174905702575,137.80109635598646,134.49839090670235,137.2853546142578,19278100,0.0,0.0,134.63523559570314,133.12621269226074,50.68445207533073,0.8762768084828565,0.4293049406671922,3.196739402064481,0.006105765123345375,0.0,0.0,0.0,0.0,0.0,0.0,0.0,0.0,0.0,27597600.0,19832600.0,26752300.0,0.0,0.0,0.0,0.0,0.0,0.0,0.0,0.0,0.0,0.0,0.0,0.0,0.0,0.0,0.0,0.0,0.0,0.0,0.0,0.0,0.0,0.0,0.0,0.0,135.9001210530599,1.7287119626172036,133.7190922328404,2.6437551138137385,131.81979424612862,2.887672298401966,0.0026077221829223785
2023-10-10,137.36467931785276,138.57467986983306,136.20427192955205,136.92828369140625,27786600,0.0,0.0,135.75200805664062,133.26109733581544,59.0679978737545,1.0801948921462952,0.5594829309630128,3.3010040640052716,-0.002600939654887835,0.0,0.0,0.0,0.0,0.0,0.0,0.0,0.0,0.0,19278100.0,27597600.0,19832600.0,0.0,0.0,0.0,0.0,0.0,0.0,0.0,0.0,0.0,0.0,0.0,0.0,0.0,0.0,0.0,0.0,0.0,0.0,0.0,0.0,0.0,0.0,0.0,0.0,136.88861592610678,0.4179866689828322,134.7392316545759,2.21704894120533,132.12583541870117,3.192648308474285,-0.017716010962853135
2023-10-11,137.4440053444022,139.95326469747204,137.4440053444022,139.39785766601562,25884300,0.0,0.0,136.8053009033203,133.45152168273927,71.96864845348418,1.4246529113141548,0.7325169270332412,3.5433382305590904,0.018035528584985583,0.0,0.0,0.0,0.0,0.0,0.0,0.0,0.0,0.0,27786600.0,19278100.0,27597600.0,0.0,0.0,0.0,0.0,0.0,0.0,0.0,0.0,0.0,0.0,0.0,0.0,0.0,0.0,0.0,0.0,0.0,0.0,0.0,0.0,0.0,0.0,0.0,0.0,137.87049865722656,1.3347262143542218,135.6431884765625,2.667360315838009,132.84205572945731,3.622784530247968,0.011369128922529947
2023-10-12,139.89379277540957,140.06239744116,137.12665439341535,137.83084106445312,24765500,0.0,0.0,137.57890930175782,133.49466667175292,67.86893153379803,1.553287893599503,0.8966711203464937,3.593310100866619,-0.011241324851038459,0.0,0.0,0.0,0.0,0.0,0.0,0.0,0.0,0.0,25884300.0,27786600.0,19278100.0,0.0,0.0,0.0,0.0,0.0,0.0,0.0,0.0,0.0,0.0,0.0,0.0,0.0,0.0,0.0,0.0,0.0,0.0,0.0,0.0,0.0,0.0,0.0,0.0,138.05232747395834,1.2495963653174724,136.569819859096,1.9572417516303786,133.45980780465263,3.687515205218034,0.01172101896074862
2023-10-13,138.23748528968676,138.85239821040267,135.50009975367846,136.23403930664062,23420500,0.0,0.0,137.5352752685547,133.49268379211426,62.425529832417276,1.5089888033867567,1.0191346569545463,3.59170643309435,-0.01158522828040931,0.0,0.0,0.0,0.0,0.0,0.0,0.0,0.0,0.0,24765500.0,25884300.0,27786600.0,0.0,0.0,0.0,0.0,0.0,0.0,0.0,0.0,0.0,0.0,0.0,0.0,0.0,0.0,0.0,0.0,0.0,0.0,0.0,0.0,0.0,0.0,0.0,0.0,137.82091267903647,1.581932546731467,136.87019784109933,1.6593175436255012,133.90257862636022,3.6161506761641653,-0.012508997568057456
2023-10-16,137.03739334313434,138.4854321140924,136.85887610034075,137.95977783203125,28501900,0.0,0.0,137.67015991210937,133.53681907653808,71.62222569725805,1.5947508366884051,1.134257892901318,3.64312530499492,0.012667454728449101,0.0,0.0,0.0,0.0,0.0,0.0,0.0,0.0,0.0,23420500.0,24765500.0,25884300.0,0.0,0.0,0.0,0.0,0.0,0.0,0.0,0.0,0.0,0.0,0.0,0.0,0.0,0.0,0.0,0.0,0.0,0.0,0.0,0.0,0.0,0.0,0.0,0.0,137.341552734375,0.9612989477619605,137.44119480678015,1.0779581373600935,134.64855630057198,3.25668507771065,-0.004437309161461123
2023-10-17,137.49361518669917,138.75319373814438,136.0554891433646,138.57467651367188,23515800,0.0,0.0,137.9994384765625,133.62012977600097,69.95656766126923,1.6928212608968067,1.2459705665004157,3.7419956140398214,0.004457086632810192,0.0,0.0,0.0,0.0,0.0,0.0,0.0,0.0,0.0,28501900.0,23420500.0,24765500.0,0.0,0.0,0.0,0.0,0.0,0.0,0.0,0.0,0.0,0.0,0.0,0.0,0.0,0.0,0.0,0.0,0.0,0.0,0.0,0.0,0.0,0.0,0.0,0.0,137.5894978841146,1.213456247092411,137.74440438406808,1.0515939433257302,135.29889569963728,3.04521046874208,0.012757111055649917
2023-10-18,138.30690868674475,139.56650258267163,136.25388459322733,136.82913208007812,23375000,0.0,0.0,137.485693359375,133.82940101623535,62.28805534568635,1.611119943156325,1.3190004418315975,3.8010836279205162,-0.012596417162998308,0.0,0.0,0.0,0.0,0.0,0.0,0.0,0.0,0.0,23515800.0,28501900.0,23420500.0,0.0,0.0,0.0,0.0,0.0,0.0,0.0,0.0,0.0,0.0,0.0,0.0,0.0,0.0,0.0,0.0,0.0,0.0,0.0,0.0,0.0,0.0,0.0,0.0,137.7878621419271,0.8853799160764317,137.67922973632812,1.0979041766147306,135.69916098458427,2.8292214172262877,0.0015245291717820297
2023-10-19,137.36470178510663,138.5151967823289,136.25388737880166,136.620849609375,26066000,0.0,0.0,137.2436950683594,134.19190483093263,65.83918020483561,1.5121334721279993,1.3576270478908778,3.6978026344446673,-0.0015222085204869007,0.0,0.0,0.0,0.0,0.0,0.0,0.0,0.0,0.0,23375000.0,23515800.0,28501900.0,0.0,0.0,0.0,0.0,0.0,0.0,0.0,0.0,0.0,0.0,0.0,0.0,0.0,0.0,0.0,0.0,0.0,0.0,0.0,0.0,0.0,0.0,0.0,0.0,137.341552734375,1.0729823335927031,137.63531058175224,1.1383546439154668,136.18727111816406,2.26380210897412,0.0158556405923187
2023-10-20,136.20426349098727,136.73983027790308,133.97270746704044,134.4884490966797,26335700,0.0,0.0,136.8945770263672,134.45721168518065,53.47259219186997,1.2472416551001686,1.335549969332736,3.5047734808687956,-0.015608163166839106,0.0,0.0,0.0,0.0,0.0,0.0,0.0,0.0,0.0,26066000.0,23375000.0,23515800.0,0.0,0.0,0.0,0.0,0.0,0.0,0.0,0.0,0.0,0.0,0.0,0.0,0.0,0.0,0.0,0.0,0.0,0.0,0.0,0.0,0.0,0.0,0.0,0.0,135.97947692871094,1.2954606878713875,136.93396650041853,1.3618668627403168,136.28857748849052,2.14203950463016,-0.006593529211870397
2023-10-23,133.93304944521964,136.53158318839846,132.85198797694417,135.38108825683594,26317900,0.0,0.0,136.37883911132812,134.72450370788573,60.30388128298507,1.0966994333945195,1.2877798621450927,3.3502253555448935,0.006637292393152361,0.0,0.0,0.0,0.0,0.0,0.0,0.0,0.0,0.0,26335700.0,26066000.0,23375000.0,0.0,0.0,0.0,0.0,0.0,0.0,0.0,0.0,0.0,0.0,0.0,0.0,0.0,0.0,0.0,0.0,0.0,0.0,0.0,0.0,0.0,0.0,0.0,0.0,135.49679565429688,1.070898752453727,136.58400181361608,1.4069949059787505,136.57691083635603,1.6376174904686758,-0.016641320718769004
2023-10-24,136.70017196237376,138.21762892713875,136.2935292113691,137.67213439941406,44814300,0.0,0.0,136.19833068847657,135.23230590820313,59.27276011329706,1.1490167647037879,1.260027242656832,2.9453462972987388,0.01692294080419643,0.0,0.0,0.0,0.0,0.0,0.0,0.0,0.0,0.0,26317900.0,26335700.0,26066000.0,0.0,0.0,0.0,0.0,0.0,0.0,0.0,0.0,0.0,0.0,0.0,0.0,0.0,0.0,0.0,0.0,0.0,0.0,0.0,0.0,0.0,0.0,0.0,0.0,135.84722391764322,1.6422316728828812,136.78944396972656,1.4516611980839838,136.82982090541296,1.4983774256179776,0.10508711650655789
2023-10-25,127.10944521580694,127.25820957616193,124.04477075596701,124.5803451538086,84366200,0.0,0.0,133.74857330322266,134.98782691955566,35.346948288225136,0.1325526626362148,1.0345323266527087,3.5827809342174692,-0.09509396583932961,0.0,0.0,0.0,0.0,0.0,0.0,0.0,0.0,0.0,44814300.0,26317900.0,26335700.0,0.0,0.0,0.0,0.0,0.0,0.0,0.0,0.0,0.0,0.0,0.0,0.0,0.0,0.0,0.0,0.0,0.0,0.0,0.0,0.0,0.0,0.0,0.0,0.0,132.54452260335287,6.99166038525385,134.8780964442662,4.739261342061485,136.15964562552315,3.5596964773522375,0.027232586502490497
2023-10-26,122.25952391827924,123.31083999813282,120.27591838168972,121.27764129638672,57061100,0.0,0.0,130.679931640625,134.49043807983398,26.888224894879457,-0.9287964733379965,0.6418665666545676,4.660899064495344,-0.026510633385581905,0.0,0.0,0.0,0.5551,0.5551,1.0,2151.0,1.0,0.0,84366200.0,44814300.0,26317900.0,0.0,0.0,0.0,0.0,0.0,0.0,0.0,0.0,0.0,0.0,0.0,0.0,0.0,0.0,0.0,0.0,0.0,0.0,0.0,0.0,0.0,0.0,0.0,0.0,127.84337361653645,8.670661283185485,132.40709141322546,6.624829600149638,135.07574789864677,5.33255232897655,0.0009003385257744245
2023-10-27,121.87272767746805,122.2992031923221,119.22461596672207,121.16854858398438,44566500,0.0,0.0,128.01595153808594,134.05950012207032,24.899536931198412,-1.7584557965483043,0.16180209401399326,5.45022827126585,-0.0008995286454799301,0.0,0.0,0.0,0.0,0.0,0.0,0.0,0.0,0.0,57061100.0,84366200.0,44814300.0,0.0,0.0,0.0,0.0,0.0,0.0,0.0,0.0,0.0,0.5551,0.0,0.0,0.5551,0.0,0.0,1.0,0.0,0.0,2151.0,0.0,0.0,1.0,0.0,0.0,122.34217834472656,1.9390766627267224,130.16986519949776,7.4726650392366265,133.92454746791296,6.442906912808571,-0.018399458376273436
2023-10-30,122.20002007986204,124.37207059770444,121.74379170735196,123.43977355957031,28940100,0.0,0.0,125.62768859863282,133.57798080444337,30.174890432765352,-2.207254062588845,-0.3120091373065744,5.945176537219794,0.018744344156369053,0.0,0.0,0.0,0.0,0.0,0.0,0.0,0.0,0.0,44566500.0,57061100.0,84366200.0,0.0,0.0,0.0,0.0,0.0,0.0,0.0,0.0,0.0,0.0,0.5551,0.0,0.0,0.5551,0.0,0.0,1.0,0.0,0.0,2151.0,0.0,0.0,1.0,0.0,121.9619878133138,1.280961880327904,128.28685433523995,7.233062525108046,132.9610824584961,6.947916059455179,0.0030625354500304347
2023-10-31,124.03485157297696,124.34231557609246,121.68428385885795,123.0628890991211,26292300,0.0,0.0,122.70583953857422,133.16390419006348,24.41750288497407,-2.5637876004901727,-0.7623648299432941,6.381331877820062,-0.0030531849628462338,0.0,0.0,0.0,0.0,0.0,0.0,0.0,0.0,0.0,28940100.0,44566500.0,57061100.0,0.0,0.0,0.0,0.0,0.0,0.0,0.0,0.0,0.0,0.0,0.0,0.5551,0.0,0.0,0.5551,0.0,0.0,1.0,0.0,0.0,2151.0,0.0,0.0,1.0,122.55707041422527,1.217170953039426,126.65463147844586,6.8809415050572165,131.7942989894322,7.152400209375431,-0.01874257103563637
2023-11-01,123.05297186152897,125.45313279745749,122.70584239837481,125.41345977783203,30082400,0.0,0.0,122.87246246337891,132.7280075073242,31.01876115937364,-2.626396129028649,-1.135171089760365,6.605578858075936,0.019100564726850067,0.0,0.0,0.0,0.0,0.0,0.0,0.0,0.0,0.0,26292300.0,28940100.0,44566500.0,0.0,0.0,0.0,0.0,0.0,0.0,0.0,0.0,0.0,0.0,0.0,0.0,0.0,0.0,0.0,0.0,0.0,0.0,0.0,0.0,0.0,0.0,0.0,0.0,123.97204081217448,1.2624487910602182,125.23068455287388,5.704971827764104,130.907343183245,7.116072675543081,-0.008157533965137298
2023-11-02,127.3673155795192,127.92272273406017,125.889531505127,126.44493865966797,27124600,0.0,0.0,123.90592193603516,132.35211448669435,34.77319112687526,-2.563234739115714,-1.4207838196314349,6.744066014033945,0.008224626636273324,0.0,0.0,0.0,0.0,0.0,0.0,0.0,0.0,0.0,30082400.0,26292300.0,28940100.0,0.0,0.0,0.0,0.0,0.0,0.0,0.0,0.0,0.0,0.0,0.0,0.0,0.0,0.0,0.0,0.0,0.0,0.0,0.0,0.0,0.0,0.0,0.0,0.0,124.97376251220703,1.7333681292636425,123.62679944719586,1.998242063242894,130.20812170846122,7.032862352811962,-0.012471005836490523
2023-11-03,126.970599202535,128.4682159884043,126.81190712180837,128.041748046875,26393100,0.0,0.0,125.28056182861329,131.93159141540528,34.51051612389719,-2.357157861553546,-1.608058628015857,6.737162406396904,0.012628495882345492,0.0,0.0,0.0,0.0,0.0,0.0,0.0,0.0,0.0,27124600.0,30082400.0,26292300.0,0.0,0.0,0.0,0.0,0.0,0.0,0.0,0.0,0.0,0.0,0.0,0.0,0.0,0.0,0.0,0.0,0.0,0.0,0.0,0.0,0.0,0.0,0.0,0.0,126.63338216145833,1.324238657237512,124.12128557477679,2.6085990515503736,129.49969100952148,6.682777823903449,-0.008829103203697786
2023-11-06,127.9921517032279,129.27157062977093,127.61526180428386,129.18231201171875,19052700,0.0,0.0,126.42906951904297,131.52643928527831,35.56842815537213,-2.0778542610081274,-1.7020177546143112,6.641221274784693,0.008907750653530666,0.0,0.0,0.0,0.0,0.0,0.0,0.0,0.0,0.0,26393100.0,27124600.0,30082400.0,0.0,0.0,0.0,0.0,0.0,0.0,0.0,0.0,0.0,0.0,0.0,0.0,0.0,0.0,0.0,0.0,0.0,0.0,0.0,0.0,0.0,0.0,0.0,0.0,127.88966623942058,1.3750090451514314,125.25052424839565,2.8702540540842634,128.82880783081055,6.152034941274095,-0.005497427372205266
2023-11-07,129.63854481279463,130.8287050924927,128.8153467097953,129.8964080810547,29757300,0.0,0.0,127.79577331542968,131.17484550476075,38.99902276596939,-1.7783824742975014,-1.7172906985509493,6.52531626739536,0.005527816139961672,0.0,0.0,0.0,0.0,0.0,0.0,0.0,0.0,0.0,19052700.0,26393100.0,27124600.0,0.0,0.0,0.0,0.0,0.0,0.0,0.0,0.0,0.0,0.0,0.0,0.0,0.0,0.0,0.0,0.0,0.0,0.0,0.0,0.0,0.0,0.0,0.0,0.0,129.04015604654947,0.9354663005265076,126.4973613194057,2.6916426985554525,128.33361325945174,5.722556420761618,-0.006598798357745461
2023-11-08,129.89639859360128,131.1262393685652,129.70795366245193,130.75926208496094,26425800,0.0,0.0,128.86493377685548,130.742915725708,40.888012296540175,-1.4546554562006975,-1.664763650080899,6.231662823183793,0.006642631745196859,0.0,0.0,0.0,0.0,0.0,0.0,0.0,0.0,0.0,29757300.0,19052700.0,26393100.0,0.0,0.0,0.0,0.0,0.0,0.0,0.0,0.0,0.0,0.0,0.0,0.0,0.0,0.0,0.0,0.0,0.0,0.0,0.0,0.0,0.0,0.0,0.0,0.0,129.94599405924478,0.7896435653505545,127.54300253731864,2.727362548637843,127.9149284362793,5.265788011914076,0.012284767613460978
2023-11-09,130.8783111759331,131.46347122727005,129.00380438860708,129.1724090576172,23747800,0.0,0.0,129.41042785644532,130.30999412536622,41.59349412230831,-1.3110324731927108,-1.5940174147032615,6.0101589112943605,-0.012135683561082633,0.0,0.0,0.0,0.0,0.0,0.0,0.0,0.0,0.0,26425800.0,29757300.0,19052700.0,0.0,0.0,0.0,0.0,0.0,0.0,0.0,0.0,0.0,0.0,0.0,0.0,0.0,0.0,0.0,0.0,0.0,0.0,0.0,0.0,0.0,0.0,0.0,0.0,129.94269307454428,0.7944383916102912,128.41579110281808,1.9097237522339074,127.53521129063198,4.936693818227103,-0.017723677213391298
2023-11-10,129.03354879478132,131.71141329610631,128.34920244954847,131.5031280517578,26913300,0.0,0.0,130.1027038574219,130.07344856262208,44.13437850667674,-0.9976405015234491,-1.474742032067299,5.855848960127298,0.01804347392097494,0.0,0.0,0.0,0.0,0.0,0.0,0.0,0.0,0.0,23747800.0,26425800.0,29757300.0,0.0,0.0,0.0,0.0,0.0,0.0,0.0,0.0,0.0,0.0,0.0,0.0,0.0,0.0,0.0,0.0,0.0,0.0,0.0,0.0,0.0,0.0,0.0,0.0,130.47826639811197,1.190496404628302,129.2857437133789,1.688302998971647,127.2582141331264,4.556775936952553,0.0037853688853626277
2023-11-13,130.69976098599605,131.50311876629735,130.1741067560777,131.00721740722656,18324800,0.0,0.0,130.46768493652343,129.72582054138184,39.34007302964675,-0.7802961819557765,-1.3358528620449945,5.5620386451809445,-0.003771093903835232,0.0,0.0,0.0,0.0,0.0,0.0,0.0,0.0,0.0,26913300.0,23747800.0,26425800.0,0.0,0.0,0.0,0.0,0.0,0.0,0.0,0.0,0.0,0.0,0.0,0.0,0.0,0.0,0.0,0.0,0.0,0.0,0.0,0.0,0.0,0.0,0.0,0.0,130.56091817220053,1.2277825592509286,129.93749782017298,1.2262419903494288,126.78214863368443,3.6412914384307395,-0.011450480119026274
2023-11-14,133.09002359550504,134.58764041410248,132.2271599799759,132.52468872070312,32395200,0.0,0.0,130.99334106445312,129.4233211517334,70.17638430580772,-0.48006806404615077,-1.164695902445226,5.208750215648605,0.01158311231632081,0.0,0.0,0.0,0.0,0.0,0.0,0.0,0.0,0.0,18324800.0,26913300.0,23747800.0,0.0,0.0,0.0,0.0,0.0,0.0,0.0,0.0,0.0,0.0,0.0,0.0,0.0,0.0,0.0,0.0,0.0,0.0,0.0,0.0,0.0,0.0,0.0,0.0,131.6783447265625,0.773760595503271,130.57791791643416,1.2416884182659533,127.34960174560547,3.8827808137832087,-0.007428227401265586
2023-11-15,133.76443017621472,133.92312224608222,132.4750987262402,133.5164794921875,23861500,0.0,0.0,131.54478454589844,129.25768852233887,85.21700301508332,-0.1602585304766535,-0.9638084280515115,5.009725928560853,0.007483818909958639,0.0,0.0,0.0,0.0,0.0,0.0,0.0,0.0,0.0,32395200.0,18324800.0,26913300.0,0.0,0.0,0.0,0.0,0.0,0.0,0.0,0.0,0.0,0.0,0.0,0.0,0.0,0.0,0.0,0.0,0.0,0.0,0.0,0.0,0.0,0.0,0.0,0.0,132.3494618733724,1.263775054657714,131.19708469935827,1.4863039463724514,128.22380447387695,3.787126785117961,-0.01687002347340827
2023-11-16,134.08182888951592,136.09518745195533,133.21896525810197,135.80755615234375,28013200,0.0,0.0,132.87181396484374,129.2170238494873,87.42402125805427,0.2748947525373069,-0.7160677919337478,4.949754253183118,0.017159504720840824,0.0,0.0,0.0,0.0,0.0,0.0,0.0,0.0,0.0,23861500.0,32395200.0,18324800.0,0.0,0.0,0.0,0.0,0.0,0.0,0.0,0.0,0.0,0.0,0.0,0.0,0.0,0.0,0.0,0.0,0.0,0.0,0.0,0.0,0.0,0.0,0.0,0.0,133.94957478841147,1.6837408634171567,132.04153442382812,2.153586795685387,129.2694478716169,3.709444836761774,0.011972618486558062
2023-11-17,134.88516720728182,134.94467294789172,132.5544248086727,134.20082092285156,37240600,0.0,0.0,133.4113525390625,129.2026424407959,78.47769993337236,0.48452149724644755,-0.47594993409770875,4.934024986627368,-0.011830970786999573,0.0,0.0,0.0,0.0,0.0,0.0,0.0,0.0,0.0,28013200.0,23861500.0,32395200.0,0.0,0.0,0.0,0.0,0.0,0.0,0.0,0.0,0.0,0.0,0.0,0.0,0.0,0.0,0.0,0.0,0.0,0.0,0.0,0.0,0.0,0.0,0.0,0.0,134.50828552246094,1.1760777719558155,132.53318568638392,2.20430887148077,130.03809411185128,3.5185404748370246,-0.006899098969702644
2023-11-20,132.5941051889177,135.53976041427174,132.52467173584012,135.13311767578125,27815500,0.0,0.0,134.23653259277344,129.19024391174315,81.03009945281924,0.717608613736644,-0.23723822453083823,4.917967691858835,0.00694702719788598,0.0,0.0,0.0,0.0,0.0,0.0,0.0,0.0,0.0,37240600.0,28013200.0,23861500.0,0.0,0.0,0.0,0.0,0.0,0.0,0.0,0.0,0.0,0.0,0.0,0.0,0.0,0.0,0.0,0.0,0.0,0.0,0.0,0.0,0.0,0.0,0.0,0.0,135.0471649169922,0.8068087951808226,133.3847154889788,1.8047608970630102,130.90025329589844,3.135908329659185,-0.005256611818890589
2023-11-21,135.17278005589571,136.05548383220494,134.8454984904721,135.8472137451172,22635300,0.0,0.0,134.90103759765626,129.09899787902833,79.28731647416237,0.9490137776148799,1.2175898305377686e-05,4.7669254269340895,0.005284389804794065,0.0,0.0,0.0,0.0,0.0,0.0,0.0,0.0,0.0,27815500.0,37240600.0,28013200.0,0.0,0.0,0.0,0.0,0.0,0.0,0.0,0.0,0.0,0.0,0.0,0.0,0.0,0.0,0.0,0.0,0.0,0.0,0.0,0.0,0.0,0.0,0.0,0.0,135.06038411458334,0.8256027855428224,134.0052991594587,1.796785514305879,131.64552143641882,2.96690130808265,-0.010975725317143525
2023-11-22,136.3431389603489,138.27715149054157,136.3431389603489,137.3547821044922,17813900,0.0,0.0,135.6686981201172,129.7377197265625,79.82650266670282,1.2397610112859638,0.24796194297583707,4.980638414210104,0.011097528744340446,0.0,0.0,0.0,0.0,0.0,0.0,0.0,0.0,0.0,22635300.0,27815500.0,37240600.0,0.0,0.0,0.0,0.0,0.0,0.0,0.0,0.0,0.0,0.0,0.0,0.0,0.0,0.0,0.0,0.0,0.0,0.0,0.0,0.0,0.0,0.0,0.0,0.0,136.11170450846353,1.134202244475111,134.91209411621094,1.6250759601414337,132.42479596819197,2.928380713620059,0.013168616914231324
2023-11-24,136.8985310833705,136.99771741092056,134.87526015124462,135.56951904296875,12514300,0.0,0.0,135.6210906982422,130.4523136138916,70.37032755044065,1.3110119500089183,0.46057194438245336,4.721465478312045,-0.012997458364174763,0.0,0.0,0.0,0.0,0.0,0.0,0.0,0.0,0.0,17813900.0,22635300.0,27815500.0,0.0,0.0,0.0,0.0,0.0,0.0,0.0,0.0,0.0,0.0,0.0,0.0,0.0,0.0,0.0,0.0,0.0,0.0,0.0,0.0,0.0,0.0,0.0,0.0,136.25717163085938,0.9606456947139963,135.3470698765346,1.2418606258832556,132.96249389648438,2.7471787502809946,0.0020525608513406457
2023-11-27,134.914934431914,137.28534253189412,134.88518155844346,135.2918243408203,23436500,0.0,0.0,135.83929138183595,131.1584774017334,67.34235463396337,1.3297427439935916,0.634406104304681,4.296949432203153,-0.002048356475030544,0.0,0.0,0.0,0.0,0.0,0.0,0.0,0.0,0.0,12514300.0,17813900.0,22635300.0,0.0,0.0,0.0,0.0,0.0,0.0,0.0,0.0,0.0,0.0,0.0,0.0,0.0,0.0,0.0,0.0,0.0,0.0,0.0,0.0,0.0,0.0,0.0,0.0,136.0720418294271,1.1195291630220028,135.60069056919642,0.9535052533016064,133.39888763427734,2.5807085555589055,-0.005757901050625236
2023-11-28,134.964518417708,136.1249258052487,134.309924978467,136.07533264160156,18730000,0.0,0.0,136.027734375,131.79025535583497,67.47054174202367,1.391766190693545,0.7858781215824537,4.022475820583081,0.005791246474786904,0.0,0.0,0.0,0.0,0.0,0.0,0.0,0.0,0.0,23436500.0,12514300.0,17813900.0,0.0,0.0,0.0,0.0,0.0,0.0,0.0,0.0,0.0,0.0,0.0,0.0,0.0,0.0,0.0,0.0,0.0,0.0,0.0,0.0,0.0,0.0,0.0,0.0,135.64555867513022,0.39725034121257574,135.6389443533761,0.9684422088953081,133.84023938860213,2.461232525748126,0.016371547172580936
2023-11-29,136.44230617886066,137.15639020757226,133.7346738823066,133.88345336914062,23967200,0.0,0.0,135.63498229980468,132.33128356933594,58.21599371442192,1.2496487076473954,0.8786322387954422,3.4776447595912527,-0.01610783695994311,0.0,0.0,0.0,0.0,0.0,0.0,0.0,0.0,0.0,18730000.0,23436500.0,12514300.0,0.0,0.0,0.0,0.0,0.0,0.0,0.0,0.0,0.0,0.0,0.0,0.0,0.0,0.0,0.0,0.0,0.0,0.0,0.0,0.0,0.0,0.0,0.0,0.0,135.08353678385416,1.1106851336233383,135.5936061314174,1.0509077493240493,134.06339590890067,2.296517677204151,0.018561833716050247
2023-11-30,133.94296597089948,134.43886735166274,130.2038653225059,131.44361877441406,38988300,0.0,0.0,134.45274963378907,132.63279151916504,55.71636833987748,0.929431410437644,0.8887920731238825,3.0856183403687805,-0.018223570824689617,0.0,0.0,0.0,0.0,0.0,0.0,0.0,0.0,0.0,23967200.0,18730000.0,23436500.0,0.0,0.0,0.0,0.0,0.0,0.0,0.0,0.0,0.0,0.0,0.0,0.0,0.0,0.0,0.0,0.0,0.0,0.0,0.0,0.0,0.0,0.0,0.0,0.0,133.8008015950521,2.316962844694493,135.06653485979353,1.9014099660275214,134.22562517438615,1.9832944215482504,0.00508112485036305
2023-12-01,130.77911376953125,131.02706446186437,129.5988660526321,130.77911376953125,31442300,0.0,0.0,133.49466857910156,132.8495002746582,48.010909417127586,0.6149481554201373,0.8340232895831335,2.7635514412526168,-0.005055437541043761,0.0,0.0,0.0,0.0,0.0,0.0,0.0,0.0,0.0,38988300.0,23967200.0,18730000.0,0.0,0.0,0.0,0.0,0.0,0.0,0.0,0.0,0.0,0.0,0.0,0.0,0.0,0.0,0.0,0.0,0.0,0.0,0.0,0.0,0.0,0.0,0.0,0.0,132.03539530436197,1.634588842331297,134.34252057756697,2.442515863838428,134.17390986851282,2.0674016686520815,0.020035601762497857
2023-12-04,128.81534267439568,128.96410702955671,126.85156995087304,128.21034240722656,36669900,0.0,0.0,132.0783721923828,132.8579299926758,43.10179756100131,0.15663395058814444,0.6985454217841357,2.748329615495855,-0.01964206124558676,0.0,0.0,0.0,0.0,0.0,0.0,0.0,0.0,0.0,31442300.0,38988300.0,23967200.0,0.0,0.0,0.0,0.0,0.0,0.0,0.0,0.0,0.0,0.0,0.0,0.0,0.0,0.0,0.0,0.0,0.0,0.0,0.0,0.0,0.0,0.0,0.0,0.0,130.14435831705728,1.7075435221356723,133.03617204938615,2.954639479904533,133.97413308279855,2.489074443326729,-0.013130667744083668
2023-12-05,127.89294345007906,131.0567961953268,127.19868465026924,129.91622924804688,27384800,0.0,0.0,130.84655151367187,132.89462585449218,43.625748177006045,-0.06814699125851575,0.5452069391756054,2.701164484131626,0.013305376218417875,0.0,0.0,0.0,0.0,0.0,0.0,0.0,0.0,0.0,36669900.0,31442300.0,38988300.0,0.0,0.0,0.0,0.0,0.0,0.0,0.0,0.0,0.0,0.0,0.0,0.0,0.0,0.0,0.0,0.0,0.0,0.0,0.0,0.0,0.0,0.0,0.0,0.0,129.6352284749349,1.3072366479778612,132.22855922154017,2.919186344203104,133.7878145490374,2.6950250580603243,0.007460293531927453
2023-12-06,130.36255115310777,130.75926618523522,128.81534134061891,128.95419311523438,23576200,0.0,0.0,129.86069946289064,132.84751510620117,38.83497538417417,-0.3202244350236185,0.3721206643357606,2.7637009296261694,-0.007405049687639109,0.0,0.0,0.0,0.0,0.0,0.0,0.0,0.0,0.0,27384800.0,36669900.0,31442300.0,0.0,0.0,0.0,0.0,0.0,0.0,0.0,0.0,0.0,0.0,0.0,0.0,0.0,0.0,0.0,0.0,0.0,0.0,0.0,0.0,0.0,0.0,0.0,0.0,129.02692159016928,0.8552657784108648,131.32318333217077,2.790753636948879,133.4619369506836,2.9900425434478874,-0.05046378295344278
2023-12-07,133.93304938270325,137.42419963070353,133.59584004786453,135.80755615234375,56767100,0.0,0.0,130.73348693847657,133.0999298095703,50.0,0.03263529644004848,0.30422359075661815,2.793315257279968,0.05314571687471359,0.0,0.0,0.0,0.0,0.0,0.0,0.0,0.0,0.0,23576200.0,27384800.0,36669900.0,0.0,0.0,0.0,0.0,0.0,0.0,0.0,0.0,0.0,0.0,0.0,0.0,0.0,0.0,0.0,0.0,0.0,0.0,0.0,0.0,0.0,0.0,0.0,0.0,131.559326171875,3.710387022323225,131.28492954799108,2.715580608268229,133.4619369506836,2.9900425434478874,0.014371475598990102
2023-12-08,133.09992075278979,135.281883689647,132.93131610801126,133.88345336914062,32260100,0.0,0.0,131.35435485839844,133.3354820251465,49.37305917822192,0.1552307580841159,0.27442502422211773,2.639062686384103,-0.014167862508656981,0.0,0.0,0.0,0.0,0.0,0.0,0.0,0.0,0.0,56767100.0,23576200.0,27384800.0,0.0,0.0,0.0,0.0,0.0,0.0,0.0,0.0,0.0,0.0,0.0,0.0,0.0,0.0,0.0,0.0,0.0,0.0,0.0,0.0,0.0,0.0,0.0,0.0,132.8817342122396,3.5347881381465522,131.28492954799108,2.715580608268229,133.43926783970423,2.985208915219448,0.012754152734955282
2023-12-11,131.29485865478858,132.24698086173262,130.28321556791462,132.1973876953125,31138000,0.0,0.0,132.15176391601562,133.3701950073242,44.368352527386065,0.11501135652457606,0.2425422906826094,2.618175571972596,-0.01259353289296583,0.0,0.0,0.0,0.0,0.0,0.0,0.0,0.0,0.0,32260100.0,56767100.0,23576200.0,0.0,0.0,0.0,0.0,0.0,0.0,0.0,0.0,0.0,0.0,0.0,0.0,0.0,0.0,0.0,0.0,0.0,0.0,0.0,0.0,0.0,0.0,0.0,0.0,133.96279907226562,1.8063916733338101,131.39261082240515,2.7377758321317662,133.22957284109933,2.9600762803225957,0.005810552985858086
2023-12-12,130.72949879515335,131.9097463151557,130.18400433628165,131.43368530273438,29032800,0.0,0.0,132.45525512695312,133.39151840209962,41.549556245431425,0.02126763046427982,0.19828735863894348,2.59958838990774,-0.005776985505479892,0.0,0.0,0.0,0.0,0.0,0.0,0.0,0.0,0.0,31138000.0,32260100.0,56767100.0,0.0,0.0,0.0,0.0,0.0,0.0,0.0,0.0,0.0,0.0,0.0,0.0,0.0,0.0,0.0,0.0,0.0,0.0,0.0,0.0,0.0,0.0,0.0,0.0,132.50484212239584,1.2534899534285155,131.48612104143416,2.7244754355544534,132.91432080950057,2.8941381731588054,-0.0003772823347265586
2023-12-13,132.28664939416652,132.4056608757626,130.49148892278734,131.48329162597656,30104800,0.0,0.0,132.96107482910156,133.33944854736328,38.0932872075105,-0.04846347534100914,0.14893719184295295,2.6281376884446095,0.00037742473041002533,0.0,0.0,0.0,0.0,0.0,1.0,1.0,0.0,0.0,29032800.0,31138000.0,32260100.0,0.0,0.0,0.0,0.0,0.0,0.0,0.0,0.0,0.0,0.0,0.0,0.0,0.0,0.0,0.0,0.0,0.0,0.0,0.0,0.0,0.0,0.0,0.0,0.0,131.7047882080078,0.4273241018200895,131.9536852155413,2.319323426509603,132.49492863246374,2.6129287397462475,0.004774752997950937
2023-12-14,132.28667330356268,132.623882651504,128.62691824593966,130.8584747314453,38722400,0.0,0.0,131.97125854492188,133.20654830932617,39.974698324932994,-0.1523867609306535,0.08867240128823166,2.685298063760423,-0.00475206307055831,0.0,0.0,0.0,0.0,0.0,0.0,0.0,0.0,0.0,30104800.0,29032800.0,31138000.0,0.0,0.0,0.0,0.0,0.0,0.0,0.0,0.0,0.0,0.0,0.0,0.0,0.0,0.0,0.0,1.0,0.0,0.0,1.0,0.0,0.0,0.0,0.0,0.0,131.25848388671875,0.34730489494620986,132.08829171316964,2.205938717836684,132.1584254673549,2.486822959936663,-0.004977005598319151
2023-12-15,130.54103841415332,132.41554450805762,130.10464289875466,131.5130157470703,50847100,0.0,0.0,131.4971710205078,132.9918212890625,42.08547563591552,-0.17985743915266994,0.034966433200051335,2.63764593019916,0.005001900083034583,0.0,0.0,0.0,0.0,0.0,0.0,0.0,0.0,0.0,38722400.0,30104800.0,29032800.0,0.0,0.0,0.0,0.0,0.0,0.0,0.0,0.0,0.0,0.0,0.0,0.0,0.0,0.0,0.0,0.0,1.0,0.0,0.0,1.0,0.0,0.0,0.0,0.0,131.28492736816406,0.369617734108161,132.45383780343192,1.7687092547935384,131.88851056780135,2.3200490397282767,-0.02356416808110362
2023-12-18,131.5427856233193,136.02572254525143,131.34441299342456,134.68679809570312,32258000,0.0,0.0,131.99505310058595,133.01612014770507,47.356470762535835,0.053848825825326685,0.03874291172510641,2.651571555638465,0.02413283834002189,0.0,0.0,0.0,0.0,0.0,0.0,0.0,0.0,0.0,50847100.0,38722400.0,30104800.0,0.0,0.0,0.0,0.0,0.0,0.0,0.0,0.0,0.0,0.0,0.0,0.0,0.0,0.0,0.0,0.0,0.0,1.0,0.0,0.0,1.0,0.0,0.0,0.0,132.3527628580729,2.0476563073814105,132.2937295096261,1.4334827525278275,131.7893295288086,2.150802637655262,-0.006220387017281115
2023-12-19,135.71829114427823,136.34313174933595,134.96452646649996,135.52984619140625,25476800,0.0,0.0,132.8142852783203,133.03595657348632,53.30414363828787,0.3035900629915318,0.0917123419783915,2.6696646053084176,0.006259322425231861,0.0,0.0,0.0,0.0,0.0,0.0,0.0,0.0,0.0,32258000.0,50847100.0,38722400.0,0.0,0.0,0.0,0.0,0.0,0.0,0.0,0.0,0.0,0.0,0.0,0.0,0.0,0.0,0.0,0.0,0.0,0.0,0.0,0.0,0.0,0.0,0.0,0.0,133.9098866780599,2.1181183200626217,132.52892848423548,1.8205876402850707,131.90692901611328,2.313004558055418,-0.012216284553753343
2023-12-20,137.83083424971508,140.5384516154751,136.93821779664987,137.20599365234375,49107200,0.0,0.0,133.95882568359374,133.10389556884766,61.930197337619624,0.6295063275926225,0.19927113910123773,2.760709302488467,0.012367367838448828,0.0,0.0,0.0,0.0,0.0,0.0,0.0,0.0,0.0,25476800.0,32258000.0,50847100.0,0.0,0.0,0.0,0.0,0.0,0.0,0.0,0.0,0.0,0.0,0.0,0.0,0.0,0.0,0.0,0.0,0.0,0.0,0.0,0.0,0.0,0.0,0.0,0.0,135.80754597981772,1.2823511385393314,133.24444362095423,2.5188794483409507,132.3185272216797,2.703893454773035,-0.014812761514298556
2023-12-21,138.34658204933325,139.53674241725346,138.03911046006232,139.26895141601562,27488300,0.0,0.0,135.64092102050782,133.19960403442383,66.61492575108936,1.0422463983554167,0.3678661909520735,2.9429977221247587,0.015035478471145058,0.0,0.0,0.0,0.0,0.0,0.0,0.0,0.0,0.0,49107200.0,25476800.0,32258000.0,0.0,0.0,0.0,0.0,0.0,0.0,0.0,0.0,0.0,0.0,0.0,0.0,0.0,0.0,0.0,0.0,0.0,0.0,0.0,0.0,0.0,0.0,0.0,0.0,137.33493041992188,1.872884269703122,134.36376735142298,3.222684472151085,132.92494419642858,3.2324524939671364,-0.0075622958637890925
2023-12-22,139.61607052198642,140.82607102846447,139.5565647812921,140.33016967773438,26532200,0.0,0.0,137.40435180664062,133.4376365661621,75.2062905528098,1.4383963846644576,0.5819722296945504,3.313916078875176,0.007619919952931431,0.0,0.0,0.0,0.0,0.0,0.0,0.0,0.0,0.0,27488300.0,49107200.0,25476800.0,0.0,0.0,0.0,0.0,0.0,0.0,0.0,0.0,0.0,0.0,0.0,0.0,0.0,0.0,0.0,0.0,0.0,0.0,0.0,0.0,0.0,0.0,0.0,0.0,138.9350382486979,1.5886291140126638,135.62760707310267,3.615567075441923,133.79064614432198,3.4857012864297716,-0.0002119881356219544
2023-12-26,140.42934263685476,141.5104039629761,140.03262760475596,140.35992431640625,16780300,0.0,0.0,138.53897705078126,133.6910415649414,73.3481519687908,1.734751913379938,0.812528166431628,3.640810561169074,0.00021203308412021116,0.0,0.0,0.0,0.0,0.0,0.0,0.0,0.0,0.0,26532200.0,27488300.0,49107200.0,0.0,0.0,0.0,0.0,0.0,0.0,0.0,0.0,0.0,0.0,0.0,0.0,0.0,0.0,0.0,0.0,0.0,0.0,0.0,0.0,0.0,0.0,0.0,0.0,139.9863484700521,0.6214621746229214,136.9849570138114,3.296143272329696,134.53662436349052,3.7034808504379493,0.008192567197288891
2023-12-27,140.4293610317835,140.91534987341666,138.74329922394273,139.2193603515625,19628600,0.0,0.0,139.2768798828125,133.84824295043944,72.76729329873251,1.8561848812648805,1.0212595093982786,3.812981624179658,-0.00812599444177975,0.0,0.0,0.0,0.0,0.0,0.0,0.0,0.0,0.0,16780300.0,26532200.0,27488300.0,0.0,0.0,0.0,0.0,0.0,0.0,0.0,0.0,0.0,0.0,0.0,0.0,0.0,0.0,0.0,0.0,0.0,0.0,0.0,0.0,0.0,0.0,0.0,0.0,139.96981811523438,0.6500857450548051,138.0858633858817,2.300500525211004,135.26985059465682,3.5251055972375944,0.0009983784578453392
2023-12-28,139.62599994946305,139.98304957042203,138.60444425438513,139.08050537109375,16045700,0.0,0.0,139.6517822265625,134.10809555053712,60.338352387746056,1.9190948162796246,1.2008265707745478,3.9885534328663024,-0.0009973826924509765,0.0,0.0,0.0,0.0,0.0,0.0,0.0,0.0,0.0,19628600.0,16780300.0,26532200.0,0.0,0.0,0.0,0.0,0.0,0.0,0.0,0.0,0.0,0.0,0.0,0.0,0.0,0.0,0.0,0.0,0.0,0.0,0.0,0.0,0.0,0.0,0.0,0.0,139.55326334635416,0.7020303532294876,138.71353585379464,1.7526967194389735,135.50363268171037,3.669097654643353,0.0038655538817329305
2023-12-29,138.48544663873915,139.20945853329908,137.64240810278974,138.54495239257812,18733000,0.0,0.0,139.506982421875,134.46316223144532,66.14023965003487,1.9037910255830468,1.3414194617362476,4.054415568489622,-0.0038506689135667793,0.0,0.0,0.0,0.0,0.0,1.0,1.0,0.0,0.0,16045700.0,19628600.0,16780300.0,0.0,0.0,0.0,0.0,0.0,0.0,0.0,0.0,0.0,0.0,0.0,0.0,0.0,0.0,0.0,0.0,0.0,0.0,0.0,0.0,0.0,0.0,0.0,0.0,138.94827270507812,0.3561188456930502,139.1442653111049,1.082090584718976,135.8365968976702,3.7218909689556905,0.011001146657978689
2024-01-02,137.41427392066478,138.30689034141093,135.36123496575607,137.03738403320312,23711200,0.0,0.0,138.84842529296876,134.7760757446289,66.96801692982211,1.7498433885278075,1.4231042470945596,3.996205660363266,-0.010881438358744333,0.0,0.0,0.0,0.0,0.0,0.0,0.0,0.0,0.0,18733000.0,16045700.0,19628600.0,0.0,0.0,0.0,0.0,0.0,0.0,0.0,0.0,0.0,0.0,0.0,0.0,0.0,0.0,0.0,1.0,0.0,0.0,1.0,0.0,0.0,0.0,0.0,0.0,138.220947265625,1.059396380990627,139.12017822265625,1.1331012445519908,136.18231092180525,3.579932665008021,-0.005398891117600391
2024-01-03,136.12494105781897,138.48543668179107,135.95633638949388,137.78125,24212100,0.0,0.0,138.3326904296875,135.25462112426757,72.28423089367483,1.668627643017885,1.4722089262792246,3.732965791137629,0.005428197364134135,0.0,0.0,0.0,0.0,0.0,0.0,0.0,0.0,0.0,23711200.0,18733000.0,16045700.0,0.0,0.0,0.0,0.0,0.0,0.0,0.0,0.0,0.0,0.0,0.0,0.0,0.0,0.0,0.0,0.0,1.0,0.0,0.0,1.0,0.0,0.0,0.0,0.0,137.7878621419271,0.7538059298412774,138.90764944893974,1.2354436819211472,136.63570840018136,3.325150356299742,0.018549868790089352
2024-01-04,137.28533097133266,138.01927043379123,135.2323072061994,135.27197265625,27137700,0.0,0.0,137.543212890625,135.52240829467775,61.34203195931952,1.3858111011024903,1.4549293612438778,3.51562910621692,-0.018212037877069598,0.0,0.0,0.0,0.0,0.0,0.0,0.0,0.0,0.0,24212100.0,23711200.0,18733000.0,0.0,0.0,0.0,0.0,0.0,0.0,0.0,0.0,0.0,0.0,0.0,0.0,0.0,0.0,0.0,0.0,0.0,1.0,0.0,0.0,1.0,0.0,0.0,0.0,136.69686889648438,1.2888293586492177,138.18504987444197,1.6682054965000537,136.90632847377233,3.013089482969384,0.00486257245146815
2024-01-05,135.6290289280703,136.03567169625202,134.0421384410589,134.6173858642578,22513900,0.0,0.0,136.6505889892578,135.8055679321289,61.23288920503771,1.0962207204559604,1.3831876330862944,3.1698193505522827,-0.004839042257893333,0.0,0.0,0.0,0.0,0.0,0.0,0.0,0.0,0.0,27137700.0,24212100.0,23711200.0,0.0,0.0,0.0,0.0,0.0,0.0,0.0,0.0,0.0,0.0,0.0,0.0,0.0,0.0,0.0,0.0,0.0,0.0,0.0,0.0,0.0,0.0,0.0,0.0,135.89020284016928,1.6700794854112202,137.36468723842077,1.8250406908941732,137.17482212611608,2.5671997108963023,-0.022399860999546717
2024-01-08,135.17278901977872,137.87049368814525,135.1430361482217,137.70188903808594,21404000,0.0,0.0,136.4819763183594,135.90028457641603,66.14908662345314,1.1028983595088562,1.3271297783708067,3.198058165079137,0.022913111512493645,0.0,0.0,0.0,0.0,0.0,0.0,0.0,0.0,0.0,22513900.0,27137700.0,24212100.0,0.0,0.0,0.0,0.0,0.0,0.0,0.0,0.0,0.0,0.0,0.0,0.0,0.0,0.0,0.0,0.0,0.0,0.0,0.0,0.0,0.0,0.0,0.0,0.0,135.8637491861979,1.6251736994511312,137.14790562220983,1.6497259344971507,137.61688450404577,1.983830146174113,-0.014969908571437318
2024-01-09,137.3646876105234,140.33018342656837,137.01755057751834,139.7946014404297,24759600,0.0,0.0,137.03341979980468,136.19584197998046,64.12508407662557,1.2625015064237743,1.3142041239814002,3.2741005728373755,0.01519741244628059,0.0,0.0,0.0,0.0,0.0,0.0,0.0,0.0,0.0,21404000.0,22513900.0,27137700.0,0.0,0.0,0.0,0.0,0.0,0.0,0.0,0.0,0.0,0.0,0.0,0.0,0.0,0.0,0.0,0.0,0.0,0.0,0.0,0.0,0.0,0.0,0.0,0.0,137.3712921142578,2.604392640343161,137.24991934640067,1.8040132722649225,137.98172760009766,1.869925225647082,-0.009347723573903899
2024-01-10,139.84418693539638,141.82779242384171,139.75492832050645,141.1136932373047,21320200,0.0,0.0,137.6999084472656,136.64165725708008,65.04540225584621,1.4783859214904567,1.3470404834832117,3.307865870735113,0.009435928020704809,0.0,0.0,0.0,0.0,0.0,0.0,0.0,0.0,0.0,24759600.0,21404000.0,22513900.0,0.0,0.0,0.0,0.0,0.0,0.0,0.0,0.0,0.0,0.0,0.0,0.0,0.0,0.0,0.0,0.0,0.0,0.0,0.0,0.0,0.0,0.0,0.0,0.0,139.53672790527344,1.7204580911935528,137.61688232421875,2.303467987577382,138.38057381766183,1.9019515196501764,0.0014075755915412547
2024-01-11,142.3137898243085,144.02960443815402,139.4871457788245,140.91534423828125,24008700,0.0,0.0,138.82858276367188,137.11574020385743,60.85948109498964,1.6148557177432394,1.4006035303352173,3.1998675259112783,-0.0014055971073614337,0.0,0.0,0.0,0.0,0.0,0.0,0.0,0.0,0.0,21320200.0,24759600.0,21404000.0,0.0,0.0,0.0,0.0,0.0,0.0,0.0,0.0,0.0,0.0,0.0,0.0,0.0,0.0,0.0,0.0,0.0,0.0,0.0,0.0,0.0,0.0,0.0,0.0,140.60787963867188,0.7112676375013511,138.1708766392299,2.5894482501277762,138.64552743094308,1.982404741335714,-0.003995868024406213
2024-01-12,141.50052266915094,142.02617701307062,140.6574992561249,141.48068237304688,18785500,0.0,0.0,140.20124206542968,137.61560974121093,57.09741737601015,1.7484717829055398,1.4701771808492818,3.0510976761148134,0.004011899043511402,0.0,0.0,0.0,0.0,0.0,0.0,0.0,0.0,0.0,24008700.0,21320200.0,24759600.0,0.0,0.0,0.0,0.0,0.0,0.0,0.0,0.0,0.0,0.0,0.0,0.0,0.0,0.0,0.0,0.0,0.0,0.0,0.0,0.0,0.0,0.0,0.0,0.0,141.16990661621094,0.28683054166611605,138.6993669782366,2.860050822659832,138.80350821358817,2.1193087834170914,0.0011227985768023085
2024-01-16,140.83601733734196,143.1667602974658,140.29052269415214,141.32200622558594,22670500,0.0,0.0,140.92526550292968,138.13878631591797,53.37849005647709,1.8205732035867754,1.5402563853967806,2.709427695905153,-0.0011215393140566743,0.0,0.0,0.0,0.0,0.0,0.0,0.0,0.0,0.0,18785500.0,24008700.0,21320200.0,0.0,0.0,0.0,0.0,0.0,0.0,0.0,0.0,0.0,0.0,0.0,0.0,0.0,0.0,0.0,0.0,0.0,0.0,0.0,0.0,0.0,0.0,0.0,0.0,141.23934427897134,0.29159312358151723,139.56365748814173,2.5489070348532517,138.87435368129186,2.18967816812118,0.0072101432687003975
2024-01-17,140.19133701313217,140.67731071751322,137.76140795638582,140.3103485107422,20968600,0.0,0.0,141.02841491699218,138.57865295410156,49.841718038882114,1.7756136077388192,1.5873278298651885,2.2527662982334054,-0.007158529247234813,0.0,0.0,0.0,0.0,0.0,0.0,0.0,0.0,0.0,22670500.0,18785500.0,24008700.0,0.0,0.0,0.0,0.0,0.0,0.0,0.0,0.0,0.0,0.0,0.0,0.0,0.0,0.0,0.0,0.0,0.0,0.0,0.0,0.0,0.0,0.0,0.0,0.0,141.03767903645834,0.634863607535902,140.37693786621094,1.3193137184706658,138.87081255231584,2.1871295154094406,-0.014008755069818024
2024-01-18,140.8855776587382,143.02787513950906,140.8260719176682,142.30384826660156,25746400,0.0,0.0,141.26644592285157,138.9595054626465,59.33927229953679,1.8791795617984235,1.6456981762518357,2.20351080045609,0.014207788498984186,0.0,0.0,0.0,0.0,0.0,0.0,0.0,0.0,0.0,20968600.0,22670500.0,18785500.0,0.0,0.0,0.0,0.0,0.0,0.0,0.0,0.0,0.0,0.0,0.0,0.0,0.0,0.0,0.0,0.0,0.0,0.0,0.0,0.0,0.0,0.0,0.0,0.0,141.31206766764322,0.996787038616928,141.03436061314173,0.8139611894385272,139.09113311767578,2.3724481715858317,-0.019811504981542938
2024-01-19,143.5535284040744,145.24950254806373,143.19647882633325,145.18008422851562,34271900,0.0,0.0,142.11939392089843,139.44201736450196,65.84230850932288,2.168349151692439,1.7502283713399565,2.4551816297239575,0.020211933808884197,0.0,0.0,0.0,0.0,0.0,0.0,0.0,0.0,0.0,25746400.0,20968600.0,22670500.0,0.0,0.0,0.0,0.0,0.0,0.0,0.0,0.0,0.0,0.0,0.0,0.0,0.0,0.0,0.0,0.0,0.0,0.0,0.0,0.0,0.0,0.0,0.0,0.0,142.59809366861978,2.4481659988035465,141.803715297154,1.60633495819592,139.52681732177734,2.8768085518310174,0.0026713602966244032
2024-01-22,145.89419084442545,147.17360973542569,144.64450969157375,144.7932891845703,32200400,0.0,0.0,142.78191528320312,139.82138214111328,66.35505508120194,2.339340545947749,1.868050806261515,2.668415410333559,-0.00266424314327085,0.0,0.0,0.0,0.0,0.0,0.0,0.0,0.0,0.0,34271900.0,25746400.0,20968600.0,0.0,0.0,0.0,0.0,0.0,0.0,0.0,0.0,0.0,0.0,0.0,0.0,0.0,0.0,0.0,0.0,0.0,0.0,0.0,0.0,0.0,0.0,0.0,0.0,144.0924072265625,1.5609644347163265,142.3293718610491,1.9152497578911367,139.97312709263392,3.181331725878788,-0.007140838517001646
2024-01-23,144.6941039011729,145.9735228014156,144.30730143052193,145.8346710205078,21636100,0.0,0.0,143.6844482421875,140.1496681213379,73.60297446957284,2.529722205898338,2.0003850861888797,2.9822934038366813,0.0071921968331698505,0.0,0.0,0.0,0.9952,0.9952,1.0,3.0,1.0,0.0,32200400.0,34271900.0,25746400.0,0.0,0.0,0.0,0.0,0.0,0.0,0.0,0.0,0.0,0.0,0.0,0.0,0.0,0.0,0.0,0.0,0.0,0.0,0.0,0.0,0.0,0.0,0.0,0.0,145.26934814453125,0.5263982020141917,143.0321328299386,2.1923969772146394,140.60150473458427,3.4169534519446954,-0.011163418403469128
2024-01-24,147.32237177289502,148.6216460696022,146.88599128129252,147.48106384277344,25233500,0.0,0.0,145.11859130859375,140.50721282958983,74.82231203264413,2.7813890625543536,2.1565858814619743,3.403925157112427,0.01128944722640135,0.0,0.0,0.0,0.0,0.0,0.0,0.0,0.0,0.0,21636100.0,32200400.0,34271900.0,0.0,0.0,0.0,0.0,0.0,0.0,0.0,0.0,0.0,0.9952,0.0,0.0,0.9952,0.0,0.0,1.0,0.0,0.0,3.0,0.0,0.0,1.0,0.0,0.0,146.03634134928384,1.355188674854205,143.8893301827567,2.616680612252275,141.29434858049666,3.766619194506319,-0.020873200325061347
2024-01-25,148.83985855855067,151.79542676635216,148.3141891335314,150.62509155273438,29149100,0.0,0.0,146.7828399658203,141.02047119140624,88.05316495143236,3.19767283807883,2.3648032727853456,4.08610299519762,0.02131817894474053,0.0,0.0,0.0,0.0,0.0,0.0,0.0,0.0,0.0,25233500.0,21636100.0,32200400.0,0.0,0.0,0.0,0.0,0.0,0.0,0.0,0.0,0.0,0.0,0.9952,0.0,0.0,0.9952,0.0,0.0,1.0,0.0,0.0,3.0,0.0,0.0,1.0,0.0,147.98027547200522,2.433914831494061,145.21834237234933,3.3540403419069773,142.39099993024553,4.098716460569323,-0.002102673974537006
2024-01-26,149.861412918024,151.2895962737746,149.77213916215013,150.94247436523438,26115500,0.0,0.0,147.93531799316406,141.60662689208985,91.15006057808804,3.5126986661897206,2.594382351466221,4.620088246338102,0.002107104528390469,0.0,0.0,0.0,0.0,0.0,0.0,0.0,0.0,0.0,29149100.0,25233500.0,21636100.0,0.0,0.0,0.0,0.0,0.0,0.0,0.0,0.0,0.0,0.0,0.0,0.9952,0.0,0.0,0.9952,0.0,0.0,1.0,0.0,0.0,3.0,0.0,0.0,1.0,149.68287658691406,1.9134177491115165,146.73721749441964,3.1629609430120844,143.5570776803153,4.03880706883271,-0.00859884756059981
2024-01-29,150.81355197801503,152.51945423808056,150.18871128574926,152.2516632080078,27784300,0.0,0.0,149.42699279785157,142.26518478393555,90.28013869222424,3.823919736455764,2.8402898284641296,5.149453885021069,0.00867342905487023,0.0,0.0,0.0,0.0,0.0,0.0,0.0,0.0,0.0,26115500.0,29149100.0,25233500.0,0.0,0.0,0.0,0.0,0.0,0.0,0.0,0.0,0.0,0.0,0.0,0.0,0.0,0.0,0.0,0.0,0.0,0.0,0.0,0.0,0.0,0.0,0.0,0.0,151.27307637532553,0.8622105915868071,148.15833391462053,3.072547184929493,144.59634726388114,4.280968247146664,0.01353507810687482
2024-01-30,151.54745682095233,152.3607271720474,149.95065385559957,150.21844482421875,36331800,0.0,0.0,150.30374755859376,142.84885940551757,78.95313245669132,3.8619824163168914,3.044628346034682,5.362743435329883,-0.013354326257909332,0.0,0.0,0.0,0.0,0.0,0.0,0.0,0.0,0.0,27784300.0,26115500.0,29149100.0,0.0,0.0,0.0,0.0,0.0,0.0,0.0,0.0,0.0,0.0,0.0,0.0,0.0,0.0,0.0,0.0,0.0,0.0,0.0,0.0,0.0,0.0,0.0,0.0,151.1375274658203,1.0305476859821132,148.8780997140067,2.8399214586265713,145.34090750558036,4.288060323607605,0.08108491565757014
2024-01-31,142.44270331878081,142.81959319917652,138.72344307921892,138.95156860351562,71910000,0.0,0.0,148.59784851074218,142.9445686340332,46.13202072210724,2.9490102599546617,3.025504728818678,5.269843453053834,-0.0750032809478709,0.0,0.0,0.0,0.0,0.0,0.0,0.0,0.0,0.0,36331800.0,27784300.0,26115500.0,0.0,0.0,0.0,0.0,0.0,0.0,0.0,0.0,0.0,0.0,0.0,0.0,0.0,0.0,0.0,0.0,0.0,0.0,0.0,0.0,0.0,0.0,0.0,0.0,147.14055887858072,7.164367769934737,148.04356820242745,4.571035008004756,145.18647003173828,4.486367345591102,-0.0075093485394917
2024-02-01,140.9550214666243,141.8873186018574,139.63592181078502,140.00289916992188,40466500,0.0,0.0,146.4734100341797,143.0556510925293,48.416004085680626,2.283978555737974,2.8771994942025376,5.177890873410534,0.007566165513439582,0.0,0.0,0.0,0.0,0.0,0.0,0.0,0.0,0.0,71910000.0,36331800.0,27784300.0,0.0,0.0,0.0,0.0,0.0,0.0,0.0,0.0,0.0,0.0,0.0,0.0,0.0,0.0,0.0,0.0,0.0,0.0,0.0,0.0,0.0,0.0,0.0,0.0,143.0576375325521,6.223680164601685,147.21045793805803,5.481495979022679,145.12129538399833,4.559224111830409,-0.008568348070987053
2024-02-02,138.11842568090873,141.45088304766435,135.38105593217287,141.21286010742188,62499600,0.0,0.0,144.5274871826172,143.3526954650879,49.54524114759246,1.8334351750184794,2.668446630365726,4.869053974212175,0.008642399155116554,0.0,0.0,0.0,0.0,0.0,0.0,0.0,0.0,0.0,40466500.0,71910000.0,36331800.0,0.0,0.0,0.0,0.0,0.0,0.0,0.0,0.0,0.0,0.0,0.0,0.0,0.0,0.0,0.0,0.0,0.0,0.0,0.0,0.0,0.0,0.0,0.0,0.0,140.05577596028647,1.131572703201287,146.31500026157923,5.924044649253367,145.10216522216797,4.576205164989875,-0.009048052762675729
2024-02-05,141.64929185123162,144.27756337900828,141.60961126191953,142.50222778320312,38505400,0.0,0.0,142.57760009765624,143.74693756103517,51.929897226179754,1.562407039759023,2.4472387122443857,4.423354111526912,0.009130667524193115,0.0,0.0,0.0,0.0,0.0,0.0,0.0,0.0,0.0,62499600.0,40466500.0,71910000.0,0.0,0.0,0.0,0.0,0.0,0.0,0.0,0.0,0.0,0.0,0.0,0.0,0.0,0.0,0.0,0.0,0.0,0.0,0.0,0.0,0.0,0.0,0.0,0.0,141.23932902018228,1.2498745264225328,145.1545911516462,5.731496778837533,145.18646676199776,4.511626658802994,-0.002914590300891806
2024-02-06,143.46425685279377,144.1684434401665,142.01623336193828,142.9187774658203,29128200,0.0,0.0,141.11766662597657,144.00778198242188,54.349961372355224,1.3654868852231061,2.23088834684013,4.196098511075845,0.002923109968855364,0.0,0.0,0.0,0.0,0.0,0.0,0.0,0.0,0.0,38505400.0,62499600.0,40466500.0,0.0,0.0,0.0,0.0,0.0,0.0,0.0,0.0,0.0,0.0,0.0,0.0,0.0,0.0,0.0,0.0,0.0,0.0,0.0,0.0,0.0,0.0,0.0,0.0,142.21128845214844,0.8893946138742975,144.0083487374442,5.154326677555059,145.37278311593192,4.3455721848695,-0.009894160872133906
2024-02-07,143.57336464859975,144.4263156427516,142.7501665270815,144.3469696044922,25208900,0.0,0.0,142.19674682617188,144.235400390625,53.472699866069526,1.3095734659768254,2.0466253706674693,4.077315723977526,0.009993033553715058,0.0,0.0,0.0,0.0,0.0,0.0,0.0,0.0,0.0,29128200.0,38505400.0,62499600.0,0.0,0.0,0.0,0.0,0.0,0.0,0.0,0.0,0.0,0.0,0.0,0.0,0.0,0.0,0.0,0.0,0.0,0.0,0.0,0.0,0.0,0.0,0.0,0.0,143.25599161783853,0.9674983902032017,142.87910679408483,3.7112131901899774,145.51872035435267,4.268198446704489,-0.0025358570717145534
2024-02-08,144.63459744507298,145.13049882211826,143.91058567202538,144.7139434814453,22563800,0.0,0.0,143.13895568847656,144.41541290283203,49.133813347820336,1.2801170112704199,1.8933236987880595,4.011177964497618,0.0025423039912693124,0.0,0.0,0.0,0.0,0.0,0.0,0.0,0.0,0.0,25208900.0,29128200.0,38505400.0,0.0,0.0,0.0,0.0,0.0,0.0,0.0,0.0,0.0,0.0,0.0,0.0,0.0,0.0,0.0,0.0,0.0,0.0,0.0,0.0,0.0,0.0,0.0,0.0,143.99323018391928,0.9484218149988988,142.0927494594029,2.152938224934329,145.4854245867048,4.272858929616966,-0.020738229594172042
2024-02-09,145.47762057784595,148.21500586230158,144.9817192012369,147.7786102294922,26829500,0.0,0.0,144.4521057128906,144.7585762023926,55.04524177426975,1.4869252045922394,1.8120439999488958,3.989504778611626,0.021177411618527486,0.0,0.0,0.0,0.0,0.0,0.0,0.0,0.0,0.0,22563800.0,25208900.0,29128200.0,0.0,0.0,0.0,0.0,0.0,0.0,0.0,0.0,0.0,0.0,0.0,0.0,0.0,0.0,0.0,0.0,0.0,0.0,0.0,0.0,0.0,0.0,0.0,0.0,145.61317443847656,1.884277469045337,143.353755405971,2.5541437426524483,145.69866180419922,4.30999082674153,0.00996394721100824
2024-02-12,147.20338267503428,148.1158395150447,146.1619866169241,146.3206787109375,21564100,0.0,0.0,145.2157958984375,145.0005760192871,50.80995720203538,1.5157071699073583,1.7527766339405884,3.926503180184206,-0.009865646430769592,0.0,0.0,0.0,0.6133,0.805057182721286,2.0,8959.0,1.0,0.0,26829500.0,22563800.0,25208900.0,0.0,0.0,0.0,0.0,0.0,0.0,0.0,0.0,0.0,0.0,0.0,0.0,0.0,0.0,0.0,0.0,0.0,0.0,0.0,0.0,0.0,0.0,0.0,0.0,146.27107747395834,1.5329353480105794,144.25629534040178,2.273552638455551,145.7333766392299,4.3131267160602125,0.016467170281882826
2024-02-13,143.7320280518207,145.46768256650992,142.5121151160769,143.95022583007812,27837700,0.0,0.0,145.42208557128907,145.13198699951172,44.25433798140407,1.3318881702434453,1.66859894120116,3.8399362668388872,-0.01620039560875941,0.0,0.0,0.0,0.0,0.0,0.0,0.0,0.0,0.0,21564100.0,26829500.0,22563800.0,0.0,0.0,0.0,0.0,0.0,0.0,0.0,0.0,0.0,0.6133,0.0,0.0,0.805057182721286,0.0,0.0,2.0,0.0,0.0,8959.0,0.0,0.0,1.0,0.0,0.0,146.0165049235026,1.932232658647234,144.64734758649553,1.8607783815986638,145.4811739240374,4.30629714405223,-0.0054819125139430325
2024-02-14,144.88254990203635,145.31894554055629,142.90885694916992,144.7436981201172,22704200,0.0,0.0,145.50143127441407,145.35365447998046,39.63651733337061,1.235989157515661,1.5820769844640603,3.6712033107891777,0.005512129525768739,0.0,0.0,0.0,0.0,0.0,0.0,0.0,0.0,0.0,27837700.0,21564100.0,26829500.0,0.0,0.0,0.0,0.0,0.0,0.0,0.0,0.0,0.0,0.0,0.6133,0.0,0.0,0.805057182721286,0.0,0.0,2.0,0.0,0.0,8959.0,0.0,0.0,1.0,0.0,145.00486755371094,1.2066146111655218,144.9675576346261,1.6054584102852667,145.06107439313615,4.04482335428497,0.02220341689836869
2024-02-15,141.96666314928402,142.34355308517448,139.30863870421265,141.59970092773438,37590700,0.0,0.0,144.8785827636719,145.3184471130371,35.02865224420573,0.8959660620258489,1.444854799976418,3.7052096992531554,-0.02172113351542071,0.0,0.0,0.0,0.0,0.0,0.0,0.0,0.0,0.0,22704200.0,27837700.0,21564100.0,0.0,0.0,0.0,0.0,0.0,0.0,0.0,0.0,0.0,0.0,0.0,0.6133,0.0,0.0,0.805057182721286,0.0,0.0,2.0,0.0,0.0,8959.0,0.0,0.0,1.0,143.43120829264322,1.6349966328873757,144.77911812918526,1.930516888060592,144.39373343331474,3.760556145631512,0.01601203464559009
2024-02-16,141.8178876690081,142.01624520205476,138.9912436385364,139.36813354492188,31468900,0.0,0.0,143.1964874267578,145.02784957885743,29.947537541888025,0.44133899015531597,1.2441516380121975,3.937278970417918,-0.01575968994419974,0.0,0.0,0.0,0.0,0.0,0.0,0.0,0.0,0.0,37590700.0,22704200.0,27837700.0,0.0,0.0,0.0,0.0,0.0,0.0,0.0,0.0,0.0,0.0,0.0,0.0,0.0,0.0,0.0,0.0,0.0,0.0,0.0,0.0,0.0,0.0,0.0,0.0,141.90384419759116,2.700657507344173,144.06785583496094,2.825836637056058,143.47348131452287,3.2284393853334485,-0.004251670922262307
2024-02-20,138.51518739713623,140.915348438827,138.34658273143967,139.9632110595703,25144700,0.0,0.0,141.92499389648438,144.7863456726074,33.290271572525,0.12759075564005684,1.0208394615377694,4.09730469907902,0.004269824812259682,0.0,0.0,0.0,0.0,0.0,0.0,0.0,0.0,0.0,31468900.0,37590700.0,22704200.0,0.0,0.0,0.0,0.0,0.0,0.0,0.0,0.0,0.0,0.0,0.0,0.0,0.0,0.0,0.0,0.0,0.0,0.0,0.0,0.0,0.0,0.0,0.0,0.0,140.3103485107422,1.1555741228990521,143.38917977469308,3.191618902628898,142.74096461704798,2.700598306766017,-0.010031432476513058
2024-02-21,140.29048076624125,141.52032149117545,139.5267884940164,141.3814697265625,23223300,0.0,0.0,141.41124267578124,144.56368560791014,55.83051289298827,-0.00653997039549381,0.8153635751511168,4.157889483794247,0.010133081802392807,0.0,0.0,0.0,0.0,0.0,0.0,0.0,0.0,0.0,25144700.0,31468900.0,37590700.0,0.0,0.0,0.0,0.0,0.0,0.0,0.0,0.0,0.0,0.0,0.0,0.0,0.0,0.0,0.0,0.0,0.0,0.0,0.0,0.0,0.0,0.0,0.0,0.0,140.23760477701822,1.0343353320892386,142.47530255998885,2.5831565410258754,142.9145289829799,2.509657741770632,-0.010687751890574027
2024-02-22,143.74195461013204,143.8113880616519,141.6294252005615,142.90884399414062,27191900,0.0,0.0,141.04427185058594,144.3350746154785,56.81703636249091,0.010288205427883668,0.6543485012064701,4.11451218259471,0.010803213961010139,0.0,0.0,0.0,0.0,0.0,0.0,0.0,0.0,0.0,23223300.0,25144700.0,31468900.0,0.0,0.0,0.0,0.0,0.0,0.0,0.0,0.0,0.0,0.0,0.0,0.0,0.0,0.0,0.0,0.0,0.0,0.0,0.0,0.0,0.0,0.0,0.0,0.0,141.41784159342447,1.4731532611483125,141.98789760044642,1.9905728473400934,143.1220964704241,2.3664031491465143,0.0009029386383250237
2024-02-23,142.4922912292185,143.4940065020115,142.25425313452644,142.77992248535156,19493800,0.0,0.0,141.2803161621094,143.94281616210938,53.87257848363885,0.01307109227576575,0.5260930194203294,3.8486624519077353,-0.000902124075640498,0.0,0.0,0.0,0.0,0.0,0.0,0.0,0.0,0.0,27191900.0,23223300.0,25144700.0,0.0,0.0,0.0,0.0,0.0,0.0,0.0,0.0,0.0,0.0,0.0,0.0,0.0,0.0,0.0,0.0,0.0,0.0,0.0,0.0,0.0,0.0,0.0,0.0,142.35674540201822,0.8470697558113215,141.82071140834265,1.841882838342998,143.23402949741907,2.305423767930021,0.046448936264438245
2024-02-26,140.97485281400884,141.27239668798464,136.26378939947426,136.44232177734375,53641800,0.0,0.0,140.69515380859374,143.21780853271486,38.01491775197999,-0.49046113083008436,0.32278218937024666,3.8263719968513805,-0.04438719812765002,0.0,0.0,0.0,0.0,0.0,0.0,0.0,0.0,0.0,19493800.0,27191900.0,23223300.0,0.0,0.0,0.0,0.0,0.0,0.0,0.0,0.0,0.0,0.0,0.0,0.0,0.0,0.0,0.0,0.0,0.0,0.0,0.0,0.0,0.0,0.0,0.0,0.0,140.71036275227866,3.696793950391437,140.63480050223214,2.269130718509519,142.80117906842912,2.9360288569937465,-0.009432557677872433
2024-02-27,136.88862613854664,138.10853934016288,135.96624166875657,137.7415771484375,33099200,0.0,0.0,140.25082702636718,142.49230422973633,40.10615472275375,-0.7757328300897939,0.10307918547823858,3.3719647600276628,0.009522378058136383,0.0,0.0,0.0,0.0,0.0,0.0,0.0,0.0,0.0,53641800.0,19493800.0,27191900.0,0.0,0.0,0.0,0.0,0.0,0.0,0.0,0.0,0.0,0.0,0.0,0.0,0.0,0.0,0.0,0.0,0.0,0.0,0.0,0.0,0.0,0.0,0.0,0.0,138.9879404703776,3.3475904515403987,140.0836399623326,2.456521533412454,142.43137904575892,3.231273436150989,0.018331021499602418
2024-02-28,136.76961447953255,136.87871340437798,134.30003493285824,135.2620849609375,37328600,0.0,0.0,139.02695007324218,141.74448623657227,33.30907480243221,-1.1881902865742973,-0.1551747089322686,3.2235234701185447,-0.018001043975472752,0.0,0.0,0.0,0.0,0.0,0.0,0.0,0.0,0.0,33099200.0,53641800.0,19493800.0,0.0,0.0,0.0,0.0,0.0,0.0,0.0,0.0,0.0,0.0,0.0,0.0,0.0,0.0,0.0,0.0,0.0,0.0,0.0,0.0,0.0,0.0,0.0,0.0,136.48199462890625,1.2402220883101633,139.49706159319197,3.0695795635242007,141.78245871407645,3.6958249664996274,-0.015022225106258724
2024-02-29,136.15467711991738,137.72172724425474,135.2818858775754,137.32501220703125,42133000,0.0,0.0,137.91018371582032,141.66315841674805,37.22124376751916,-1.3332360885581238,-0.3907869848574396,3.3168631756438187,0.015251334079978918,0.0,0.0,0.0,0.0,0.0,0.0,0.0,0.0,0.0,37328600.0,33099200.0,53641800.0,0.0,0.0,0.0,0.0,0.0,0.0,0.0,0.0,0.0,0.0,0.0,0.0,0.0,0.0,0.0,0.0,0.0,0.0,0.0,0.0,0.0,0.0,0.0,0.0,136.7762247721354,1.3277221522192781,139.12017604282923,3.163334642568515,141.25467790876115,3.771798986226049,0.009625268666479725
2024-03-01,137.29524220433814,137.7316378191588,135.79762555684746,136.0158233642578,31151100,0.0,0.0,136.55736389160157,141.46380462646485,28.341810588965103,-1.5361191050509433,-0.6198534088961405,3.5345746334363626,-0.009533506108848622,0.0,0.0,0.0,0.0,0.0,0.0,0.0,0.0,0.0,42133000.0,37328600.0,33099200.0,0.0,0.0,0.0,0.0,0.0,0.0,0.0,0.0,0.0,0.0,0.0,0.0,0.0,0.0,0.0,0.0,0.0,0.0,0.0,0.0,0.0,0.0,0.0,0.0,136.2009735107422,1.0438523067115664,138.35365513392858,3.1741348602843757,140.4144788469587,3.507627953991265,0.028421401663300205
2024-03-04,134.54795880340606,134.54795880340606,130.82869865382304,132.25689697265625,55999400,0.0,0.0,135.72027893066405,141.01600646972656,26.12789062928978,-1.9774247804930098,-0.8913676832155144,4.091485707236294,-0.0276359492493381,0.0,0.0,0.0,0.0,0.0,0.0,0.0,0.0,0.0,31151100.0,42133000.0,37328600.0,0.0,0.0,0.0,0.0,0.0,0.0,0.0,0.0,0.0,0.0,0.0,0.0,0.0,0.0,0.0,0.0,0.0,0.0,0.0,0.0,0.0,0.0,0.0,0.0,135.1992441813151,2.630883725811175,136.83194841657365,3.17968467663537,139.40992300851005,3.694902844292515,0.005125712205656496
2024-03-05,130.79892587720002,132.14777795818372,129.5988381260761,131.5824432373047,40194800,0.0,0.0,134.4884521484375,140.47001724243165,27.724146422303377,-2.3544449121580726,-1.1839831290040261,4.581921151305781,-0.005099573260750279,0.0,0.0,0.0,0.0,0.0,0.0,0.0,0.0,0.0,55999400.0,31151100.0,42133000.0,0.0,0.0,0.0,0.0,0.0,0.0,0.0,0.0,0.0,0.0,0.0,0.0,0.0,0.0,0.0,0.0,0.0,0.0,0.0,0.0,0.0,0.0,0.0,0.0,133.2850545247396,2.388837751176407,135.23230852399553,2.412790309296436,138.52650996616907,3.9923891129891125,0.009665092621462534
2024-03-06,132.02876246763716,132.48499834043164,129.7773813732614,130.32286071777344,35318600,0.0,0.0,133.5006072998047,139.8402214050293,24.45525607343258,-2.723479291377828,-1.4918823614787864,5.067551730408486,-0.009572572818545622,0.0,0.0,0.0,0.0,0.0,0.0,0.0,0.0,0.0,40194800.0,55999400.0,31151100.0,0.0,0.0,0.0,0.0,0.0,0.0,0.0,0.0,0.0,0.0,0.0,0.0,0.0,0.0,0.0,0.0,0.0,0.0,0.0,0.0,0.0,0.0,0.0,0.0,131.38740030924478,0.9816594962816866,134.35809980119978,2.950090448089868,137.49645015171595,4.123118014821261,-0.02217610389652025
2024-03-07,131.70147977631177,133.83386475709858,130.53115980204433,133.27845764160156,37738200,0.0,0.0,132.69129638671876,139.28679580688475,35.16089409979685,-2.745797876143456,-1.7426654644117203,5.153138526368841,0.02267903656771897,0.0,0.0,0.0,0.0,0.0,0.0,0.0,0.0,0.0,35318600.0,40194800.0,55999400.0,0.0,0.0,0.0,0.0,0.0,0.0,0.0,0.0,0.0,0.0,0.0,0.0,0.0,0.0,0.0,0.0,0.0,0.0,0.0,0.0,0.0,0.0,0.0,0.0,131.72792053222656,1.4831591372941184,133.72051130022322,2.5524588298650577,136.9020756312779,4.085717967512464,-0.007606556438310541
2024-03-08,133.10985799917378,136.95804250148979,132.90157275617153,134.30001831054688,39370400,0.0,0.0,132.34813537597657,138.76609954833984,40.55450587926157,-2.650500783765949,-1.924232528282566,5.101771739773232,0.007664859625644782,0.0,0.0,0.0,0.0,0.0,0.0,0.0,0.0,0.0,37738200.0,35318600.0,40194800.0,0.0,0.0,0.0,0.0,0.0,0.0,0.0,0.0,0.0,0.0,0.0,0.0,0.0,0.0,0.0,0.0,0.0,0.0,0.0,0.0,0.0,0.0,0.0,0.0,132.63377888997397,2.0654669324487345,133.58307320731026,2.480505018702791,136.5400674002511,4.07492093615597,-0.01641603851779705
2024-03-11,135.01411900561908,137.95977451047298,135.01411900561908,136.54148864746094,32437800,0.0,0.0,133.2050537109375,138.2042434692383,43.99162536868098,-2.366825931992537,-2.0127512090245605,4.656310503641834,0.016690022571188567,0.0,0.0,0.0,0.0,0.0,0.0,0.0,0.0,0.0,39370400.0,37738200.0,35318600.0,0.0,0.0,0.0,0.0,0.0,0.0,0.0,0.0,0.0,0.0,0.0,0.0,0.0,0.0,0.0,0.0,0.0,0.0,0.0,0.0,0.0,0.0,0.0,0.0,134.70665486653647,1.6690889139889213,133.4711412702288,2.294189908441758,136.295658656529,3.954651972419359,-0.005992890953933849
2024-03-12,135.90674885782994,138.2374917037032,135.90674885782994,137.3647003173828,27563400,0.0,0.0,134.36150512695312,137.75644454956054,42.79621151377992,-2.0519318729513145,-2.0205873418099114,4.247359283887101,0.0060290222266972116,0.0,0.0,0.0,0.0,0.0,0.0,0.0,0.0,0.0,32437800.0,39370400.0,37738200.0,0.0,0.0,0.0,0.0,0.0,0.0,0.0,0.0,0.0,0.0,0.0,0.0,0.0,0.0,0.0,0.0,0.0,0.0,0.0,0.0,0.0,0.0,0.0,0.0,136.06873575846353,1.5860928161044656,133.66383797781808,2.582128158521192,136.00874655587333,3.69443922029614,-0.009227861348538258
2024-03-13,137.86057129371812,139.93343524438993,137.85065871514112,138.6440887451172,23347200,0.0,0.0,136.02575073242187,137.4911376953125,42.282823162216026,-1.6797766886074328,-1.9524252111694158,3.998541760315884,0.009313807876247138,0.0,0.0,0.0,0.0,0.0,0.0,0.0,0.0,0.0,27563400.0,32437800.0,39370400.0,0.0,0.0,0.0,0.0,0.0,0.0,0.0,0.0,0.0,0.0,0.0,0.0,0.0,0.0,0.0,0.0,0.0,0.0,0.0,0.0,0.0,0.0,0.0,0.0,137.51675923665366,1.059515563294952,134.5762939453125,3.0821988478744093,135.70412118094308,3.228121460303239,-0.02313089304354099
2024-03-14,140.03263971476812,142.41296038062768,139.30862790840655,141.92698669433594,42753400,0.0,0.0,137.75545654296874,137.35030212402344,48.61471419465672,-1.1071757626042427,-1.7833753214563814,3.772886779968063,0.023678600212476475,0.0,0.0,0.0,0.0,0.0,0.0,0.0,0.0,0.0,23347200.0,27563400.0,32437800.0,0.0,0.0,0.0,0.0,0.0,0.0,0.0,0.0,0.0,0.0,0.0,0.0,0.0,0.0,0.0,0.0,0.0,0.0,0.0,0.0,0.0,0.0,0.0,0.0,139.31192525227866,2.353320727516184,136.05408586774553,3.80311621116321,135.64319719587053,3.089375253784136,0.01359980593967558
2024-03-15,141.33189197321508,142.00631057950346,138.88213796831596,140.022705078125,49475400,0.0,0.0,138.89999389648438,137.27145233154297,56.79332028581024,-0.7978479208738065,-1.5862698413398666,3.695080798171678,-0.013417332817134642,0.0,0.0,0.0,0.0,0.0,0.0,0.0,0.0,0.0,42753400.0,23347200.0,27563400.0,0.0,0.0,0.0,0.0,0.0,0.0,0.0,0.0,0.0,0.0,0.0,0.0,0.0,0.0,0.0,0.0,0.0,0.0,0.0,0.0,0.0,0.0,0.0,0.0,140.19792683919272,1.6484482810847008,137.43977791922433,3.0617031474946153,135.89893886021204,3.301525859038669,-0.04401407643696964
2024-03-18,147.39180580449582,150.9027808454485,145.96360743742733,146.46942138671875,69273700,0.0,0.0,140.88558044433594,137.62651672363282,63.85385523095733,-0.03213679608751363,-1.2754432322893963,4.212162641022948,0.0460405068234957,0.0,0.0,0.0,0.0,0.0,1.0,2.0,0.0,0.0,49475400.0,42753400.0,23347200.0,0.0,0.0,0.0,0.0,0.0,0.0,0.0,0.0,0.0,0.0,0.0,0.0,0.0,0.0,0.0,0.0,0.0,0.0,0.0,0.0,0.0,0.0,0.0,0.0,142.8063710530599,3.3121028710850657,139.32420131138392,3.9917554833044835,136.52235630580358,4.337667253207362,0.0044207395551552064
2024-03-19,146.9455101008083,147.5703355892813,144.88255840993227,145.82476806640625,24070400,0.0,0.0,142.5775939941406,137.91959457397462,67.80336152781007,0.5167202225217125,-0.9170105413271745,4.571866256658189,-0.004401282630935199,0.0,0.0,0.0,0.9274,0.9274,1.0,9424.0,1.0,0.0,69273700.0,49475400.0,42753400.0,0.0,0.0,0.0,0.0,0.0,0.0,0.0,0.0,0.0,0.0,0.0,0.0,0.0,0.0,0.0,1.0,0.0,0.0,2.0,0.0,0.0,0.0,0.0,0.0,144.10563151041666,3.5505789196240416,140.97059413364954,3.950640434686758,137.2768336704799,4.973598905775508,-0.011496578374665889
2024-03-20,146.7868124427757,147.63976344475103,145.53714637957398,147.520751953125,21311500,0.0,0.0,144.3529266357422,138.22655868530273,67.40011291266768,1.076140017551836,-0.5183804295513724,5.002369777577878,0.011630286879293461,0.0,0.0,0.0,0.0,0.0,0.0,0.0,0.0,0.0,24070400.0,69273700.0,49475400.0,0.0,0.0,0.0,0.0,0.0,0.0,0.0,0.0,0.0,0.9274,0.0,0.0,0.9274,0.0,0.0,1.0,1.0,0.0,9424.0,2.0,0.0,1.0,0.0,0.0,146.60498046875,0.8560797477719161,142.53906032017298,4.07660700152848,138.0051007952009,5.677805897478551,0.0077235120684957526
2024-03-21,148.24477268139387,149.13738918978584,145.6958321016332,146.39010620117188,24755600,0.0,0.0,145.24555053710938,138.4006217956543,67.81337132742287,1.4119742127324173,-0.13230950109461453,5.229290569996623,-0.007664316626533885,0.0,0.0,0.0,0.0,0.0,0.0,0.0,0.0,0.0,21311500.0,24070400.0,69273700.0,0.0,0.0,0.0,0.0,0.0,0.0,0.0,0.0,0.0,0.0,0.9274,0.0,0.0,0.9274,0.0,0.0,1.0,1.0,0.0,9424.0,2.0,0.0,1.0,0.0,146.57854207356772,0.8635516165861423,143.82840401785714,3.562116660387052,138.7461209978376,6.062182745473003,-0.021025285343158173
2024-03-22,147.89761979182254,150.3374611918101,147.75876801352786,149.5341033935547,29211800,0.0,0.0,147.1478302001953,138.73833084106445,80.30616674883717,1.9098044925342776,0.27611329763116393,5.721884615076003,0.021476842076077807,0.0,0.0,0.0,0.0,0.0,0.0,0.0,0.0,0.0,24755600.0,21311500.0,24070400.0,0.0,0.0,0.0,0.0,0.0,0.0,0.0,0.0,0.0,0.0,0.0,0.9274,0.0,0.0,0.9274,0.0,0.0,1.0,0.0,0.0,9424.0,0.0,0.0,1.0,147.8149871826172,1.5925169902188083,145.38412039620536,3.28806318326566,139.98020717075892,6.389292421906545,0.0046645774144031815
2024-03-25,148.71088930605433,149.14728488623933,146.60827256557076,148.83982849121094,19229300,0.0,0.0,147.62191162109374,139.35820617675782,80.2503629572807,2.222694554385413,0.6654295489820137,6.117890055686286,-0.00464292015391643,0.0,0.0,0.0,0.0,0.0,1.0,1.0,0.0,0.0,29211800.0,24755600.0,21311500.0,0.0,0.0,0.0,0.0,0.0,0.0,0.0,0.0,0.0,0.0,0.0,0.0,0.0,0.0,0.0,0.0,0.0,0.0,0.0,0.0,0.0,0.0,0.0,0.0,148.25467936197916,1.651659533321079,146.37166922433036,3.109971413926729,141.21287754603796,6.308709076694316,-0.003982287194996381
2024-03-26,148.98861304571224,151.011884033954,148.7505749332153,149.43492126464844,22149100,0.0,0.0,148.34394226074218,139.94287338256837,84.30046149178067,2.489978276458828,1.0303392944773766,6.501955085130974,0.003998209212345616,0.0,0.0,0.0,0.0,0.0,0.0,0.0,0.0,0.0,19229300.0,29211800.0,24755600.0,0.0,0.0,0.0,0.0,0.0,0.0,0.0,0.0,0.0,0.0,0.0,0.0,0.0,0.0,0.0,1.0,0.0,0.0,1.0,0.0,0.0,0.0,0.0,0.0,149.26961771647134,0.37549747973628195,147.71627153669084,1.5518812699709914,142.5780247279576,5.81983540331204,-0.0013257711723647647
2024-03-27,149.94075726317328,150.39699326241234,147.6794478301186,149.63330078125,22879200,0.0,0.0,148.76645202636718,140.66143417358398,82.57605367629493,2.686837925829792,1.3616390207478597,6.746932984953047,0.0013275311749267882,0.0,0.0,0.0,0.0,0.0,0.0,0.0,0.0,0.0,22149100.0,19229300.0,29211800.0,0.0,0.0,0.0,0.0,0.0,0.0,0.0,0.0,0.0,0.0,0.0,0.0,0.0,0.0,0.0,0.0,1.0,0.0,0.0,1.0,0.0,0.0,0.0,0.0,149.30268351236978,0.4129342394534356,148.16825430733817,1.588519211393366,143.74622780936105,5.4385057876101826,-0.00039733886930282125
2024-03-28,149.61344863987313,150.1886809085542,148.93901491049212,149.69277954101562,24485400,0.0,0.0,149.42698669433594,141.2798225402832,81.88164872603613,2.8151982026022324,1.6523508571187344,6.987531728695727,0.0003974968102360421,0.0,0.0,0.0,0.0,0.0,0.0,0.0,0.0,0.0,22879200.0,22149100.0,19229300.0,0.0,0.0,0.0,0.0,0.0,0.0,0.0,0.0,0.0,0.0,0.0,0.0,0.0,0.0,0.0,0.0,0.0,1.0,0.0,0.0,1.0,0.0,0.0,0.0,149.58700052897134,0.1350203973325645,148.72082737513952,1.2803157273149217,144.84571075439453,4.912401987874838,-0.029326890586932608
2024-04-01,149.45478188140993,154.46338956853498,149.3754358331209,154.21543884277344,31730800,0.0,0.0,150.36325378417968,142.18980331420897,83.44594789699521,3.2444652788165627,1.9707737414583002,7.436558255823338,0.03021294223826354,0.0,0.0,0.0,0.0,0.0,0.0,0.0,0.0,0.0,24485400.0,22879200.0,22149100.0,0.0,0.0,0.0,0.0,0.0,0.0,0.0,0.0,0.0,0.0,0.0,0.0,0.0,0.0,0.0,0.0,0.0,0.0,0.0,0.0,0.0,0.0,0.0,0.0,151.18050638834634,2.628496848565616,149.67721121651786,2.3159999268509117,146.10813576834542,4.885076769754966,0.0060172928861146335
2024-04-02,152.24172129726563,153.43188156405296,150.90278153856184,153.29302978515625,24586000,0.0,0.0,151.25389404296874,143.241609954834,80.02981466234694,3.470229185455878,2.270664830257816,7.445375253498208,-0.0059813016422928245,0.0,0.0,0.0,0.0,0.0,0.0,0.0,0.0,0.0,31730800.0,24485400.0,22879200.0,0.0,0.0,0.0,0.0,0.0,0.0,0.0,0.0,0.0,0.0,0.0,0.0,0.0,0.0,0.0,0.0,0.0,0.0,0.0,0.0,0.0,0.0,0.0,0.0,152.4004160563151,2.389807783407169,150.66334315708704,2.1465097669224096,147.2458735874721,4.534351376902794,-0.0023237243226178483
2024-04-03,152.34089851536356,153.8087622521674,151.47801988823227,153.6500701904297,24705000,0.0,0.0,152.096923828125,144.34499130249023,79.3102626095001,3.636044823437743,2.5437408288938013,7.259438533473775,0.0023291365939719366,0.0,0.0,0.0,0.0,0.0,0.0,0.0,0.0,0.0,24586000.0,31730800.0,24485400.0,0.0,0.0,0.0,0.0,0.0,0.0,0.0,0.0,0.0,0.0,0.0,0.0,0.0,0.0,0.0,0.0,0.0,0.0,0.0,0.0,0.0,0.0,0.0,0.0,153.71951293945312,0.46510895383797546,151.2513384137835,2.3405915225227654,148.31772940499442,4.097121263908726,0.02916355410170235
2024-04-04,152.2417216532487,153.5013153792841,149.21672024838048,149.2960662841797,34724700,0.0,0.0,152.02947692871095,145.29365158081055,63.815495874861256,3.3771930051364905,2.710431264142339,6.534054030798973,-0.028337142318605957,0.0,0.0,0.0,0.0,0.0,0.0,0.0,0.0,0.0,24705000.0,24586000.0,31730800.0,0.0,0.0,0.0,0.0,0.0,0.0,0.0,0.0,0.0,0.0,0.0,0.0,0.0,0.0,0.0,0.0,0.0,0.0,0.0,0.0,0.0,0.0,0.0,0.0,152.07972208658853,2.417317559292817,151.31651524135046,2.2674576406925486,148.8440922328404,3.663331560090972,-0.012918171696705394
2024-04-05,148.80018464435562,152.16239579697978,148.37371667079992,151.24993896484375,23459200,0.0,0.0,152.34090881347657,146.19222564697264,71.00966837419406,3.2917668313621675,2.826698377586305,6.009409929993648,0.013087234843448092,0.0,0.0,0.0,0.0,0.0,0.0,0.0,0.0,0.0,34724700.0,24705000.0,24586000.0,0.0,0.0,0.0,0.0,0.0,0.0,0.0,0.0,0.0,0.0,0.0,0.0,0.0,0.0,0.0,0.0,0.0,0.0,0.0,0.0,0.0,0.0,0.0,0.0,151.39869181315103,2.180810184615388,151.57580348423548,2.115088992263,149.64603751046317,2.6808089410210743,-0.015175764955622228
2024-04-08,151.52760400005405,153.99719798709924,151.35899936966726,153.5806427001953,20702000,0.0,0.0,152.21394958496094,147.15625686645507,65.73056652735426,3.3732495649133227,2.9360086150517084,5.528510477061054,0.015409617691768407,0.0,0.0,0.0,0.0,0.0,0.0,0.0,0.0,0.0,23459200.0,34724700.0,24705000.0,0.0,0.0,0.0,0.0,0.0,0.0,0.0,0.0,0.0,0.0,0.0,0.0,0.0,0.0,0.0,0.0,0.0,0.0,0.0,0.0,0.0,0.0,0.0,0.0,151.37554931640625,2.145048306329379,152.13970947265625,2.0355892863189076,150.1539818899972,2.7061994158853433,-0.01117507842272325
2024-04-09,154.81048561572567,157.26023958727896,153.91786920573918,155.31631469726562,31079500,0.0,0.0,152.6186065673828,148.09499816894532,70.02924993431323,3.5371058879471775,3.0562280696308024,5.216434901770067,0.011301372142702437,0.0,0.0,0.0,0.0,0.0,1.0,1.0,0.0,0.0,20702000.0,23459200.0,34724700.0,0.0,0.0,0.0,0.0,0.0,0.0,0.0,0.0,0.0,0.0,0.0,0.0,0.0,0.0,0.0,0.0,0.0,0.0,0.0,0.0,0.0,0.0,0.0,0.0,153.3822987874349,2.0404308687399624,152.94307163783483,2.018554009641131,150.83194950648718,2.7270486308814874,0.002946030367199093
2024-04-10,154.92952562487014,155.32624070054823,153.41205338281176,154.86009216308594,22838600,0.0,0.0,152.86061096191406,148.96976776123046,66.3427280294922,3.5887806296152576,3.1627385816276936,4.770167362054975,-0.002937376766046329,0.0,0.0,0.0,0.0,0.0,0.0,0.0,0.0,0.0,31079500.0,20702000.0,23459200.0,0.0,0.0,0.0,0.0,0.0,0.0,0.0,0.0,0.0,0.0,0.0,0.0,0.0,0.0,0.0,1.0,0.0,0.0,1.0,0.0,0.0,0.0,0.0,0.0,154.58568318684897,0.8997858273144413,153.03516496930803,2.099366684548278,151.35618809291296,2.7469236463452553,-0.02051313825845147
2024-04-11,155.62377976256258,158.37106260079813,155.1774715327962,158.10328674316406,27166400,0.0,0.0,154.62205505371094,149.9427276611328,73.83925571249603,3.8470851301350137,3.299607891329158,4.5317821467791815,0.020942739570777524,0.0,0.0,0.0,0.0,0.0,0.0,0.0,0.0,0.0,22838600.0,31079500.0,20702000.0,0.0,0.0,0.0,0.0,0.0,0.0,0.0,0.0,0.0,0.0,0.0,0.0,0.0,0.0,0.0,0.0,1.0,0.0,0.0,1.0,0.0,0.0,0.0,0.0,156.09323120117188,1.7556415384686248,153.72234453473772,2.8506694132699693,152.1928438459124,2.897666630231316,0.01065121459097118
2024-04-12,156.66516776322655,158.90663651169768,155.85188225072014,156.43704223632812,25353700,0.0,0.0,155.65947570800782,150.66823043823243,64.94838343432394,3.8726992353515186,3.41422616013363,4.338329001953916,-0.010538961846775052,0.0,0.0,0.0,0.0,0.0,0.0,0.0,0.0,0.0,27166400.0,22838600.0,31079500.0,0.0,0.0,0.0,0.0,0.0,0.0,0.0,0.0,0.0,0.0,0.0,0.0,0.0,0.0,0.0,0.0,0.0,1.0,0.0,0.0,1.0,0.0,0.0,0.0,156.46680704752603,1.6218021547199646,154.1204833984375,3.0279986451222918,152.68591090611048,2.996085165187094,0.018532817151931225
2024-04-15,157.55778721582507,157.93467710778722,153.32278518896982,153.590576171875,27136500,0.0,0.0,155.66146240234374,151.34662399291992,59.41061150763833,3.6215654239225614,3.4556940128914166,3.580718908617738,-0.01819560139824805,0.0,0.0,0.0,0.0,0.0,0.0,0.0,0.0,0.0,25353700.0,27166400.0,22838600.0,0.0,0.0,0.0,0.0,0.0,0.0,0.0,0.0,0.0,0.0,0.0,0.0,0.0,0.0,0.0,0.0,0.0,0.0,0.0,0.0,0.0,0.0,0.0,0.0,156.04363505045572,2.2819325330695137,154.7339848109654,2.212983207624808,153.02525002615792,2.788834839209659,0.002979130541877373
2024-04-16,152.92609875258395,154.3741225796933,152.17231882761726,153.13436889648438,20779500,0.0,0.0,155.2250732421875,151.67987136840821,57.368667715019136,3.3471441602485186,3.4339840423628374,3.408945356751323,-0.0029702816849915825,0.0,0.0,0.0,0.0,0.0,0.0,0.0,0.0,0.0,27136500.0,25353700.0,27166400.0,0.0,0.0,0.0,0.0,0.0,0.0,0.0,0.0,0.0,0.0,0.0,0.0,0.0,0.0,0.0,0.0,0.0,0.0,0.0,0.0,0.0,0.0,0.0,0.0,154.3873291015625,1.7896994777491844,155.00318908691406,1.7933519399918718,153.28949628557478,2.5907034684482064,-0.006882286849298369
2024-04-17,154.3443515291876,155.792390319514,153.3128832450381,154.19558715820312,21763100,0.0,0.0,155.09217224121093,152.09841232299806,58.78532122599708,3.178653240524227,3.3829178819951156,3.1567831820045265,0.006929980966167815,0.0,0.0,0.0,0.0,0.0,0.0,0.0,0.0,0.0,20779500.0,27136500.0,25353700.0,0.0,0.0,0.0,0.0,0.0,0.0,0.0,0.0,0.0,0.0,0.0,0.0,0.0,0.0,0.0,0.0,0.0,0.0,0.0,0.0,0.0,0.0,0.0,0.0,153.64017740885416,0.5323450589481353,155.0910382952009,1.7258441100492492,153.61537388392858,2.3732348286459937,-0.0034612824801555364
2024-04-18,154.0666493097183,155.65353990489737,153.35255005525875,154.7311553955078,19883000,0.0,0.0,154.4177459716797,152.45893249511718,59.527408015262544,3.0531441087813675,3.316963127352366,3.015025415266848,0.0034733045684063324,0.0,0.0,0.0,0.0,0.0,0.0,0.0,0.0,0.0,21763100.0,20779500.0,27136500.0,0.0,0.0,0.0,0.0,0.0,0.0,0.0,0.0,0.0,0.0,0.0,0.0,0.0,0.0,0.0,0.0,0.0,0.0,0.0,0.0,0.0,0.0,0.0,0.0,154.02037048339844,0.8126853285349029,155.00744410923548,1.7272848482432417,153.97525787353516,2.098793744649882,0.012460283458019639
2024-04-19,154.91959354072858,155.07828562000708,151.0515686940003,152.82688903808594,32615600,0.0,0.0,153.69571533203126,152.7807716369629,47.085705867659016,2.768109790626852,3.207192460007263,2.655186757296697,-0.01230693555253548,0.0,0.0,0.0,-0.1366,-0.1366,2.0,2.0,0.0,0.0,19883000.0,21763100.0,20779500.0,0.0,0.0,0.0,0.0,0.0,0.0,0.0,0.0,0.0,0.0,0.0,0.0,0.0,0.0,0.0,0.0,0.0,0.0,0.0,0.0,0.0,0.0,0.0,0.0,153.91787719726562,0.9820385464980016,154.71698651994978,1.9167518630003157,153.8760757446289,2.1192796695699707,-0.014013373287349307
2024-04-22,153.04509433151492,156.34779961582007,152.79714362068458,154.9989471435547,26446200,0.0,0.0,153.97738952636718,153.05401382446288,53.40193662603985,2.6865164866329394,3.1030572653323985,2.583719673170599,0.014212538900320482,0.0,0.0,0.0,0.5994,0.5994,1.0,1.0,1.0,0.0,32615600.0,19883000.0,21763100.0,0.0,0.0,0.0,0.0,0.0,0.0,0.0,0.0,0.0,-0.1366,0.0,0.0,-0.1366,0.0,0.0,2.0,0.0,0.0,2.0,0.0,0.0,0.0,0.0,0.0,154.18566385904947,1.1843267562825277,154.2735094342913,1.2436100232043363,153.99792698451452,2.1321807466767937,-0.012510999631757835
2024-04-23,155.67337597138751,157.66689417461689,154.99894218995382,156.96270751953125,21151600,0.0,0.0,154.74305725097656,153.4601577758789,56.20821692169989,2.748627785728331,3.032171369411585,2.5241570748780986,0.012669507839674576,0.0,0.0,0.0,0.0,0.0,0.0,0.0,0.0,0.0,26446200.0,32615600.0,19883000.0,0.0,0.0,0.0,0.0,0.0,0.0,0.0,0.0,0.0,0.5994,-0.1366,0.0,0.5994,-0.1366,0.0,1.0,2.0,0.0,1.0,2.0,0.0,1.0,0.0,0.0,154.92951456705728,2.0687832873160863,154.3486044747489,1.401834074783534,154.23454393659318,2.2699648370363787,-0.005467233386930226
2024-04-24,156.19902087415394,158.2619724145378,155.8816367293061,157.82557678222656,22779100,0.0,0.0,155.46905517578125,153.87969055175782,68.39182190870386,2.834799966536849,2.9926970888366378,2.5172061472090697,0.00549728834530927,0.0,0.0,0.0,0.7217,0.7217,1.0,3214.0,1.0,0.0,21151600.0,26446200.0,32615600.0,0.0,0.0,0.0,0.0,0.0,0.0,0.0,0.0,0.0,0.0,0.5994,-0.1366,0.0,0.5994,-0.1366,0.0,1.0,2.0,0.0,1.0,2.0,0.0,1.0,0.0,156.59574381510416,1.4486046903254173,154.95360456194197,1.8593630818028026,154.8437946864537,1.9669572246359437,0.020064082062279054
2024-04-25,150.08951991120836,155.2072260039545,149.63328396324783,154.7212371826172,57109700,0.0,0.0,155.46707153320312,154.13408737182618,57.13120514686843,2.622368744505877,2.9186314199704855,2.314396917819295,-0.019669432945541243,0.0,0.0,0.0,0.0,0.0,0.0,0.0,0.0,0.0,22779100.0,21151600.0,26446200.0,0.0,0.0,0.0,0.0,0.0,0.0,0.0,0.0,0.0,0.7217,0.0,0.5994,0.7217,0.0,0.5994,1.0,0.0,1.0,3214.0,0.0,1.0,1.0,0.0,1.0,156.503173828125,1.602376203512117,155.18030003138952,1.6895772035853558,155.09174455915178,1.6764083137865389,-0.09275954942056319
2024-04-26,172.9406579042473,173.2778823744627,168.25934724716632,170.54049682617188,64665300,0.0,0.0,159.00979309082032,155.17647323608398,72.41745134129847,3.6879847245143935,3.072502080879267,4.164296357486704,0.10224362170064127,0.0,0.0,0.0,0.0,0.0,1.0,1.0,0.0,0.0,57109700.0,22779100.0,21151600.0,0.0,0.0,0.0,0.0,0.0,0.0,0.0,0.0,0.0,0.0,0.7217,0.0,0.0,0.7217,0.0,0.0,1.0,0.0,0.0,3214.0,0.0,0.0,1.0,0.0,161.02910359700522,8.38207503887358,157.5152871268136,5.971164874384373,156.30316271100725,4.406023198091116,0.03490831282938878
2024-04-29,167.67417460775002,168.1601634153097,163.8557430067843,164.78802490234375,45610000,0.0,0.0,160.9676086425781,155.7051025390625,61.31784364791864,4.021954074192763,3.2623924795419663,4.675553884640008,-0.03373082658303439,0.0,0.0,0.0,0.0,0.0,0.0,0.0,0.0,0.0,64665300.0,57109700.0,22779100.0,0.0,0.0,0.0,0.0,0.0,0.0,0.0,0.0,0.0,0.0,0.0,0.7217,0.0,0.0,0.7217,1.0,0.0,1.0,1.0,0.0,3214.0,0.0,0.0,1.0,163.34991963704428,8.007081489726144,158.95198277064733,6.385158891076653,156.9797134399414,4.937925837120859,0.020702798411644352
2024-04-30,164.25245175294467,166.7220460143007,161.26713096501757,161.44564819335938,33562900,0.0,0.0,161.86419677734375,156.11273345947265,57.36140367634391,3.971148396167706,3.4041436628671145,4.807711943647463,-0.02028288591337346,0.0,0.0,0.0,0.0,0.0,0.0,0.0,0.0,0.0,45610000.0,64665300.0,57109700.0,0.0,0.0,0.0,0.0,0.0,0.0,0.0,0.0,0.0,0.0,0.0,0.0,0.0,0.0,0.0,0.0,1.0,0.0,0.0,1.0,0.0,0.0,0.0,0.0,165.59138997395834,4.600338519301035,160.18323407854353,5.812504622380426,157.45011029924666,5.033231141728457,-0.006591021567500577
2024-05-01,162.95319556004813,165.7500714576766,161.7531075684998,162.5167999267578,33493200,0.0,0.0,162.80244140625,156.55606994628906,55.18526061113665,3.9715361269186644,3.5176221556774245,4.974589116376093,0.006634751356788149,0.0,0.0,0.0,0.0,0.0,0.0,0.0,0.0,0.0,33562900.0,45610000.0,64665300.0,0.0,0.0,0.0,0.0,0.0,0.0,0.0,0.0,0.0,0.0,0.0,0.0,0.0,0.0,0.0,0.0,0.0,1.0,0.0,0.0,1.0,0.0,0.0,0.0,162.9168243408203,1.7067176582782413,161.25721304757255,5.37286302749599,157.76536124093192,5.212320792464285,-0.016564579246150846
2024-05-02,163.43916484164697,165.36326455481128,162.54654844018515,165.25416564941406,24294500,0.0,0.0,164.90902709960938,157.35397491455078,60.1045712317197,4.144945590403665,3.643086842622673,5.028342667100771,0.016843586163952873,0.0,0.0,0.0,0.0,0.0,0.0,0.0,0.0,0.0,33493200.0,33562900.0,45610000.0,0.0,0.0,0.0,0.0,0.0,0.0,0.0,0.0,0.0,0.0,0.0,0.0,0.0,0.0,0.0,0.0,0.0,0.0,0.0,0.0,0.0,0.0,0.0,0.0,163.07220458984375,1.9640664596966821,162.44170706612724,5.178764532274164,158.39515577043807,5.5605238309214835,-0.0037072246494056493
2024-05-03,166.18644856631778,166.58317870404446,161.71342409111404,165.86907958984375,34662400,0.0,0.0,163.97474365234376,158.08493194580078,64.82988874505722,4.282624822394496,3.7709944385770378,5.155284252222985,0.0037210193038899053,0.0,0.0,0.0,0.0,0.0,0.0,0.0,0.0,0.0,24294500.0,33493200.0,33562900.0,0.0,0.0,0.0,0.0,0.0,0.0,0.0,0.0,0.0,0.0,0.0,0.0,0.0,0.0,0.0,0.0,0.0,0.0,0.0,0.0,0.0,0.0,0.0,0.0,164.54668172200522,1.784613365842974,163.59077889578683,4.866779798025309,159.27219172886439,5.71071456994073,-0.0051162800062747316
2024-05-06,166.08732315442762,166.7617418738661,164.66903711346148,166.72207641601562,21871300,0.0,0.0,164.36155395507814,158.74200363159179,66.2553321368123,4.409733656128765,3.898742282087383,5.3834001077829665,0.005142590941489056,0.0,0.0,0.0,0.0,0.0,0.0,0.0,0.0,0.0,34662400.0,24294500.0,33493200.0,0.0,0.0,0.0,0.0,0.0,0.0,0.0,0.0,0.0,0.0,0.0,0.0,0.0,0.0,0.0,0.0,0.0,0.0,0.0,0.0,0.0,0.0,0.0,0.0,165.9484405517578,0.7371662813690091,165.30518450055803,2.962972086988493,160.24274226597376,5.741882213447349,-0.01839414164565334
2024-05-07,167.1187943730041,170.35206648959186,167.00969544491954,169.84625244140625,28039700,0.0,0.0,166.0416748046875,159.46850051879883,67.8426024180221,4.70828899334623,4.060651624339153,5.856404412005327,0.0187388262703434,0.0,0.0,0.0,0.0,0.0,1.0,1.0,0.0,0.0,21871300.0,34662400.0,24294500.0,0.0,0.0,0.0,0.0,0.0,0.0,0.0,0.0,0.0,0.0,0.0,0.0,0.0,0.0,0.0,0.0,0.0,0.0,0.0,0.0,0.0,0.0,0.0,0.0,167.47913614908853,2.0938793070246944,165.2060067313058,2.763426943033965,161.3606469290597,5.992066027943541,0.011040379236286535
2024-05-08,167.61467198559197,168.75523914384442,167.35680870759575,167.99156188964844,19569100,0.0,0.0,167.13662719726562,160.12507400512695,64.67615766541697,4.740591632412361,4.196639625953795,6.045595842827471,-0.0109198202792119,0.0,0.0,0.0,0.0,0.0,0.0,0.0,0.0,0.0,28039700.0,21871300.0,34662400.0,0.0,0.0,0.0,0.0,0.0,0.0,0.0,0.0,0.0,0.0,0.0,0.0,0.0,0.0,0.0,1.0,0.0,0.0,1.0,0.0,0.0,0.0,0.0,0.0,168.18663024902344,1.5711962665538812,165.66365487234933,2.9421558649154362,162.30781882149833,5.911020409043184,-0.0034125407773232252
2024-05-09,168.00146814371737,169.2908147525702,166.80138015076668,168.56680297851562,15346700,0.0,0.0,167.79915466308594,160.64824981689452,67.9484034143919,4.757764309625514,4.308864562688139,6.308458225724826,0.0034242260884809195,0.0,0.0,0.0,0.0,0.0,0.0,0.0,0.0,0.0,19569100.0,28039700.0,21871300.0,0.0,0.0,0.0,0.0,0.0,0.0,0.0,0.0,0.0,0.0,0.0,0.0,0.0,0.0,0.0,0.0,1.0,0.0,0.0,1.0,0.0,0.0,0.0,0.0,168.8015391031901,0.9493656023207825,166.68096269880022,2.4265877581067357,163.43209838867188,5.4477440572796585,0.0077676200015599495
2024-05-10,166.65261946945532,168.45770778843482,164.8277059911993,167.2675323486328,29799900,0.0,0.0,168.07884521484374,161.18977432250978,64.27413416124544,4.61335362973486,4.3697623760974835,6.392231776779464,-0.007707749135210218,0.0,0.0,0.0,0.0,0.0,0.0,0.0,0.0,0.0,15346700.0,19569100.0,28039700.0,0.0,0.0,0.0,0.0,0.0,0.0,0.0,0.0,0.0,0.0,0.0,0.0,0.0,0.0,0.0,0.0,0.0,1.0,0.0,0.0,1.0,0.0,0.0,0.0,167.94196573893228,0.6510536660275398,167.35963875906808,1.5869033201666294,164.3084259033203,4.950944851815378,-0.0028970624150949087
2024-05-13,162.9135222794407,167.89237656675422,162.65565899989346,167.75352478027344,31327600,0.0,0.0,168.2851348876953,161.89792175292968,63.001888176558296,4.486406155652446,4.393091132008476,6.289747156445604,0.0029054797713383707,0.0,0.0,0.0,0.0,0.0,0.0,0.0,0.0,0.0,29799900.0,15346700.0,19569100.0,0.0,0.0,0.0,0.0,0.0,0.0,0.0,0.0,0.0,0.0,0.0,0.0,0.0,0.0,0.0,0.0,0.0,0.0,0.0,0.0,0.0,0.0,0.0,0.0,167.86262003580728,0.6564696287784333,167.71669006347656,1.2870704869133784,165.07919856480189,4.542499945326214,-0.00704468513198242
2024-05-14,168.37836010153808,169.8462239602229,167.41631020621995,168.9436798095703,25127100,0.0,0.0,168.10462036132813,162.688387298584,63.29140709024869,4.430759890196725,4.400624883646127,6.121590775779128,0.007094664811697848,0.0,0.0,0.0,0.0,0.0,0.0,0.0,0.0,0.0,31327600.0,29799900.0,15346700.0,0.0,0.0,0.0,0.0,0.0,0.0,0.0,0.0,0.0,0.0,0.0,0.0,0.0,0.0,0.0,0.0,0.0,0.0,0.0,0.0,0.0,0.0,0.0,0.0,167.98824564615884,0.862373463974743,168.15591866629464,1.0552005848578787,165.87334878104073,4.1299629090897625,-0.012578948964321546
2024-05-15,169.23130735927975,171.23473800953292,169.11228073886124,171.09588623046875,26948400,0.0,0.0,168.7254852294922,163.53340225219728,70.03149027198859,4.50835538086352,4.422170983089606,6.053624305995174,0.012739194643589746,0.0,0.0,0.0,0.0,0.0,0.0,0.0,0.0,0.0,25127100.0,31327600.0,29799900.0,0.0,0.0,0.0,0.0,0.0,0.0,0.0,0.0,0.0,0.0,0.0,0.0,0.0,0.0,0.0,0.0,0.0,0.0,0.0,0.0,0.0,0.0,0.0,0.0,169.26436360677084,1.6940996397150863,168.78074863978796,1.3250979746787397,167.04296657017298,2.8486020955734674,-0.009587785633831891
2024-05-16,171.86949341563104,173.68449428030138,171.27442084056955,172.752197265625,27867900,0.0,0.0,169.56256408691405,164.43445434570313,54.14031587811396,4.649899675434142,4.467716721558514,6.015548764370454,0.0096806011625854,0.0,0.0,0.0,0.0,0.0,0.0,0.0,0.0,0.0,26948400.0,25127100.0,31327600.0,0.0,0.0,0.0,0.0,0.0,0.0,0.0,0.0,0.0,0.0,0.0,0.0,0.0,0.0,0.0,0.0,0.0,0.0,0.0,0.0,0.0,0.0,0.0,0.0,170.9305877685547,1.9096318989288272,169.19588361467635,1.9985850978361415,167.20094517299108,3.1070903601868696,-0.010678202809828896
2024-05-17,172.75219674772163,174.8250760090424,172.2662230829347,174.61679077148438,24479300,0.0,0.0,171.03241577148438,165.52394943237306,71.53405998558463,4.856548394719738,4.545483056190759,5.770862033725097,0.01079345753844363,0.0,0.0,0.0,0.0,0.0,0.0,0.0,0.0,0.0,27867900.0,26948400.0,25127100.0,0.0,0.0,0.0,0.0,0.0,0.0,0.0,0.0,0.0,0.0,0.0,0.0,0.0,0.0,0.0,0.0,0.0,0.0,0.0,0.0,0.0,0.0,0.0,0.0,172.82162475585938,1.7614787336330007,170.14234488351005,2.757758008820947,167.9029998779297,3.5924534895419438,-0.004861131099751614
2024-05-20,174.74576043831703,177.3046138105442,174.6366615108058,175.4697723388672,22554400,0.0,0.0,172.57566528320314,166.54749069213867,84.48773378382131,5.031151494752152,4.642616743903037,5.619257815445095,0.004884877127876441,0.0,0.0,0.0,0.0,0.0,1.0,0.0,0.0,0.0,24479300.0,27867900.0,26948400.0,0.0,0.0,0.0,0.0,0.0,0.0,0.0,0.0,0.0,0.0,0.0,0.0,0.0,0.0,0.0,0.0,0.0,0.0,0.0,0.0,0.0,0.0,0.0,0.0,174.2795867919922,1.3898141827312798,171.12848336356026,3.284388392992511,168.90472303118025,3.6085875332383153,-0.005228963859448821
2024-05-21,175.44989566739218,176.6896490712989,174.36883433127562,176.39212036132812,16989400,0.0,0.0,174.0653533935547,167.51896133422852,84.37336748494968,5.184191355603474,4.750931666243125,5.554129190455474,0.005256449644669869,0.0,0.0,0.0,0.0,0.0,0.0,0.0,0.0,0.0,22554400.0,24479300.0,27867900.0,0.0,0.0,0.0,0.0,0.0,0.0,0.0,0.0,0.0,0.0,0.0,0.0,0.0,0.0,0.0,1.0,0.0,0.0,0.0,0.0,0.0,0.0,0.0,0.0,175.4928944905599,0.8878906259068018,172.43199593680245,3.3072687422438305,169.89581734793526,3.6245801642418463,0.008334171428691084
2024-05-22,175.19205213168274,175.69786612928917,173.7737813421162,174.93418884277344,17880000,0.0,0.0,174.83301391601563,168.37439193725587,75.60336755779414,5.128713047319053,4.826487942458311,5.294025106912147,-0.008265287109017194,0.0,0.0,0.0,0.0,0.0,0.0,0.0,0.0,0.0,16989400.0,22554400.0,24479300.0,0.0,0.0,0.0,0.0,0.0,0.0,0.0,0.0,0.0,0.0,0.0,0.0,0.0,0.0,0.0,0.0,1.0,0.0,0.0,0.0,0.0,0.0,0.0,0.0,175.59869384765625,0.7374663685724632,173.45780508858817,2.665678314724116,170.58724757603235,3.594180702150562,0.016306757709605657
2024-05-23,175.6184993564693,176.78881919834342,171.53226222068352,172.12734985351562,21024900,0.0,0.0,174.70804443359376,169.24469757080078,64.83302351486043,4.802892880177438,4.821768930002136,4.261422762604425,-0.01604511392441721,0.0,0.0,0.0,0.0,0.0,0.0,0.0,0.0,0.0,17880000.0,16989400.0,22554400.0,0.0,0.0,0.0,0.0,0.0,0.0,0.0,0.0,0.0,0.0,0.0,0.0,0.0,0.0,0.0,0.0,0.0,1.0,0.0,0.0,0.0,0.0,0.0,0.0,174.48455301920572,2.167647607767134,173.91261509486608,1.939925444045539,171.03426688058036,3.342603685918727,-0.008229020648249707
2024-05-24,173.54561428063982,174.32914680757452,172.22651500986282,173.5555419921875,16579400,0.0,0.0,174.49579467773438,169.39544982910155,65.76643435622219,4.606816704673605,4.7787784849364305,4.361823099762095,0.008297299295476845,0.0,0.0,0.0,0.0,0.0,0.0,0.0,0.0,0.0,21024900.0,17880000.0,16989400.0,0.0,0.0,0.0,0.0,0.0,0.0,0.0,0.0,0.0,0.0,0.0,0.0,0.0,0.0,0.0,0.0,0.0,0.0,0.0,0.0,0.0,0.0,0.0,0.0,173.53902689615884,1.4034923723366548,174.26399448939733,1.5225598906419764,171.52237156459265,3.158327055267993,-0.007993346465737239
2024-05-28,173.01999755281523,175.8168887472588,172.94065151179802,174.95401000976562,20572200,0.0,0.0,174.39264221191405,169.90374908447265,62.80446474336907,4.512255136040977,4.72547381515734,4.388899745139884,0.00805775489232774,0.0,0.0,0.0,0.0,0.0,0.0,0.0,0.0,0.0,16579400.0,21024900.0,17880000.0,0.0,0.0,0.0,0.0,0.0,0.0,0.0,0.0,0.0,0.0,0.0,0.0,0.0,0.0,0.0,0.0,0.0,0.0,0.0,0.0,0.0,0.0,0.0,0.0,173.5456339518229,1.4133561252160791,174.5785391671317,1.378837301017038,171.887211390904,3.2436759887948035,0.002842577365772092
2024-05-29,173.99195085751208,175.39039638067896,173.28777937305267,174.45809936523438,23388700,0.0,0.0,174.0058380126953,170.55437164306642,67.39584641743858,4.347186902522395,4.649816432630351,4.017873357396778,-0.0028345200233110823,0.0,0.0,0.0,0.0,0.0,0.0,0.0,0.0,0.0,20572200.0,16579400.0,21024900.0,0.0,0.0,0.0,0.0,0.0,0.0,0.0,0.0,0.0,0.0,0.0,0.0,0.0,0.0,0.0,0.0,0.0,0.0,0.0,0.0,0.0,0.0,0.0,0.0,174.32255045572916,0.7090192728011279,174.55586896623885,1.3794080137654228,172.34910692487443,3.103659826267057,0.022020765104598272
2024-05-30,173.76383985817733,173.78368015073974,170.38178882747087,170.6991729736328,22931500,0.0,0.0,173.1588348388672,170.96349029541017,54.897468121091144,3.8684619714895234,4.493545540402185,3.5451498884660144,-0.021546299112958467,0.0,0.0,0.0,0.0,0.0,0.0,0.0,0.0,0.0,23388700.0,20572200.0,16579400.0,0.0,0.0,0.0,0.0,0.0,0.0,0.0,0.0,0.0,0.0,0.0,0.0,0.0,0.0,0.0,0.0,0.0,0.0,0.0,0.0,0.0,0.0,0.0,0.0,173.37042744954428,2.326624636281635,173.87435477120536,1.923722616408973,172.5014190673828,2.9524022706633493,-0.0022607337359926705
2024-05-31,170.45119968433661,171.64135980722156,168.05103914863497,171.08595275878906,37638900,0.0,0.0,172.95055541992187,171.2550796508789,59.15353135429423,3.4801617722427522,4.290868786770299,3.280819770786028,0.0022658562336210775,0.0,0.0,0.0,0.0,0.0,0.0,0.0,0.0,0.0,22931500.0,23388700.0,20572200.0,0.0,0.0,0.0,0.0,0.0,0.0,0.0,0.0,0.0,0.0,0.0,0.0,0.0,0.0,0.0,0.0,0.0,0.0,0.0,0.0,0.0,0.0,0.0,0.0,172.0810750325521,2.0676274227188602,173.11633082798548,1.8082262190648295,172.77416338239397,2.585244392680256,-0.003869191459722199
2024-06-03,171.12564767729586,173.09934068848278,169.75697011042396,171.75048828125,27459100,0.0,0.0,172.58954467773438,171.5491500854492,59.500212892972506,3.189289386906779,4.070552906797595,3.0263637521223434,0.0038842202515472213,0.0,0.0,0.0,0.0,0.0,0.0,0.0,0.0,0.0,37638900.0,22931500.0,23388700.0,0.0,0.0,0.0,0.0,0.0,0.0,0.0,0.0,0.0,0.0,0.0,0.0,0.0,0.0,0.0,0.0,0.0,0.0,0.0,0.0,0.0,0.0,0.0,0.0,171.17853800455728,0.531737707721388,172.66151646205358,1.669881118733688,173.05966077532088,2.1765414959897655,-0.0035674139250069237
2024-06-04,171.85957302701576,172.42490783803038,170.48096786025872,172.36538696289062,26879600,0.0,0.0,172.0718200683594,171.83131561279296,58.36156628958922,2.97410448539938,3.8512632225179524,2.8078079891670558,0.0035801859301483052,0.0,0.0,0.0,0.0,0.0,0.0,0.0,0.0,0.0,27459100.0,37638900.0,22931500.0,0.0,0.0,0.0,0.0,0.0,0.0,0.0,0.0,0.0,0.0,0.0,0.0,0.0,0.0,0.0,0.0,0.0,0.0,0.0,0.0,0.0,0.0,0.0,0.0,171.73394266764322,0.6398775575516769,172.69552176339286,1.6595823719228735,173.30406842912947,1.8457800704016276,-0.009235677113711427
2024-06-05,173.76385219874723,175.20196327061797,172.5042583714889,173.97213745117188,22068500,0.0,0.0,171.97462768554686,172.03760986328126,57.22114957323895,2.899793225615184,3.660969223137399,2.8058531338893085,0.009321769971294636,0.0,0.0,0.0,0.0,0.0,0.0,0.0,0.0,0.0,26879600.0,27459100.0,37638900.0,0.0,0.0,0.0,0.0,0.0,0.0,0.0,0.0,0.0,0.0,0.0,0.0,0.0,0.0,0.0,0.0,0.0,0.0,0.0,0.0,0.0,0.0,0.0,0.0,172.69600423177084,1.1471321163754178,172.75503540039062,1.702478663821731,173.50951494489397,1.7380157716326323,-0.007468899173735055
2024-06-06,174.4580976777925,175.6978511153371,174.30933331877074,175.2812957763672,23251000,0.0,0.0,172.89105224609375,172.4020965576172,56.46222909806313,2.9129603588413033,3.51136745027818,2.7249085688285684,0.007525103412394207,0.0,0.0,0.0,0.0,0.0,0.0,0.0,0.0,0.0,22068500.0,26879600.0,27459100.0,0.0,0.0,0.0,0.0,0.0,0.0,0.0,0.0,0.0,0.0,0.0,0.0,0.0,0.0,0.0,0.0,0.0,0.0,0.0,0.0,0.0,0.0,0.0,0.0,173.87294006347656,1.4604831883410485,172.80179050990515,1.7758472849742515,173.69016483851843,1.7840722769569268,0.013011467951193456
2024-06-07,175.59868809544102,176.4119585188029,172.8712304058679,173.02992248535156,19661400,0.0,0.0,173.27984619140625,172.625252532959,46.023901628488645,2.710483629648621,3.3511906861522682,2.5727941418667872,-0.012844344178559952,0.0,0.0,0.0,0.0,0.0,0.0,0.0,0.0,0.0,23251000.0,22068500.0,26879600.0,0.0,0.0,0.0,0.0,0.0,0.0,0.0,0.0,0.0,0.0,0.0,0.0,0.0,0.0,0.0,0.0,0.0,0.0,0.0,0.0,0.0,0.0,0.0,0.0,174.09445190429688,1.1306595610360286,172.59776524135046,1.6298825356356401,173.57681710379464,1.7710339653176292,-0.00428537823222086
2024-06-10,173.7349014501534,175.81014466476933,171.54049500356726,173.7746124267578,23726700,0.2,0.0,173.6846710205078,172.95060653686522,45.72938770489283,2.5803647786879083,3.1970255046593965,2.2509048737977317,0.004303821736204583,0.0,0.0,0.0,0.0,0.0,0.0,0.0,0.0,0.0,19661400.0,23251000.0,22068500.0,0.0,0.0,0.0,0.0,0.0,0.0,0.0,0.0,0.0,0.0,0.0,0.0,0.0,0.0,0.0,0.0,0.0,0.0,0.0,0.0,0.0,0.0,0.0,0.0,174.0286102294922,1.1469771517886245,173.037113734654,1.4357477429668548,173.4557342529297,1.687644823528647,-0.009115602612696283
2024-06-11,174.97607487552963,175.59169348463175,172.54337230776866,175.3732452392578,21540600,0.0,0.0,174.28624267578124,173.33159255981445,47.51773418755822,2.5765402078077386,3.072928445289065,1.9496476708804695,0.00919946124566251,0.0,0.0,0.0,0.0,0.0,0.0,0.0,0.0,0.0,23726700.0,19661400.0,23251000.0,0.0,0.0,0.0,0.0,0.0,0.0,0.0,0.0,0.0,0.0,0.0,0.0,0.0,0.0,0.0,0.0,0.0,0.0,0.0,0.0,0.0,0.0,0.0,0.0,174.05926005045572,1.1973130687111262,173.6495840890067,1.3779738263686867,173.3829574584961,1.5690815587656646,-0.006580809699935131
2024-06-12,176.99174796777623,179.13650434238232,174.8668546571235,176.5349884033203,27864700,0.0,0.0,174.79881286621094,173.71115798950194,53.95710589247053,2.636856135928724,2.985713983416997,1.782192072597905,0.006624403639663212,0.0,0.0,0.0,0.0,0.0,0.0,0.0,0.0,0.0,21540600.0,23726700.0,19661400.0,0.0,0.0,0.0,0.0,0.0,0.0,0.0,0.0,0.0,0.0,0.0,0.0,0.0,0.0,0.0,0.0,0.0,0.0,0.0,0.0,0.0,0.0,0.0,0.0,175.2276153564453,1.385938285089586,174.3330841064453,1.4629683552109596,173.49730028424943,1.73985323251717,0.015015021601557876
2024-06-13,174.86681372664998,175.49237131059095,173.64550072326165,173.92352294921875,20913300,0.0,0.0,174.52725830078126,173.85253982543946,54.48336591036163,2.4457405318680685,2.8777192931072113,1.6725907908776347,-0.014792905801400025,0.0,0.0,0.0,0.0,0.0,0.0,0.0,0.0,0.0,27864700.0,21540600.0,23726700.0,0.0,0.0,0.0,0.0,0.0,0.0,0.0,0.0,0.0,0.0,0.0,0.0,0.0,0.0,0.0,0.0,0.0,0.0,0.0,0.0,0.0,0.0,0.0,0.0,175.27725219726562,1.3083764567508436,174.55567496163505,1.210422785720505,173.62559836251395,1.6967529293003962,-0.009220099261816661
2024-06-14,172.99018739624864,175.8101362841722,172.92067425165644,175.5420379638672,18063600,0.0,0.0,175.02968139648436,173.99203186035157,54.91175687167565,2.3972467061301757,2.7816247757118044,1.6922132622782824,0.00930590058896752,0.0,0.0,0.0,0.0,0.0,0.0,0.0,0.0,0.0,20913300.0,27864700.0,21540600.0,0.0,0.0,0.0,0.0,0.0,0.0,0.0,0.0,0.0,0.0,0.0,0.0,0.0,0.0,0.0,0.0,0.0,0.0,0.0,0.0,0.0,0.0,0.0,0.0,175.3335164388021,1.3181611715978903,174.77994646344865,1.2295698381630995,173.76749093191964,1.7718434635937774,-0.002539014897941283
2024-06-17,174.2214424940307,177.10096546528717,173.57602172386774,175.98887634277344,19618500,0.0,0.0,175.4725341796875,174.060636138916,52.6851443471458,2.3675791440416845,2.6988156493777806,1.7458380889655107,0.0025454779042626274,0.0,0.0,0.0,0.0,0.0,0.0,0.0,0.0,0.0,18063600.0,20913300.0,27864700.0,0.0,0.0,0.0,0.0,0.0,0.0,0.0,0.0,0.0,0.0,0.0,0.0,0.0,0.0,0.0,0.0,0.0,0.0,0.0,0.0,0.0,0.0,0.0,0.0,175.15147908528647,1.086656955207514,174.8810294015067,1.3044595252771412,173.84140995570593,1.8452185546103224,0.012279418650606777
2024-06-18,175.88958192240335,176.13781719186318,172.87104771224654,173.8540496826172,21869900,0.0,0.0,175.16869506835937,173.9798500061035,48.55553633836654,2.147054806050619,2.5884634807123486,1.7142981865166105,-0.012130463609519526,0.0,0.0,0.0,0.0,0.0,0.0,0.0,0.0,0.0,19618500.0,18063600.0,20913300.0,0.0,0.0,0.0,0.0,0.0,0.0,0.0,0.0,0.0,0.0,0.0,0.0,0.0,0.0,0.0,0.0,0.0,0.0,0.0,0.0,0.0,0.0,0.0,0.0,175.1283213297526,1.1259406322009278,174.99876185825892,1.1358368373787908,173.7982635498047,1.8367320697305685,-0.006863318851668687
2024-06-20,174.13206841253606,176.03851342488448,173.7547611134038,175.05551147460938,20160100,0.0,0.0,174.8727996826172,173.91301956176758,61.86905241977393,2.0456545724438797,2.479901699058655,1.6397403571091733,0.006910749529191573,0.0,0.0,0.0,0.0,0.0,0.0,0.0,0.0,0.0,21869900.0,19618500.0,18063600.0,0.0,0.0,0.0,0.0,0.0,0.0,0.0,0.0,0.0,0.0,0.0,0.0,0.0,0.0,0.0,0.0,0.0,0.0,0.0,0.0,0.0,0.0,0.0,0.0,174.96614583333334,1.0702153431035226,175.18174743652344,1.0009199570246499,174.10943058558874,1.6285284073143282,-0.01853799054865579
2024-06-21,175.7505447565084,179.57337340062563,175.36329839952862,178.3619842529297,57759000,0.0,0.0,175.76049194335937,174.08440933227538,67.10288083555709,2.206661852390681,2.4252537297250605,1.9091087944235627,0.018888138685081657,0.0,0.0,0.0,0.0,0.0,0.0,0.0,0.0,0.0,20160100.0,21869900.0,19618500.0,0.0,0.0,0.0,0.0,0.0,0.0,0.0,0.0,0.0,0.0,0.0,0.0,0.0,0.0,0.0,0.0,0.0,0.0,0.0,0.0,0.0,0.0,0.0,0.0,175.7571818033854,2.3344430728277437,175.60871015276228,1.57120968443574,174.62914712088448,1.7461756608309065,0.00228768378105082
2024-06-24,178.8882466857276,179.61308934299385,177.4087592034553,177.9548797607422,18298000,0.0,0.0,176.24306030273436,174.37578582763672,64.76256726661724,2.275184441548987,2.395239872089846,2.0352380655164666,-0.0022824622292281216,0.0,0.0,0.0,0.0,0.0,0.0,0.0,0.0,0.0,57759000.0,20160100.0,21869900.0,0.0,0.0,0.0,0.0,0.0,0.0,0.0,0.0,0.0,0.0,0.0,0.0,0.0,0.0,0.0,0.0,0.0,0.0,0.0,0.0,0.0,0.0,0.0,0.0,177.1241251627604,1.8029990183024642,175.8115517752511,1.7874892354007803,175.07231794084822,1.7467089563758293,-0.026137046662281005
2024-06-25,178.35205317535076,182.98908571292054,178.15346801046124,182.73092651367188,23130200,0.0,0.0,177.59147033691406,174.83455505371094,70.58690542429301,2.6839373855215456,2.452979374776186,2.7494293911475554,0.02683852648126872,0.0,0.0,0.0,0.0,0.0,0.0,0.0,0.0,0.0,18298000.0,57759000.0,20160100.0,0.0,0.0,0.0,0.0,0.0,0.0,0.0,0.0,0.0,0.0,0.0,0.0,0.0,0.0,0.0,0.0,0.0,0.0,0.0,0.0,0.0,0.0,0.0,0.0,179.6825968424479,2.647766767531427,177.0697522844587,2.955286812736741,175.81271362304688,2.5315715329374906,0.0008155815437380642
2024-06-26,181.34083960482536,183.2075585872156,181.19188934781172,182.58201599121094,19839000,0.0,0.0,179.33706359863282,175.2159553527832,68.1510976090709,2.9617203354402477,2.5547275669089986,3.2503233465880568,-0.0008149169125446498,0.0,0.0,0.0,0.0,0.0,0.0,0.0,0.0,0.0,23130200.0,18298000.0,57759000.0,0.0,0.0,0.0,0.0,0.0,0.0,0.0,0.0,0.0,0.0,0.0,0.0,0.0,0.0,0.0,0.0,0.0,0.0,0.0,0.0,0.0,0.0,0.0,0.0,181.08927408854166,2.7154860407553114,178.0754634312221,3.496981475157792,176.42770494733537,3.043983231086834,-0.008251876296698546
2024-06-27,182.8798679380617,184.7366779293804,182.72100889129027,184.1011962890625,18848900,0.0,0.0,181.14620056152344,175.6981101989746,68.4306519303334,3.2667929229779418,2.697140638122787,3.8006310429903056,0.00832053633324259,0.0,0.0,0.0,0.0,0.0,0.0,0.0,0.0,0.0,19839000.0,23130200.0,18298000.0,0.0,0.0,0.0,0.0,0.0,0.0,0.0,0.0,0.0,0.0,0.0,0.0,0.0,0.0,0.0,0.0,0.0,0.0,0.0,0.0,0.0,0.0,0.0,0.0,183.13804626464844,0.8374288406053544,179.23436628069197,3.9984892297047536,177.05769784109933,3.642353228998792,0.01789740351819713
2024-06-28,183.0188920765721,183.8231718610113,180.6755507145743,180.86419677734375,29156600,0.0,0.0,181.64664306640626,176.20636138916015,65.723336503968,3.2103593148663094,2.799784373471492,3.776546890311395,-0.017582718510075535,0.0,0.0,0.0,0.0,0.0,0.0,0.0,0.0,0.0,18848900.0,19839000.0,23130200.0,0.0,0.0,0.0,0.0,0.0,0.0,0.0,0.0,0.0,0.0,0.0,0.0,0.0,0.0,0.0,0.0,0.0,0.0,0.0,0.0,0.0,0.0,0.0,0.0,182.51580301920572,1.6195152293106811,180.2358158656529,3.2304728388208535,177.61728886195593,3.577171764966005,-0.004590445001578014
2024-07-01,181.73798367721864,182.58198955820285,180.0202000494524,181.69827270507812,16006100,0.0,0.0,182.39532165527345,176.73697738647462,65.84587949460163,3.1960956296423717,2.879046624705668,3.764762245288939,0.004611614363682959,0.0,0.0,0.0,0.0,0.0,0.0,0.0,0.0,0.0,29156600.0,18848900.0,19839000.0,0.0,0.0,0.0,0.0,0.0,0.0,0.0,0.0,0.0,0.0,0.0,0.0,0.0,0.0,0.0,0.0,0.0,0.0,0.0,0.0,0.0,0.0,0.0,0.0,182.22122192382812,1.6806690256461274,181.18478175571985,2.295473849916257,178.18326459612166,3.549146369392202,-0.01214647781510736
2024-07-02,180.7649192250836,184.2600759255339,180.27837266146466,183.93240356445312,17372500,0.0,0.0,182.6356170654297,177.34607315063477,66.69247713214581,3.326718900603481,2.9685810798852303,3.89861238334178,0.01229582882717506,0.0,0.0,0.0,0.0,0.0,0.0,0.0,0.0,0.0,16006100.0,29156600.0,18848900.0,0.0,0.0,0.0,0.0,0.0,0.0,0.0,0.0,0.0,0.0,0.0,0.0,0.0,0.0,0.0,0.0,0.0,0.0,0.0,0.0,0.0,0.0,0.0,0.0,182.16495768229166,1.5864486670200326,181.98055594308036,2.112015038420176,178.7946330479213,3.7588593818733615,-0.003121253701640514
2024-07-03,183.545146815405,184.77638393795382,182.7011409192061,184.50830078125,10242100,0.0,0.0,183.0208740234375,177.95321884155274,65.9135718475359,3.437088262376136,3.0622825163834113,4.025590141289752,0.0031310264294734935,0.0,0.0,0.0,0.0,0.0,0.0,0.0,0.0,0.0,17372500.0,16006100.0,29156600.0,0.0,0.0,0.0,0.0,0.0,0.0,0.0,0.0,0.0,0.0,0.0,0.0,0.0,0.0,0.0,0.0,0.0,0.0,0.0,0.0,0.0,0.0,0.0,0.0,183.3796590169271,1.4843211742542621,182.91675894601005,1.3423696670479408,179.36415536063058,3.9872521464001545,-0.025078716925205247
2024-07-05,184.54801654082962,189.5127215858847,184.48844250446135,189.2545623779297,20967500,0.0,0.0,184.05154724121093,178.71734008789062,78.19582210113998,3.863010046265032,3.2224280223597357,4.634515104572011,0.025723837770891267,0.0,0.0,0.0,0.0,0.0,0.0,0.0,0.0,0.0,10242100.0,17372500.0,16006100.0,0.0,0.0,0.0,0.0,0.0,0.0,0.0,0.0,0.0,0.0,0.0,0.0,0.0,0.0,0.0,0.0,0.0,0.0,0.0,0.0,0.0,0.0,0.0,0.0,185.89842224121094,2.9207313919729008,183.8487069266183,2.7345099291855273,180.4592296055385,4.455829192731135,0.008305460537071374
2024-07-08,188.55951740006753,188.82761575155533,186.45448702073386,187.69566345214844,21035900,0.0,0.0,185.41784057617187,179.3380584716797,72.40125728286952,4.028329933622615,3.3836084046123114,4.969347826100225,-0.008237048059471452,0.0,0.0,0.0,0.0,0.0,0.0,0.0,0.0,0.0,20967500.0,10242100.0,17372500.0,0.0,0.0,0.0,0.0,0.0,0.0,0.0,0.0,0.0,0.0,0.0,0.0,0.0,0.0,0.0,0.0,0.0,0.0,0.0,0.0,0.0,0.0,0.0,0.0,187.15284220377603,2.4192438832823586,184.5792279924665,3.008992320440614,181.32734571184432,4.6055470106199365,0.000264686481099341
2024-07-09,188.96660951335545,190.00920064999954,187.38783687416534,187.64599609375,15121400,0.0,0.0,186.60738525390624,180.0688621520996,71.8053651928646,4.107985099587552,3.5284837436073597,5.066617817390498,-0.0002646164407048568,0.0,0.0,0.0,0.0,0.0,0.0,0.0,0.0,0.0,21035900.0,20967500.0,10242100.0,0.0,0.0,0.0,0.0,0.0,0.0,0.0,0.0,0.0,0.0,0.0,0.0,0.0,0.0,0.0,0.0,0.0,0.0,0.0,0.0,0.0,0.0,0.0,0.0,188.19874064127603,0.9147056173010013,185.08562796456474,3.2069111426788233,182.15999712262834,4.619886717802944,-0.011507444620005747
2024-07-10,187.8147905079295,190.3964432565855,187.69564243220248,189.83045959472656,15952500,0.0,0.0,187.78699645996093,180.87165451049805,79.82947261180176,4.297837544799393,3.6823545038457666,5.284154065920822,0.011641407471786325,0.0,0.0,0.0,0.0,0.0,0.0,0.0,0.0,0.0,15121400.0,21035900.0,20967500.0,0.0,0.0,0.0,0.0,0.0,0.0,0.0,0.0,0.0,0.0,0.0,0.0,0.0,0.0,0.0,0.0,0.0,0.0,0.0,0.0,0.0,0.0,0.0,0.0,188.39070638020834,1.2471101397494841,186.36652265276228,3.0252763503685736,183.3011692592076,4.377204855706734,0.030231037303191988
2024-07-11,188.50987272919218,189.51273777959946,183.77353946919203,184.2600860595703,25625800,0.0,0.0,187.737353515625,181.31599655151368,64.77531747419718,3.9532438504110132,3.7365323731588163,5.16987003051424,-0.029343939571386812,0.0,0.0,0.0,0.0,0.0,0.0,0.0,0.0,0.0,15952500.0,15121400.0,21035900.0,0.0,0.0,0.0,0.0,0.0,0.0,0.0,0.0,0.0,0.0,0.0,0.0,0.0,0.0,0.0,0.0,0.0,0.0,0.0,0.0,0.0,0.0,0.0,0.0,187.24551391601562,2.8066982045298454,186.7324959891183,2.470517629405349,183.95863887241907,3.679003957719022,0.002701622576118723
2024-07-12,183.77355005575473,185.78921938031402,183.1877184128902,183.7636260986328,22898400,0.0,0.0,186.63916625976563,181.67742843627929,59.530581146786275,3.5986081801412126,3.7089475345552954,5.0697438835762405,-0.00269434347695352,0.0,0.0,0.0,0.0,0.0,0.0,0.0,0.0,0.0,25625800.0,15952500.0,15121400.0,0.0,0.0,0.0,0.0,0.0,0.0,0.0,0.0,0.0,0.0,0.0,0.0,0.0,0.0,0.0,0.0,0.0,0.0,0.0,0.0,0.0,0.0,0.0,0.0,185.9513905843099,3.3685308984616995,186.70838492257255,2.503009707614347,184.34447043282645,3.311835125980983,-0.007827064758444413
2024-07-15,183.61466683145176,186.9112385638258,183.61466683145176,185.2133026123047,16474000,0.0,0.0,186.14269409179687,182.2419174194336,62.35222143051525,3.3953936511898064,3.646236757882198,4.781269141691222,0.007888810992953355,0.0,0.0,0.0,0.0,0.0,0.0,0.0,0.0,0.0,22898400.0,25625800.0,15952500.0,0.0,0.0,0.0,0.0,0.0,0.0,0.0,0.0,0.0,0.0,0.0,0.0,0.0,0.0,0.0,0.0,0.0,0.0,0.0,0.0,0.0,0.0,0.0,0.0,184.41233825683594,0.7367333623899326,186.80909946986608,2.4122687289420757,184.86292920793807,2.7561411443748822,0.014190991416740406
2024-07-16,186.03743905754484,187.34811338839907,182.0755987428797,182.62171936035156,18290700,0.0,0.0,185.1378387451172,182.5959014892578,49.79922630452407,2.990750058252246,3.515139417956208,4.5137213487082475,-0.013992425033194977,0.0,0.0,0.0,0.0,0.0,0.0,0.0,0.0,0.0,16474000.0,22898400.0,25625800.0,0.0,0.0,0.0,0.0,0.0,0.0,0.0,0.0,0.0,0.0,0.0,0.0,0.0,0.0,0.0,0.0,0.0,0.0,0.0,0.0,0.0,0.0,0.0,0.0,183.86621602376303,1.2988338837244873,185.8615504673549,2.587893676509803,184.8551286969866,2.7627858894361017,0.01602034503086025
2024-07-17,181.67841945681636,182.2543270659603,178.63008325599765,179.7421875,20734100,0.0,0.0,183.12018432617188,182.78356704711913,45.25543909705202,2.4099327352303703,3.2940980814110405,4.297407191833174,-0.015767740389463936,0.0,0.0,0.0,0.0,0.0,0.0,0.0,0.0,0.0,18290700.0,16474000.0,22898400.0,0.0,0.0,0.0,0.0,0.0,0.0,0.0,0.0,0.0,0.0,0.0,0.0,0.0,0.0,0.0,0.0,0.0,0.0,0.0,0.0,0.0,0.0,0.0,0.0,182.5257364908854,2.736820176126198,184.72533961704798,3.2971949971725807,184.65228380475725,3.033503913700962,0.018740470591694702
2024-07-18,180.64575986268414,181.21174353968178,175.22431015700485,176.43569946289062,25315700,0.0,0.0,181.55530700683593,182.91264953613282,37.91484198260043,1.6636473796434643,2.9680079410575257,4.046521310436578,-0.01839572602903461,0.0,0.0,0.0,0.0,0.0,0.0,0.0,0.0,0.0,20734100.0,18290700.0,16474000.0,0.0,0.0,0.0,0.0,0.0,0.0,0.0,0.0,0.0,0.0,0.0,0.0,0.0,0.0,0.0,0.0,0.0,0.0,0.0,0.0,0.0,0.0,0.0,0.0,179.59986877441406,3.0954646674918913,183.12386866978235,4.232097674562985,184.10474831717355,3.748223447719747,0.00016893094391923213
2024-07-19,177.61728826175099,179.01732353591333,175.87964153783852,176.40589904785156,18881900,0.0,0.0,180.0837615966797,182.98016891479492,42.18043040163147,1.0576146903954111,2.5859292909251033,3.9177354204581825,-0.00016890241107547777,0.0,0.0,0.0,0.0,0.0,0.0,0.0,0.0,0.0,25315700.0,20734100.0,18290700.0,0.0,0.0,0.0,0.0,0.0,0.0,0.0,0.0,0.0,0.0,0.0,0.0,0.0,0.0,0.0,0.0,0.0,0.0,0.0,0.0,0.0,0.0,0.0,0.0,177.5279286702474,1.9176622851906577,181.20607430594308,3.6939389955050617,183.78629847935267,4.206137354491195,-0.022072885192541247
2024-07-22,179.31519524161143,181.41030116706474,178.95773590808608,180.3875732421875,24100300,0.0,0.0,179.11861572265624,183.08144836425782,47.92970572696738,0.8883765967675288,2.2464187520935885,3.8169506834810782,0.02257109436717797,0.0,0.0,0.0,0.1779,0.1779,1.0,1.0,1.0,0.0,18881900.0,25315700.0,20734100.0,0.0,0.0,0.0,0.0,0.0,0.0,0.0,0.0,0.0,0.0,0.0,0.0,0.0,0.0,0.0,0.0,0.0,0.0,0.0,0.0,0.0,0.0,0.0,0.0,177.74305725097656,2.2902664991256785,180.6528581891741,3.4416985029726197,183.6926770891462,4.270286072932441,-0.0006601187909505146
2024-07-23,180.76490347036915,182.31388893241848,180.25849388780003,180.50672912597656,36352700,0.0,0.0,178.69561767578125,183.20904083251952,44.201621030523334,0.7551640116147098,1.9481678039978128,3.6766332899935645,0.0006605548356100055,0.0,0.0,0.0,0.875,0.875,1.0,1386.0,1.0,0.0,24100300.0,18881900.0,25315700.0,0.0,0.0,0.0,0.0,0.0,0.0,0.0,0.0,0.0,0.1779,0.0,0.0,0.1779,0.0,0.0,1.0,0.0,0.0,1.0,0.0,0.0,1.0,0.0,0.0,179.10006713867188,2.333978536182754,180.18758719308036,3.159664236648547,183.44798605782645,4.352841907311327,0.053061168171969486
2024-07-24,172.37459212943986,174.94630610791995,170.6071580696205,171.41143798828125,49585200,0.0,0.0,177.0294677734375,182.64306640625,32.79414783406355,-0.08336097077548743,1.5418620490431527,4.527014312798421,-0.05038754611384966,0.0,0.0,0.0,0.0,0.0,0.0,0.0,0.0,0.0,36352700.0,24100300.0,18881900.0,0.0,0.0,0.0,0.0,0.0,0.0,0.0,0.0,0.0,0.875,0.1779,0.0,0.875,0.1779,0.0,1.0,1.0,0.0,1386.0,1.0,0.0,1.0,1.0,0.0,177.43524678548178,5.21711163864533,178.2158922467913,3.751683648520407,182.5124958583287,5.390991488951837,0.03198243237135423
2024-07-25,171.30219882616154,172.19583973492487,166.0098210682456,166.09918212890625,44852000,0.0,0.0,174.96216430664063,181.81892471313478,20.025646404348038,-1.1631447039284808,1.0008606984488262,5.84670623603668,-0.030991256602947215,0.0,0.0,0.0,0.0,0.0,0.0,0.0,0.0,0.0,49585200.0,36352700.0,24100300.0,0.0,0.0,0.0,0.0,0.0,0.0,0.0,0.0,0.0,0.0,0.875,0.1779,0.0,0.875,0.1779,0.0,1.0,1.0,0.0,1386.0,1.0,0.0,1.0,1.0,172.67244974772134,7.28608026385154,175.85552978515625,5.367416449678262,180.85854012625558,6.583544128389514,0.0016766883633447804
2024-07-26,165.97008682721892,166.90345381803442,162.90190268589552,165.82115173339844,41336900,0.0,0.0,172.84521484375,180.90492248535156,20.712501317721703,-2.0180529628332806,0.3970779661924048,6.819119705947256,-0.001673881785233866,0.0,0.0,0.0,0.0,0.0,0.0,0.0,0.0,0.0,44852000.0,49585200.0,36352700.0,0.0,0.0,0.0,0.0,0.0,0.0,0.0,0.0,0.0,0.0,0.0,0.875,0.0,0.0,0.875,0.0,0.0,1.0,0.0,0.0,1386.0,0.0,0.0,1.0,167.77725728352866,3.1503614508985955,173.86681038992745,6.201512677406413,179.29607500348772,7.383236341886074,-0.01492364273722424
2024-07-29,167.63824201341453,169.22693862858085,166.80417515412134,168.3332977294922,20293800,0.0,0.0,170.43435974121093,180.27837753295898,25.74204026622334,-2.4644560154169426,-0.17522883012946466,7.37599376565337,0.015149731924023024,0.0,0.0,0.0,0.0,0.0,0.0,0.0,0.0,0.0,41336900.0,44852000.0,49585200.0,0.0,0.0,0.0,0.0,0.0,0.0,0.0,0.0,0.0,0.0,0.0,0.0,0.0,0.0,0.0,0.0,0.0,0.0,0.0,0.0,0.0,0.0,0.0,0.0,166.75121053059897,1.3771619926090901,172.7093244280134,6.395241876556976,177.91659654889787,7.506295703730967,-0.004462995338021636
2024-07-30,169.0383014663059,170.02130347692145,167.25100442280618,169.0879364013672,18959700,0.0,0.0,168.15060119628907,179.64786071777343,22.97539404281848,-2.7259179316173174,-0.6853666504270353,7.77634482504935,0.004483002959329463,0.0,0.0,0.0,0.0,0.0,0.0,0.0,0.0,0.0,20293800.0,41336900.0,44852000.0,0.0,0.0,0.0,0.0,0.0,0.0,0.0,0.0,0.0,0.0,0.0,0.0,0.0,0.0,0.0,0.0,0.0,0.0,0.0,0.0,0.0,0.0,0.0,0.0,167.7474619547526,1.7103722352010693,171.66390119280135,6.287476058171328,176.4349877493722,7.004125047933885,-0.007286864955824313
2024-07-31,172.01711347343624,173.01997848256258,168.80990296351985,170.3291015625,25729100,0.0,0.0,167.93413391113282,178.9676956176758,29.542078093075844,-2.800692093203992,-1.1084317389824268,7.9742635741308705,0.007340353117721188,0.0,0.0,0.0,0.0,0.0,0.0,0.0,0.0,0.0,18959700.0,20293800.0,41336900.0,0.0,0.0,0.0,0.0,0.0,0.0,0.0,0.0,0.0,0.0,0.0,0.0,0.0,0.0,0.0,0.0,0.0,0.0,0.0,0.0,0.0,0.0,0.0,0.0,169.25011189778647,1.0077370211001018,170.2269766671317,4.973598671535248,175.4399174281529,6.793313190056829,0.004567883346997315
2024-08-01,169.0482015028782,172.82138024945738,167.68787721137585,169.55459594726562,24531400,0.0,0.0,168.62521667480468,178.22001037597656,29.3027825132191,-2.8891430427483726,-1.464573999735616,8.127005620826111,-0.004547112666769881,0.0,0.0,0.0,0.0,0.0,0.0,0.0,0.0,0.0,25729100.0,18959700.0,20293800.0,0.0,0.0,0.0,0.0,0.0,0.0,0.0,0.0,0.0,0.0,0.0,0.0,0.0,0.0,0.0,0.0,0.0,0.0,0.0,0.0,0.0,0.0,0.0,0.0,169.65721130371094,0.6269132099746526,168.66238621303015,2.084197873957202,174.42498670305525,6.509579065349701,0.024600809340154628
2024-08-02,165.26511803151652,167.3204982165653,163.50760805366414,165.4835662841797,29130100,0.0,0.0,168.55769958496094,177.03146057128907,23.300162139079475,-3.2502720157401654,-1.821713602936526,8.166423053587163,-0.0240101404526486,0.0,0.0,0.0,0.0,0.0,0.0,0.0,0.0,0.0,24531400.0,25729100.0,18959700.0,0.0,0.0,0.0,0.0,0.0,0.0,0.0,0.0,0.0,0.0,0.0,0.0,0.0,0.0,0.0,0.0,0.0,0.0,0.0,0.0,0.0,0.0,0.0,0.0,168.45575459798178,2.6029583681914605,167.8155473981585,1.9828827203207875,173.0157198224749,6.118237742030067,0.046530631229351194
2024-08-05,154.40234063596142,163.26929736266635,153.8363569379613,158.12586975097656,53630700,0.0,0.0,166.5162139892578,175.55297088623047,20.637919618982124,-4.0831064386446485,-2.2739921700781505,8.787240601898699,-0.04446179580495613,0.0,0.0,0.0,0.0,0.0,0.0,0.0,0.0,0.0,29130100.0,24531400.0,25729100.0,0.0,0.0,0.0,0.0,0.0,0.0,0.0,0.0,0.0,0.0,0.0,0.0,0.0,0.0,0.0,0.0,0.0,0.0,0.0,0.0,0.0,0.0,0.0,0.0,164.38801066080728,5.792592442971191,166.67650277273995,4.192312962498948,171.26601627894811,6.640196724673848,0.00606496891159769
2024-08-06,158.2052897951303,159.4365420774317,155.30590392172098,157.17262268066406,49004600,0.0,0.0,164.13315124511718,174.02930221557617,21.63709990722876,-4.765123414464853,-2.7722184189554913,9.21172298771906,-0.00602840681169825,0.0,0.0,0.0,0.0,0.0,0.0,0.0,0.0,0.0,53630700.0,29130100.0,24531400.0,0.0,0.0,0.0,0.0,0.0,0.0,0.0,0.0,0.0,0.0,0.0,0.0,0.0,0.0,0.0,0.0,0.0,0.0,0.0,0.0,0.0,0.0,0.0,0.0,160.26068623860678,4.548189416910975,165.44099862234933,5.543160135365756,169.6539045061384,7.1446180198584495,-0.0040896228599649476
2024-08-07,160.11173013870962,161.82951376084208,157.3513554761563,157.8180389404297,25138600,0.0,0.0,161.6309387207031,172.42868118286134,24.92642081498734,-5.193677600844552,-3.2565102553333034,9.102196658803093,0.004106416554980674,0.0,0.0,0.0,0.0,0.0,0.0,0.0,0.0,0.0,49004600.0,53630700.0,29130100.0,0.0,0.0,0.0,0.0,0.0,0.0,0.0,0.0,0.0,0.0,0.0,0.0,0.0,0.0,0.0,0.0,0.0,0.0,0.0,0.0,0.0,0.0,0.0,0.0,157.70551045735678,0.4864843151581242,163.9388187953404,6.031971157592076,168.32407161167689,7.508605114335505,-0.019070659354593844
2024-08-08,159.37697100848436,162.53453159498838,159.0791007984094,160.88624572753906,25578800,0.0,0.0,159.89726867675782,171.25998916625977,30.679867700927502,-5.225494982075247,-3.6503072006816923,9.003153104345072,0.019441420053809555,0.0,0.0,0.0,0.0,0.0,0.0,0.0,0.0,0.0,25138600.0,49004600.0,53630700.0,0.0,0.0,0.0,0.0,0.0,0.0,0.0,0.0,0.0,0.0,0.0,0.0,0.0,0.0,0.0,0.0,0.0,0.0,0.0,0.0,0.0,0.0,0.0,0.0,158.6256357828776,1.9841644408975494,162.76714869907923,5.649530523096599,167.2155249459403,7.367966106747561,-0.01001994355413649
2024-08-09,158.8804658955509,162.63378123682256,157.93717508299093,162.51463317871094,28602300,0.0,0.0,159.30348205566406,170.19753952026366,26.36553049181333,-5.0609734757428555,-3.9324404556939254,8.698586940272431,0.010121359000007768,0.0,0.0,0.0,0.0,0.0,0.0,0.0,0.0,0.0,25578800.0,25138600.0,49004600.0,0.0,0.0,0.0,0.0,0.0,0.0,0.0,0.0,0.0,0.0,0.0,0.0,0.0,0.0,0.0,0.0,0.0,0.0,0.0,0.0,0.0,0.0,0.0,0.0,160.40630594889322,2.3847968473462116,161.65079607282365,4.576390525745485,165.93888636997767,6.394157558572096,0.008503081217639652
2024-08-12,163.1898806325975,163.73598613275442,160.6975887017958,161.1444091796875,15895300,0.0,0.0,159.90718994140624,168.9940948486328,25.216065887937532,-4.9837055664216905,-4.142693477839479,8.160119086352703,-0.008431388436982545,0.0,0.0,0.0,0.0,0.0,0.0,0.0,0.0,0.0,28602300.0,25578800.0,25138600.0,0.0,0.0,0.0,0.0,0.0,0.0,0.0,0.0,0.0,0.0,0.0,0.0,0.0,0.0,0.0,0.0,0.0,0.0,0.0,0.0,0.0,0.0,0.0,0.0,161.51509602864584,0.8751959653585814,160.4493408203125,2.98166658175718,164.5558635166713,4.926339719975697,-0.011391303883838577
2024-08-13,162.25649966122157,163.56717396094234,161.81960317762199,163.00120544433594,18551700,0.0,0.0,161.07290649414062,168.01306915283203,36.78623092336454,-4.718253165455394,-4.257805415362662,7.595419921273168,0.011522560876300547,0.0,0.0,0.0,0.0,0.0,0.0,0.0,0.0,0.0,15895300.0,28602300.0,25578800.0,0.0,0.0,0.0,0.0,0.0,0.0,0.0,0.0,0.0,0.0,0.0,0.0,0.0,0.0,0.0,0.0,0.0,0.0,0.0,0.0,0.0,0.0,0.0,0.0,162.22008260091147,0.9628048214815553,160.09471784319197,2.367498626384208,163.95513262067522,4.522256697799992,0.02363293418877177
2024-08-14,161.25361460284537,162.06783350679044,156.5967339743886,159.23794555664062,40591100,0.0,0.0,161.3568878173828,166.98785705566405,38.66838433414681,-4.756711438754309,-4.357586620040991,7.307267657944359,-0.02308731323450519,0.0,0.0,0.0,0.0,0.0,0.0,0.0,0.0,0.0,18551700.0,15895300.0,28602300.0,0.0,0.0,0.0,0.0,0.0,0.0,0.0,0.0,0.0,0.0,0.0,0.0,0.0,0.0,0.0,0.0,0.0,0.0,0.0,0.0,0.0,0.0,0.0,0.0,161.1278533935547,1.8816845687118775,160.2535858154297,2.247640288100244,163.46504429408483,4.64222067950297,-0.005765725700308644
2024-08-15,159.36703635252704,160.49898852805327,158.4833194361169,160.16139221191406,31524300,0.0,0.0,161.2119171142578,166.17414169311525,40.84778600699571,-4.658969766544999,-4.417863249341793,7.10308789100002,0.005799162078142794,0.0,0.0,0.0,0.0,0.0,0.0,0.0,0.0,0.0,40591100.0,18551700.0,15895300.0,0.0,0.0,0.0,0.0,0.0,0.0,0.0,0.0,0.0,0.0,0.0,0.0,0.0,0.0,0.0,0.0,0.0,0.0,0.0,0.0,0.0,0.0,0.0,0.0,160.80018107096353,1.9612673582206512,160.68055289132255,1.8051491546691432,163.06077575683594,4.667626468108039,-0.010186565732072994
2024-08-16,160.33018953302678,163.89484419906685,159.9925932186499,161.80967712402344,24208600,0.0,0.0,161.0709259033203,165.44433059692383,39.147666986500965,-4.397810745283465,-4.413852748530128,6.7368995752158165,0.01029139975212301,0.0,0.0,0.0,0.0,0.0,0.0,0.0,0.0,0.0,31524300.0,40591100.0,18551700.0,0.0,0.0,0.0,0.0,0.0,0.0,0.0,0.0,0.0,0.0,0.0,0.0,0.0,0.0,0.0,0.0,0.0,0.0,0.0,0.0,0.0,0.0,0.0,0.0,160.40300496419272,1.302779089185654,161.25078691755022,1.3137826002778334,162.5948028564453,4.419828646325888,-0.022259531148563716
2024-08-19,164.1132970310061,165.5133475605536,163.1004929084528,165.4934844970703,22416200,0.0,0.0,161.94074096679688,164.69962615966796,44.55146234322785,-3.8492164994903817,-4.300925498722179,5.748870475867005,0.022766298274134344,0.0,0.0,0.0,0.0,0.0,0.0,0.0,0.0,0.0,24208600.0,31524300.0,40591100.0,0.0,0.0,0.0,0.0,0.0,0.0,0.0,0.0,0.0,0.0,0.0,0.0,0.0,0.0,0.0,0.0,0.0,0.0,0.0,0.0,0.0,0.0,0.0,0.0,162.4881846110026,2.730033212577161,161.9089638846261,2.049038894900153,162.33805629185267,4.106956736497067,-0.003050565090365165
2024-08-20,165.72185564699794,167.44957853320707,165.642433695725,165.9998779296875,18341500,0.0,0.0,162.54047546386718,163.97428359985352,43.28817145490452,-3.3351444205606526,-4.107769283089874,4.408391741082221,0.0030598995129995643,0.0,0.0,0.0,0.0,0.0,0.0,0.0,0.0,0.0,22416200.0,24208600.0,31524300.0,0.0,0.0,0.0,0.0,0.0,0.0,0.0,0.0,0.0,0.0,0.0,0.0,0.0,0.0,0.0,0.0,0.0,0.0,0.0,0.0,0.0,0.0,0.0,0.0,164.4343465169271,2.2870889015705465,162.4068559919085,2.576329072333532,162.02882603236608,3.589360597691583,0.008019238686111319
2024-08-21,163.98420467240848,165.67221654044488,163.50759722139043,164.6792755126953,22902000,0.0,0.0,163.6287414550781,163.6376754760742,42.56738366712866,-2.9997212532895787,-3.8861596771298155,4.053355236123405,-0.007955442097081322,0.0,0.0,0.0,0.0,0.0,0.0,0.0,0.0,0.0,18341500.0,22416200.0,24208600.0,0.0,0.0,0.0,0.0,0.0,0.0,0.0,0.0,0.0,0.0,0.0,0.0,0.0,0.0,0.0,0.0,0.0,0.0,0.0,0.0,0.0,0.0,0.0,0.0,165.39087931315103,0.6662533705510839,162.9118368966239,2.6334358880741306,161.68058885846818,2.989411124531939,0.012515220675519911
2024-08-22,166.07932072756,166.4069931043409,162.15720646482643,162.6437530517578,22493300,0.0,0.0,164.12521362304688,163.46490402221679,45.384112477752666,-2.865118327060401,-3.6819514071159327,4.016387169507024,-0.012360525965397384,0.0,0.0,0.0,0.0,0.0,0.0,0.0,0.0,0.0,22902000.0,18341500.0,22416200.0,0.0,0.0,0.0,0.0,0.0,0.0,0.0,0.0,0.0,0.0,0.0,0.0,0.0,0.0,0.0,0.0,0.0,0.0,0.0,0.0,0.0,0.0,0.0,0.0,164.44096883138022,1.690705800793867,162.86077226911272,2.6348793930924317,161.47774505615234,2.801984664456072,-0.010988867221225607
2024-08-23,163.55724112720742,165.00692648837935,162.67352425192186,164.4508819580078,13955700,0.0,0.0,164.65345458984376,163.39639053344726,62.54428916421036,-2.5828508416009583,-3.4621312940129383,3.9856474034160323,0.011110964130758294,0.0,0.0,0.0,0.0,0.0,0.0,0.0,0.0,0.0,22493300.0,22902000.0,18341500.0,0.0,0.0,0.0,0.0,0.0,0.0,0.0,0.0,0.0,0.0,0.0,0.0,0.0,0.0,0.0,0.0,0.0,0.0,0.0,0.0,0.0,0.0,0.0,0.0,163.9246368408203,1.1151405134653578,163.60547746930803,2.128262635914893,161.92953164236886,2.7289255998109696,-0.0032500064276898
2024-08-26,165.20553931092914,166.36727853932712,163.29909428347517,164.98709106445312,14190400,0.0,0.0,164.55217590332032,163.2290802001953,65.75898882316775,-2.2894923890418966,-3.22760351301873,3.8348796716695674,0.0032606034097295566,0.0,0.0,0.0,0.0,0.0,0.0,0.0,0.0,0.0,13955700.0,22493300.0,22902000.0,0.0,0.0,0.0,0.0,0.0,0.0,0.0,0.0,0.0,0.0,0.0,0.0,0.0,0.0,0.0,0.0,0.0,0.0,0.0,0.0,0.0,0.0,0.0,0.0,164.0272420247396,1.2277668163108635,164.29486301967077,1.5219163846576222,162.48770795549666,2.467793933534429,0.008987257149959849
2024-08-27,164.66933228950003,165.26510295168842,163.29908400819048,163.51751708984375,11821900,0.0,0.0,164.05570373535156,162.95055923461913,61.124039619010404,-2.150793036560856,-3.0122414177271555,3.580835400290457,-0.008907205800939177,0.0,0.0,0.0,0.0,0.0,0.0,0.0,0.0,0.0,14190400.0,13955700.0,22493300.0,0.0,0.0,0.0,0.0,0.0,0.0,0.0,0.0,0.0,0.0,0.0,0.0,0.0,0.0,0.0,0.0,0.0,0.0,0.0,0.0,0.0,0.0,0.0,0.0,164.31849670410156,0.7436775566769456,164.5388401576451,1.148101385117386,162.89481353759766,2.077433669260111,0.011237212543198982
2024-08-28,163.87498286647468,164.4310425767687,160.38976526426643,161.70045471191406,16407400,0.0,0.0,163.4599395751953,162.51912689208984,51.670741238001725,-2.162565835716123,-2.842306301324949,3.137401357017094,-0.011112340807690413,0.0,0.0,0.0,0.0,0.0,0.0,0.0,0.0,0.0,11821900.0,14190400.0,13955700.0,0.0,0.0,0.0,0.0,0.0,0.0,0.0,0.0,0.0,0.0,0.0,0.0,0.0,0.0,0.0,0.0,0.0,0.0,0.0,0.0,0.0,0.0,0.0,0.0,163.4016876220703,1.6463769245422086,163.99697875976562,1.471881474236831,162.95297132219588,2.0276795039278,0.0066139656893347
2024-08-29,163.15014011129165,164.798425876507,159.11880190681103,160.63800048828125,19699800,0.0,0.0,163.0587890625,162.07329711914062,46.05762123134465,-2.231899096931386,-2.720224860446237,2.686104459867178,-0.006570508571083988,0.0,0.0,0.0,0.0,0.0,0.0,0.0,0.0,0.0,16407400.0,11821900.0,14190400.0,0.0,0.0,0.0,0.0,0.0,0.0,0.0,0.0,0.0,0.0,0.0,0.0,0.0,0.0,0.0,0.0,0.0,0.0,0.0,0.0,0.0,0.0,0.0,0.0,161.95199076334634,1.4561444823745016,163.23099626813615,1.6412716688724982,162.81892613002233,2.118865630158104,-0.009793174932677728
2024-08-30,161.472070186267,162.50473737235887,160.54864227379994,162.22671508789062,22123800,0.0,0.0,162.61395568847655,161.91045455932618,52.25299626586437,-2.134050212764464,-2.6029899309098825,2.5644454979424416,0.009890029723852667,0.0,0.0,0.0,0.0,0.0,0.0,0.0,0.0,0.0,19699800.0,16407400.0,11821900.0,0.0,0.0,0.0,0.0,0.0,0.0,0.0,0.0,0.0,0.0,0.0,0.0,0.0,0.0,0.0,0.0,0.0,0.0,0.0,0.0,0.0,0.0,0.0,0.0,161.52172342936197,0.8092973330479726,162.88063049316406,1.5391778558229137,162.89623369489397,2.072303191544352,0.03825624895751423
2024-09-03,160.57843019098567,160.70751737773818,155.37541355771157,156.24920654296875,38945300,0.0,0.0,160.8663787841797,161.81662139892578,38.002831609261776,-2.5099066095189926,-2.5843732666317045,2.738629961146852,-0.03684663491881346,0.0,0.0,0.0,0.0,0.0,0.0,0.0,0.0,0.0,22123800.0,19699800.0,16407400.0,0.0,0.0,0.0,0.0,0.0,0.0,0.0,0.0,0.0,0.0,0.0,0.0,0.0,0.0,0.0,0.0,0.0,0.0,0.0,0.0,0.0,0.0,0.0,0.0,159.70464070638022,3.0961302399946904,161.96712384905135,2.9521919199764532,162.41394805908203,2.727964661639565,0.005816576432478238
2024-09-04,155.554151121504,157.87762958096508,154.8590954051368,155.3456268310547,19353800,0.0,0.0,159.23200073242188,161.72527160644532,42.30167271357685,-2.847858502974873,-2.6370703139003386,2.9257652002079424,-0.005782939522739783,0.0,0.0,0.0,0.0,0.0,0.0,0.0,0.0,0.0,38945300.0,22123800.0,19699800.0,0.0,0.0,0.0,0.0,0.0,0.0,0.0,0.0,0.0,0.0,0.0,0.0,0.0,0.0,0.0,0.0,0.0,0.0,0.0,0.0,0.0,0.0,0.0,0.0,157.94051615397134,3.739350217590857,160.66637311662947,3.6084189505125113,162.13592529296875,3.228899614960428,-0.005024169433194725
2024-09-05,155.19668368087028,158.32444181781332,154.87893528354047,156.1300506591797,18688700,0.0,0.0,158.117919921875,161.6408721923828,41.982620179673205,-3.01760627933092,-2.713177506986455,3.0654226397767963,0.005049539173562323,0.0,0.0,0.0,0.0,0.0,0.0,0.0,0.0,0.0,19353800.0,38945300.0,22123800.0,0.0,0.0,0.0,0.0,0.0,0.0,0.0,0.0,0.0,0.0,0.0,0.0,0.0,0.0,0.0,0.0,0.0,0.0,0.0,0.0,0.0,0.0,0.0,0.0,155.90829467773438,0.4909132921694173,159.40108163016183,3.386911178043456,161.8479723249163,3.579280308715477,0.04187640695188488
2024-09-06,156.1896446256026,156.71590221863735,149.4872919188711,149.85467529296875,37912100,0.0,0.0,155.9612548828125,161.08929367065429,29.919949725741816,-3.6168106201699572,-2.8939041296231554,4.0444874907012185,-0.04019325773428217,0.0,0.0,0.0,0.0,0.0,0.0,0.0,0.0,0.0,18688700.0,19353800.0,38945300.0,0.0,0.0,0.0,0.0,0.0,0.0,0.0,0.0,0.0,0.0,0.0,0.0,0.0,0.0,0.0,0.0,0.0,0.0,0.0,0.0,0.0,0.0,0.0,0.0,153.77678426106772,3.419215444186995,157.4492470877511,4.403563527836994,160.99404362269811,4.8052471788192825,0.013516231583281746
2024-09-09,151.63438731483413,152.51927694187998,146.3747655212842,147.85621643066406,39260500,0.2,0.0,153.0871551513672,160.35637283325195,18.597971798170875,-4.204476715311216,-3.1560186467607676,4.990195564328744,-0.0133359793973572,0.0,0.0,0.0,0.0,0.0,0.0,0.0,0.0,0.0,37912100.0,18688700.0,19353800.0,0.0,0.0,0.0,0.0,0.0,0.0,0.0,0.0,0.0,0.0,0.0,0.0,0.0,0.0,0.0,0.0,0.0,0.0,0.0,0.0,0.0,0.0,0.0,0.0,151.28031412760416,4.317223387242888,155.47149876185827,5.210906547845056,159.73423876081193,5.753348355720184,0.0003364425622656153
2024-09-10,149.58620426686707,150.4015036061094,147.48831800096144,147.80648803710938,31118800,0.0,0.0,151.39861145019532,159.68947677612306,17.072388043214104,-4.620951542439826,-3.4490052258965793,5.717574861901635,-0.00033632940673822276,0.0,0.0,0.0,0.0,0.0,0.0,0.0,0.0,0.0,39260500.0,37912100.0,18688700.0,0.0,0.0,0.0,0.0,0.0,0.0,0.0,0.0,0.0,0.0,0.0,0.0,0.0,0.0,0.0,0.0,0.0,0.0,0.0,0.0,0.0,0.0,0.0,0.0,148.50579325358072,1.1684306977399446,153.63842555454798,5.34571214370486,158.43471091134208,6.261502714819861,-0.01653873351510149
2024-09-11,149.0592434246133,150.63017379029483,146.67302891819028,150.29212951660156,29607700,0.0,0.0,150.38791198730468,159.05402297973632,25.014839374371974,-4.6963042770974255,-3.698465036136749,6.02795741753576,0.016816863133018334,0.0,0.0,0.0,0.0,0.0,0.0,0.0,0.0,0.0,31118800.0,39260500.0,37912100.0,0.0,0.0,0.0,0.0,0.0,0.0,0.0,0.0,0.0,0.0,0.0,0.0,0.0,0.0,0.0,0.0,0.0,0.0,0.0,0.0,0.0,0.0,0.0,0.0,148.651611328125,1.4209479840322046,151.93348475864954,3.8416803654682568,157.40705762590682,6.337953188643251,-0.022819944521387803
2024-09-12,152.91699025153633,153.931138367879,151.7735836501272,153.8018798828125,29621500,0.0,0.0,149.92227783203126,158.78221969604493,35.39287124140466,-4.421842096665955,-3.84314044824259,6.14073020268258,0.02335285538570564,0.0,0.0,0.0,0.0,0.0,0.0,0.0,0.0,0.0,29607700.0,31118800.0,39260500.0,0.0,0.0,0.0,0.0,0.0,0.0,0.0,0.0,0.0,0.0,0.0,0.0,0.0,0.0,0.0,0.0,0.0,0.0,0.0,0.0,0.0,0.0,0.0,0.0,150.6334991455078,3.012238497120996,151.5838666643415,3.4775677400500755,156.77549525669642,6.2153382932125565,-0.01759172370666351
2024-09-13,154.53761027887018,157.47068534964538,154.318887339598,156.55596923828125,29591200,0.0,0.0,151.26253662109374,158.6019485473633,37.35299164477765,-3.9367168261290715,-3.8618557238198865,6.151024311582266,0.017906734024104143,0.0,0.0,0.0,0.0,0.0,0.0,0.0,0.0,0.0,29621500.0,29607700.0,31118800.0,0.0,0.0,0.0,0.0,0.0,0.0,0.0,0.0,0.0,0.0,0.0,0.0,0.0,0.0,0.0,0.0,0.0,0.0,0.0,0.0,0.0,0.0,0.0,0.0,153.54999287923178,3.139507495078685,151.75677272251673,3.7175832929259767,156.21157291957311,5.810336309038908,-0.0037960421580504056
2024-09-16,156.4068328344505,157.34143843484944,155.70091765708278,157.15252685546875,18379800,0.0,0.0,153.12179870605468,158.36909103393555,37.47388389960098,-3.464181413070918,-3.782320861670093,6.111222419451221,0.0038105070032783406,0.0,0.0,0.0,0.0,0.0,0.0,0.0,0.0,0.0,29591200.0,29621500.0,29607700.0,0.0,0.0,0.0,0.0,0.0,0.0,0.0,0.0,0.0,0.0,0.0,0.0,0.0,0.0,0.0,0.0,0.0,0.0,0.0,0.0,0.0,0.0,0.0,0.0,155.8367919921875,1.7873501943714487,151.90284075055803,3.9319589034243587,155.65196119035994,5.250431966752853,-0.007908490385741707
2024-09-17,158.1069928496196,159.6282071595107,157.47066800869246,158.4052734375,20715600,0.0,0.0,155.2415557861328,158.01468048095703,41.76933825711495,-2.954549308967927,-3.61676655112966,5.87736935374993,0.007971533179249368,0.0,0.0,0.0,0.0,0.0,0.0,0.0,0.0,0.0,18379800.0,29591200.0,29621500.0,0.0,0.0,0.0,0.0,0.0,0.0,0.0,0.0,0.0,0.0,0.0,0.0,0.0,0.0,0.0,0.0,0.0,0.0,0.0,0.0,0.0,0.0,0.0,0.0,157.37125651041666,0.9438556572803923,153.12435477120536,4.479653604491281,155.28680092947823,4.821573605115216,-0.0030662112052834978
2024-09-18,158.9421872798641,159.57851220454893,157.68942685128602,158.89247131347656,23677300,0.0,0.0,156.9616241455078,157.6593101501465,45.276925967256936,-2.482730031499159,-3.3899592472035596,5.576300022593796,0.0030756417725499308,0.0,0.0,0.0,0.0,0.0,0.0,0.0,0.0,0.0,20715600.0,18379800.0,29591200.0,0.0,0.0,0.0,0.0,0.0,0.0,0.0,0.0,0.0,0.0,0.0,0.0,0.0,0.0,0.0,0.0,0.0,0.0,0.0,0.0,0.0,0.0,0.0,0.0,158.15009053548178,0.8976025926616426,154.70096261160714,4.252877837233971,155.0862306867327,4.586947556753649,-0.014370373876005704
2024-09-19,162.77009990036774,162.8496272464335,160.41369644399956,161.2091064453125,26587700,0.0,0.0,158.4430694580078,157.48580169677734,50.92172117663515,-1.8999750311535308,-3.0919624039935543,5.397496267888759,0.014579892380586656,0.0,0.0,0.0,0.0,0.0,0.0,0.0,0.0,0.0,23677300.0,20715600.0,18379800.0,0.0,0.0,0.0,0.0,0.0,0.0,0.0,0.0,0.0,0.0,0.0,0.0,0.0,0.0,0.0,0.0,0.0,0.0,0.0,0.0,0.0,0.0,0.0,0.0,159.50228373209634,1.4980898749257725,156.6156223842076,3.598206071056179,155.1270239693778,4.642324557707301,-0.00886356474578831
2024-09-20,162.5612924555598,162.78996770160265,161.1295575441582,162.65077209472656,40896400,0.0,0.0,159.6620300292969,157.48615264892578,50.6876594439042,-1.3067437963863995,-2.7349186824721237,5.397849512554865,0.008942830099384791,0.0,0.0,0.0,0.0,0.0,0.0,0.0,0.0,0.0,26587700.0,23677300.0,20715600.0,0.0,0.0,0.0,0.0,0.0,0.0,0.0,0.0,0.0,0.0,0.0,0.0,0.0,0.0,0.0,0.0,0.0,0.0,0.0,0.0,0.0,0.0,0.0,0.0,160.91744995117188,1.8960495308720822,158.38114275251115,2.9523876316229405,155.15731375558036,4.693314657512848,0.010750700993532813
2024-09-23,163.40640761812853,164.53986181971814,160.74178667068307,160.92076110839844,24150900,0.0,0.0,160.41567687988282,157.3096466064453,58.785787545535264,-0.9650763971576168,-2.3809502254092223,5.212660706113017,-0.01063635274550423,0.0,0.0,0.0,0.0,0.0,0.0,0.0,0.0,0.0,40896400.0,26587700.0,23677300.0,0.0,0.0,0.0,0.0,0.0,0.0,0.0,0.0,0.0,0.0,0.0,0.0,0.0,0.0,0.0,0.0,0.0,0.0,0.0,0.0,0.0,0.0,0.0,0.0,161.59354654947916,0.9268657661582806,159.39812578473772,2.256095000698523,155.49099622453963,4.936675242398309,-0.0027111693083151645
2024-09-24,162.09398745781283,162.28289902982328,159.7674258440889,161.3582305908203,23332100,0.0,0.0,161.0062683105469,157.12820358276366,61.509688138223055,-0.6514923917890485,-2.0350586586851875,4.989748694019545,0.0027185397297939673,0.0,0.0,0.0,0.0,0.0,0.0,0.0,0.0,0.0,24150900.0,40896400.0,26587700.0,0.0,0.0,0.0,0.0,0.0,0.0,0.0,0.0,0.0,0.0,0.0,0.0,0.0,0.0,0.0,0.0,0.0,0.0,0.0,0.0,0.0,0.0,0.0,0.0,161.64325459798178,0.8995351670175009,160.08416312081474,1.9582906808354459,155.92046792166573,5.178661659179012,0.004953792040519156
2024-09-25,160.5429462723237,161.87524922923666,160.37392412147798,160.56283569335938,18869200,0.0,0.0,161.34034118652343,156.98046951293946,58.48194134550422,-0.4618328079867524,-1.7204134885455007,4.831863060622557,-0.004929372952024558,0.0,0.0,0.0,0.0,0.0,0.0,0.0,0.0,0.0,23332100.0,24150900.0,40896400.0,0.0,0.0,0.0,0.0,0.0,0.0,0.0,0.0,0.0,0.0,0.0,0.0,0.0,0.0,0.0,0.0,0.0,0.0,0.0,0.0,0.0,0.0,0.0,0.0,160.94727579752603,0.3983598025462743,160.57135009765625,1.4709743103619155,156.23709542410714,5.325880840782789,-0.007619883466153388
2024-09-26,162.7004790534292,163.13795527115403,161.34828673099906,161.7957000732422,20319300,0.0,0.0,161.45765991210936,156.98523178100587,78.31208571116403,-0.20962790937051068,-1.4182563727105029,4.836804314627355,0.007678391917774308,0.0,0.0,0.0,0.0,0.0,0.0,0.0,0.0,0.0,18869200.0,23332100.0,24150900.0,0.0,0.0,0.0,0.0,0.0,0.0,0.0,0.0,0.0,0.0,0.0,0.0,0.0,0.0,0.0,0.0,0.0,0.0,0.0,0.0,0.0,0.0,0.0,0.0,161.23892211914062,0.6250316218882265,161.05569675990515,1.1653036421815899,157.09002576555525,5.179270991653395,-0.007441305004297516
2024-09-27,161.87524329123835,164.7486500925775,161.69628402203105,163.00869750976562,21101300,0.0,0.0,161.52924499511718,157.10376663208007,87.3163274739001,0.08712077148305752,-1.1171809438717908,4.958550581519543,0.0074970931611553215,0.0,0.0,0.0,0.0,0.0,0.0,0.0,0.0,0.0,20319300.0,18869200.0,23332100.0,0.0,0.0,0.0,0.0,0.0,0.0,0.0,0.0,0.0,0.0,0.0,0.0,0.0,0.0,0.0,0.0,0.0,0.0,0.0,0.0,0.0,0.0,0.0,0.0,161.78907775878906,1.2229443558594455,161.64372907366072,0.9001656378711435,158.17234584263392,4.658248515003297,-0.011456090231088178
2024-09-30,162.38230853380156,165.19604679069425,162.32264027889576,164.8977813720703,20413900,0.0,0.0,162.32464904785155,157.23731994628906,88.59455380554819,0.4693194959654363,-0.7998808559043454,5.136569552838684,0.011588853178779113,0.0,0.0,0.0,0.0,0.0,0.0,0.0,0.0,0.0,21101300.0,20319300.0,18869200.0,0.0,0.0,0.0,0.0,0.0,0.0,0.0,0.0,0.0,0.0,0.0,0.0,0.0,0.0,0.0,0.0,0.0,0.0,0.0,0.0,0.0,0.0,0.0,0.0,163.23405965169272,1.5632716230389563,162.1706826346261,1.4898539188701652,159.39315250941686,3.9125630014773702,-0.0068267478158993145
2024-10-01,166.72721266688677,168.18877389639653,163.6350680810018,166.03123474121094,28338100,0.0,0.0,163.25924987792968,157.72642135620117,87.85273705162908,0.8538325033293859,-0.4691381840575992,5.491020201396794,0.006873672645619999,0.0,0.0,0.0,0.0,0.0,0.0,0.0,0.0,0.0,20413900.0,21101300.0,20319300.0,0.0,0.0,0.0,0.0,0.0,0.0,0.0,0.0,0.0,0.0,0.0,0.0,0.0,0.0,0.0,0.0,0.0,0.0,0.0,0.0,0.0,0.0,0.0,0.0,164.64590454101562,1.5269296913704415,162.65360586983817,2.095982701806774,160.51737431117468,3.3113698198959205,0.006812835730796829
2024-10-02,165.46452779504156,166.5582184121097,163.7842281975384,164.90774536132812,17760200,0.0,0.0,164.12823181152345,158.20452728271485,80.17298702763117,1.055735763657168,-0.16416339451464576,5.685652675338554,-0.006766735076288333,0.0,0.0,0.0,0.0,0.0,0.0,0.0,0.0,0.0,28338100.0,20413900.0,21101300.0,0.0,0.0,0.0,0.0,0.0,0.0,0.0,0.0,0.0,0.0,0.0,0.0,0.0,0.0,0.0,0.0,0.0,0.0,0.0,0.0,0.0,0.0,0.0,0.0,165.27892049153647,0.6515422994493454,163.22317504882812,2.0883163653166883,161.31065041678292,2.881168111374079,0.0
2024-10-03,163.4660733087808,165.6832659184552,162.9788810936898,164.90774536132812,15073100,0.0,0.0,164.75064086914062,158.64341201782227,76.6837296828229,1.2018909019349735,0.1090474647752781,5.853400108082729,0.0,0.0,0.0,0.0,0.0,0.0,0.0,0.0,0.0,0.0,17760200.0,28338100.0,20413900.0,0.0,0.0,0.0,0.0,0.0,0.0,0.0,0.0,0.0,0.0,0.0,0.0,0.0,0.0,0.0,0.0,0.0,0.0,0.0,0.0,0.0,0.0,0.0,0.0,165.28224182128906,0.6486468959099627,163.7302485874721,1.988562535310715,161.90720585414343,2.6784680953433626,-0.0071829855722039815
2024-10-04,167.09510397311843,167.26412612073125,164.5299148711692,166.10084533691406,19047400,0.0,0.0,165.36907043457032,159.45572052001953,77.53988193912868,1.3978792174194723,0.36681381530411694,5.694679327027589,0.007234954143431782,0.0,0.0,0.0,0.0,0.0,0.0,0.0,0.0,0.0,15073100.0,17760200.0,28338100.0,0.0,0.0,0.0,0.0,0.0,0.0,0.0,0.0,0.0,0.0,0.0,0.0,0.0,0.0,0.0,0.0,0.0,0.0,0.0,0.0,0.0,0.0,0.0,0.0,165.3054453531901,0.6888365920774467,164.52139282226562,1.5775585486224988,162.54637145996094,2.5195339880287215,0.02503367786801447
2024-10-07,166.7570727731855,167.5127039344141,161.81560574950586,162.04428100585938,22463100,0.0,0.0,164.79837036132812,160.1651237487793,59.551237688793194,1.211900495536355,0.5358311513505646,5.017050777447362,-0.02442229792886652,0.0,0.0,0.0,0.0,0.0,0.0,0.0,0.0,0.0,19047400.0,15073100.0,17760200.0,0.0,0.0,0.0,0.0,0.0,0.0,0.0,0.0,0.0,0.0,0.0,0.0,0.0,0.0,0.0,0.0,0.0,0.0,0.0,0.0,0.0,0.0,0.0,0.0,164.35095723470053,2.084811335940279,164.55690438406808,1.5072049372785201,162.8063005719866,2.230594741411892,-0.008516885230994253
2024-10-08,162.99877252706997,163.78423021907105,161.93490844359246,163.43624877929688,23072700,0.0,0.0,164.2793731689453,160.94661178588868,61.385233121595775,1.1634200031040223,0.6613489217012561,4.129451874133046,0.008590045664043977,0.0,0.0,0.0,0.0,0.0,0.0,0.0,0.0,0.0,22463100.0,19047400.0,15073100.0,0.0,0.0,0.0,0.0,0.0,0.0,0.0,0.0,0.0,0.0,0.0,0.0,0.0,0.0,0.0,0.0,0.0,0.0,0.0,0.0,0.0,0.0,0.0,0.0,163.86045837402344,2.0612845214073388,164.61798313685827,1.441226936693835,163.13085610525948,1.9272590114943249,0.015569054178275588
2024-10-09,162.5115774919813,163.89359644421285,158.8228863013817,160.9307098388672,31181800,0.0,0.0,163.4839660644531,161.47854080200196,49.30897009463455,0.9123063114705587,0.7115403996551167,3.2832779970836743,-0.01533037474332366,0.0,0.0,0.0,0.0,0.0,0.0,0.0,0.0,0.0,23072700.0,22463100.0,19047400.0,0.0,0.0,0.0,0.0,0.0,0.0,0.0,0.0,0.0,0.0,0.0,0.0,0.0,0.0,0.0,0.0,0.0,0.0,0.0,0.0,0.0,0.0,0.0,0.0,162.13707987467447,1.2553446013130645,164.05125863211495,1.988813346781876,163.11097063337053,1.9499159874632308,-0.0013574355149482686
2024-10-10,159.94640007740227,162.13378146188393,159.47909725173434,161.1494598388672,14144100,0.0,0.0,162.73230895996093,161.84591979980468,46.03261649728303,0.7226183045044934,0.713755980624992,2.7462529358736725,0.0013592806507782829,0.0,0.0,0.0,0.0,0.0,0.0,0.0,0.0,0.0,31181800.0,23072700.0,22463100.0,0.0,0.0,0.0,0.0,0.0,0.0,0.0,0.0,0.0,0.0,0.0,0.0,0.0,0.0,0.0,0.0,0.0,0.0,0.0,0.0,0.0,0.0,0.0,0.0,161.83880615234375,1.3877428077398206,163.35386221749442,2.03420212450531,163.0037340436663,2.0172903942536498,-0.0071058866709650115
2024-10-11,161.1991373378728,162.95896398012601,160.31424786941037,162.30276489257812,15344300,0.0,0.0,161.97269287109376,162.13325958251954,53.76691390968657,0.6577689209438802,0.7025585686887696,2.4480932005060914,0.00715674166617819,0.0,0.0,0.0,0.0,0.0,0.0,0.0,0.0,0.0,14144100.0,31181800.0,23072700.0,0.0,0.0,0.0,0.0,0.0,0.0,0.0,0.0,0.0,0.0,0.0,0.0,0.0,0.0,0.0,0.0,0.0,0.0,0.0,0.0,0.0,0.0,0.0,0.0,161.46097819010416,0.737167911655736,162.98172215053015,1.938586463368192,163.10244859967912,1.9398482209357804,-0.010426886847307859
2024-10-14,162.70048027253844,165.27560646204375,162.46185274166893,164.01290893554688,19016100,0.0,0.0,162.36641845703124,162.47627868652344,56.766389467305856,0.7358868042492475,0.7092242158008653,2.179355133093875,0.010536752372029001,0.0,0.0,0.0,0.0,0.0,0.0,0.0,0.0,0.0,15344300.0,14144100.0,31181800.0,0.0,0.0,0.0,0.0,0.0,0.0,0.0,0.0,0.0,0.0,0.0,0.0,0.0,0.0,0.0,0.0,0.0,0.0,0.0,0.0,0.0,0.0,0.0,0.0,162.4883778889974,1.4407200701913805,162.85388837541853,1.8160440208675246,163.2920684814453,1.88521384892633,-0.003021890620173995
2024-10-15,164.83813228183462,166.71728049354707,163.68480379630955,164.51004028320312,20247200,0.0,0.0,162.5811767578125,162.7815170288086,60.21618419493701,0.8283613011904265,0.7330516328787776,1.9992351262320938,0.0030310501221071373,0.0,0.0,0.0,0.0,0.0,0.0,0.0,0.0,0.0,19016100.0,15344300.0,14144100.0,0.0,0.0,0.0,0.0,0.0,0.0,0.0,0.0,0.0,0.0,0.0,0.0,0.0,0.0,0.0,0.0,0.0,0.0,0.0,0.0,0.0,0.0,0.0,0.0,163.60857137044272,1.1578569913569317,162.62663051060267,1.392041784956067,163.57401166643416,1.7348079608825269,0.0018164277997825273
2024-10-16,163.58537367338423,164.84808640066018,162.7999160190336,164.21176147460938,16406000,0.0,0.0,163.23738708496094,163.04748153686523,56.571168184621364,0.8675784943911253,0.7599570051812472,1.7983627190649665,-0.0018131343721043969,0.0,0.0,0.0,0.0,0.0,0.0,0.0,0.0,0.0,20247200.0,19016100.0,15344300.0,0.0,0.0,0.0,0.0,0.0,0.0,0.0,0.0,0.0,0.0,0.0,0.0,0.0,0.0,0.0,0.0,0.0,0.0,0.0,0.0,0.0,0.0,0.0,0.0,164.24490356445312,0.25021729116666713,162.93627057756697,1.4792482559435403,163.7465874808175,1.66298252745906,0.013686934693483588
2024-10-17,164.77847983302945,165.4148047545223,161.82553046438127,161.9945526123047,21453400,0.0,0.0,163.40640563964843,163.08675384521484,47.38460884628129,0.7115459189155899,0.7502747879281157,1.7643584039770568,-0.013502131896000136,0.0,0.0,0.0,0.0,0.0,0.0,0.0,0.0,0.0,16406000.0,20247200.0,19016100.0,0.0,0.0,0.0,0.0,0.0,0.0,0.0,0.0,0.0,0.0,0.0,0.0,0.0,0.0,0.0,0.0,0.0,0.0,0.0,0.0,0.0,0.0,0.0,0.0,163.5721181233724,1.374327933282455,162.73031398228235,1.4982756814739004,163.6741485595703,1.7187500497340187,-0.002998477518321052
2024-10-18,162.25307524146882,163.76435267205474,162.14370618061358,162.48175048828125,19757700,0.0,0.0,163.44220275878905,163.07830276489258,43.28362767330172,0.6200541770236327,0.7242306657472192,1.766959498775921,0.0030074954257415243,0.0,0.0,0.0,0.0,0.0,0.0,0.0,0.0,0.0,21453400.0,16406000.0,20247200.0,0.0,0.0,0.0,0.0,0.0,0.0,0.0,0.0,0.0,0.0,0.0,0.0,0.0,0.0,0.0,0.0,0.0,0.0,0.0,0.0,0.0,0.0,0.0,0.0,162.8960215250651,1.1652120638375927,162.95189121791296,1.2876667234628438,163.50157492501395,1.7076955953916444,-0.003961739663361552
2024-10-21,162.01444125458505,163.5555451703661,161.68633408506915,163.12802124023438,20946500,0.0,0.0,163.26522521972657,163.18866577148438,41.70460520521691,0.5928608303749172,0.6979566986727588,1.6924702842571901,0.003977497472860803,0.0,0.0,0.0,0.0,0.0,0.0,0.0,0.0,0.0,19757700.0,21453400.0,16406000.0,0.0,0.0,0.0,0.0,0.0,0.0,0.0,0.0,0.0,0.0,0.0,0.0,0.0,0.0,0.0,0.0,0.0,0.0,0.0,0.0,0.0,0.0,0.0,0.0,162.53477478027344,0.5685916498548717,163.2345428466797,1.0141936739896242,163.29420253208704,1.54544572718124,-0.0064791737392311255
2024-10-22,162.0442467450133,164.81823646722327,162.0442467450133,164.1918487548828,16568100,0.0,0.0,163.2015869140625,163.3303466796875,47.94746001622188,0.6496629863870567,0.6882979562156184,1.6492274292011937,0.006521427199081664,0.0,0.0,0.0,0.0,0.0,0.0,0.0,0.0,0.0,20946500.0,19757700.0,21453400.0,0.0,0.0,0.0,0.0,0.0,0.0,0.0,0.0,0.0,0.0,0.0,0.0,0.0,0.0,0.0,0.0,0.0,0.0,0.0,0.0,0.0,0.0,0.0,0.0,163.26720682779947,0.8635036138901836,163.50441196986608,0.9755299321179388,163.24306706019811,1.4990990374305013,0.014498004610481674
2024-10-23,163.81404098216163,164.867967838788,161.00028733207427,161.8454132080078,18280500,0.0,0.0,162.7283172607422,163.39447555541992,42.26125704396701,0.4995824896499812,0.650554862902491,1.5583853191039578,-0.01429081629002138,0.0,0.0,0.0,0.0,0.0,0.0,0.0,0.0,0.0,16568100.0,20946500.0,19757700.0,0.0,0.0,0.0,0.0,0.0,0.0,0.0,0.0,0.0,0.0,0.0,0.0,0.0,0.0,0.0,0.0,0.0,0.0,0.0,0.0,0.0,0.0,0.0,0.0,163.05509440104166,1.1749164595064656,163.19476972307478,1.120454622872909,163.02432904924666,1.4604347880662916,0.0003687708264739076
2024-10-24,161.89512038935888,162.3922496608961,160.08556255879625,161.78575134277344,22412500,0.0,0.0,162.68655700683593,163.39397811889648,38.43279919109683,0.37154545606634315,0.5947529815352615,1.5589240023044344,-0.0003686348846827503,0.0,0.0,0.0,0.0,0.0,0.0,0.0,0.0,0.0,18280500.0,16568100.0,20946500.0,0.0,0.0,0.0,0.0,0.0,0.0,0.0,0.0,0.0,0.0,0.0,0.0,0.0,0.0,0.0,0.0,0.0,0.0,0.0,0.0,0.0,0.0,0.0,0.0,162.60767110188803,1.3722623698587684,162.80558558872767,1.0589033232703875,162.71610804966517,1.191844940064727,-0.015429452267862742
2024-10-25,162.7303165163636,164.63929136354844,162.48175184608664,164.32113647460938,19828900,0.0,0.0,163.05443420410157,163.45960006713867,56.645384714047516,0.46925034960375456,0.5696524551489601,1.5694399524274,0.01567125108851064,0.0,0.0,0.0,0.0,0.0,0.0,0.0,0.0,0.0,22412500.0,18280500.0,16568100.0,0.0,0.0,0.0,0.0,0.0,0.0,0.0,0.0,0.0,0.0,0.0,0.0,0.0,0.0,0.0,0.0,0.0,0.0,0.0,0.0,0.0,0.0,0.0,0.0,162.65076700846353,1.4468899403958024,162.82121058872767,1.0836291162481917,162.87874058314733,1.2471783719780352,-0.008697068973611444
2024-10-28,167.78113051042075,167.78113051042075,163.00868643055472,165.76278686523438,32138600,0.0,0.0,163.58138732910157,163.5028503417969,56.770755621869334,0.6554556352501493,0.586813091169198,1.6221912690967148,0.008773371591473733,0.0,0.0,0.0,0.0,0.0,0.0,0.0,0.0,0.0,19828900.0,22412500.0,18280500.0,0.0,0.0,0.0,0.0,0.0,0.0,0.0,0.0,0.0,0.0,0.0,0.0,0.0,0.0,0.0,0.0,0.0,0.0,0.0,0.0,0.0,0.0,0.0,0.0,163.95655822753906,2.0134276397254354,163.35952976771765,1.4711960656060572,163.044921875,1.46343066519074,-0.0174446195984318
2024-10-29,166.76699401414237,169.40178845873763,166.13066910445878,168.70579528808594,42169000,0.0,0.0,164.4841766357422,163.63657836914064,72.0654235555979,1.0286432900980174,0.675179130954962,1.9237960075427207,0.01775433725812192,0.0,0.0,0.0,0.0,0.0,0.0,0.0,0.0,0.0,32138600.0,19828900.0,22412500.0,0.0,0.0,0.0,0.0,0.0,0.0,0.0,0.0,0.0,0.0,0.0,0.0,0.0,0.0,0.0,0.0,0.0,0.0,0.0,0.0,0.0,0.0,0.0,0.0,166.26323954264322,2.2347590226683494,164.2486790248326,2.424337054454319,163.60028512137276,1.982593088764523,-0.02739887261939833
2024-10-30,179.6426331826948,180.9749512117023,173.06064622942904,173.45835876464844,68890800,0.0,0.0,166.8067657470703,164.06410903930663,77.78272962849181,1.6884262224812403,0.8778285492602176,2.9156085004588865,0.028170718548505835,0.0,0.0,0.0,0.4227,0.18282451954937046,2.0,4527.0,0.5,0.0,42169000.0,32138600.0,19828900.0,0.0,0.0,0.0,0.0,0.0,0.0,0.0,0.0,0.0,0.0,0.0,0.0,0.0,0.0,0.0,0.0,0.0,0.0,0.0,0.0,0.0,0.0,0.0,0.0,169.3089803059896,3.8830826464465944,165.7244415283203,4.154950123938322,164.4794921875,3.1798860659573323,0.019578039589641882
2024-10-31,172.13600066532192,175.80481742033143,170.01822493850247,170.12759399414062,44769000,0.0,0.0,168.47513427734376,164.32510147094726,66.08093022088983,1.9204068149064426,1.0863442023894627,3.2135115421345395,-0.019202100113417164,0.0,0.0,0.0,0.0,0.0,0.0,0.0,0.0,0.0,68890800.0,42169000.0,32138600.0,0.0,0.0,0.0,0.0,0.0,0.0,0.0,0.0,0.0,0.4227,0.0,0.0,0.18282451954937046,0.0,0.0,2.0,0.0,0.0,4527.0,0.0,0.0,0.5,0.0,0.0,170.763916015625,2.439342982436645,166.57240513392858,4.389139594641576,165.03840855189733,3.4445192515998833,-0.0010508716303275767
2024-11-01,169.09358268677013,171.33066473922122,167.91041241830663,170.3065643310547,31796500,0.0,0.0,169.6722198486328,164.5353874206543,63.80287167034889,2.0945498493534274,1.2879853317822558,3.4636966885384295,0.0010519771232422315,0.0,0.0,0.0,0.0,0.0,0.0,0.0,0.0,0.0,44769000.0,68890800.0,42169000.0,0.0,0.0,0.0,0.0,0.0,0.0,0.0,0.0,0.0,0.0,0.4227,0.0,0.0,0.18282451954937046,0.0,0.0,2.0,0.0,0.0,4527.0,0.0,0.0,0.5,0.0,171.2975056966146,1.8734919486354318,167.78114100864954,4.01993933671889,165.48795536586218,3.701494401843671,0.012112933744446108
2024-11-04,168.95436679599575,169.7497767581588,167.04539198951443,168.26834106445312,21492700,0.0,0.0,170.17333068847657,164.846590423584,57.72059607174427,2.0445238767342744,1.4392930407726596,3.5074288514367025,-0.011967966558467547,0.0,0.0,0.0,0.0,0.0,0.0,0.0,0.0,0.0,31796500.0,44769000.0,68890800.0,0.0,0.0,0.0,0.0,0.0,0.0,0.0,0.0,0.0,0.0,0.0,0.4227,0.0,0.0,0.18282451954937046,0.0,0.0,2.0,0.0,0.0,4527.0,0.0,0.0,0.5,169.56749979654947,1.1286574563456975,168.7072252546038,3.0344883165548207,165.75640542166573,3.760923589093761,-0.002945603308001421
2024-11-05,168.45722424913848,169.55091475770118,167.87061532690117,168.7654571533203,18242100,0.0,0.0,170.18526306152344,165.11305084228516,59.27875727314956,2.021686305540726,1.555771693726273,3.5959591035015563,0.00295430552011422,0.0,0.0,0.0,0.0,0.0,0.0,0.0,0.0,0.0,21492700.0,31796500.0,44769000.0,0.0,0.0,0.0,0.0,0.0,0.0,0.0,0.0,0.0,0.0,0.0,0.0,0.0,0.0,0.0,0.0,0.0,0.0,0.0,0.0,0.0,0.0,0.0,0.0,169.11345418294272,1.062739370966721,169.34212820870536,2.352042371358424,166.0816693987165,3.813603337374934,-0.03835473489011376
2024-11-06,172.80214969030013,175.92412112315387,172.50386907265272,175.49658203125,33695500,0.0,0.0,170.59290771484376,165.8413444519043,73.23753325297471,2.517710292098144,1.7481594134006475,4.13842728616202,0.03988449408704886,0.0,0.0,0.0,0.0,0.0,0.0,0.0,0.0,0.0,18242100.0,21492700.0,31796500.0,0.0,0.0,0.0,0.0,0.0,0.0,0.0,0.0,0.0,0.0,0.0,0.0,0.0,0.0,0.0,0.0,0.0,0.0,0.0,0.0,0.0,0.0,0.0,0.0,170.8434600830078,4.037380214986809,170.732670375279,2.730170467254382,167.04610007149833,4.367543759006893,-0.023457876301344993
2024-11-07,176.39142952870222,180.0403569286527,176.1726914135067,179.71224975585938,25352900,0.0,0.0,172.5098388671875,166.7694839477539,76.28149330125856,3.2139338004284923,2.0413142908062163,5.018724947677018,0.02402136654637932,0.0,0.0,0.0,0.0,0.0,0.0,0.0,0.0,0.0,33695500.0,18242100.0,21492700.0,0.0,0.0,0.0,0.0,0.0,0.0,0.0,0.0,0.0,0.0,0.0,0.0,0.0,0.0,0.0,0.0,0.0,0.0,0.0,0.0,0.0,0.0,0.0,0.0,174.65809631347656,5.521354978167795,172.30502101353235,4.162162943457717,168.2768500191825,5.308717974785971,0.013456741872079458
2024-11-08,179.612801825818,179.86136646447602,177.05756522942787,177.32601928710938,22006200,0.0,0.0,173.91372985839843,167.52064666748046,70.5645118514249,3.5324274655684746,2.3395369257586682,5.422993699013844,-0.013278062413617953,0.0,0.0,0.0,0.0,0.0,0.0,0.0,0.0,0.0,25352900.0,33695500.0,18242100.0,0.0,0.0,0.0,0.0,0.0,0.0,0.0,0.0,0.0,0.0,0.0,0.0,0.0,0.0,0.0,0.0,0.0,0.0,0.0,0.0,0.0,0.0,0.0,0.0,177.5116170247396,2.1139532826539584,172.8575439453125,4.576841464945526,169.2909927368164,5.597736872962784,-0.011089593396892528
2024-11-11,177.55470270682915,179.513393363608,177.44533365392132,179.31454467773438,17450400,0.0,0.0,176.1229705810547,168.28572845458984,71.33242500360534,3.9003327618326296,2.6516960929734608,5.955330014242652,0.011213951560066215,0.0,0.0,0.0,0.0,0.0,0.0,0.0,0.0,0.0,22006200.0,25352900.0,33695500.0,0.0,0.0,0.0,0.0,0.0,0.0,0.0,0.0,0.0,0.0,0.0,0.0,0.0,0.0,0.0,0.0,0.0,0.0,0.0,0.0,0.0,0.0,0.0,0.0,178.78427124023438,1.2784429597723466,174.16996547154017,4.964338604092846,170.37118530273438,5.983859416652187,-0.00699246571979828
2024-11-12,178.7875715603005,181.44223994675815,178.36003251435403,180.5772247314453,25134900,0.0,0.0,178.48532409667968,169.08908767700194,77.25691854062312,4.244856029437244,2.9703280802662175,6.479808699027934,0.007041704597807286,0.0,0.0,0.0,0.0,0.0,0.0,0.0,0.0,0.0,17450400.0,22006200.0,25352900.0,0.0,0.0,0.0,0.0,0.0,0.0,0.0,0.0,0.0,0.0,0.0,0.0,0.0,0.0,0.0,0.0,0.0,0.0,0.0,0.0,0.0,0.0,0.0,0.0,179.07259623209634,1.6390510968499905,175.637202671596,5.146609798356899,171.70917184012276,6.024928950154132,0.015317388216122607
2024-11-13,179.423911961303,179.9210412566759,177.51492211643085,177.8529815673828,23184000,0.0,0.0,178.95660400390625,169.77114868164062,71.69713658838529,4.249088695761344,3.226080203365243,6.654969950109321,-0.015086305419268697,0.0,0.0,0.0,0.0,0.0,0.0,0.0,0.0,0.0,25134900.0,17450400.0,22006200.0,0.0,0.0,0.0,0.0,0.0,0.0,0.0,0.0,0.0,0.0,0.0,0.0,0.0,0.0,0.0,0.0,0.0,0.0,0.0,0.0,0.0,0.0,0.0,0.0,179.24825032552084,1.3633309979943027,177.00643702915735,4.00856354462049,172.85683114188058,5.496358322240948,0.018794751776260776
2024-11-14,177.25644065886235,177.79334885525918,173.3191846841435,174.5719451904297,31007500,0.0,0.0,177.9285430908203,170.40001831054687,63.56939225898871,3.9422471285288907,3.3693135883979726,6.473210121197425,-0.018448025712237137,0.0,0.0,0.0,0.0,0.0,0.0,0.0,0.0,0.0,23184000.0,25134900.0,17450400.0,0.0,0.0,0.0,0.0,0.0,0.0,0.0,0.0,0.0,0.0,0.0,0.0,0.0,0.0,0.0,0.0,0.0,0.0,0.0,0.0,0.0,0.0,0.0,0.0,177.6673838297526,3.0069387226214612,177.83593532017298,2.221411692402563,173.58903176443917,4.9248763881970525,0.01791411874812221
2024-11-15,172.73255057874763,173.1402002652983,170.236966835199,171.4996795654297,32504600,0.0,0.0,176.76327514648438,170.8509147644043,57.27987353796669,3.4118372795173855,3.3778183266218553,6.200979012342047,-0.017598850844267377,0.0,0.0,0.0,0.0,0.0,0.0,0.0,0.0,0.0,31007500.0,23184000.0,25134900.0,0.0,0.0,0.0,0.0,0.0,0.0,0.0,0.0,0.0,0.0,0.0,0.0,0.0,0.0,0.0,0.0,0.0,0.0,0.0,0.0,0.0,0.0,0.0,0.0,174.64153544108072,3.1772226368716114,177.26494925362724,3.214586728353913,173.99880981445312,4.4382232012425735,-0.016029589316735482
2024-11-18,172.4243223269658,174.43272892051993,171.90730361382492,174.2935333251953,20135300,0.0,0.0,175.75907287597656,171.40919036865233,57.1175454868451,3.1802641959766333,3.338307500492811,5.967304684176468,0.016290722914731326,0.0,0.0,0.0,0.0,0.0,0.0,0.0,0.0,0.0,32504600.0,31007500.0,23184000.0,0.0,0.0,0.0,0.0,0.0,0.0,0.0,0.0,0.0,0.0,0.0,0.0,0.0,0.0,0.0,0.0,0.0,0.0,0.0,0.0,0.0,0.0,0.0,0.0,173.4550526936849,1.6991148709570385,176.49084690638952,3.179276615001601,174.39793395996094,4.168677943856004,-0.015832070508205454
2024-11-19,172.72261895446178,177.8430450835762,172.56353392471485,177.09735107421875,23434900,0.0,0.0,175.06309814453124,172.05446548461913,54.877414778944114,3.18625633903946,3.307897268202141,5.842238807615117,0.01608675718216168,0.0,0.0,0.0,0.0,0.0,0.0,0.0,0.0,0.0,20135300.0,32504600.0,31007500.0,0.0,0.0,0.0,0.0,0.0,0.0,0.0,0.0,0.0,0.0,0.0,0.0,0.0,0.0,0.0,0.0,0.0,0.0,0.0,0.0,0.0,0.0,0.0,0.0,174.2968546549479,2.7988372324065933,176.4581800188337,3.1704275024423003,174.65786198207311,4.218736235581266,0.01216048752878951
2024-11-20,176.32182739630647,176.65987170014589,172.78226898861567,174.96963500976562,18997100,0.0,0.0,174.4864288330078,172.71067657470704,56.70615474740337,2.9849080888440653,3.243299432330526,5.351657571540724,-0.012014386728807835,0.0,0.0,0.0,0.0,0.0,0.0,0.0,0.0,0.0,23434900.0,20135300.0,32504600.0,0.0,0.0,0.0,0.0,0.0,0.0,0.0,0.0,0.0,0.0,0.0,0.0,0.0,0.0,0.0,0.0,0.0,0.0,0.0,0.0,0.0,0.0,0.0,0.0,175.45350646972656,1.463197589105141,175.8374786376953,2.93455615715651,175.00372205461775,4.012190714192335,0.04981201123126122
2024-11-21,172.9015782767723,173.1302686962832,162.76014278127062,166.66758728027344,59734400,0.0,0.0,172.90555725097656,172.95476837158202,45.88579512127799,2.1308689504255938,3.0208133359495397,4.9211565675725195,-0.04744850573088766,0.0,0.0,0.0,0.0,0.0,0.0,0.0,0.0,0.0,18997100.0,23434900.0,20135300.0,0.0,0.0,0.0,0.0,0.0,0.0,0.0,0.0,0.0,0.0,0.0,0.0,0.0,0.0,0.0,0.0,0.0,0.0,0.0,0.0,0.0,0.0,0.0,0.0,172.9115244547526,5.511066819760914,173.8503875732422,3.778264972658967,174.74379512241907,4.435449421392633,0.017419423406932255
2024-11-22,164.89779453956643,165.5042928911672,162.9589781366054,163.8140411376953,38604600,0.0,0.0,171.3684295654297,172.92941360473634,45.05515912177694,1.2098332499726894,2.6586173187541697,4.969053148377142,-0.01712118228350845,0.0,0.0,0.0,0.0,0.0,0.0,0.0,0.0,0.0,59734400.0,18997100.0,23434900.0,0.0,0.0,0.0,0.0,0.0,0.0,0.0,0.0,0.0,0.0,0.0,0.0,0.0,0.0,0.0,0.0,0.0,0.0,0.0,0.0,0.0,0.0,0.0,0.0,168.48375447591147,5.795314152100034,171.8448246547154,4.86831986714324,174.4256308419364,5.0525132221882,-0.017238328459215913
2024-11-25,165.13641317917185,167.6618386099698,164.65917328191838,166.6874542236328,33135300,0.0,0.0,169.8472137451172,172.97564697265625,47.80876122216623,0.7036549473567391,2.267624844474684,4.902722456598969,0.017540700821379707,0.0,0.0,0.0,0.0,0.0,0.0,0.0,0.0,0.0,38604600.0,59734400.0,18997100.0,0.0,0.0,0.0,0.0,0.0,0.0,0.0,0.0,0.0,0.0,0.0,0.0,0.0,0.0,0.0,0.0,0.0,0.0,0.0,0.0,0.0,0.0,0.0,0.0,165.72302754720053,1.6532605685795423,170.71846880231584,5.041226219488978,174.27720206124442,5.257931327159705,-0.008691980526348342
2024-11-26,166.66756653684672,168.84499520108912,166.61785057482837,168.1490020751953,20486700,0.0,0.0,168.0575439453125,172.94780731201172,41.28330459332129,0.4156483571429135,1.89722954700833,4.929750868404793,0.008768193493444487,0.0,0.0,0.0,0.0,0.0,0.0,0.0,0.0,0.0,33135300.0,38604600.0,59734400.0,0.0,0.0,0.0,0.0,0.0,0.0,0.0,0.0,0.0,0.0,0.0,0.0,0.0,0.0,0.0,0.0,0.0,0.0,0.0,0.0,0.0,0.0,0.0,0.0,166.21683247884116,2.205467116603532,170.23980058942522,5.113247125123966,173.75237492152624,5.4885032436359555,-0.0006501325566686811
2024-11-27,168.0297170852908,168.5069570042289,167.0553478258637,168.25839233398438,19266500,0.0,0.0,166.71529541015624,172.68780899047852,34.945106517823845,0.1939917232646451,1.556581982259593,5.0373572664776765,0.0006505555039817423,0.0,0.0,0.0,0.0,0.0,0.0,0.0,0.0,0.0,20486700.0,33135300.0,38604600.0,0.0,0.0,0.0,0.0,0.0,0.0,0.0,0.0,0.0,0.0,0.0,0.0,0.0,0.0,0.0,0.0,0.0,0.0,0.0,0.0,0.0,0.0,0.0,0.0,167.69828287760416,0.8771103026133819,169.3776375906808,4.81597569384751,172.93424224853516,5.384455145372792,0.0016573199995604249
2024-11-29,167.53258236969043,168.4572356311654,166.20027942100947,167.97999572753906,14257200,0.0,0.0,166.97777709960937,172.58042907714844,36.99502010938179,-0.004089889812462388,1.244447607845182,5.117064291729004,-0.0016545778346241935,0.0,0.0,0.0,0.0,0.0,0.0,0.0,0.0,0.0,19266500.0,20486700.0,33135300.0,0.0,0.0,0.0,0.0,0.0,0.0,0.0,0.0,0.0,0.0,0.0,0.0,0.0,0.0,0.0,0.0,0.0,0.0,0.0,0.0,0.0,0.0,0.0,0.0,168.1291300455729,0.14025812202863552,168.07515825544084,3.407002369654341,172.26666913713728,5.377433923138034,-0.014811383643616893
2024-12-02,167.80103219947992,171.09202581712017,167.60218350894124,170.5054168701172,23789100,0.0,0.0,168.31605224609376,172.59037170410156,37.92256837389234,0.04222266846457501,1.0040026199690608,5.112604805294351,0.015034058857069654,0.0,0.0,0.0,0.0,0.0,0.0,0.0,0.0,0.0,14257200.0,19266500.0,20486700.0,0.0,0.0,0.0,0.0,0.0,0.0,0.0,0.0,0.0,0.0,0.0,0.0,0.0,0.0,0.0,0.0,0.0,0.0,0.0,0.0,0.0,0.0,0.0,0.0,168.91460164388022,1.3847006826909105,167.43741280691964,2.0482229411329653,171.6374457223075,4.99079840384636,0.0008755455253219857
2024-12-03,170.50541009739786,171.68856506902026,169.86908521024029,170.35626220703125,22248700,0.0,0.0,169.04981384277343,172.69476776123048,35.54558515649647,0.06612788865240304,0.8164276737057293,5.04051561516237,-0.0008747796159435106,0.0,0.0,0.0,0.0,0.0,0.0,0.0,0.0,0.0,23789100.0,14257200.0,19266500.0,0.0,0.0,0.0,0.0,0.0,0.0,0.0,0.0,0.0,0.0,0.0,0.0,0.0,0.0,0.0,0.0,0.0,0.0,0.0,0.0,0.0,0.0,0.0,0.0,169.6138916015625,1.4169592703205363,167.96436636788505,2.278690903079232,170.9073769705636,4.279330198466851,-0.01737693060748713
2024-12-04,170.16736706139073,173.9057894087997,170.0778874212496,173.36888122558594,31615100,0.0,0.0,170.09378967285156,172.92493896484376,43.70992046164779,0.32442634026656947,0.7180274070178974,4.956041114890166,0.017684228214008835,0.0,0.0,0.0,0.0,0.0,0.0,0.0,0.0,0.0,22248700.0,23789100.0,14257200.0,0.0,0.0,0.0,0.0,0.0,0.0,0.0,0.0,0.0,0.0,0.0,0.0,0.0,0.0,0.0,0.0,0.0,0.0,0.0,0.0,0.0,0.0,0.0,0.0,171.41018676757812,1.6979177728197747,169.32934352329798,2.2396441785031973,170.5870840890067,3.8674780580164905,0.010020821967687166
2024-12-05,174.35320380974355,175.04918185581036,171.3406012044101,171.64881896972656,21356200,0.0,0.0,170.771875,172.73255081176757,45.711785036352566,0.385886812257354,0.6515992880657887,4.925547777547792,-0.00992140137087949,0.0,0.0,0.0,0.0,0.0,0.0,0.0,0.0,0.0,31615100.0,22248700.0,23789100.0,0.0,0.0,0.0,0.0,0.0,0.0,0.0,0.0,0.0,0.0,0.0,0.0,0.0,0.0,0.0,0.0,0.0,0.0,0.0,0.0,0.0,0.0,0.0,0.0,171.79132080078125,1.5113564823145298,170.0381099155971,2.0404237697411896,170.37828935895647,3.7115604689346156,-0.011848148687238602
2024-12-06,171.04230353586647,174.07479526094843,170.8732813965907,173.70692443847656,21462400,0.0,0.0,171.9172607421875,172.43228454589843,53.33732309100707,0.5938213868255389,0.6400437078177388,4.653178920599407,0.011990210483842523,0.0,0.0,0.0,0.0,0.0,0.0,0.0,0.0,0.0,21356200.0,31615100.0,22248700.0,0.0,0.0,0.0,0.0,0.0,0.0,0.0,0.0,0.0,0.0,0.0,0.0,0.0,0.0,0.0,0.0,0.0,0.0,0.0,0.0,0.0,0.0,0.0,0.0,172.90820821126303,1.1036821325559056,170.83209882463728,2.253091129153442,170.53594970703125,3.808473901827573,-0.004903865838216559
2024-12-09,173.15945800345577,175.44886145410123,172.8508718378986,174.56295776367188,25389600,0.2,0.0,172.72876892089843,172.29413146972655,50.43272315373987,0.8182534539606081,0.6756856570463128,4.539874856086426,0.0049280322472031735,0.0,0.0,0.0,0.0,0.0,0.0,0.0,0.0,0.0,21462400.0,21356200.0,31615100.0,0.0,0.0,0.0,0.0,0.0,0.0,0.0,0.0,0.0,0.0,0.0,0.0,0.0,0.0,0.0,0.0,0.0,0.0,0.0,0.0,0.0,0.0,0.0,0.0,173.30623372395834,1.4978204211869406,171.73275102887834,2.312128903180392,170.55519430977958,3.829544351950091,-0.05292440321815817
2024-12-10,182.00855531536865,185.502397306232,180.21683563214248,184.31787109375,54813000,0.0,0.0,175.52109069824218,172.54429779052734,59.48013555758032,1.7629354422469135,0.8931356140864329,5.055644368548415,0.05588192051193697,0.0,0.0,0.0,0.0,0.0,0.0,0.0,0.0,0.0,25389600.0,21462400.0,21356200.0,0.0,0.0,0.0,0.0,0.0,0.0,0.0,0.0,0.0,0.0,0.0,0.0,0.0,0.0,0.0,0.0,0.0,0.0,0.0,0.0,0.0,0.0,0.0,0.0,177.5292510986328,5.894677204227969,174.06673322405135,4.800093833689452,171.0709457397461,5.065249579017289,-0.05235414304636676
2024-12-11,184.45722971599074,194.7098337526011,183.99935507018319,194.50079345703125,67894100,0.0,0.0,179.74747314453126,173.24047622680663,71.16621776436068,3.295293365841303,1.373567164437407,6.85756500460679,0.05524652765819926,0.0,0.0,0.0,0.0,0.0,0.0,0.0,0.0,0.0,54813000.0,25389600.0,21462400.0,0.0,0.0,0.0,0.0,0.0,0.0,0.0,0.0,0.0,0.0,0.0,0.0,0.0,0.0,0.0,0.0,0.0,0.0,0.0,0.0,0.0,0.0,0.0,0.0,184.46054077148438,9.969683496057588,177.49464416503906,8.764124165883917,172.46602848597936,8.038600130417992,0.017920450852979775
2024-12-12,194.10261773753882,194.2817820941682,190.8277648699629,191.0766143798828,34817500,0.0,0.0,183.6330322265625,173.90165786743165,79.57974050257471,4.185151603348231,1.935884052219572,7.886054158137688,-0.017604961996748325,0.0,0.0,0.0,0.0,0.0,0.0,0.0,0.0,0.0,67894100.0,54813000.0,25389600.0,0.0,0.0,0.0,0.0,0.0,0.0,0.0,0.0,0.0,0.0,0.0,0.0,0.0,0.0,0.0,0.0,0.0,0.0,0.0,0.0,0.0,0.0,0.0,0.0,189.96509297688803,5.181658695451313,180.45469447544642,9.42549174161636,174.20953042166573,9.241307756438639,0.011273704963426168
2024-12-13,190.1309984875668,191.84308455058388,188.76730785856873,188.9464874267578,25143500,0.0,0.0,186.68094482421876,174.62038497924806,80.99993751378649,4.664715290566221,2.481650299888902,8.575280850595293,-0.011148025413984186,0.0,0.0,0.0,0.0,0.0,0.0,0.0,0.0,0.0,34817500.0,67894100.0,54813000.0,0.0,0.0,0.0,0.0,0.0,0.0,0.0,0.0,0.0,0.0,0.0,0.0,0.0,0.0,0.0,0.0,0.0,0.0,0.0,0.0,0.0,0.0,0.0,0.0,191.50796508789062,2.802164599816284,182.68006678989954,9.311956400046192,176.00470515659876,9.503916477518295,-0.03478073386707725
2024-12-16,191.98242240358925,198.08421748080238,191.733572884141,195.75498962402344,44934900,0.0,0.0,190.91935119628906,175.83315048217773,82.68117493504836,5.53041105793406,3.0914024514979337,9.745957595397252,0.036034023653945146,0.0,0.0,0.0,0.0,0.0,0.0,0.0,0.0,0.0,25143500.0,34817500.0,67894100.0,0.0,0.0,0.0,0.0,0.0,0.0,0.0,0.0,0.0,0.0,0.0,0.0,0.0,0.0,0.0,0.0,0.0,0.0,0.0,0.0,0.0,0.0,0.0,0.0,191.92603047688803,3.482823039136203,186.1238054547991,9.004859971903274,178.08095768519811,10.440780242994286,0.006345333754624649
2024-12-17,196.3422712265007,200.4930793963414,194.082713332717,194.52069091796875,43504000,0.0,0.0,192.9599151611328,176.8445083618164,79.80247504554966,6.0471755252414425,3.682557066246636,10.590678500478509,-0.0063053243670843084,0.0,0.0,0.0,0.0,0.0,0.0,0.0,0.0,0.0,44934900.0,25143500.0,34817500.0,0.0,0.0,0.0,0.0,0.0,0.0,0.0,0.0,0.0,0.0,0.0,0.0,0.0,0.0,0.0,0.0,0.0,0.0,0.0,0.0,0.0,0.0,0.0,0.0,193.07405598958334,3.627463301615596,189.09720066615515,7.538415134155454,179.9646497453962,10.88072941103797,0.037261100605419095
2024-12-18,194.3216274116736,196.09343489769404,186.87605352724106,187.5330047607422,34166100,0.0,0.0,191.566357421875,177.36629104614258,68.85142756343424,5.825712032381688,4.111188059473647,10.857502459126545,-0.03592258553190797,0.0,0.0,0.0,0.0,0.0,0.0,0.0,0.0,0.0,43504000.0,44934900.0,25143500.0,0.0,0.0,0.0,0.0,0.0,0.0,0.0,0.0,0.0,0.0,0.0,0.0,0.0,0.0,0.0,0.0,0.0,0.0,0.0,0.0,0.0,0.0,0.0,0.0,192.60289510091147,4.4338148777271895,190.95006452287947,4.245330320686066,181.3414077758789,10.498280446464497,-0.0005834596072743503
2024-12-19,190.748138909751,192.1416901461699,187.513095150107,187.64248657226562,32265200,0.0,0.0,190.87953186035156,177.99993362426758,69.29454144280413,5.594544459893626,4.407859339557643,11.077829944597488,0.0005838002311280288,0.0,0.0,0.0,0.0,0.0,0.0,0.0,0.0,0.0,34166100.0,43504000.0,44934900.0,0.0,0.0,0.0,0.0,0.0,0.0,0.0,0.0,0.0,0.0,0.0,0.0,0.0,0.0,0.0,0.0,0.0,0.0,0.0,0.0,0.0,0.0,0.0,0.0,189.8987274169922,4.003112104355758,191.42500959123885,3.500286885449642,182.7458714076451,9.869695689702986,-0.015150819856198483
2024-12-20,184.92506321844033,192.00234452424112,184.36764269628742,190.52915954589844,63462900,0.0,0.0,191.1960662841797,179.19301223754883,69.51070543722739,5.579950679232439,4.642277607492602,11.078045396503006,0.015383898531535767,0.0,0.0,0.0,0.0,0.0,0.0,0.0,0.0,0.0,32265200.0,34166100.0,43504000.0,0.0,0.0,0.0,0.0,0.0,0.0,0.0,0.0,0.0,0.0,0.0,0.0,0.0,0.0,0.0,0.0,0.0,0.0,0.0,0.0,0.0,0.0,0.0,0.0,188.5682169596354,1.6991081297947892,190.85763331821985,3.2300861637392546,184.17613874162947,9.399071766771398,-0.016544149354317916
2024-12-23,191.73356940291157,194.20216752678672,189.27493498031782,193.7343292236328,25675000,0.0,0.0,190.79193420410155,180.68902664184571,71.49874426189851,5.760610675180658,4.8659442210302135,10.910918413692976,0.016822462689561446,0.0,0.0,0.0,0.0,0.0,0.0,0.0,0.0,0.0,63462900.0,32265200.0,34166100.0,0.0,0.0,0.0,0.0,0.0,0.0,0.0,0.0,0.0,0.0,0.0,0.0,0.0,0.0,0.0,0.0,0.0,0.0,0.0,0.0,0.0,0.0,0.0,0.0,190.63532511393228,3.0473086598074546,191.23730686732702,3.4112339495332527,185.84600067138672,8.81338590639843,-0.007546868352140135
2024-12-24,193.9433748674021,195.20753479003906,192.8882552424337,195.20753479003906,10403300,0.0,0.0,190.92930297851564,182.11503067016602,70.66826750339942,5.95402609411056,5.083560595646283,10.848206184157853,0.007604256676191357,0.0,0.0,0.0,0.0,0.0,0.0,0.0,0.0,0.0,25675000.0,63462900.0,32265200.0,0.0,0.0,0.0,0.0,0.0,0.0,0.0,0.0,0.0,0.0,0.0,0.0,0.0,0.0,0.0,0.0,0.0,0.0,0.0,0.0,0.0,0.0,0.0,0.0,193.1570078531901,2.3920229315019275,192.1317422049386,3.529255265810389,187.40590449741907,8.355922068051992,0.0026073186428807738
2024-12-26,194.25194880473947,195.84459196860374,193.48550314170072,194.69989013671875,12046600,0.0,0.0,192.36268005371093,183.44257507324218,72.32811266313301,5.9972143719918165,5.26629135091539,10.67231840126247,-0.0026005382111213837,0.0,0.0,0.0,0.0,0.0,0.0,0.0,0.0,0.0,10403300.0,25675000.0,63462900.0,0.0,0.0,0.0,0.0,0.0,0.0,0.0,0.0,0.0,0.0,0.0,0.0,0.0,0.0,0.0,0.0,0.0,0.0,0.0,0.0,0.0,0.0,0.0,0.0,194.54725138346353,0.7483699633042151,191.98101370675224,3.3675481873796898,189.05240958077567,7.203852672337547,0.014733529156908842
2024-12-27,194.05284898883724,194.42115659969988,189.77263428806026,191.8729248046875,18891400,0.0,0.0,193.20876770019532,184.62330169677733,67.33800582357372,5.737194114534532,5.360471903639218,10.199840827048545,-0.014519604145878828,0.0,0.0,0.0,0.0,0.0,0.0,0.0,0.0,0.0,12046600.0,10403300.0,25675000.0,0.0,0.0,0.0,0.0,0.0,0.0,0.0,0.0,0.0,0.0,0.0,0.0,0.0,0.0,0.0,0.0,0.0,0.0,0.0,0.0,0.0,0.0,0.0,0.0,193.9267832438151,1.796712731490415,191.6027614048549,3.1781148503551786,190.349981035505,5.707896834653926,0.007948023270382132
2024-12-30,188.9265638700057,191.66390866604786,188.24968525874627,190.3599395751953,14264700,0.0,0.0,193.1749237060547,185.74229888916017,64.89023947880833,5.347399431672244,5.357857409245823,9.48007492552173,-0.007885350322523577,0.0,0.0,0.0,0.0,0.0,0.0,0.0,0.0,0.0,18891400.0,12046600.0,10403300.0,0.0,0.0,0.0,0.0,0.0,0.0,0.0,0.0,0.0,0.0,0.0,0.0,0.0,0.0,0.0,0.0,0.0,0.0,0.0,0.0,0.0,0.0,0.0,0.0,192.31091817220053,2.2028779724743184,192.00660923549108,2.7215963293044334,191.47833687918526,3.4694989687411715,0.010248384609672367
2024-12-31,190.20065552751936,191.07661064566062,187.64247532502426,188.42884826660156,17466900,0.0,0.0,192.11382751464845,186.6384704589844,54.54543614031453,4.827018542343325,5.251689635865324,8.785625507254172,-0.010144420684851774,0.0,0.0,0.0,0.0,0.0,0.0,0.0,0.0,0.0,14264700.0,18891400.0,12046600.0,0.0,0.0,0.0,0.0,0.0,0.0,0.0,0.0,0.0,0.0,0.0,0.0,0.0,0.0,0.0,0.0,0.0,0.0,0.0,0.0,0.0,0.0,0.0,0.0,190.22057088216147,1.7262628781571268,192.1189466203962,2.520217867321523,191.7719781058175,2.952267165019035,-0.0006863928405390629
2025-01-02,189.77266033181004,191.1164539742449,186.63716208422355,188.5582733154297,20370800,0.0,0.0,190.78397521972656,187.5485710144043,41.55110375041274,4.374628464372876,5.076277401566834,7.909244333286025,0.0006868642992765572,0.0,0.0,0.0,0.0,0.0,0.0,0.0,0.0,0.0,17466900.0,14264700.0,18891400.0,0.0,0.0,0.0,0.0,0.0,0.0,0.0,0.0,0.0,0.0,0.0,0.0,0.0,0.0,0.0,0.0,0.0,0.0,0.0,0.0,0.0,0.0,0.0,0.0,189.11568705240884,1.079495699930112,191.83739144461495,2.819723592127333,191.3475123814174,2.95694134485046,-0.0123051083068213
2025-01-03,190.48934425629204,192.32088844513342,189.10574139792004,190.90740966796875,18596200,0.0,0.0,190.02547912597657,188.42549743652344,49.75184388341832,4.157733970275217,4.892568715308511,7.194314158987949,0.01245841039607587,0.0,0.0,0.0,0.0,0.0,0.0,0.0,0.0,0.0,20370800.0,17466900.0,14264700.0,0.0,0.0,0.0,0.0,0.0,0.0,0.0,0.0,0.0,0.0,0.0,0.0,0.0,0.0,0.0,0.0,0.0,0.0,0.0,0.0,0.0,0.0,0.0,0.0,189.29817708333334,1.395137930246172,191.4335457938058,2.702773292246442,191.3354263305664,2.9584791723752466,-0.025803843880480293
2025-01-06,193.0873348986171,197.30782865396526,192.95794346331456,195.9640350341797,29563600,0.0,0.0,190.843701171875,189.6412582397461,59.478333271504944,4.343798324964524,4.782814637239714,6.195142792908602,0.026487318512181224,0.0,0.0,0.0,-0.9715,-0.9714999999999999,1.0,641.0,0.0,0.0,18596200.0,20370800.0,17466900.0,0.0,0.0,0.0,0.0,0.0,0.0,0.0,0.0,0.0,0.0,0.0,0.0,0.0,0.0,0.0,0.0,0.0,0.0,0.0,0.0,0.0,0.0,0.0,0.0,191.80990600585938,3.7844684420221735,191.54161725725447,2.8876312247427003,191.83667973109655,3.1130396599483547,0.007059145860837335
2025-01-07,196.20293323603758,200.0750314967655,193.70448930563006,194.59039306640625,26487200,0.0,0.0,191.68979187011718,190.68543167114257,48.15635219439091,4.330494989186889,4.692350707629149,5.0157702300450575,-0.007009663622888018,0.0,0.0,0.0,0.0,0.0,0.0,0.0,0.0,0.0,29563600.0,18596200.0,20370800.0,0.0,0.0,0.0,0.0,0.0,0.0,0.0,0.0,0.0,-0.9715,0.0,0.0,-0.9714999999999999,0.0,0.0,1.0,0.0,0.0,641.0,0.0,0.0,0.0,0.0,0.0,193.82061258951822,2.614724939741683,191.5259748186384,2.86790045424531,191.7534942626953,3.014275193185019,0.007940270374813485
2025-01-08,191.683825506133,195.38669258245946,191.49469743094454,193.05746459960938,24864800,0.0,0.0,192.61551513671876,191.61015701293945,47.705294472931314,4.148436885580281,4.583567943219376,3.2974559984531098,-0.007877719154787632,0.0,0.0,0.0,0.0,0.0,0.0,0.0,0.0,0.0,26487200.0,29563600.0,18596200.0,0.0,0.0,0.0,0.0,0.0,0.0,0.0,0.0,0.0,0.0,-0.9715,0.0,0.0,-0.9714999999999999,0.0,0.0,1.0,0.0,0.0,641.0,0.0,0.0,0.0,0.0,194.53729756673178,1.4540124730725694,191.6951947893415,2.9261395774344123,191.64897809709822,2.935278059553593,0.00994586679540621
2025-01-10,193.40585949210492,195.61564455345277,189.4342154897214,191.15625,26665200,0.0,0.0,193.1351104736328,191.95207595825195,56.76074744535523,3.806859293491385,4.428226213273778,2.8217345497785913,-0.009847920688031309,0.0,0.0,0.0,0.0,0.0,0.0,0.0,0.0,0.0,24864800.0,26487200.0,29563600.0,0.0,0.0,0.0,0.0,0.0,0.0,0.0,0.0,0.0,0.0,0.0,-0.9715,0.0,0.0,-0.9714999999999999,0.0,0.0,1.0,0.0,0.0,641.0,0.0,0.0,0.0,192.93470255533853,1.7203597123213177,191.80895342145647,2.88070375586005,191.90778132847376,2.694295706827059,0.005392432873873254
2025-01-13,189.19532001022134,190.3001972959748,186.49778453538255,190.1309814453125,21823700,0.0,0.0,192.97982482910157,191.73358535766602,54.489926943636256,3.4140707050878234,4.225395111636587,2.782910186387198,-0.005363510503514801,0.0,0.0,0.0,0.0,0.0,0.0,0.0,0.0,0.0,26665200.0,24864800.0,26487200.0,0.0,0.0,0.0,0.0,0.0,0.0,0.0,0.0,0.0,0.0,0.0,0.0,0.0,0.0,0.0,0.0,0.0,0.0,0.0,0.0,0.0,0.0,0.0,0.0,191.44823201497397,1.4849296400514904,192.05211530412947,2.60663608125841,192.08553096226282,2.4634549072521734,0.00711788269318725
2025-01-14,190.35994708125565,191.09653198927745,187.4434226127788,188.78721618652344,17174900,0.0,0.0,191.54446105957032,191.61911544799804,46.67175116733605,2.9602286199669265,3.9723618133026553,2.857442785973028,-0.007067576512645113,0.0,0.0,0.0,0.0,0.0,0.0,0.0,0.0,0.0,21823700.0,26665200.0,24864800.0,0.0,0.0,0.0,0.0,0.0,0.0,0.0,0.0,0.0,0.0,0.0,0.0,0.0,0.0,0.0,0.0,0.0,0.0,0.0,0.0,0.0,0.0,0.0,0.0,190.02481587727866,1.1880798155982704,192.08482142857142,2.556444683957915,191.96110643659318,2.5889079809358533,-0.03012019669833399
2025-01-15,192.20142977574318,195.45638605757955,190.97709427450172,194.65011596679688,21776000,0.0,0.0,191.55640563964843,191.904296875,51.58842955695898,3.038615246632304,3.785612499968585,2.861284776809008,0.031055597400625023,0.0,0.0,0.0,0.0,0.0,0.0,0.0,0.0,0.0,17174900.0,21823700.0,26665200.0,0.0,0.0,0.0,0.0,0.0,0.0,0.0,0.0,0.0,0.0,0.0,0.0,0.0,0.0,0.0,0.0,0.0,0.0,0.0,0.0,0.0,0.0,0.0,0.0,191.18943786621094,3.071424092272957,192.61949375697546,2.6585012273627764,192.02651977539062,2.648051932318818,0.01368514961931755
2025-01-16,193.2465980564925,194.5804279448186,191.92271668187493,192.0222625732422,17815400,0.0,0.0,191.349365234375,191.71766052246093,44.687927510504544,2.8557718458542922,3.599644369145727,2.7148856678725735,-0.013500394697956164,0.0,0.0,0.0,0.0,0.0,0.0,0.0,0.0,0.0,21776000.0,17174900.0,21823700.0,0.0,0.0,0.0,0.0,0.0,0.0,0.0,0.0,0.0,0.0,0.0,0.0,0.0,0.0,0.0,0.0,0.0,0.0,0.0,0.0,0.0,0.0,0.0,0.0,191.81986490885416,2.936685558465746,192.05638340541296,2.2119692776264506,191.7990003313337,2.4855703216111236,-0.01576512581043099
2025-01-17,195.62556692490554,196.32234248434244,192.85836171130745,195.09800720214844,27735100,0.0,0.0,192.1377166748047,191.74652633666992,50.61155549471747,2.925332606572283,3.4647820166310384,2.7491106616974483,0.016017646015045184,0.0,0.0,0.0,0.0,0.0,0.0,0.0,0.0,0.0,17815400.0,21776000.0,17174900.0,0.0,0.0,0.0,0.0,0.0,0.0,0.0,0.0,0.0,0.0,0.0,0.0,0.0,0.0,0.0,0.0,0.0,0.0,0.0,0.0,0.0,0.0,0.0,0.0,193.9234619140625,1.6616470262467018,192.12889971051897,2.314818515863111,191.8274372645787,2.5233027982273395,-0.010351110972132704
2025-01-21,198.1539212272468,201.3590893649602,196.95943127097462,197.13861083984375,29971300,0.0,0.0,193.53924255371095,192.226806640625,58.288977110267325,3.1092778505227443,3.3936811834093796,2.812584567019883,0.010459377145666915,0.0,0.0,0.0,0.0,0.0,0.0,0.0,0.0,0.0,27735100.0,17815400.0,21776000.0,0.0,0.0,0.0,0.0,0.0,0.0,0.0,0.0,0.0,0.0,0.0,0.0,0.0,0.0,0.0,0.0,0.0,0.0,0.0,0.0,0.0,0.0,0.0,0.0,194.75296020507812,2.5755675042476254,192.71192060198103,3.000163548185215,192.20355769566126,2.895589546439485,-0.0016130689962945421
2025-01-22,198.14394994474472,199.5574134711185,196.62099201618707,197.45712280273438,26200600,0.0,0.0,195.27322387695312,192.71753845214843,61.60857483286753,3.2433694905376456,3.3636188448350333,2.8268065433385403,0.0016156751918545709,0.0,0.0,0.0,0.7608,0.7608,1.0,237.0,1.0,0.0,29971300.0,27735100.0,17815400.0,0.0,0.0,0.0,0.0,0.0,0.0,0.0,0.0,0.0,0.0,0.0,0.0,0.0,0.0,0.0,0.0,0.0,0.0,0.0,0.0,0.0,0.0,0.0,0.0,196.56458028157553,1.28003512280257,193.61204528808594,3.377157326450074,192.7104993547712,3.1574194112209706,0.001969863359263968
2025-01-23,197.22819130144518,199.3782549776066,194.30171827365388,197.0689239501953,26951400,0.0,0.0,195.75698547363282,193.04452667236328,64.88343191906787,3.2804981377480544,3.3469947034176375,2.9364586353730187,-0.001965990626364378,0.0,0.0,0.0,0.0,0.0,0.0,0.0,0.0,0.0,26200600.0,29971300.0,27735100.0,0.0,0.0,0.0,0.0,0.0,0.0,0.0,0.0,0.0,0.7608,0.0,0.0,0.7608,0.0,0.0,1.0,0.0,0.0,237.0,0.0,0.0,1.0,0.0,0.0,197.22155253092447,0.2069639591200526,194.60317993164062,3.1986173857119744,193.32764761788505,3.1000246476748,-0.011138324463641824
2025-01-24,197.18837511510904,199.9754777209976,197.08882922694013,199.28866577148438,23877500,0.0,0.0,197.21026611328125,193.32224349975587,67.24248943349612,3.449276361189561,3.3674510349720226,3.2509424530917888,0.011263784146150035,0.0,0.0,0.0,0.0,0.0,0.0,0.0,0.0,0.0,26951400.0,26200600.0,29971300.0,0.0,0.0,0.0,0.0,0.0,0.0,0.0,0.0,0.0,0.0,0.7608,0.0,0.0,0.7608,0.0,0.0,1.0,0.0,0.0,237.0,0.0,0.0,1.0,0.0,197.93823750813803,1.1855028292326961,196.10338701520647,2.372091668298321,194.09410422188895,3.1561224096326415,0.04379341419681193
2025-01-27,191.5245520643281,195.97398278636885,189.85227535828872,190.92730712890625,41728900,0.0,0.0,196.37612609863282,193.1082321166992,50.0267955042733,2.875199050675235,3.269000638112665,3.261169384734142,-0.04195601696769713,0.0,0.0,0.0,0.0,0.0,0.0,0.0,0.0,0.0,23877500.0,26951400.0,26200600.0,0.0,0.0,0.0,0.0,0.0,0.0,0.0,0.0,0.0,0.0,0.0,0.7608,0.0,0.0,0.7608,0.0,0.0,1.0,0.0,0.0,237.0,0.0,0.0,1.0,195.76163228352866,4.331262889015496,195.5715571812221,3.0675945717523785,194.09552546909876,3.154581113342428,-0.017870014013034674
2025-01-28,191.8629920734772,194.58042475121238,189.80251062684363,194.40126037597656,24157900,0.0,0.0,195.8286560058594,193.09330062866212,47.80173786725345,2.669782054446813,3.149156921379495,3.254174462396158,0.018195161809540616,0.0,0.0,0.0,0.0,0.0,0.0,0.0,0.0,0.0,41728900.0,23877500.0,26951400.0,0.0,0.0,0.0,0.0,0.0,0.0,0.0,0.0,0.0,0.0,0.0,0.0,0.0,0.0,0.0,0.0,0.0,0.0,0.0,0.0,0.0,0.0,0.0,0.0,194.8724110921224,4.200543635704099,195.91141401018416,2.7210415434980977,193.98389870779855,3.1107217116250983,-0.0005630142103625335
2025-01-29,194.66007636486756,195.8844119408561,192.5398732644273,194.51077270507812,18218300,0.0,0.0,195.23938598632813,193.22519302368164,49.88387288598801,2.487153971923277,3.0167563314882515,3.255565073927167,0.0005633313739312751,0.0,0.0,0.0,0.0,0.0,0.0,0.0,0.0,0.0,24157900.0,41728900.0,23877500.0,0.0,0.0,0.0,0.0,0.0,0.0,0.0,0.0,0.0,0.0,0.0,0.0,0.0,0.0,0.0,0.0,0.0,0.0,0.0,0.0,0.0,0.0,0.0,0.0,193.27978006998697,2.038037031422772,195.82752336774553,2.7590851273457813,193.97821153913225,3.109600176634727,-0.02718169009107929
2025-01-30,197.0888449414686,200.4731927690754,196.76036171060426,199.9456329345703,24354700,0.0,0.0,195.81472778320312,193.7044776916504,59.01982622233997,2.7492757606529494,2.9632602173211913,3.507403706700265,0.027941178547126855,0.0,0.0,0.0,0.0,0.0,0.0,0.0,0.0,0.0,18218300.0,24157900.0,41728900.0,0.0,0.0,0.0,0.0,0.0,0.0,0.0,0.0,0.0,0.0,0.0,0.0,0.0,0.0,0.0,0.0,0.0,0.0,0.0,0.0,0.0,0.0,0.0,0.0,196.285888671875,3.1699044605179414,196.22852652413505,3.1567270963368594,194.47022356305803,3.4760527337474785,-0.015439706559243649
2025-01-31,201.0704376113212,204.53441911538957,200.87136100783613,203.08114624023438,32001100,0.0,0.0,196.57322387695314,194.43709259033204,65.12628886332281,3.1734374740906617,3.0052956686750854,3.8599897049077416,0.015681829403546566,0.0,0.0,0.0,0.0,0.0,0.0,0.0,0.0,0.0,24354700.0,18218300.0,24157900.0,0.0,0.0,0.0,0.0,0.0,0.0,0.0,0.0,0.0,0.0,0.0,0.0,0.0,0.0,0.0,0.0,0.0,0.0,0.0,0.0,0.0,0.0,0.0,0.0,199.17918395996094,4.336289733867371,197.0319584437779,4.097153157491616,195.32200186593192,4.02001200338355,0.013864884300593072
2025-02-03,199.76644678798675,202.8123625387659,199.17916555521708,200.303955078125,27838300,0.0,0.0,198.44855346679688,195.0243766784668,62.35492558090922,3.24805106030135,3.053846747000338,3.811702184327044,-0.013675278151247472,0.0,0.0,0.0,0.0,0.0,0.0,0.0,0.0,0.0,32001100.0,24354700.0,18218300.0,0.0,0.0,0.0,0.0,0.0,0.0,0.0,0.0,0.0,0.0,0.0,0.0,0.0,0.0,0.0,0.0,0.0,0.0,0.0,0.0,0.0,0.0,0.0,0.0,201.11024475097656,1.7162278985952502,197.49410574776786,4.280372230466222,196.04864283970423,3.9278837513153055,-0.02495409853867747
2025-02-04,202.4540365472158,206.09719755510824,201.8767037764101,205.43028259277344,43856400,0.0,0.0,200.65435791015625,195.75052032470703,68.51193078596276,3.67843197875402,3.1787637933510746,4.333712192192756,0.025592742353235165,0.0,0.0,0.0,0.0,0.0,0.0,0.0,0.0,0.0,27838300.0,32001100.0,24354700.0,0.0,0.0,0.0,0.0,0.0,0.0,0.0,0.0,0.0,0.0,0.0,0.0,0.0,0.0,0.0,0.0,0.0,0.0,0.0,0.0,0.0,0.0,0.0,0.0,202.93846130371094,2.566140621673114,198.37147957938058,5.232964136792949,197.23743329729353,4.076850677611887,0.07866008177514217
2025-02-05,190.1907106446792,191.86297206005932,187.16469209984552,190.4495086669922,70373900,0.0,0.0,199.84210510253905,195.47479400634765,46.115594542295405,2.778658060627521,3.098742646806364,4.491950707079384,-0.07292388316223952,0.0,0.0,0.0,0.58785,0.5386893622795115,2.0,3685.0,1.0,0.0,43856400.0,27838300.0,32001100.0,0.0,0.0,0.0,0.0,0.0,0.0,0.0,0.0,0.0,0.0,0.0,0.0,0.0,0.0,0.0,0.0,0.0,0.0,0.0,0.0,0.0,0.0,0.0,0.0,198.72791544596353,7.61372593054521,198.30322265625,5.3480960561245094,196.93738991873605,4.421891295934656,-0.0014094023361227448
2025-02-06,188.62796513064183,191.21600661155688,187.85155572408166,190.7183074951172,29297400,0.0,0.0,197.99664001464845,195.28118972778321,48.739192041872705,2.063484007807574,2.8916909190066065,4.6138643953629845,0.0014113915546771771,0.0,0.0,0.0,0.0,0.0,1.0,3701.0,0.0,0.0,70373900.0,43856400.0,27838300.0,0.0,0.0,0.0,0.0,0.0,0.0,0.0,0.0,0.0,0.58785,0.0,0.0,0.5386893622795115,0.0,0.0,2.0,0.0,0.0,3685.0,0.0,0.0,1.0,0.0,0.0,195.53269958496094,8.57261192693983,197.77708653041296,5.94391400730946,196.84425027029855,4.545392034218689,0.03377589399188419
2025-02-07,190.1708212328695,190.3002126652559,182.39676404459453,184.48709106445312,49315000,0.0,0.0,194.2778289794922,194.8526710510254,40.330252368430926,0.9825698750004221,2.5098667102053698,5.192921274493168,-0.032672355960497335,0.0,0.0,0.0,0.0,0.0,0.0,0.0,0.0,0.0,29297400.0,70373900.0,43856400.0,0.0,0.0,0.0,0.0,0.0,0.0,0.0,0.0,0.0,0.0,0.58785,0.0,0.0,0.5386893622795115,0.0,1.0,2.0,0.0,3701.0,3685.0,0.0,0.0,1.0,0.0,188.5516357421875,3.5225638078650054,196.34513201032365,7.78441176972897,196.0863276890346,5.617249665905444,-0.006060047046010708
2025-02-10,186.48786325604434,187.3339426329122,185.0047144350808,185.61190795898438,23105600,0.0,0.0,191.33941955566405,194.5754539489746,39.317388999914584,0.21423143347595897,2.050739654859488,5.537210885416692,0.0060969951232972,0.0,0.0,0.0,0.0,0.0,0.0,0.0,0.0,0.0,49315000.0,29297400.0,70373900.0,0.0,0.0,0.0,0.0,0.0,0.0,0.0,0.0,0.0,0.0,0.0,0.58785,0.0,0.0,0.5386893622795115,0.0,1.0,2.0,0.0,3701.0,3685.0,0.0,0.0,1.0,186.93910217285156,3.320858008473432,194.2974570138114,8.529068735756244,195.26299176897322,6.25921621935694,0.006205517268990102
2025-02-11,184.17851963260873,186.07973375626966,183.43197101543439,184.46719360351562,21239500,0.0,0.0,187.1468017578125,194.29226455688476,38.14289343551734,-0.4815007577099948,1.5442915723455914,5.908838385004233,-0.0061672463154772705,0.0,0.0,0.0,0.0,0.0,0.0,0.0,0.0,0.0,23105600.0,49315000.0,29297400.0,0.0,0.0,0.0,0.0,0.0,0.0,0.0,0.0,0.0,0.0,0.0,0.0,0.0,0.0,0.0,0.0,0.0,1.0,0.0,0.0,3701.0,0.0,0.0,0.0,184.85539754231772,0.6552327717211522,191.63832092285156,8.23057237816459,194.33513968331474,6.844388796584359,0.009313230738712486
2025-02-12,182.37685574217417,184.25815769470228,180.9932528796119,182.7650604248047,22072600,0.0,0.0,185.609912109375,193.99115676879882,37.24939295000455,-1.1568855968815228,1.0040561385001687,6.341719050041781,-0.009227294813024645,0.0,0.0,0.0,0.0,0.0,0.0,0.0,0.0,0.0,21239500.0,23105600.0,49315000.0,0.0,0.0,0.0,0.0,0.0,0.0,0.0,0.0,0.0,0.0,0.0,0.0,0.0,0.0,0.0,0.0,0.0,0.0,0.0,0.0,0.0,0.0,0.0,0.0,184.28138732910156,1.432490209191839,189.1327645438058,7.811858263844331,193.31343514578683,7.446074801514864,-0.013591914308589859
2025-02-13,183.47179995722882,185.42277188580212,182.2972222059454,185.28341674804688,21402500,0.0,0.0,184.52293395996094,193.52282180786133,37.58169297943686,-1.4719548599409507,0.5088539388119449,6.629814500918693,0.013779200014426785,0.0,0.0,0.0,0.8876,0.8876,1.0,4370.0,1.0,0.0,22072600.0,21239500.0,23105600.0,0.0,0.0,0.0,0.0,0.0,0.0,0.0,0.0,0.0,0.0,0.0,0.0,0.0,0.0,0.0,0.0,0.0,0.0,0.0,0.0,0.0,0.0,0.0,0.0,184.17189025878906,1.2848862563526777,186.25464085170202,3.092301979467344,192.3130602155413,7.521966312943214,0.004912784685664251
2025-02-14,184.20839337704305,185.54222335537645,183.47180841007437,184.3776092529297,20448400,0.0,0.0,184.50103759765625,193.1405891418457,43.307617206075456,-1.7742877310658969,0.052225604836376505,6.934261105304101,-0.00488876722490994,0.0,0.0,0.0,0.0,0.0,0.0,0.0,0.0,0.0,21402500.0,22072600.0,21239500.0,0.0,0.0,0.0,0.0,0.0,0.0,0.0,0.0,0.0,0.8876,0.0,0.0,0.8876,0.0,0.0,1.0,0.0,0.0,4370.0,0.0,0.0,1.0,0.0,0.0,184.14202880859375,1.2755991737313541,185.38722664969308,2.517719505273638,191.84522465297155,7.81284244808659,0.007944776699081002
2025-02-18,184.74589678490392,185.10424071494356,180.90365944170068,182.92431640625,29916700,0.0,0.0,183.96351928710936,192.5319046020508,37.76792472038643,-2.1068706038355174,-0.3795936368980023,7.279120718370845,-0.007882154739765945,0.0,0.0,0.0,0.0,0.0,0.0,0.0,0.0,0.0,20448400.0,21402500.0,22072600.0,0.0,0.0,0.0,0.0,0.0,0.0,0.0,0.0,0.0,0.0,0.8876,0.0,0.0,0.8876,0.0,0.0,1.0,0.0,0.0,4370.0,0.0,0.0,1.0,0.0,184.1951141357422,1.1900911547104263,184.2737993512835,1.080195236081339,191.02544294084822,8.120095154301346,-0.008096405248361749
2025-02-19,183.22295985171695,184.60656278663114,182.74515776459327,184.4174346923828,19549400,0.0,0.0,183.9535675048828,191.89584579467774,39.55074376332267,-2.2243221582075705,-0.7485393411599159,7.410013969887196,0.008162492092176565,0.0,0.0,0.0,0.0,0.0,0.0,0.0,0.0,0.0,29916700.0,20448400.0,21402500.0,0.0,0.0,0.0,0.0,0.0,0.0,0.0,0.0,0.0,0.0,0.0,0.8876,0.0,0.0,0.8876,0.0,0.0,1.0,0.0,0.0,4370.0,0.0,0.0,1.0,183.90645345052084,0.8507886909857093,184.26384844098772,1.0782219236867714,190.30449022565568,8.234116267067236,0.0038472010260752754
2025-02-20,183.9495638431953,184.45721138402692,181.87913406344907,183.71066284179688,20441500,0.0,0.0,184.14268798828124,191.20852279663086,31.3685963113857,-2.347374866571897,-1.0683064462423122,7.503960335377475,-0.0038324567943636145,0.0,0.0,0.0,0.0,0.0,0.0,0.0,0.0,0.0,19549400.0,29916700.0,20448400.0,0.0,0.0,0.0,0.0,0.0,0.0,0.0,0.0,0.0,0.0,0.0,0.0,0.0,0.0,0.0,0.0,0.0,0.0,0.0,0.0,0.0,0.0,0.0,0.0,183.68413798014322,0.7469124649621323,183.99224199567522,0.9080872310757612,189.1448495047433,7.908655985722949,0.027273599905802248
2025-02-21,184.29796286054517,184.48709094071828,178.255903940123,178.83323669433594,35199200,0.0,0.0,182.85265197753907,190.2967384338379,23.242649819749886,-2.8061154006539653,-1.4158682371246427,7.854115191989367,-0.026549499479304295,0.0,0.0,0.0,0.0,0.0,0.0,0.0,0.0,0.0,20441500.0,19549400.0,29916700.0,0.0,0.0,0.0,0.0,0.0,0.0,0.0,0.0,0.0,0.0,0.0,0.0,0.0,0.0,0.0,0.0,0.0,0.0,0.0,0.0,0.0,0.0,0.0,0.0,182.32044474283853,3.0406161534064884,183.18739100864954,2.113567103488864,187.41285596575057,7.249512890220588,0.0022872987870201644
2025-02-24,181.15252162389993,182.2773112476267,178.06678116700198,178.4251251220703,29854200,0.0,0.0,181.6621551513672,189.2535614013672,24.524940258863452,-3.1661048858203173,-1.7659155668637778,7.981463599091585,-0.0022820789905132477,0.0,0.0,0.0,0.0,0.0,0.0,0.0,0.0,0.0,35199200.0,20441500.0,19549400.0,0.0,0.0,0.0,0.0,0.0,0.0,0.0,0.0,0.0,0.0,0.0,0.0,0.0,0.0,0.0,0.0,0.0,0.0,0.0,0.0,0.0,0.0,0.0,0.0,180.32300821940103,2.9408828001705953,182.56740025111608,2.78726535281866,185.85008239746094,6.584526705286014,0.02183333113410746
2025-02-25,177.2206855678133,177.91747644578498,173.8861107726199,174.6127471923828,41913400,0.0,0.0,179.99984130859374,188.437833404541,12.984354759368557,-3.7161882787226546,-2.1559701092355534,8.610321942554503,-0.021366822229096027,0.0,0.0,0.0,0.0,0.0,0.0,0.0,0.0,0.0,29854200.0,35199200.0,20441500.0,0.0,0.0,0.0,0.0,0.0,0.0,0.0,0.0,0.0,0.0,0.0,0.0,0.0,0.0,0.0,0.0,0.0,0.0,0.0,0.0,0.0,0.0,0.0,0.0,177.29036966959634,2.327849943986595,181.0430188860212,3.7913647220057234,183.6488298688616,4.284894579275709,0.015573566736561073
2025-02-26,174.2643473971189,175.26969397988614,170.79040266509935,171.9351043701172,35431300,0.0,0.0,177.5033752441406,187.31452560424805,18.431941455373448,-4.318416708798679,-2.5884594291481786,9.234250977490097,-0.015334749984292295,0.0,0.0,0.0,0.0,0.0,1.0,1.0,0.0,0.0,41913400.0,29854200.0,35199200.0,0.0,0.0,0.0,0.0,0.0,0.0,0.0,0.0,0.0,0.0,0.0,0.0,0.0,0.0,0.0,0.0,0.0,0.0,0.0,0.0,0.0,0.0,0.0,0.0,174.9909922281901,3.2615018504570346,179.26551818847656,4.760334924091554,182.32637241908483,4.844995842465412,0.02510380733329831
2025-02-27,173.18931986196714,173.75668887755327,167.1671583548918,167.72457885742188,39991000,0.0,0.0,174.30615844726563,185.97521591186523,15.439918794243127,-5.076917750938833,-3.0861510935063095,10.042702150934549,-0.024489039211163632,0.0,0.0,0.0,0.0,0.0,0.0,0.0,0.0,0.0,35431300.0,41913400.0,29854200.0,0.0,0.0,0.0,0.0,0.0,0.0,0.0,0.0,0.0,0.0,0.0,0.0,0.0,0.0,0.0,1.0,0.0,0.0,1.0,0.0,0.0,0.0,0.0,0.0,171.42414347330728,3.472394927315335,177.09412711007255,6.093256289733388,180.68396323067802,5.617174837272855,-0.0104533487454892
2025-02-28,167.90374066525882,169.82486685567105,166.00254187779413,169.4963836669922,48130600,0.0,0.0,172.43878784179688,184.45275344848633,23.980700136501667,-5.471987782040856,-3.5633184312132187,10.121064497461509,0.01056377557565047,0.0,0.0,0.0,0.9563,0.9563,1.0,328.0,1.0,0.0,39991000.0,35431300.0,41913400.0,0.0,0.0,0.0,0.0,0.0,0.0,0.0,0.0,0.0,0.0,0.0,0.0,0.0,0.0,0.0,0.0,1.0,0.0,0.0,1.0,0.0,0.0,0.0,0.0,169.71868896484375,2.1140473049007324,174.9625483921596,5.701697261070426,179.61319841657365,6.2316260634852805,0.019579711344808848
2025-03-03,171.1387811939385,172.57215683074952,165.1663928329386,166.24142456054688,40770500,0.0,0.0,170.00204772949218,182.61076736450195,18.693705024439083,-5.978811606557571,-4.046417066282089,9.902312892671338,-0.01920370827993767,0.0,0.0,0.0,0.0,0.0,0.0,0.0,0.0,0.0,48130600.0,39991000.0,35431300.0,0.0,0.0,0.0,0.0,0.0,0.0,0.0,0.0,0.0,0.9563,0.0,0.0,0.9563,0.0,0.0,1.0,0.0,1.0,328.0,0.0,1.0,1.0,0.0,0.0,167.82079569498697,1.6296112898586446,172.4669429234096,5.016444255548914,178.2295924595424,6.910693095587872,-0.0228764163733971
2025-03-04,165.47501206571428,172.49255764172554,165.03703440152537,170.1334686279297,45388000,0.0,0.0,169.10619201660157,181.10224304199218,28.723478950994746,-5.997284744532351,-4.436590601932141,9.34761830494249,0.023411999010904072,0.0,0.0,0.0,0.0,0.0,0.0,0.0,0.0,0.0,40770500.0,48130600.0,39991000.0,0.0,0.0,0.0,0.0,0.0,0.0,0.0,0.0,0.0,0.0,0.9563,0.0,0.0,0.9563,0.0,0.0,1.0,0.0,0.0,328.0,0.0,0.0,1.0,0.0,168.6237589518229,2.0876080033759647,171.22411891392298,4.185120529809855,177.20575496128626,6.9769619559060905,-0.012137213031297112
2025-03-05,169.73529012314535,172.98028249678805,168.2820021982634,172.22378540039062,30954900,0.0,0.0,169.16392822265624,179.44191818237306,34.53113531296084,-5.776663959164921,-4.704605273378697,7.581214041240582,0.01228633489529507,0.0,0.0,0.0,0.9013,0.9013,1.0,1.0,1.0,0.0,45388000.0,40770500.0,48130600.0,0.0,0.0,0.0,0.0,0.0,0.0,0.0,0.0,0.0,0.0,0.0,0.9563,0.0,0.0,0.9563,0.0,0.0,1.0,0.0,0.0,328.0,0.0,0.0,1.0,169.53289286295572,3.036063033211499,170.33821323939733,2.850217644306881,176.4528067452567,6.899225625380372,0.003887344047292185
2025-03-06,169.7452527625135,174.00555581661285,169.71539203178713,171.556884765625,28302000,0.0,0.0,169.93038940429688,178.49728698730468,28.699467049812412,-5.5911820388251385,-4.881920626467986,7.3096240174573195,-0.0038722911194594145,0.0,0.0,0.0,0.0,0.0,0.0,0.0,0.0,0.0,30954900.0,45388000.0,40770500.0,0.0,0.0,0.0,0.0,0.0,0.0,0.0,0.0,0.0,0.9013,0.0,0.0,0.9013,0.0,0.0,1.0,0.0,0.0,1.0,0.0,0.0,1.0,0.0,0.0,171.3047129313151,1.0677307843395514,169.9016614641462,2.259126723824879,175.4723401750837,6.512255064136649,-0.008685064040477308
2025-03-07,170.4718800246714,174.1648138078256,169.48644558654738,173.05992126464844,27385800,0.0,0.0,170.64309692382812,177.61436767578124,32.75706231500915,-5.262243924234269,-4.957985286021243,6.804805329175411,0.008761155234759732,0.0,0.0,0.0,0.0,0.0,0.0,0.0,0.0,0.0,28302000.0,30954900.0,45388000.0,0.0,0.0,0.0,0.0,0.0,0.0,0.0,0.0,0.0,0.0,0.9013,0.0,0.0,0.9013,0.0,0.0,1.0,0.0,0.0,1.0,0.0,0.0,1.0,0.0,172.2801971435547,0.7531045033250248,170.0623495919364,2.4590272982263337,174.66393389020647,6.004419627468224,0.04696445843557595
2025-03-10,167.6785854184163,167.87790649910283,163.1243845987229,165.29684448242188,43604000,0.2,0.0,170.4541809082031,176.65485534667968,27.47467145029833,-5.563837065809537,-5.079155641978902,7.12990702101955,-0.04485773901604306,0.0,0.0,0.0,0.0,0.0,0.0,0.0,0.0,0.0,27385800.0,28302000.0,30954900.0,0.0,0.0,0.0,0.0,0.0,0.0,0.0,0.0,0.0,0.0,0.0,0.9013,0.0,0.0,0.9013,0.0,0.0,1.0,0.0,0.0,1.0,0.0,0.0,1.0,169.9712168375651,4.117292479925188,169.7155303955078,2.963212602821229,173.40482875279017,5.987187088457839,0.011155866166195683
2025-03-11,164.34016388069963,166.17380218640486,160.81238769070245,163.47315979003906,39587400,0.0,0.0,169.122119140625,175.54791793823242,23.46049674318745,-5.882201558848493,-5.23976482535282,7.380265314597808,-0.01103278588343981,0.0,0.0,0.0,0.0,0.0,0.0,0.0,0.0,0.0,43604000.0,27385800.0,28302000.0,0.0,0.0,0.0,0.0,0.0,0.0,0.0,0.0,0.0,0.0,0.0,0.0,0.0,0.0,0.0,0.0,0.0,0.0,0.0,0.0,0.0,0.0,0.0,0.0,167.27664184570312,5.0907953300549025,168.85506984165735,3.7951765991274122,171.9088091169085,5.629802785931465,-0.018371196746014617
2025-03-12,166.0043948548276,167.06072965689114,162.96493090148982,166.53256225585938,28372400,0.0,0.0,167.98387451171874,174.65118637084962,29.457590945883908,-5.8205438959064395,-5.355920639463545,7.328885230700492,0.01871501394938302,0.0,0.0,0.0,0.0,0.0,0.0,0.0,0.0,0.0,39587400.0,43604000.0,27385800.0,0.0,0.0,0.0,0.0,0.0,0.0,0.0,0.0,0.0,0.0,0.0,0.0,0.0,0.0,0.0,0.0,0.0,0.0,0.0,0.0,0.0,0.0,0.0,0.0,165.1008555094401,1.5390888928577562,168.89666094098772,3.7632207749302395,170.68180193219865,4.645704868593264,0.026726514873636642
2025-03-13,165.46625097868807,165.5559515451144,161.54983818219623,162.1975860595703,31756200,0.0,0.0,166.1120147705078,173.6228126525879,29.844790127619802,-6.051715692497339,-5.495079650070304,7.569484353682481,-0.026030802250125995,0.0,0.0,0.0,0.3552,0.3552,1.0,2462.0,1.0,0.0,28372400.0,39587400.0,43604000.0,0.0,0.0,0.0,0.0,0.0,0.0,0.0,0.0,0.0,0.0,0.0,0.0,0.0,0.0,0.0,0.0,0.0,0.0,0.0,0.0,0.0,0.0,0.0,0.0,164.0677693684896,2.227818455056498,167.7629634312221,4.459484355692911,169.49354117257255,4.526350184205644,-0.016496460609640384
2025-03-14,162.70582188820455,165.91469633780176,161.88864811378173,164.91815185546875,31995900,0.0,0.0,164.48366088867186,172.60454940795898,34.50371042086448,-5.9468425842561885,-5.585432236907481,7.282672316232817,0.016773158355755324,0.0,0.0,0.0,0.0,0.0,0.0,0.0,0.0,0.0,31756200.0,28372400.0,39587400.0,0.0,0.0,0.0,0.0,0.0,0.0,0.0,0.0,0.0,0.3552,0.0,0.0,0.3552,0.0,0.0,1.0,0.0,0.0,2462.0,0.0,0.0,1.0,0.0,0.0,164.54943339029947,2.1908833002967407,166.71930149623327,4.080265778335446,168.5287573678153,3.8677332296836933,0.007304115071197215
2025-03-17,164.4597537744784,165.72536967150563,163.10445251309577,163.72230529785156,31184300,0.0,0.0,164.16875305175782,171.57178421020507,36.70755564561428,-5.892301924740337,-5.646806174474053,6.983688696908756,-0.007251151823876922,0.0,0.0,0.0,0.0,0.0,0.0,0.0,0.0,0.0,31995900.0,31756200.0,28372400.0,0.0,0.0,0.0,0.0,0.0,0.0,0.0,0.0,0.0,0.0,0.3552,0.0,0.0,0.3552,0.0,0.0,1.0,0.0,0.0,2462.0,0.0,0.0,1.0,0.0,163.61268107096353,1.363591825216391,165.6000758579799,3.575437620084305,167.75086866106307,3.63833416998358,0.0225306967771004
2025-03-18,163.11440067725707,163.68243835584954,156.17845929337233,160.11480712890625,42074800,0.0,0.0,163.49708251953126,170.4313087463379,35.892828070441254,-6.070199530622546,-5.7314848457037515,6.894066477764142,-0.022034249776671455,0.0,0.0,0.0,0.0,0.0,0.0,0.0,0.0,0.0,31184300.0,31995900.0,31756200.0,0.0,0.0,0.0,0.0,0.0,0.0,0.0,0.0,0.0,0.0,0.0,0.3552,0.0,0.0,0.3552,0.0,0.0,1.0,0.0,0.0,2462.0,0.0,0.0,1.0,162.91842142740884,2.500540361286051,163.75077383858817,2.129240039582364,166.90656171526228,3.950743163915118,-0.019647258207067142
2025-03-19,161.20102488744715,165.29682318848322,160.44365657902026,163.32366943359375,34275600,0.0,0.0,162.8553039550781,169.37662048339843,44.61899086628841,-5.884424313995368,-5.7620727393620745,6.2226004480212875,0.020041009087336192,0.0,0.0,0.0,0.0,0.0,0.0,0.0,0.0,0.0,42074800.0,31184300.0,31995900.0,0.0,0.0,0.0,0.0,0.0,0.0,0.0,0.0,0.0,0.0,0.0,0.0,0.0,0.0,0.0,0.0,0.0,0.0,0.0,0.0,0.0,0.0,0.0,0.0,162.38692728678384,1.9777828867058593,163.46889168875558,2.0181616960841073,166.5922110421317,4.054374335979992,0.006695294276650499
2025-03-20,161.01169658179438,164.3202162999389,160.40380384962694,162.23744201660156,28138500,0.0,0.0,162.86327514648437,168.30295944213867,40.973126702066615,-5.758465584215685,-5.761351308332797,5.4199558582229,-0.006650765444832452,0.0,0.0,0.0,0.0,0.0,0.0,0.0,0.0,0.0,34275600.0,42074800.0,31184300.0,0.0,0.0,0.0,0.0,0.0,0.0,0.0,0.0,0.0,0.0,0.0,0.0,0.0,0.0,0.0,0.0,0.0,0.0,0.0,0.0,0.0,0.0,0.0,0.0,161.89197285970053,1.6320879346381996,163.29236057826452,2.0710773056877136,166.07371520996094,4.1180599425001825,-0.0072566001177205575
2025-03-21,160.65294731947398,163.67247597151626,160.33404577702316,163.42333984375,36625800,0.0,0.0,162.56431274414064,167.53246459960937,46.30544355242027,-5.499554894225838,-5.708992025511406,4.916102494360844,0.007309643275977384,0.0,0.0,0.0,0.0,0.0,0.0,0.0,0.0,0.0,28138500.0,34275600.0,42074800.0,0.0,0.0,0.0,0.0,0.0,0.0,0.0,0.0,0.0,0.0,0.0,0.0,0.0,0.0,0.0,0.0,0.0,0.0,0.0,0.0,0.0,0.0,0.0,0.0,162.99481709798178,0.657796555243436,162.84818594796317,1.5206017546728128,165.87242344447546,4.177674508420016,-0.02200627242638986
2025-03-24,166.49272355185173,167.73840437615397,164.5693844519754,167.10060119628906,30879100,0.0,0.0,163.23997192382814,166.96623840332032,46.00134065193023,-4.940688862330688,-5.555331392875262,4.1947173645483415,0.022501445363036332,0.0,0.0,0.0,0.9966,0.9966,1.0,10142.0,1.0,0.0,36625800.0,28138500.0,34275600.0,0.0,0.0,0.0,0.0,0.0,0.0,0.0,0.0,0.0,0.0,0.0,0.0,0.0,0.0,0.0,0.0,0.0,0.0,0.0,0.0,0.0,0.0,0.0,0.0,164.25379435221353,2.5357090368807307,163.54861668178015,2.1640591072169957,165.6557900565011,4.015196422684019,-0.01688542125351067
2025-03-25,168.3960847024039,170.04039224469534,167.7383768915496,169.9706268310547,24174400,0.0,0.0,165.2111358642578,166.7341323852539,47.089187792263,-4.217578799669894,-5.287780874234189,3.8648021035430493,0.017175435720870214,0.0,0.0,0.0,0.0,0.0,0.0,0.0,0.0,0.0,30879100.0,36625800.0,28138500.0,0.0,0.0,0.0,0.0,0.0,0.0,0.0,0.0,0.0,0.9966,0.0,0.0,0.9966,0.0,0.0,1.0,0.0,0.0,10142.0,0.0,0.0,1.0,0.0,0.0,166.8315226236979,3.2819269008018317,164.27039882114954,3.2613573985279376,165.4948501586914,3.769309878778427,0.033321171915417835
2025-03-26,168.41602720143118,169.0239199788623,164.27039826701778,164.48963928222656,28901600,0.0,0.0,165.44432983398437,166.3618591308594,41.87996786763316,-4.040205776697803,-5.038265854726912,3.692190213459232,-0.03224667491681399,0.0,0.0,0.0,0.0,0.0,0.0,0.0,0.0,0.0,24174400.0,30879100.0,36625800.0,0.0,0.0,0.0,0.0,0.0,0.0,0.0,0.0,0.0,0.0,0.9966,0.0,0.0,0.9966,0.0,0.0,1.0,0.0,0.0,10142.0,0.0,0.0,1.0,0.0,167.18695576985678,2.7415139908247648,164.38001796177454,3.2527490389707228,164.99004690987724,3.3442795862102215,0.01738156958295156
2025-03-27,164.06113851285755,164.84840203770966,161.44022141043914,161.6793975830078,24508300,0.0,0.0,165.3327209472656,166.05960006713866,37.305480419196215,-4.079374902492674,-4.8464876642800645,3.819991272632888,-0.017084612207076577,0.0,0.0,0.0,0.0,0.0,0.0,0.0,0.0,0.0,28901600.0,24174400.0,30879100.0,0.0,0.0,0.0,0.0,0.0,0.0,0.0,0.0,0.0,0.0,0.0,0.9966,0.0,0.0,0.9966,0.0,0.0,1.0,0.0,0.0,10142.0,0.0,0.0,1.0,165.37988789876303,4.216696285049969,164.60353088378906,2.950533247295876,164.1771523611886,2.5112215624048213,0.05125385669647908
2025-03-28,159.9354404969839,161.26084657481337,153.0991442674789,153.79672241210938,48669300,0.0,0.0,163.4073974609375,165.27461700439454,37.206208877390964,-4.692391753685797,-4.815668482161211,4.608327998143123,-0.048754976136346606,0.0,0.0,0.0,0.0,0.0,0.0,0.0,0.0,0.0,24508300.0,28901600.0,24174400.0,0.0,0.0,0.0,0.0,0.0,0.0,0.0,0.0,0.0,0.0,0.0,0.0,0.0,0.0,0.0,0.0,0.0,0.0,0.0,0.0,0.0,0.0,0.0,0.0,159.98858642578125,5.543351835745533,163.24253845214844,5.073079930367468,163.35571507045202,3.7110440675423924,-0.0020046600474401544
2025-03-31,152.58093987828155,155.00253588696825,150.13940872047658,154.10565185546875,54603500,0.0,0.0,160.80840759277345,164.66782836914064,39.21524536845586,-5.094557117359017,-4.871446209200772,5.231203285753791,0.00200868678157895,0.0,0.0,0.0,0.0,0.0,0.0,0.0,0.0,0.0,48669300.0,24508300.0,28901600.0,0.0,0.0,0.0,0.0,0.0,0.0,0.0,0.0,0.0,0.0,0.0,0.0,0.0,0.0,0.0,0.0,0.0,0.0,0.0,0.0,0.0,0.0,0.0,0.0,156.52725728352866,4.464557268014823,162.08085414341517,6.156876165219958,162.68660736083984,4.457629840779423,-0.015470790599102946
2025-04-01,153.0891615011919,157.55369181763876,153.0891615011919,156.52725219726562,30672900,0.0,0.0,158.11973266601564,163.9875175476074,38.3092579848024,-5.15841021414073,-4.928839010188764,5.3659921788908695,0.01571389700922854,0.0,0.0,0.0,0.0,0.0,0.0,0.0,0.0,0.0,54603500.0,48669300.0,24508300.0,0.0,0.0,0.0,0.0,0.0,0.0,0.0,0.0,0.0,0.0,0.0,0.0,0.0,0.0,0.0,0.0,0.0,0.0,0.0,0.0,0.0,0.0,0.0,0.0,154.80987548828125,1.4952914166366627,161.095698765346,6.450959277131133,161.97194235665458,4.59357303018967,0.00019120125184657333
2025-04-02,154.61386135810304,157.86260591341835,154.16541940835015,156.49732971191406,25041700,0.0,0.0,156.52127075195312,163.2011947631836,42.594480968213354,-5.152039246471929,-4.973479057445397,5.246474026276763,-0.00019116470091640192,0.0,0.0,0.0,0.0,0.0,0.0,0.0,0.0,0.0,30672900.0,54603500.0,48669300.0,0.0,0.0,0.0,0.0,0.0,0.0,0.0,0.0,0.0,0.0,0.0,0.0,0.0,0.0,0.0,0.0,0.0,0.0,0.0,0.0,0.0,0.0,0.0,0.0,155.71007792154947,1.389554277430052,159.58094569614954,6.037577608792592,161.56478118896484,4.81912389808771,0.04193203340331886
2025-04-03,150.5878246808448,152.2520520017812,149.87031149736717,150.1991729736328,46883400,0.0,0.0,154.22522583007813,162.133309173584,32.50412175360891,-5.590752111363855,-5.096933668229089,5.616759353226543,-0.04024449969769528,0.0,0.0,0.0,0.0,0.0,0.0,0.0,0.0,0.0,25041700.0,30672900.0,54603500.0,0.0,0.0,0.0,0.0,0.0,0.0,0.0,0.0,0.0,0.0,0.0,0.0,0.0,0.0,0.0,0.0,0.0,0.0,0.0,0.0,0.0,0.0,0.0,0.0,154.40791829427084,3.644911071518596,156.75645228794642,4.880947731302487,160.51342555454798,5.577209743395494,0.03516463755130639
2025-04-04,147.49855413182192,150.54799324363788,144.8776522919314,145.09689331054688,62259500,0.0,0.0,152.48526000976562,160.73515777587892,29.742024418408974,-6.277780202435764,-5.333102975070424,6.203410751398443,-0.03397009159285869,0.0,0.0,0.0,0.0,0.0,0.0,0.0,0.0,0.0,46883400.0,25041700.0,30672900.0,0.0,0.0,0.0,0.0,0.0,0.0,0.0,0.0,0.0,0.0,0.0,0.0,0.0,0.0,0.0,0.0,0.0,0.0,0.0,0.0,0.0,0.0,0.0,0.0,150.5977986653646,5.7106623404809715,153.9860600062779,5.249754363029769,159.18303898402624,6.8329633735114035,-0.007836355241844006
2025-04-07,141.06087632952463,152.3218321659185,140.04439668677543,146.24290466308594,76794100,0.0,0.0,150.91271057128907,159.7824607849121,34.058611683829525,-6.653088710595114,-5.5971001221753625,6.89098410818311,0.007898248724638623,0.0,0.0,0.0,0.0,0.0,0.0,0.0,0.0,0.0,62259500.0,46883400.0,25041700.0,0.0,0.0,0.0,0.0,0.0,0.0,0.0,0.0,0.0,0.0,0.0,0.0,0.0,0.0,0.0,0.0,0.0,0.0,0.0,0.0,0.0,0.0,0.0,0.0,147.17965698242188,2.6770213149921367,151.78084673200334,4.69197502367827,158.1921888078962,7.644988088713237,0.014167290104324826
2025-04-08,150.69745588802078,151.7139355045659,142.5357542501846,144.19998168945312,52200200,0.0,0.0,148.44725646972657,158.8188018798828,27.418198198198198,-7.034283377726609,-5.884536773285612,7.65316310084487,-0.013969381819509796,0.0,0.0,0.0,0.0,0.0,0.0,0.0,0.0,0.0,76794100.0,62259500.0,46883400.0,0.0,0.0,0.0,0.0,0.0,0.0,0.0,0.0,0.0,0.0,0.0,0.0,0.0,0.0,0.0,0.0,0.0,0.0,0.0,0.0,0.0,0.0,0.0,0.0,145.17992655436197,1.0239894817496997,150.4098837716239,5.359365038595459,156.82621111188615,8.334927405456174,-0.08827442078500736
2025-04-09,143.9209744743003,158.99869967955883,143.4127421842368,158.16160583496094,70406200,0.0,0.0,148.78011169433594,158.4002540588379,46.30935873253082,-6.139029599595688,-5.935435338547627,7.434887056969578,0.0968212615697508,0.0,0.0,0.0,0.0,0.0,0.0,0.0,0.0,0.0,52200200.0,76794100.0,62259500.0,0.0,0.0,0.0,0.0,0.0,0.0,0.0,0.0,0.0,0.0,0.0,0.0,0.0,0.0,0.0,0.0,0.0,0.0,0.0,0.0,0.0,0.0,0.0,0.0,149.53483072916666,7.5405119264884455,150.9893057686942,6.005790899406349,156.5350799560547,8.201493528942176,0.03854225656082533
2025-04-10,155.99906254121734,157.17499290712513,149.41190307502956,152.29193115234375,48022000,0.0,0.0,149.19866333007812,157.90497131347655,40.70869880415451,-5.835895650105357,-5.915527400859173,7.498277500084312,-0.03711188092476814,0.0,0.0,0.0,0.0,0.0,0.0,0.0,0.0,0.0,70406200.0,52200200.0,76794100.0,0.0,0.0,0.0,0.0,0.0,0.0,0.0,0.0,0.0,0.0,0.0,0.0,0.0,0.0,0.0,0.0,0.0,0.0,0.0,0.0,0.0,0.0,0.0,0.0,151.5511728922526,7.010226764879176,150.38425990513392,5.551014392728513,155.73997933523995,8.019898555360559,-0.02749148327026052
2025-04-11,152.37166086891528,157.12518279409443,152.29195068350106,156.59701538085938,33636200,0.0,0.0,151.49868774414062,157.4889144897461,41.32367239632529,-5.188466085693136,-5.770115137825966,7.317330278515728,0.028268629834426795,0.0,0.0,0.0,0.0,0.0,0.0,0.0,0.0,0.0,48022000.0,70406200.0,52200200.0,0.0,0.0,0.0,0.0,0.0,0.0,0.0,0.0,0.0,0.0,0.0,0.0,0.0,0.0,0.0,0.0,0.0,0.0,0.0,0.0,0.0,0.0,0.0,0.0,155.6835174560547,3.0395935688687614,150.39850071498327,5.569408305849736,154.9897232055664,7.33765026825415,-0.01213298296846721
2025-04-14,159.44711904636745,161.16117679260088,157.0155480479404,158.5203399658203,30333000,0.0,0.0,153.9541748046875,157.22881622314452,40.391384070107506,-4.468665279610377,-5.509825166182848,7.1751720356163124,0.012282000268544202,0.0,0.0,0.0,0.0,0.0,0.0,0.0,0.0,0.0,33636200.0,48022000.0,70406200.0,0.0,0.0,0.0,0.0,0.0,0.0,0.0,0.0,0.0,0.0,0.0,0.0,0.0,0.0,0.0,0.0,0.0,0.0,0.0,0.0,0.0,0.0,0.0,0.0,155.80309549967447,3.1892006318599377,151.58723885672433,6.3527252150050035,154.17184557233537,6.0676145149105745,0.01765718587436882
2025-04-15,158.58014524074957,159.09833747842598,154.6736922783896,155.76988220214844,27551500,0.0,0.0,156.26815490722657,157.01156997680664,42.33130036350832,-4.073203554800159,-5.22250084390631,7.148921182548928,-0.017350819234080106,0.0,0.0,0.0,0.0,0.0,0.0,0.0,0.0,0.0,30333000.0,33636200.0,48022000.0,0.0,0.0,0.0,0.0,0.0,0.0,0.0,0.0,0.0,0.0,0.0,0.0,0.0,0.0,0.0,0.0,0.0,0.0,0.0,0.0,0.0,0.0,0.0,0.0,156.96241251627603,1.4111664598360112,153.11195155552454,5.791364034681535,153.54900578090124,5.329692869412308,0.019435363465882594
2025-04-16,152.57095468390108,155.35130688675565,150.9864375213095,152.80015563964844,28187400,0.0,0.0,155.19586486816405,156.4853942871094,42.212883969549004,-3.953851860236,-4.968771047172249,7.046427244953063,-0.019064831535572924,0.0,0.0,0.0,0.0,0.0,0.0,0.0,0.0,0.0,27551500.0,30333000.0,33636200.0,0.0,0.0,0.0,0.0,0.0,0.0,0.0,0.0,0.0,0.0,0.0,0.0,0.0,0.0,0.0,0.0,0.0,0.0,0.0,0.0,0.0,0.0,0.0,0.0,155.69679260253906,2.8607925035776565,154.0487016950335,4.966727460625051,152.91477421351843,4.788601443595158,0.014355578650735001
2025-04-17,153.75683862644127,154.14549035907424,147.98685287180376,150.63766479492188,33046600,0.0,0.0,154.8650115966797,155.9054054260254,46.92052859955389,-3.9877909491427204,-4.772575027566344,7.02541531644302,-0.014152412578861573,0.0,0.0,0.0,0.0,0.0,1.0,9012.0,0.0,0.0,28187400.0,27551500.0,30333000.0,0.0,0.0,0.0,0.0,0.0,0.0,0.0,0.0,0.0,0.0,0.0,0.0,0.0,0.0,0.0,0.0,0.0,0.0,0.0,0.0,0.0,0.0,0.0,0.0,153.0692342122396,2.5766676808297437,154.96837071010046,3.0748343942789518,152.68912724086218,4.818184401940371,0.02363364077351293
2025-04-21,148.3655699603778,148.43532017759705,145.59517709463205,147.1597442626953,26049100,0.0,0.0,152.97755737304686,155.09222564697265,43.6230674423094,-4.246377446450765,-4.667335511343228,7.050624351655886,-0.023087987569120894,0.0,0.0,0.0,0.0,0.0,0.0,0.0,0.0,0.0,33046600.0,28187400.0,27551500.0,0.0,0.0,0.0,0.0,0.0,0.0,0.0,0.0,0.0,0.0,0.0,0.0,0.0,0.0,0.0,1.0,0.0,0.0,9012.0,0.0,0.0,0.0,0.0,0.0,150.19918823242188,2.845655706021642,153.39667619977678,3.8775845210957693,152.19299098423548,5.014710127735897,-0.02508734956688119
2025-04-22,148.37550764431742,151.66410748339032,148.02671099242252,150.94659423828125,26971800,0.0,0.0,151.46280822753906,154.28452529907227,45.00177934873103,-4.098497040916584,-4.5535678172579,6.506888457701602,0.02573292033469432,0.0,0.0,0.0,0.0,0.0,0.0,0.0,0.0,0.0,26049100.0,33046600.0,28187400.0,0.0,0.0,0.0,0.0,0.0,0.0,0.0,0.0,0.0,0.0,0.0,0.0,0.0,0.0,0.0,0.0,1.0,0.0,0.0,9012.0,0.0,0.0,0.0,0.0,149.58133443196616,2.1028394045140497,153.20448521205358,3.9736181807292708,151.79437255859375,4.863191901682815,-0.024975859556978897
2025-04-23,155.0722827287534,156.98564625118482,153.2784996745797,154.8131866455078,31128800,0.0,0.0,151.27146911621094,153.52665328979492,48.588622949595425,-3.62748368738977,-4.368350991284274,5.366517308945728,0.0256156319838714,0.0,0.0,0.0,0.0,0.0,0.0,0.0,0.0,0.0,26971800.0,26049100.0,33046600.0,0.0,0.0,0.0,0.0,0.0,0.0,0.0,0.0,0.0,0.0,0.0,0.0,0.0,0.0,0.0,0.0,0.0,1.0,0.0,0.0,9012.0,0.0,0.0,0.0,150.97317504882812,3.8267904282017264,152.94965253557478,3.771868020447879,151.674076625279,4.757593914244148,-0.02467348483340981
2025-04-24,155.61041000027018,159.03852534598082,155.2516533895316,158.72959899902344,45894000,0.0,0.0,152.45735778808594,153.23865127563477,57.44607340665617,-2.904696927082483,-4.075620178443915,4.879685772329309,0.02529766642219866,0.0,0.0,0.0,0.0,0.0,0.0,0.0,0.0,0.0,31128800.0,26971800.0,26049100.0,0.0,0.0,0.0,0.0,0.0,0.0,0.0,0.0,0.0,0.0,0.0,0.0,0.0,0.0,0.0,0.0,0.0,0.0,0.0,0.0,0.0,0.0,0.0,0.0,154.82979329427084,3.891528955567897,152.97954668317522,3.823848350298345,152.28339276994978,5.08889006315694,-0.01654742967500744
2025-04-25,164.49961422965615,165.52605388757996,160.4835257508864,161.40036010742188,56034000,0.0,0.0,154.60989685058593,153.22469940185547,64.86190550375002,-2.092256876290463,-3.678947518013225,4.85461652900775,0.01682585431602379,0.0,0.0,0.0,0.43510000000000004,0.6677853766617431,2.0,4062.0,1.0,0.0,45894000.0,31128800.0,26971800.0,0.0,0.0,0.0,0.0,0.0,0.0,0.0,0.0,0.0,0.0,0.0,0.0,0.0,0.0,0.0,0.0,0.0,0.0,0.0,0.0,0.0,0.0,0.0,0.0,158.31438191731772,3.313158232418724,153.78390066964286,4.93838918246931,153.4479261125837,5.1824097100800435,0.008405561251801252
2025-04-28,161.86871096281394,162.58622419769722,158.05195902405725,160.0550079345703,29745800,0.0,0.0,157.18894958496094,153.53761367797853,62.5452365271652,-1.539207928617742,-3.250999600134129,5.089443815514904,-0.008335496723527402,0.0,0.0,0.0,0.0,0.0,0.0,0.0,0.0,0.0,56034000.0,45894000.0,31128800.0,0.0,0.0,0.0,0.0,0.0,0.0,0.0,0.0,0.0,0.43510000000000004,0.0,0.0,0.6677853766617431,0.0,0.0,2.0,0.0,0.0,4062.0,0.0,0.0,1.0,0.0,0.0,160.06165568033853,1.335392964235268,154.820308140346,5.433939259138807,154.43450491768974,5.017356667025094,0.0028095664072684823
2025-04-29,159.76603342291708,160.18458031932272,156.97570557414937,159.60658264160156,26809000,0.0,0.0,158.920947265625,153.81266021728516,64.41089550232115,-1.124138458186593,-2.8256273717446216,5.267292491399001,-0.002801694859507653,0.0,0.0,0.0,0.0,0.0,0.0,0.0,0.0,0.0,29745800.0,56034000.0,45894000.0,0.0,0.0,0.0,0.0,0.0,0.0,0.0,0.0,0.0,0.0,0.43510000000000004,0.0,0.0,0.6677853766617431,0.0,0.0,2.0,0.0,0.0,4062.0,0.0,0.0,1.0,0.0,160.3539835611979,0.9335144445652885,156.10158211844308,5.339919669023827,155.53497641427177,4.227298465192557,0.008564330588058944
2025-04-30,157.43409270690867,158.7196436016194,154.86300612354924,158.2512664794922,34981100,0.0,0.0,159.6085632324219,153.89886093139648,50.10974807996892,-0.8942472739636287,-2.439351352188423,5.32781498750157,-0.00849160566987861,0.0,0.0,0.0,0.0,0.0,0.0,0.0,0.0,0.0,26809000.0,29745800.0,56034000.0,0.0,0.0,0.0,0.0,0.0,0.0,0.0,0.0,0.0,0.0,0.0,0.43510000000000004,0.0,0.0,0.6677853766617431,0.0,0.0,2.0,0.0,0.0,4062.0,0.0,0.0,1.0,159.30428568522134,0.9390997798807639,157.6860852922712,3.609676321784672,155.541380746024,4.231649573501713,-0.015499084003508856
2025-05-01,159.8955611021286,161.39037784388623,158.36088927125815,160.7426300048828,30203200,0.0,0.0,160.01116943359375,154.11112594604492,61.27659643783146,-0.5052009962767272,-2.052521281006084,5.517964177784234,0.015743087438187864,0.0,0.0,0.0,0.0,0.0,0.0,0.0,0.0,0.0,34981100.0,26809000.0,29745800.0,0.0,0.0,0.0,0.0,0.0,0.0,0.0,0.0,0.0,0.0,0.0,0.0,0.0,0.0,0.0,0.0,0.0,0.0,0.0,0.0,0.0,0.0,0.0,0.0,159.5334930419922,1.247288908430088,159.08551897321428,2.1752931760337035,156.14500209263392,4.333964293254543,-0.016643292592995018
2025-05-02,162.84534306658284,164.39995007912242,161.3106559960053,163.46319580078125,25715000,0.0,0.0,160.42373657226562,154.77432708740236,59.56677364873484,0.022389808948787504,-1.63753906301511,5.8122908071486945,0.016924979987050115,0.0,0.0,0.0,0.0,0.0,0.0,0.0,0.0,0.0,30203200.0,34981100.0,26809000.0,0.0,0.0,0.0,0.0,0.0,0.0,0.0,0.0,0.0,0.0,0.0,0.0,0.0,0.0,0.0,0.0,0.0,0.0,0.0,0.0,0.0,0.0,0.0,0.0,160.81903076171875,2.6068044842804854,160.32123456682478,1.7613291430241251,156.63544355119978,4.756909048426146,-0.0010961836844304296
2025-05-05,162.436752596043,164.81849332954616,162.15772135408076,163.642578125,21341800,0.0,0.0,161.14125061035156,155.701611328125,57.501458097300336,0.44979897498683385,-1.2200714554147214,5.664607548114766,0.001097386621740748,0.0,0.0,0.0,0.0,0.0,0.0,0.0,0.0,0.0,25715000.0,30203200.0,34981100.0,0.0,0.0,0.0,0.0,0.0,0.0,0.0,0.0,0.0,0.0,0.0,0.0,0.0,0.0,0.0,0.0,0.0,0.0,0.0,0.0,0.0,0.0,0.0,0.0,162.6161346435547,1.6249797623070068,161.02308872767858,1.9859299462880784,157.00131770542689,5.097807929524807,0.0060039538575906715
2025-05-06,161.6096046923827,164.2305213492823,160.6329954310148,162.6659393310547,21277200,0.0,0.0,161.75312194824218,156.52276306152345,60.65265107087499,0.7016292841892096,-0.8357313074939352,5.4057314816429525,-0.00596812153130033,0.0,0.0,0.0,0.0,0.0,0.0,0.0,0.0,0.0,21341800.0,25715000.0,30203200.0,0.0,0.0,0.0,0.0,0.0,0.0,0.0,0.0,0.0,0.0,0.0,0.0,0.0,0.0,0.0,0.0,0.0,0.0,0.0,0.0,0.0,0.0,0.0,0.0,163.25723775227866,0.5198748616446814,161.2038857596261,2.0813184104110087,157.49389321463448,5.298868310477951,0.07827961174358045
2025-05-07,163.5130310359637,164.42985019413678,147.32914212449143,150.85691833496094,127490100,0.0,0.0,160.27425231933594,156.85560989379883,47.64210819433685,-0.05109370725440954,-0.6788037874460301,4.775220246380742,-0.07259676515352276,0.0,0.0,0.0,0.6925666666666667,0.7371042793272301,3.0,4697.0,1.0,0.0,21277200.0,21341800.0,25715000.0,0.0,0.0,0.0,0.0,0.0,0.0,0.0,0.0,0.0,0.0,0.0,0.0,0.0,0.0,0.0,0.0,0.0,0.0,0.0,0.0,0.0,0.0,0.0,0.0,159.05514526367188,7.116645938533354,159.88987295968192,4.465510891158939,157.35509055001395,5.454444951300222,-0.018796926068355146
2025-05-08,154.46440047734652,155.39117958130052,152.37165090458322,153.74688720703125,57498700,0.0,0.0,158.87510375976564,156.63487396240234,53.70723056053655,-0.4097128508442154,-0.6249856001256672,4.8135547863580985,0.019157019140835452,0.0,0.0,0.0,0.8109,0.787625,2.0,1024.0,1.0,0.0,127490100.0,21277200.0,21341800.0,0.0,0.0,0.0,0.0,0.0,0.0,0.0,0.0,0.0,0.6925666666666667,0.0,0.0,0.7371042793272301,0.0,0.0,3.0,0.0,0.0,4697.0,0.0,0.0,1.0,0.0,0.0,155.75658162434897,6.155680137872382,159.05277361188615,5.039768487419944,157.57717786516463,5.2180707470759256,0.010016407325076804
2025-05-09,153.63725929306102,154.51422329361623,151.674065468403,152.22216796875,32435300,0.0,0.0,156.62689819335938,156.63138580322266,56.33097844111504,-0.8076431977265202,-0.6615171196458378,4.816891673738174,-0.009917073873685012,0.0,0.0,0.0,0.0,0.0,0.0,0.0,0.0,0.0,57498700.0,127490100.0,21277200.0,0.0,0.0,0.0,0.0,0.0,0.0,0.0,0.0,0.0,0.8109,0.6925666666666667,0.0,0.787625,0.7371042793272301,0.0,2.0,3.0,0.0,1024.0,4697.0,0.0,1.0,1.0,0.0,152.27532450358072,1.44571754962099,158.19147382463728,5.6747613304424345,157.93877955845423,4.576613102115732,-0.036034473445666126
2025-05-12,156.94581087118723,158.5502482480448,155.7100901217978,157.91246032714844,44138800,0.0,0.0,155.48087463378906,156.6971580505371,58.31550370624304,-0.6562816209930986,-0.6604700199152901,4.825371070397848,0.03738149596953977,0.0,0.0,0.0,0.0,0.0,0.0,0.0,0.0,0.0,32435300.0,57498700.0,127490100.0,0.0,0.0,0.0,0.0,0.0,0.0,0.0,0.0,0.0,0.0,0.8109,0.6925666666666667,0.0,0.787625,0.7371042793272301,0.0,2.0,3.0,0.0,1024.0,4697.0,0.0,1.0,1.0,154.6271718343099,2.945510575397991,157.78716387067522,5.562413772344041,158.43634142194475,4.113150815112954,-0.006707181764712189
2025-05-13,158.24131128306263,160.0151746711756,155.62040930962155,158.978759765625,42382100,0.0,0.0,154.74343872070312,156.72007904052734,55.32892982588329,-0.4451535743748707,-0.6174067308072062,4.835565171496724,0.006752471820573813,0.0,0.0,0.0,0.7072,0.7072,1.0,134.0,1.0,0.0,44138800.0,32435300.0,57498700.0,0.0,0.0,0.0,0.0,0.0,0.0,0.0,0.0,0.0,0.0,0.0,0.8109,0.0,0.0,0.787625,0.0,0.0,2.0,0.0,0.0,1024.0,0.0,0.0,1.0,156.37112935384116,3.6324453270984445,157.1465301513672,5.032765363390424,158.733882359096,3.979385957249874,-0.03531468146214167
2025-05-14,159.4072742222668,166.4229412214118,159.0584775444673,164.79856872558594,48755900,0.0,0.0,157.53176879882812,157.17151336669923,57.403364773224766,0.18959137718189822,-0.4560071092093853,5.153202287852617,0.03660746233358969,0.0,0.0,0.0,0.0,0.0,0.0,0.0,0.0,0.0,42382100.0,44138800.0,32435300.0,0.0,0.0,0.0,0.0,0.0,0.0,0.0,0.0,0.0,0.7072,0.0,0.0,0.7072,0.0,0.0,1.0,0.0,0.0,134.0,0.0,0.0,1.0,0.0,0.0,160.56326293945312,3.70642819297289,157.3116716657366,5.293652114323172,159.1673801967076,4.296789328015899,0.008599615638663405
2025-05-15,165.26694125278715,165.6356730691148,161.80893051621783,163.39344787597656,33146700,0.0,0.0,159.4610809326172,157.70117797851563,52.50877848710779,0.5726486774107116,-0.250275951885366,5.2241705018255375,-0.008526292797779722,0.0,0.0,0.0,0.0,0.0,0.0,0.0,0.0,0.0,48755900.0,42382100.0,44138800.0,0.0,0.0,0.0,0.0,0.0,0.0,0.0,0.0,0.0,0.0,0.7072,0.0,0.0,0.7072,0.0,0.0,1.0,0.0,0.0,134.0,0.0,0.0,1.0,0.0,162.3902587890625,3.0368298175385213,157.4156014578683,5.421880455964072,159.3097436087472,4.408042360316227,-0.013418259719736647
2025-05-16,167.15039440077075,168.76480673115492,165.04768502743337,165.61572265625,42846900,0.0,0.0,162.1397918701172,158.45008087158203,56.84830622213854,1.0435143660173765,0.008482111695182482,5.23187034739427,0.013600758225998488,0.0,0.0,0.0,0.0,0.0,0.0,0.0,0.0,0.0,33146700.0,48755900.0,42382100.0,0.0,0.0,0.0,0.0,0.0,0.0,0.0,0.0,0.0,0.0,0.0,0.7072,0.0,0.0,0.7072,0.0,0.0,1.0,0.0,0.0,134.0,0.0,0.0,1.0,164.60257975260416,1.1240262710056863,159.5240020751953,5.314899141282168,159.7069375174386,4.719861126307933,-0.0021015661991513612
2025-05-19,163.94152401470697,166.06416858529283,163.65253281131433,165.96450805664062,30426100,0.0,0.0,163.7502014160156,159.39031906127929,57.84937639850214,1.428357665486601,0.2924572224534662,4.76495340131411,0.0021059920809243238,0.0,0.0,0.0,0.0,0.0,0.0,0.0,0.0,0.0,42846900.0,33146700.0,48755900.0,0.0,0.0,0.0,0.0,0.0,0.0,0.0,0.0,0.0,0.0,0.0,0.0,0.0,0.0,0.0,0.0,0.0,0.0,0.0,0.0,0.0,0.0,0.0,0.0,164.99122619628906,1.3946628569407724,161.26937648228235,5.103424596005397,160.16107504708427,5.006625633801926,0.015611621054959057
2025-05-20,165.8548915457752,167.91774593119885,162.337090725838,163.41336059570312,46607700,0.0,0.0,164.63712158203126,160.0136573791504,56.19024581077961,1.5100851520559786,0.5359828083739687,4.403994589531686,-0.015371644761944192,0.0,0.0,0.0,0.0,0.0,0.0,0.0,0.0,0.0,30426100.0,42846900.0,33146700.0,0.0,0.0,0.0,0.0,0.0,0.0,0.0,0.0,0.0,0.0,0.0,0.0,0.0,0.0,0.0,0.0,0.0,0.0,0.0,0.0,0.0,0.0,0.0,0.0,164.99786376953125,1.3832572229300932,162.8681182861328,3.191721430677833,160.52979605538505,5.045092993417439,-0.027171361672935768
2025-05-21,163.1243721968136,172.54171471286378,162.9948165454298,167.9775390625,73416000,0.0,0.0,165.27291564941407,160.671875,58.26502853688459,1.9210017197729314,0.8129865906537612,4.566593256493833,0.027930265005007726,0.0,0.0,0.0,-0.6586,-0.6586,1.0,1581.0,0.0,0.0,46607700.0,30426100.0,42846900.0,0.0,0.0,0.0,0.0,0.0,0.0,0.0,0.0,0.0,0.0,0.0,0.0,0.0,0.0,0.0,0.0,0.0,0.0,0.0,0.0,0.0,0.0,0.0,0.0,165.7851359049479,2.2873701156128243,164.30598667689733,2.834251530995307,161.04657527378626,5.42482364137984,-0.013519046339328322
2025-05-22,171.25618084668935,176.15917803179707,170.12012070875053,170.27955627441406,74864400,0.0,0.0,166.65013732910157,161.24937286376954,57.862070009359506,2.4046898427834265,1.1313272410796944,5.016219656424207,0.013704315617206086,0.0,0.0,0.0,0.9863,0.9863,1.0,1.0,1.0,0.0,73416000.0,46607700.0,30426100.0,0.0,0.0,0.0,0.0,0.0,0.0,0.0,0.0,0.0,-0.6586,0.0,0.0,-0.6586,0.0,0.0,1.0,0.0,0.0,1581.0,0.0,0.0,0.0,0.0,0.0,167.2234853108724,3.4946542847395543,165.9203861781529,2.491922864319316,161.53345816476005,5.939841775373217,0.01424586951309581
2025-05-23,168.47580548761593,169.3727046333075,167.30985028367255,167.88784790039062,35211400,0.0,0.0,167.10456237792968,161.57374725341796,54.65878531120748,2.5654523498606068,1.418152262835877,5.231629070825059,-0.014045775231931401,0.0,0.0,0.0,0.0,0.0,0.0,0.0,0.0,0.0,74864400.0,73416000.0,46607700.0,0.0,0.0,0.0,0.0,0.0,0.0,0.0,0.0,0.0,0.9863,-0.6586,0.0,0.9863,-0.6586,0.0,1.0,1.0,0.0,1.0,1581.0,0.0,1.0,0.0,0.0,168.71498107910156,1.3557037959983307,166.36171177455358,2.5333485951608687,161.8366917201451,6.1600757848243965,-0.025621724511799004
2025-05-27,169.5720138436325,172.5716072803838,169.41256307598843,172.3025360107422,37995700,0.0,0.0,168.37216796875,162.18612365722657,59.83325579382088,3.0143388089393,1.7373895720565615,5.736903409373655,0.026295459531834764,0.0,0.0,0.0,0.894,0.894,1.0,1286.0,1.0,0.0,35211400.0,74864400.0,73416000.0,0.0,0.0,0.0,0.0,0.0,0.0,0.0,0.0,0.0,0.0,0.9863,-0.6586,0.0,0.9863,-0.6586,0.0,1.0,1.0,0.0,1.0,1581.0,0.0,1.0,0.0,170.15664672851562,2.2099090128958965,167.63443865094865,2.9902925371948808,162.5250200544085,6.768240541429592,0.0031328749951251567
2025-05-28,172.56165823831284,174.66436785084326,171.31597754856884,171.76441955566406,34784000,0.0,0.0,170.0423797607422,162.79401550292968,77.70737550836847,3.2887523709583775,2.047662131836925,6.082884635929279,-0.0031230907422312715,0.0,0.0,0.0,0.0,0.0,0.0,0.0,0.0,0.0,37995700.0,35211400.0,74864400.0,0.0,0.0,0.0,0.0,0.0,0.0,0.0,0.0,0.0,0.894,0.0,0.9863,0.894,0.0,0.9863,1.0,0.0,1.0,1286.0,0.0,1.0,1.0,0.0,1.0,170.65160115559897,2.408555868475227,168.51282392229353,3.194570914318836,164.01841299874442,6.28500554401687,0.002909365189077917
2025-05-29,173.39874848808273,173.81729536660228,170.04039828273065,171.26614379882812,29317300,0.0,0.0,170.70010070800782,163.44475936889648,74.78852476430065,3.426521598536766,2.3234340251768932,6.2647689165465055,-0.002900925337883886,0.0,0.0,0.0,0.0,0.0,0.0,0.0,0.0,0.0,34784000.0,37995700.0,35211400.0,0.0,0.0,0.0,0.0,0.0,0.0,0.0,0.0,0.0,0.0,0.894,0.0,0.0,0.894,0.0,0.0,1.0,0.0,0.0,1286.0,0.0,0.0,1.0,0.0,171.77769978841147,0.5183237189918507,169.27020045689173,3.117242960398717,165.26978846958704,5.808607821040418,0.000698628473550178
2025-05-30,170.7579241400477,171.61495310854446,166.86143108525064,171.14657592773438,52639900,0.0,0.0,170.87350463867188,163.96495666503907,77.88555193710187,3.485873595115919,2.5559219391646986,6.457568520102929,-0.0006981407325559186,0.0,0.0,0.0,0.0,0.0,0.0,0.0,0.0,0.0,29317300.0,34784000.0,37995700.0,0.0,0.0,0.0,0.0,0.0,0.0,0.0,0.0,0.0,0.0,0.0,0.894,0.0,0.0,0.894,0.0,0.0,1.0,0.0,0.0,1286.0,0.0,0.0,1.0,171.3923797607422,0.327695477093755,170.37494550432478,1.7784919854616221,166.6215318952288,4.618810275502425,0.016032668093270308
2025-06-02,167.2600475640349,169.28303195267003,166.8116055203689,168.44593811035156,38612300,0.0,0.0,170.98512268066406,164.21409378051757,67.02098176596365,3.27721389651785,2.700180330635329,6.5328710434911486,-0.015779677757170818,0.0,0.0,0.0,-0.7311,-0.7311,1.0,942.0,0.0,0.0,52639900.0,29317300.0,34784000.0,0.0,0.0,0.0,0.0,0.0,0.0,0.0,0.0,0.0,0.0,0.0,0.0,0.0,0.0,0.0,0.0,0.0,0.0,0.0,0.0,0.0,0.0,0.0,0.0,170.28621927897134,1.5948511540692183,170.44185965401786,1.6793040130166794,167.3739231654576,3.8917026373153036,0.01715024565703982
2025-06-03,166.91124474262,167.89781407143477,164.70887469424017,165.6057586669922,45084900,0.0,0.0,169.64576721191406,164.3122528076172,60.12791327306587,2.849819887644344,2.730108242037132,6.538578126725378,-0.016861074094281392,0.0,0.0,0.0,0.0,0.0,0.0,0.0,0.0,0.0,38612300.0,52639900.0,29317300.0,0.0,0.0,0.0,0.0,0.0,0.0,0.0,0.0,0.0,-0.7311,0.0,0.0,-0.7311,0.0,0.0,1.0,0.0,0.0,942.0,0.0,0.0,0.0,0.0,0.0,168.39942423502603,2.7707014697882464,169.774174281529,2.4886835838127954,167.84728022984095,3.1181878719593974,-0.01112774547940465
2025-06-04,166.1638436483944,167.63872532387313,165.78515185366567,167.4693145751953,26900800,0.0,0.0,168.7867462158203,164.55242156982422,54.64311938676762,2.6311501823420826,2.7103166300981223,6.563095164875096,0.011252965616675548,0.0,0.0,0.0,0.0,0.0,0.0,0.0,0.0,0.0,45084900.0,38612300.0,52639900.0,0.0,0.0,0.0,0.0,0.0,0.0,0.0,0.0,0.0,0.0,-0.7311,0.0,0.0,-0.7311,0.0,0.0,1.0,0.0,0.0,942.0,0.0,0.0,0.0,0.0,167.17367045084634,1.4429861065930125,169.7143838065011,2.5459249342629082,168.03804779052734,2.996651559424569,-0.0009512349624088978
2025-06-05,169.75139851627495,170.33935616350743,167.01090094696792,167.62876892089844,36379100,0.0,0.0,168.05927124023438,165.3910140991211,57.69650110137778,2.4425631509807886,2.656765934274656,5.741091498484233,0.0009521406719050773,0.0,0.0,0.0,0.0,0.0,0.0,0.0,0.0,0.0,26900800.0,45084900.0,38612300.0,0.0,0.0,0.0,0.0,0.0,0.0,0.0,0.0,0.0,0.0,0.0,-0.7311,0.0,0.0,-0.7311,0.0,0.0,1.0,0.0,0.0,942.0,0.0,0.0,0.0,166.90128072102866,1.1247841866178738,169.0467027936663,2.3601226910141637,168.3405707223075,2.6897653097387453,-0.03149459827993761
2025-06-06,170.239706414102,173.897023068816,170.239706414102,173.07984924316406,35731800,0.0,0.0,168.4459259033203,166.35766220092773,62.13939951330132,2.701818315639372,2.665776410547599,5.286959249561947,0.032518763678554,0.0,0.0,0.0,0.0,0.0,0.0,0.0,0.0,0.0,36379100.0,26900800.0,45084900.0,0.0,0.0,0.0,0.0,0.0,0.0,0.0,0.0,0.0,0.0,0.0,0.0,0.0,0.0,0.0,0.0,0.0,0.0,0.0,0.0,0.0,0.0,0.0,0.0,169.39264424641928,3.194208342940334,169.23462132045202,2.6474568606975395,168.87372262137276,2.843472107363966,-0.01487874316750537
2025-06-09,174.14743750903665,176.07310468622353,173.97782168090652,175.69395446777344,28935900,0.21,0.0,169.8955291748047,167.5312515258789,64.7376943768638,3.082681117085542,2.749157351855188,4.535791824653574,0.01510346372521254,0.0,0.0,0.0,0.0,0.0,0.0,0.0,0.0,0.0,35731800.0,36379100.0,26900800.0,0.0,0.0,0.0,0.0,0.0,0.0,0.0,0.0,0.0,0.0,0.0,0.0,0.0,0.0,0.0,0.0,0.0,0.0,0.0,0.0,0.0,0.0,0.0,0.0,172.13419087727866,4.114912731165926,169.8671657017299,3.5788564594355146,169.56868307931083,3.239180685240801,-0.014053887148639976
2025-06-10,175.80372221831115,180.70268325607967,174.5166301339373,178.19833374023438,61766100,0.0,0.0,172.41404418945314,168.5455451965332,72.42733754468348,3.5457271728070907,2.908471316045569,4.539791369491884,0.014254214267345855,0.0,0.0,0.0,0.0,0.0,0.0,0.0,0.0,0.0,28935900.0,35731800.0,36379100.0,0.0,0.0,0.0,0.0,0.0,0.0,0.0,0.0,0.0,0.0,0.0,0.0,0.0,0.0,0.0,0.0,0.0,0.0,0.0,0.0,0.0,0.0,0.0,0.0,175.65737915039062,2.5594382590860056,170.8745596749442,4.78742890951521,170.62475258963448,3.479265019144553,0.007048230224711016
2025-06-11,179.36569688795734,179.96433833777158,176.352484683136,176.95114135742188,31646800,0.0,0.0,174.31040954589844,169.44416427612305,65.13512372787486,3.7686142665776003,3.0804999061519753,4.319872964912145,-0.00699890036362838,0.0,0.0,0.0,0.0,0.0,0.0,0.0,0.0,0.0,61766100.0,28935900.0,35731800.0,0.0,0.0,0.0,0.0,0.0,0.0,0.0,0.0,0.0,0.0,0.0,0.0,0.0,0.0,0.0,0.0,0.0,0.0,0.0,0.0,0.0,0.0,0.0,0.0,176.94780985514322,1.2521929600777897,172.08958871023995,5.1350012451395095,171.2657241821289,3.7686187755882568,0.009391164960378395
2025-06-12,175.7837409838909,176.32253497944023,174.3569645474145,175.30482482910156,20941900,0.0,0.0,175.84562072753906,169.96947708129883,58.66746673404076,3.7689636424397577,3.218192653409532,4.363795182244546,-0.009303791519462035,0.0,0.0,0.0,0.0,0.0,0.0,0.0,0.0,0.0,31646800.0,61766100.0,28935900.0,0.0,0.0,0.0,0.0,0.0,0.0,0.0,0.0,0.0,0.0,0.0,0.0,0.0,0.0,0.0,0.0,0.0,0.0,0.0,0.0,0.0,0.0,0.0,0.0,176.81809997558594,1.4513350618195184,173.4751695905413,4.341049745641715,171.62467193603516,3.904340141412643,0.00589672324686541
2025-06-13,172.05218023736916,176.73163473712606,172.00228964381978,174.27716064453125,27663100,0.0,0.0,176.0850830078125,170.51366271972657,61.56427753161376,3.6443073080362467,3.3034155843348754,4.175118509816945,-0.0058621557368552235,0.0,0.0,0.0,0.0,0.0,0.0,0.0,0.0,0.0,20941900.0,31646800.0,61766100.0,0.0,0.0,0.0,0.0,0.0,0.0,0.0,0.0,0.0,0.0,0.0,0.0,0.0,0.0,0.0,0.0,0.0,0.0,0.0,0.0,0.0,0.0,0.0,0.0,175.51104227701822,1.3488652416388294,174.44771902901786,3.440450689424513,172.08105141775948,3.8061309494286433,-0.011879837463309117
2025-06-16,174.33701609632743,176.5420523549515,174.25719419482596,176.3724365234375,27389200,0.0,0.0,176.2207794189453,171.05149841308594,58.041437711682235,3.6722560357179077,3.377183674611482,4.203699785251331,0.012022664766612401,0.0,0.0,0.0,0.0,0.0,0.0,0.0,0.0,0.0,27663100.0,20941900.0,31646800.0,0.0,0.0,0.0,0.0,0.0,0.0,0.0,0.0,0.0,0.0,0.0,0.0,0.0,0.0,0.0,0.0,0.0,0.0,0.0,0.0,0.0,0.0,0.0,0.0,175.3181406656901,1.0477014058472354,175.69681440080916,1.6982828484313548,172.37175859723772,3.9759856819128214,0.004660444801773078
2025-06-17,175.30483777675101,176.96110799729416,174.1873615915514,175.5542755126953,24973000,0.0,0.0,175.6919677734375,171.53098678588867,57.40615722623053,3.5870377099879818,3.419154481686782,4.139349647208509,-0.004638825810139968,0.0,0.0,0.0,0.0,0.0,0.0,0.0,0.0,0.0,27389200.0,27663100.0,20941900.0,0.0,0.0,0.0,0.0,0.0,0.0,0.0,0.0,0.0,0.0,0.0,0.0,0.0,0.0,0.0,0.0,0.0,0.0,0.0,0.0,0.0,0.0,0.0,0.0,175.4012908935547,1.0559822311272304,176.05030386788505,1.2650503859937057,172.64246259416853,4.059591035735176,0.015174151873344366
2025-06-18,175.6141436330853,176.16290971424257,172.81046582918458,172.93020629882812,28707500,0.0,0.0,174.88778076171874,172.00682907104493,53.00246130465666,3.2700658341932467,3.389336752188075,3.678411679616262,-0.014947338686020384,0.0,0.0,0.0,0.0,0.0,0.0,0.0,0.0,0.0,24973000.0,27389200.0,27663100.0,0.0,0.0,0.0,0.0,0.0,0.0,0.0,0.0,0.0,0.0,0.0,0.0,0.0,0.0,0.0,0.0,0.0,0.0,0.0,0.0,0.0,0.0,0.0,0.0,174.95230611165366,1.7983360641579214,175.65548270089286,1.7377644903130278,172.7613242013114,4.040510076106212,0.040086421536443595
2025-06-20,173.55878574385125,173.94790803011588,165.08788938336605,166.26522827148438,75659900,0.0,0.0,173.07986145019532,171.92121353149415,42.87541145710379,2.452781179076567,3.2020256375657734,3.7952029178557285,-0.038541433390916646,0.0,0.0,0.0,0.0,0.0,0.0,0.0,0.0,0.0,28707500.0,24973000.0,27389200.0,0.0,0.0,0.0,0.0,0.0,0.0,0.0,0.0,0.0,0.0,0.0,0.0,0.0,0.0,0.0,0.0,0.0,0.0,0.0,0.0,0.0,0.0,0.0,0.0,171.58323669433594,4.78877280719557,173.95075334821428,3.639757872494622,172.41265651157923,4.386379827715977,0.008777912563047607
2025-06-23,165.89603893694584,166.96362443515676,161.63563852290417,164.81846618652344,57671000,0.0,0.0,171.18812255859376,171.6481590270996,44.504358970565384,1.669095300864882,2.8954395702255953,4.103468010916427,-0.008701531282287123,0.0,0.0,0.0,0.0,0.0,0.0,0.0,0.0,0.0,75659900.0,28707500.0,24973000.0,0.0,0.0,0.0,0.0,0.0,0.0,0.0,0.0,0.0,0.0,0.0,0.0,0.0,0.0,0.0,0.0,0.0,0.0,0.0,0.0,0.0,0.0,0.0,0.0,168.00463358561197,4.32657255197559,172.21751403808594,4.705573561867716,172.15355137416296,4.732223734194459,-0.009474308654518149
2025-06-24,166.5445998017471,167.84167918331357,165.75638318822968,166.3949432373047,40524300,0.0,0.0,169.1926239013672,171.57351379394532,51.24322260992136,1.1618342174181748,2.548718499664111,4.188175351752523,0.009564929751240125,0.0,0.0,0.0,0.0,0.0,0.0,0.0,0.0,0.0,57671000.0,75659900.0,28707500.0,0.0,0.0,0.0,0.0,0.0,0.0,0.0,0.0,0.0,0.0,0.0,0.0,0.0,0.0,0.0,0.0,0.0,0.0,0.0,0.0,0.0,0.0,0.0,0.0,165.82621256510416,0.8751405977041468,170.9446738106864,4.930931662733321,172.20992170061385,4.652251157831728,-0.022908237218547067
2025-06-25,167.25299905707695,171.97235685648238,167.17317715297744,170.29612731933594,35479000,0.0,0.0,168.1409942626953,171.473193359375,54.18451077332293,1.0623727344533904,2.2514493466219667,4.193820025909076,0.02344532836233837,0.0,0.0,0.0,0.0,0.0,0.0,0.0,0.0,0.0,40524300.0,57671000.0,75659900.0,0.0,0.0,0.0,0.0,0.0,0.0,0.0,0.0,0.0,0.0,0.0,0.0,0.0,0.0,0.0,0.0,0.0,0.0,0.0,0.0,0.0,0.0,0.0,0.0,167.1698455810547,2.8198489504310054,170.3759547642299,4.7070085502428185,172.4118368966239,4.489159656062345,-0.016480401609547224
2025-06-26,172.0421997468365,173.29937576602373,169.5578094698184,173.1497039794922,31796700,0.0,0.0,168.1848937988281,171.5424575805664,57.56889235864442,1.1999760043429433,2.041154678166162,4.210290190647694,0.01675655638842155,0.0,0.0,0.0,0.0,0.0,0.0,0.0,0.0,0.0,35479000.0,40524300.0,57671000.0,0.0,0.0,0.0,0.0,0.0,0.0,0.0,0.0,0.0,0.0,0.0,0.0,0.0,0.0,0.0,0.0,0.0,0.0,0.0,0.0,0.0,0.0,0.0,0.0,169.9469248453776,3.3908929424146304,169.91556440080916,4.1470421822044585,172.80618940080916,4.274006600142488,-0.02795047177326926
2025-06-27,173.14969619543672,178.27813555923768,171.3437693802371,178.12847900390625,108140200,0.0,0.0,170.5575439453125,171.8855743408203,57.012196801915884,1.691277132222865,1.9711791689775027,4.458870950784157,0.028754164228913526,0.0,0.0,0.0,0.0,0.0,0.0,0.0,0.0,0.0,31796700.0,35479000.0,40524300.0,0.0,0.0,0.0,0.0,0.0,0.0,0.0,0.0,0.0,0.0,0.0,0.0,0.0,0.0,0.0,0.0,0.0,0.0,0.0,0.0,0.0,0.0,0.0,0.0,173.85810343424478,3.963938138811284,170.28330775669642,4.7940590006409725,173.16680581229073,4.505586102038728,0.013051232215260944
2025-06-30,180.37340297441276,180.82238782578247,174.18735055967244,175.83363342285156,63378900,0.0,0.0,172.7605773925781,172.11992721557618,50.19574032781052,1.873861250082001,1.9517155851984023,4.540413263255185,-0.012883091990048112,0.0,0.0,0.0,0.0,0.0,0.0,0.0,0.0,0.0,108140200.0,31796700.0,35479000.0,0.0,0.0,0.0,0.0,0.0,0.0,0.0,0.0,0.0,0.0,0.0,0.0,0.0,0.0,0.0,0.0,0.0,0.0,0.0,0.0,0.0,0.0,0.0,0.0,175.70393880208334,2.491920084378541,170.69808306012834,5.171940052685606,173.17678288051061,4.511763046053802,0.002217877093028564
2025-07-01,175.3447530851258,175.6939567742825,173.139716841545,175.44451904296875,35904500,0.0,0.0,174.57049255371095,172.46985626220703,45.89771402697488,1.964516477358984,1.9542757636305188,4.511957257296057,-0.00221296899977641,0.0,0.0,0.0,0.0,0.0,0.0,0.0,0.0,0.0,63378900.0,108140200.0,31796700.0,0.0,0.0,0.0,0.0,0.0,0.0,0.0,0.0,0.0,0.0,0.0,0.0,0.0,0.0,0.0,0.0,0.0,0.0,0.0,0.0,0.0,0.0,0.0,0.0,176.46887715657553,1.4503658913909805,172.00941031319755,5.022203737088312,172.98008183070593,4.332462891779343,-0.015673973676956332
2025-07-02,175.14518633422566,178.4577266308603,174.67625741761273,178.23822021484375,29128900,0.0,0.0,176.1589111328125,173.10147933959962,51.83287643609726,2.236014353154502,2.0106234815353154,4.3828411849489575,0.015923559123501407,0.0,0.0,0.0,0.0,0.0,0.0,0.0,0.0,0.0,35904500.0,63378900.0,108140200.0,0.0,0.0,0.0,0.0,0.0,0.0,0.0,0.0,0.0,0.0,0.0,0.0,0.0,0.0,0.0,0.0,0.0,0.0,0.0,0.0,0.0,0.0,0.0,0.0,176.50545756022134,1.5131762333261807,173.926518031529,4.333906313266598,173.0720160348075,4.435637410998423,-0.004957400903092712
2025-07-03,178.09853847776557,179.265905222364,176.65180269468908,179.126220703125,21689700,0.0,0.0,177.35421447753907,173.6843246459961,55.562020866767256,2.4940823648440187,2.107315258197056,4.369503739962735,0.004982099165997456,0.0,0.0,0.0,0.0,0.0,0.0,0.0,0.0,0.0,29128900.0,35904500.0,63378900.0,0.0,0.0,0.0,0.0,0.0,0.0,0.0,0.0,0.0,0.0,0.0,0.0,0.0,0.0,0.0,0.0,0.0,0.0,0.0,0.0,0.0,0.0,0.0,0.0,177.60298665364584,1.9212946251312863,175.74527195521765,3.1584197457089807,173.34497288295202,4.693680801188145,0.015498634045818749
2025-07-07,178.65727862884938,178.89674433224096,175.28487562232132,176.3923797607422,34175600,0.0,0.0,177.00699462890626,174.12250518798828,52.93301686268353,2.449765633700224,2.17580533329769,4.164906389006434,-0.015262092460007537,0.0,0.0,0.0,0.0,0.0,0.0,0.0,0.0,0.0,21689700.0,29128900.0,35904500.0,0.0,0.0,0.0,0.0,0.0,0.0,0.0,0.0,0.0,0.0,0.0,0.0,0.0,0.0,0.0,0.0,0.0,0.0,0.0,0.0,0.0,0.0,0.0,0.0,177.91894022623697,1.3946061658800488,176.6161651611328,2.0522377281458897,173.49605996268136,4.7595769479218415,0.013936655727133651
2025-07-08,177.4500058972594,177.54977185383785,172.42133277200756,173.9678497314453,40442500,0.0,0.0,176.633837890625,174.16690521240236,46.695908333245974,2.1937171880601625,2.1793877042501846,4.157933564455885,-0.013745095069217284,0.0,0.0,0.0,0.0,0.0,0.0,0.0,0.0,0.0,34175600.0,21689700.0,29128900.0,0.0,0.0,0.0,0.0,0.0,0.0,0.0,0.0,0.0,0.0,0.0,0.0,0.0,0.0,0.0,0.0,0.0,0.0,0.0,0.0,0.0,0.0,0.0,0.0,176.4954833984375,2.5807306214425463,176.73304312569755,1.8335610360737111,173.32430376325334,4.690682139826317,-0.012795811908197563
2025-07-09,174.85584916951822,179.03642797074187,172.38143114455036,176.22276306152344,43025600,0.0,0.0,176.78948669433595,174.19334564208984,50.883663777732245,2.147988931475936,2.173107949695335,4.169819566607357,0.012961666960642715,0.0,0.0,0.0,0.0,0.0,0.0,0.0,0.0,0.0,40442500.0,34175600.0,21689700.0,0.0,0.0,0.0,0.0,0.0,0.0,0.0,0.0,0.0,0.0,0.0,0.0,0.0,0.0,0.0,0.0,0.0,0.0,0.0,0.0,0.0,0.0,0.0,0.0,175.5276641845703,1.353498541669483,176.46079799107142,1.7304141603700478,173.37205287388392,4.71844872482152,-0.0056300306414733825
2025-07-10,175.2350053597822,178.02869585837095,173.98781666417247,177.22052001953125,29252400,0.0,0.0,176.58594665527343,174.1444549560547,55.926100471187894,2.1672765911273757,2.1719416779817435,4.125891024689847,0.005661907353361917,0.0,0.0,0.0,-0.4838,-0.48380000000000006,1.0,300.0,0.0,0.0,43025600.0,40442500.0,34175600.0,0.0,0.0,0.0,0.0,0.0,0.0,0.0,0.0,0.0,0.0,0.0,0.0,0.0,0.0,0.0,0.0,0.0,0.0,0.0,0.0,0.0,0.0,0.0,0.0,175.8037109375,1.6663341539860563,176.65892464773995,1.7260292561624777,173.67850385393416,4.8256490908542595,-0.014262830224197609
2025-07-11,176.39239690386106,181.02196104807066,176.08309652221448,179.78475952148438,34282900,0.0,0.0,176.7176544189453,174.2861358642578,71.0599575195526,2.3622444147579245,2.2100022253369795,4.2733607854198,0.01446920199574242,0.0,0.0,0.0,0.0,0.0,0.0,0.0,0.0,0.0,29252400.0,43025600.0,40442500.0,0.0,0.0,0.0,0.0,0.0,0.0,0.0,0.0,0.0,-0.4838,0.0,0.0,-0.48380000000000006,0.0,0.0,1.0,0.0,0.0,300.0,0.0,0.0,0.0,0.0,0.0,177.74268086751303,1.8375101791751558,177.2789590018136,1.9782157972175964,174.64418465750558,4.574206198806063,-0.007545598008078747
2025-07-14,180.60289104600895,183.2569121837853,179.27588047712075,181.1516571044922,32536600,0.0,0.0,177.6695098876953,174.57847747802734,75.50638081285904,2.5971170818906444,2.2874251966477126,4.538484664540394,0.0076029669402788436,0.0,0.0,0.0,0.0,0.0,0.0,0.0,0.0,0.0,34282900.0,29252400.0,43025600.0,0.0,0.0,0.0,0.0,0.0,0.0,0.0,0.0,0.0,0.0,-0.4838,0.0,0.0,-0.48380000000000006,0.0,0.0,1.0,0.0,0.0,300.0,0.0,0.0,0.0,0.0,179.3856455485026,1.9957276035987304,177.6951642717634,2.4612004921275976,175.8108411516462,3.910055493038697,-0.0024175835995216
2025-07-15,182.3988435351607,183.80567598843865,181.1915734457722,181.59066772460938,33448300,0.0,0.0,179.19407348632814,174.94415283203125,74.60416834463481,2.7865581431362614,2.3872517859454225,4.800025596887302,0.002423442474301929,0.0,0.0,0.0,0.0,0.0,0.0,0.0,0.0,0.0,32536600.0,34282900.0,29252400.0,0.0,0.0,0.0,0.0,0.0,0.0,0.0,0.0,0.0,0.0,0.0,-0.4838,0.0,0.0,-0.48380000000000006,0.0,0.0,1.0,0.0,0.0,300.0,0.0,0.0,0.0,180.8423614501953,0.941846038829631,178.04722813197546,2.846179576333141,176.89625004359655,3.125633826976635,-0.005301503140130115
2025-07-16,182.82789923086935,183.91544417003013,181.62061381873355,182.55850219726562,33104200,0.0,0.0,180.46122131347656,175.25345611572266,71.93859583508278,2.9804311474222516,2.5058876582407885,5.087599063622898,0.005329758873534374,0.0,0.0,0.0,0.0,0.0,0.0,0.0,0.0,0.0,33448300.0,32536600.0,34282900.0,0.0,0.0,0.0,0.0,0.0,0.0,0.0,0.0,0.0,0.0,0.0,0.0,0.0,0.0,0.0,0.0,0.0,0.0,0.0,0.0,0.0,0.0,0.0,0.0,181.7669423421224,0.7197970785958543,178.92810276576452,3.1829210588605568,177.77213396344865,2.838792960804598,-0.0033227146860557166
2025-07-17,181.73035050857078,183.64603043273615,180.07408034072432,183.1671142578125,31992600,0.0,0.0,181.65054016113282,175.63409805297852,69.4875538096106,3.1469111738731783,2.6340923613672667,5.387252730208633,0.003333791925446583,0.0,0.0,0.0,0.0,0.0,0.0,0.0,0.0,0.0,33104200.0,33448300.0,32536600.0,0.0,0.0,0.0,0.0,0.0,0.0,0.0,0.0,0.0,0.0,0.0,0.0,0.0,0.0,0.0,0.0,0.0,0.0,0.0,0.0,0.0,0.0,0.0,0.0,182.43876139322916,0.7950152911303161,180.2422834123884,2.6476886669678845,178.48766326904297,2.846521412393243,-0.007997477194926383
2025-07-18,184.9830305164638,186.00074080595235,183.2968441040249,184.643798828125,34014500,0.0,0.0,182.62234802246093,176.21977767944335,64.67415585147549,3.3592802067713308,2.7791299304480797,5.705171303973911,0.008061952475999723,0.0,0.0,0.0,0.0,0.0,0.0,0.0,0.0,0.0,31992600.0,33104200.0,33448300.0,0.0,0.0,0.0,0.0,0.0,0.0,0.0,0.0,0.0,0.0,0.0,0.0,0.0,0.0,0.0,0.0,0.0,0.0,0.0,0.0,0.0,0.0,0.0,0.0,183.45647176106772,1.0723391875668655,181.4452885219029,2.4203228680095985,178.95304325648718,3.2824918559070992,-0.02651239403477368
2025-07-21,185.83112267520195,189.86202999312056,185.73134148599024,189.67247009277344,45803100,0.0,0.0,184.32651062011718,177.3901397705078,77.75115020115516,3.888531370959555,3.001010218550375,5.951194233598113,0.027234444354826914,0.0,0.0,0.0,0.0,0.0,0.0,0.0,0.0,0.0,34014500.0,31992600.0,33104200.0,0.0,0.0,0.0,0.0,0.0,0.0,0.0,0.0,0.0,0.0,0.0,0.0,0.0,0.0,0.0,0.0,0.0,0.0,0.0,0.0,0.0,0.0,0.0,0.0,185.82779439290366,3.4104688472309266,183.22413853236608,3.236136402559465,179.94153159005302,4.220532700457671,-0.006480540714046357
2025-07-22,191.0693117786785,191.21896833519165,187.03840453704987,190.90966796875,44660200,0.0,0.0,186.1903106689453,178.69469985961913,79.99227055198675,4.357566941316435,3.272321563103587,5.90989655619235,0.006522812063191941,0.0,0.0,0.0,0.0,0.0,0.0,0.0,0.0,0.0,45803100.0,34014500.0,31992600.0,0.0,0.0,0.0,0.0,0.0,0.0,0.0,0.0,0.0,0.0,0.0,0.0,0.0,0.0,0.0,0.0,0.0,0.0,0.0,0.0,0.0,0.0,0.0,0.0,188.4086456298828,3.3186169147125106,184.81341116768974,3.924134619401862,181.04618508475167,4.919043954558217,0.005835013214619433
2025-07-23,191.06931784155387,192.09700016081177,188.75452819755446,189.8021697998047,58681900,0.0,0.0,187.63904418945313,179.86506118774415,73.99589015505325,4.58703863747715,3.5352649779783,5.658285176016981,-0.0058011633498131765,0.0,0.0,0.0,0.0,0.0,0.0,0.0,0.0,0.0,44660200.0,45803100.0,34014500.0,0.0,0.0,0.0,0.0,0.0,0.0,0.0,0.0,0.0,0.0,0.0,0.0,0.0,0.0,0.0,0.0,0.0,0.0,0.0,0.0,0.0,0.0,0.0,0.0,190.12810262044272,0.6799549976016198,186.0491986955915,3.9408558554046067,181.87218148367745,5.362202012193609,-0.01009507846223301
2025-07-24,196.5868474168703,197.5047763656739,190.57041105035847,191.73777770996094,74881700,0.0,0.0,189.35317687988282,180.9371437072754,75.07936382708729,4.868957678442001,3.8020035180710403,5.7798074781031135,0.010198028358674005,0.0,0.0,0.0,0.0,0.0,0.0,0.0,0.0,0.0,58681900.0,44660200.0,45803100.0,0.0,0.0,0.0,0.0,0.0,0.0,0.0,0.0,0.0,0.0,0.0,0.0,0.0,0.0,0.0,0.0,0.0,0.0,0.0,0.0,0.0,0.0,0.0,0.0,190.81653849283853,0.9711587511493666,187.49878583635603,3.893464221643015,182.77300698416573,5.897982781579826,-0.0052283250882496635
2025-07-25,191.54821586623893,193.8929365997576,190.82983399147875,192.74551391601562,39785900,0.0,0.0,190.97351989746093,181.91693420410155,84.91694300204148,5.114736935767098,4.064550201610252,6.045054160717654,0.005255804140898546,0.0,0.0,0.0,0.0,0.0,0.0,0.0,0.0,0.0,74881700.0,58681900.0,44660200.0,0.0,0.0,0.0,0.0,0.0,0.0,0.0,0.0,0.0,0.0,0.0,0.0,0.0,0.0,0.0,0.0,0.0,0.0,0.0,0.0,0.0,0.0,0.0,0.0,191.4284871419271,1.4958489690543535,188.9540732247489,3.634352425095815,183.9410879952567,6.151030663208203,0.0031155755190555023
2025-07-28,193.21445136708732,193.61356085282932,190.41077383680673,192.14686584472656,38139500,0.0,0.0,191.46839904785156,182.61785354614258,92.09799520568082,5.20125602985604,4.29189136725941,6.385774759907721,-0.003105898856613165,0.0,0.0,0.0,0.0,0.0,0.0,0.0,0.0,0.0,39785900.0,74881700.0,58681900.0,0.0,0.0,0.0,0.0,0.0,0.0,0.0,0.0,0.0,0.0,0.0,0.0,0.0,0.0,0.0,0.0,0.0,0.0,0.0,0.0,0.0,0.0,0.0,0.0,192.21005249023438,0.5068308192907469,190.23689488002233,2.721418629235642,185.23958914620536,5.792044624763982,-0.01619421210610772
2025-07-29,191.99721287217557,195.47936925683575,191.64800916549822,195.30975341796875,41389200,0.0,0.0,192.34841613769532,183.59165954589844,92.41688611765376,5.462078191696008,4.52592873214673,6.770201674572107,0.0164607814930382,0.0,0.0,0.0,-0.2503,-0.2503,1.0,485.0,0.0,0.0,38139500.0,39785900.0,74881700.0,0.0,0.0,0.0,0.0,0.0,0.0,0.0,0.0,0.0,0.0,0.0,0.0,0.0,0.0,0.0,0.0,0.0,0.0,0.0,0.0,0.0,0.0,0.0,0.0,193.4007110595703,1.6801568149851092,191.76060267857142,1.9423391501851512,186.60294560023718,5.752617039806525,-0.0039688508665942646
2025-07-30,195.1600963397073,197.155598285003,194.2521393007246,196.08799743652344,32445400,0.0,0.0,193.60558166503907,184.62383346557618,92.34217297536448,5.666262277903201,4.7539954412980245,7.031327964212942,0.00398466540935738,0.0,0.0,0.0,0.0,0.0,0.0,0.0,0.0,0.0,41389200.0,38139500.0,39785900.0,0.0,0.0,0.0,0.0,0.0,0.0,0.0,0.0,0.0,-0.2503,0.0,0.0,-0.2503,0.0,0.0,1.0,0.0,0.0,485.0,0.0,0.0,0.0,0.0,0.0,194.5148722330729,2.0873443964875067,192.67710658482142,2.2775088755819763,187.95062255859375,5.593353682782801,0.024127210608353877
2025-07-31,195.26984291287636,195.54921195775628,190.66022322341527,191.46839904785156,51329200,0.0,0.0,193.55170593261718,185.28534240722655,74.00570720209778,5.393147804149862,4.881825913868392,7.0212910257250165,-0.023558802420669878,0.0,0.0,0.0,0.0,0.0,0.0,0.0,0.0,0.0,32445400.0,41389200.0,38139500.0,0.0,0.0,0.0,0.0,0.0,0.0,0.0,0.0,0.0,0.0,-0.2503,0.0,0.0,-0.2503,0.0,0.0,1.0,0.0,0.0,485.0,0.0,0.0,0.0,0.0,194.2887166341146,2.4732689711491638,192.75692531040735,2.214152114459618,188.78516823904855,5.134017559062625,0.014645975275870526
2025-08-01,188.6048544387261,190.40080913246982,187.39758435603645,188.7046356201172,34832200,0.0,0.0,192.7435302734375,185.76426315307617,64.67623988064318,4.897237697382508,4.884908270571215,6.904771462296309,-0.014434566964983353,0.0,0.0,0.0,0.0,0.0,0.0,0.0,0.0,0.0,51329200.0,32445400.0,41389200.0,0.0,0.0,0.0,0.0,0.0,0.0,0.0,0.0,0.0,0.0,0.0,-0.2503,0.0,0.0,-0.2503,0.0,0.0,1.0,0.0,0.0,485.0,0.0,0.0,0.0,192.0870107014974,3.7303509501812084,192.60013471330916,2.481034934693673,189.32466670445032,4.643580720495494,-0.030301426451768587
2025-08-04,189.86201672672937,194.830827292421,189.69240089649873,194.60133361816406,31547400,0.0,0.0,193.234423828125,186.67471084594726,70.85732373081441,4.923287024433108,4.892584021343594,6.803732822350365,0.03124829434459442,0.0,0.0,0.0,0.0,0.0,0.0,0.0,0.0,0.0,34832200.0,51329200.0,32445400.0,0.0,0.0,0.0,0.0,0.0,0.0,0.0,0.0,0.0,0.0,0.0,0.0,0.0,0.0,0.0,0.0,0.0,0.0,0.0,0.0,0.0,0.0,0.0,0.0,191.5914560953776,2.9502744105859646,193.00921412876673,2.550258867956104,190.2539999825614,4.263026854547237,0.00190066947653178
2025-08-05,194.27208103659058,197.41499022677854,193.45391800516853,194.23216247558594,31602300,0.0,0.0,193.01890563964844,187.68792648315429,69.08020847829698,4.858140656481538,4.885695348371183,6.302227940398681,-0.0018970637853000794,0.0,0.0,0.0,0.0,0.0,0.0,0.0,0.0,0.0,31547400.0,34832200.0,51329200.0,0.0,0.0,0.0,0.0,0.0,0.0,0.0,0.0,0.0,0.0,0.0,0.0,0.0,0.0,0.0,0.0,0.0,0.0,0.0,0.0,0.0,0.0,0.0,0.0,192.51271057128906,3.3030513102950274,193.22159249441964,2.586286096153226,191.08783285958427,3.7532076787302624,-0.0072416645947154246
2025-08-06,194.0625664055758,196.18778087351924,193.23443126184418,195.64898681640625,21562900,0.0,0.0,192.931103515625,188.65923767089845,69.87608004742975,4.864759652864308,4.881508209269808,5.928091306022852,0.0072944888362573845,0.0,0.0,0.0,0.0,0.0,0.0,0.0,0.0,0.0,31602300.0,31547400.0,34832200.0,0.0,0.0,0.0,0.0,0.0,0.0,0.0,0.0,0.0,0.0,0.0,0.0,0.0,0.0,0.0,0.0,0.0,0.0,0.0,0.0,0.0,0.0,0.0,0.0,194.8274943033854,0.7349893161447227,193.7218954903739,2.6807442634294194,191.97939518519811,3.1630481569191082,-0.0021880646083332067
2025-08-07,196.6167969951023,197.09571318148866,193.8929412029117,196.07801818847656,26321800,0.0,0.0,193.85302734375,189.60211257934571,68.83628497210577,4.848731344635723,4.874952836342992,5.496969716025073,0.0021928627336715856,0.0,0.0,0.0,0.0,0.0,0.0,0.0,0.0,0.0,21562900.0,31602300.0,31547400.0,0.0,0.0,0.0,0.0,0.0,0.0,0.0,0.0,0.0,0.0,0.0,0.0,0.0,0.0,0.0,0.0,0.0,0.0,0.0,0.0,0.0,0.0,0.0,0.0,195.3197224934896,0.9659746756354142,193.83164760044642,2.770801374033912,192.79612513950892,2.537600691631632,-0.02432726351389569
2025-08-08,196.7764442791972,202.15432130991044,196.72655368662487,200.9669952392578,39161800,0.0,0.0,196.3054992675781,190.66122436523438,68.69218966386292,5.170921222927689,4.934146513659931,5.546277207706387,0.0249338355005293,0.0,0.0,0.0,0.9945,0.9945000000000002,1.0,881.0,1.0,0.0,26321800.0,21562900.0,31602300.0,0.0,0.0,0.0,0.0,0.0,0.0,0.0,0.0,0.0,0.0,0.0,0.0,0.0,0.0,0.0,0.0,0.0,0.0,0.0,0.0,0.0,0.0,0.0,0.0,197.56466674804688,2.954301330457257,194.52864728655135,3.8402572164939097,193.6028769356864,3.1817562083188036,0.0020895358861030555
2025-08-11,200.48808049350347,201.02685931355308,198.62229106869012,200.54794311523438,25832400,0.0,0.0,197.49482116699218,191.63103866577148,66.3951165625318,5.33099265359985,5.013515741647915,5.491463082938438,-0.002085178830108614,0.0,0.0,0.0,0.0,0.0,0.0,0.0,0.0,0.0,39161800.0,26321800.0,21562900.0,0.0,0.0,0.0,0.0,0.0,0.0,0.0,0.0,0.0,0.9945,0.0,0.0,0.9945000000000002,0.0,0.0,1.0,0.0,0.0,881.0,0.0,0.0,1.0,0.0,0.0,199.1976521809896,2.70979489188785,195.82572501046317,4.154824135280488,194.29132516043526,3.5728846316468235,-0.011507794116463632
2025-08-12,200.91710457512625,204.04006993048975,200.1388600495838,202.88267517089844,30397900,0.0,0.0,199.22492370605468,192.69563903808594,71.35873660039785,5.581899121916194,5.127192417701571,5.506407585173022,0.01164176515299653,0.0,0.0,0.0,0.0,0.0,0.0,0.0,0.0,0.0,25832400.0,39161800.0,26321800.0,0.0,0.0,0.0,0.0,0.0,0.0,0.0,0.0,0.0,0.0,0.9945,0.0,0.0,0.9945000000000002,0.0,0.0,1.0,0.0,0.0,881.0,0.0,0.0,1.0,0.0,201.46587117513022,1.2447495099369752,197.85115923200334,3.510681950175225,195.22564697265625,3.994120075918093,0.006833015255397923
2025-08-13,203.6709007567403,204.06999503609887,197.06577929471834,201.5057830810547,28342900,0.0,0.0,200.3962829589844,193.64300308227538,66.24629471718033,5.605029332126151,5.222759800586488,5.296459032970937,-0.006786642026895162,0.0,0.0,0.0,0.0,0.0,0.0,0.0,0.0,0.0,30397900.0,25832400.0,39161800.0,0.0,0.0,0.0,0.0,0.0,0.0,0.0,0.0,0.0,0.0,0.0,0.9945,0.0,0.0,0.9945000000000002,0.0,0.0,1.0,0.0,0.0,881.0,0.0,0.0,1.0,201.64546712239584,1.173617129432759,198.83750915527344,3.4140404286675436,195.9233616420201,4.1865033533560005,-0.004829025911449292
2025-08-14,201.0468177297292,203.98020797768137,200.77742070862897,202.48358154296875,25230400,0.0,0.0,201.67739562988282,194.60882644653321,66.21264730479352,5.6372773304533155,5.305663306559854,5.040636827504467,0.004852458559567729,0.0,0.0,0.0,0.0,0.0,0.0,0.0,0.0,0.0,28342900.0,30397900.0,25832400.0,0.0,0.0,0.0,0.0,0.0,0.0,0.0,0.0,0.0,0.0,0.0,0.0,0.0,0.0,0.0,0.0,0.0,0.0,0.0,0.0,0.0,0.0,0.0,0.0,202.29067993164062,0.7084251763708014,200.0162833077567,2.9521771228965705,196.61893790108817,4.4203440049582685,-0.004708110923369313
2025-08-15,203.39153088363753,205.97570210941166,200.82730371462006,203.44140625,34931400,0.0,0.0,202.17227783203126,195.54870681762696,68.58174548145664,5.674708048444842,5.379472254936852,4.832987314273899,0.004730382086944651,0.0,0.0,0.0,0.0,0.0,0.0,0.0,0.0,0.0,25230400.0,28342900.0,30397900.0,0.0,0.0,0.0,0.0,0.0,0.0,0.0,0.0,0.0,0.0,0.0,0.0,0.0,0.0,0.0,0.0,0.0,0.0,0.0,0.0,0.0,0.0,0.0,0.0,202.47692362467447,0.9678287601400349,201.12948608398438,2.4588528547825286,197.42569078717912,4.569526801067839,0.0019655687663120425
2025-08-18,203.74073522255918,204.80833601681928,202.0345896716843,203.0423126220703,18526600,0.0,0.0,202.67115173339843,196.2171989440918,63.99421410144321,5.607528543236469,5.425083512596776,4.901578138248067,-0.0019617128847372323,0.0,0.0,0.0,0.0,0.0,0.0,0.0,0.0,0.0,34931400.0,25230400.0,28342900.0,0.0,0.0,0.0,0.0,0.0,0.0,0.0,0.0,0.0,0.0,0.0,0.0,0.0,0.0,0.0,0.0,0.0,0.0,0.0,0.0,0.0,0.0,0.0,0.0,202.98910013834634,0.48112443159301477,202.1243852887835,1.117180277926023,197.97801644461495,4.757551377736994,0.009574760428036067
2025-08-19,202.57337657986534,202.98245812812408,199.51028904350812,201.11666870117188,24240200,0.0,0.0,202.3179504394531,196.7275489807129,58.737886472885585,5.33737894810713,5.407542599698846,4.850988354586936,-0.009483953842087556,0.0,0.0,0.0,0.0,0.0,0.0,0.0,0.0,0.0,18526600.0,34931400.0,25230400.0,0.0,0.0,0.0,0.0,0.0,0.0,0.0,0.0,0.0,0.0,0.0,0.0,0.0,0.0,0.0,0.0,0.0,0.0,0.0,0.0,0.0,0.0,0.0,0.0,202.53346252441406,1.2430999493822537,202.14576721191406,1.092496478108004,198.3372072492327,4.793573824261848,0.01128842928517404
2025-08-20,200.27853657760338,200.82730262485018,196.15783565803162,198.87171936035156,28955500,0.0,0.0,201.7911376953125,197.18102645874023,64.02120010634732,4.885814173189857,5.3031969143970485,4.5862117475068445,-0.011162423061789828,0.0,0.0,0.0,0.0,0.0,0.0,0.0,0.0,0.0,24240200.0,18526600.0,34931400.0,0.0,0.0,0.0,0.0,0.0,0.0,0.0,0.0,0.0,0.0,0.0,0.0,0.0,0.0,0.0,0.0,0.0,0.0,0.0,0.0,0.0,0.0,0.0,0.0,201.0102335611979,2.0873328359288994,201.90630667550224,1.5772470414708457,198.8660158429827,4.366910435734651,-0.00215268317100481
2025-08-21,199.30075073242188,202.02460654215824,198.9814631231269,199.30075073242188,19774600,0.0,0.0,201.15457153320312,197.55917510986328,72.01495589254431,4.5105700382125065,5.144671539160141,4.4226556184863615,0.0021573272129906673,0.0,0.0,0.0,0.0,0.0,0.0,0.0,0.0,0.0,28955500.0,24240200.0,18526600.0,0.0,0.0,0.0,0.0,0.0,0.0,0.0,0.0,0.0,0.0,0.0,0.0,0.0,0.0,0.0,0.0,0.0,0.0,0.0,0.0,0.0,0.0,0.0,0.0,199.76304626464844,1.1917370746340379,201.3946031842913,1.7761846972405633,199.62288120814733,3.2442173603448627,-0.030763275996075423
2025-08-22,202.27405146693474,208.07098221204853,200.8472748764244,205.62649536132812,42827000,0.0,0.0,201.59158935546876,198.2032241821289,72.50513770417663,4.669790643163367,5.049695359960786,4.618339354514365,0.03173969292970247,0.0,0.0,0.0,0.4767,0.4767,1.0,1098.0,1.0,0.0,19774600.0,28955500.0,24240200.0,0.0,0.0,0.0,0.0,0.0,0.0,0.0,0.0,0.0,0.0,0.0,0.0,0.0,0.0,0.0,0.0,0.0,0.0,0.0,0.0,0.0,0.0,0.0,0.0,201.26632181803384,3.7821094610409185,201.9832763671875,2.3944306938902,200.41039276123047,3.2695483351865264,-0.011511295860666126
2025-08-25,205.96570803332725,210.046520726557,204.8183006045268,208.02108764648438,29928900,0.0,0.0,202.58734436035155,198.9969352722168,75.99703571923797,4.932340750779389,5.0262244381245065,4.879406404141696,0.011645348917455722,0.0,0.0,0.0,0.0,0.0,0.0,0.0,0.0,0.0,42827000.0,19774600.0,28955500.0,0.0,0.0,0.0,0.0,0.0,0.0,0.0,0.0,0.0,0.4767,0.0,0.0,0.4767,0.0,0.0,1.0,0.0,0.0,1098.0,0.0,0.0,1.0,0.0,0.0,204.31611124674478,4.505429931706017,202.77434866768974,3.3222502958636553,201.39531598772322,3.3413541314673307,0.006517359876762718
2025-08-26,207.04328099820484,207.38252787024734,205.23735432936843,206.6741180419922,28464100,0.0,0.0,203.69883422851564,199.56515350341797,70.84119578943482,4.9743828239004415,5.015856115279694,5.084806658683524,-0.006475158935719372,0.0,0.0,0.0,0.0,0.0,0.0,0.0,0.0,0.0,29928900.0,42827000.0,19774600.0,0.0,0.0,0.0,0.0,0.0,0.0,0.0,0.0,0.0,0.0,0.4767,0.0,0.0,0.4767,0.0,0.0,1.0,0.0,0.0,1098.0,0.0,0.0,1.0,0.0,206.7739003499349,1.2004105276006498,203.23616463797433,3.6399267298476445,202.18282536097936,3.178091766790715,-0.001638776580642154
2025-08-27,205.2373711930947,208.4401585010209,205.18748059977113,207.01336669921875,23022900,0.0,0.0,205.32716369628906,200.11142196655274,70.74188236043217,4.977696217675458,5.008224135758847,5.274900833130727,0.0016414665776274262,0.0,0.0,0.0,0.9052,0.9052,1.0,1801.0,1.0,0.0,28464100.0,29928900.0,42827000.0,0.0,0.0,0.0,0.0,0.0,0.0,0.0,0.0,0.0,0.0,0.0,0.4767,0.0,0.0,0.4767,0.0,0.0,1.0,0.0,0.0,1098.0,0.0,0.0,1.0,207.23619079589844,0.7005852641974378,203.80345807756697,3.9045128478279274,202.96392168317522,2.8933261817125824,-0.0196559770454815
2025-08-28,206.7838755896793,211.74269881815906,206.43465668224866,211.16400146484375,32339300,0.0,0.0,207.69981384277344,201.09620208740233,69.89876588352509,5.25467106626499,5.057513521860076,5.413087589849839,0.020050080976923956,0.0,0.0,0.0,0.0,0.0,0.0,0.0,0.0,0.0,23022900.0,28464100.0,29928900.0,0.0,0.0,0.0,0.0,0.0,0.0,0.0,0.0,0.0,0.9052,0.0,0.0,0.9052,0.0,0.0,1.0,0.0,0.0,1801.0,0.0,0.0,1.0,0.0,0.0,208.28382873535156,2.50006372451759,205.2387913295201,4.546222139807499,203.69227927071708,3.5588881092909315,-0.00596506695319865
2025-08-29,210.0365560843286,214.16724458693432,209.72725571237183,212.43116760253906,39728400,0.0,0.0,209.0607482910156,202.28252868652345,72.44631675062647,5.512876339634033,5.148586085414868,5.147876085148791,0.00600086249978693,0.0,0.0,0.0,0.0,0.0,0.0,0.0,0.0,0.0,32339300.0,23022900.0,28464100.0,0.0,0.0,0.0,0.0,0.0,0.0,0.0,0.0,0.0,0.0,0.9052,0.0,0.0,0.9052,0.0,0.0,1.0,0.0,0.0,1801.0,0.0,0.0,1.0,0.0,210.20284525553384,2.8339032448258408,207.1758553641183,4.260946020545758,204.54108101981026,4.123560048490293,0.007381104456528398
2025-09-02,207.9712205067108,211.20392399730977,205.73625278986853,210.8746795654297,47523000,0.0,0.0,209.6314666748047,203.09619598388673,65.55344123495328,5.528184829032568,5.224505834138408,5.155963053666076,-0.007327022934890515,0.0,0.0,0.0,0.0,0.0,0.0,0.0,0.0,0.0,39728400.0,32339300.0,23022900.0,0.0,0.0,0.0,0.0,0.0,0.0,0.0,0.0,0.0,0.0,0.0,0.9052,0.0,0.0,0.9052,0.0,0.0,1.0,0.0,0.0,1801.0,0.0,0.0,1.0,211.48994954427084,0.8278558843703108,208.8292737688337,2.6287337415792607,205.1119384765625,4.418932889196747,-0.08371628725326519
2025-09-03,225.70126168023373,230.78978267421618,224.28444185471682,230.14125061035156,103336100,0.0,0.0,214.32489318847655,204.891650390625,82.85258531167919,7.014113844776972,5.582427436266121,7.586296178266695,0.09136502819886383,0.0,0.0,0.0,0.9097,0.8549167680278019,2.0,2302.0,1.0,0.0,47523000.0,39728400.0,32339300.0,0.0,0.0,0.0,0.0,0.0,0.0,0.0,0.0,0.0,0.0,0.0,0.0,0.0,0.0,0.0,0.0,0.0,0.0,0.0,0.0,0.0,0.0,0.0,0.0,217.8156992594401,10.702573327494285,212.33138166155135,8.160378831329465,207.15732901436942,7.887390019976435,-0.007059750004164034
2025-09-04,229.13349303754427,231.84737676203946,225.60146147412655,231.7775421142578,51684200,0.0,0.0,219.27772827148436,206.69807815551758,83.10781563596267,8.228900699648676,6.111722088942632,9.362991601362518,0.0071099444344144835,0.0,0.0,0.0,0.4294,0.85873144134435,2.0,25053.0,0.5,0.0,103336100.0,47523000.0,39728400.0,0.0,0.0,0.0,0.0,0.0,0.0,0.0,0.0,0.0,0.9097,0.0,0.0,0.8549167680278019,0.0,0.0,2.0,0.0,0.0,2302.0,0.0,0.0,1.0,0.0,0.0,224.26449076334634,11.62474281041693,215.72516087123327,10.634073040721912,209.2497547694615,10.121407310719746,-0.011489410967086888
2025-09-05,231.677775522156,235.22976659054154,231.37844718195538,234.4714813232422,46588900,0.0,0.0,223.93922424316406,208.61775131225585,83.74568178295692,9.30178126985578,6.749733925125263,10.883401103602235,0.011622951837397366,0.0,0.0,0.0,-0.975,-0.9749999999999999,1.0,712.0,0.0,0.0,51684200.0,103336100.0,47523000.0,0.0,0.0,0.0,0.0,0.0,0.0,0.0,0.0,0.0,0.4294,0.9097,0.0,0.85873144134435,0.8549167680278019,0.0,2.0,2.0,0.0,25053.0,2302.0,0.0,0.5,1.0,0.0,232.13009134928384,2.186536697397165,219.6962127685547,11.815381490572317,211.46618870326452,11.978763207677002,0.0032046904545963706
2025-09-08,235.15054099905157,237.8069358559837,233.3529799966882,233.72247314453125,32474700,0.21,0.0,228.1974853515625,210.25552520751953,83.11312865216817,9.97660406963817,7.395107954027845,12.071250960341104,-0.0031944532208518783,0.0,0.0,0.0,0.0,0.0,0.0,0.0,0.0,0.0,46588900.0,51684200.0,103336100.0,0.0,0.0,0.0,0.0,0.0,0.0,0.0,0.0,0.0,-0.975,0.4294,0.9097,-0.9749999999999999,0.85873144134435,0.8549167680278019,1.0,2.0,2.0,712.0,25053.0,2302.0,0.0,0.5,1.0,233.3238321940104,1.3905082060208038,223.51179940359933,11.340119963622119,213.65762874058314,13.07530485184166,-0.023327679259043776
2025-09-09,233.85230194861487,240.14375784585562,232.91357479962468,239.30490112304688,38061000,0.0,0.0,233.88352966308594,212.19337310791016,88.20117288265983,10.836939787757956,8.083474320773867,13.461662712086039,0.02388485755524039,0.0,0.0,0.0,0.0,0.0,0.0,0.0,0.0,0.0,32474700.0,46588900.0,51684200.0,0.0,0.0,0.0,0.0,0.0,0.0,0.0,0.0,0.0,0.0,-0.975,0.4294,0.0,-0.9749999999999999,0.85873144134435,0.0,1.0,2.0,0.0,712.0,25053.0,0.0,0.0,0.5,235.83295186360678,3.030029217359221,227.53192792619978,11.220619704758864,216.38535962785994,14.193352835947929,0.0019233398368871946
2025-09-10,238.5758820575914,241.33214736167037,237.5273187664355,238.84552001953125,35141100,0.0,0.0,235.62438354492187,213.99151535034179,91.46875378917272,11.35084831320944,8.73694911926098,14.513319517546282,-0.0019196477019892688,0.0,0.0,0.0,0.0,0.0,0.0,0.0,0.0,0.0,38061000.0,32474700.0,46588900.0,0.0,0.0,0.0,0.0,0.0,0.0,0.0,0.0,0.0,0.0,0.0,-0.975,0.0,0.0,-0.9749999999999999,0.0,0.0,1.0,0.0,0.0,712.0,0.0,0.0,0.0,237.29096476236978,3.098928374376614,231.30540684291296,9.623792055027172,219.24063110351562,14.41810186493261,-0.004992334814245769
2025-09-11,239.55457404217233,241.9213539288796,235.92949376965038,240.0438995361328,30599300,0.0,0.0,237.27765502929688,215.9184211730957,91.60279343901435,11.719726027486274,9.33350450090604,15.305083977172751,0.0050173832714282,0.0,0.0,0.0,0.0,0.0,0.0,0.0,0.0,0.0,35141100.0,38061000.0,32474700.0,0.0,0.0,0.0,0.0,0.0,0.0,0.0,0.0,0.0,0.0,0.0,0.0,0.0,0.0,0.0,0.0,0.0,0.0,0.0,0.0,0.0,0.0,0.0,0.0,239.39810689290366,0.604602227183679,235.4724382672991,3.939158588882944,222.1508560180664,14.193896357667363,-0.0017856985357360688
2025-09-12,240.04388783032,241.75157459718335,237.67710805902945,240.4733123779297,26771600,0.0,0.0,238.47802124023437,217.81790771484376,90.45321998434815,11.909429807789678,9.848689562282768,15.895966219811308,0.00178889295927398,0.0,0.0,0.0,0.0,0.0,0.0,0.0,0.0,0.0,30599300.0,35141100.0,38061000.0,0.0,0.0,0.0,0.0,0.0,0.0,0.0,0.0,0.0,0.0,0.0,0.0,0.0,0.0,0.0,0.0,0.0,0.0,0.0,0.0,0.0,0.0,0.0,0.0,239.7875773111979,0.8436247997621837,236.94844709123885,3.5222811743851388,224.6399143763951,14.128501391343251,-0.04296331445978907
2025-09-15,244.32807821701437,252.06756394348793,244.32807821701437,251.26864624023438,58383800,0.0,0.0,241.987255859375,220.20926971435546,92.01137192356265,12.783504361911639,10.435652522208542,17.16613705807775,0.04489202463073605,0.0,0.0,0.0,0.0,0.0,0.0,0.0,0.0,0.0,26771600.0,30599300.0,35141100.0,0.0,0.0,0.0,0.0,0.0,0.0,0.0,0.0,0.0,0.0,0.0,0.0,0.0,0.0,0.0,0.0,0.0,0.0,0.0,0.0,0.0,0.0,0.0,0.0,243.92861938476562,6.360274720988025,239.73289053780692,5.75176431286573,227.7290257045201,14.921065661002169,0.0017916749986357505
2025-09-16,251.73800966841424,252.696698721273,249.13154999644232,250.8192596435547,34109700,0.0,0.0,244.29012756347657,222.59811706542968,93.64439252280053,13.286791143190442,11.005880246404923,17.957529138967004,-0.001788470640503359,0.0,0.0,0.0,0.0,0.0,0.0,0.0,0.0,0.0,58383800.0,26771600.0,30599300.0,0.0,0.0,0.0,0.0,0.0,0.0,0.0,0.0,0.0,0.0,0.0,0.0,0.0,0.0,0.0,0.0,0.0,0.0,0.0,0.0,0.0,0.0,0.0,0.0,247.5204060872396,6.1070970509054465,242.0682874407087,6.526144324072193,230.8822501046317,14.793311469445943,0.006532295732805782
2025-09-17,250.87917693990602,251.25866627901078,245.94587648389523,249.19146728515625,34108000,0.0,0.0,246.35931701660155,225.0018569946289,90.66361425450198,13.39983534331509,11.484671265786956,18.14731898699373,-0.006489901775133755,0.0,0.0,0.0,0.0,0.0,0.0,0.0,0.0,0.0,34109700.0,58383800.0,26771600.0,0.0,0.0,0.0,0.0,0.0,0.0,0.0,0.0,0.0,0.0,0.0,0.0,0.0,0.0,0.0,0.0,0.0,0.0,0.0,0.0,0.0,0.0,0.0,0.0,250.42645772298178,1.0928806496925454,244.27814374651228,5.8087029392065075,233.8949715750558,13.821331908828425,-0.009919470761090121
2025-09-18,251.338548569648,253.64542748570952,249.46110945180462,251.68807983398438,31239500,0.0,0.0,248.6881530761719,227.64267501831054,90.35604313581997,13.534858035703166,11.8947086197702,17.986940499121477,0.010018852475278228,0.0,0.0,0.0,0.0,0.0,0.0,0.0,0.0,0.0,34108000.0,34109700.0,58383800.0,0.0,0.0,0.0,0.0,0.0,0.0,0.0,0.0,0.0,0.0,0.0,0.0,0.0,0.0,0.0,0.0,0.0,0.0,0.0,0.0,0.0,0.0,0.0,0.0,250.56626892089844,1.2673877796741317,246.0471692766462,5.926129011425903,236.78954860142298,12.907890960549203,-0.01056063509815408
2025-09-19,252.90642848071656,255.65269769422878,251.4683796180924,254.3744354248047,55571400,0.0,0.0,251.46837768554687,230.3963592529297,90.62114668687482,13.700697821477746,12.25590646011171,17.631815362820344,0.010673352478958398,0.0,0.0,0.0,0.0,0.0,0.0,0.0,0.0,0.0,31239500.0,34108000.0,34109700.0,0.0,0.0,0.0,0.0,0.0,0.0,0.0,0.0,0.0,0.0,0.0,0.0,0.0,0.0,0.0,0.0,0.0,0.0,0.0,0.0,0.0,0.0,0.0,0.0,251.75132751464844,2.5920628630490548,248.26558576311385,5.682488273754131,239.7854963030134,11.622971685805934,0.008672229081557736
2025-09-22,254.08482475081846,255.4329993925613,249.96043800377367,252.18740844726562,32290500,0.0,0.0,251.65213012695312,232.72440490722656,89.52772079917659,13.500032278546144,12.504731623798598,17.259086215969134,-0.008597668133933034,0.0,0.0,0.0,0.0,0.0,0.0,0.0,0.0,0.0,55571400.0,31239500.0,34108000.0,0.0,0.0,0.0,0.0,0.0,0.0,0.0,0.0,0.0,0.0,0.0,0.0,0.0,0.0,0.0,0.0,0.0,0.0,0.0,0.0,0.0,0.0,0.0,0.0,252.7499745686849,1.4288061697875076,250.00037275041853,4.480740366648147,242.7364055088588,8.558743208156725,0.003457047075013042
2025-09-23,252.69670571321294,254.01492224497756,250.1401811840686,251.31858825683594,26628000,0.0,0.0,251.7519958496094,234.88927993774413,81.27175470694799,13.119661569849796,12.627717613008839,16.703925123335065,-0.0034451370739684295,0.0,0.0,0.0,0.0,0.0,0.0,0.0,0.0,0.0,32290500.0,55571400.0,31239500.0,0.0,0.0,0.0,0.0,0.0,0.0,0.0,0.0,0.0,0.0,0.0,0.0,0.0,0.0,0.0,0.0,0.0,0.0,0.0,0.0,0.0,0.0,0.0,0.0,252.6268107096354,1.5745971674180157,251.54969787597656,1.5616316129490615,244.2490724836077,8.015651916827068,0.018289238048262657
2025-09-24,251.31859024650916,252.00765659919705,246.1056707170572,246.80471801757812,28201000,0.0,0.0,251.27464599609374,236.89580993652345,70.45195616463391,12.312057701273972,12.564585630661867,15.503412573577316,-0.01796074962288441,0.0,0.0,0.0,0.0,0.0,0.0,0.0,0.0,0.0,26628000.0,32290500.0,55571400.0,0.0,0.0,0.0,0.0,0.0,0.0,0.0,0.0,0.0,0.0,0.0,0.0,0.0,0.0,0.0,0.0,0.0,0.0,0.0,0.0,0.0,0.0,0.0,0.0,250.10357157389322,2.889729783275125,250.91199384416853,2.3882119733089318,245.32244219098772,7.1796792429538145,0.00549258282187659
2025-09-25,244.0684141454478,246.15559020390248,240.41339128252798,245.45652770996094,31020400,0.0,0.0,250.02833557128906,238.81796798706054,65.51911013386794,11.431463332964228,12.337961171122341,13.904168005627087,-0.005462579153455049,0.0,0.0,0.0,0.0,0.0,0.0,0.0,0.0,0.0,28201000.0,26628000.0,32290500.0,0.0,0.0,0.0,0.0,0.0,0.0,0.0,0.0,0.0,0.0,0.0,0.0,0.0,0.0,0.0,0.0,0.0,0.0,0.0,0.0,0.0,0.0,0.0,0.0,247.85994466145834,3.0701898827736986,250.14588928222656,3.1587559863408017,246.10708836146765,6.467531778669466,-0.003042145107086447
2025-09-26,246.73481561544992,249.08161830530747,245.63630185383965,246.2055206298828,18503200,0.0,0.0,248.3945526123047,240.5700439453125,67.63541685978007,10.671014606869534,12.004571858271781,12.357888034974332,0.0030514279938276268,0.0,0.0,0.0,0.0,0.0,0.0,0.0,0.0,0.0,31020400.0,28201000.0,26628000.0,0.0,0.0,0.0,0.0,0.0,0.0,0.0,0.0,0.0,0.0,0.0,0.0,0.0,0.0,0.0,0.0,0.0,0.0,0.0,0.0,0.0,0.0,0.0,0.0,246.15558878580728,0.6754806941656101,249.71932547433036,3.493048412678564,246.9987346104213,5.401403716267144,0.010202811581655924
2025-09-29,247.51375020937843,250.80926093832198,242.4406403715287,243.71890258789062,32505800,0.0,0.0,246.7008514404297,242.1344306945801,56.83362925347805,9.75525174852396,11.554707836322217,10.439810867175817,-0.010099765576460307,0.0,0.0,0.0,0.0,0.0,0.0,0.0,0.0,0.0,18503200.0,31020400.0,28201000.0,0.0,0.0,0.0,0.0,0.0,0.0,0.0,0.0,0.0,0.0,0.0,0.0,0.0,0.0,0.0,0.0,0.0,0.0,0.0,0.0,0.0,0.0,0.0,0.0,245.12698364257812,1.2756436771148911,248.58087158203125,4.005514189071448,247.31402042933874,5.034096509552749,0.003907810517386645
2025-09-30,242.48058753408858,242.9599320717839,238.92541967317948,242.77020263671875,34724300,0.0,0.0,244.99117431640624,243.72920684814454,55.985395344940734,8.850922997321902,11.013950868522155,7.409699594777542,-0.0038925989781598558,0.0,0.0,0.0,0.0,0.0,0.0,0.0,0.0,0.0,32505800.0,18503200.0,31020400.0,0.0,0.0,0.0,0.0,0.0,0.0,0.0,0.0,0.0,0.0,0.0,0.0,0.0,0.0,0.0,0.0,0.0,0.0,0.0,0.0,0.0,0.0,0.0,0.0,244.2315419514974,1.774105906193589,246.9231240408761,3.5876284351784635,247.594354901995,4.618343166008051,-0.007349891365056815
2025-10-01,240.42338523813993,245.96585884887978,238.2862890899911,244.5677490234375,31658200,0.0,0.0,244.5437805175781,244.45053176879884,56.77534180082518,8.184932114866797,10.448147117791084,6.683970294464978,0.007404312255769652,0.0,0.0,0.0,0.0,0.0,0.0,0.0,0.0,0.0,34724300.0,32505800.0,18503200.0,0.0,0.0,0.0,0.0,0.0,0.0,0.0,0.0,0.0,0.0,0.0,0.0,0.0,0.0,0.0,0.0,0.0,0.0,0.0,0.0,0.0,0.0,0.0,0.0,243.68561808268228,0.8992353122675814,245.83460126604353,2.791874969607424,247.91748700823103,4.187595075258553,-0.003215483675810815
2025-10-02,244.8174135056227,246.4751651396655,241.97128907367482,245.356689453125,25483300,0.0,0.0,244.52381286621093,245.12948913574218,57.235879118717556,7.632804225683401,9.885078539369548,5.981684817625176,0.0032258563642906246,0.0,0.0,0.0,0.0,0.0,0.0,0.0,0.0,0.0,31658200.0,34724300.0,32505800.0,0.0,0.0,0.0,0.0,0.0,0.0,0.0,0.0,0.0,0.0,0.0,0.0,0.0,0.0,0.0,0.0,0.0,0.0,0.0,0.0,0.0,0.0,0.0,0.0,244.2315470377604,1.3256139499315591,244.98290143694197,1.4049871451980245,248.26629965645927,3.6941320120116896,0.0013858370850203805
2025-10-03,244.15830178707057,245.96584369150784,241.33213946713911,245.0171356201172,30249600,0.0,0.0,244.2861358642578,245.65677185058593,36.57806266294246,7.086154955733576,9.325293822642355,5.432308142975144,-0.0013839191984723609,0.0,0.0,0.0,0.7746,0.7746,1.0,1302.0,1.0,0.0,25483300.0,31658200.0,34724300.0,0.0,0.0,0.0,0.0,0.0,0.0,0.0,0.0,0.0,0.0,0.0,0.0,0.0,0.0,0.0,0.0,0.0,0.0,0.0,0.0,0.0,0.0,0.0,0.0,244.98052469889322,0.3957423657836181,244.72753252301897,1.1597123651621688,247.81976318359375,3.6811097993338224,-0.020285097286050435
2025-10-06,244.44791178946252,250.97904766602093,244.24818617214953,250.09024047851562,28894700,0.0,0.0,245.5604034423828,246.47516021728515,48.69408156024686,6.981806713500021,8.856596400813888,4.726868505731079,0.02070510230053446,0.0,0.0,0.0,0.0,0.0,0.0,0.0,0.0,0.0,30249600.0,25483300.0,31658200.0,0.0,0.0,0.0,0.0,0.0,0.0,0.0,0.0,0.0,0.7746,0.0,0.0,0.7746,0.0,0.0,1.0,0.0,0.0,1302.0,0.0,0.0,1.0,0.0,0.0,246.82135518391928,2.836024066067056,245.38949148995536,2.3533476700036084,247.76769038609095,3.640345795893682,0.01900228521321079
2025-10-07,247.93317917084852,250.1002333278666,245.18691006468788,245.42657470703125,23181300,0.0,0.0,246.0916778564453,246.78124389648437,43.91738914351979,6.448457325836813,8.374968585818474,4.426805925027664,-0.01864793189274816,0.0,0.0,0.0,0.0,0.0,0.0,0.0,0.0,0.0,28894700.0,30249600.0,25483300.0,0.0,0.0,0.0,0.0,0.0,0.0,0.0,0.0,0.0,0.0,0.7746,0.0,0.0,0.7746,0.0,0.0,1.0,0.0,0.0,1302.0,0.0,0.0,1.0,0.0,246.8446502685547,2.8182089968154798,245.27821350097656,2.32659492275115,247.49876948765345,3.6660474560238723,0.00466024683711419
2025-10-08,244.62768203424937,245.67624536262252,243.48922922331397,244.2881317138672,21307100,0.0,0.0,246.03575439453124,247.05337448120116,37.495790787845905,5.8662883380324615,7.873232536261272,4.065868179837231,-0.0046386296778294644,0.0,0.0,0.0,0.9875,0.9875,1.0,948.0,1.0,0.0,23181300.0,28894700.0,30249600.0,0.0,0.0,0.0,0.0,0.0,0.0,0.0,0.0,0.0,0.0,0.0,0.7746,0.0,0.0,0.7746,0.0,0.0,1.0,0.0,0.0,1302.0,0.0,0.0,1.0,246.60164896647134,3.074364351474023,245.35953194754464,2.2723257615880192,246.97020176478796,3.547103383337154,0.012793473450942505
2025-10-09,244.13833003954065,244.42792989328805,238.82554034163272,241.2023162841797,27892100,0.0,0.0,245.2048797607422,247.1112953186035,28.038626666218917,5.09715883082572,7.318017795174161,3.96782748200235,-0.012631867983262879,0.0,0.0,0.0,0.0,0.0,0.0,0.0,0.0,0.0,21307100.0,23181300.0,28894700.0,0.0,0.0,0.0,0.0,0.0,0.0,0.0,0.0,0.0,0.9875,0.0,0.0,0.9875,0.0,0.0,1.0,0.0,0.0,948.0,0.0,0.0,1.0,0.0,0.0,243.63900756835938,2.1856604088882183,245.1355481828962,2.620668518549617,246.02933611188615,3.1576267098884148,0.020966273710638417
2025-10-10,241.10244578834048,243.75884063652228,235.52003337107624,236.24905395507812,33180300,0.0,0.0,243.45126342773438,246.90008239746095,25.670737785943416,4.041345169800081,6.662683270099346,4.4257779308416945,-0.020535716262632064,0.0,0.0,0.0,0.0,0.0,0.0,0.0,0.0,0.0,27892100.0,21307100.0,23181300.0,0.0,0.0,0.0,0.0,0.0,0.0,0.0,0.0,0.0,0.0,0.9875,0.0,0.0,0.9875,0.0,0.0,1.0,0.0,0.0,948.0,0.0,0.0,1.0,0.0,240.579833984375,4.055527827934845,243.94716317313058,4.281140661089791,244.89088221958704,3.6077359848989348,-0.031046491477796367
2025-10-13,239.8841293059291,244.16830263513637,239.38480762364867,243.8187713623047,24995000,0.0,0.0,242.19696960449218,246.52758865356446,40.49607551349361,3.7719376197746897,6.084534140034416,4.351634849664817,0.03204126018919817,0.0,0.0,0.0,0.0,0.0,0.0,0.0,0.0,0.0,33180300.0,27892100.0,21307100.0,0.0,0.0,0.0,0.0,0.0,0.0,0.0,0.0,0.0,0.0,0.0,0.9875,0.0,0.0,0.9875,0.0,0.0,1.0,0.0,0.0,948.0,0.0,0.0,1.0,240.42338053385416,3.8445040101007413,243.72746058872767,4.235973475368592,244.35518101283483,3.1011315801438117,-0.005296380948491719
2025-10-14,240.9027282868883,246.78473694130554,240.18370386409978,245.11700439453125,22111600,0.0,0.0,242.1350555419922,246.2424758911133,47.671527142710374,3.62144103335379,5.591915518698292,4.241048242759074,0.005324581962959041,0.0,0.0,0.0,0.0,0.0,0.0,0.0,0.0,0.0,24995000.0,33180300.0,27892100.0,0.0,0.0,0.0,0.0,0.0,0.0,0.0,0.0,0.0,0.0,0.0,0.0,0.0,0.0,0.0,0.0,0.0,0.0,0.0,0.0,0.0,0.0,0.0,0.0,241.72827657063803,4.789338430790893,243.7417275565011,4.2412060623763805,244.23463003976005,3.030586511063384,-0.022228433391970892
2025-10-15,246.91456723829836,251.76797450819856,245.6562821083569,250.68943786621094,27007700,0.0,0.0,243.41531677246093,246.317374420166,56.465966493659685,3.906785226538574,5.254889460266348,4.308559647733838,0.022733769472437437,0.0,0.0,0.0,0.0,0.0,0.0,0.0,0.0,0.0,22111600.0,24995000.0,33180300.0,0.0,0.0,0.0,0.0,0.0,0.0,0.0,0.0,0.0,0.0,0.0,0.0,0.0,0.0,0.0,0.0,0.0,0.0,0.0,0.0,0.0,0.0,0.0,0.0,246.54173787434897,3.6501936480648274,243.82732718331474,4.393987261685324,244.60840933663505,3.4819696735155587,-0.0017099984353471376
2025-10-16,251.42842769264908,256.6113736152233,249.76069521164578,251.1188507080078,27997200,0.0,0.0,245.39862365722655,246.28891296386718,56.11941138104092,4.1200788783618805,5.027927343885455,4.272947554916818,0.001712927538758402,0.0,0.0,0.0,0.9959,0.9959,1.0,8.0,1.0,0.0,27007700.0,22111600.0,24995000.0,0.0,0.0,0.0,0.0,0.0,0.0,0.0,0.0,0.0,0.0,0.0,0.0,0.0,0.0,0.0,0.0,0.0,0.0,0.0,0.0,0.0,0.0,0.0,0.0,248.97509765625,3.348098200363587,244.64050946916853,5.193306733895884,244.95936148507255,3.880168564090481,-0.007264135032092445
2025-10-17,250.41979725844868,253.87510990312921,247.4738024671156,252.95635986328125,29671600,0.0,0.0,248.74008483886718,246.218009185791,61.69406806900857,4.386818750400664,4.899705625188497,4.14146022499816,0.007317288806048428,0.0,0.0,0.0,0.0,0.0,0.0,0.0,0.0,0.0,27997200.0,27007700.0,22111600.0,0.0,0.0,0.0,0.0,0.0,0.0,0.0,0.0,0.0,0.9959,0.0,0.0,0.9959,0.0,0.0,1.0,0.0,0.0,8.0,0.0,0.0,1.0,0.0,0.0,251.58821614583334,1.2041435839976085,245.87882777622767,6.056921400095595,245.61917986188615,4.403166743597226,-0.012668034507711257
2025-10-20,254.3444728441902,256.98087539491434,253.88509020638818,256.2019348144531,22350200,0.0,0.0,251.2167175292969,246.4187355041504,66.06927446914156,4.804717008069844,4.880707901764767,4.525491455880581,0.012830572644728422,0.0,0.0,0.0,0.0,0.0,0.0,0.0,0.0,0.0,29671600.0,27997200.0,27007700.0,0.0,0.0,0.0,0.0,0.0,0.0,0.0,0.0,0.0,0.0,0.9959,0.0,0.0,0.9959,0.0,0.0,1.0,0.0,0.0,8.0,0.0,0.0,1.0,0.0,253.42571512858072,2.5738408618465796,248.0216304234096,6.741331940297173,246.5785893031529,5.136849575728744,0.024315212692529897
2025-10-21,254.39440086428343,254.53421031738455,243.81875668908756,250.12020874023438,47312100,0.0,0.0,252.2173583984375,246.35881652832032,56.02514531110087,4.59222362558728,4.8230110465292695,4.464726825343352,-0.0237380177422285,0.0,0.0,0.0,0.0,0.0,0.0,0.0,0.0,0.0,22350200.0,29671600.0,27997200.0,0.0,0.0,0.0,0.0,0.0,0.0,0.0,0.0,0.0,0.0,0.0,0.9959,0.0,0.0,0.9959,0.0,0.0,1.0,0.0,0.0,8.0,0.0,0.0,1.0,253.09283447265625,3.0431590493637906,250.0032239641462,4.301101050892518,246.9751935686384,5.1837866077178045,-0.004886968961008598
2025-10-22,254.02489806023604,256.01218852739623,248.95178813355238,251.34854125976562,35029400,0.0,0.0,252.34917907714845,246.58600769042968,56.44052662862421,4.47139381322782,4.75268759986898,4.602105554431937,0.004910968712675823,0.0,0.0,0.0,0.0,0.0,0.0,0.0,0.0,0.0,47312100.0,22350200.0,29671600.0,0.0,0.0,0.0,0.0,0.0,0.0,0.0,0.0,0.0,0.0,0.0,0.0,0.0,0.0,0.0,0.0,0.0,0.0,0.0,0.0,0.0,0.0,0.0,0.0,252.55689493815103,3.2158882084926863,251.0789053780692,3.3281529565106296,247.40318298339844,5.286219617910095,-0.005492307141508612
2025-10-23,252.6367781341903,254.69398089708358,251.50832156545113,252.7366485595703,19901400,0.0,0.0,252.67273864746093,246.95001373291015,58.11464108336793,4.436502732722829,4.689450626439751,4.792059140111237,0.005522639172073296,0.0,0.0,0.0,0.0,0.0,0.0,0.0,0.0,0.0,35029400.0,47312100.0,22350200.0,0.0,0.0,0.0,0.0,0.0,0.0,0.0,0.0,0.0,0.0,0.0,0.0,0.0,0.0,0.0,0.0,0.0,0.0,0.0,0.0,0.0,0.0,0.0,0.0,251.40179951985678,1.3090327206628836,252.16742597307478,2.0562636880850733,247.95457676478796,5.419123358258698,-0.02631595654814145
2025-10-24,256.23191746004557,261.32500504033385,254.97364746401067,259.5674133300781,28655100,0.0,0.0,253.9949493408203,247.61810836791992,59.60725546585358,4.903512292564585,4.732262959664718,5.5537103720311976,0.0270272032546075,0.0,0.0,0.0,0.0,0.0,0.0,0.0,0.0,0.0,19901400.0,35029400.0,47312100.0,0.0,0.0,0.0,0.0,0.0,0.0,0.0,0.0,0.0,0.0,0.0,0.0,0.0,0.0,0.0,0.0,0.0,0.0,0.0,0.0,0.0,0.0,0.0,0.0,254.55086771647134,4.399546327634769,253.43570818219865,3.333789331364967,248.6315176827567,6.236684900591425,-0.03472327199054681
2025-10-27,264.4607188078389,269.7735083332291,263.92144290721717,268.9046630859375,35235200,0.0,0.0,256.5354949951172,248.87739639282228,71.74034679206041,5.95837432376203,4.977485232484181,7.226514623562257,0.03597234967235918,0.0,0.0,0.0,0.0,0.0,0.0,0.0,0.0,0.0,28655100.0,19901400.0,35029400.0,0.0,0.0,0.0,0.0,0.0,0.0,0.0,0.0,0.0,0.0,0.0,0.0,0.0,0.0,0.0,0.0,0.0,0.0,0.0,0.0,0.0,0.0,0.0,0.0,260.4029083251953,8.116323819708594,255.9765385219029,6.524503983542756,250.30852399553572,8.16656864096115,0.006729568593990765
2025-10-28,269.3241367489819,270.3627344019799,266.1384619149823,267.1071472167969,29738600,0.0,0.0,259.93288269042966,250.09424362182617,70.87525576416849,6.573539899113285,5.296696165810002,8.135818835772,-0.006684584225920109,0.0,0.0,0.0,0.5252,0.5252,1.0,188.0,1.0,0.0,35235200.0,28655100.0,19901400.0,0.0,0.0,0.0,0.0,0.0,0.0,0.0,0.0,0.0,0.0,0.0,0.0,0.0,0.0,0.0,0.0,0.0,0.0,0.0,0.0,0.0,0.0,0.0,0.0,265.1930745442708,4.954171363368734,257.9980795724051,7.545169388913489,251.9384536743164,9.096754248182851,-0.025858595706754306
2025-10-29,267.38675485794886,274.96645416764926,267.3068768000952,274.197509765625,43580300,0.0,0.0,264.50267639160154,251.57573165893555,78.12400259601415,7.546208061484634,5.746598544944929,9.635921212379069,0.02654501245177565,0.0,0.0,0.0,0.0,0.0,0.0,0.0,0.0,0.0,29738600.0,35235200.0,28655100.0,0.0,0.0,0.0,0.0,0.0,0.0,0.0,0.0,0.0,0.5252,0.0,0.0,0.5252,0.0,0.0,1.0,0.0,0.0,188.0,0.0,0.0,1.0,0.0,0.0,270.0697733561198,3.6859763597635924,260.56887599400113,9.613444834785884,254.29525320870536,10.296377508827698,-0.024548844949269455
2025-10-30,291.1944142933695,291.1944142933695,279.6800575475708,281.09814453125,74876000,0.0,0.0,270.1749755859375,253.3628044128418,86.99957552634984,8.772751325996552,6.3518291011552535,11.546684121661173,0.025166657317651886,0.0,0.0,0.0,0.0,0.0,0.0,0.0,0.0,0.0,43580300.0,29738600.0,35235200.0,0.0,0.0,0.0,0.0,0.0,0.0,0.0,0.0,0.0,0.0,0.5252,0.0,0.0,0.5252,0.0,0.0,1.0,0.0,0.0,188.0,0.0,0.0,1.0,0.0,274.13426717122394,6.995713057479292,264.9942953927176,11.027962873695255,257.4987596784319,11.18809597941629,0.001031349772766088
2025-10-31,282.8257813584811,285.6120049046921,276.6541726227251,280.80853271484375,39267900,0.0,0.0,274.42319946289064,255.15237426757812,84.68171482250122,9.610640960120236,7.0035914729482505,12.881563690289791,-0.0010302871863107077,0.0,0.0,0.0,0.9636,0.9636,1.0,338.0,1.0,0.0,74876000.0,43580300.0,29738600.0,0.0,0.0,0.0,0.0,0.0,0.0,0.0,0.0,0.0,0.0,0.0,0.5252,0.0,0.0,0.5252,0.0,0.0,1.0,0.0,0.0,188.0,0.0,0.0,1.0,278.70139567057294,3.903166654738263,269.20286560058594,10.564049450244386,260.14088548932756,12.043917158758338,-0.008917181261662077
2025-11-03,281.797163766903,285.14262497278366,279.42038779718166,283.3350830078125,29786000,0.0,0.0,277.3092834472656,256.81461639404296,85.02660425444319,10.359132395295887,7.6746996574177775,14.264674576566442,0.008997412822687956,0.0,0.0,0.0,0.9322,0.9322,1.0,7.0,1.0,0.0,39267900.0,74876000.0,43580300.0,0.0,0.0,0.0,0.0,0.0,0.0,0.0,0.0,0.0,0.9636,0.0,0.0,0.9636,0.0,0.0,1.0,0.0,0.0,338.0,0.0,0.0,1.0,0.0,0.0,281.74725341796875,1.3827041823389266,273.5740705217634,8.797974034648055,262.8707482474191,12.690550429764452,0.02226700387234537
2025-11-04,276.3745458896769,280.88840284028174,275.88522040271835,277.1634826660156,30078400,0.0,0.0,279.3205505371094,258.4014617919922,73.9996984481144,10.335183123278284,8.20679635058988,14.690070354675733,-0.021781984342640337,0.0,0.0,0.0,0.0,0.0,0.0,0.0,0.0,0.0,29786000.0,39267900.0,74876000.0,0.0,0.0,0.0,0.0,0.0,0.0,0.0,0.0,0.0,0.9322,0.9636,0.0,0.9322,0.9636,0.0,1.0,1.0,0.0,7.0,338.0,0.0,1.0,1.0,0.0,280.4356994628906,3.102646639573627,276.0877947126116,6.283468407766177,264.7617514474051,12.708223696789425,-0.02381199340343576
2025-11-05,278.4916636746374,286.03143918614273,276.96374058170124,283.9242858886719,31010300,0.0,0.0,281.2659057617187,260.3832695007324,76.6770093774297,10.7379629179689,8.713029664065685,15.344881542594058,0.024392835440024685,0.0,0.0,0.0,0.0,0.0,0.0,0.0,0.0,0.0,30078400.0,29786000.0,39267900.0,0.0,0.0,0.0,0.0,0.0,0.0,0.0,0.0,0.0,0.0,0.9322,0.9636,0.0,0.9322,0.9636,0.0,1.0,1.0,0.0,7.0,338.0,0.0,1.0,1.0,281.4742838541667,3.74486917949694,278.2334551130022,5.978824515154641,267.10499681745256,13.01977533005826,-0.0015452837134029007
2025-11-06,284.9429082592804,287.9588308357049,280.7586204462715,284.36370849609375,37173600,0.0,0.0,281.9190185546875,262.5413391113281,76.13434827920356,10.96621484069209,9.163666699390966,15.539168847243568,0.001547675310854535,0.0,0.0,0.0,0.6843,0.7477396315789474,2.0,3800.0,1.0,0.0,31010300.0,30078400.0,29786000.0,0.0,0.0,0.0,0.0,0.0,0.0,0.0,0.0,0.0,0.0,0.0,0.9322,0.0,0.0,0.9322,0.0,0.0,1.0,0.0,0.0,7.0,0.0,0.0,1.0,281.81715901692706,4.036186410619852,280.6986781529018,3.779816181215352,269.3483788626535,13.099940294998456,0.02123175408976352
2025-11-07,282.82575309004056,283.39498707048995,274.816645004158,278.4516906738281,34479600,0.0,0.0,281.44765014648436,264.65147094726564,67.72756141233042,10.548459628050182,9.44062528512281,14.61911420313865,-0.02079033873039693,0.0,0.0,0.0,0.0,0.0,0.0,0.0,0.0,0.0,37173600.0,31010300.0,30078400.0,0.0,0.0,0.0,0.0,0.0,0.0,0.0,0.0,0.0,0.6843,0.0,0.0,0.7477396315789474,0.0,0.0,2.0,0.0,0.0,3800.0,0.0,0.0,1.0,0.0,0.0,282.24656168619794,3.2937907579856014,281.3064182826451,2.7664775454522164,270.9376471383231,12.726683440747989,-0.038848742771065314
2025-11-10,284.03413439651047,290.40545290698407,282.47622284552773,289.7064208984375,29557300,0.0,0.0,282.7219177246094,266.94585342407225,79.13848835615977,10.998761406683627,9.752252509434975,14.777502152836643,0.04041896889680907,0.0,0.0,0.0,0.0,0.0,0.0,0.0,0.0,0.0,34479600.0,37173600.0,31010300.0,0.0,0.0,0.0,0.0,0.0,0.0,0.0,0.0,0.0,0.0,0.6843,0.0,0.0,0.7477396315789474,0.0,0.0,2.0,0.0,0.0,3800.0,0.0,0.0,1.0,0.0,284.17394002278644,5.629764396695479,282.53617204938615,4.200218124475769,273.7652337210519,12.129296424689006,-0.004153599795231
2025-11-11,287.3595968518003,291.5239526379353,286.9301875660949,290.9147644042969,19842100,0.0,0.0,285.4721740722656,269.23574142456056,79.13234765414344,11.322612009707882,10.066324409489557,14.765277779468699,0.004170924144905275,0.0,0.0,0.0,0.0,0.0,0.0,0.0,0.0,0.0,29557300.0,34479600.0,37173600.0,0.0,0.0,0.0,0.0,0.0,0.0,0.0,0.0,0.0,0.0,0.0,0.6843,0.0,0.0,0.7477396315789474,0.0,0.0,2.0,0.0,0.0,3800.0,0.0,0.0,1.0,286.3576253255208,6.873345295028126,283.97991943359375,5.139329080283935,276.59139251708984,11.067400796376992,0.01604405464110803
2025-11-12,291.2842728658537,291.613842224268,283.30512258449664,286.3210144042969,24829900,0.0,0.0,285.95151977539064,271.01732025146487,73.61326128074654,11.080855507693173,10.26923062913028,14.557898642781966,-0.015790707664516734,0.0,0.0,0.0,0.1406,0.1406,1.0,1561.0,1.0,0.0,19842100.0,29557300.0,34479600.0,0.0,0.0,0.0,0.0,0.0,0.0,0.0,0.0,0.0,0.0,0.0,0.0,0.0,0.0,0.0,0.0,0.0,0.0,0.0,0.0,0.0,0.0,0.0,0.0,288.98073323567706,2.3813025224775872,284.40648106166293,5.200439857370427,278.99027579171315,8.933030514784162,0.029220590451872752
2025-11-13,281.9569519907634,282.45627365196606,276.8638649512614,278.19207763671875,29494000,0.0,0.0,284.7171936035156,272.37098159790037,62.860289255519156,10.116705394938208,10.238725582291867,13.851839926285754,-0.0283909889900702,0.0,0.0,0.0,0.0,0.0,0.0,0.0,0.0,0.0,24829900.0,19842100.0,29557300.0,0.0,0.0,0.0,0.0,0.0,0.0,0.0,0.0,0.0,0.1406,0.0,0.0,0.1406,0.0,0.0,1.0,0.0,0.0,1561.0,0.0,0.0,1.0,0.0,0.0,285.1426188151042,6.442682032350242,284.5534232003348,4.9711515849708245,280.3206089564732,6.994503170326713,0.007814494343079126
2025-11-14,271.04178706348836,278.1820807042813,270.3327588398133,276.0350036621094,31647200,0.0,0.0,284.2338562011719,273.5249137878418,55.46542434366113,9.073952762811643,10.005771018395823,13.089695119553594,-0.0077539015234869835,0.0,0.0,0.0,0.0,0.0,0.0,0.0,0.0,0.0,29494000.0,24829900.0,19842100.0,0.0,0.0,0.0,0.0,0.0,0.0,0.0,0.0,0.0,0.0,0.1406,0.0,0.0,0.1406,0.0,0.0,1.0,0.0,0.0,1561.0,0.0,0.0,1.0,0.0,280.1826985677083,5.424244925820411,283.4263828822545,5.937875700489662,280.82991899762834,6.327054293113093,-0.030208331546380474
2025-11-17,285.392279437324,293.55120856159544,283.1852862901624,284.63330078125,52670200,0.0,0.0,283.2192321777344,274.9464820861816,62.16551026987958,8.839478501985127,9.772512515113684,12.645689468790268,0.031149299925982143,0.0,0.0,0.0,0.0,0.0,0.0,0.0,0.0,0.0,31647200.0,29494000.0,24829900.0,0.0,0.0,0.0,0.0,0.0,0.0,0.0,0.0,0.0,0.0,0.0,0.1406,0.0,0.0,0.1406,0.0,0.0,1.0,0.0,0.0,1561.0,0.0,0.0,1.0,279.62012736002606,4.473496713584677,283.4648960658482,5.945837418706979,282.081787109375,4.997090101235775,0.002603021999432631
2025-11-18,287.52939388700526,288.4081743957296,277.8225797399186,283.8943176269531,49158700,0.0,0.0,281.8151428222656,276.63518753051756,57.381772461733824,8.496088575900899,9.517227727271127,11.344001827404051,-0.0025962638674692506,0.0,0.0,0.0,0.3103666666666667,0.24240714904679375,3.0,4616.0,0.6666666666666666,0.0,52670200.0,31647200.0,29494000.0,0.0,0.0,0.0,0.0,0.0,0.0,0.0,0.0,0.0,0.0,0.0,0.0,0.0,0.0,0.0,0.0,0.0,0.0,0.0,0.0,0.0,0.0,0.0,0.0,281.5208740234375,4.765249651547831,284.24241420200894,5.52174985954522,282.774416242327,4.463777024870275,-0.02913153619353226
2025-11-19,286.77042153983126,303.39782684502376,286.2411417953812,292.4127502441406,68198900,0.0,0.0,283.0334899902344,278.68839797973635,58.40627705205649,8.809762448563276,9.375734671529557,10.183176823946146,0.030005646778675565,0.0,0.0,0.0,0.0,0.0,0.0,0.0,0.0,0.0,49158700.0,52670200.0,31647200.0,0.0,0.0,0.0,0.0,0.0,0.0,0.0,0.0,0.0,0.3103666666666667,0.0,0.0,0.24240714904679375,0.0,0.0,3.0,0.0,0.0,4616.0,0.0,0.0,0.6666666666666666,0.0,0.0,286.98012288411456,4.719280035162328,284.62903267996654,6.03863994067342,283.58260236467635,5.1138744714371684,0.011608210873717217
2025-11-20,304.1268355762142,306.0042898345543,288.2783714658303,289.05731201171875,62025200,0.0,0.0,285.2065368652344,280.5044311523437,55.86147373899467,8.687451892096249,9.238078115642896,8.392685615220513,-0.011475006577587155,0.0,0.0,0.0,0.0,0.0,0.0,0.0,0.0,0.0,68198900.0,49158700.0,52670200.0,0.0,0.0,0.0,0.0,0.0,0.0,0.0,0.0,0.0,0.0,0.3103666666666667,0.0,0.0,0.24240714904679375,0.0,0.0,3.0,0.0,0.0,4616.0,0.0,0.0,0.6666666666666666,0.0,288.4547932942708,4.291059911847897,284.36368233816967,5.75032452564066,284.1718008858817,5.243230596601848,-0.03407190970123508
2025-11-21,296.0178540164301,303.50767860502685,293.4513334764558,299.2534484863281,74137700,0.0,0.0,289.8502258300781,282.4887329101563,60.199638876081,9.305989244495834,9.251660341413483,7.8563555608171525,0.03527375385749121,0.0,0.0,0.0,0.3384,0.3384,1.0,4845.0,1.0,0.0,62025200.0,68198900.0,49158700.0,0.0,0.0,0.0,0.0,0.0,0.0,0.0,0.0,0.0,0.0,0.0,0.3103666666666667,0.0,0.0,0.24240714904679375,0.0,0.0,3.0,0.0,0.0,4616.0,0.0,0.0,0.6666666666666666,293.5745035807292,5.19639806630929,286.211172921317,8.08680849539477,285.30882699149,6.598633148601662,-0.05938849691695003
2025-11-24,310.70789188393536,319.0465694557707,309.17996886834777,318.14776611328125,85165100,0.0,0.0,296.55311889648436,284.9508880615234,72.57920956046155,11.19178613477095,9.639685500084976,10.609131289070348,0.063138178432107,0.0,0.0,0.0,-0.1701,-0.18956091903719913,2.0,4570.0,0.0,0.0,74137700.0,62025200.0,68198900.0,0.0,0.0,0.0,0.0,0.0,0.0,0.0,0.0,0.0,0.3384,0.0,0.0,0.3384,0.0,0.0,1.0,0.0,0.0,4845.0,0.0,0.0,1.0,0.0,0.0,302.15284220377606,14.760368996247527,291.91912841796875,13.662318212943568,288.2362758091518,10.59069028378395,-0.015026025351416172
2025-11-25,325.767421144808,328.3838617048627,317.2190369667809,323.0011901855469,88632100,0.0,0.0,304.37449340820314,287.74559020996094,71.99055167008196,12.928888340782464,10.297526068224474,12.797489206649624,0.015255251141815362,0.0,0.0,0.0,0.62495,0.5516631085367535,4.0,7251.0,1.0,0.0,85165100.0,74137700.0,62025200.0,0.0,0.0,0.0,0.0,0.0,0.0,0.0,0.0,0.0,-0.1701,0.3384,0.0,-0.18956091903719913,0.3384,0.0,2.0,1.0,0.0,4570.0,4845.0,0.0,0.0,1.0,0.0,313.46746826171875,12.54662105659271,298.6285836356027,15.909249159698266,291.02748325892856,13.9753894594626,0.010907841613371883
2025-11-26,320.2449508538883,324.0597758686898,316.36024396458464,319.5159606933594,51373400,0.0,0.0,309.7951354980469,290.01151275634766,69.12629071482347,13.864504088670685,11.010921672313717,14.20684921380802,-0.0107901444269769,0.0,0.0,0.0,0.4215,0.4215,1.0,9899.0,1.0,0.0,88632100.0,85165100.0,74137700.0,0.0,0.0,0.0,0.0,0.0,0.0,0.0,0.0,0.0,0.62495,-0.1701,0.3384,0.5516631085367535,-0.18956091903719913,0.3384,4.0,2.0,1.0,7251.0,4570.0,4845.0,1.0,0.0,1.0,320.2216389973958,2.5024823092143764,303.61182076590404,16.25428797299357,293.53835841587613,15.73329192595936,-0.0007182108884778993
2025-11-28,322.9312800436979,326.40656970987055,316.3602205188893,319.74560546875,26018600,0.0,0.0,315.93279418945315,291.94388580322266,73.94884777766096,14.45785556452688,11.700308450756351,15.50015883036015,0.000718727086097104,0.0,0.0,0.0,0.0,0.0,0.0,0.0,0.0,0.0,51373400.0,88632100.0,85165100.0,0.0,0.0,0.0,0.0,0.0,0.0,0.0,0.0,0.0,0.4215,0.62495,-0.1701,0.4215,0.5516631085367535,-0.18956091903719913,1.0,4.0,2.0,9899.0,7251.0,4570.0,1.0,1.0,0.0,320.75425211588544,1.9492901778377834,308.73343331473217,14.566593848912579,296.4879237583705,16.53757336713381,0.016799463758733424
2025-12-01,317.26898426885936,319.41606123931075,313.46415578589995,314.4627990722656,41183000,0.0,0.0,318.97466430664065,293.62659912109376,65.42630045437414,14.336549736893744,12.22755670798383,16.04486872520871,-0.016521904620830474,0.0,0.0,0.0,0.9674,0.9674,1.0,527.0,1.0,0.0,26018600.0,51373400.0,88632100.0,0.0,0.0,0.0,0.0,0.0,0.0,0.0,0.0,0.0,0.0,0.4215,0.62495,0.0,0.4215,0.5516631085367535,0.0,1.0,4.0,0.0,9899.0,7251.0,0.0,1.0,1.0,317.9081217447917,2.9859454816038,311.88344029017856,12.71558798372061,298.2562364850725,17.071608617531524,-0.002913080189680617
2025-12-02,316.3102616947243,317.948051296999,313.4841146313127,315.38153076171875,35854700,0.0,0.0,318.4214172363281,295.2289215087891,65.3010621636962,14.151419211987786,12.612329208784622,16.555061941530898,0.0029215910185993454,0.0,0.0,0.0,0.0,0.0,0.0,0.0,0.0,0.0,41183000.0,26018600.0,51373400.0,0.0,0.0,0.0,0.0,0.0,0.0,0.0,0.0,0.0,0.9674,0.0,0.4215,0.9674,0.0,0.4215,1.0,0.0,1.0,527.0,0.0,9899.0,1.0,0.0,1.0,316.5299784342448,2.8224475013911547,315.64404296875,7.770957082306151,300.0038626534598,17.508980994113944,-0.011951419518487993
2025-12-03,315.4614642178001,321.14371687287894,313.67388407801036,319.1963806152344,41838300,0.0,0.0,317.66045532226565,297.33056640625,70.761911222911,14.149422701165406,12.91974790726078,16.807066546086837,0.012095983694105028,0.0,0.0,0.0,0.9896,0.9896,1.0,1392.0,1.0,0.0,35854700.0,41183000.0,26018600.0,0.0,0.0,0.0,0.0,0.0,0.0,0.0,0.0,0.0,0.0,0.9674,0.0,0.0,0.9674,0.0,0.0,1.0,0.0,0.0,527.0,0.0,0.0,1.0,0.0,316.34690348307294,2.5101109386562723,318.4930332728795,2.8716121734004094,302.3521030970982,17.7358189198422,0.006328381977768638
2025-12-04,321.7928484740126,321.92264650582644,314.27306548179905,317.1890869140625,31240900,0.0,0.0,317.19508056640626,298.99380645751955,76.69175727861692,13.826485507679308,13.101095427344486,17.054675793316385,-0.006288585407212111,0.0,0.0,0.0,0.0,0.0,0.0,0.0,0.0,0.0,41838300.0,35854700.0,41183000.0,0.0,0.0,0.0,0.0,0.0,0.0,0.0,0.0,0.0,0.9896,0.0,0.9674,0.9896,0.0,0.9674,1.0,0.0,1.0,1392.0,0.0,527.0,1.0,0.0,1.0,317.2556660970052,1.9082962144136526,318.3560791015625,2.9133803512533865,305.1376037597656,16.680420602521245,-0.011361072460889687
2025-12-05,319.05652267664885,322.72155681925386,318.73697999805336,320.8341064453125,28851700,0.0,0.0,317.41278076171875,300.8173263549805,80.05094000731224,13.70667603940467,13.222211549756523,17.35516274280344,0.01149162969858919,0.0,0.0,0.0,0.9996,0.9996000000000002,1.0,157.0,1.0,0.0,31240900.0,41838300.0,35854700.0,0.0,0.0,0.0,0.0,0.0,0.0,0.0,0.0,0.0,0.0,0.9896,0.0,0.0,0.9896,0.0,0.0,1.0,0.0,0.0,1392.0,0.0,0.0,1.0,0.0,319.0731913248698,1.8256296302294641,318.04649571010043,2.4089894086646333,308.33753967285156,14.866426334437817,0.023396470622363275
2025-12-08,319.82486263347363,320.21460294317257,311.0010871288888,313.49932861328125,33909400,0.21,0.0,317.2200866699219,302.5697082519531,69.69702775170153,12.871496303706692,13.152068500546559,16.736387207385842,-0.022861590101180496,0.0,0.0,0.0,0.0,0.0,0.0,0.0,0.0,0.0,28851700.0,31240900.0,41838300.0,0.0,0.0,0.0,0.0,0.0,0.0,0.0,0.0,0.0,0.9996,0.0,0.9896,0.9996000000000002,0.0,0.9896,1.0,0.0,1.0,157.0,0.0,1392.0,1.0,0.0,1.0,317.17417399088544,3.667411656441082,317.18697684151783,2.8332952633984223,310.39939880371094,13.238561553346758,-0.010596596206329578
2025-12-09,312.15025542764414,317.7662971049956,311.6805848338384,316.85693359375,30194000,0.0,0.0,317.5151672363281,303.92723388671874,71.71630372936424,12.338312619721933,12.989317324381634,16.739222153535202,0.010710086670107533,0.0,0.0,0.0,0.0,0.0,1.0,1.0,0.0,0.0,33909400.0,28851700.0,31240900.0,0.0,0.0,0.0,0.0,0.0,0.0,0.0,0.0,0.0,0.0,0.9996,0.0,0.0,0.9996000000000002,0.0,0.0,1.0,0.0,0.0,157.0,0.0,0.0,1.0,0.0,317.06345621744794,3.671747561708992,316.77430943080356,2.59921974343013,312.75387137276783,10.88380769167812,-0.009774864905591318
2025-12-10,315.6078174223929,321.0839735202244,314.45863248382005,319.9847412109375,33428900,0.0,0.0,317.67283935546874,305.38073272705077,69.55374862839223,12.02948028270356,12.79734991604602,16.81179975597045,0.009871356077685745,0.0,0.0,0.0,0.9141,0.9141,1.0,1.0,1.0,0.0,30194000.0,33909400.0,28851700.0,0.0,0.0,0.0,0.0,0.0,0.0,0.0,0.0,0.0,0.0,0.0,0.9996,0.0,0.0,0.9996000000000002,1.0,0.0,1.0,1.0,0.0,157.0,0.0,0.0,1.0,316.78033447265625,3.243384761248818,317.5631583077567,2.6186343091516133,314.7232992989676,9.299163441112215,0.0249016079755211
2025-12-11,319.85481737290655,320.8940942947929,308.3829128168011,312.210205078125,42353700,0.0,0.0,316.67706298828125,306.67519226074216,65.45129427099243,11.030238614527946,12.443927655742407,16.254476193257283,-0.024296583966444296,0.0,0.0,0.0,-0.9157,-0.9157000000000001,1.0,2355.0,0.0,0.0,33428900.0,30194000.0,33909400.0,0.0,0.0,0.0,0.0,0.0,0.0,0.0,0.0,0.0,0.9141,0.0,0.0,0.9141,0.0,0.0,1.0,1.0,0.0,1.0,1.0,0.0,1.0,0.0,0.0,316.3506266276042,3.9119193598673063,317.11011178152904,3.2557980413128593,316.3770773751395,5.774284646597848,0.010152170989503384
2025-12-12,313.47935032153816,314.6485102459599,305.34506149685063,309.07244873046875,35940200,0.0,0.0,314.3247314453125,308.2192108154297,57.23434307913485,9.871350891049985,11.929412302803923,14.808836416101435,-0.010050140247244932,0.0,0.0,0.0,0.0,0.0,0.0,0.0,0.0,0.0,42353700.0,33428900.0,30194000.0,0.0,0.0,0.0,0.0,0.0,0.0,0.0,0.0,0.0,-0.9157,0.9141,0.0,-0.9157000000000001,0.9141,0.0,1.0,1.0,1.0,2355.0,1.0,1.0,0.0,1.0,0.0,313.75579833984375,5.617933400535555,315.66383579799106,4.266357451950453,317.0784345354353,3.7896927876888844,0.0034716359869084723
2025-12-15,311.1009991314403,311.2009348824072,304.66552711937686,308.003173828125,29151900,0.0,0.0,313.2255004882812,309.81761932373047,39.86326516921088,8.76559811388114,11.296649465019367,12.731759647437144,-0.003459625426775692,0.0,0.0,0.0,0.40165,0.7043071428571429,2.0,1204.0,0.5,0.0,35940200.0,42353700.0,33428900.0,0.0,0.0,0.0,0.0,0.0,0.0,0.0,0.0,0.0,0.0,-0.9157,0.9141,0.0,-0.9157000000000001,0.9141,0.0,1.0,1.0,0.0,2355.0,1.0,0.0,0.0,1.0,309.76194254557294,2.18662508799404,314.3515625,5.058256581010438,316.35382080078125,4.477026868064075,0.0053821148108121886
2025-12-16,304.7354841263937,310.5513666605185,302.37712849550337,306.3543395996094,30585000,0.0,0.0,311.12498168945314,310.90367126464844,32.22787819076774,7.66784379885155,10.570888331785804,11.318384207522998,-0.005353302720950914,0.0,0.0,0.0,0.0,0.0,0.0,0.0,0.0,0.0,29151900.0,35940200.0,42353700.0,0.0,0.0,0.0,0.0,0.0,0.0,0.0,0.0,0.0,0.40165,0.0,-0.9157,0.7043071428571429,0.0,-0.9157000000000001,2.0,0.0,1.0,1204.0,0.0,2355.0,0.5,0.0,0.0,307.8099873860677,1.369313719673652,312.2830243791853,4.924361316468559,315.16476004464283,4.776359994129864,0.033196306206175086
2025-12-17,307.7933270972379,307.87325739956634,295.9116769824828,296.5112609863281,43930400,0.0,0.0,306.43028564453124,311.5345184326172,28.375796616859702,5.935194189163667,9.643749503261377,10.009699314637789,-0.03212971824112465,0.0,0.0,0.0,0.0,0.0,0.0,0.0,0.0,0.0,30585000.0,29151900.0,35940200.0,0.0,0.0,0.0,0.0,0.0,0.0,0.0,0.0,0.0,0.0,0.40165,0.0,0.0,0.7043071428571429,0.0,0.0,2.0,0.0,0.0,1204.0,0.0,0.0,0.5,0.0,303.6229248046875,6.213814068454805,309.8561575753348,7.654381679750075,313.52156720842635,6.724215222102827,-0.01897771585465602
2025-12-18,301.50775321966603,303.7461677101471,299.0195145942255,302.2472229003906,33518000,0.0,0.0,304.43768920898435,312.0262420654297,35.094651369664675,4.967637249485449,8.708527052506192,9.232276117961884,0.01934483666819986,0.0,0.0,0.0,0.0,0.0,0.0,0.0,0.0,0.0,43930400.0,30585000.0,29151900.0,0.0,0.0,0.0,0.0,0.0,0.0,0.0,0.0,0.0,0.0,0.0,0.40165,0.0,0.0,0.7043071428571429,0.0,0.0,2.0,0.0,0.0,1204.0,0.0,0.0,0.5,301.7042744954427,4.943950229791884,307.76905604771207,7.415416665266529,312.2716827392578,7.094402697758276,-0.01530154438200515
2025-12-19,301.5177661333593,307.03387224107576,300.7582909786616,306.9439392089844,59943200,0.0,0.0,304.0119873046875,312.92057342529296,43.53074378932708,4.527635395443156,7.8723487210935845,7.6148228266190285,0.015539319976288546,0.0,0.0,0.0,0.0,0.0,0.0,0.0,0.0,0.0,33518000.0,43930400.0,30585000.0,0.0,0.0,0.0,0.0,0.0,0.0,0.0,0.0,0.0,0.0,0.0,0.0,0.0,0.0,0.0,0.0,0.0,0.0,0.0,0.0,0.0,0.0,0.0,0.0,301.9008076985677,5.224958980072089,305.9060843331473,5.116861577873419,311.734621320452,7.1995882151855435,-0.008457539780731493
2025-12-22,309.66200850448513,309.9118326328777,305.0852133945127,309.56207275390625,26429900,0.0,0.0,304.3237670898437,313.4360046386719,45.135179814562726,4.340161571552642,7.165911291185396,6.961929719187022,0.008529679887698594,0.0,0.0,0.0,0.0,0.0,0.0,0.0,0.0,0.0,59943200.0,33518000.0,43930400.0,0.0,0.0,0.0,0.0,0.0,0.0,0.0,0.0,0.0,0.0,0.0,0.0,0.0,0.0,0.0,0.0,0.0,0.0,0.0,0.0,0.0,0.0,0.0,0.0,306.25107828776044,3.7063188323475194,305.5277797154018,4.649662115349811,311.3189457484654,7.140587825146808,-0.014537991669398953
2025-12-23,309.41219480947996,314.7184570357758,309.1024153195162,314.1288757324219,25478700,0.0,0.0,305.87867431640626,313.2350601196289,45.81637733126133,4.5081232112743805,6.634353675203193,6.876246845969343,0.014752462851436388,0.0,0.0,0.0,0.0,0.0,0.0,0.0,0.0,0.0,26429900.0,59943200.0,33518000.0,0.0,0.0,0.0,0.0,0.0,0.0,0.0,0.0,0.0,0.0,0.0,0.0,0.0,0.0,0.0,0.0,0.0,0.0,0.0,0.0,0.0,0.0,0.0,0.0,310.2116292317708,3.636244068394527,306.25012642996654,5.589839406709907,310.95698111397877,6.832340500174028,0.00082781867445747
2025-12-24,314.5485634057752,314.8583428959372,311.70059264113144,313.8690490722656,10097400,0.0,0.0,309.35023193359376,312.77845306396483,47.177612882772515,4.567615551998017,6.221006050562158,6.485723140744387,-0.0008271339575212089,0.0,0.0,0.0,0.0,0.0,0.0,0.0,0.0,0.0,25478700.0,26429900.0,59943200.0,0.0,0.0,0.0,0.0,0.0,0.0,0.0,0.0,0.0,0.0,0.0,0.0,0.0,0.0,0.0,0.0,0.0,0.0,0.0,0.0,0.0,0.0,0.0,0.0,312.51999918619794,2.5649315892428346,307.0881086077009,6.292020551123817,310.71983555385043,6.654697947781774,0.0018500138663370969
2025-12-26,314.25877806497726,314.86833429915043,312.0603135401851,313.2894592285156,10899000,0.0,0.0,311.5586791992188,312.46712799072264,43.23358544458488,4.51593867412339,5.8799925752744056,6.291833222640079,-0.0018465976351066393,0.0,0.0,0.0,0.0,0.0,0.0,0.0,0.0,0.0,10097400.0,25478700.0,26429900.0,0.0,0.0,0.0,0.0,0.0,0.0,0.0,0.0,0.0,0.0,0.0,0.0,0.0,0.0,0.0,0.0,0.0,0.0,0.0,0.0,0.0,0.0,0.0,0.0,313.76246134440106,0.4297391355030078,308.07883998325894,6.690598224997339,310.1809321812221,6.0507069925362,-0.00015943501761772616
2025-12-29,311.15095467052413,313.79908436732376,310.4014822754237,313.33941650390625,19621800,0.0,0.0,312.8377746582031,312.14681854248045,49.835026099878476,4.427972598906649,5.5895885800008545,6.060609795306113,0.00015946044119585778,0.0,0.0,0.0,0.9746,0.9746,1.0,1642.0,1.0,0.0,10899000.0,10097400.0,25478700.0,0.0,0.0,0.0,0.0,0.0,0.0,0.0,0.0,0.0,0.0,0.0,0.0,0.0,0.0,0.0,0.0,0.0,0.0,0.0,0.0,0.0,0.0,0.0,0.0,313.4993082682292,0.32117772182238163,310.4828622000558,4.509141629279474,310.1695098876953,6.044108117682941,-0.0009241020947449163
2025-12-30,312.28018544302313,316.72706748217655,312.24020504037514,313.6292419433594,17380900,0.0,0.0,313.6512084960938,312.10514068603516,46.44512488194111,4.331712061084545,5.338013276217593,6.0466950658974365,0.0009249568493068239,0.0,0.0,0.0,0.0,0.0,0.0,0.0,0.0,0.0,19621800.0,10899000.0,10097400.0,0.0,0.0,0.0,0.0,0.0,0.0,0.0,0.0,0.0,0.9746,0.0,0.0,0.9746,0.0,0.0,1.0,0.0,0.0,1642.0,0.0,0.0,1.0,0.0,0.0,313.41937255859375,0.18346062619611384,312.1088649204799,2.755627765274285,309.93896048409596,5.827059727518071,0.002715732368155921
2025-12-31,312.62992729269524,314.3586907819443,311.22091551782626,312.7798156738281,16377700,0.0,0.0,313.381396484375,311.9750549316406,41.6454403456039,4.139169520650739,5.0982445251042225,6.000306621639857,-0.0027083771406897217,0.0,0.0,0.0,0.0,0.0,0.0,0.0,0.0,0.0,17380900.0,19621800.0,10899000.0,0.0,0.0,0.0,0.0,0.0,0.0,0.0,0.0,0.0,0.0,0.9746,0.0,0.0,0.9746,0.0,0.0,1.0,0.0,0.0,1642.0,0.0,0.0,1.0,0.0,313.24949137369794,0.4317940986759385,312.9425615583147,1.5529151621544628,309.42432294573103,5.150466360807665,-0.00682218282135949
2026-01-02,316.67708324131615,322.2731502440002,310.11169732658084,314.9283142089844,32009400,0.0,0.0,313.59324951171874,311.76165161132815,53.62475612346806,4.112537276441287,4.901103075371636,5.802600540903079,0.006869044700111848,0.0,0.0,0.0,0.0,0.0,0.0,0.0,0.0,0.0,16377700.0,17380900.0,19621800.0,0.0,0.0,0.0,0.0,0.0,0.0,0.0,0.0,0.0,0.0,0.0,0.9746,0.0,0.0,0.9746,0.0,0.0,1.0,0.0,0.0,1642.0,0.0,0.0,1.0,313.7791239420573,1.0820628212212164,313.70916748046875,0.6917356863758617,309.6184735979353,5.312250040812093,-0.004391280073191894
2026-01-05,317.4365596004392,318.79558832967825,314.4086921415047,316.3173522949219,30195600,0.0,0.0,314.198828125,311.7180648803711,60.134159658018376,4.155611493372589,4.752004758971827,5.762823898417675,0.004410648465910105,0.0,0.0,0.0,0.68485,0.673391645244216,2.0,2334.0,1.0,0.0,32009400.0,16377700.0,17380900.0,0.0,0.0,0.0,0.0,0.0,0.0,0.0,0.0,0.0,0.0,0.0,0.0,0.0,0.0,0.0,0.0,0.0,0.0,0.0,0.0,0.0,0.0,0.0,0.0,314.67516072591144,1.7823036640583536,314.0218069893973,1.2119721071199094,310.1359667096819,5.600052550581582,0.0069988993540979205
2026-01-06,316.17741436833177,320.71422913013345,311.5606693028291,314.1188659667969,31212100,0.0,0.0,314.35471801757814,311.38230285644534,58.29264921670489,3.9666238765495336,4.594928582487369,5.387116969937256,-0.00695025521734649,0.0,0.0,0.0,0.0,0.0,0.0,0.0,0.0,0.0,30195600.0,32009400.0,16377700.0,0.0,0.0,0.0,0.0,0.0,0.0,0.0,0.0,0.0,0.68485,0.0,0.0,0.673391645244216,0.0,0.0,2.0,0.0,0.0,2334.0,0.0,0.0,1.0,0.0,0.0,315.1215108235677,1.1119034277670468,314.0574951171875,1.210401331323025,310.5728018624442,5.659102831229863,-0.02372823707825855
2026-01-07,314.13884430323384,325.9205589972494,313.96898096999803,321.7535095214844,35104400,0.0,0.0,315.9795715332031,311.79501190185545,67.96450674861653,4.382384359166963,4.552419737823288,5.853802678684529,0.02430495071090233,0.0,0.0,0.0,0.0,0.0,0.0,0.0,0.0,0.0,31212100.0,30195600.0,32009400.0,0.0,0.0,0.0,0.0,0.0,0.0,0.0,0.0,0.0,0.0,0.68485,0.0,0.0,0.673391645244216,0.0,0.0,2.0,0.0,0.0,2334.0,0.0,0.0,1.0,0.0,317.3965759277344,3.9300748452193868,315.2666451590402,3.087471460491112,311.67274257114957,6.24256732888895,-0.010631711152125134
2026-01-08,328.7385750407063,330.0876314322289,321.2738288701313,325.2110595703125,31896100,0.0,0.0,318.4658203125,312.2127182006836,89.34232489259075,4.93399688523624,4.628735167305878,6.496763659920196,0.010745959085171286,0.0,0.0,0.0,0.6254666666666667,0.7234738991192954,3.0,2498.0,1.0,0.0,35104400.0,31212100.0,30195600.0,0.0,0.0,0.0,0.0,0.0,0.0,0.0,0.0,0.0,0.0,0.0,0.68485,0.0,0.0,0.673391645244216,0.0,0.0,2.0,0.0,0.0,2334.0,0.0,0.0,1.0,320.36114501953125,5.675667265989153,316.9625941685268,4.694648487206564,313.72272818429127,5.55522441733182,-0.009526157058345919
2026-01-09,326.8598973489763,330.5972566011106,325.5707962902668,328.3388671875,26214200,0.0,0.0,321.14793090820314,312.6304244995117,88.52154260807349,5.559455775291326,4.814879288902969,7.247902024708878,0.009617777517530124,0.0,0.0,0.0,0.0,0.0,0.0,0.0,0.0,0.0,31896100.0,35104400.0,31212100.0,0.0,0.0,0.0,0.0,0.0,0.0,0.0,0.0,0.0,0.6254666666666667,0.0,0.0,0.7234738991192954,0.0,0.0,3.0,0.0,0.0,2498.0,0.0,0.0,1.0,0.0,0.0,325.1011454264323,3.2940544525911513,319.06396920340404,6.05029280276776,315.586417061942,5.781298289330005,-0.009913738603065658
2026-01-12,325.57079145505844,333.80501545240315,324.77136644379436,331.62652587890625,33923900,0.0,0.0,324.209765625,313.60124053955076,88.02323143332904,6.248395419232509,5.101582514968877,8.397791686596706,0.010013004916438417,0.0,0.0,0.0,0.23665000000000003,0.48323241555492474,4.0,3523.0,0.5,0.0,26214200.0,31896100.0,35104400.0,0.0,0.0,0.0,0.0,0.0,0.0,0.0,0.0,0.0,0.0,0.6254666666666667,0.0,0.0,0.7234738991192954,0.0,0.0,3.0,0.0,0.0,2498.0,0.0,0.0,1.0,0.0,328.39215087890625,3.2080650481299076,321.756356375558,6.918825307856481,317.34945896693637,6.642407821260098,-0.012233349067807375
2026-01-13,334.7144015630273,340.25048265726696,333.38532003422745,335.7336730957031,33517600,0.0,0.0,328.53272705078126,314.9343017578125,88.54857864109441,7.044591836546601,5.490184379284423,9.661994918746922,0.012384857350936418,0.0,0.0,0.0,0.982,0.9819999999999999,1.0,71.0,1.0,0.0,33923900.0,26214200.0,31896100.0,0.0,0.0,0.0,0.0,0.0,0.0,0.0,0.0,0.0,0.23665000000000003,0.0,0.6254666666666667,0.48323241555492474,0.0,0.7234738991192954,4.0,0.0,3.0,3523.0,0.0,2498.0,0.5,0.0,1.0,331.8996887207031,3.7049631656243935,324.72855050223217,7.89648148675623,319.21885899135043,7.854402569528072,0.00038710332139557657
2026-01-14,334.8243096530742,336.2832741209541,330.2475447349911,335.603759765625,28525600,0.0,0.0,331.3027770996094,316.3143310546875,86.38655253613634,7.577748743022255,5.90769725203199,10.550193595485641,-0.00038695353039874814,0.0,0.0,0.0,0.9517,0.9516999999999999,1.0,1595.0,1.0,0.0,33517600.0,33923900.0,26214200.0,0.0,0.0,0.0,0.0,0.0,0.0,0.0,0.0,0.0,0.982,0.23665000000000003,0.0,0.9819999999999999,0.48323241555492474,0.0,1.0,4.0,0.0,71.0,3523.0,0.0,1.0,0.5,0.0,334.3213195800781,2.3346636133008207,327.48375156947543,7.836990387657992,320.75277927943637,8.821336022650017,0.009195306099075928
2026-01-15,337.4124676651339,337.4524480652932,330.507324974913,332.5458984375,28442400,0.0,0.0,332.7697448730469,317.62390899658203,78.9049061586985,7.6651761992080765,6.259193041467208,10.869531475260555,-0.0091115228573736,0.0,0.0,0.0,0.4778,0.4778,1.0,127.0,1.0,0.0,28525600.0,33517600.0,33923900.0,0.0,0.0,0.0,0.0,0.0,0.0,0.0,0.0,0.0,0.9517,0.982,0.23665000000000003,0.9516999999999999,0.9819999999999999,0.48323241555492474,1.0,1.0,4.0,1595.0,71.0,3523.0,1.0,1.0,0.5,334.6277770996094,1.8041295522145677,330.1161847795759,5.275852877635881,322.0868399483817,9.107830391277966,0.00842424642320494
2026-01-16,334.1747541117482,334.4145755186536,327.46948297740045,329.7678527832031,40341600,0.0,0.0,333.0555419921875,319.28673858642577,73.87767447784003,7.424710579076873,6.492296548989141,9.976865331810213,-0.008353871352345,0.0,0.0,0.0,0.9268,0.9268,1.0,302.0,1.0,0.0,28442400.0,28525600.0,33517600.0,0.0,0.0,0.0,0.0,0.0,0.0,0.0,0.0,0.0,0.4778,0.9517,0.982,0.4778,0.9516999999999999,0.9819999999999999,1.0,1.0,1.0,127.0,1595.0,71.0,1.0,1.0,1.0,332.63917032877606,2.919071309710929,331.26109095982144,3.8301233247160678,323.2638680594308,8.946817164484731,0.024844663356182073
2026-01-20,320.6442885211675,327.49947891315526,320.20459558658575,321.77349853515625,35361000,0.0,0.0,331.0849365234375,320.26305236816404,59.934076678097206,6.513973237772973,6.496631886745908,9.142135254880886,-0.024242369838586297,0.0,0.0,0.0,0.0,0.0,0.0,0.0,0.0,0.0,40341600.0,28442400.0,28525600.0,0.0,0.0,0.0,0.0,0.0,0.0,0.0,0.0,0.0,0.9268,0.4778,0.9517,0.9268,0.4778,0.9516999999999999,1.0,1.0,1.0,302.0,127.0,1595.0,1.0,1.0,1.0,328.0290832519531,5.592730954206195,330.770010811942,4.826014233924221,323.8663024902344,8.499943289876091,-0.01942873043053861
2026-01-21,320.6942733516965,332.24613943011235,319.12537039479025,328.1490173339844,35386600,0.0,0.0,329.56800537109376,321.32330627441405,64.95775345724982,6.234787666711782,6.444263042739083,8.736797572195577,0.019813685178711404,0.0,0.0,0.0,-0.3982,-0.7929729127444576,2.0,26027.0,0.0,0.0,35361000.0,40341600.0,28442400.0,0.0,0.0,0.0,0.0,0.0,0.0,0.0,0.0,0.0,0.0,0.9268,0.4778,0.0,0.9268,0.4778,0.0,1.0,1.0,0.0,302.0,127.0,0.0,1.0,1.0,326.56345621744794,4.226455725729303,330.7428894042969,4.842459409738642,324.90342930385043,8.027466582407083,-0.006534752662628263
2026-01-22,334.2147483456718,334.9142376434696,328.5187457270175,330.3074951171875,26253600,0.0,0.0,328.5087524414063,322.36057739257814,67.58218378383674,6.117187083295846,6.378847850850436,8.495111325809626,0.006577736544023383,0.0,0.0,0.0,0.0,0.0,0.0,0.0,0.0,0.0,35386600.0,35361000.0,40341600.0,0.0,0.0,0.0,0.0,0.0,0.0,0.0,0.0,0.0,-0.3982,0.0,0.9268,-0.7929729127444576,0.0,0.9268,2.0,0.0,1.0,26027.0,0.0,302.0,0.0,0.0,1.0,326.7433369954427,4.4372544806650085,330.55445643833707,4.82798585846386,326.1554064069475,7.327506255635522,0.00795907935248219
2026-01-23,332.25610013077164,333.45526818914374,327.21966747627397,327.6993103027344,27280000,0.0,0.0,327.5394348144531,323.0390991210937,62.693644199409846,5.7472780132751495,6.25253388333538,8.343622633840871,-0.007896232610549059,0.0,0.0,0.0,0.9461,0.0,1.0,0.0,1.0,0.0,26253600.0,35386600.0,35361000.0,0.0,0.0,0.0,0.0,0.0,0.0,0.0,0.0,0.0,0.0,-0.3982,0.0,0.0,-0.7929729127444576,0.0,0.0,2.0,0.0,0.0,26027.0,0.0,0.0,0.0,0.0,328.71860758463544,1.3942674767932486,329.4066903250558,4.319774099288296,327.06762041364397,6.579026591224937,-0.01599355679526626
2026-01-26,327.5793954045391,335.60374537803585,326.7699676491338,333.02557373046875,26042100,0.0,0.0,328.19097900390625,323.9969253540039,65.40157837379226,5.816854280134976,6.1653979626953,8.335074810511218,0.01625350820181426,0.0,0.0,0.0,0.0,0.0,0.0,0.0,0.0,0.0,27280000.0,26253600.0,35386600.0,0.0,0.0,0.0,0.0,0.0,0.0,0.0,0.0,0.0,0.9461,0.0,-0.3982,0.0,0.0,-0.7929729127444576,1.0,0.0,2.0,0.0,0.0,26027.0,1.0,0.0,0.0,330.34412638346356,2.6633206552511175,329.0383780343192,3.779456739168446,328.2610648018973,5.965769610134648,-0.0038558362700917836
2026-01-27,335.1340666902067,337.6722883721735,333.2454121385867,334.31463623046875,21636200,0.0,0.0,330.69920654296874,325.0481842041016,68.933834363604,5.9079078592400265,6.113899942004245,8.238862955987194,0.0038707612918738032,0.0,0.0,0.0,0.0,0.0,0.0,0.0,0.0,0.0,26042100.0,27280000.0,26253600.0,0.0,0.0,0.0,0.0,0.0,0.0,0.0,0.0,0.0,0.0,0.9461,0.0,0.0,0.0,0.0,0.0,1.0,0.0,0.0,0.0,0.0,0.0,1.0,0.0,331.6798400878906,3.5069764128297463,329.29105486188615,4.098679494236643,329.70361982073103,4.558894273259842,-0.004345233426441331
2026-01-28,335.82360375323316,337.30257365930305,331.7065067534381,335.7736511230469,27434400,0.0,0.0,332.22413330078126,326.1698959350586,64.86543155867453,6.028308200576589,6.096781593718715,8.086616782548623,0.004364196880606519,0.0,0.0,0.0,0.0,0.0,0.0,0.0,0.0,0.0,21636200.0,26042100.0,27280000.0,0.0,0.0,0.0,0.0,0.0,0.0,0.0,0.0,0.0,0.0,0.0,0.9461,0.0,0.0,0.0,0.0,0.0,1.0,0.0,0.0,0.0,0.0,0.0,1.0,334.3712870279948,1.3749142968113175,330.1490260532924,4.786072809888403,330.7050585065569,4.204269212929564,-0.006622258854047991
2026-01-29,340.06060015063264,342.0492210013424,326.3103005061971,338.0120544433594,39785600,0.0,0.0,333.7650451660156,327.38903656005857,63.932990851578474,6.232502371613691,6.123925749297711,7.932997996688574,0.006666405517007812,0.0,0.0,0.0,0.0,0.0,0.0,0.0,0.0,0.0,27434400.0,21636200.0,26042100.0,0.0,0.0,0.0,0.0,0.0,0.0,0.0,0.0,0.0,0.0,0.0,0.0,0.0,0.0,0.0,0.0,0.0,0.0,0.0,0.0,0.0,0.0,0.0,0.0,336.033447265625,1.8623495609200789,332.4688197544643,3.9039854036887447,331.6194152832031,4.308220441928322,0.0007396235184375932
2026-01-30,339.76083067041884,339.76083067041884,332.0562627255977,337.7622375488281,31024000,0.0,0.0,335.7776306152344,328.6381576538086,60.942209710832394,6.301529478456587,6.159446495129487,7.464599191861134,-0.0007390768797954639,0.0,0.0,0.0,0.5983,0.0,1.0,0.0,1.0,0.0,39785600.0,27434400.0,21636200.0,0.0,0.0,0.0,0.0,0.0,0.0,0.0,0.0,0.0,0.0,0.0,0.0,0.0,0.0,0.0,0.0,0.0,0.0,0.0,0.0,0.0,0.0,0.0,0.0,337.1826477050781,1.226603296246132,333.8421369280134,3.8210860317637447,332.2925131661551,4.488612453322527,-0.016555637619387498
2026-02-02,335.983495554882,344.5874244246442,335.3939142353609,343.4482421875,32006100,0.0,0.0,337.86216430664064,330.06415405273435,63.00288002577925,6.737382658943147,6.275033727892219,7.4317741128568295,0.01683434086633162,0.0,0.0,0.0,0.0,0.0,0.0,0.0,0.0,0.0,31024000.0,39785600.0,27434400.0,0.0,0.0,0.0,0.0,0.0,0.0,0.0,0.0,0.0,0.5983,0.0,0.0,0.0,0.0,0.0,1.0,0.0,0.0,0.0,0.0,0.0,1.0,0.0,0.0,339.7408447265625,3.213129171112631,335.7193865094866,4.877145585284331,333.13692147391185,5.377615558945458,0.011715975118543165
2026-02-03,347.09564553860224,348.7544814019383,337.2325938809106,339.47100830078125,36506700,0.0,0.0,338.8934387207031,331.22183685302736,54.12253174920034,6.684811562561151,6.356989294826006,6.96647544269419,-0.011580300604792315,0.0,0.0,0.0,0.0,0.0,0.0,0.0,0.0,0.0,32006100.0,31024000.0,39785600.0,0.0,0.0,0.0,0.0,0.0,0.0,0.0,0.0,0.0,0.0,0.5983,0.0,0.0,0.0,0.0,0.0,1.0,0.0,0.0,0.0,0.0,0.0,1.0,0.0,340.22716267903644,2.9174456756892257,337.4010576520647,3.4803307611177745,333.4038739885603,5.604418478112553,0.02002754970987719
2026-02-04,342.7187296036167,343.0684894885568,328.2888852617291,332.80572509765625,70618400,0.0,0.0,338.299853515625,332.1561798095703,47.30250243606219,6.035739689504737,6.292739373761753,5.687664285224547,-0.01963432234313034,0.0,0.0,0.0,0.0,0.0,0.0,0.0,0.0,0.0,36506700.0,32006100.0,31024000.0,0.0,0.0,0.0,0.0,0.0,0.0,0.0,0.0,0.0,0.0,0.0,0.5983,0.0,0.0,0.0,0.0,0.0,1.0,0.0,0.0,0.0,0.0,0.0,1.0,338.5749918619792,5.3775390836226045,337.3696507045201,3.5270745716452354,333.20401436941967,5.569716570140018,0.00540382366574943
2026-02-05,312.0003564748562,332.45595718246585,306.24439883874277,331.0169677734375,88205800,0.0,0.0,336.9008361816406,332.61935272216795,48.4890323654696,5.315731344984329,6.097337768006268,5.1474707504514825,-0.005374779306136834,0.0,0.0,0.0,0.359325,0.06263005839045445,4.0,3939.0,0.75,0.0,70618400.0,36506700.0,32006100.0,0.0,0.0,0.0,0.0,0.0,0.0,0.0,0.0,0.0,0.0,0.0,0.0,0.0,0.0,0.0,0.0,0.0,0.0,0.0,0.0,0.0,0.0,0.0,0.0,334.4312337239583,4.455267559884636,336.89855521065846,4.165562795900163,333.0948050362723,5.598528223264099,0.025986484719969782
2026-02-06,326.94984200428365,330.147603202773,319.694969697787,322.63287353515625,56380500,0.0,0.0,333.8749633789063,332.49044342041014,43.65220677712634,4.022227473773796,5.682315709159774,5.370226175652066,-0.02532829146093707,0.0,0.0,0.0,0.97,0.97,1.0,80.0,1.0,0.0,88205800.0,70618400.0,36506700.0,0.0,0.0,0.0,0.0,0.0,0.0,0.0,0.0,0.0,0.359325,0.0,0.0,0.06263005839045445,0.0,0.0,4.0,0.0,0.0,3939.0,0.0,0.0,0.75,0.0,0.0,328.8185221354167,5.431077208592584,335.02130126953125,6.851850946807647,332.58516366141185,6.215445130870304,-0.00450176189061946
2026-02-09,320.70422803551696,327.4694850607409,317.03682684844796,324.09185791015625,39640100,0.0,0.0,330.0036865234375,332.278092956543,52.33399245188414,3.0793473826682884,5.161722043861477,5.621135179138428,0.004522119395378388,0.0,0.0,0.0,-0.3612,-0.3612,1.0,3658.0,0.0,0.0,56380500.0,88205800.0,70618400.0,0.0,0.0,0.0,0.0,0.0,0.0,0.0,0.0,0.0,0.97,0.359325,0.0,0.97,0.06263005839045445,0.0,1.0,4.0,0.0,80.0,3939.0,0.0,1.0,0.75,0.0,325.9138997395833,4.479189253677557,333.03270176478793,7.7943740399809816,332.75076075962613,5.929541962269368,0.018017549081494
2026-02-10,320.7441987510988,321.4437184993816,314.38865715458337,318.3558654785156,39170000,0.0,0.0,325.78065795898436,331.61455993652345,40.0122006635667,1.8479593408716255,4.498969503263507,6.427508358450055,-0.017698662560139744,0.0,0.0,0.0,0.0,0.0,0.0,0.0,0.0,0.0,39640100.0,56380500.0,88205800.0,0.0,0.0,0.0,0.0,0.0,0.0,0.0,0.0,0.0,-0.3612,0.97,0.359325,-0.3612,0.97,0.06263005839045445,1.0,1.0,4.0,3658.0,80.0,3939.0,0.0,1.0,0.75,321.6935323079427,2.9811363185612225,330.26036289760043,9.16291051950441,332.0512499128069,6.995930872912047,0.024504710053230294
2026-02-11,318.7456164455411,320.8341425405983,309.44216816023624,310.7412414550781,45406400,0.0,0.0,321.3677612304688,330.3649383544922,32.04328564458787,0.25470286932232966,3.650116176475272,7.8554093313733295,-0.023918591893986596,0.0,0.0,0.0,0.0,0.0,0.0,0.0,0.0,0.0,39170000.0,39640100.0,56380500.0,0.0,0.0,0.0,0.0,0.0,0.0,0.0,0.0,0.0,0.0,-0.3612,0.97,0.0,-0.3612,0.97,0.0,1.0,1.0,0.0,3658.0,80.0,0.0,0.0,1.0,317.7296549479167,6.697301296354548,325.5879342215402,9.643723249896315,330.6536603655134,9.029821627869053,0.006343032335134335
2026-02-12,311.87044586439265,316.0175203045161,306.9839017615506,308.7826232910156,47761300,0.0,0.0,316.9208923339844,329.02388153076174,32.42993652960479,-1.1527206342306613,2.6895488143340853,9.104146149556081,-0.006303051873291943,0.12040000000000001,0.20853891723129284,3.0,0.0,0.0,0.0,0.0,0.0,0.0,45406400.0,39170000.0,39640100.0,0.0,0.0,0.0,0.0,0.0,0.0,0.0,0.0,0.0,0.0,0.0,-0.3612,0.0,0.0,-0.3612,0.0,0.0,1.0,0.0,0.0,3658.0,0.0,0.0,0.0,312.62657674153644,5.0574310031805405,321.2038792201451,9.247950678561654,329.3024684361049,10.75619258418129,0.01072872799398561
2026-02-13,307.5135396808651,308.41290048065196,303.4963480144474,305.50494384765625,38499700,0.0,0.0,313.49530639648435,327.67183380126954,23.427256718944108,-2.503733754897894,1.6508923004876896,10.460449901089868,-0.010614844217675667,0.3288666666666667,0.28480751979772817,3.0,0.4325,0.43250000000000005,1.0,11.0,1.0,0.0,47761300.0,45406400.0,39170000.0,0.12040000000000001,0.0,0.0,0.20853891723129284,0.0,0.0,3.0,0.0,0.0,0.0,0.0,0.0,0.0,0.0,0.0,0.0,0.0,0.0,0.0,0.0,0.0,0.0,0.0,0.0,308.3429361979167,2.6456939946403373,317.3037676130022,9.296282417768904,327.33670915876115,12.41093052916968,0.012250914569191584
2026-02-17,299.82893803190484,304.22583664461854,296.04159566157676,301.8075256347656,39247600,0.0,0.0,309.03843994140624,326.27381744384763,20.00742216998796,-3.8286379803248565,0.5549862443251804,11.930675582357752,-0.012102646085931701,0.07447777777777777,0.3695532328967566,9.0,-0.8948,-0.8948,1.0,76.0,0.0,0.0,38499700.0,47761300.0,45406400.0,0.3288666666666667,0.12040000000000001,0.0,0.28480751979772817,0.20853891723129284,0.0,3.0,3.0,0.0,0.4325,0.0,0.0,0.43250000000000005,0.0,0.0,1.0,0.0,0.0,11.0,0.0,0.0,1.0,0.0,0.0,305.3650309244792,3.4896530698815664,313.1309901646205,8.647951165038556,325.0147726876395,13.950389725240468,-0.004318740702892732
2026-02-18,301.87748970860525,305.1651838815364,301.0380842700908,303.1166076660156,28482100,0.0,0.0,305.99058837890624,325.3409729003906,19.785492600155408,-4.718608958091522,-0.49973279615816013,12.983955468896228,0.004337473124623736,0.0,0.0,4.0,0.0,0.0,0.0,0.0,0.0,0.0,39247600.0,38499700.0,47761300.0,0.07447777777777777,0.3288666666666667,0.12040000000000001,0.3695532328967566,0.28480751979772817,0.20853891723129284,9.0,3.0,3.0,-0.8948,0.4325,0.0,-0.8948,0.43250000000000005,0.0,1.0,1.0,0.0,76.0,11.0,0.0,0.0,1.0,0.0,303.4763590494792,1.8747776278015225,310.3429521833147,8.208860404688952,322.682126726423,14.721968673015727,0.0015848849750847993
2026-02-19,301.6076886754516,305.25511494304027,299.828942056139,302.636962890625,25834400,0.0,0.0,304.36973266601564,324.0653701782227,16.16975549507154,-5.400368606992913,-1.4798599583251109,13.913497051110175,-0.0015823770894107803,-0.006783333333333326,0.24154211572035772,6.0,0.0,0.0,0.0,0.0,0.0,0.0,28482100.0,39247600.0,38499700.0,0.0,0.07447777777777777,0.3288666666666667,0.0,0.3695532328967566,0.28480751979772817,4.0,9.0,3.0,0.0,-0.8948,0.4325,0.0,-0.8948,0.43250000000000005,0.0,1.0,1.0,0.0,76.0,11.0,0.0,0.0,1.0,302.52036539713544,0.6622840574666817,307.27796718052457,5.900611065590106,320.15533447265625,14.922850580971724,-0.038510359313415066
2026-02-20,304.1059184917761,316.2773425544253,303.68620054308417,314.7584228515625,53210800,0.0,0.0,305.564892578125,323.2879165649414,32.071655439683724,-4.906014048912198,-2.1650907764425282,13.98060511077527,0.040052807314611805,-0.04414,0.27786406388736207,5.0,0.0,0.0,0.0,0.0,0.0,0.0,25834400.0,28482100.0,39247600.0,-0.006783333333333326,0.0,0.07447777777777777,0.24154211572035772,0.0,0.3695532328967566,6.0,4.0,9.0,0.0,0.0,-0.8948,0.0,0.0,-0.8948,0.0,0.0,1.0,0.0,0.0,76.0,0.0,0.0,0.0,306.8373311360677,6.864057491864715,306.7640468052455,4.835491236076347,318.512204851423,14.077572104887171,0.011204224741767632
2026-02-23,318.82555353627805,319.29522413676915,309.65201848441603,311.2708740234375,31423000,0.0,0.0,306.71807861328125,322.46649475097655,24.032257111164085,-4.740999255520933,-2.6802724722582094,14.188845334888962,-0.011080081023819632,0.03466666666666667,0.22903672922335697,3.0,0.3612,0.3612,1.0,710.0,1.0,0.0,53210800.0,25834400.0,28482100.0,-0.04414,-0.006783333333333326,0.0,0.27786406388736207,0.24154211572035772,0.0,5.0,6.0,4.0,0.0,0.0,0.0,0.0,0.0,0.0,0.0,0.0,0.0,0.0,0.0,0.0,0.0,0.0,0.0,309.555419921875,6.240155044316055,306.83970860072543,4.911639140957919,316.2138214111328,12.19391227930999,0.001897665171473939
2026-02-24,310.3015673465962,312.05033638585,305.71479964031533,310.6813049316406,25615600,0.0,0.0,308.4928344726562,321.34928131103516,25.422302534258108,-4.604716832061172,-3.0651613442188017,14.193357489343043,-0.0018940708591722588,0.1336166666666667,0.24210954889608685,6.0,0.3378,0.8381509505703422,2.0,1052.0,0.5,0.0,31423000.0,53210800.0,25834400.0,0.03466666666666667,-0.04414,-0.006783333333333326,0.22903672922335697,0.27786406388736207,0.24154211572035772,3.0,5.0,6.0,0.3612,0.0,0.0,0.3612,0.0,0.0,1.0,0.0,0.0,710.0,0.0,0.0,1.0,0.0,0.0,312.2368672688802,2.203538029157406,307.11094883510043,5.086143600159954,314.1574140276228,10.241311870519098,-0.006391731165674708
