Date,open,high,low,close,volume,dividends,stock splits,SMA_5,SMA_20,RSI,MACD,Signal_Line,Volatility,Price_Change,avg_sentiment,sentiment_std,news_volume,reddit_avg_sentiment,reddit_weighted_sentiment,reddit_volume,reddit_engagement,reddit_positive_ratio,search_interest,volume_lag_1,volume_lag_2,volume_lag_3,avg_sentiment_lag_1,avg_sentiment_lag_2,avg_sentiment_lag_3,sentiment_std_lag_1,sentiment_std_lag_2,sentiment_std_lag_3,news_volume_lag_1,news_volume_lag_2,news_volume_lag_3,reddit_avg_sentiment_lag_1,reddit_avg_sentiment_lag_2,reddit_avg_sentiment_lag_3,reddit_weighted_sentiment_lag_1,reddit_weighted_sentiment_lag_2,reddit_weighted_sentiment_lag_3,reddit_volume_lag_1,reddit_volume_lag_2,reddit_volume_lag_3,reddit_engagement_lag_1,reddit_engagement_lag_2,reddit_engagement_lag_3,reddit_positive_ratio_lag_1,reddit_positive_ratio_lag_2,reddit_positive_ratio_lag_3,close_rolling_mean_3,close_rolling_std_3,close_rolling_mean_7,close_rolling_std_7,close_rolling_mean_14,close_rolling_std_14,target
2021-01-19,86.96028647724162,89.79031052225248,86.42479772681979,88.87641143798828,34692000,0.0,0.0,0.0,0.0,0.0,0.0,0.0,0.0,0.0,0.0,0.0,0.0,0.0,0.0,0.0,0.0,0.0,0.0,0.0,0.0,0.0,0.0,0.0,0.0,0.0,0.0,0.0,0.0,0.0,0.0,0.0,0.0,0.0,0.0,0.0,0.0,0.0,0.0,0.0,0.0,0.0,0.0,0.0,0.0,0.0,92.1258773803711,2.816189424043744,92.9988512311663,2.264269806739475,95.26989092145648,4.617951298928284,-0.05089835922180441
2021-01-20,90.89130209923191,94.47691263088274,90.59700818016246,93.64266967773438,49806000,0.0,0.0,0.0,0.0,0.0,0.38021433251536507,0.07604286650307301,0.0,0.05362793302103164,0.0,0.0,0.0,0.0,0.0,0.0,0.0,0.0,0.0,34692000.0,0.0,0.0,0.0,0.0,0.0,0.0,0.0,0.0,0.0,0.0,0.0,0.0,0.0,0.0,0.0,0.0,0.0,0.0,0.0,0.0,0.0,0.0,0.0,0.0,0.0,0.0,92.1258773803711,2.816189424043744,92.9988512311663,2.264269806739475,95.26989092145648,4.617951298928284,-0.0023000711740994717
2021-01-21,94.19354009809759,96.02281503420217,93.653091262733,93.85855102539062,41278000,0.0,0.0,0.0,0.0,0.0,0.6909914317918293,0.1990325795608243,0.0,0.0023053736976870187,0.0,0.0,0.0,0.0,0.0,0.0,0.0,0.0,0.0,49806000.0,34692000.0,0.0,0.0,0.0,0.0,0.0,0.0,0.0,0.0,0.0,0.0,0.0,0.0,0.0,0.0,0.0,0.0,0.0,0.0,0.0,0.0,0.0,0.0,0.0,0.0,0.0,92.1258773803711,2.816189424043744,92.9988512311663,2.264269806739475,95.26989092145648,4.617951298928284,-0.005154951805656394
2021-01-22,94.07839194324099,94.83621218523086,93.38757405452097,94.34489440917969,25442000,0.0,0.0,0.0,0.0,0.0,0.9653998401107771,0.35230603167081487,0.0,0.005181663028843264,0.0,0.0,0.0,0.0,0.0,0.0,0.0,0.0,0.0,41278000.0,49806000.0,34692000.0,0.0,0.0,0.0,0.0,0.0,0.0,0.0,0.0,0.0,0.0,0.0,0.0,0.0,0.0,0.0,0.0,0.0,0.0,0.0,0.0,0.0,0.0,0.0,0.0,93.94870503743489,0.3596883411776376,92.9988512311663,2.264269806739475,95.26989092145648,4.617951298928284,0.0008686191658568987
2021-01-25,95.31859818550598,95.76077738666194,92.68138000088868,94.26301574707031,38546000,0.0,0.0,92.99710845947266,0.0,0.0,1.1628588440657808,0.514416594149808,0.0,-0.00086786532140537,0.0,0.0,0.0,0.0,0.0,0.0,0.0,0.0,0.0,25442000.0,41278000.0,49806000.0,0.0,0.0,0.0,0.0,0.0,0.0,0.0,0.0,0.0,0.0,0.0,0.0,0.0,0.0,0.0,0.0,0.0,0.0,0.0,0.0,0.0,0.0,0.0,0.0,94.15548706054688,0.2603925604888571,92.9988512311663,2.264269806739475,95.26989092145648,4.617951298928284,-0.009304973897240942
2021-01-26,93.7389416358011,95.5334809106757,93.51090040107225,95.14836883544922,26262000,0.0,0.0,94.25149993896484,0.0,0.0,1.3749376964474607,0.6865208146093386,0.0,0.009392369651683108,0.0,0.0,0.0,0.0,0.0,0.0,0.0,0.0,0.0,38546000.0,25442000.0,41278000.0,0.0,0.0,0.0,0.0,0.0,0.0,0.0,0.0,0.0,0.0,0.0,0.0,0.0,0.0,0.0,0.0,0.0,0.0,0.0,0.0,0.0,0.0,0.0,0.0,94.5854263305664,0.48923841496759973,92.9988512311663,2.264269806739475,95.26989092145648,4.617951298928284,0.0472200478531013
2021-01-27,93.4257945865802,93.79651116223887,89.77665765481767,90.85804748535156,54966000,0.0,0.0,93.69457550048828,0.0,0.0,1.1831796788304842,0.7858525874535678,0.0,-0.04509085549871472,0.0,0.0,0.0,0.0,0.0,0.0,0.0,0.0,0.0,26262000.0,38546000.0,25442000.0,0.0,0.0,0.0,0.0,0.0,0.0,0.0,0.0,0.0,0.0,0.0,0.0,0.0,0.0,0.0,0.0,0.0,0.0,0.0,0.0,0.0,0.0,0.0,0.0,93.4231440226237,2.265116488598247,92.9988512311663,2.264269806739475,95.26989092145648,4.617951298928284,-0.01734737542517306
2021-01-28,91.5106525806787,94.23472079571793,91.44614161229457,92.46202087402344,35462000,0.0,0.0,93.41526947021484,0.0,0.0,1.1474106797502088,0.858164205912896,0.0,0.017653619388315223,0.0,0.0,0.0,0.0,0.0,0.0,0.0,0.0,0.0,54966000.0,26262000.0,38546000.0,0.0,0.0,0.0,0.0,0.0,0.0,0.0,0.0,0.0,0.0,0.0,0.0,0.0,0.0,0.0,0.0,0.0,0.0,0.0,0.0,0.0,0.0,0.0,0.0,92.82281239827473,2.1677966267052455,93.51108115059989,1.4270322991967175,95.26989092145648,4.617951298928284,0.014909456764032436
2021-01-29,91.62133143132827,92.17269237519622,89.83621991668983,91.10371398925781,32252000,0.0,0.0,92.76703338623047,0.0,0.0,0.997955664822797,0.8861224976948763,0.0,-0.014690430426740009,0.0,0.0,0.0,0.0,0.0,0.0,0.0,0.0,0.0,35462000.0,54966000.0,26262000.0,0.0,0.0,0.0,0.0,0.0,0.0,0.0,0.0,0.0,0.0,0.0,0.0,0.0,0.0,0.0,0.0,0.0,0.0,0.0,0.0,0.0,0.0,0.0,0.0,91.47459411621094,0.8639136006097279,93.14837319510323,1.6869957903462054,95.26989092145648,4.617951298928284,-0.03450707624648819
2021-02-01,91.98857890057364,95.40406368769325,91.85756535319351,94.35979461669922,32044000,0.0,0.0,92.78638916015625,0.0,0.0,1.129232889335725,0.9347445760230461,0.0,0.035740371987747155,0.0,0.0,0.0,0.0,0.0,0.0,0.0,0.0,0.0,32252000.0,35462000.0,54966000.0,0.0,0.0,0.0,0.0,0.0,0.0,0.0,0.0,0.0,0.0,0.0,0.0,0.0,0.0,0.0,0.0,0.0,0.0,0.0,0.0,0.0,0.0,0.0,0.0,92.64184315999348,1.6354715845891172,93.21997942243304,1.7321963864507388,95.26989092145648,4.617951298928284,-0.013571841712439192
2021-02-02,95.41238786442676,97.06003387787534,95.01189583982314,95.65805053710938,45474000,0.0,0.0,92.88832550048828,0.0,0.0,1.3227812396354324,1.0123519087455233,0.0,0.013758570858317665,0.0,0.0,0.0,0.0,0.0,0.0,0.0,0.0,0.0,32044000.0,32252000.0,35462000.0,0.0,0.0,0.0,0.0,0.0,0.0,0.0,0.0,0.0,0.0,0.0,0.0,0.0,0.0,0.0,0.0,0.0,0.0,0.0,0.0,0.0,0.0,0.0,0.0,93.70718638102214,2.3462562689802864,93.40757315499442,1.9337115909021396,95.26989092145648,4.617951298928284,-0.06886722714437832
2021-02-03,102.87839549064209,105.03719950374536,100.16772320128429,102.73298645019531,82364000,0.0,0.0,95.26331329345703,0.0,0.0,2.0237296069866773,1.2146274483937542,0.0,0.07396069513607006,0.0,0.0,0.0,0.0,0.0,0.0,0.0,0.0,0.0,45474000.0,32044000.0,32252000.0,0.0,0.0,0.0,0.0,0.0,0.0,0.0,0.0,0.0,0.0,0.0,0.0,0.0,0.0,0.0,0.0,0.0,0.0,0.0,0.0,0.0,0.0,0.0,0.0,97.58361053466797,4.506486585831562,94.61756896972656,4.050069240087603,95.26989092145648,4.617951298928284,0.0037334894134561925
2021-02-04,102.6744377708487,103.15383632518852,101.36922452703662,102.35086059570312,37046000,0.0,0.0,97.24108123779297,0.0,0.0,2.519360258462072,1.475574010407418,0.0,-0.003719602317581283,0.0,0.0,0.0,0.0,0.0,0.0,0.0,0.0,0.0,82364000.0,45474000.0,32044000.0,0.0,0.0,0.0,0.0,0.0,0.0,0.0,0.0,0.0,0.0,0.0,0.0,0.0,0.0,0.0,0.0,0.0,0.0,0.0,0.0,0.0,0.0,0.0,0.0,100.24729919433594,3.978995786697907,95.64649636404855,5.008818471663536,95.26989092145648,4.617951298928284,-0.016982732664683198
2021-02-05,102.72950782114751,104.34291051322235,102.19997872555514,104.11908721923828,30702000,0.0,0.0,99.84415588378906,0.0,77.74630181335996,3.020019328493021,1.7844630740245386,0.0,0.017276128537109692,0.0,0.0,0.0,0.0,0.0,0.0,0.0,0.0,0.0,37046000.0,82364000.0,45474000.0,0.0,0.0,0.0,0.0,0.0,0.0,0.0,0.0,0.0,0.0,0.0,0.0,0.0,0.0,0.0,0.0,0.0,0.0,0.0,0.0,0.0,0.0,0.0,0.0,103.06764475504558,0.9304050106263212,97.54093061174665,5.38923247775997,95.26989092145648,4.617951298928284,0.0024319839271196297
2021-02-08,104.51164830223856,105.3869347160513,102.82876693597579,103.86648559570312,24838000,0.0,0.0,101.74549407958985,0.0,77.03784375295007,3.357706854092882,2.0991118300382077,0.0,-0.0024260837304812544,0.0,0.0,0.0,0.0,0.0,0.0,0.0,0.0,0.0,30702000.0,37046000.0,82364000.0,0.0,0.0,0.0,0.0,0.0,0.0,0.0,0.0,0.0,0.0,0.0,0.0,0.0,0.0,0.0,0.0,0.0,0.0,0.0,0.0,0.0,0.0,0.0,0.0,103.44547780354817,0.9563430445378979,99.17013985770089,5.3213410364533535,96.34061050415039,4.757228174308195,0.004511673640111846
2021-02-09,103.1533315305854,104.47293255250594,103.1533315305854,103.39997863769531,17798000,0.0,0.0,103.29387969970703,0.0,70.83044227492907,3.5467981569401132,2.388649095418589,0.0,-0.004491409864618601,0.0,0.0,0.0,0.0,0.0,0.0,0.0,0.0,0.0,24838000.0,30702000.0,37046000.0,0.0,0.0,0.0,0.0,0.0,0.0,0.0,0.0,0.0,0.0,0.0,0.0,0.0,0.0,0.0,0.0,0.0,0.0,0.0,0.0,0.0,0.0,0.0,0.0,103.79518381754558,0.36481809945300825,100.92674909319196,4.105374532805018,97.0375611441476,5.0380192211849995,-0.005664980393330743
2021-02-10,103.93101558504564,104.63374526564336,102.38659901915007,103.98907470703125,22710000,0.0,0.0,103.54509735107422,0.0,71.2879738149656,3.701520680007434,2.651223412336358,0.0,0.005697255232518739,0.0,0.0,0.0,0.0,0.0,0.0,0.0,0.0,0.0,17798000.0,24838000.0,30702000.0,0.0,0.0,0.0,0.0,0.0,0.0,0.0,0.0,0.0,0.0,0.0,0.0,0.0,0.0,0.0,0.0,0.0,0.0,0.0,0.0,0.0,0.0,0.0,0.0,103.75184631347656,0.31082980632305596,102.30236053466797,3.0036477692697376,97.7611699785505,5.268543725196646,-0.0002433000256062412
2021-02-11,104.19403374955975,104.31909522357091,103.09278852654595,104.0143814086914,18914000,0.0,0.0,103.87780151367187,0.0,70.72065223184522,3.782578226360627,2.877494375141212,0.0,0.0002433592349144753,0.0,0.0,0.0,0.0,0.0,0.0,0.0,0.0,0.0,22710000.0,17798000.0,24838000.0,0.0,0.0,0.0,0.0,0.0,0.0,0.0,0.0,0.0,0.0,0.0,0.0,0.0,0.0,0.0,0.0,0.0,0.0,0.0,0.0,0.0,0.0,0.0,0.0,103.80114491780598,0.34765053647392513,103.49612208775112,0.7000110881422931,98.45184762137276,5.417928959497189,-0.003906598761058255
2021-02-12,103.7344756103159,104.65606849407718,103.38113056344541,104.42231750488281,17114000,0.0,0.0,103.93844757080078,0.0,71.47024413776558,3.8355204572297055,3.0690995915589108,0.0,0.003921920129376533,0.0,0.0,0.0,0.0,0.0,0.0,0.0,0.0,0.0,18914000.0,22710000.0,17798000.0,0.0,0.0,0.0,0.0,0.0,0.0,0.0,0.0,0.0,0.0,0.0,0.0,0.0,0.0,0.0,0.0,0.0,0.0,0.0,0.0,0.0,0.0,0.0,0.0,104.14192454020183,0.24315687995443538,103.73745509556362,0.6840886572565215,99.17751203264508,5.493558179721219,-0.00838395074769449
2021-02-16,104.43472084080452,106.83273561237134,104.43472084080452,105.30519104003906,22676000,0.0,0.0,104.22618865966797,97.93879508972168,71.46725380082181,3.9037184362737207,3.236023360501873,5.674200070090632,0.008454835673561423,0.0,0.0,0.0,0.0,0.0,0.0,0.0,0.0,0.0,17114000.0,18914000.0,22710000.0,0.0,0.0,0.0,0.0,0.0,0.0,0.0,0.0,0.0,0.0,0.0,0.0,0.0,0.0,0.0,0.0,0.0,0.0,0.0,0.0,0.0,0.0,0.0,0.0,104.58062998453777,0.6598064163115113,104.15950230189732,0.5910652135284409,99.90299933297294,5.590343107364796,-0.0030117901587791707
2021-02-17,104.21834685346211,105.88881673739306,104.16474799837782,105.62330627441406,21418000,0.0,0.0,104.67085418701171,98.77613983154296,87.50508707916774,3.9380397954033697,3.3764266474821727,5.499456301529681,0.0030208884408560177,0.0,0.0,0.0,0.0,0.0,0.0,0.0,0.0,0.0,22676000.0,17114000.0,18914000.0,0.0,0.0,0.0,0.0,0.0,0.0,0.0,0.0,0.0,0.0,0.0,0.0,0.0,0.0,0.0,0.0,0.0,0.0,0.0,0.0,0.0,0.0,0.0,0.0,105.11693827311198,0.6222321386161416,104.37439073835101,0.8076713368340122,100.95766067504883,5.126204013788323,0.005247535414093063
2021-02-18,104.73397249673239,105.84290379891695,104.40245928622272,105.07193756103516,22432000,0.0,0.0,104.8874267578125,99.34760322570801,83.83988527901613,3.8760679737635826,3.476354912738455,5.531676807021625,-0.005220142531293437,0.0,0.0,0.0,0.0,0.0,0.0,0.0,0.0,0.0,21418000.0,22676000.0,17114000.0,0.0,0.0,0.0,0.0,0.0,0.0,0.0,0.0,0.0,0.0,0.0,0.0,0.0,0.0,0.0,0.0,0.0,0.0,0.0,0.0,0.0,0.0,0.0,0.0,105.33347829182942,0.27677064689676995,104.54659816196987,0.8098368239674315,101.85836900983539,4.599390430243261,0.007643374735861075
2021-02-19,105.17467874674287,105.73348355681483,104.0898130453819,104.2749252319336,29148000,0.0,0.0,104.93953552246094,99.86842193603516,86.44407562668644,3.719763506353786,3.5250366314615214,5.477769826471194,-0.007585396706314529,0.0,0.0,0.0,0.0,0.0,0.0,0.0,0.0,0.0,22432000.0,21418000.0,22676000.0,0.0,0.0,0.0,0.0,0.0,0.0,0.0,0.0,0.0,0.0,0.0,0.0,0.0,0.0,0.0,0.0,0.0,0.0,0.0,0.0,0.0,0.0,0.0,0.0,104.99005635579427,0.6779094760799127,104.67159053257534,0.6563436964504987,102.79916981288365,3.4283069777310486,0.017560378621909623
2021-02-22,102.58062420310993,103.79253530976204,102.3394369378379,102.47541809082031,27350000,0.0,0.0,104.55015563964844,100.27494812011719,74.42424342617352,3.411361846768955,3.5023016745230082,5.34639615465859,-0.01725733331489543,0.0,0.0,0.0,0.0,0.0,0.0,0.0,0.0,0.0,29148000.0,22432000.0,21418000.0,0.0,0.0,0.0,0.0,0.0,0.0,0.0,0.0,0.0,0.0,0.0,0.0,0.0,0.0,0.0,0.0,0.0,0.0,0.0,0.0,0.0,0.0,0.0,0.0,103.94076029459636,1.3301233002283603,104.45535387311664,1.0499809346499958,103.3788572038923,2.4332629314076963,-0.002887705385901995
2021-02-23,100.49676421173395,103.32554643644939,99.3558158634762,102.7721939086914,33348000,0.0,0.0,104.0435562133789,100.70040702819824,72.7836481300581,3.1545351206364103,3.432748363745689,5.178740372297247,0.002896068378155592,0.0,0.0,0.0,0.0,0.0,0.0,0.0,0.0,0.0,27350000.0,29148000.0,22432000.0,0.0,0.0,0.0,0.0,0.0,0.0,0.0,0.0,0.0,0.0,0.0,0.0,0.0,0.0,0.0,0.0,0.0,0.0,0.0,0.0,0.0,0.0,0.0,0.0,103.17417907714844,0.9647541368006615,104.27789851597377,1.2269812348322349,103.88701030186245,1.041895505905798,-0.011602731796540589
2021-02-24,101.33148458742494,104.25704420064466,101.14786423332461,103.97863006591797,24966000,0.0,0.0,103.7146209716797,101.14192008972168,56.391922333381096,3.013608403352521,3.3489203716670555,5.055432864755465,0.011738935516920401,0.0,0.0,0.0,0.0,0.0,0.0,0.0,0.0,0.0,33348000.0,27350000.0,29148000.0,0.0,0.0,0.0,0.0,0.0,0.0,0.0,0.0,0.0,0.0,0.0,0.0,0.0,0.0,0.0,0.0,0.0,0.0,0.0,0.0,0.0,0.0,0.0,0.0,103.07541402180989,0.7961585195606083,104.21451459612165,1.2297343761664656,103.97598484584263,0.9875335922709058,0.031412292334491054
2021-02-25,102.60296081264626,103.96425663834911,100.31214360907788,100.81189727783203,36568000,0.0,0.0,102.86261291503907,101.63961257934571,43.85814808161327,2.6162357568200747,3.2023834486976597,4.442542838580491,-0.030455611754822698,0.0,0.0,0.0,0.0,0.0,0.0,0.0,0.0,0.0,24966000.0,33348000.0,27350000.0,0.0,0.0,0.0,0.0,0.0,0.0,0.0,0.0,0.0,0.0,0.0,0.0,0.0,0.0,0.0,0.0,0.0,0.0,0.0,0.0,0.0,0.0,0.0,0.0,102.52090708414714,1.5982515255512186,103.57261548723493,1.66220075317004,103.86605889456612,1.2365940522000924,-0.0027001991713884177
2021-02-26,101.76276066693059,102.77963192245342,100.05258772073852,101.08484649658203,41670000,0.0,0.0,102.22459716796875,102.07075386047363,36.24952114101896,2.2968629855986933,3.0212793560778666,3.888914544749805,0.002707509987613488,0.0,0.0,0.0,0.0,0.0,0.0,0.0,0.0,0.0,36568000.0,24966000.0,33348000.0,0.0,0.0,0.0,0.0,0.0,0.0,0.0,0.0,0.0,0.0,0.0,0.0,0.0,0.0,0.0,0.0,0.0,0.0,0.0,0.0,0.0,0.0,0.0,0.0,101.95845794677734,1.7548352806514087,102.92426409040179,1.6134132128729743,103.6493274143764,1.4382854813368593,-0.02145078155690694
2021-03-01,102.06052547894382,103.54935898000207,101.54340785341348,103.30072784423828,28090000,0.0,0.0,102.38965911865235,102.68060455322265,47.82342232974087,2.1972325403169464,2.8564699929256827,2.9122968463680055,0.021921004230156083,0.0,0.0,0.0,0.0,0.0,0.0,0.0,0.0,0.0,41670000.0,36568000.0,24966000.0,0.0,0.0,0.0,0.0,0.0,0.0,0.0,0.0,0.0,0.0,0.0,0.0,0.0,0.0,0.0,0.0,0.0,0.0,0.0,0.0,0.0,0.0,0.0,0.0,101.73249053955078,1.3649730773404294,102.67123413085938,1.3353943032769118,103.60891614641461,1.4396620231633606,0.002731402935550964
2021-03-02,103.03671205722323,104.43521963897341,102.79204895640686,103.01934051513672,22692000,0.0,0.0,102.4390884399414,103.11358184814453,48.51445290144848,2.0716879596086955,2.6995135862622854,2.1555004645365026,-0.002723962695847182,0.0,0.0,0.0,0.0,0.0,0.0,0.0,0.0,0.0,28090000.0,41670000.0,36568000.0,0.0,0.0,0.0,0.0,0.0,0.0,0.0,0.0,0.0,0.0,0.0,0.0,0.0,0.0,0.0,0.0,0.0,0.0,0.0,0.0,0.0,0.0,0.0,0.0,102.46830495198567,1.2063426878858337,102.49186488560268,1.1564174055712504,103.58172770908901,1.4474843753351656,0.024241222085096492
2021-03-03,102.59105022064446,103.64852581463876,99.75184808714971,100.58113098144531,29684000,0.0,0.0,101.75958862304688,103.35973587036133,38.3771167476764,1.7552167958578053,2.5106542281813895,1.4122394870908526,-0.023667493127983663,0.0,0.0,0.0,0.0,0.0,0.0,0.0,0.0,0.0,22692000.0,28090000.0,41670000.0,0.0,0.0,0.0,0.0,0.0,0.0,0.0,0.0,0.0,0.0,0.0,0.0,0.0,0.0,0.0,0.0,0.0,0.0,0.0,0.0,0.0,0.0,0.0,0.0,102.30039978027344,1.495562974004328,102.22125244140625,1.3639295672314413,103.33830315726144,1.6465772235405318,-0.010921942226798431
2021-03-04,100.41538074708215,103.68435837482073,100.26152824244853,101.69180297851562,42360000,0.0,0.0,101.9355697631836,103.30767669677735,42.62479522405069,1.57586744743341,2.323696872031794,1.455099366366643,0.011042548301382737,0.0,0.0,0.0,0.0,0.0,0.0,0.0,0.0,0.0,29684000.0,22692000.0,28090000.0,0.0,0.0,0.0,0.0,0.0,0.0,0.0,0.0,0.0,0.0,0.0,0.0,0.0,0.0,0.0,0.0,0.0,0.0,0.0,0.0,0.0,0.0,0.0,0.0,101.76409149169922,1.2207111265158728,102.06691087995257,1.3522730368066687,103.17240469796317,1.6896605039852428,-0.028194924633593965
2021-03-05,102.88436139384845,105.11711970632639,101.55905042476952,104.64218139648438,43904000,0.0,0.0,102.64703674316407,103.4222427368164,50.60110534299174,1.6527507952872185,2.189507656682879,1.4659623630135292,0.029012942356741123,0.0,0.0,0.0,0.0,0.0,0.0,0.0,0.0,0.0,42360000.0,29684000.0,22692000.0,0.0,0.0,0.0,0.0,0.0,0.0,0.0,0.0,0.0,0.0,0.0,0.0,0.0,0.0,0.0,0.0,0.0,0.0,0.0,0.0,0.0,0.0,0.0,0.0,102.30503845214844,2.0988272744472076,102.16170392717633,1.5213098594720929,103.18810926164899,1.7031394697753348,0.041681508236672604
2021-03-08,104.27441622852874,105.64810821346929,100.32800981789678,100.45506286621094,32948000,0.0,0.0,102.0779037475586,103.23904151916504,38.76897495493217,1.3601371161732487,2.023633548580953,1.597352707558384,-0.04001367779603748,0.0,0.0,0.0,0.0,0.0,0.0,0.0,0.0,0.0,43904000.0,42360000.0,29684000.0,0.0,0.0,0.0,0.0,0.0,0.0,0.0,0.0,0.0,0.0,0.0,0.0,0.0,0.0,0.0,0.0,0.0,0.0,0.0,0.0,0.0,0.0,0.0,0.0,102.26301574707031,2.151209756592728,102.11072758265904,1.5789636758339616,102.84167153494698,1.732409008822847,-0.01389889331005667
2021-03-09,102.72951498133257,103.12852279691981,101.62926935019789,101.87095642089844,33946000,0.0,0.0,101.84822692871094,103.1392650604248,41.73138726578361,1.2283300201909526,1.864572842902953,1.6182843694396283,0.014094795367090907,0.0,0.0,0.0,0.0,0.0,0.0,0.0,0.0,0.0,32948000.0,43904000.0,42360000.0,0.0,0.0,0.0,0.0,0.0,0.0,0.0,0.0,0.0,0.0,0.0,0.0,0.0,0.0,0.0,0.0,0.0,0.0,0.0,0.0,0.0,0.0,0.0,0.0,102.32273356119792,2.1298045297662167,102.22302900041852,1.5207199328960679,102.57364654541016,1.5495707876863696,-0.001133712633957451
2021-03-10,102.8168471431405,102.97764369503807,100.91164199644126,101.98657989501953,25372000,0.0,0.0,102.12931671142579,103.06859512329102,43.06803814392558,1.1202878144915047,1.7157158372206636,1.6370523643356543,0.0011349993971134786,0.0,0.0,0.0,0.0,0.0,0.0,0.0,0.0,0.0,33946000.0,32948000.0,43904000.0,0.0,0.0,0.0,0.0,0.0,0.0,0.0,0.0,0.0,0.0,0.0,0.0,0.0,0.0,0.0,0.0,0.0,0.0,0.0,0.0,0.0,0.0,0.0,0.0,101.43753306070964,0.8528059329359241,102.03529357910156,1.444720039107846,102.35326385498047,1.3766859585064948,-0.028248969935918966
2021-03-11,102.93100076362254,105.4937801610599,102.8476264530874,104.95134735107422,24782000,0.0,0.0,102.7812255859375,103.11670875549316,51.384843384303565,1.2593782160419806,1.6244483129849272,1.67912952516018,0.029070172360976088,0.0,0.0,0.0,0.0,0.0,0.0,0.0,0.0,0.0,25372000.0,33946000.0,32948000.0,0.0,0.0,0.0,0.0,0.0,0.0,0.0,0.0,0.0,0.0,0.0,0.0,0.0,0.0,0.0,0.0,0.0,0.0,0.0,0.0,0.0,0.0,0.0,0.0,102.93629455566406,1.7460442500577384,102.31129455566406,1.803934653457559,102.40157972063336,1.4587404591555257,0.025631422972347107
2021-03-12,103.47393032442318,103.73497295463616,101.61537222456147,102.32852172851562,34516000,0.0,0.0,102.31849365234375,103.03241577148438,49.70906600729285,1.1447720340778034,1.5285130572035026,1.674001819422425,-0.024990871377619794,0.0,0.0,0.0,0.0,0.0,0.0,0.0,0.0,0.0,24782000.0,25372000.0,33946000.0,0.0,0.0,0.0,0.0,0.0,0.0,0.0,0.0,0.0,0.0,0.0,0.0,0.0,0.0,0.0,0.0,0.0,0.0,0.0,0.0,0.0,0.0,0.0,0.0,103.0888163248698,1.6220349632650575,102.56092180524554,1.6378703570727673,102.39108712332589,1.4586967970452094,-0.0022114054841011477
2021-03-15,102.34736955994683,102.58359676514988,101.41486465521487,102.55531311035156,25962000,0.0,0.0,102.73854370117188,102.9390655517578,49.569265036782255,1.060026650929487,1.4348157759486995,1.6442063288929103,0.0022163066367519857,0.0,0.0,0.0,0.0,0.0,0.0,0.0,0.0,0.0,34516000.0,24782000.0,25372000.0,0.0,0.0,0.0,0.0,0.0,0.0,0.0,0.0,0.0,0.0,0.0,0.0,0.0,0.0,0.0,0.0,0.0,0.0,0.0,0.0,0.0,0.0,0.0,0.0,103.2783940633138,1.4532508764800622,102.68428039550781,1.5934165792099901,102.37559563773019,1.4554861857925645,-0.012439672123150447
2021-03-16,103.17567506077101,105.3875859151947,102.72952022085619,103.84713745117188,29832000,0.0,0.0,103.13377990722657,102.86616287231445,49.739732535350925,1.084602134044772,1.364773047567914,1.5641480499699234,0.01259636679603604,0.0,0.0,0.0,0.0,0.0,0.0,0.0,0.0,0.0,25962000.0,34516000.0,24782000.0,0.0,0.0,0.0,0.0,0.0,0.0,0.0,0.0,0.0,0.0,0.0,0.0,0.0,0.0,0.0,0.0,0.0,0.0,0.0,0.0,0.0,0.0,0.0,0.0,102.91032409667969,0.8191904714930167,102.5707026890346,1.4527226911238227,102.36620330810547,1.4447305149350878,0.0006887915622924012
2021-03-17,103.02875715162972,104.70369470408664,101.93545571900566,103.7756576538086,25980000,0.0,0.0,103.49159545898438,102.77378044128417,56.685434562023545,1.0857941995557638,1.308977277965484,1.4425721557951199,-0.0006883174550371685,0.0,0.0,0.0,0.0,0.0,0.0,0.0,0.0,0.0,29832000.0,25962000.0,34516000.0,0.0,0.0,0.0,0.0,0.0,0.0,0.0,0.0,0.0,0.0,0.0,0.0,0.0,0.0,0.0,0.0,0.0,0.0,0.0,0.0,0.0,0.0,0.0,0.0,103.39270273844402,0.726080837293884,103.04507337297711,1.159253430054859,102.57790047781808,1.4163190650897248,0.026942078540129533
2021-03-18,102.28286011376694,103.00246142686906,100.92057237004009,101.0530776977539,27228000,0.0,0.0,102.71194152832031,102.57283744812011,49.93546975353909,0.8571685655037982,1.218615535473147,1.3843296710212953,-0.026235246469235585,0.0,0.0,0.0,0.0,0.0,0.0,0.0,0.0,0.0,25980000.0,29832000.0,25962000.0,0.0,0.0,0.0,0.0,0.0,0.0,0.0,0.0,0.0,0.0,0.0,0.0,0.0,0.0,0.0,0.0,0.0,0.0,0.0,0.0,0.0,0.0,0.0,0.0,102.89195760091145,1.5929177047278111,102.92823355538505,1.32647065821855,102.57563127790179,1.4189182839196253,-0.0034162405959143882
2021-03-19,101.34240805448042,101.8907928977242,100.13298082469584,101.39948272705078,46298000,0.0,0.0,102.52613372802735,102.42906532287597,45.820696474559576,0.6959110646320426,1.114074641304926,1.3470680465958829,0.003427951302314325,0.0,0.0,0.0,0.0,0.0,0.0,0.0,0.0,0.0,27228000.0,25980000.0,29832000.0,0.0,0.0,0.0,0.0,0.0,0.0,0.0,0.0,0.0,0.0,0.0,0.0,0.0,0.0,0.0,0.0,0.0,0.0,0.0,0.0,0.0,0.0,0.0,0.0,102.0760726928711,1.4820394362715958,102.8443625313895,1.4117526625368317,102.43982805524554,1.4350728585878312,0.002261277296650821
2021-03-22,101.33200406944363,102.13348798788701,100.54936835085859,101.17070770263672,39096000,0.0,0.0,102.24921264648438,102.3638298034668,45.92692728970819,0.5433892478746145,0.9999375626188638,1.3759868417076613,-0.002256175458309584,0.0,0.0,0.0,0.0,0.0,0.0,0.0,0.0,0.0,46298000.0,27228000.0,25980000.0,0.0,0.0,0.0,0.0,0.0,0.0,0.0,0.0,0.0,0.0,0.0,0.0,0.0,0.0,0.0,0.0,0.0,0.0,0.0,0.0,0.0,0.0,0.0,0.0,101.20775604248047,0.17614921428839916,102.3042711530413,1.1746005035572809,102.30778285435268,1.4624366418900385,-0.006999637040880469
2021-03-23,101.82132320572043,102.84375278509316,101.20196791810987,101.88385772705078,27340000,0.0,0.0,101.85655670166015,102.31941299438476,53.106421841428784,0.47458908856921767,0.8948678678089347,1.3764487272386785,0.007048977323655503,0.0,0.0,0.0,0.0,0.0,0.0,0.0,0.0,0.0,39096000.0,46298000.0,27228000.0,0.0,0.0,0.0,0.0,0.0,0.0,0.0,0.0,0.0,0.0,0.0,0.0,0.0,0.0,0.0,0.0,0.0,0.0,0.0,0.0,0.0,0.0,0.0,0.0,101.48468271891277,0.36412912310113116,102.2407477242606,1.1850478776583915,102.40083476475307,1.3834332076671012,0.00386311652847815
2021-03-24,102.4997262320827,103.13694521225399,101.31784056502877,101.49178314208984,23080000,0.0,0.0,101.3997817993164,102.19507064819337,49.506116231570964,0.3840008021242909,0.7926944546720059,1.3302227826163013,-0.003848250289180344,0.0,0.0,0.0,0.0,0.0,0.0,0.0,0.0,0.0,27340000.0,39096000.0,46298000.0,0.0,0.0,0.0,0.0,0.0,0.0,0.0,0.0,0.0,0.0,0.0,0.0,0.0,0.0,0.0,0.0,0.0,0.0,0.0,0.0,0.0,0.0,0.0,0.0,101.51544952392578,0.35716356554433254,102.08881487165179,1.2059879943682843,102.3865476335798,1.3923231220385262,0.00034230250623035197
2021-03-25,101.47938573124554,102.17714767750128,99.78806856759364,101.4570541381836,28378000,0.0,0.0,101.48057708740234,102.22732849121094,40.81250629949644,0.30588059104101717,0.6953316819458083,1.3024480756249774,-0.0003421853753188264,0.0,0.0,0.0,0.9429,0.9429,1.0,6953.0,1.0,0.0,23080000.0,27340000.0,39096000.0,0.0,0.0,0.0,0.0,0.0,0.0,0.0,0.0,0.0,0.0,0.0,0.0,0.0,0.0,0.0,0.0,0.0,0.0,0.0,0.0,0.0,0.0,0.0,0.0,101.61089833577473,0.23702668181538739,101.74737439836774,0.9325408309639546,102.15903854370117,1.2481603962529313,0.004328114064399591
2021-03-26,101.1841011784745,101.78608490659278,99.95134270224546,101.01982879638672,29870000,0.0,0.0,101.40464630126954,102.22407760620118,52.0787688409049,0.20631110391174445,0.5975275663389955,1.3055272748902997,-0.004309462220353666,0.0,0.0,0.0,0.0,0.0,0.0,0.0,0.0,0.0,28378000.0,23080000.0,27340000.0,0.0,0.0,0.0,0.0,0.0,0.0,0.0,0.0,0.0,0.9429,0.0,0.0,0.9429,0.0,0.0,1.0,0.0,0.0,6953.0,0.0,0.0,1.0,0.0,0.0,101.32288869222005,0.2630313693743649,101.3536845615932,0.3022808390919511,102.19937896728516,1.196926824898936,-0.009922481431659635
2021-03-29,100.63918654962447,102.15531926926886,100.03075095540598,102.03224182128906,24596000,0.0,0.0,101.576953125,102.16065330505371,50.611825776098385,0.20671199086633862,0.5193644512444642,1.2810522039971692,0.010021923784319098,0.0,0.0,0.0,0.0,0.0,0.0,0.0,0.0,0.0,29870000.0,28378000.0,23080000.0,0.0,0.0,0.0,0.0,0.0,0.0,0.0,0.0,0.0,0.0,0.9429,0.0,0.0,0.9429,0.0,0.0,1.0,0.0,0.0,6953.0,0.0,0.0,1.0,0.0,101.50304158528645,0.5077707821608577,101.49356515066964,0.36086739203131213,102.21089935302734,1.1942959013798087,0.00019946296820783083
2021-03-30,102.11561611154833,102.768222674311,101.4406779549868,102.01189422607422,20732000,0.0,0.0,101.6025604248047,102.11028099060059,50.09672747456749,0.20304721389493352,0.4561010037745581,1.2652197307708548,-0.00019942319066634795,0.0,0.0,0.0,0.0,0.0,0.0,0.0,0.0,0.0,24596000.0,29870000.0,28378000.0,0.0,0.0,0.0,0.0,0.0,0.0,0.0,0.0,0.0,0.0,0.0,0.9429,0.0,0.0,0.9429,0.0,0.0,1.0,0.0,0.0,6953.0,0.0,0.0,1.0,101.68798828125,0.5787325194485987,101.581052507673,0.40570656726191,102.21270751953125,1.1939492692956546,-0.006327859488641896
2021-03-31,102.18955970581162,103.88717728039907,102.07169220908598,102.6615219116211,29198000,0.0,0.0,101.83650817871094,102.21430053710938,39.36967212069608,0.249684173076119,0.4148176376348703,1.2175040010070515,0.006368156286826743,0.0,0.0,0.0,0.0,0.0,0.0,0.0,0.0,0.0,20732000.0,24596000.0,29870000.0,0.0,0.0,0.0,0.0,0.0,0.0,0.0,0.0,0.0,0.0,0.0,0.0,0.0,0.0,0.0,0.0,0.0,0.0,0.0,0.0,0.0,0.0,0.0,0.0,102.23521931966145,0.36932902822737573,101.79402596609933,0.5274331439790786,102.04914855957031,0.9139288776290314,-0.032333014254696035
2021-04-01,104.1166056180529,106.34936361659216,104.0639987751281,106.09178924560547,33980000,0.0,0.0,102.76345520019531,102.43429985046387,66.25223803979016,0.5570172569339036,0.44325756149467693,1.486038975283021,0.033413369197248244,0.0,0.0,0.0,0.0,0.0,0.0,0.0,0.0,0.0,29198000.0,20732000.0,24596000.0,0.0,0.0,0.0,0.0,0.0,0.0,0.0,0.0,0.0,0.0,0.0,0.0,0.0,0.0,0.0,0.0,0.0,0.0,0.0,0.0,0.0,0.0,0.0,0.0,103.5884017944336,2.192194238764178,102.39515904017857,1.7128089492768983,102.31795338221959,1.417249986229631,-0.039450952718372734
2021-04-05,106.84564529817908,111.03273971123632,106.78013474476542,110.44911193847656,43298000,0.0,0.0,104.64931182861328,102.72464637756347,75.12632910261168,1.1390502040380284,0.5824160900033473,2.289959487737071,0.041071252769465216,0.0,0.0,0.0,0.0,0.0,0.0,0.0,0.0,0.0,33980000.0,29198000.0,20732000.0,0.0,0.0,0.0,0.0,0.0,0.0,0.0,0.0,0.0,0.0,0.0,0.0,0.0,0.0,0.0,0.0,0.0,0.0,0.0,0.0,0.0,0.0,0.0,0.0,106.4008076985677,3.9029807724094776,103.67477743966239,3.42029222720835,102.88179615565709,2.59763659161594,0.0003595321949230179
2021-04-06,110.29775065496709,111.05011107606593,109.91561459536234,110.40941619873047,27060000,0.0,0.0,106.32474670410156,103.22236404418945,72.69727658330294,1.5789116824556686,0.7817152084938116,2.7964695320495316,-0.00035940297798142673,0.0,0.0,0.0,0.0,0.0,0.0,0.0,0.0,0.0,43298000.0,33980000.0,29198000.0,0.0,0.0,0.0,0.0,0.0,0.0,0.0,0.0,0.0,0.0,0.0,0.0,0.0,0.0,0.0,0.0,0.0,0.0,0.0,0.0,0.0,0.0,0.0,0.0,108.98343912760417,2.504320909545306,104.9536863054548,4.065673394023324,103.35053035191127,3.286072257375973,-0.011081576640516122
2021-04-07,110.47790474172571,111.91065562912694,110.43820160485271,111.64663696289062,25798000,0.0,0.0,108.25169525146484,103.71114807128906,75.19223866164286,2.004234876847434,1.0262191421645361,3.347807374917296,0.011205754062979745,0.0,0.0,0.0,0.0,0.0,0.0,0.0,0.0,0.0,27060000.0,43298000.0,33980000.0,0.0,0.0,0.0,0.0,0.0,0.0,0.0,0.0,0.0,0.0,0.0,0.0,0.0,0.0,0.0,0.0,0.0,0.0,0.0,0.0,0.0,0.0,0.0,0.0,110.83505503336589,0.7031307553981884,106.4718017578125,4.327544199574479,103.91274315970284,3.967143980919901,-0.006956783146882861
2021-04-08,113.05011896482257,113.35011506719265,112.04366748113668,112.42877960205078,27166000,0.0,0.0,110.20514678955078,104.23325805664062,91.57361391174004,2.377018161311341,1.296378945993897,3.8424187663701264,0.007005519023561169,0.0,0.0,0.0,0.0,0.0,0.0,0.0,0.0,0.0,25798000.0,27060000.0,43298000.0,0.0,0.0,0.0,0.0,0.0,0.0,0.0,0.0,0.0,0.0,0.0,0.0,0.0,0.0,0.0,0.0,0.0,0.0,0.0,0.0,0.0,0.0,0.0,0.0,111.4949442545573,1.0181920972922915,107.95702144077846,4.333985518659478,104.72529329572406,4.46954540583783,-0.008941759024110318
2021-04-09,111.99502259379396,113.59998953817454,111.84683440193864,113.44316101074219,20888000,0.0,0.0,111.67542114257813,104.65784873962403,91.96586986076677,2.7229156257720035,1.5816862819495183,4.360230394531763,0.009022435467874734,0.0,0.0,0.0,0.0,0.0,0.0,0.0,0.0,0.0,27166000.0,25798000.0,27060000.0,0.0,0.0,0.0,0.0,0.0,0.0,0.0,0.0,0.0,0.0,0.0,0.0,0.0,0.0,0.0,0.0,0.0,0.0,0.0,0.0,0.0,0.0,0.0,0.0,112.50619252522786,0.9007603644329365,109.59005955287388,3.846775236240365,105.58555603027344,4.916834063441908,0.013788448847742218
2021-04-12,112.46896286047254,112.91908569979363,111.09005321800934,111.90023040771484,31318000,0.0,0.0,111.96564483642578,105.13643417358398,84.25001826550742,2.8398047520934426,1.8333099759783034,4.609292789253475,-0.013600913349736787,0.0,0.0,0.0,0.0,0.0,0.0,0.0,0.0,0.0,20888000.0,27166000.0,25798000.0,0.0,0.0,0.0,0.0,0.0,0.0,0.0,0.0,0.0,0.0,0.0,0.0,0.0,0.0,0.0,0.0,0.0,0.0,0.0,0.0,0.0,0.0,0.0,0.0,112.59072367350261,0.7841097647321967,110.90987505231585,2.3778471766579927,106.35195050920758,5.0110610228450785,-0.005504412853475249
2021-04-13,112.23174260920688,113.01287887576844,111.96474035408396,112.51958465576172,23310000,0.0,0.0,112.38767852783204,105.6346477508545,84.15513662583867,2.948429281082994,2.0563338369992414,4.847953502317953,0.00553487911320838,0.0,0.0,0.0,0.0,0.0,0.0,0.0,0.0,0.0,31318000.0,20888000.0,27166000.0,0.0,0.0,0.0,0.0,0.0,0.0,0.0,0.0,0.0,0.0,0.0,0.0,0.0,0.0,0.0,0.0,0.0,0.0,0.0,0.0,0.0,0.0,0.0,0.0,112.62099202473958,0.776447874813142,111.82813153948102,1.1105398466735232,107.1116452898298,5.087204726571874,0.005512598354763254
2021-04-14,112.911152959664,113.05159437931093,111.62231934057371,111.9027099609375,20220000,0.0,0.0,112.4388931274414,106.03742637634278,82.95737508217722,2.950724257985314,2.235211921196456,5.023100365873305,-0.0054823762166511525,0.0,0.0,0.0,0.0,0.0,0.0,0.0,0.0,0.0,23310000.0,31318000.0,20888000.0,0.0,0.0,0.0,0.0,0.0,0.0,0.0,0.0,0.0,0.0,0.0,0.0,0.0,0.0,0.0,0.0,0.0,0.0,0.0,0.0,0.0,0.0,0.0,0.0,112.10750834147136,0.35687070998527853,112.03578839983258,0.9311113239683828,107.8552829197475,4.961893003133133,-0.018209099408916463
2021-04-15,113.00147344964974,114.47129978297473,112.456564366128,113.9781494140625,27472000,0.0,0.0,112.74876708984375,106.54755096435547,85.1021152833489,3.0844579511582424,2.405061127188813,5.292169742716361,0.018546820303543043,0.0,0.0,0.0,0.0,0.0,0.0,0.0,0.0,0.0,20220000.0,23310000.0,31318000.0,0.0,0.0,0.0,0.0,0.0,0.0,0.0,0.0,0.0,0.0,0.0,0.0,0.0,0.0,0.0,0.0,0.0,0.0,0.0,0.0,0.0,0.0,0.0,0.0,112.8001480102539,1.0657856622275808,112.5456074305943,0.866994949036407,108.74964686802456,4.847034895585654,-0.00047864054844148907
2021-04-16,114.29278070382014,114.46349736190467,113.37218749025212,114.03273010253906,22596000,0.0,0.0,112.86668090820312,107.19653358459473,87.28069849493802,3.158438558267278,2.5557366134045063,5.3780707387773665,0.0004788697549236165,0.0,0.0,0.0,0.0,0.0,0.0,0.0,0.0,0.0,27472000.0,20220000.0,23310000.0,0.0,0.0,0.0,0.0,0.0,0.0,0.0,0.0,0.0,0.0,0.0,0.0,0.0,0.0,0.0,0.0,0.0,0.0,0.0,0.0,0.0,0.0,0.0,0.0,113.30452982584636,1.2143183121111414,112.88647787911552,0.9219651792784185,109.67913981846401,4.484882261045116,-0.002015399672637752
2021-04-19,113.74589052815423,115.05953958182683,113.54068066554962,114.26301574707031,24688000,0.0,0.0,113.33923797607422,107.8397102355957,86.68394787810888,3.1987773353863247,2.68434475780087,5.41734592219799,0.002019469711232791,0.0,0.0,0.0,0.0,0.0,0.0,0.0,0.0,0.0,22596000.0,27472000.0,20220000.0,0.0,0.0,0.0,0.0,0.0,0.0,0.0,0.0,0.0,0.0,0.0,0.0,0.0,0.0,0.0,0.0,0.0,0.0,0.0,0.0,0.0,0.0,0.0,0.0,114.09129842122395,0.15119488379408125,113.1485116141183,1.025089897841509,110.55276652744838,4.050982164072445,0.0038236190094462774
2021-04-20,114.5354713587427,114.6203374774806,112.7399399455343,113.8277816772461,21774000,0.0,0.0,113.60087738037109,108.47256393432617,84.57898769855659,3.1592089604892237,2.7793175983385408,5.335957610007317,-0.003809054635733111,0.0,0.0,0.0,0.0,0.0,0.0,0.0,0.0,0.0,24688000.0,22596000.0,27472000.0,0.0,0.0,0.0,0.0,0.0,0.0,0.0,0.0,0.0,0.0,0.0,0.0,0.0,0.0,0.0,0.0,0.0,0.0,0.0,0.0,0.0,0.0,0.0,0.0,114.04117584228516,0.21773991773174553,113.20345742361886,1.0534318558723055,111.39675848824638,3.2950154074785334,0.00014828298426605713
2021-04-21,113.41189762355198,113.911651318457,112.08782862508022,113.81090545654297,23930000,0.0,0.0,113.98251647949219,109.06891632080078,83.88333559010162,3.090859464425563,2.8416259715559455,5.226201931991379,-0.00014826099968268114,0.0,0.0,0.0,0.0,0.0,0.0,0.0,0.0,0.0,21774000.0,24688000.0,22596000.0,0.0,0.0,0.0,0.0,0.0,0.0,0.0,0.0,0.0,0.0,0.0,0.0,0.0,0.0,0.0,0.0,0.0,0.0,0.0,0.0,0.0,0.0,0.0,0.0,113.9672342936198,0.25629319706203224,113.47641100202289,0.8951144168741662,112.19314302716937,2.180105781184415,0.011186522595144632
2021-04-22,113.80791621888578,114.33059968400795,111.98260950784,112.55184173583984,21096000,0.0,0.0,113.69725494384765,109.62191925048828,72.61700995570257,2.9016476882007822,2.8536303148849127,4.960645774382071,-0.011062768683304025,0.0,0.0,0.0,0.0,0.0,0.0,0.0,0.0,0.0,23930000.0,21774000.0,24688000.0,0.0,0.0,0.0,0.0,0.0,0.0,0.0,0.0,0.0,0.0,0.0,0.0,0.0,0.0,0.0,0.0,0.0,0.0,0.0,0.0,0.0,0.0,0.0,0.0,113.39684295654297,0.7318411705750302,113.48101915631976,0.889432585157944,112.65457534790039,1.2922391302334164,-0.020463803813289716
2021-04-23,113.32354667373328,115.42528345623494,113.06250406670956,114.9031982421875,28670000,0.0,0.0,113.87134857177735,110.29422645568847,68.14227273913805,2.9079102322552473,2.8644862983589796,4.700162759789605,0.020891319680634846,0.0,0.0,0.0,0.0,0.0,0.0,0.0,0.0,0.0,21096000.0,23930000.0,21774000.0,0.0,0.0,0.0,0.0,0.0,0.0,0.0,0.0,0.0,0.0,0.0,0.0,0.0,0.0,0.0,0.0,0.0,0.0,0.0,0.0,0.0,0.0,0.0,0.0,113.75531514485677,1.1766635317927088,113.90966033935547,0.7061565608673733,112.97272436959403,1.2552547543005537,-0.00491674698267397
2021-04-26,115.13297457325584,116.19154051966318,114.83074460174834,115.47093963623047,20834000,0.0,0.0,114.11293334960938,111.01678199768067,69.76619881800382,2.9249681174950126,2.8765826621861863,4.292473502276718,0.0049410408302674735,0.0,0.0,0.0,0.0,0.0,0.0,0.0,0.0,0.0,28670000.0,21096000.0,23930000.0,0.0,0.0,0.0,0.0,0.0,0.0,0.0,0.0,0.0,0.0,0.0,0.0,0.0,0.0,0.0,0.0,0.0,0.0,0.0,0.0,0.0,0.0,0.0,0.0,114.30865987141927,1.5477047663404828,114.12291608537946,0.9225416637155881,113.33426175798688,1.187247600748529,0.008504013757494322
2021-04-27,115.93050403228408,116.0024588653104,114.35581241909847,114.49725341796875,31972000,0.0,0.0,114.2468276977539,111.64003257751465,61.36614189516414,2.8273266128215795,2.8667314523132648,3.7954553156455844,-0.00843230531707051,0.0,0.0,0.0,0.0,0.0,0.0,0.0,0.0,0.0,20834000.0,28670000.0,21096000.0,0.0,0.0,0.0,0.0,0.0,0.0,0.0,0.0,0.0,0.0,0.0,0.0,0.0,0.0,0.0,0.0,0.0,0.0,0.0,0.0,0.0,0.0,0.0,0.0,114.9571304321289,0.48907844334229195,114.18927655901227,0.9316354497683565,113.5378772190639,1.1179748799844198,-0.03058516934675959
2021-04-28,119.46126773420414,121.70608135750207,117.85854233793792,118.10965728759766,59728000,0.0,0.0,115.10657806396485,112.44492073059082,68.48015788710833,3.0067755818048596,2.8947402782115836,3.323775888668375,0.03155013558658859,0.0,0.0,0.0,0.0,0.0,0.0,0.0,0.0,0.0,31972000.0,20834000.0,28670000.0,0.0,0.0,0.0,0.0,0.0,0.0,0.0,0.0,0.0,0.0,0.0,0.0,0.0,0.0,0.0,0.0,0.0,0.0,0.0,0.0,0.0,0.0,0.0,0.0,116.0259501139323,1.8690620380545375,114.73879677908761,1.7539388031369665,113.94365419660296,1.608013296767616,-0.02056879868054995
2021-04-29,119.61933348334902,120.9190791497604,119.21982590272664,120.59004974365234,39554000,0.0,0.0,116.71421966552734,113.34134712219239,71.22474291460274,3.310970319447918,2.977986286458851,2.9420621632933965,0.021000759065915586,0.0,0.0,0.0,0.0,0.0,0.0,0.0,0.0,0.0,59728000.0,31972000.0,20834000.0,0.0,0.0,0.0,0.0,0.0,0.0,0.0,0.0,0.0,0.0,0.0,0.0,0.0,0.0,0.0,0.0,0.0,0.0,0.0,0.0,0.0,0.0,0.0,0.0,117.73232014973958,3.063874875589909,115.70483507428851,2.7487091144717035,114.45414624895368,2.3840792184037287,0.008202966082721197
2021-04-30,119.3295033916252,120.45357230680484,119.21386981598272,119.60890197753906,39142000,0.0,0.0,117.65536041259766,114.01720275878907,73.6833740951647,3.4332994764931613,3.069048924465713,2.7342795001067155,-0.0081362249057777,0.0,0.0,0.0,0.0,0.0,0.0,0.0,0.0,0.0,39554000.0,59728000.0,31972000.0,0.0,0.0,0.0,0.0,0.0,0.0,0.0,0.0,0.0,0.0,0.0,0.0,0.0,0.0,0.0,0.0,0.0,0.0,0.0,0.0,0.0,0.0,0.0,0.0,119.43620300292969,1.2491818866308546,116.53312029157367,2.949146344163274,115.00476564679828,2.626701862301182,0.006241602687217185
2021-05-03,119.24167370808205,120.0843525320312,118.33745237153194,118.86698150634766,33788000,0.0,0.0,118.33456878662109,114.43809623718262,69.35535653465402,3.4308309496786507,3.141405329508301,2.803151034334857,-0.006202886732717627,0.0,0.0,0.0,0.0,0.0,0.0,0.0,0.0,0.0,39142000.0,39554000.0,59728000.0,0.0,0.0,0.0,0.0,0.0,0.0,0.0,0.0,0.0,0.0,0.0,0.0,0.0,0.0,0.0,0.0,0.0,0.0,0.0,0.0,0.0,0.0,0.0,0.0,119.68864440917969,0.8642975061603867,117.43528311593192,2.452340034050862,115.45815113612584,2.7111888382277765,0.017381335038444634
2021-05-04,117.60494453426084,118.07739897884774,114.72454752284926,116.83621215820312,35120000,0.0,0.0,118.80236053466797,114.75943603515626,63.84967295064061,3.227800435659418,3.1586843507385245,2.6828006821991086,-0.017084385608261532,0.0,0.0,0.0,0.0,0.0,0.0,0.0,0.0,0.0,33788000.0,39142000.0,39554000.0,0.0,0.0,0.0,0.0,0.0,0.0,0.0,0.0,0.0,0.0,0.0,0.0,0.0,0.0,0.0,0.0,0.0,0.0,0.0,0.0,0.0,0.0,0.0,0.0,118.43736521402995,1.435402322532233,117.711427961077,2.217260706055216,115.81054415021624,2.5279429526780497,-0.0010564800662119511
2021-05-05,117.53942996667035,118.22330377623746,116.69526696192773,116.95977783203125,21806000,0.0,0.0,118.57238464355468,115.02509307861328,59.40041584202236,3.041803984859584,3.1353082775627366,2.620681743080178,0.001057597396779686,0.0,0.0,0.0,0.0,0.0,0.0,0.0,0.0,0.0,35120000.0,33788000.0,39142000.0,0.0,0.0,0.0,0.0,0.0,0.0,0.0,0.0,0.0,0.0,0.0,0.0,0.0,0.0,0.0,0.0,0.0,0.0,0.0,0.0,0.0,0.0,0.0,0.0,117.55432383219402,1.1384725495474317,117.9241191319057,2.030024526755786,116.02351760864258,2.4869583261230734,-0.010334446184967483
2021-05-06,116.65704545809791,118.24860876685227,116.24503552108047,118.18111419677734,20618000,0.0,0.0,118.0905975341797,115.31270980834961,62.18265524826773,2.9588443788866527,3.10001549782752,2.636351557271137,0.010442362215325796,0.0,0.0,0.0,0.51,0.51,1.0,252.0,1.0,0.0,21806000.0,35120000.0,33788000.0,0.0,0.0,0.0,0.0,0.0,0.0,0.0,0.0,0.0,0.0,0.0,0.0,0.0,0.0,0.0,0.0,0.0,0.0,0.0,0.0,0.0,0.0,0.0,0.0,117.32570139567058,0.7433810692775176,118.45038495744977,1.3607562409338743,116.31983075823102,2.4786359414365617,-0.00722904461505236
2021-05-07,119.10668251478764,119.92107766726444,118.61040467097602,119.04167175292969,23272000,0.0,0.0,117.9771514892578,115.59263534545899,63.532629220979565,2.928776978357206,3.0657677939334573,2.7231891084570528,0.007281684235261654,0.0,0.0,0.0,0.0,0.0,0.0,0.0,0.0,0.0,20618000.0,21806000.0,35120000.0,0.0,0.0,0.0,0.0,0.0,0.0,0.0,0.0,0.0,0.51,0.0,0.0,0.51,0.0,0.0,1.0,0.0,0.0,252.0,0.0,0.0,1.0,0.0,0.0,118.06085459391277,1.0461440405266187,118.58352988106864,1.3674414684701408,116.66116333007812,2.502523175304791,0.024354552174820743
2021-05-10,117.86052553400093,118.01487024218662,115.86747811780978,116.21139526367188,26006000,0.0,0.0,117.44603424072265,115.80819358825684,55.94384919812019,2.6460664804704663,2.9818275312408593,2.582523469902113,-0.02377551026947966,0.0,0.0,0.0,0.0,0.0,0.0,0.0,0.0,0.0,23272000.0,20618000.0,21806000.0,0.0,0.0,0.0,0.0,0.0,0.0,0.0,0.0,0.0,0.0,0.51,0.0,0.0,0.51,0.0,0.0,1.0,0.0,0.0,252.0,0.0,0.0,1.0,0.0,117.81139373779297,1.4509087375693628,117.9580078125,1.2962338198537022,116.83142144339425,2.372640517505967,0.014250050539177828
2021-05-11,113.73993305446795,115.23571061757734,113.30023010951443,114.57864379882812,32110000,0.0,0.0,116.99452056884766,115.91114654541016,51.77167912059898,2.2641670677742667,2.838295438547541,2.4836727867941493,-0.014049839614602377,0.0,0.0,0.0,0.0,0.0,0.0,0.0,0.0,0.0,26006000.0,23272000.0,20618000.0,0.0,0.0,0.0,0.0,0.0,0.0,0.0,0.0,0.0,0.0,0.0,0.51,0.0,0.0,0.51,0.0,0.0,1.0,0.0,0.0,252.0,0.0,0.0,1.0,116.61057027180989,2.2581320034742225,117.23939950125558,1.5896119522391123,116.88625989641461,2.305376459080285,0.031119968999222536
2021-05-12,112.24365188467097,113.41784385782482,110.67243614647123,111.12057495117188,34934000,0.0,0.0,115.82667999267578,115.87203979492188,47.00144909421222,1.663298308523764,2.6032960125427858,2.5552361649477775,-0.030180745145908405,0.0,0.0,0.0,0.0,0.0,0.0,0.0,0.0,0.0,32110000.0,26006000.0,23272000.0,0.0,0.0,0.0,0.0,0.0,0.0,0.0,0.0,0.0,0.0,0.0,0.0,0.0,0.0,0.0,0.0,0.0,0.0,0.0,0.0,0.0,0.0,0.0,0.0,113.97020467122395,2.599377135496202,116.13276999337333,2.626143737168187,116.78402655465263,2.532883837504487,-0.01011948667400997
2021-05-13,112.21287490269839,112.98265224138152,111.30121736158576,112.25655364990234,26670000,0.0,0.0,114.64176788330079,115.78596000671386,44.157671347814095,1.264196603499471,2.3354761307341225,2.6496487354666636,0.010222937554360545,0.0,0.0,0.0,0.0,0.0,0.0,0.0,0.0,0.0,34934000.0,32110000.0,26006000.0,0.0,0.0,0.0,0.0,0.0,0.0,0.0,0.0,0.0,0.0,0.0,0.0,0.0,0.0,0.0,0.0,0.0,0.0,0.0,0.0,0.0,0.0,0.0,0.0,112.65192413330078,1.762611245606837,115.47853306361607,2.969675237853736,116.59498051234654,2.7715819562467585,-0.02339649706989566
2021-05-14,113.73844140886489,115.19303160950976,113.31611000480542,114.94588470458984,26624000,0.0,0.0,113.8226104736328,115.83161773681641,48.94023295780027,1.1516368149968343,2.098708267586665,2.6256061842014904,0.02395700711670501,0.0,0.0,0.0,0.0,0.0,0.0,0.0,0.0,0.0,26670000.0,34934000.0,32110000.0,0.0,0.0,0.0,0.0,0.0,0.0,0.0,0.0,0.0,0.0,0.0,0.0,0.0,0.0,0.0,0.0,0.0,0.0,0.0,0.0,0.0,0.0,0.0,0.0,112.77433776855469,1.9645162184479648,115.19083404541016,2.898967035710287,116.55747658865792,2.7914432783941745,-0.0022616050051329495
2021-05-17,114.60643643618464,115.30221438690029,113.89576318362138,115.20643615722656,19842000,0.0,0.0,113.62161865234376,115.87878875732422,51.47383769234379,1.071109611508561,1.8931885363710443,2.604330266039044,0.002266731456340043,0.0,0.0,0.0,0.0,0.0,0.0,0.0,0.0,0.0,26624000.0,26670000.0,34934000.0,0.0,0.0,0.0,0.0,0.0,0.0,0.0,0.0,0.0,0.0,0.0,0.0,0.0,0.0,0.0,0.0,0.0,0.0,0.0,0.0,0.0,0.0,0.0,0.0,114.13629150390625,1.633105190947349,114.76588003976005,2.5890289665759303,116.60813249860492,2.7574080489828208,0.007805848880559685
2021-05-18,115.97545460555104,116.28533289649488,114.30071393282655,114.31411743164062,17302000,0.0,0.0,113.56871337890625,115.90310554504394,41.10655176494606,0.9246299997657701,1.6994768290499895,2.5863805918199825,-0.00774538954028714,0.0,0.0,0.0,0.0,0.0,0.0,0.0,0.0,0.0,19842000.0,26624000.0,26670000.0,0.0,0.0,0.0,0.0,0.0,0.0,0.0,0.0,0.0,0.0,0.0,0.0,0.0,0.0,0.0,0.0,0.0,0.0,0.0,0.0,0.0,0.0,0.0,0.0,114.82214609781902,0.4588481329503404,114.09051513671875,1.777043253669807,116.3370225088937,2.784874097360464,-0.0022870971086370595
2021-05-19,112.37715722017664,114.9756642787799,112.33348604170753,114.57616424560547,19350000,0.0,0.0,114.25983123779297,115.94136848449708,34.273822529764445,0.8202336965255483,1.5236282025451013,2.5593185534253626,0.0022923399126231203,0.0,0.0,0.0,0.0,0.0,0.0,0.0,0.0,0.0,17302000.0,19842000.0,26624000.0,0.0,0.0,0.0,0.0,0.0,0.0,0.0,0.0,0.0,0.0,0.0,0.0,0.0,0.0,0.0,0.0,0.0,0.0,0.0,0.0,0.0,0.0,0.0,0.0,114.69890594482422,0.45864727247979253,113.8569107055664,1.5439679230670524,115.9074592590332,2.530595028247792,-0.02010952161840296
2021-05-20,115.53546506514698,117.13844034551128,115.19054833634263,116.92752075195312,23832000,0.0,0.0,115.19402465820312,116.16015243530273,43.45711887895259,0.9166669272964043,1.402235947495362,2.438489546208352,0.020522213514734933,0.0,0.0,0.0,0.0,0.0,0.0,0.0,0.0,0.0,19350000.0,17302000.0,19842000.0,0.0,0.0,0.0,0.0,0.0,0.0,0.0,0.0,0.0,0.0,0.0,0.0,0.0,0.0,0.0,0.0,0.0,0.0,0.0,0.0,0.0,0.0,0.0,0.0,115.27260080973308,1.439179330224516,114.19246455601284,1.9331577956793848,115.71593202863421,2.321755557465402,0.004686440369636724
2021-05-21,117.4188295214368,117.56820659332212,116.24662161210094,116.3821029663086,22832000,0.0,0.0,115.48126831054688,116.23409767150879,43.87789857061118,0.9382645704723558,1.309441672090761,2.4207259057852117,-0.004664580093180715,0.0,0.0,0.0,0.0,0.0,0.0,0.0,0.0,0.0,23832000.0,19350000.0,17302000.0,0.0,0.0,0.0,0.0,0.0,0.0,0.0,0.0,0.0,0.0,0.0,0.0,0.0,0.0,0.0,0.0,0.0,0.0,0.0,0.0,0.0,0.0,0.0,0.0,115.96192932128906,1.2307025530007645,114.94411141531808,1.5179917651162405,115.5384407043457,2.1510419982402675,-0.025583236063711268
2021-05-24,117.46896653672783,120.0238100181119,117.12703339736446,119.43770599365234,21244000,0.0,0.0,116.32752227783203,116.43243598937988,56.10130459910999,1.1882451355923536,1.2852023647910795,2.5155547534660916,0.02625492192926182,0.0,0.0,0.0,0.0,0.0,0.0,0.0,0.0,0.0,22832000.0,23832000.0,19350000.0,0.0,0.0,0.0,0.0,0.0,0.0,0.0,0.0,0.0,0.0,0.0,0.0,0.0,0.0,0.0,0.0,0.0,0.0,0.0,0.0,0.0,0.0,0.0,0.0,117.58244323730469,1.6296840373343415,115.96999032156808,1.799454860679199,115.72426169259208,2.3727200993964686,-0.0009961361277132097
2021-05-25,120.09923365607258,120.7389364994994,119.25506307653886,119.55680084228516,18838000,0.0,0.0,117.37605895996094,116.6854133605957,56.092096705549764,1.380058043362581,1.3041735005053798,2.564628543724691,0.0009971294043369383,0.0,0.0,0.0,0.0,0.0,0.0,0.0,0.0,0.0,21244000.0,22832000.0,23832000.0,0.0,0.0,0.0,0.0,0.0,0.0,0.0,0.0,0.0,0.0,0.0,0.0,0.0,0.0,0.0,0.0,0.0,0.0,0.0,0.0,0.0,0.0,0.0,0.0,118.45886993408203,1.799518456301258,116.62869262695312,2.168233654409935,115.90976333618164,2.5700570612838325,-0.010051322650179828
2021-05-26,119.74365725313439,121.23790526242564,119.72777751242761,120.77070617675781,21856000,0.0,0.0,118.6149673461914,116.8184658050537,56.07678356908964,1.6114474075466063,1.3656282819136252,2.707457142092824,0.01015337752365908,0.0,0.0,0.0,0.0,0.0,0.0,0.0,0.0,0.0,18838000.0,21244000.0,22832000.0,0.0,0.0,0.0,0.0,0.0,0.0,0.0,0.0,0.0,0.0,0.0,0.0,0.0,0.0,0.0,0.0,0.0,0.0,0.0,0.0,0.0,0.0,0.0,0.0,119.92173767089844,0.7376357764496846,117.42358834402901,2.5468238865497566,116.09473419189453,2.8264988454085933,0.012911476982897074
2021-05-27,120.93993584163064,121.09179674425488,119.20593937879994,119.23125457763672,38962000,0.0,0.0,119.07571411132812,116.75052604675292,50.43114142736632,1.6515660421478486,1.42281583396047,2.6235827992828886,-0.012746895732049346,0.0,0.0,0.0,0.0,0.0,0.0,0.0,0.0,0.0,21856000.0,18838000.0,21244000.0,0.0,0.0,0.0,0.0,0.0,0.0,0.0,0.0,0.0,0.0,0.0,0.0,0.0,0.0,0.0,0.0,0.0,0.0,0.0,0.0,0.0,0.0,0.0,0.0,119.85292053222656,0.8113217361733601,118.12603650774274,2.200859125917451,116.10827582223075,2.842114547050863,-0.0037527219633235465
2021-05-28,120.19650739692102,120.50320522425173,119.4883179494514,119.68038177490234,24108000,0.0,0.0,119.73536987304688,116.7541000366211,58.84719693252082,1.7000045659945329,1.4782535803672825,2.627726990016563,0.0037668579338245856,0.0,0.0,0.0,0.0,0.0,0.0,0.0,0.0,0.0,38962000.0,21856000.0,18838000.0,0.0,0.0,0.0,0.0,0.0,0.0,0.0,0.0,0.0,0.0,0.0,0.0,0.0,0.0,0.0,0.0,0.0,0.0,0.0,0.0,0.0,0.0,0.0,0.0,119.8941141764323,0.7916684666619793,118.85521044049945,1.589298541043155,116.35606057303292,2.9987015349075987,-0.007510822684744567
2021-06-01,120.19848657292914,120.99109532079021,119.34886373038158,120.5860824584961,19166000,0.0,0.0,119.96504516601563,116.84005508422851,65.9112558302696,1.7908313321896259,1.5407691307317513,2.726730153975922,0.007567662052559321,0.0,0.0,0.0,0.0,0.0,0.0,0.0,0.0,0.0,24108000.0,38962000.0,21856000.0,0.0,0.0,0.0,0.0,0.0,0.0,0.0,0.0,0.0,0.0,0.0,0.0,0.0,0.0,0.0,0.0,0.0,0.0,0.0,0.0,0.0,0.0,0.0,0.0,119.83257293701172,0.6901168444956389,119.37786211286273,1.4447027449939553,116.78516333443778,3.1507606881926544,0.0035228629583770044
2021-06-02,120.85904326166703,121.19104871890133,119.31511906311083,120.16276550292969,17158000,0.0,0.0,120.08623809814453,117.00638275146484,78.5365019743812,1.807814695776628,1.5941782437407268,2.8261297807959007,-0.003510495962186222,0.0,0.0,0.0,0.0,0.0,0.0,0.0,0.0,0.0,19166000.0,24108000.0,38962000.0,0.0,0.0,0.0,0.0,0.0,0.0,0.0,0.0,0.0,0.0,0.0,0.0,0.0,0.0,0.0,0.0,0.0,0.0,0.0,0.0,0.0,0.0,0.0,0.0,120.14307657877605,0.4531712395621357,119.91795676095145,0.594780210620651,117.43103408813477,2.808439976425718,0.006932566349933111
2021-06-03,118.85953421263468,119.5903051465207,118.25457443598461,119.33546447753906,18346000,0.0,0.0,119.79918975830078,117.12516708374024,72.78444862119078,1.7345233496010763,1.6222472649127968,2.873595185719935,-0.006884836762270252,0.0,0.0,0.0,0.0,0.0,0.0,0.0,0.0,0.0,17158000.0,19166000.0,24108000.0,0.0,0.0,0.0,0.0,0.0,0.0,0.0,0.0,0.0,0.0,0.0,0.0,0.0,0.0,0.0,0.0,0.0,0.0,0.0,0.0,0.0,0.0,0.0,0.0,120.02810414632161,0.6360908695272172,119.90335083007812,0.6096097278727522,117.9366705758231,2.4148197577317565,-0.01923102607127969
2021-06-04,120.22429307319887,121.77957607490026,119.98855808129123,121.67540740966797,25948000,0.0,0.0,120.28802032470703,117.29988174438476,72.15825791093609,1.84399682111939,1.6665971761541156,3.0424418430781888,0.019608110148759073,0.0,0.0,0.0,0.0,0.0,0.0,0.0,0.0,0.0,18346000.0,17158000.0,19166000.0,0.0,0.0,0.0,0.0,0.0,0.0,0.0,0.0,0.0,0.0,0.0,0.0,0.0,0.0,0.0,0.0,0.0,0.0,0.0,0.0,0.0,0.0,0.0,0.0,120.3912124633789,1.1865809039879476,120.20600891113281,0.8764148894727217,118.41735076904297,2.4432987273094855,-0.005810758277991268
2021-06-07,121.6535689559111,122.48135994519122,121.1450311301513,122.38656616210938,23850000,0.0,0.0,120.82925720214844,117.46712646484374,72.96063058209981,1.9654830389296905,1.7263743487092307,3.229418270923971,0.005844720536229753,0.0,0.0,0.0,0.0,0.0,0.0,0.0,0.0,0.0,25948000.0,18346000.0,17158000.0,0.0,0.0,0.0,0.0,0.0,0.0,0.0,0.0,0.0,0.0,0.0,0.0,0.0,0.0,0.0,0.0,0.0,0.0,0.0,0.0,0.0,0.0,0.0,0.0,121.13247934977214,1.5963657259737254,120.43684605189732,1.202189999890799,118.93021719796317,2.470883729772861,-0.006750451612104302
2021-06-08,123.07194458762119,123.79625609948549,122.49328444293478,123.21834564208984,25060000,0.0,0.0,121.35570983886718,117.81747398376464,78.58462982366164,2.10461866052961,1.8020232110733068,3.4580074769166576,0.006796329908290044,0.0,0.0,0.0,0.0,0.0,0.0,0.0,0.0,0.0,23850000.0,25948000.0,18346000.0,0.0,0.0,0.0,0.0,0.0,0.0,0.0,0.0,0.0,0.0,0.0,0.0,0.0,0.0,0.0,0.0,0.0,0.0,0.0,0.0,0.0,0.0,0.0,0.0,122.42677307128906,0.77225452017233,121.00643048967633,1.4539525966674163,119.56623349870954,2.3334506883089925,-0.0034317346133460047
2021-06-09,124.04463823713085,124.3175925496638,123.44067049945049,123.64265441894531,20126000,0.0,0.0,122.05168762207032,118.2706745147705,78.80543412866666,2.223491786027651,1.886316926064176,3.602144026806467,0.0034435519698337025,0.0,0.0,0.0,0.0,0.0,0.0,0.0,0.0,0.0,25060000.0,23850000.0,25948000.0,0.0,0.0,0.0,0.0,0.0,0.0,0.0,0.0,0.0,0.0,0.0,0.0,0.0,0.0,0.0,0.0,0.0,0.0,0.0,0.0,0.0,0.0,0.0,0.0,123.08252207438152,0.6389643639507778,121.57246943882534,1.6141220362659532,120.21383993966239,2.0871363603507875,-0.011976562648605027
2021-06-10,123.77218660193203,125.22380075791295,123.7716868104201,125.14141845703125,31234000,0.0,0.0,123.21287841796875,118.97171669006347,77.59142794171164,2.410846587834641,1.991222858418269,3.5002810874138857,0.01212173942018091,0.0,0.0,0.0,0.0,0.0,0.0,0.0,0.0,0.0,20126000.0,25060000.0,23850000.0,0.0,0.0,0.0,0.0,0.0,0.0,0.0,0.0,0.0,0.0,0.0,0.0,0.0,0.0,0.0,0.0,0.0,0.0,0.0,0.0,0.0,0.0,0.0,0.0,124.0008061726888,1.0103250822996486,122.22323172433036,2.0179336230285916,120.80054691859654,2.24108115324498,0.0030509437464092404
2021-06-11,125.30618920751782,125.40891908605457,123.9845965057731,124.76078033447266,25240000,0.0,0.0,123.82995300292968,119.596928024292,78.46000190733662,2.499796208102282,2.0929375283550717,3.3512719117354677,-0.0030416638012561448,0.0,0.0,0.0,0.0,0.0,0.0,0.0,0.0,0.0,31234000.0,20126000.0,25060000.0,0.0,0.0,0.0,0.0,0.0,0.0,0.0,0.0,0.0,0.0,0.0,0.0,0.0,0.0,0.0,0.0,0.0,0.0,0.0,0.0,0.0,0.0,0.0,0.0,124.51495107014973,0.7790362192241466,122.88009098597935,1.9835036305192844,121.3990238734654,2.0836015046469916,-0.005187760666327534
2021-06-14,124.73397022109134,125.47044327735027,124.11609920079073,125.41138458251953,22550000,0.0,0.0,124.43491668701172,120.12020301818848,74.25348353698881,2.592898429431358,2.192929708570329,3.403472002949609,0.00521481387261824,0.0,0.0,0.0,0.0,0.0,0.0,0.0,0.0,0.0,25240000.0,31234000.0,20126000.0,0.0,0.0,0.0,0.0,0.0,0.0,0.0,0.0,0.0,0.0,0.0,0.0,0.0,0.0,0.0,0.0,0.0,0.0,0.0,0.0,0.0,0.0,0.0,0.0,125.10452779134114,0.3268671944466661,123.74807957240513,1.4244859188544996,121.82571520124164,2.2556167803485487,0.002531040158093134
2021-06-15,125.5801304249436,125.91759571465805,124.7131284513778,125.09476470947266,22182000,0.0,0.0,124.81020050048828,120.61461944580078,72.12951524766868,2.6110356394098773,2.276550894738239,3.3701555406946264,-0.0025246501671348787,0.0,0.0,0.0,0.0,0.0,0.0,0.0,0.0,0.0,22550000.0,25240000.0,31234000.0,0.0,0.0,0.0,0.0,0.0,0.0,0.0,0.0,0.0,0.0,0.0,0.0,0.0,0.0,0.0,0.0,0.0,0.0,0.0,0.0,0.0,0.0,0.0,0.0,125.08897654215495,0.3253407429984962,124.23655918666294,1.1563062907006298,122.22128404889789,2.312001432508068,0.002676998124768293
2021-06-16,125.3076734369291,125.58161977969375,123.22573878367034,124.76078033447266,26316000,0.0,0.0,125.03382568359375,121.13695259094239,67.15025240683377,2.568847684100618,2.335010252610715,3.1442403918666,-0.0026698509388115577,0.0,0.0,0.0,0.0,0.0,0.0,0.0,0.0,0.0,22182000.0,22550000.0,25240000.0,0.0,0.0,0.0,0.0,0.0,0.0,0.0,0.0,0.0,0.0,0.0,0.0,0.0,0.0,0.0,0.0,0.0,0.0,0.0,0.0,0.0,0.0,0.0,0.0,125.08897654215495,0.3253407429984962,124.5757326398577,0.8235420075232609,122.5062893458775,2.3647610232483194,-0.0053374024977747014
2021-06-17,124.5885653090799,126.2496072479246,124.58062165310768,125.43025207519531,25756000,0.0,0.0,125.09159240722656,121.67965698242188,78.79847535711222,2.559924978384913,2.379993197765555,2.8776509134472907,0.005366043230315309,0.0,0.0,0.0,0.0,0.0,0.0,0.0,0.0,0.0,26316000.0,22182000.0,22550000.0,0.0,0.0,0.0,0.0,0.0,0.0,0.0,0.0,0.0,0.0,0.0,0.0,0.0,0.0,0.0,0.0,0.0,0.0,0.0,0.0,0.0,0.0,0.0,0.0,125.0952657063802,0.33473615155068703,124.89171927315849,0.6134736839805083,122.94907488141742,2.2833192765805332,0.006398989315592241
2021-06-18,124.7697017407003,125.44811570686733,123.67540823030943,124.63272857666016,53306000,0.0,0.0,125.06598205566407,122.06491737365722,72.28555380689886,2.460141212161716,2.3960228006447872,2.719384049068951,-0.006358302605156574,0.0,0.0,0.0,0.0,0.0,0.0,0.0,0.0,0.0,25756000.0,26316000.0,22182000.0,0.0,0.0,0.0,0.0,0.0,0.0,0.0,0.0,0.0,0.0,0.0,0.0,0.0,0.0,0.0,0.0,0.0,0.0,0.0,0.0,0.0,0.0,0.0,0.0,124.94125366210938,0.428297675886905,125.03315843854632,0.3227428475640559,123.30281393868583,2.1154124274451394,-0.007018402106626964
2021-06-21,124.80395245987306,126.09105198061793,124.20271081057095,125.51363372802734,26256000,0.0,0.0,125.08643188476563,122.52149391174316,72.22356799848049,2.42419888645874,2.401658017807578,2.4702009797010076,0.007068008230481482,0.0,0.0,0.0,0.0,0.0,0.0,0.0,0.0,0.0,53306000.0,25756000.0,26316000.0,0.0,0.0,0.0,0.0,0.0,0.0,0.0,0.0,0.0,0.0,0.0,0.0,0.0,0.0,0.0,0.0,0.0,0.0,0.0,0.0,0.0,0.0,0.0,0.0,125.19220479329427,0.4863109630078795,125.08633204868862,0.37065750507557094,123.65478188650948,2.03710504796578,-0.0042873331505888235
2021-06-22,125.50866066639675,126.3225560078602,125.08831328217012,126.05406951904297,20984000,0.0,0.0,125.27829284667969,122.8523120880127,76.2923939890647,2.4115244335649493,2.403631300959052,2.4785022419611247,0.004305793521894863,0.0,0.0,0.0,0.0,0.0,0.0,0.0,0.0,0.0,26256000.0,53306000.0,25756000.0,0.0,0.0,0.0,0.0,0.0,0.0,0.0,0.0,0.0,0.0,0.0,0.0,0.0,0.0,0.0,0.0,0.0,0.0,0.0,0.0,0.0,0.0,0.0,0.0,125.40014394124348,0.7174346432962267,125.27108764648438,0.4857831122517298,124.07558931623187,1.8611547059559426,0.004254211359864479
2021-06-23,125.60792271224543,126.84464168187691,125.31213700392834,125.52008056640625,19694000,0.0,0.0,125.4301528930664,123.15047607421874,78.34346844641863,2.3315151374000465,2.3892080682472514,2.4191674615661407,-0.004236189713462957,0.0,0.0,0.0,0.0,0.0,0.0,0.0,0.0,0.0,20984000.0,26256000.0,53306000.0,0.0,0.0,0.0,0.0,0.0,0.0,0.0,0.0,0.0,0.0,0.0,0.0,0.0,0.0,0.0,0.0,0.0,0.0,0.0,0.0,0.0,0.0,0.0,0.0,125.69592793782552,0.31017645716423853,125.28661564418248,0.49270305557144684,124.5173476082938,1.2984110099089934,-0.006446317245964006
2021-06-24,126.10767331468526,126.58608740490347,126.01487111332045,126.33447265625,18934000,0.0,0.0,125.61099700927734,123.42866439819336,74.82299571970358,2.3072255690828882,2.372811568414379,2.450798017537137,0.006488141866773933,0.0,0.0,0.0,0.0,0.0,0.0,0.0,0.0,0.0,19694000.0,20984000.0,26256000.0,0.0,0.0,0.0,0.0,0.0,0.0,0.0,0.0,0.0,0.0,0.0,0.0,0.0,0.0,0.0,0.0,0.0,0.0,0.0,0.0,0.0,0.0,0.0,0.0,125.96954091389973,0.4137238605828795,125.46371677943638,0.6188943983224027,124.85013798304966,1.0951344222518176,0.0022599541665946354
2021-06-25,126.01188720972765,126.55580424775395,125.50270568137634,126.04960632324219,33484000,0.0,0.0,125.89437255859374,123.76958198547364,70.4449913982524,2.239177731795806,2.3460848010906643,2.306151942761465,-0.0022548582902065517,0.0,0.0,0.0,0.0,0.0,0.0,0.0,0.0,0.0,18934000.0,19694000.0,20984000.0,0.0,0.0,0.0,0.0,0.0,0.0,0.0,0.0,0.0,0.0,0.0,0.0,0.0,0.0,0.0,0.0,0.0,0.0,0.0,0.0,0.0,0.0,0.0,0.0,125.96805318196614,0.41327570112335354,125.64783477783203,0.5642151640700052,125.11178370884487,0.8771576306469374,0.0013837416957314108
2021-06-28,126.05457980232319,126.38906908971903,125.03601974956315,125.87542724609375,28110000,0.0,0.0,125.96673126220703,124.0793342590332,66.00520042978455,2.146451576977327,2.3061581562679967,2.1379096450674893,-0.001381829600496931,0.0,0.0,0.0,0.0,0.0,0.0,0.0,0.0,0.0,33484000.0,18934000.0,19694000.0,0.0,0.0,0.0,0.0,0.0,0.0,0.0,0.0,0.0,0.0,0.0,0.0,0.0,0.0,0.0,0.0,0.0,0.0,0.0,0.0,0.0,0.0,0.0,0.0,126.08650207519531,0.2317361528344482,125.71143123081752,0.5606806942600606,125.301575251988,0.7068904679865033,0.006356264062612027
2021-06-29,125.82876812693557,126.0545754601923,124.50320736820488,125.08038330078125,20950000,0.0,0.0,125.7719940185547,124.30404930114746,58.290045575322466,1.9859195845222075,2.2421104419188387,1.9819162630083031,-0.006316117154130052,0.0,0.0,0.0,0.0,0.0,0.0,0.0,0.0,0.0,28110000.0,33484000.0,18934000.0,0.0,0.0,0.0,0.0,0.0,0.0,0.0,0.0,0.0,0.0,0.0,0.0,0.0,0.0,0.0,0.0,0.0,0.0,0.0,0.0,0.0,0.0,0.0,0.0,125.66847229003906,0.516692444490693,125.77538190569196,0.4266480395076457,125.40427017211914,0.5295341809827423,0.005605851583341925
2021-06-30,124.71814454004452,124.86350814875675,123.82876551564229,124.38311004638672,24006000,0.0,0.0,125.54459991455079,124.51506652832032,45.18223953420512,1.7818921560712369,2.1500667847493182,1.7259216164848017,-0.005574601196398632,0.0,0.0,0.0,0.0,0.0,0.0,0.0,0.0,0.0,20950000.0,28110000.0,33484000.0,0.0,0.0,0.0,0.0,0.0,0.0,0.0,0.0,0.0,0.0,0.0,0.0,0.0,0.0,0.0,0.0,0.0,0.0,0.0,0.0,0.0,0.0,0.0,0.0,125.11297353108723,0.7466922046391641,125.61387852260044,0.680624311465437,125.35010528564453,0.5934182027790408,-0.008328797160157886
2021-07-01,123.92032555013269,125.52107451297083,123.92032555013269,125.42777252197266,17120000,0.0,0.0,125.3632598876953,124.81968193054199,53.90787457467713,1.685070041735358,2.057067436146526,1.2300245410413888,0.008398748633928976,0.0,0.0,0.0,0.0,0.0,0.0,0.0,0.0,0.0,24006000.0,20950000.0,28110000.0,0.0,0.0,0.0,0.0,0.0,0.0,0.0,0.0,0.0,0.0,0.0,0.0,0.0,0.0,0.0,0.0,0.0,0.0,0.0,0.0,0.0,0.0,0.0,0.0,124.96375528971355,0.5320070410234493,125.52440752301898,0.6537492679288001,125.39774758475167,0.5687258623307305,-0.018260633867752007
2021-07-02,125.89526296871489,127.88881771900198,125.82528458450997,127.7607650756836,21160000,0.0,0.0,125.70549163818359,125.12394981384277,61.498152457366125,1.7761168505518725,2.0008773190275955,1.1620801668054268,0.0186002868966062,0.0,0.0,0.0,0.0,0.0,0.0,0.0,0.0,0.0,17120000.0,24006000.0,20950000.0,0.0,0.0,0.0,0.0,0.0,0.0,0.0,0.0,0.0,0.0,0.0,0.0,0.0,0.0,0.0,0.0,0.0,0.0,0.0,0.0,0.0,0.0,0.0,0.0,125.85721588134766,1.7292930848809485,125.8445053100586,1.0683606491440978,125.56556047712054,0.8500790797240996,-0.008106455370515575
2021-07-06,128.48580712187092,128.9175814879052,127.45305627056501,128.80491638183594,21350000,0.0,0.0,126.29138946533203,125.4448673248291,66.95082035784125,1.9105032938413302,1.9828025139903425,1.2493084530908265,0.008172707055517536,0.0,0.0,0.0,0.0,0.0,0.0,0.0,0.0,0.0,21160000.0,17120000.0,24006000.0,0.0,0.0,0.0,0.0,0.0,0.0,0.0,0.0,0.0,0.0,0.0,0.0,0.0,0.0,0.0,0.0,0.0,0.0,0.0,0.0,0.0,0.0,0.0,0.0,127.33115132649739,1.7290752275914492,126.19742584228516,1.5545879549972965,125.83057131086078,1.1988069510906914,-0.002356494240009055
2021-07-07,129.37070379801378,129.66736793280654,128.79402010082654,129.10916137695312,16680000,0.0,0.0,127.0971450805664,125.73940811157226,69.92087586689473,2.01828995649808,1.9899000024918903,1.3839156348627968,0.0023620604217875485,0.0,0.0,0.0,0.0,0.0,0.0,0.0,0.0,0.0,21350000.0,21160000.0,17120000.0,0.0,0.0,0.0,0.0,0.0,0.0,0.0,0.0,0.0,0.0,0.0,0.0,0.0,0.0,0.0,0.0,0.0,0.0,0.0,0.0,0.0,0.0,0.0,0.0,128.55828094482422,0.7072233914484207,126.63450513567243,1.8982249301043816,126.14116995675224,1.4394682298705854,0.006971074373280484
2021-07-08,127.29526152692544,129.06449317652755,127.0868181774975,128.21536254882812,19780000,0.0,0.0,127.86359558105468,125.96804351806641,62.5022261188816,2.008437549709228,1.993607511935358,1.3969462663384673,-0.006922814915631181,0.0,0.0,0.0,0.0,0.0,0.0,0.0,0.0,0.0,16680000.0,21350000.0,21160000.0,0.0,0.0,0.0,0.0,0.0,0.0,0.0,0.0,0.0,0.0,0.0,0.0,0.0,0.0,0.0,0.0,0.0,0.0,0.0,0.0,0.0,0.0,0.0,0.0,128.7098134358724,0.45442547687999896,126.96878160749164,1.947659831379596,126.34010641915458,1.5236521118218453,-0.003067776905217312
2021-07-09,127.98460923107149,128.88287097720044,127.98360964794479,128.6099090576172,15106000,0.0,0.0,128.5000228881836,126.1414680480957,68.52353138074125,2.009304045949449,1.9967468187381763,1.5003919090641638,0.0030772171208330867,0.0,0.0,0.0,0.0,0.0,0.0,0.0,0.0,0.0,19780000.0,16680000.0,21350000.0,0.0,0.0,0.0,0.0,0.0,0.0,0.0,0.0,0.0,0.0,0.0,0.0,0.0,0.0,0.0,0.0,0.0,0.0,0.0,0.0,0.0,0.0,0.0,0.0,128.64481099446616,0.44792041166513463,127.4729995727539,1.8306589778881093,126.62419073922294,1.5513447060281145,-0.0075785272549221405
2021-07-12,128.866964612396,129.79650105681262,128.635212813252,129.59202575683594,16944000,0.0,0.0,128.86627502441405,126.38303031921387,68.81751241035013,2.065430364640008,2.010483527918543,1.6480506037382725,0.007636399919844106,0.0,0.0,0.0,0.0,0.0,0.0,0.0,0.0,0.0,15106000.0,19780000.0,16680000.0,0.0,0.0,0.0,0.0,0.0,0.0,0.0,0.0,0.0,0.0,0.0,0.0,0.0,0.0,0.0,0.0,0.0,0.0,0.0,0.0,0.0,0.0,0.0,0.0,128.8057657877604,0.7089219217427254,128.21713038853235,1.3647108208132088,126.9155044555664,1.702336210081629,-0.0032866061381902067
2021-07-13,129.9071828045001,131.0590508758029,129.66449614386562,130.01934814453125,16618000,0.0,0.0,129.10916137695312,126.61342849731446,68.48859636828284,2.1199547037762443,2.032377763090083,1.8183623421089925,0.003297443536357081,0.0,0.0,0.0,0.0,0.0,0.0,0.0,0.0,0.0,16944000.0,15106000.0,19780000.0,0.0,0.0,0.0,0.0,0.0,0.0,0.0,0.0,0.0,0.0,0.0,0.0,0.0,0.0,0.0,0.0,0.0,0.0,0.0,0.0,0.0,0.0,0.0,0.0,129.40709431966147,0.7226889803171628,128.8730697631836,0.7778485324322827,127.19873864310128,1.8696360086687573,-0.008237233056943238
2021-07-14,130.91959082375635,132.00594074095577,130.91610742818474,131.0992431640625,17912000,0.0,0.0,129.507177734375,126.91365242004395,74.75340427346839,2.2246596467797843,2.0708341398280234,2.036972676161327,0.008305648620317907,0.0,0.0,0.0,0.0,0.0,0.0,0.0,0.0,0.0,16618000.0,16944000.0,15106000.0,0.0,0.0,0.0,0.0,0.0,0.0,0.0,0.0,0.0,0.0,0.0,0.0,0.0,0.0,0.0,0.0,0.0,0.0,0.0,0.0,0.0,0.0,0.0,0.0,130.23687235514322,0.7767970551009282,129.34999520438058,0.9795161385570373,127.59725025721959,2.0683454173511375,0.00621656448996144
2021-07-15,131.51361389548214,131.60790788687194,129.62578033737918,130.28929138183594,16586000,0.0,0.0,129.92196350097657,127.19007797241211,67.55349697805399,2.2167296491629855,2.100013241695016,2.10347775248294,-0.0061781575749675355,0.0,0.0,0.0,0.0,0.0,0.0,0.0,0.0,0.0,17912000.0,16618000.0,16944000.0,0.0,0.0,0.0,0.0,0.0,0.0,0.0,0.0,0.0,0.0,0.0,0.0,0.0,0.0,0.0,0.0,0.0,0.0,0.0,0.0,0.0,0.0,0.0,0.0,130.46929423014322,0.562000073266158,129.56204877580916,1.0022566670825424,127.87973730904716,2.1510280013915968,-0.004391519794895271
2021-07-16,130.66100724731305,131.19896458323794,129.84760424504623,130.86398315429688,14856000,0.0,0.0,130.3727783203125,127.46176452636719,70.83267305813062,2.231099169640572,2.1262304272841277,2.212310947897873,0.004410890306991488,0.0,0.0,0.0,0.0,0.0,0.0,0.0,0.0,0.0,16586000.0,17912000.0,16618000.0,0.0,0.0,0.0,0.0,0.0,0.0,0.0,0.0,0.0,0.0,0.0,0.0,0.0,0.0,0.0,0.0,0.0,0.0,0.0,0.0,0.0,0.0,0.0,0.0,130.75083923339844,0.4166612923109336,129.81273760114397,1.0860572790357903,128.2236213684082,2.2196800775674888,0.020049644791162446
2021-07-19,130.1791275094,130.26993810726304,127.58012092886482,128.29177856445312,25710000,0.0,0.0,130.11272888183595,127.64471702575683,58.65895975249804,2.011741599660951,2.1033326617594925,2.1152096005586323,-0.019655557838331728,0.0,0.0,0.0,0.0,0.0,0.0,0.0,0.0,0.0,14856000.0,16586000.0,17912000.0,0.0,0.0,0.0,0.0,0.0,0.0,0.0,0.0,0.0,0.0,0.0,0.0,0.0,0.0,0.0,0.0,0.0,0.0,0.0,0.0,0.0,0.0,0.0,0.0,129.8150177001953,1.3500965731480268,129.8236541748047,1.0675515297903908,128.39621789114815,2.1144977825221507,-0.014092203397621517
2021-07-20,129.0362006131755,131.01867661921682,128.2266746845982,130.1255340576172,19084000,0.0,0.0,130.13396606445312,127.87531204223633,66.8265834766766,1.96323691494743,2.0753135123970803,2.122034492040911,0.014293632169444015,0.0,0.0,0.0,0.0,0.0,0.0,0.0,0.0,0.0,25710000.0,14856000.0,16586000.0,0.0,0.0,0.0,0.0,0.0,0.0,0.0,0.0,0.0,0.0,0.0,0.0,0.0,0.0,0.0,0.0,0.0,0.0,0.0,0.0,0.0,0.0,0.0,0.0,129.76043192545572,1.3243994065934057,130.04017203194755,0.924463086469202,128.7565858023507,1.9275727317970806,-0.011304616798683553
2021-07-21,129.8133812095096,131.630002229733,129.62926104191178,131.61337280273438,14742000,0.0,0.0,130.2367919921875,128.1532772064209,72.9064232299994,2.021549589896921,2.0645607278970486,2.2321627297981497,0.011433872344058127,0.0,0.0,0.0,0.0,0.0,0.0,0.0,0.0,0.0,19084000.0,25710000.0,14856000.0,0.0,0.0,0.0,0.0,0.0,0.0,0.0,0.0,0.0,0.0,0.0,0.0,0.0,0.0,0.0,0.0,0.0,0.0,0.0,0.0,0.0,0.0,0.0,0.0,130.0102284749349,1.6637964430765193,130.32893589564733,1.0660070034104625,129.27303314208984,1.6077185958371276,-0.005460308528878355
2021-07-22,131.66250650083572,132.51065273060368,131.41436757780724,132.33596801757812,13608000,0.0,0.0,130.64612731933593,128.4940715789795,72.34200574717465,2.1018414795468914,2.0720168782270174,2.3272620052791164,0.0054902871908524276,0.0,0.0,0.0,0.0,0.0,0.0,0.0,0.0,0.0,14742000.0,19084000.0,25710000.0,0.0,0.0,0.0,0.0,0.0,0.0,0.0,0.0,0.0,0.0,0.0,0.0,0.0,0.0,0.0,0.0,0.0,0.0,0.0,0.0,0.0,0.0,0.0,0.0,131.35829162597656,1.127077804718578,130.65988159179688,1.2899537184296141,129.76647567749023,1.3808751795279735,-0.032561369785754524
2021-07-23,134.25306715065287,137.77515838675583,133.6977382204893,136.7900390625,26378000,0.0,0.0,131.83133850097656,129.016849899292,75.67879895903535,2.4961061319496594,2.156834728971546,2.9163792071667567,0.03365729749549451,0.0,0.0,0.0,0.0,0.0,0.0,0.0,0.0,0.0,13608000.0,14742000.0,19084000.0,0.0,0.0,0.0,0.0,0.0,0.0,0.0,0.0,0.0,0.0,0.0,0.0,0.0,0.0,0.0,0.0,0.0,0.0,0.0,0.0,0.0,0.0,0.0,0.0,133.57979329427084,2.8035324825037593,131.4728524344308,2.6690580255265237,130.41142381940568,2.2235239792705124,-0.013093910219855287
2021-07-26,137.2208000400361,138.6729062150543,136.62626025544807,138.60491943359375,23052000,0.0,0.0,133.8939666748047,129.64461555480958,76.70022141645,2.9213340672020536,2.3097345966176475,3.530653991229736,0.013267635447231196,0.0,0.0,0.0,0.0,0.0,0.0,0.0,0.0,0.0,26378000.0,13608000.0,14742000.0,0.0,0.0,0.0,0.0,0.0,0.0,0.0,0.0,0.0,0.0,0.0,0.0,0.0,0.0,0.0,0.0,0.0,0.0,0.0,0.0,0.0,0.0,0.0,0.0,135.91030883789062,3.22573742191758,132.66079929896765,3.7042827264837306,131.1114240373884,3.0629958372027106,0.020819126589226133
2021-07-27,138.96871544996748,138.96871544996748,134.09427896873987,135.77813720703125,42164000,0.0,0.0,135.0244873046875,130.13975105285644,65.97401515173667,2.9957000033327006,2.446927677960658,3.6660243677451967,-0.02039453028156646,0.0,0.0,0.0,0.0,0.0,0.0,0.0,0.0,0.0,23052000.0,26378000.0,13608000.0,0.0,0.0,0.0,0.0,0.0,0.0,0.0,0.0,0.0,0.0,0.0,0.0,0.0,0.0,0.0,0.0,0.0,0.0,0.0,0.0,0.0,0.0,0.0,0.0,137.05769856770834,1.4322728954876756,133.3628213065011,3.772038931140245,131.58777945382255,3.2410541823847097,0.003042824765802532
2021-07-28,137.5305054990594,138.63621102287615,135.33498176489556,135.36624145507812,54688000,0.0,0.0,135.77506103515626,130.6540439605713,67.53306905030207,2.986967101246961,2.554935562617919,3.6403008450603007,-0.0030335940706350817,0.0,0.0,0.0,0.0,0.0,0.0,0.0,0.0,0.0,42164000.0,23052000.0,26378000.0,0.0,0.0,0.0,0.0,0.0,0.0,0.0,0.0,0.0,0.0,0.0,0.0,0.0,0.0,0.0,0.0,0.0,0.0,0.0,0.0,0.0,0.0,0.0,0.0,136.58309936523438,1.763017815915298,134.3734588623047,3.0691520572699997,132.0985565185547,3.2321544749218623,-0.001164416197612539
2021-07-29,135.36534132175024,136.13050701496283,135.12454781879336,135.5240478515625,19284000,0.0,0.0,136.4126770019531,131.2110908508301,67.1517285914253,2.958674117266895,2.635683273547714,3.4790373410776785,0.001165773643325485,0.0,0.0,0.0,0.8265,0.8265,1.0,566.0,1.0,0.0,54688000.0,42164000.0,23052000.0,0.0,0.0,0.0,0.0,0.0,0.0,0.0,0.0,0.0,0.0,0.0,0.0,0.0,0.0,0.0,0.0,0.0,0.0,0.0,0.0,0.0,0.0,0.0,0.0,135.55614217122397,0.2078149697089116,135.1446751185826,2.4369972774625284,132.59242357526506,3.1859952863068233,0.009758213853043873
2021-07-30,134.50220507746448,134.76061242377017,133.8105845243994,134.21435546875,23954000,0.0,0.0,135.8975402832031,131.65041999816896,61.28312074129972,2.7983132802801833,2.668209274894208,3.258050281266574,-0.009663911339535702,0.0,0.0,0.0,0.0,0.0,0.0,0.0,0.0,0.0,19284000.0,54688000.0,42164000.0,0.0,0.0,0.0,0.0,0.0,0.0,0.0,0.0,0.0,0.8265,0.0,0.0,0.8265,0.0,0.0,1.0,0.0,0.0,566.0,0.0,0.0,1.0,0.0,0.0,135.03488159179688,0.7149636729544785,135.51624407087053,1.960556408394385,132.92258998325892,3.0891808167006283,-0.005651454736360417
2021-08-02,134.47592731143425,135.00793275281947,133.6669918875362,134.9771728515625,20140000,0.0,0.0,135.17199096679687,132.0112403869629,61.90704096934445,2.701636366964749,2.6748946933083166,3.2037558808876354,0.005683575204368685,0.0,0.0,0.0,0.0,0.0,0.0,0.0,0.0,0.0,23954000.0,19284000.0,54688000.0,0.0,0.0,0.0,0.0,0.0,0.0,0.0,0.0,0.0,0.0,0.8265,0.0,0.0,0.8265,0.0,0.0,1.0,0.0,0.0,566.0,0.0,0.0,1.0,0.0,134.90519205729166,0.6578065524583405,135.893559047154,1.4284353006013326,133.27672031947546,3.014022063567222,-0.002131473624945701
2021-08-03,134.9875732904457,135.3205707554601,133.18459806780936,135.26548767089844,19064000,0.0,0.0,135.0694610595703,132.33426895141602,60.40141439030132,2.618103940502664,2.6635365427471864,3.1891233396310765,0.0021360265091121544,0.0,0.0,0.0,0.0,0.0,0.0,0.0,0.0,0.0,20140000.0,23954000.0,19284000.0,0.0,0.0,0.0,0.0,0.0,0.0,0.0,0.0,0.0,0.0,0.0,0.8265,0.0,0.0,0.8265,0.0,0.0,1.0,0.0,0.0,566.0,0.0,0.0,1.0,134.81900533040366,0.5431228683828938,135.67576599121094,1.3845170624482428,133.57430921282088,2.9880561950134332,0.001848808824194137
2021-08-04,135.23521704851842,135.52156731397042,134.40692615003803,135.015869140625,16528000,0.0,0.0,134.9993865966797,132.6296043395996,62.139996723591004,2.502909775583163,2.631411189314382,3.1479721685876707,-0.0018453970378664586,0.0,0.0,0.0,0.0,0.0,0.0,0.0,0.0,0.0,19064000.0,20140000.0,23954000.0,0.0,0.0,0.0,0.0,0.0,0.0,0.0,0.0,0.0,0.0,0.0,0.0,0.0,0.0,0.0,0.0,0.0,0.0,0.0,0.0,0.0,0.0,0.0,0.0,135.08617655436197,0.15648868355863527,135.16304452078683,0.5027699603223521,133.91192190987724,2.8522762560376136,-0.006656046629373025
2021-08-05,135.0158493076167,135.93048284761127,134.59054190965793,135.92056274414062,11866000,0.0,0.0,135.0786895751953,133.01486434936524,62.771096966735364,2.4563040389542152,2.596389759242349,3.049255455632441,0.006700646444554925,0.0,0.0,0.0,0.0,0.0,0.0,0.0,0.0,0.0,16528000.0,19064000.0,20140000.0,0.0,0.0,0.0,0.0,0.0,0.0,0.0,0.0,0.0,0.0,0.0,0.0,0.0,0.0,0.0,0.0,0.0,0.0,0.0,0.0,0.0,0.0,0.0,0.0,135.40063985188803,0.4672442755991224,135.18339102608817,0.5337388222266101,134.27310616629464,2.755129318952294,-0.0007004763553331017
2021-08-06,135.2803576219622,136.05956280347874,135.03370296227632,136.01583862304688,13560000,0.0,0.0,135.4389862060547,133.38516082763672,72.29804613923527,2.39939785912685,2.5569913792192493,2.933661657320102,0.00070096736639913,0.0,0.0,0.0,0.0,0.0,0.0,0.0,0.0,0.0,11866000.0,16528000.0,19064000.0,0.0,0.0,0.0,0.0,0.0,0.0,0.0,0.0,0.0,0.0,0.0,0.0,0.0,0.0,0.0,0.0,0.0,0.0,0.0,0.0,0.0,0.0,0.0,0.0,135.6507568359375,0.5518887229502866,135.27619062151228,0.6202842292094031,134.8248247419085,2.1781946910182657,-0.006999955774743549
2021-08-09,135.9295002965452,137.29178041771095,135.41312482703896,136.9746551513672,12374000,0.0,0.0,135.83848266601564,133.7542922973633,70.82420162079006,2.4039564685398034,2.52638439708336,2.895481767648155,0.0070493005669549635,0.0,0.0,0.0,0.0,0.0,0.0,0.0,0.0,0.0,13560000.0,11866000.0,16528000.0,0.0,0.0,0.0,0.0,0.0,0.0,0.0,0.0,0.0,0.0,0.0,0.0,0.0,0.0,0.0,0.0,0.0,0.0,0.0,0.0,0.0,0.0,0.0,0.0,136.3036855061849,0.5830262188292373,135.4834202357701,0.8973344704869258,135.31404767717635,1.7730158614462683,-0.000684410045331596
2021-08-10,137.05159443571895,137.52008085190838,136.20494756545676,137.06846618652344,16034000,0.0,0.0,136.19907836914064,134.10674819946288,68.1219440239987,2.387616014690167,2.498630720604722,2.845512775481984,0.0006848787832507419,0.0,0.0,0.0,0.0,0.0,0.0,0.0,0.0,0.0,12374000.0,13560000.0,11866000.0,0.0,0.0,0.0,0.0,0.0,0.0,0.0,0.0,0.0,0.0,0.0,0.0,0.0,0.0,0.0,0.0,0.0,0.0,0.0,0.0,0.0,0.0,0.0,0.0,136.68631998697916,0.582545339106401,135.89115033830916,0.8726772350107739,135.70369720458984,1.4708454765057253,0.002956196221669316
2021-08-11,137.25354668956118,137.8140854601483,136.32749380994295,136.66445922851562,15204000,0.0,0.0,136.52879638671874,134.38500900268554,64.69029774999275,2.3153758902125787,2.4619797545262934,2.8077911699896765,-0.002947482883904451,0.0,0.0,0.0,0.0,0.0,0.0,0.0,0.0,0.0,16034000.0,12374000.0,13560000.0,0.0,0.0,0.0,0.0,0.0,0.0,0.0,0.0,0.0,0.0,0.0,0.0,0.0,0.0,0.0,0.0,0.0,0.0,0.0,0.0,0.0,0.0,0.0,0.0,136.90252685546875,0.2114409464402203,136.13219124930245,0.8088407431855186,136.01287514822823,1.1220589996403039,-0.00505844382201337
2021-08-12,136.6878210887664,137.38757467734743,135.76078351204964,137.35928344726562,14646000,0.0,0.0,136.81654052734376,134.73850860595704,52.59378537201275,2.2878190250638966,2.427147608633814,2.7082942785261133,0.0050841617687023,0.0,0.0,0.0,0.0,0.0,0.0,0.0,0.0,0.0,15204000.0,16034000.0,12374000.0,0.0,0.0,0.0,0.0,0.0,0.0,0.0,0.0,0.0,0.0,0.0,0.0,0.0,0.0,0.0,0.0,0.0,0.0,0.0,0.0,0.0,0.0,0.0,0.0,137.0307362874349,0.3489453147761886,136.43130493164062,0.821952684340939,136.05353546142578,1.1619909666622115,-0.00011929287979228764
2021-08-13,137.32752480161344,137.64166650285745,136.97765557779516,137.37567138671875,12580000,0.0,0.0,137.08850708007813,135.06409301757813,43.30091339085545,2.241464176883113,2.390010922283674,2.6075283311546222,0.00011930711228136381,0.0,0.0,0.0,0.0,0.0,0.0,0.0,0.0,0.0,14646000.0,15204000.0,16034000.0,0.0,0.0,0.0,0.0,0.0,0.0,0.0,0.0,0.0,0.0,0.0,0.0,0.0,0.0,0.0,0.0,0.0,0.0,0.0,0.0,0.0,0.0,0.0,0.0,137.13313802083334,0.40597044093888207,136.76841953822546,0.5981196938392709,135.96573202950614,0.9877499730419876,-0.003671112660430631
2021-08-16,136.97266992230558,137.95579004421077,135.152081030495,137.88185119628906,18040000,0.0,0.0,137.2699462890625,135.54359664916993,65.34629880697162,2.2199815407313395,2.356005045973207,2.1356857570590893,0.003684639386732469,0.0,0.0,0.0,0.0,0.0,0.0,0.0,0.0,0.0,12580000.0,14646000.0,15204000.0,0.0,0.0,0.0,0.0,0.0,0.0,0.0,0.0,0.0,0.0,0.0,0.0,0.0,0.0,0.0,0.0,0.0,0.0,0.0,0.0,0.0,0.0,0.0,0.0,137.53893534342447,0.29708686061353107,137.04860360281808,0.5941142079447583,136.11599731445312,1.1095271266496656,0.011766135118249199
2021-08-17,137.16223983742046,137.68582440620398,135.76919986021008,136.27838134765625,21272000,0.0,0.0,137.11192932128907,135.8512390136719,55.66848226003444,2.0499393559267958,2.294791907963925,1.7160779828865886,-0.01162930316586852,0.0,0.0,0.0,0.0,0.0,0.0,0.0,0.0,0.0,18040000.0,12580000.0,14646000.0,0.0,0.0,0.0,0.0,0.0,0.0,0.0,0.0,0.0,0.0,0.0,0.0,0.0,0.0,0.0,0.0,0.0,0.0,0.0,0.0,0.0,0.0,0.0,0.0,137.1786346435547,0.8196929287764418,137.0861097063337,0.521954981581938,136.18115016392298,1.0886993649617238,0.005348718045698364
2021-08-18,136.0947704339761,137.2645098535987,135.40545186150632,135.5533447265625,14934000,0.0,0.0,136.88970642089845,136.0482376098633,50.17007465568741,1.835516610526298,2.2029368484763996,1.4012515321381727,-0.00532026146718112,0.0,0.0,0.0,0.0,0.0,0.0,0.0,0.0,0.0,21272000.0,18040000.0,12580000.0,0.0,0.0,0.0,0.0,0.0,0.0,0.0,0.0,0.0,0.0,0.0,0.0,0.0,0.0,0.0,0.0,0.0,0.0,0.0,0.0,0.0,0.0,0.0,0.0,136.5711924235026,1.1915491343177056,136.88306535993303,0.78347296655583,136.18324279785156,1.0873665048080456,-0.002508767436483872
2021-08-19,134.4590371662506,136.42876103166415,134.3483712047834,135.89427185058594,18296000,0.0,0.0,136.5967041015625,136.22615280151368,60.988204858983295,1.6738004796015673,2.097109574701433,1.0982353043548403,0.0025150771802138205,0.0,0.0,0.0,0.0,0.0,0.0,0.0,0.0,0.0,14934000.0,21272000.0,18040000.0,0.0,0.0,0.0,0.0,0.0,0.0,0.0,0.0,0.0,0.0,0.0,0.0,0.0,0.0,0.0,0.0,0.0,0.0,0.0,0.0,0.0,0.0,0.0,0.0,135.9086659749349,0.362732571729526,136.71532331194197,0.8592008603851793,136.30323682512557,0.9354622003072268,-0.011005025170270799
2021-08-20,136.06250877941264,137.58261719856523,135.45109711962536,137.40643310546875,15564000,0.0,0.0,136.6028564453125,136.2569725036621,64.47103865270017,1.648653406137214,2.0074183409885897,1.1232563491137022,0.011127483405227068,0.0,0.0,0.0,0.0,0.0,0.0,0.0,0.0,0.0,18296000.0,14934000.0,21272000.0,0.0,0.0,0.0,0.0,0.0,0.0,0.0,0.0,0.0,0.0,0.0,0.0,0.0,0.0,0.0,0.0,0.0,0.0,0.0,0.0,0.0,0.0,0.0,0.0,136.28468322753906,0.9863061986270301,136.82131958007812,0.8968236393548401,136.4767554146903,0.8949962795232397,-0.018869700669811085
2021-08-23,137.96376053873252,141.118596222067,137.71507638215348,140.0491180419922,21090000,0.0,0.0,137.03630981445312,136.32918243408204,72.25380266733298,1.8209756836169788,1.9701298095142676,1.3126032632608289,0.019232614345610743,0.0,0.0,0.0,0.0,0.0,0.0,0.0,0.0,0.0,15564000.0,18296000.0,14934000.0,0.0,0.0,0.0,0.0,0.0,0.0,0.0,0.0,0.0,0.0,0.0,0.0,0.0,0.0,0.0,0.0,0.0,0.0,0.0,0.0,0.0,0.0,0.0,0.0,137.78327433268228,2.10290125813281,137.20558166503906,1.5232329751441636,136.81844329833984,1.2426192894545558,-0.009122231007704373
2021-08-24,140.4898090672745,141.94291508013427,140.301221062979,141.33843994140625,15126000,0.0,0.0,138.04832153320314,136.6071975708008,76.8187419742347,2.03808604474537,1.9837210565604881,1.7164648618181069,0.009206212202118147,0.0,0.0,0.0,0.0,0.0,0.0,0.0,0.0,0.0,21090000.0,15564000.0,18296000.0,0.0,0.0,0.0,0.0,0.0,0.0,0.0,0.0,0.0,0.0,0.0,0.0,0.0,0.0,0.0,0.0,0.0,0.0,0.0,0.0,0.0,0.0,0.0,0.0,139.5979970296224,2.0044455755435,137.77169145856584,2.1882130118061207,137.27005549839564,1.6266785657316845,-0.003858094809870427
2021-08-25,141.81934642744991,142.24615329821128,141.379151200216,141.88584899902344,12838000,0.0,0.0,139.3148223876953,136.93317794799805,76.09415069076502,2.228628662251367,2.032702577698664,2.0542344650225273,0.0038730373551889574,0.0,0.0,0.0,0.0,0.0,0.0,0.0,0.0,0.0,15126000.0,21090000.0,15564000.0,0.0,0.0,0.0,0.0,0.0,0.0,0.0,0.0,0.0,0.0,0.0,0.0,0.0,0.0,0.0,0.0,0.0,0.0,0.0,0.0,0.0,0.0,0.0,0.0,141.09113566080728,0.9430083284526678,138.34369114467077,2.6880454089599835,137.69614737374442,1.98730083607929,0.0058189242080659564
2021-08-26,141.55681248447502,142.0692654336104,141.0337427509282,141.06500244140625,14922000,0.0,0.0,140.34896850585938,137.21022567749023,70.76839457326197,2.287036074080021,2.083569276974935,2.221058574498966,-0.005785260217337385,0.0,0.0,0.0,0.0,0.0,0.0,0.0,0.0,0.0,12838000.0,15126000.0,21090000.0,0.0,0.0,0.0,0.0,0.0,0.0,0.0,0.0,0.0,0.0,0.0,0.0,0.0,0.0,0.0,0.0,0.0,0.0,0.0,0.0,0.0,0.0,0.0,0.0,141.4297637939453,0.4179740450313535,139.0274941580636,2.6839167092144884,138.05680193219865,2.1130816539581154,-0.01679350734004048
2021-08-27,141.054587011041,143.93150849964266,140.96277681255344,143.4744415283203,24562000,0.0,0.0,141.56257019042968,137.67322998046876,73.88484674492776,2.4989397447072577,2.1666433705214,2.5100495367557936,0.017080346260333945,0.0,0.0,0.0,0.0,0.0,0.0,0.0,0.0,0.0,14922000.0,12838000.0,15126000.0,0.0,0.0,0.0,0.0,0.0,0.0,0.0,0.0,0.0,0.0,0.0,0.0,0.0,0.0,0.0,0.0,0.0,0.0,0.0,0.0,0.0,0.0,0.0,0.0,142.14176432291666,1.224936189415515,140.1590794154576,2.644575696596614,138.5210723876953,2.529952893270346,-0.006317345307311983
2021-08-30,143.62727690399632,145.39899249183404,143.52356258601995,144.38658142089844,16916000,0.0,0.0,142.43006286621093,138.14370040893556,75.36637379329896,2.709246489538714,2.275163994324863,2.838458995388613,0.006357507879883206,0.0,0.0,0.0,0.0,0.0,0.0,0.0,0.0,0.0,24562000.0,14922000.0,12838000.0,0.0,0.0,0.0,0.0,0.0,0.0,0.0,0.0,0.0,0.0,0.0,0.0,0.0,0.0,0.0,0.0,0.0,0.0,0.0,0.0,0.0,0.0,0.0,0.0,142.975341796875,1.7161139634935765,141.3722664969308,2.2855748025467832,139.0437949044364,2.9309671438460234,5.1574550960609145e-05
2021-08-31,144.7984904986015,145.02429024446116,143.9205688493798,144.37913513183594,26756000,0.0,0.0,143.03820190429687,138.59938278198243,77.49688097224474,2.8425481213812986,2.38864081973615,3.0738604993308734,-5.1571891163448846e-05,0.0,0.0,0.0,0.0,0.0,0.0,0.0,0.0,0.0,16916000.0,24562000.0,14922000.0,0.0,0.0,0.0,0.0,0.0,0.0,0.0,0.0,0.0,0.0,0.0,0.0,0.0,0.0,0.0,0.0,0.0,0.0,0.0,0.0,0.0,0.0,0.0,0.0,144.0800526936849,0.5244878687975912,142.36836678641183,1.7180913373096465,139.594843183245,3.1650841206863816,-0.002605634173979521
2021-09-01,144.5657450937683,145.72753334494476,144.53051735980617,144.75631713867188,15824000,0.0,0.0,143.61229553222657,139.08640518188477,76.97553809513211,2.9446816041807153,2.4998489766250636,3.243180726842087,0.0026124412401522523,0.0,0.0,0.0,0.0,0.0,0.0,0.0,0.0,0.0,26756000.0,16916000.0,24562000.0,0.0,0.0,0.0,0.0,0.0,0.0,0.0,0.0,0.0,0.0,0.0,0.0,0.0,0.0,0.0,0.0,0.0,0.0,0.0,0.0,0.0,0.0,0.0,0.0,144.5073445638021,0.2156487168594266,143.04082380022322,1.5742209797456186,140.12320273263114,3.3737178767497253,0.011253812954793663
2021-09-02,144.86300266678276,145.23571084857772,143.03373534126945,143.1453857421875,21844000,0.0,0.0,144.02837219238282,139.4476463317871,68.8488993459882,2.8626357416495694,2.572406329629965,3.274213965879733,-0.011128574063825836,0.0,0.0,0.0,0.0,0.0,0.0,0.0,0.0,0.0,15824000.0,26756000.0,16916000.0,0.0,0.0,0.0,0.0,0.0,0.0,0.0,0.0,0.0,0.0,0.0,0.0,0.0,0.0,0.0,0.0,0.0,0.0,0.0,0.0,0.0,0.0,0.0,0.0,144.09361267089844,0.8425659011730622,143.29895891462053,1.3853649575941758,140.53532518659318,3.3646633488285778,-0.003840255970342321
2021-09-03,143.0729046052942,144.2947432413706,142.43668523839867,143.6972198486328,19104000,0.0,0.0,144.07292785644532,139.83171539306642,68.94154460295498,2.8097531200478443,2.619875687713541,3.3008807025872278,0.003855060389017284,0.0,0.0,0.0,0.0,0.0,0.0,0.0,0.0,0.0,21844000.0,15824000.0,26756000.0,0.0,0.0,0.0,0.0,0.0,0.0,0.0,0.0,0.0,0.0,0.0,0.0,0.0,0.0,0.0,0.0,0.0,0.0,0.0,0.0,0.0,0.0,0.0,0.0,143.8663075764974,0.8186684223973261,143.55772617885046,1.2388452320017778,140.95070866176061,3.3708423788399045,-0.005112965823376281
2021-09-07,143.67194235923498,144.73845209532448,143.4649983663648,144.4357147216797,15170000,0.0,0.0,144.08275451660157,140.20476837158202,78.15620243430998,2.7952121600040982,2.654942982171653,3.381615161732522,0.005139242595123106,0.0,0.0,0.0,0.0,0.0,0.0,0.0,0.0,0.0,19104000.0,21844000.0,15824000.0,0.0,0.0,0.0,0.0,0.0,0.0,0.0,0.0,0.0,0.0,0.0,0.0,0.0,0.0,0.0,0.0,0.0,0.0,0.0,0.0,0.0,0.0,0.0,0.0,143.75944010416666,0.6474107961552067,144.0392565046038,0.5975668889896992,141.5333753313337,3.201864083223651,0.0043862734618358434
2021-09-08,144.3111448681757,144.46747360687533,143.12653287874838,143.80494689941406,15486000,0.0,0.0,143.9679168701172,140.54159240722657,78.66814678630614,2.7016477392762113,2.6642839335925648,3.3882691308288564,-0.004367118087663324,0.0,0.0,0.0,0.0,0.0,0.0,0.0,0.0,0.0,15170000.0,19104000.0,21844000.0,0.0,0.0,0.0,0.0,0.0,0.0,0.0,0.0,0.0,0.0,0.0,0.0,0.0,0.0,0.0,0.0,0.0,0.0,0.0,0.0,0.0,0.0,0.0,0.0,143.9792938232422,0.3989251894344846,144.0864715576172,0.5571949577920823,142.1227754865374,2.742975821568809,-0.00020697296260530074
2021-09-09,143.80494133781696,144.5850856264939,143.35879409827888,143.834716796875,14798000,0.0,0.0,143.78359680175782,140.90010528564454,78.1967435181924,2.599929079651247,2.6514129628043013,3.335367597795285,0.00020701580928061958,0.0,0.0,0.0,0.0,0.0,0.0,0.0,0.0,0.0,15486000.0,15170000.0,19104000.0,0.0,0.0,0.0,0.0,0.0,0.0,0.0,0.0,0.0,0.0,0.0,0.0,0.0,0.0,0.0,0.0,0.0,0.0,0.0,0.0,0.0,0.0,0.0,0.0,144.0251261393229,0.35589155605321166,144.00763375418526,0.5465961429156442,142.68995012555803,2.1020828345156777,0.021085505730961573
2021-09-10,144.36078654380063,144.93200289260477,140.68634908360428,140.86451721191406,32896000,0.0,0.0,143.32742309570312,141.07536697387695,61.12749415954962,2.2536671534564334,2.571863800934728,3.2299452274045874,-0.02065008817833236,0.0,0.0,0.0,0.0,0.0,0.0,0.0,0.0,0.0,14798000.0,15486000.0,15170000.0,0.0,0.0,0.0,0.0,0.0,0.0,0.0,0.0,0.0,0.0,0.0,0.0,0.0,0.0,0.0,0.0,0.0,0.0,0.0,0.0,0.0,0.0,0.0,0.0,142.83472696940103,1.7063166259728375,143.50554547991072,1.2760044369866137,142.93695613316126,1.5690826529365742,-0.010762066109237689
2021-09-13,142.1349760961205,143.11759656902206,141.22331087777422,142.39700317382812,20176000,0.0,0.0,143.0673797607422,141.32643356323243,58.136406467626436,2.0789460953829177,2.473280259824366,3.120531866189773,0.010879148221610846,0.0,0.0,0.0,0.0,0.0,0.0,0.0,0.0,0.0,32896000.0,14798000.0,15486000.0,0.0,0.0,0.0,0.0,0.0,0.0,0.0,0.0,0.0,0.0,0.0,0.0,0.0,0.0,0.0,0.0,0.0,0.0,0.0,0.0,0.0,0.0,0.0,0.0,142.36541239420572,1.485351768653921,143.16850062779017,1.1998864956657342,143.1046622140067,1.3463469257003122,0.00041132927535625363
2021-09-14,143.08782449007745,143.6501051395684,141.84167753537946,142.3384552001953,18916000,0.0,0.0,142.6479278564453,141.54926376342775,53.7886557113969,1.9136941905012748,2.361363045959748,3.0190852359688107,-0.00041116015314834886,0.0,0.0,0.0,0.0,0.0,0.0,0.0,0.0,0.0,20176000.0,32896000.0,14798000.0,0.0,0.0,0.0,0.0,0.0,0.0,0.0,0.0,0.0,0.0,0.0,0.0,0.0,0.0,0.0,0.0,0.0,0.0,0.0,0.0,0.0,0.0,0.0,0.0,141.86665852864584,0.8683734106533411,143.05322483607702,1.2405500911380174,143.17609187534876,1.269783503562919,-0.012396009984989464
2021-09-15,142.68881144698267,144.49773868069406,141.19699435668716,144.12503051757812,20648000,0.0,0.0,142.71194458007812,141.94159622192382,57.75519198918531,1.9049336727869104,2.2700771713251804,2.7999672493381262,0.012551599740702857,0.0,0.0,0.0,0.0,0.0,0.0,0.0,0.0,0.0,18916000.0,20176000.0,32896000.0,0.0,0.0,0.0,0.0,0.0,0.0,0.0,0.0,0.0,0.0,0.0,0.0,0.0,0.0,0.0,0.0,0.0,0.0,0.0,0.0,0.0,0.0,0.0,0.0,142.95349629720053,1.0150006346997305,143.11434064592635,1.2872243406481043,143.3360334123884,1.2353190690290003,0.005766126194159726
2021-09-16,144.04068482915795,144.1190915232704,142.3487238016389,143.2987518310547,20292000,0.0,0.0,142.60475158691406,142.32886657714843,57.73346843082294,1.8104474041679453,2.1781512178937334,2.3729735173700015,-0.005733068597148838,0.0,0.0,0.0,0.0,0.0,0.0,0.0,0.0,0.0,20648000.0,18916000.0,20176000.0,0.0,0.0,0.0,0.0,0.0,0.0,0.0,0.0,0.0,0.0,0.0,0.0,0.0,0.0,0.0,0.0,0.0,0.0,0.0,0.0,0.0,0.0,0.0,0.0,143.25407918294272,0.8941250333635002,142.95191737583704,1.157942703346756,143.49558694022042,1.0497463898750061,0.020570890796338004
2021-09-17,142.72799389468838,143.17564045281333,140.01136979806188,140.41038513183594,60040000,0.0,0.0,142.51392517089843,142.55467224121094,39.732416777793226,1.485376802843092,2.0395963348836053,1.8952275348899417,-0.020156258601778054,0.0,0.0,0.0,0.0,0.0,0.0,0.0,0.0,0.0,20292000.0,20648000.0,18916000.0,0.0,0.0,0.0,0.0,0.0,0.0,0.0,0.0,0.0,0.0,0.0,0.0,0.0,0.0,0.0,0.0,0.0,0.0,0.0,0.0,0.0,0.0,0.0,0.0,142.61138916015625,1.950384107416358,142.46697998046875,1.4218863446505445,143.27672576904297,1.3351173206371258,0.017598428627605855
2021-09-20,137.96544183583563,138.32504942545316,136.0327327840215,137.98211669921875,34918000,0.0,0.0,141.63094787597657,142.58345642089844,30.51832254171599,1.0200564646978592,1.8356883608464563,1.815622094010253,-0.01729407999513144,0.0,0.0,0.0,0.0,0.0,0.0,0.0,0.0,0.0,60040000.0,20292000.0,20648000.0,0.0,0.0,0.0,0.0,0.0,0.0,0.0,0.0,0.0,0.0,0.0,0.0,0.0,0.0,0.0,0.0,0.0,0.0,0.0,0.0,0.0,0.0,0.0,0.0,140.56375122070312,2.6616335490030827,141.63089425223214,2.060767814046041,142.8192640032087,1.9023124646628886,-0.004507613712498637
2021-09-21,139.07390517031737,139.7633296012432,137.8714221066277,138.60690307617188,18130000,0.0,0.0,140.88463745117187,142.51134567260743,33.07708894203455,0.6937051818088378,1.6072917250389327,1.945565733732163,0.004528024296909905,0.0,0.0,0.0,0.0,0.0,0.0,0.0,0.0,0.0,34918000.0,60040000.0,20292000.0,0.0,0.0,0.0,0.0,0.0,0.0,0.0,0.0,0.0,0.0,0.0,0.0,0.0,0.0,0.0,0.0,0.0,0.0,0.0,0.0,0.0,0.0,0.0,0.0,138.9998016357422,1.2609119135750522,141.3083779471261,2.356185313736243,142.40696171351843,2.1479003597481263,-0.009167208873244737
2021-09-22,139.00790767183713,140.52948491090066,138.43346554116167,139.88929748535156,22068000,0.0,0.0,140.03749084472656,142.4388885498047,36.450165547018834,0.5324106517100233,1.392315510373151,2.017211762626469,0.00925202411076853,0.0,0.0,0.0,0.0,0.0,0.0,0.0,0.0,0.0,18130000.0,34918000.0,60040000.0,0.0,0.0,0.0,0.0,0.0,0.0,0.0,0.0,0.0,0.0,0.0,0.0,0.0,0.0,0.0,0.0,0.0,0.0,0.0,0.0,0.0,0.0,0.0,0.0,138.82610575358072,0.9723024211045941,140.95013427734375,2.353719403419588,142.05931745256697,2.1322136965704965,-0.006261307592642984
2021-09-23,140.55531117351342,141.1934843736055,140.0461296231635,140.7707061767578,17272000,0.0,0.0,139.5318817138672,142.3831314086914,43.10895264510975,0.47028473995888476,1.2079093562902978,2.0484721536281216,0.006300758580180421,0.0,0.0,0.0,0.0,0.0,0.0,0.0,0.0,0.0,22068000.0,18130000.0,34918000.0,0.0,0.0,0.0,0.0,0.0,0.0,0.0,0.0,0.0,0.0,0.0,0.0,0.0,0.0,0.0,0.0,0.0,0.0,0.0,0.0,0.0,0.0,0.0,0.0,139.7556355794271,1.0880763269861888,140.7261701311384,2.2727960044534568,141.8896974836077,2.1336234949782726,-0.005654230341876176
2021-09-24,139.8967444234875,141.83967630216847,139.80195063589665,141.57118225097656,14950000,0.0,0.0,139.7640411376953,142.40844039916993,43.918246482734055,0.48010686356781207,1.0623488577458007,2.03440812134821,0.005686382458106376,0.0,0.0,0.0,0.0,0.0,0.0,0.0,0.0,0.0,17272000.0,22068000.0,18130000.0,0.0,0.0,0.0,0.0,0.0,0.0,0.0,0.0,0.0,0.0,0.0,0.0,0.0,0.0,0.0,0.0,0.0,0.0,0.0,0.0,0.0,0.0,0.0,0.0,140.7437286376953,0.8412668612994701,140.36133466448103,1.789956666105111,141.7378376552037,2.069782504121811,0.00800000086915209
2021-09-27,140.53146026221063,141.4391572247965,139.45404624620286,140.44760131835938,18844000,0.0,0.0,140.25713806152345,142.25709838867186,38.837510645076705,0.3927005684820699,0.9284191998930545,2.0633130625869454,-0.00793650879191865,0.0,0.0,0.0,0.0,0.0,0.0,0.0,0.0,0.0,14950000.0,17272000.0,22068000.0,0.0,0.0,0.0,0.0,0.0,0.0,0.0,0.0,0.0,0.0,0.0,0.0,0.0,0.0,0.0,0.0,0.0,0.0,0.0,0.0,0.0,0.0,0.0,0.0,140.9298299153646,0.5784451583134504,139.9540274483817,1.2544186798599324,141.45297241210938,1.940303093527173,0.03904278291401719
2021-09-28,138.05305394272483,138.5672030128214,134.6897756981367,135.17018127441406,42190000,0.0,0.0,139.56979370117188,141.79627838134766,30.820632678349185,-0.10124613993096432,0.7224861319282508,2.537410093895086,-0.037575722151229396,0.0,0.0,0.0,0.0,0.0,0.0,0.0,0.0,0.0,18844000.0,14950000.0,17272000.0,0.0,0.0,0.0,0.0,0.0,0.0,0.0,0.0,0.0,0.0,0.0,0.0,0.0,0.0,0.0,0.0,0.0,0.0,0.0,0.0,0.0,0.0,0.0,0.0,139.06298828125,3.4177577916505952,139.20542689732142,2.1677753470587344,140.8362034388951,2.4425414600725905,0.01236226390771833
2021-09-29,136.08900522770074,136.37565838188394,133.25059831773436,133.5195770263672,26338000,0.0,0.0,138.295849609375,141.25330047607423,28.62713605969111,-0.6187597558830191,0.4542369543659969,3.063079684523801,-0.012211304538357615,0.0,0.0,0.0,0.0,0.0,0.0,0.0,0.0,0.0,42190000.0,18844000.0,14950000.0,0.0,0.0,0.0,0.0,0.0,0.0,0.0,0.0,0.0,0.0,0.0,0.0,0.0,0.0,0.0,0.0,0.0,0.0,0.0,0.0,0.0,0.0,0.0,0.0,136.37911987304688,3.6187745921867753,138.5679212297712,3.0600382980455474,140.09940774100167,2.9677743964989505,0.009421051969788596
2021-09-30,133.32502897061534,134.5806112085042,132.009895819498,132.27342224121094,35294000,0.0,0.0,136.5963928222656,140.62915573120117,30.82973779833408,-1.1165761073008582,0.1400743420326259,3.545513399425368,-0.009333124122391179,0.0,0.0,0.0,0.0,0.0,0.0,0.0,0.0,0.0,26338000.0,42190000.0,18844000.0,0.0,0.0,0.0,0.0,0.0,0.0,0.0,0.0,0.0,0.0,0.0,0.0,0.0,0.0,0.0,0.0,0.0,0.0,0.0,0.0,0.0,0.0,0.0,0.0,133.6543935139974,1.4530777123449359,137.66313825334822,3.8745274680640875,139.48575810023718,3.615018219856188,-0.023427697222932586
2021-10-01,132.56028322993208,136.0506001030267,132.38459893425915,135.44662475585938,28388000,0.0,0.0,135.3714813232422,140.24421768188478,35.54898623996995,-1.240745685080185,-0.1360896633899363,3.673563506221121,0.02398972114641329,0.0,0.0,0.0,0.0,0.0,0.0,0.0,0.0,0.0,35294000.0,26338000.0,42190000.0,0.0,0.0,0.0,0.0,0.0,0.0,0.0,0.0,0.0,0.0,0.0,0.0,0.0,0.0,0.0,0.0,0.0,0.0,0.0,0.0,0.0,0.0,0.0,0.0,133.74654134114584,1.5987301679395127,137.0284707205636,3.812464330386592,138.9893024989537,3.6614134879548867,0.02016604219068663
2021-10-04,134.68928837482602,134.6897881662978,130.19004438434172,132.76919555664062,31530000,0.0,0.0,133.83580017089844,139.69781646728515,32.05782638922665,-1.5374740860121392,-0.41636654791437694,3.9362549253771424,-0.019767411731704487,0.0,0.0,0.0,0.0,0.0,0.0,0.0,0.0,0.0,28388000.0,35294000.0,26338000.0,0.0,0.0,0.0,0.0,0.0,0.0,0.0,0.0,0.0,0.0,0.0,0.0,0.0,0.0,0.0,0.0,0.0,0.0,0.0,0.0,0.0,0.0,0.0,0.0,133.4964141845703,1.7070262884175653,135.8853977748326,3.7013532214673925,138.30578395298548,3.8750630129579706,-0.017712567118244094
2021-10-05,133.00248820773746,136.33946059887023,133.00248820773746,135.1632843017578,24126000,0.0,0.0,133.83442077636718,139.23419494628905,33.57117561857363,-1.5614510918496478,-0.6453834567014312,3.8946884052795223,0.01803195940955926,0.0,0.0,0.0,0.0,0.0,0.0,0.0,0.0,0.0,31530000.0,28388000.0,35294000.0,0.0,0.0,0.0,0.0,0.0,0.0,0.0,0.0,0.0,0.0,0.0,0.0,0.0,0.0,0.0,0.0,0.0,0.0,0.0,0.0,0.0,0.0,0.0,0.0,134.45970153808594,1.470859717379366,134.96998378208704,2.724197659631197,137.66565922328405,3.5678533916015978,-0.00856891411510352
2021-10-06,133.62330864718834,136.82579101308863,133.48533589520042,136.3314971923828,19764000,0.0,0.0,134.3968048095703,138.8605224609375,37.385654644427106,-1.4692514089448139,-0.8101570471501077,3.790185497595757,0.008642975025798583,0.0,0.0,0.0,0.0,0.0,0.0,0.0,0.0,0.0,24126000.0,31530000.0,28388000.0,0.0,0.0,0.0,0.0,0.0,0.0,0.0,0.0,0.0,0.0,0.0,0.0,0.0,0.0,0.0,0.0,0.0,0.0,0.0,0.0,0.0,0.0,0.0,0.0,134.7546590169271,1.8159650887489565,134.38196890694755,1.525156372938069,137.16799817766463,3.187299755157088,-0.013158627204002404
2021-10-07,137.82925928825028,139.11108818353836,137.5314895695696,138.14935302734375,18250000,0.0,0.0,135.57199096679688,138.57625427246094,45.741275418733345,-1.2352574436641817,-0.8951771264529226,3.6062197777956886,0.013334085463725831,0.0,0.0,0.0,0.0,0.0,0.0,0.0,0.0,0.0,19764000.0,24126000.0,31530000.0,0.0,0.0,0.0,0.0,0.0,0.0,0.0,0.0,0.0,0.0,0.0,0.0,0.0,0.0,0.0,0.0,0.0,0.0,0.0,0.0,0.0,0.0,0.0,0.0,136.54804484049478,1.5047661849628395,134.80756487165178,2.0920720458299673,137.0064958844866,3.0653178877753375,-0.006215437093135878
2021-10-08,138.8645046599292,139.27244057282317,138.39139895928017,139.0133819580078,18924000,0.0,0.0,136.28534240722655,138.48369750976562,52.06404604943693,-0.9689264456999922,-0.9099269903023366,3.567950900037691,0.006254310365775284,0.0,0.0,0.0,0.0,0.0,0.0,0.0,0.0,0.0,18250000.0,19764000.0,24126000.0,0.0,0.0,0.0,0.0,0.0,0.0,0.0,0.0,0.0,0.0,0.0,0.0,0.0,0.0,0.0,0.0,0.0,0.0,0.0,0.0,0.0,0.0,0.0,0.0,137.83141072591147,1.3689199955814817,135.59239414760046,2.5159119750512553,137.08015768868583,3.1027289436247214,0.008703831032012443
2021-10-11,138.75928193526627,139.7157617186635,137.77317814616356,137.81387329101562,16584000,0.0,0.0,137.29427795410157,138.254541015625,48.44846918731215,-0.8449079626596188,-0.8969231847737931,3.4485668126432256,-0.00862872804112147,0.0,0.0,0.0,0.0,0.0,0.0,0.0,0.0,0.0,18924000.0,18250000.0,19764000.0,0.0,0.0,0.0,0.0,0.0,0.0,0.0,0.0,0.0,0.0,0.0,0.0,0.0,0.0,0.0,0.0,0.0,0.0,0.0,0.0,0.0,0.0,0.0,0.0,138.3255360921224,0.6188583155968143,136.3838871547154,2.141379820126831,137.02351270403182,3.0798665757285315,0.015612973234340854
2021-10-12,138.59799542329478,138.65507767555934,135.2357159726475,135.6952667236328,22536000,0.0,0.0,137.40067443847656,137.92238159179686,42.05452619699549,-0.9071195558219642,-0.8989624589834273,3.353117797717158,-0.015372955688641277,0.0,0.0,0.0,0.0,0.0,0.0,0.0,0.0,0.0,16584000.0,18924000.0,18250000.0,0.0,0.0,0.0,0.0,0.0,0.0,0.0,0.0,0.0,0.0,0.0,0.0,0.0,0.0,0.0,0.0,0.0,0.0,0.0,0.0,0.0,0.0,0.0,0.0,137.50750732421875,1.6801390586366018,136.4194074358259,2.1252431494412685,136.72393907819475,2.9820954117895058,-0.00860756180285338
2021-10-13,136.7245358019451,137.51858332203022,135.95679548860412,136.8734130859375,16380000,0.0,0.0,137.5090576171875,137.55980072021484,42.69877669284568,-0.8515401021234368,-0.8894779876114293,3.022919152104397,0.008682295195337808,0.0,0.0,0.0,0.0,0.0,0.0,0.0,0.0,0.0,22536000.0,16584000.0,18924000.0,0.0,0.0,0.0,0.0,0.0,0.0,0.0,0.0,0.0,0.0,0.0,0.0,0.0,0.0,0.0,0.0,0.0,0.0,0.0,0.0,0.0,0.0,0.0,0.0,136.79418436686197,1.0615231223501638,137.00572422572546,1.38898364437467,136.445561000279,2.7479881753536985,-0.024835338822727704
2021-10-14,138.9101455206981,140.59700246627008,138.30171750397628,140.35928344726562,21426000,0.0,0.0,137.95104370117187,137.4128273010254,47.937173166498795,-0.520215656844897,-0.815625521458123,2.7918328611798873,0.0254678412902547,0.0,0.0,0.0,0.0,0.0,0.0,0.0,0.0,0.0,16380000.0,22536000.0,16584000.0,0.0,0.0,0.0,0.0,0.0,0.0,0.0,0.0,0.0,0.0,0.0,0.0,0.0,0.0,0.0,0.0,0.0,0.0,0.0,0.0,0.0,0.0,0.0,0.0,137.6426544189453,2.4252963057917776,137.74800981794084,1.6109268896152804,136.35899680001395,2.588569998610572,-0.0018562901346648175
2021-10-15,141.1414011758704,141.1414011758704,140.01435624754504,140.6203155517578,21250000,0.0,0.0,138.27243041992188,137.42332382202147,50.30287818565291,-0.2338795200791708,-0.6992763211823326,2.804063856929101,0.001859742356053351,0.0,0.0,0.0,0.0,0.0,0.0,0.0,0.0,0.0,21426000.0,16380000.0,22536000.0,0.0,0.0,0.0,0.0,0.0,0.0,0.0,0.0,0.0,0.0,0.0,0.0,0.0,0.0,0.0,0.0,0.0,0.0,0.0,0.0,0.0,0.0,0.0,0.0,139.28433736165366,2.0919969735450956,138.36069815499442,1.78822238940118,136.371333530971,2.6098784256637613,-0.008991955533914742
2021-10-18,140.162251533837,141.9342092421769,140.162251533837,141.896240234375,16564000,0.0,0.0,139.08890380859376,137.6190299987793,63.720677743254655,0.09490636825179877,-0.5404397832955063,2.9764109591821875,0.009073544442072867,0.0,0.0,0.0,0.0,0.0,0.0,0.0,0.0,0.0,21250000.0,21426000.0,16380000.0,0.0,0.0,0.0,0.0,0.0,0.0,0.0,0.0,0.0,0.0,0.0,0.0,0.0,0.0,0.0,0.0,0.0,0.0,0.0,0.0,0.0,0.0,0.0,0.0,140.95861307779947,0.8224311238363275,138.8959677559989,2.222469800901148,136.85176631382532,2.9664723711168968,-0.005990260335446473
2021-10-19,142.2248049092944,143.03422490820103,142.03074947845107,142.75135803222656,15316000,0.0,0.0,140.5001220703125,137.82625274658204,69.46386496443824,0.41963512083825094,-0.3484248024687549,3.1857205600071143,0.0060263597995207085,0.0,0.0,0.0,0.0,0.0,0.0,0.0,0.0,0.0,16564000.0,21250000.0,21426000.0,0.0,0.0,0.0,0.0,0.0,0.0,0.0,0.0,0.0,0.0,0.0,0.0,0.0,0.0,0.0,0.0,0.0,0.0,0.0,0.0,0.0,0.0,0.0,0.0,141.75597127278647,1.0724234469552134,139.42996433803015,2.661153062595063,137.5111792428153,3.186674170731691,0.009879716043981412
2021-10-20,143.14886733929575,143.17393264195417,140.8555663158274,141.3548126220703,17940000,0.0,0.0,141.39640197753906,137.89952850341797,69.02613336879674,0.5578647362044933,-0.1671668947341053,3.251839064384888,-0.009783062167723622,0.0,0.0,0.0,0.0,0.0,0.0,0.0,0.0,0.0,15316000.0,16564000.0,21250000.0,0.0,0.0,0.0,0.0,0.0,0.0,0.0,0.0,0.0,0.0,0.0,0.0,0.0,0.0,0.0,0.0,0.0,0.0,0.0,0.0,0.0,0.0,0.0,0.0,142.00080362955728,0.7041199460077809,139.9358128138951,2.6392083919217475,138.15984998430525,2.9542952619151865,-0.0025597562686519026
2021-10-21,141.13345518311783,141.78606164613012,140.5825789965514,141.7175750732422,14850000,0.0,0.0,141.66806030273438,137.94687194824218,64.89173972311863,0.6887451747050761,0.004015519153730995,3.3023411078126528,0.0025663254362748855,0.0,0.0,0.0,0.0,0.0,0.0,0.0,0.0,0.0,17940000.0,15316000.0,16564000.0,0.0,0.0,0.0,0.0,0.0,0.0,0.0,0.0,0.0,0.0,0.0,0.0,0.0,0.0,0.0,0.0,0.0,0.0,0.0,0.0,0.0,0.0,0.0,0.0,141.94124857584634,0.7246427723246645,140.796142578125,1.9062965884403116,138.60777500697546,2.9864963719352176,0.02997638871160624
2021-10-22,139.30618190197518,140.50469714101166,136.14936227881165,137.59303283691406,30182000,0.0,0.0,141.06260375976564,137.74796447753906,60.718569858283715,0.4544145686414538,0.09409532905127557,3.190462533393835,-0.029103957178186923,0.0,0.0,0.0,0.0,0.0,0.0,0.0,0.0,0.0,14850000.0,17940000.0,15316000.0,0.0,0.0,0.0,0.0,0.0,0.0,0.0,0.0,0.0,0.0,0.0,0.0,0.0,0.0,0.0,0.0,0.0,0.0,0.0,0.0,0.0,0.0,0.0,0.0,140.22180684407553,2.283799188751212,140.89894539969308,1.6634265089016853,138.95233481270927,2.4996565729071984,-0.0010663655821591123
2021-10-25,137.77714083367837,138.16949229685997,135.73049469081403,137.7399139404297,21082000,0.0,0.0,140.23133850097656,137.6125801086426,56.36046688573594,0.27736071096725823,0.1307484054344721,3.1266883401722305,0.0010675039316105916,0.0,0.0,0.0,0.0,0.0,0.0,0.0,0.0,0.0,30182000.0,14850000.0,17940000.0,0.0,0.0,0.0,0.0,0.0,0.0,0.0,0.0,0.0,0.0,0.0,0.0,0.0,0.0,0.0,0.0,0.0,0.0,0.0,0.0,0.0,0.0,0.0,0.0,139.01684061686197,2.3400573641583704,140.52474975585938,2.053858749677906,139.1363797869001,2.284841749003561,-0.006436479798745287
2021-10-26,139.5592699957883,139.79102178403178,137.97067524865412,138.63221740722656,28258000,0.0,0.0,139.40751037597656,137.7856819152832,55.75780997012262,0.20666339861980987,0.14593140407153968,3.079836658354904,0.006478176450602335,0.0,0.0,0.0,0.0,0.0,0.0,0.0,0.0,0.0,21082000.0,30182000.0,14850000.0,0.0,0.0,0.0,0.0,0.0,0.0,0.0,0.0,0.0,0.0,0.0,0.0,0.0,0.0,0.0,0.0,0.0,0.0,0.0,0.0,0.0,0.0,0.0,0.0,137.98838806152344,0.5623883750876358,140.24073573521204,2.1724760337603115,139.30071694510323,2.1461099539540758,-0.046135602349017035
2021-10-27,138.8610134066124,148.00790989234184,138.8610134066124,145.3374481201172,51850000,0.0,0.0,140.20403747558595,138.3765754699707,64.45337069102526,0.6838088273118501,0.2535068887196018,3.340886275657048,0.04836704510896106,0.0,0.0,0.0,0.0,0.0,0.0,0.0,0.0,0.0,28258000.0,21082000.0,30182000.0,0.0,0.0,0.0,0.0,0.0,0.0,0.0,0.0,0.0,0.0,0.0,0.0,0.0,0.0,0.0,0.0,0.0,0.0,0.0,0.0,0.0,0.0,0.0,0.0,140.56985982259116,4.152887549674886,140.73233686174666,2.8827646746946116,139.81415230887276,2.6501248931017742,0.002042835153891698
2021-10-28,146.20244117156471,146.32701041121462,143.68582448151446,145.04115295410156,32418000,0.0,0.0,140.8687530517578,139.01496200561525,62.40345029401348,1.0262119410800494,0.4080478991916914,3.333137192693471,-0.0020386704861553584,0.0,0.0,0.0,0.0,0.0,0.0,0.0,0.0,0.0,51850000.0,28258000.0,21082000.0,0.0,0.0,0.0,0.0,0.0,0.0,0.0,0.0,0.0,0.0,0.0,0.0,0.0,0.0,0.0,0.0,0.0,0.0,0.0,0.0,0.0,0.0,0.0,0.0,143.00360616048178,3.7886313399980494,141.05945042201452,3.255826051857269,140.24470738002233,2.9792373902598785,-0.014443242404806433
2021-10-29,144.4367048006501,147.50668177858643,144.08583600912826,147.16671752929688,28954000,0.0,0.0,142.7834899902344,139.6009666442871,68.5389690127963,1.4523424727820498,0.6169068139097631,3.684507579896567,0.014654906775789067,0.0,0.0,0.0,0.0,0.0,0.0,0.0,0.0,0.0,32418000.0,51850000.0,28258000.0,0.0,0.0,0.0,0.0,0.0,0.0,0.0,0.0,0.0,0.0,0.0,0.0,0.0,0.0,0.0,0.0,0.0,0.0,0.0,0.0,0.0,0.0,0.0,0.0,145.84843953450522,1.1512342767719932,141.8897225516183,3.9997589449408713,140.9127676827567,3.4097498976963463,0.031274679942644656
2021-11-01,147.06200817568674,147.29477472394305,142.5106489949172,142.70370483398438,32272000,0.0,0.0,143.7762481689453,140.0976921081543,62.71061675015788,1.4136307088452043,0.7762515928968514,3.371361511402124,-0.030326236599141576,0.0,0.0,0.0,0.0,0.0,0.0,0.0,0.0,0.0,28954000.0,32418000.0,51850000.0,0.0,0.0,0.0,0.0,0.0,0.0,0.0,0.0,0.0,0.0,0.0,0.0,0.0,0.0,0.0,0.0,0.0,0.0,0.0,0.0,0.0,0.0,0.0,0.0,144.97052510579428,2.232344462520796,142.03059823172433,4.010038246010131,141.41337040492468,3.0837018608749265,-0.014321601287505481
2021-11-02,143.73138470049585,145.82676809614077,143.56424230998508,144.7771453857422,21150000,0.0,0.0,145.00523376464844,140.57838516235353,63.88347911577414,1.5325938926947913,0.9275200528564395,3.315696931589589,0.01452968971036861,0.0,0.0,0.0,0.0,0.0,0.0,0.0,0.0,0.0,32272000.0,28954000.0,32418000.0,0.0,0.0,0.0,0.0,0.0,0.0,0.0,0.0,0.0,0.0,0.0,0.0,0.0,0.0,0.0,0.0,0.0,0.0,0.0,0.0,0.0,0.0,0.0,0.0,144.8825225830078,2.233371631616096,143.05690002441406,3.581454719688193,141.97792271205358,2.9070408232757297,-0.00631518424785682
2021-11-03,145.18608476607503,145.8168671452656,143.97368132255983,145.69725036621094,17886000,0.0,0.0,145.0771942138672,141.04667282104492,60.30544965212417,1.6817318968001302,1.0783624216451777,3.3455699980172025,0.006355319259937264,0.0,0.0,0.0,0.0,0.0,0.0,0.0,0.0,0.0,21150000.0,32272000.0,28954000.0,0.0,0.0,0.0,0.0,0.0,0.0,0.0,0.0,0.0,0.0,0.0,0.0,0.0,0.0,0.0,0.0,0.0,0.0,0.0,0.0,0.0,0.0,0.0,0.0,144.3927001953125,1.5333549138120404,144.19366237095423,2.787364822959176,142.35920606340682,3.026036373512772,-0.012731671758921759
2021-11-04,146.10417972216507,148.83370759285674,145.54338339095517,147.57614135742188,24700000,0.0,0.0,145.58419189453124,141.51801223754882,62.63931872664389,1.9292959175855344,1.248549120833249,3.572263134135587,0.012895857584740433,0.0,0.0,0.0,0.0,0.0,0.0,0.0,0.0,0.0,17886000.0,21150000.0,32272000.0,0.0,0.0,0.0,0.0,0.0,0.0,0.0,0.0,0.0,0.0,0.0,0.0,0.0,0.0,0.0,0.0,0.0,0.0,0.0,0.0,0.0,0.0,0.0,0.0,146.016845703125,1.4266045341658025,145.47136579241072,1.617623138771363,142.8560507638114,3.27902844665502,-0.003739036705148302
2021-11-05,148.24167042985454,149.44986347878043,147.54538508335918,148.1300048828125,20408000,0.0,0.0,145.77684936523437,141.97384338378907,61.63252103635063,2.1454528997980162,1.4279298766262025,3.8096128226863595,0.003753069570027634,0.0,0.0,0.0,0.0,0.0,0.0,0.0,0.0,0.0,24700000.0,17886000.0,21150000.0,0.0,0.0,0.0,0.0,0.0,0.0,0.0,0.0,0.0,0.0,0.0,0.0,0.0,0.0,0.0,0.0,0.0,0.0,0.0,0.0,0.0,0.0,0.0,0.0,147.13446553548178,1.2751006953475892,145.87030247279577,1.8989735060418675,143.3013196672712,3.5506663778586165,-0.0007398840313098676
2021-11-08,148.88335598034308,149.91015497991577,148.00990211212832,148.23968505859375,18388000,0.0,0.0,146.88404541015626,142.49513397216796,60.53457360345135,2.2991064708268425,1.6021651954663305,3.9220724280534722,0.000740431865023039,0.0,0.0,0.0,0.0,0.0,0.0,0.0,0.0,0.0,20408000.0,24700000.0,17886000.0,0.0,0.0,0.0,0.0,0.0,0.0,0.0,0.0,0.0,0.0,0.0,0.0,0.0,0.0,0.0,0.0,0.0,0.0,0.0,0.0,0.0,0.0,0.0,0.0,147.98194376627603,0.3556882504574146,146.32723563058036,2.045383900340941,143.69334302629744,3.7807961614840657,0.0006901285658016398
2021-11-09,148.63124519998087,149.25902879276143,146.40891460514234,148.137451171875,16876000,0.0,0.0,147.5561065673828,143.11724319458008,63.69963959266019,2.3851342694635775,1.7587590102657802,3.770575424320107,-0.0006896526168302941,0.0,0.0,0.0,0.0,0.0,0.0,0.0,0.0,0.0,18388000.0,20408000.0,24700000.0,0.0,0.0,0.0,0.0,0.0,0.0,0.0,0.0,0.0,0.0,0.0,0.0,0.0,0.0,0.0,0.0,0.0,0.0,0.0,0.0,0.0,0.0,0.0,0.0,148.1690470377604,0.06128751337232485,146.46591186523438,2.142393698642963,144.17781720842635,3.89104311192342,0.017885670483815508
2021-11-10,146.90791180091054,147.59301993563162,144.24314466659487,145.5344696044922,22708000,0.0,0.0,147.52355041503907,143.5502960205078,57.0696256838045,2.217708695846852,1.8505489473819945,3.503640329936178,-0.017571394315153532,0.0,0.0,0.0,0.0,0.0,0.0,0.0,0.0,0.0,16876000.0,18388000.0,20408000.0,0.0,0.0,0.0,0.0,0.0,0.0,0.0,0.0,0.0,0.0,0.0,0.0,0.0,0.0,0.0,0.0,0.0,0.0,0.0,0.0,0.0,0.0,0.0,0.0,147.30386861165366,1.5331968486812477,146.87030683244978,1.478047161654809,144.45045253208704,3.8387689189385976,-0.000831370578721291
2021-11-11,146.01188442531517,147.39674617543128,145.60246429068016,145.6555633544922,12464000,0.0,0.0,147.13943481445312,143.81511001586915,67.53366127413763,2.0709216800976264,1.894623493925121,3.4494963471552897,0.0008320623308628594,0.0,0.0,0.0,0.0,0.0,0.0,0.0,0.0,0.0,22708000.0,16876000.0,18388000.0,0.0,0.0,0.0,0.0,0.0,0.0,0.0,0.0,0.0,0.0,0.0,0.0,0.0,0.0,0.0,0.0,0.0,0.0,0.0,0.0,0.0,0.0,0.0,0.0,146.44249471028647,1.4691235411232701,146.99579511369978,1.2969056883337513,145.02634756905692,3.2974911731048637,-0.01936222937823695
2021-11-12,146.73097246607614,148.7438749929474,145.36372477772395,148.53146362304688,17048000,0.0,0.0,147.2197265625,144.2106674194336,70.97842046718576,2.1617339065024623,1.9480455764405893,3.516797604441037,0.0197445274476431,0.0,0.0,0.0,0.0,0.0,0.0,0.0,0.0,0.0,12464000.0,22708000.0,16876000.0,0.0,0.0,0.0,0.0,0.0,0.0,0.0,0.0,0.0,0.0,0.0,0.0,0.0,0.0,0.0,0.0,0.0,0.0,0.0,0.0,0.0,0.0,0.0,0.0,146.5738321940104,1.6964393691009223,147.4006827218192,1.265984970257183,145.79717254638672,2.6635741165302824,0.001723401428631588
2021-11-15,148.88336834080127,149.35682241975042,147.54589578035853,148.2759246826172,16248000,0.0,0.0,147.2269744873047,144.5296516418457,69.22295476472328,2.187863069759686,1.9960090751044088,3.584500017688817,-0.0017204364260370308,0.0,0.0,0.0,0.0,0.0,0.0,0.0,0.0,0.0,17048000.0,12464000.0,22708000.0,0.0,0.0,0.0,0.0,0.0,0.0,0.0,0.0,0.0,0.0,0.0,0.0,0.0,0.0,0.0,0.0,0.0,0.0,0.0,0.0,0.0,0.0,0.0,0.0,147.4876505533854,1.5917702930322888,147.50065176827567,1.3090463293870513,146.48600878034318,1.762752370823776,0.002092993637798468
2021-11-16,148.06002650806823,148.71710090262894,147.24563894683004,147.9662322998047,17254000,0.0,0.0,147.19273071289064,144.7903953552246,57.033237640803556,2.1586969184718043,2.0285466437778883,3.6376118534780977,-0.0020886221648955816,0.0,0.0,0.0,0.0,0.0,0.0,0.0,0.0,0.0,16248000.0,17048000.0,12464000.0,0.0,0.0,0.0,0.0,0.0,0.0,0.0,0.0,0.0,0.0,0.0,0.0,0.0,0.0,0.0,0.0,0.0,0.0,0.0,0.0,0.0,0.0,0.0,0.0,148.25787353515625,0.28304769056966705,147.47725568498885,1.2973345756113324,146.6737790788923,1.7709864582310395,9.395429386582776e-05
2021-11-17,148.118095732704,148.51214348862283,147.45705328506816,147.95233154296875,15290000,0.0,0.0,147.67630310058593,145.12027130126953,57.908275986135536,2.1101365182738903,2.0448646186770887,3.6086914735790314,-9.394546728591635e-05,0.0,0.0,0.0,0.0,0.0,0.0,0.0,0.0,0.0,17254000.0,16248000.0,17048000.0,0.0,0.0,0.0,0.0,0.0,0.0,0.0,0.0,0.0,0.0,0.0,0.0,0.0,0.0,0.0,0.0,0.0,0.0,0.0,0.0,0.0,0.0,0.0,0.0,148.06482950846353,0.18294585858436851,147.4362051827567,1.2735164258478118,146.88172040666853,1.7350899656784524,-0.010928318497230194
2021-11-18,148.0356986810806,150.48136024573412,147.8893052064059,149.58706665039062,26658000,0.0,0.0,148.4626037597656,145.51374588012695,56.755064808079844,2.1784497002690557,2.071581634995482,3.646973533050984,0.011049066211890723,0.0,0.0,0.0,0.0,0.0,0.0,0.0,0.0,0.0,15290000.0,17254000.0,16248000.0,0.0,0.0,0.0,0.0,0.0,0.0,0.0,0.0,0.0,0.0,0.0,0.0,0.0,0.0,0.0,0.0,0.0,0.0,0.0,0.0,0.0,0.0,0.0,0.0,148.5018768310547,0.9398276521536941,147.64329310825892,1.5036248299193913,147.05460248674666,1.8801845941478077,0.005044940455472657
2021-11-19,149.8758995234392,150.71957786360355,148.77167836049367,148.83619689941406,19766000,0.0,0.0,148.52355041503907,146.07590408325194,71.58883243822807,2.1472473447711593,2.0867147769506174,3.2010561729112745,-0.005019616787669712,0.0,0.0,0.0,0.0,0.0,0.0,0.0,0.0,0.0,26658000.0,15290000.0,17254000.0,0.0,0.0,0.0,0.0,0.0,0.0,0.0,0.0,0.0,0.0,0.0,0.0,0.0,0.0,0.0,0.0,0.0,0.0,0.0,0.0,0.0,0.0,0.0,0.0,148.79186503092447,0.8182687234533865,148.1149684361049,1.2236465554183018,147.49263763427734,1.4547996056751809,0.019540445661010653
2021-11-22,149.02405605058343,149.6223216729872,145.91114228678347,145.98361206054688,24608000,0.0,0.0,148.065087890625,146.48808898925782,54.02636818707256,1.8707743743173637,2.043526696423967,2.5320088762833453,-0.01916593475439987,0.0,0.0,0.0,0.0,0.0,0.0,0.0,0.0,0.0,19766000.0,26658000.0,15290000.0,0.0,0.0,0.0,0.0,0.0,0.0,0.0,0.0,0.0,0.0,0.0,0.0,0.0,0.0,0.0,0.0,0.0,0.0,0.0,0.0,0.0,0.0,0.0,0.0,148.13562520345053,1.9011369680155195,148.16183253696985,1.1152352735366766,147.57881382533483,1.3101096822078067,0.0021906987955189194
2021-11-23,146.01785763143388,146.59452621008714,143.810899303843,145.6645050048828,18126000,0.0,0.0,147.60474243164063,146.83970336914064,49.886151188674965,1.6073892975918227,1.9562992166575381,1.7517093736527993,-0.0021859101248413726,0.0,0.0,0.0,0.0,0.0,0.0,0.0,0.0,0.0,24608000.0,19766000.0,26658000.0,0.0,0.0,0.0,0.0,0.0,0.0,0.0,0.0,0.0,0.0,0.0,0.0,0.0,0.0,0.0,0.0,0.0,0.0,0.0,0.0,0.0,0.0,0.0,0.0,146.8281046549479,1.7463628417248465,147.75226702008928,1.4369126954716493,147.57647487095423,1.3137514268991468,0.0002692876210785844
2021-11-24,145.2605329664016,145.9056881142698,144.11810038473118,145.6252899169922,16464000,0.0,0.0,147.13933410644532,146.85409545898438,42.22235200075921,1.379587372375795,1.8409568478011895,1.7398595741831355,-0.0002692151247780661,0.0,0.0,0.0,0.0,0.0,0.0,0.0,0.0,0.0,18126000.0,24608000.0,19766000.0,0.0,0.0,0.0,0.0,0.0,0.0,0.0,0.0,0.0,0.0,0.0,0.0,0.0,0.0,0.0,0.0,0.0,0.0,0.0,0.0,0.0,0.0,0.0,0.0,145.75780232747397,0.1965374835552303,147.37360491071428,1.6142298403308544,147.437128339495,1.4134664095911977,0.02739044285757042
2021-11-26,143.9359440696595,144.21534264472484,141.42477970835844,141.74288940429688,16992000,0.0,0.0,145.57049865722655,146.68918228149414,29.876679242960932,0.8756811237165891,1.6479017029842695,2.0495038565842902,-0.026660207955007786,0.0,0.0,0.0,0.0,0.0,0.0,0.0,0.0,0.0,16464000.0,18126000.0,24608000.0,0.0,0.0,0.0,0.0,0.0,0.0,0.0,0.0,0.0,0.0,0.0,0.0,0.0,0.0,0.0,0.0,0.0,0.0,0.0,0.0,0.0,0.0,0.0,0.0,144.34422810872397,2.2529107277347182,146.48455592564173,2.6285395524064166,146.9809058053153,2.0569370043959294,-0.02263983752437415
2021-11-29,143.2242698340789,145.76869301946053,143.2242698340789,145.02626037597656,26276000,0.0,0.0,144.80851135253906,146.58215942382813,41.562991018738934,0.7328248397590187,1.4648863303392194,2.078929970398748,0.02316427289918188,0.0,0.0,0.0,0.0,0.0,0.0,0.0,0.0,0.0,16992000.0,16464000.0,18126000.0,0.0,0.0,0.0,0.0,0.0,0.0,0.0,0.0,0.0,0.0,0.0,0.0,0.0,0.0,0.0,0.0,0.0,0.0,0.0,0.0,0.0,0.0,0.0,0.0,144.13147989908853,2.0901513130893217,146.06654575892858,2.5885792184908176,146.75137547084265,2.084768997061952,0.025706659564179057
2021-11-30,144.3674966561962,145.53696354151427,141.00842766929466,141.3915557861328,41590000,0.0,0.0,143.89010009765624,146.51655197143555,35.05965001449768,0.3226011760467884,1.2364292994807333,2.223450566084497,-0.025062389255717354,0.0,0.0,0.0,0.0,0.0,0.0,0.0,0.0,0.0,26276000.0,16992000.0,16464000.0,0.0,0.0,0.0,0.0,0.0,0.0,0.0,0.0,0.0,0.0,0.0,0.0,0.0,0.0,0.0,0.0,0.0,0.0,0.0,0.0,0.0,0.0,0.0,0.0,142.7202351888021,2.004787507623994,144.89575849260603,2.584270314810263,146.2695258004325,2.4815838112570114,0.005889175254934154
2021-12-01,143.1389347162511,145.40856383692665,140.44663340256741,140.56375122070312,28476000,0.0,0.0,142.8699493408203,146.3058822631836,38.051685398203794,-0.06851118878822149,0.9754412018269424,2.5695953292368134,-0.005854695924569997,0.0,0.0,0.0,0.0,0.0,0.0,0.0,0.0,0.0,41590000.0,26276000.0,16992000.0,0.0,0.0,0.0,0.0,0.0,0.0,0.0,0.0,0.0,0.0,0.0,0.0,0.0,0.0,0.0,0.0,0.0,0.0,0.0,0.0,0.0,0.0,0.0,0.0,142.32718912760416,2.3738269318716716,143.71398053850447,2.364098016736637,145.9144744873047,2.912942638717359,-0.015012843773015483
2021-12-02,140.7682125267617,143.5979865232936,139.93247027965248,142.7061767578125,21250000,0.0,0.0,142.28612670898437,146.15632858276368,43.538352815009105,-0.203251760114199,0.7397026094387141,2.691054419030831,0.015241664501009833,0.0,0.0,0.0,0.0,0.0,0.0,0.0,0.0,0.0,28476000.0,41590000.0,26276000.0,0.0,0.0,0.0,0.0,0.0,0.0,0.0,0.0,0.0,0.0,0.0,0.0,0.0,0.0,0.0,0.0,0.0,0.0,0.0,0.0,0.0,0.0,0.0,0.0,141.55382792154947,1.0803915864000075,143.2457754952567,2.154982059991054,145.70380401611328,3.037114563025893,0.008812718619063187
2021-12-03,143.41983734623477,144.13199488179225,140.09923737540169,141.45953369140625,26688000,0.0,0.0,142.22945556640624,145.8504981994629,33.315405528387856,-0.4059487855659256,0.5105723304377863,2.8632616045611203,-0.008735733061659534,0.0,0.0,0.0,0.0,0.0,0.0,0.0,0.0,0.0,21250000.0,28476000.0,41590000.0,0.0,0.0,0.0,0.0,0.0,0.0,0.0,0.0,0.0,0.0,0.0,0.0,0.0,0.0,0.0,0.0,0.0,0.0,0.0,0.0,0.0,0.0,0.0,0.0,141.57648722330728,1.0759904237410793,142.6450653076172,1.9441418118564437,145.19866616385323,3.1176756077339864,-0.00887360746178012
2021-12-06,142.50519631080022,143.27690472810082,139.5999838556392,142.7260284423828,22198000,0.0,0.0,141.7694091796875,145.5802993774414,37.502456777889414,-0.4590998790976073,0.31663788853070757,2.891667573727211,0.00895305334272778,0.0,0.0,0.0,0.0,0.0,0.0,0.0,0.0,0.0,26688000.0,21250000.0,28476000.0,0.0,0.0,0.0,0.0,0.0,0.0,0.0,0.0,0.0,0.0,0.0,0.0,0.0,0.0,0.0,0.0,0.0,0.0,0.0,0.0,0.0,0.0,0.0,0.0,142.29724629720053,0.7255482959630307,142.2308850969587,1.4492598045330392,144.8022450038365,3.0483669845266803,-0.028641478224820882
2021-12-07,144.86347903393525,147.19599062711455,144.61782395932084,146.9344482421875,23258000,0.0,0.0,142.87798767089845,145.5150375366211,48.02360485542172,-0.1597961663063927,0.22135107756328753,2.842805235857831,0.02948600087687292,0.0,0.0,0.0,0.0,0.0,0.0,0.0,0.0,0.0,22198000.0,26688000.0,21250000.0,0.0,0.0,0.0,0.0,0.0,0.0,0.0,0.0,0.0,0.0,0.0,0.0,0.0,0.0,0.0,0.0,0.0,0.0,0.0,0.0,0.0,0.0,0.0,0.0,143.70667012532553,2.866167461494948,142.97253635951452,2.2596889234491493,144.72854614257812,2.9776406544450986,-0.0045994460817671
2021-12-08,147.22727637343118,148.04613181549928,146.10419933103717,147.61338806152344,18964000,0.0,0.0,144.2879150390625,145.48883438110352,49.36688007232724,0.1306825249306769,0.2032173670367654,2.8196825139982677,0.004620698736465645,0.0,0.0,0.0,0.0,0.0,0.0,0.0,0.0,0.0,23258000.0,22198000.0,26688000.0,0.0,0.0,0.0,0.0,0.0,0.0,0.0,0.0,0.0,0.0,0.0,0.0,0.0,0.0,0.0,0.0,0.0,0.0,0.0,0.0,0.0,0.0,0.0,0.0,145.7579549153646,2.647578784993094,143.34212602887834,2.798830431415191,144.70433589390345,2.9506685677162783,0.004149047246014392
2021-12-09,147.0729347716643,148.49129777736877,146.4307632005666,147.0034637451172,18580000,0.0,0.0,145.14737243652343,145.56228408813476,44.98191261031588,0.3081213543640047,0.22419816450221325,2.839993536525845,-0.004131903782006785,0.0,0.0,0.0,0.0,0.0,0.0,0.0,0.0,0.0,18964000.0,23258000.0,22198000.0,0.0,0.0,0.0,0.0,0.0,0.0,0.0,0.0,0.0,0.0,0.0,0.0,0.0,0.0,0.0,0.0,0.0,0.0,0.0,0.0,0.0,0.0,0.0,0.0,147.18376668294272,0.3736598474697427,144.1438271658761,2.9468148712329043,144.51979282924108,2.6911811560737786,-0.0038272027225222383
2021-12-10,147.99007655075889,148.2878311760331,146.26054018542612,147.5682373046875,21634000,0.0,0.0,146.36911315917968,145.65791778564454,47.51933110871096,0.48868218725482393,0.2770949690527354,2.8752842757958694,0.003841906477452417,0.0,0.0,0.0,0.0,0.0,0.0,0.0,0.0,0.0,18580000.0,18964000.0,23258000.0,0.0,0.0,0.0,0.0,0.0,0.0,0.0,0.0,0.0,0.0,0.0,0.0,0.0,0.0,0.0,0.0,0.0,0.0,0.0,0.0,0.0,0.0,0.0,0.0,147.39502970377603,0.3398566943518721,145.14446803501673,2.7081042968141698,144.42922428676061,2.5525064689579904,0.013432043166969443
2021-12-13,147.338918061026,147.45653565277846,145.2704326336793,145.61236572265625,24104000,0.0,0.0,146.94638061523438,145.511962890625,49.24727310528153,0.4685542556282769,0.3153868263678437,2.794700683995077,-0.01325401466978915,0.0,0.0,0.0,0.0,0.0,0.0,0.0,0.0,0.0,21634000.0,18580000.0,18964000.0,0.0,0.0,0.0,0.0,0.0,0.0,0.0,0.0,0.0,0.0,0.0,0.0,0.0,0.0,0.0,0.0,0.0,0.0,0.0,0.0,0.0,0.0,0.0,0.0,146.72802225748697,1.00660787856049,145.55963788713728,2.48562785983001,144.40270669119698,2.53699729099542,0.01196079219423929
2021-12-14,143.69230372805615,144.3592983007024,141.18360749742843,143.8913116455078,24778000,0.0,0.0,146.33775329589844,145.29273223876953,46.59813044715404,0.31015279585628264,0.31434002026553154,2.737867691680188,-0.011819422537413304,0.0,0.0,0.0,0.0,0.0,0.0,0.0,0.0,0.0,24104000.0,21634000.0,18580000.0,0.0,0.0,0.0,0.0,0.0,0.0,0.0,0.0,0.0,0.0,0.0,0.0,0.0,0.0,0.0,0.0,0.0,0.0,0.0,0.0,0.0,0.0,0.0,0.0,145.69063822428384,1.8397120737133026,145.90703473772322,1.9234405447642007,144.2760500226702,2.513309516791294,-0.016272089660325006
2021-12-15,143.29130275292854,146.419089257614,141.64317190355376,146.27145385742188,27280000,0.0,0.0,146.06936645507812,145.2079933166504,51.137493640597455,0.37238347765932645,0.3259487117442906,2.6763009642906934,0.016541250369430216,0.0,0.0,0.0,0.0,0.0,0.0,0.0,0.0,0.0,24778000.0,24104000.0,21634000.0,0.0,0.0,0.0,0.0,0.0,0.0,0.0,0.0,0.0,0.0,0.0,0.0,0.0,0.0,0.0,0.0,0.0,0.0,0.0,0.0,0.0,0.0,0.0,0.0,145.2583770751953,1.2289223771792581,146.4135240827288,1.31757486966477,144.32220458984375,2.5457171606722597,0.01746797103467479
2021-12-16,146.97463987465107,147.44561001411418,143.01980530611652,143.76025390625,27400000,0.0,0.0,145.42072448730468,144.99838943481444,53.731469658841895,0.216572380657567,0.3040734455269459,2.6134775333802645,-0.017168079518917412,0.0,0.0,0.0,0.0,0.0,0.0,0.0,0.0,0.0,27280000.0,24778000.0,24104000.0,0.0,0.0,0.0,0.0,0.0,0.0,0.0,0.0,0.0,0.0,0.0,0.0,0.0,0.0,0.0,0.0,0.0,0.0,0.0,0.0,0.0,0.0,0.0,0.0,144.64100646972656,1.4135285797557837,145.96006774902344,1.619935356039227,144.46630205426897,2.4435316629621613,0.014253853481732914
2021-12-17,141.65207179881864,143.3846823161123,140.73247059252884,141.7399139404297,43404000,0.0,0.0,144.25505981445312,144.6060317993164,43.62338492876514,-0.06913662287826128,0.22943143184590445,2.4736276919395404,-0.014053536432523495,0.0,0.0,0.0,0.0,0.0,0.0,0.0,0.0,0.0,27400000.0,27280000.0,24778000.0,0.0,0.0,0.0,0.0,0.0,0.0,0.0,0.0,0.0,0.0,0.0,0.0,0.0,0.0,0.0,0.0,0.0,0.0,0.0,0.0,0.0,0.0,0.0,0.0,143.9238739013672,2.270196496324649,145.1210000174386,2.077383404334765,144.2315630231585,2.5414898097488265,0.002819403881117344
2021-12-20,139.63232535587696,141.5488591690118,139.2059274786564,141.34141540527344,20264000,0.0,0.0,143.40086975097657,144.23129272460938,49.888737800435024,-0.3239838834629154,0.11874836878414048,2.3643479255967477,-0.0028114771914122816,0.0,0.0,0.0,0.0,0.0,0.0,0.0,0.0,0.0,43404000.0,27400000.0,27280000.0,0.0,0.0,0.0,0.0,0.0,0.0,0.0,0.0,0.0,0.0,0.0,0.0,0.0,0.0,0.0,0.0,0.0,0.0,0.0,0.0,0.0,0.0,0.0,0.0,142.28052775065103,1.2968779404025947,144.31213596888952,2.3113810324450013,144.2279815673828,2.5458314111352007,-0.012612574007813238
2021-12-21,142.08432431968157,143.61489784079916,140.67986484675663,143.14686584472656,19548000,0.0,0.0,143.25198059082032,144.08945541381837,55.49360933511513,-0.37593388010748185,0.019811919005816025,2.338642018242116,0.012773683030386396,0.0,0.0,0.0,0.0,0.0,0.0,0.0,0.0,0.0,20264000.0,43404000.0,27400000.0,0.0,0.0,0.0,0.0,0.0,0.0,0.0,0.0,0.0,0.0,0.0,0.0,0.0,0.0,0.0,0.0,0.0,0.0,0.0,0.0,0.0,0.0,0.0,0.0,142.07606506347656,0.9485046154206729,143.68051147460938,1.8265589553282968,144.41248975481307,2.3455681587597335,-0.01856768615417259
2021-12-22,143.02726685066872,146.2064101742013,142.89127813210706,145.8550567626953,18438000,0.0,0.0,143.168701171875,144.09898300170897,56.53947387601159,-0.19631327570209578,-0.023413119935766336,2.3457737440867326,0.018918967607061354,0.0,0.0,0.0,0.0,0.0,0.0,0.0,0.0,0.0,19548000.0,20264000.0,43404000.0,0.0,0.0,0.0,0.0,0.0,0.0,0.0,0.0,0.0,0.0,0.0,0.0,0.0,0.0,0.0,0.0,0.0,0.0,0.0,0.0,0.0,0.0,0.0,0.0,143.4477793375651,2.2718167341328885,143.7151816231864,1.8710994069246856,144.63740975516183,2.320199249944164,-0.0013150713212272125
2021-12-23,145.9945047260853,147.46657244341813,145.8568954657204,146.047119140625,13818000,0.0,0.0,143.62607421875,144.1200744628906,59.963757549405855,-0.038026478276663056,-0.026335791603945682,2.362059308180722,0.0013168030111028184,0.0,0.0,0.0,0.0,0.0,0.0,0.0,0.0,0.0,18438000.0,19548000.0,20264000.0,0.0,0.0,0.0,0.0,0.0,0.0,0.0,0.0,0.0,0.0,0.0,0.0,0.0,0.0,0.0,0.0,0.0,0.0,0.0,0.0,0.0,0.0,0.0,0.0,145.01634724934897,1.6218639064130544,144.02315412248885,2.0715959758018774,144.96509443010603,2.1549285567473153,-0.00622357245165106
2021-12-27,146.365722157692,147.32155064609307,146.15381057001778,146.9617462158203,13256000,0.0,0.0,144.67044067382812,144.3810173034668,59.34232951103477,0.15938244853407468,0.010807856423658394,2.3738645547263535,0.0062625478720648164,0.0,0.0,0.0,0.0,0.0,0.0,0.0,0.0,0.0,13818000.0,18438000.0,19548000.0,0.0,0.0,0.0,0.0,0.0,0.0,0.0,0.0,0.0,0.0,0.0,0.0,0.0,0.0,0.0,0.0,0.0,0.0,0.0,0.0,0.0,0.0,0.0,0.0,146.28797403971353,0.5913532770057588,144.12176731654577,2.208372673121792,145.26764569963728,2.113327710711488,0.011034340138796672
2021-12-28,147.26997589213676,147.26997589213676,144.84913675445682,145.35781860351562,18624000,0.0,0.0,145.47372131347657,144.39759521484376,46.07119499916348,0.18428259649499523,0.04550280443792576,2.3797581829140313,-0.010913912318034402,0.0,0.0,0.0,0.0,0.0,0.0,0.0,0.0,0.0,13256000.0,13818000.0,18438000.0,0.0,0.0,0.0,0.0,0.0,0.0,0.0,0.0,0.0,0.0,0.0,0.0,0.0,0.0,0.0,0.0,0.0,0.0,0.0,0.0,0.0,0.0,0.0,0.0,146.12222798665366,0.8045973840635369,144.34999084472656,2.246997558477946,145.155029296875,2.0589830993728606,-0.000385420830122829
2021-12-29,145.33942549431936,146.08805256360324,144.42130852958016,145.4138641357422,17022000,0.0,0.0,145.9271209716797,144.5987106323242,44.34340168173806,0.2061620415252321,0.07763465185538704,2.2802275096950386,0.00038556943661505194,0.0,0.0,0.0,0.0,0.0,0.0,0.0,0.0,0.0,18624000.0,13256000.0,13818000.0,0.0,0.0,0.0,0.0,0.0,0.0,0.0,0.0,0.0,0.0,0.0,0.0,0.0,0.0,0.0,0.0,0.0,0.0,0.0,0.0,0.0,0.0,0.0,0.0,145.91114298502603,0.9102805264515287,144.87484087262834,1.9444382323825897,144.9979204450335,1.9372909559693812,0.003438174870672217
2021-12-30,145.3597821288025,145.96772553619093,144.67343202950178,144.91561889648438,12978000,0.0,0.0,145.7392333984375,144.8163040161133,44.59959000314957,0.18120857291555126,0.09834943606741989,2.073160671211664,-0.003426394327797455,0.0,0.0,0.0,0.0,0.0,0.0,0.0,0.0,0.0,17022000.0,18624000.0,13256000.0,0.0,0.0,0.0,0.0,0.0,0.0,0.0,0.0,0.0,0.0,0.0,0.0,0.0,0.0,0.0,0.0,0.0,0.0,0.0,0.0,0.0,0.0,0.0,0.0,145.2291005452474,0.2729255090747904,145.38544137137276,1.181567988307386,144.84878867013114,1.8493960933948819,0.009144491681657874
2021-12-31,144.46051373597544,145.27540100830706,143.60046348908585,143.60244750976562,17298000,0.0,0.0,145.25029907226562,144.86111755371093,40.12444847046021,0.05483866696840778,0.08964728224761746,2.034473340789171,-0.009061627702509956,0.0,0.0,0.0,0.0,0.0,0.0,0.0,0.0,0.0,12978000.0,17022000.0,18624000.0,0.0,0.0,0.0,0.0,0.0,0.0,0.0,0.0,0.0,0.0,0.0,0.0,0.0,0.0,0.0,0.0,0.0,0.0,0.0,0.0,0.0,0.0,0.0,0.0,144.64397684733072,0.9357615082739155,145.45052446637834,1.0420183558201916,144.56551797049386,1.6983709433464067,-0.002722949432362065
2022-01-03,143.39999736768644,144.46650723272887,142.43424852072332,143.99453735351562,25214000,0.0,0.0,144.6568572998047,144.9878677368164,45.63104395740241,-0.01351621388155877,0.06901458302178222,1.8848625526601168,0.002730384130279706,0.0,0.0,0.0,0.0,0.0,0.0,0.0,0.0,0.0,17298000.0,12978000.0,17022000.0,0.0,0.0,0.0,0.0,0.0,0.0,0.0,0.0,0.0,0.0,0.0,0.0,0.0,0.0,0.0,0.0,0.0,0.0,0.0,0.0,0.0,0.0,0.0,0.0,144.17086791992188,0.6741098754734041,145.18473597935267,1.1530077318625547,144.44995880126953,1.6765625075436914,0.004556300899380306
2022-01-04,144.4669915447545,145.51859841995093,142.74554281924932,143.3414306640625,22928000,0.0,0.0,144.25357971191406,145.01863784790038,48.4241477051599,-0.11901625571317709,0.031408415274790366,1.8507087127846,-0.004535635180727082,0.0,0.0,0.0,0.0,0.0,0.0,0.0,0.0,0.0,25214000.0,17298000.0,12978000.0,0.0,0.0,0.0,0.0,0.0,0.0,0.0,0.0,0.0,0.0,0.0,0.0,0.0,0.0,0.0,0.0,0.0,0.0,0.0,0.0,0.0,0.0,0.0,0.0,143.6461385091146,0.32873813974025845,144.79820905412947,1.2639098925874968,144.41068158830916,1.696973644146075,0.049130778273466236
2022-01-05,143.1076566107107,143.22378997601456,136.49971658954954,136.62875366210938,49642000,0.0,0.0,142.4965576171875,144.50335311889648,27.863032893123616,-0.7358008783215553,-0.12203344344447876,2.580154954518468,-0.04682998467962185,0.0,0.0,0.0,0.0,0.0,0.0,0.0,0.0,0.0,22928000.0,25214000.0,17298000.0,0.0,0.0,0.0,0.0,0.0,0.0,0.0,0.0,0.0,0.0,0.0,0.0,0.0,0.0,0.0,0.0,0.0,0.0,0.0,0.0,0.0,0.0,0.0,0.0,141.32157389322916,4.077199820729563,143.3220672607422,3.065696100735331,143.72191728864397,2.6001588013664594,0.0007452415966409109
2022-01-06,136.47390899844703,138.64612392157144,135.74537962129747,136.52700805664062,29050000,0.0,0.0,140.81883544921874,143.94903411865235,31.328912500275706,-1.2187679571168246,-0.34138034617894797,3.028732271919623,-0.0007446866251914486,0.0,0.0,0.0,0.0,0.0,0.0,0.0,0.0,0.0,49642000.0,22928000.0,25214000.0,0.0,0.0,0.0,0.0,0.0,0.0,0.0,0.0,0.0,0.0,0.0,0.0,0.0,0.0,0.0,0.0,0.0,0.0,0.0,0.0,0.0,0.0,0.0,0.0,138.8323974609375,3.9052686670983943,142.0605228969029,3.8139883384825266,143.20525687081474,3.2334650696665745,0.003988830198231819
2022-01-07,136.8783824200505,137.22552547895285,134.77813738055747,135.98458862304688,19408000,0.0,0.0,139.295263671875,143.39809036254883,33.916715774607766,-1.6265418003671357,-0.5984126370165855,3.420705033407732,-0.00397298264508017,0.0,0.0,0.0,0.0,0.0,0.0,0.0,0.0,0.0,29050000.0,49642000.0,22928000.0,0.0,0.0,0.0,0.0,0.0,0.0,0.0,0.0,0.0,0.0,0.0,0.0,0.0,0.0,0.0,0.0,0.0,0.0,0.0,0.0,0.0,0.0,0.0,0.0,136.38011678059897,0.3462945778092799,140.71348353794642,4.087572973264212,142.7941622052874,3.757491892024027,-0.01132618443795086
2022-01-10,134.0932822986299,137.6079224155674,132.14936582642554,137.54241943359375,34096000,0.0,0.0,138.0048400878906,142.89679946899415,40.029714111800345,-1.8032152391051852,-0.8393731574343055,3.510856402466091,0.01145593648751797,0.0,0.0,0.0,0.0,0.0,0.0,0.0,0.0,0.0,19408000.0,29050000.0,49642000.0,0.0,0.0,0.0,0.0,0.0,0.0,0.0,0.0,0.0,0.0,0.0,0.0,0.0,0.0,0.0,0.0,0.0,0.0,0.0,0.0,0.0,0.0,0.0,0.0,136.6846720377604,0.7907924233190688,139.66016932896204,3.7612260211501747,142.5228053501674,3.9998378276523066,-0.010309427762364431
2022-01-11,137.15184349802993,139.28484782473163,135.7950305964755,138.9751739501953,23502000,0.0,0.0,137.1315887451172,142.5649398803711,38.83314000032676,-1.806791330933379,-1.0328567921341203,3.5540812107273037,0.010416819207497596,0.0,0.0,0.0,0.0,0.0,0.0,0.0,0.0,0.0,34096000.0,19408000.0,29050000.0,0.0,0.0,0.0,0.0,0.0,0.0,0.0,0.0,0.0,0.0,0.0,0.0,0.0,0.0,0.0,0.0,0.0,0.0,0.0,0.0,0.0,0.0,0.0,0.0,137.50072733561197,1.4957285258408826,138.99913024902344,3.3354105157315037,142.2248273577009,4.103809666179937,-0.011510715941591032
2022-01-12,140.50071124338535,141.75108348126514,140.06150055892317,140.593505859375,23642000,0.0,0.0,137.9245391845703,142.40004959106446,35.043093913066116,-1.659905195525937,-1.1582664728124836,3.5657868821259577,0.011644755413363628,0.0,0.0,0.0,0.0,0.0,0.0,0.0,0.0,0.0,23502000.0,34096000.0,19408000.0,0.0,0.0,0.0,0.0,0.0,0.0,0.0,0.0,0.0,0.0,0.0,0.0,0.0,0.0,0.0,0.0,0.0,0.0,0.0,0.0,0.0,0.0,0.0,0.0,139.0370330810547,1.5264835434584076,138.51326860700334,2.667248599577306,141.84900229317802,3.9849864460854008,0.018090850930530866
2022-01-13,140.78457782110243,142.1195662707238,137.87986552852726,138.09524536132812,26566000,0.0,0.0,138.23818664550782,141.99123916625976,30.015630584405926,-1.7251986027229407,-1.271652898794575,3.567270332520207,-0.017769387588539742,0.0,0.0,0.0,0.0,0.0,0.0,0.0,0.0,0.0,23642000.0,23502000.0,34096000.0,0.0,0.0,0.0,0.0,0.0,0.0,0.0,0.0,0.0,0.0,0.0,0.0,0.0,0.0,0.0,0.0,0.0,0.0,0.0,0.0,0.0,0.0,0.0,0.0,139.22130839029947,1.2671870426180456,137.76381356375558,1.613335318702489,141.2810113089425,3.9065175727973456,-0.004689398813353396
2022-01-14,136.47640259062064,140.14935527735125,136.47640259062064,138.74588012695312,23826000,0.0,0.0,138.79044494628906,141.74052047729492,29.07451150477283,-1.7047915347195328,-1.3582806259795666,3.612323059254988,0.004711492882485624,0.0,0.0,0.0,0.0,0.0,0.0,0.0,0.0,0.0,26566000.0,23642000.0,23502000.0,0.0,0.0,0.0,0.0,0.0,0.0,0.0,0.0,0.0,0.0,0.0,0.0,0.0,0.0,0.0,0.0,0.0,0.0,0.0,0.0,0.0,0.0,0.0,0.0,139.1448771158854,1.2960421779046392,138.0662602015904,1.562736972776652,140.6941637311663,3.591936632338472,0.025651177420277227
2022-01-18,135.58309932768847,136.36869580726776,134.60741548879085,135.27589416503906,27382000,0.0,0.0,138.33713989257814,141.41731948852538,26.550718424356944,-1.946183264331438,-1.4758611536499409,3.890818444617066,-0.025009650439631104,0.0,0.0,0.0,0.0,0.0,0.0,0.0,0.0,0.0,23826000.0,26566000.0,23642000.0,0.0,0.0,0.0,0.0,0.0,0.0,0.0,0.0,0.0,0.0,0.0,0.0,0.0,0.0,0.0,0.0,0.0,0.0,0.0,0.0,0.0,0.0,0.0,0.0,137.3723398844401,1.8444904148180958,137.88752964564733,1.8187044036580895,139.9740262712751,3.59565668428802,0.004706757515291704
2022-01-19,135.91910329249404,137.36922579670656,134.49130481145914,134.6421661376953,20796000,0.0,0.0,137.4705383300781,141.08235702514648,25.602022802145015,-2.163682914905678,-1.6134255059010882,4.17564265252686,-0.004684707731967275,0.0,0.0,0.0,0.0,0.0,0.0,0.0,0.0,0.0,27382000.0,23826000.0,26566000.0,0.0,0.0,0.0,0.0,0.0,0.0,0.0,0.0,0.0,0.0,0.0,0.0,0.0,0.0,0.0,0.0,0.0,0.0,0.0,0.0,0.0,0.0,0.0,0.0,136.2213134765625,2.209180930199764,137.6957550048828,2.1015816036452497,139.20461927141463,3.493100755431298,0.016070523206868526
2022-01-20,135.49773713281073,136.88532483707263,132.1533143907383,132.5126190185547,21930000,0.0,0.0,135.85436096191407,140.5506446838379,23.840269307389534,-2.4793096715559386,-1.7866023390320582,4.55843747599141,-0.015816346247451096,0.0,0.0,0.0,0.0,0.0,0.0,0.0,0.0,0.0,20796000.0,27382000.0,23826000.0,0.0,0.0,0.0,0.0,0.0,0.0,0.0,0.0,0.0,0.0,0.0,0.0,0.0,0.0,0.0,0.0,0.0,0.0,0.0,0.0,0.0,0.0,0.0,0.0,134.14355977376303,1.447542266536472,136.97721208844865,2.878863514673974,138.31869070870536,3.506060317510909,0.026246832989846647
2022-01-21,132.0217956182451,133.7572836455229,129.03322435158418,129.12353515625,41920000,0.0,0.0,134.06001892089844,139.7140686035156,21.920715504047564,-2.9686956189551665,-2.02302099501668,5.043247419323534,-0.025575555652025406,0.0,0.0,0.0,0.0,0.0,0.0,0.0,0.0,0.0,21930000.0,20796000.0,27382000.0,0.0,0.0,0.0,0.0,0.0,0.0,0.0,0.0,0.0,0.0,0.0,0.0,0.0,0.0,0.0,0.0,0.0,0.0,0.0,0.0,0.0,0.0,0.0,0.0,132.0927734375,2.783168106904438,135.56983511788505,3.9486400825722114,137.28448268345423,3.936618606587515,-0.002147644707187202
2022-01-24,125.08928828805531,129.80492663339794,123.71405910571403,129.4014434814453,55148000,0.0,0.0,132.19113159179688,138.88178482055665,21.573387849925595,-3.2961170433241023,-2.2776402046781645,5.3095808537764855,0.0021522670120441845,0.0,0.0,0.0,0.0,0.0,0.0,0.0,0.0,0.0,41920000.0,21930000.0,20796000.0,0.0,0.0,0.0,0.0,0.0,0.0,0.0,0.0,0.0,0.0,0.0,0.0,0.0,0.0,0.0,0.0,0.0,0.0,0.0,0.0,0.0,0.0,0.0,0.0,130.34586588541666,1.8816010773475444,133.9709690638951,3.83987261207034,136.24211883544922,3.9551983184830637,0.02869337143824091
2022-01-25,127.47939490903455,128.37567262864266,125.43720873064663,125.79204559326172,36008000,0.0,0.0,130.29436187744142,137.82329978942872,19.345308774749498,-3.803010389185374,-2.5827142415796067,5.709129409528908,-0.02789302646922276,0.0,0.0,0.0,0.0,0.0,0.0,0.0,0.0,0.0,55148000.0,41920000.0,21930000.0,0.0,0.0,0.0,0.0,0.0,0.0,0.0,0.0,0.0,0.0,0.0,0.0,0.0,0.0,0.0,0.0,0.0,0.0,0.0,0.0,0.0,0.0,0.0,0.0,128.10567474365234,2.0084740833418255,132.21336909702845,4.410758829607722,134.988591330392,4.29822757786909,-0.01937849500506672
2022-01-26,129.6203024526188,131.81880924230848,126.20690870462221,128.2778778076172,39630000,0.0,0.0,129.0215042114258,136.96930274963378,32.88576857262939,-3.9585098950348083,-2.857873372270647,5.799495903010466,0.019761442010357344,0.0,0.0,0.0,0.0,0.0,0.0,0.0,0.0,0.0,36008000.0,55148000.0,41920000.0,0.0,0.0,0.0,0.0,0.0,0.0,0.0,0.0,0.0,0.0,0.0,0.0,0.0,0.0,0.0,0.0,0.0,0.0,0.0,0.0,0.0,0.0,0.0,0.0,127.82378896077473,1.847047857914275,130.7179401942662,3.5092496545607013,134.3921001979283,4.62047453573484,0.0009215296105680171
2022-01-27,130.38308964820584,131.62275428424127,127.98509008213493,128.15977478027344,30248000,0.0,0.0,128.15093536376952,136.10659828186036,32.86373488734887,-4.04465009245385,-3.0952287163072874,5.760395124955178,-0.0009206811756028443,0.0,0.0,0.0,0.0,0.0,0.0,0.0,0.0,0.0,39630000.0,36008000.0,55148000.0,0.0,0.0,0.0,0.0,0.0,0.0,0.0,0.0,0.0,0.0,0.0,0.0,0.0,0.0,0.0,0.0,0.0,0.0,0.0,0.0,0.0,0.0,0.0,0.0,127.40989939371745,1.4023463448818032,129.70135171072823,2.9559008694429054,133.79444067818778,4.85812163831554,-0.031274130695218894
2022-01-28,129.03223956330555,132.37764718012906,127.73646186739235,132.29725646972656,30518000,0.0,0.0,128.78567962646486,135.47568016052247,43.417566014197064,-3.7359904531824384,-3.223381063682318,5.426116063964675,0.032283777780873324,0.0,0.0,0.0,0.0,0.0,0.0,0.0,0.0,0.0,30248000.0,39630000.0,36008000.0,0.0,0.0,0.0,0.0,0.0,0.0,0.0,0.0,0.0,0.0,0.0,0.0,0.0,0.0,0.0,0.0,0.0,0.0,0.0,0.0,0.0,0.0,0.0,0.0,129.57830301920572,2.3554231001756225,129.36636461530412,2.3792736824922147,133.53105981009347,4.8301229151019305,-0.017752374211107536
2022-01-31,133.19896042261558,134.8322182445075,131.28928764794784,134.68829345703125,34056000,0.0,0.0,129.84304962158203,135.02997245788575,45.052150704027895,-3.2608497174077797,-3.23087479442741,5.078408880540057,0.01807321671747464,0.0,0.0,0.0,0.0,0.0,0.0,0.0,0.0,0.0,30518000.0,30248000.0,39630000.0,0.0,0.0,0.0,0.0,0.0,0.0,0.0,0.0,0.0,0.0,0.0,0.0,0.0,0.0,0.0,0.0,0.0,0.0,0.0,0.0,0.0,0.0,0.0,0.0,131.7151082356771,3.3029625267324363,129.6771752493722,2.935797637550548,133.32719366891044,4.706439613895395,-0.015811033370696448
2022-02-01,136.80890223167307,137.17117531802901,133.56646723761187,136.85206604003906,51204000,0.0,0.0,132.0550537109375,134.6728488922119,46.410407496402414,-2.6788191375448775,-3.120463663050904,4.647695268296629,0.016065038226192208,0.0,0.0,0.0,0.0,0.0,0.0,0.0,0.0,0.0,34056000.0,30518000.0,30248000.0,0.0,0.0,0.0,0.0,0.0,0.0,0.0,0.0,0.0,0.0,0.0,0.0,0.0,0.0,0.0,0.0,0.0,0.0,0.0,0.0,0.0,0.0,0.0,0.0,134.61253865559897,2.278349544715913,130.7812510899135,3.9655412174862863,133.1755431038993,4.541776451591275,-0.06861823297917147
2022-02-02,150.7329542004949,150.96770473418934,144.47389916437257,146.9344482421875,89750000,0.0,0.0,135.78636779785157,134.85249977111818,58.335195360403524,-1.3879918222382344,-2.7739692948883703,5.0522396010931026,0.07367358414010794,0.0,0.0,0.0,0.0,0.0,0.0,0.0,0.0,0.0,51204000.0,34056000.0,30518000.0,0.0,0.0,0.0,0.0,0.0,0.0,0.0,0.0,0.0,0.0,0.0,0.0,0.0,0.0,0.0,0.0,0.0,0.0,0.0,0.0,0.0,0.0,0.0,0.0,139.4916025797526,6.535858139055893,133.2859660557338,7.181687738840877,133.62846755981445,5.544018708031508,0.03775648367716511
2022-02-03,144.21337624420445,148.0076269256047,141.14638281645216,141.58856201171875,56930000,0.0,0.0,138.4721252441406,135.10049018859863,54.272147942189086,-0.7872947722520394,-2.376634390361104,5.261412890244322,-0.036382797188970195,0.0,0.0,0.0,0.0,0.0,0.0,0.0,0.0,0.0,89750000.0,51204000.0,34056000.0,0.0,0.0,0.0,0.0,0.0,0.0,0.0,0.0,0.0,0.0,0.0,0.0,0.0,0.0,0.0,0.0,0.0,0.0,0.0,0.0,0.0,0.0,0.0,0.0,141.79169209798178,5.044259518651719,135.54261125837053,6.911186046134358,133.8779901776995,5.8316721635095625,-0.0025557555882430583
2022-02-04,141.9523394183604,143.45928665249767,138.77666394149236,141.95135498046875,49224000,0.0,0.0,140.40294494628907,135.37170753479003,53.94792677183496,-0.2787504105420169,-1.9570575943972868,5.4743183407525295,0.002562304211550348,0.0,0.0,0.0,0.0,0.0,0.0,0.0,0.0,0.0,56930000.0,89750000.0,51204000.0,0.0,0.0,0.0,0.0,0.0,0.0,0.0,0.0,0.0,0.0,0.0,0.0,0.0,0.0,0.0,0.0,0.0,0.0,0.0,0.0,0.0,0.0,0.0,0.0,143.491455078125,2.987232185548868,137.49596514020647,6.431348480385503,134.10695266723633,6.0945002702463125,0.0293511881064763
2022-02-07,142.63919674097176,142.77567013026248,137.66649778716362,137.90371704101562,44610000,0.0,0.0,141.04602966308593,135.46766395568847,53.1910734363616,-0.20003007205843915,-1.6056520899295172,5.502374419711105,-0.028514260677610648,0.0,0.0,0.0,0.0,0.0,0.0,0.0,0.0,0.0,49224000.0,56930000.0,89750000.0,0.0,0.0,0.0,0.0,0.0,0.0,0.0,0.0,0.0,0.0,0.0,0.0,0.0,0.0,0.0,0.0,0.0,0.0,0.0,0.0,0.0,0.0,0.0,0.0,140.48121134440103,2.239533957664278,138.88795689174108,4.960036686327056,134.29465430123466,6.173229331367054,-0.0019752538361854644
2022-02-08,137.95656098774955,138.79610473280962,135.85407435024604,138.17665100097656,34256000,0.0,0.0,141.31094665527343,135.4993755340576,54.33001230384784,-0.11430253858230799,-1.3073821796600755,5.51676988288541,0.0019791631858607772,0.0,0.0,0.0,0.0,0.0,0.0,0.0,0.0,0.0,44610000.0,49224000.0,56930000.0,0.0,0.0,0.0,0.0,0.0,0.0,0.0,0.0,0.0,0.0,0.0,0.0,0.0,0.0,0.0,0.0,0.0,0.0,0.0,0.0,0.0,0.0,0.0,0.0,139.34390767415366,2.2622354713937316,139.72787039620536,4.0772176936991995,134.54711750575476,6.260195938411027,-0.015835776297448145
2022-02-09,139.80122845046282,141.11711907339395,139.3319998922577,140.39999389648438,28628000,0.0,0.0,140.00405578613282,135.57061653137208,59.64047789564777,0.13152618772676306,-1.019600506182708,5.572930954194097,0.016090583173072437,0.0,0.0,0.0,0.0,0.0,0.0,0.0,0.0,0.0,34256000.0,44610000.0,49224000.0,0.0,0.0,0.0,0.0,0.0,0.0,0.0,0.0,0.0,0.0,0.0,0.0,0.0,0.0,0.0,0.0,0.0,0.0,0.0,0.0,0.0,0.0,0.0,0.0,138.82678731282553,1.3692543418865903,140.5438276018415,3.418970017287015,135.11050142560686,6.415989936266473,0.020566039703038053
2022-02-10,138.461534726937,140.37815974309206,137.02233183946038,137.57070922851562,33018000,0.0,0.0,139.2004852294922,135.4194766998291,60.467950441583625,0.09693024550728069,-0.7962943558447103,5.469569970618327,-0.02015160107524472,0.0,0.0,0.0,0.9656,0.9656,1.0,23.0,1.0,0.0,28628000.0,34256000.0,44610000.0,0.0,0.0,0.0,0.0,0.0,0.0,0.0,0.0,0.0,0.0,0.0,0.0,0.0,0.0,0.0,0.0,0.0,0.0,0.0,0.0,0.0,0.0,0.0,0.0,138.71578470865884,1.4897019162133758,140.64649091448103,3.298299739181694,135.71387100219727,6.203325030790744,0.03334454262315267
2022-02-11,137.71710270951854,138.24638194353167,132.2962577204164,133.13150024414062,38808000,0.0,0.0,137.43651428222657,135.17128944396973,54.19021868062098,-0.28540438883712227,-0.6941163624431927,5.454360291782076,-0.032268562176277826,0.0,0.0,0.0,0.0,0.0,0.0,0.0,0.0,0.0,33018000.0,28628000.0,34256000.0,0.0,0.0,0.0,0.0,0.0,0.0,0.0,0.0,0.0,0.9656,0.0,0.0,0.9656,0.0,0.0,1.0,0.0,0.0,23.0,0.0,0.0,1.0,0.0,0.0,137.03406778971353,3.663841975156626,138.67464120047433,3.027430851805126,135.98030362810408,5.987706812863199,-0.008647414638225714
2022-02-14,132.37267748599484,135.15283598369206,132.30965831855778,134.29278564453125,26792000,0.0,0.0,136.71432800292968,134.94863471984863,60.105256341491426,-0.48906369276426176,-0.6531058285074065,5.391286564107042,0.008722844693111798,0.0,0.0,0.0,0.0,0.0,0.0,0.0,0.0,0.0,38808000.0,33018000.0,28628000.0,0.0,0.0,0.0,0.0,0.0,0.0,0.0,0.0,0.0,0.0,0.9656,0.0,0.0,0.9656,0.0,0.0,1.0,0.0,0.0,23.0,0.0,0.0,1.0,0.0,134.99833170572916,2.302170830996779,137.63238743373327,3.111743846401781,136.58749934605189,5.262126870384874,-0.008249849029036138
2022-02-15,136.44810004456917,136.87340744199346,134.53049103791437,135.40989685058594,26578000,0.0,0.0,136.16097717285157,134.95533485412597,58.76336054189128,-0.5539381658109335,-0.6332722959681119,5.391797921418774,0.008318475193534569,0.0,0.0,0.0,0.0,0.0,0.0,0.0,0.0,0.0,26792000.0,38808000.0,33018000.0,0.0,0.0,0.0,0.0,0.0,0.0,0.0,0.0,0.0,0.0,0.0,0.9656,0.0,0.0,0.9656,0.0,0.0,1.0,0.0,0.0,23.0,0.0,0.0,1.0,134.27806091308594,1.139269672795697,136.69789341517858,2.5255602949689298,137.0969292776925,4.712286748099929,-0.007724326490523015
2022-02-16,135.41485121760454,136.91907211715204,133.81997117282248,136.4639892578125,25610000,0.0,0.0,135.3737762451172,135.04642601013182,59.97425360564984,-0.5143659151620454,-0.6094910198068986,5.401609035003815,0.007784456171543219,0.0,0.0,0.0,0.0,0.0,0.0,0.0,0.0,0.0,26578000.0,26792000.0,38808000.0,0.0,0.0,0.0,0.0,0.0,0.0,0.0,0.0,0.0,0.0,0.0,0.0,0.0,0.0,0.0,0.0,0.0,0.0,0.0,0.0,0.0,0.0,0.0,0.0,135.3888905843099,1.0857542217270255,136.49221801757812,2.4689847027709386,137.6900874546596,3.96402643969221,0.039143337183172644
2022-02-17,135.13644153659638,135.82080754578618,131.2178338894028,131.32354736328125,30968000,0.0,0.0,134.1243438720703,134.98697242736816,48.857985617845294,-0.8875640361244166,-0.6651056230704022,5.437390899823596,-0.03766885258512964,0.0,0.0,0.0,0.0,0.0,0.0,0.0,0.0,0.0,25610000.0,26578000.0,26792000.0,0.0,0.0,0.0,0.0,0.0,0.0,0.0,0.0,0.0,0.0,0.0,0.0,0.0,0.0,0.0,0.0,0.0,0.0,0.0,0.0,0.0,0.0,0.0,0.0,134.3991444905599,2.715188937760355,135.51320321219308,2.9928766738148718,137.62053680419922,4.072969598848628,0.014110722148046984
2022-02-18,132.04713705513697,132.8277811560627,129.3370098366061,129.4962615966797,31858000,0.0,0.0,133.3972961425781,135.00560874938964,43.828921486303805,-1.3156074224064582,-0.7952059829376135,5.416836514619253,-0.013914380195249598,0.0,0.0,0.0,0.0,0.0,0.0,0.0,0.0,0.0,30968000.0,25610000.0,26578000.0,0.0,0.0,0.0,0.0,0.0,0.0,0.0,0.0,0.0,0.0,0.0,0.0,0.0,0.0,0.0,0.0,0.0,0.0,0.0,0.0,0.0,0.0,0.0,0.0,132.4279327392578,3.612763136981381,133.95552716936385,2.8601353505147955,137.24967738560267,4.566924063931592,0.008230223382782453
2022-02-22,129.01734637178785,130.9188410316313,126.79004822871806,128.43917846679688,38906000,0.0,0.0,132.22657470703126,134.95749549865724,39.73055481568541,-1.720302092419729,-0.9802252048340365,5.473213620149136,-0.008163039742221545,0.0,0.0,0.0,0.0,0.0,0.0,0.0,0.0,0.0,31858000.0,30968000.0,25610000.0,0.0,0.0,0.0,0.0,0.0,0.0,0.0,0.0,0.0,0.0,0.0,0.0,0.0,0.0,0.0,0.0,0.0,0.0,0.0,0.0,0.0,0.0,0.0,0.0,129.75299580891928,1.4592225068686027,132.6510227748326,3.0147052100116807,136.64875684465682,5.140709766462607,0.014245347920823992
2022-02-23,130.10271636407296,130.76821149981333,126.55432525792351,126.63521575927734,26432000,0.0,0.0,130.47163848876954,134.999654006958,18.94465608448317,-2.1616718408371014,-1.2165145320346495,5.401679079107422,-0.014045268188832893,0.0,0.0,0.0,0.0,0.0,0.0,0.0,0.0,0.0,38906000.0,31858000.0,30968000.0,0.0,0.0,0.0,0.0,0.0,0.0,0.0,0.0,0.0,0.0,0.0,0.0,0.0,0.0,0.0,0.0,0.0,0.0,0.0,0.0,0.0,0.0,0.0,0.0,128.19021860758463,1.4466795013247093,131.72298213413782,3.7519093906537537,135.19881166730607,4.872153551955909,-0.038353562962831655
2022-02-24,124.06946781385389,132.04664086080683,123.8357243895979,131.6858367919922,43166000,0.0,0.0,129.51600799560546,135.17005195617676,34.711922620281555,-2.07994136942807,-1.3891998995133337,5.229486241435436,0.03988322681358736,0.0,0.0,0.0,0.0,0.0,0.0,0.0,0.0,0.0,26432000.0,38906000.0,31858000.0,0.0,0.0,0.0,0.0,0.0,0.0,0.0,0.0,0.0,0.0,0.0,0.0,0.0,0.0,0.0,0.0,0.0,0.0,0.0,0.0,0.0,0.0,0.0,0.0,128.92007700602213,2.559421957746848,131.35056086948939,3.579747452915553,134.49147415161133,4.583414556814168,-0.013722822034273108
2022-02-25,132.5314781427655,134.38111553073816,130.78408597498338,133.51808166503906,26236000,0.0,0.0,129.95491485595704,135.43796730041504,37.545575985815894,-1.8460425045832949,-1.480568420527326,4.982878304565758,0.01391375805995776,0.0,0.0,0.0,0.0,0.0,0.0,0.0,0.0,0.0,43166000.0,26432000.0,38906000.0,0.0,0.0,0.0,0.0,0.0,0.0,0.0,0.0,0.0,0.0,0.0,0.0,0.0,0.0,0.0,0.0,0.0,0.0,0.0,0.0,0.0,0.0,0.0,0.0,130.61304473876953,3.5646350249734002,131.08030155726843,3.281163616786815,133.8890974862235,4.050808284861315,-0.0027540325806669763
2022-02-28,132.29226359240894,134.63072713591393,131.83643865850954,133.88681030273438,29676000,0.0,0.0,130.83302459716796,135.51744499206544,43.34456174556472,-1.6123366364747085,-1.5069220637168024,4.942661424588441,0.002761638222307239,0.0,0.0,0.0,0.0,0.0,0.0,0.0,0.0,0.0,26236000.0,43166000.0,26432000.0,0.0,0.0,0.0,0.0,0.0,0.0,0.0,0.0,0.0,0.0,0.0,0.0,0.0,0.0,0.0,0.0,0.0,0.0,0.0,0.0,0.0,0.0,0.0,0.0,133.03024291992188,1.1787964538778153,130.71213313511439,2.6626982008432014,133.60217557634627,3.8833759836736745,0.005388675199891058
2022-03-01,133.47887855867887,135.09773354018446,132.3855770645595,133.16920471191406,24640000,0.0,0.0,131.7790298461914,135.44149055480958,41.823856436637676,-1.4681044321077934,-1.4991585373950005,4.967682377224113,-0.0053597930161881635,0.0,0.0,0.0,0.0,0.0,0.0,0.0,0.0,0.0,29676000.0,26236000.0,43166000.0,0.0,0.0,0.0,0.0,0.0,0.0,0.0,0.0,0.0,0.0,0.0,0.0,0.0,0.0,0.0,0.0,0.0,0.0,0.0,0.0,0.0,0.0,0.0,0.0,133.52469889322916,0.35884855688076917,130.97579847063338,2.8200622854726887,133.2445008414132,3.6534337771495333,-0.0043302405054092
2022-03-02,133.6061841875285,134.60593387533228,132.43918607442566,133.7483673095703,23966000,0.0,0.0,133.20166015625,135.28630561828612,38.52301867716982,-1.2921704530089073,-1.457760920517782,4.96977597531869,0.004349073037637874,0.0,0.0,0.0,0.0,0.0,0.0,0.0,0.0,0.0,24640000.0,29676000.0,26236000.0,0.0,0.0,0.0,0.0,0.0,0.0,0.0,0.0,0.0,0.0,0.0,0.0,0.0,0.0,0.0,0.0,0.0,0.0,0.0,0.0,0.0,0.0,0.0,0.0,133.6014607747396,0.3806909422033822,131.58324214390345,2.9049297655180233,132.76938465663366,3.0307529382117493,0.003302014482941429
2022-03-03,134.96624790680133,135.69607992253347,132.43771142497914,133.3081817626953,19780000,0.0,0.0,133.52612915039063,134.60499229431153,41.98442157358979,-1.1747193682461443,-1.4011526100634544,4.156319108772806,-0.0032911470676584287,0.0,0.0,0.0,0.0,0.0,0.0,0.0,0.0,0.0,23966000.0,24640000.0,29676000.0,0.0,0.0,0.0,0.0,0.0,0.0,0.0,0.0,0.0,0.0,0.0,0.0,0.0,0.0,0.0,0.0,0.0,0.0,0.0,0.0,0.0,0.0,0.0,0.0,133.40858459472656,0.3023538905661455,132.2788140433175,2.592786148385206,132.46491840907507,2.708261048327402,0.016545405908505062
2022-03-04,132.38957270479813,133.19999228219936,129.4376977705169,131.13844299316406,24446000,0.0,0.0,133.05020141601562,134.08248634338378,45.902355744676576,-1.2423967464915222,-1.369401437349068,3.8798484155776922,-0.016276111044659314,0.0,0.0,0.0,0.0,0.0,0.0,0.0,0.0,0.0,19780000.0,23966000.0,24640000.0,0.0,0.0,0.0,0.0,0.0,0.0,0.0,0.0,0.0,0.0,0.0,0.0,0.0,0.0,0.0,0.0,0.0,0.0,0.0,0.0,0.0,0.0,0.0,0.0,132.7316640218099,1.3972135711867626,132.92213221958704,1.0714846924184998,132.32255717686243,2.722870153922619,0.04473590064231958
2022-03-07,130.922069039704,130.922069039704,125.46896495743786,125.52305603027344,39178000,0.0,0.0,131.37745056152343,133.261071395874,34.7608327897715,-1.7292130627093059,-1.4413637624211155,3.86524019929587,-0.04282029612920857,0.0,0.0,0.0,0.0,0.0,0.0,0.0,0.0,0.0,24446000.0,19780000.0,23966000.0,0.0,0.0,0.0,0.0,0.0,0.0,0.0,0.0,0.0,0.0,0.0,0.0,0.0,0.0,0.0,0.0,0.0,0.0,0.0,0.0,0.0,0.0,0.0,0.0,129.9898935953776,4.017638604550016,132.04173496791296,3.0188486630450635,131.69614791870117,3.201445108580493,-0.006395463055525075
2022-03-08,125.31065416569866,130.26946451495067,124.9238003801678,126.33100128173828,35250000,0.0,0.0,130.0098098754883,132.68243560791015,34.05223998411107,-2.0264642526467753,-1.5583838604662477,3.997610337933085,0.006436628273852607,0.0,0.0,0.0,0.0,0.0,0.0,0.0,0.0,0.0,39178000.0,24446000.0,19780000.0,0.0,0.0,0.0,0.0,0.0,0.0,0.0,0.0,0.0,0.0,0.0,0.0,0.0,0.0,0.0,0.0,0.0,0.0,0.0,0.0,0.0,0.0,0.0,0.0,127.66416676839192,3.0358096690756775,131.01500919887,3.5994074172654513,131.0476553780692,3.309026482863126,-0.04920954158901536
2022-03-09,130.42180028913822,133.19947477971976,129.11957085055937,132.86944580078125,32258000,0.0,0.0,129.83402557373046,132.41707534790038,44.70594025451363,-1.7146744340969349,-1.5896419751923854,3.7841576170301745,0.05175645291104125,0.0,0.0,0.0,0.0,0.0,0.0,0.0,0.0,0.0,35250000.0,39178000.0,24446000.0,0.0,0.0,0.0,0.0,0.0,0.0,0.0,0.0,0.0,0.0,0.0,0.0,0.0,0.0,0.0,0.0,0.0,0.0,0.0,0.0,0.0,0.0,0.0,0.0,128.2411677042643,4.0285124408849065,130.86967141287667,3.4827727114777156,130.79090227399553,2.979479418815313,0.008923477495957455
2022-03-10,130.4838404498871,132.544389967668,130.42280530507844,131.69427490234375,24266000,0.0,0.0,129.51124420166016,131.98178939819337,50.618217885672436,-1.5446000389933943,-1.5806335879525872,3.2853991451055777,-0.008844553323414162,0.0,0.0,0.0,0.0,0.0,0.0,0.0,0.0,0.0,32258000.0,35250000.0,39178000.0,0.0,0.0,0.0,0.0,0.0,0.0,0.0,0.0,0.0,0.0,0.0,0.0,0.0,0.0,0.0,0.0,0.0,0.0,0.0,0.0,0.0,0.0,0.0,0.0,130.2982406616211,3.485612985272877,130.65896715436662,3.363023889509342,130.8173828125,2.9862173544277137,0.016911376750786467
2022-03-11,133.0019488562682,133.20095673609262,129.32651261001283,129.50418090820312,26600000,0.0,0.0,129.18439178466798,131.57846298217774,50.01304820040427,-1.568456942202772,-1.5781982588026242,3.0498677996658463,-0.016630138217964774,0.0,0.0,0.0,0.0,0.0,0.0,0.0,0.0,0.0,24266000.0,32258000.0,35250000.0,0.0,0.0,0.0,0.0,0.0,0.0,0.0,0.0,0.0,0.0,0.0,0.0,0.0,0.0,0.0,0.0,0.0,0.0,0.0,0.0,0.0,0.0,0.0,0.0,131.35596720377603,1.7079493620968138,130.05265481131417,3.0842452734949695,130.8179484776088,2.9859485883227808,0.02946551508627615
2022-03-14,129.60096695902467,130.05059757638782,125.47193939245228,125.79749298095703,30254000,0.0,0.0,129.2392791748047,131.21176261901854,45.99695850652821,-1.8649642999710352,-1.6355514670363065,3.2851378614385367,-0.028622148731039965,0.0,0.0,0.0,0.0,0.0,0.0,0.0,0.0,0.0,26600000.0,24266000.0,32258000.0,0.0,0.0,0.0,0.0,0.0,0.0,0.0,0.0,0.0,0.0,0.0,0.0,0.0,0.0,0.0,0.0,0.0,0.0,0.0,0.0,0.0,0.0,0.0,0.0,128.99864959716797,2.9807181495279886,128.97969927106584,3.0693301325199935,130.6292566571917,3.221974058335355,-0.022516668496523784
2022-03-15,126.79056119760617,129.5456394607547,125.6257969643007,128.69528198242188,30292000,0.0,0.0,129.7121353149414,130.9318874359131,53.02152826439349,-1.8448548246017253,-1.6774121385493905,3.2470541641434423,0.023035347786330762,0.0,0.0,0.0,0.0,0.0,0.0,0.0,0.0,0.0,30254000.0,26600000.0,24266000.0,0.0,0.0,0.0,0.0,0.0,0.0,0.0,0.0,0.0,0.0,0.0,0.0,0.0,0.0,0.0,0.0,0.0,0.0,0.0,0.0,0.0,0.0,0.0,0.0,127.99898529052734,1.9489755411125582,128.63067626953125,2.9181250864653827,130.77640424455916,3.068942193072949,-0.0301441403297511
2022-03-16,130.02478981722507,132.77515763916549,128.2391862057771,132.6952667236328,32058000,0.0,0.0,129.67729949951172,130.79615592956543,51.527626076374375,-1.4889884491633154,-1.6397274006721756,3.1035830864112115,0.031081051920436975,0.0,0.0,0.0,0.0,0.0,0.0,0.0,0.0,0.0,30292000.0,30254000.0,26600000.0,0.0,0.0,0.0,0.0,0.0,0.0,0.0,0.0,0.0,0.0,0.0,0.0,0.0,0.0,0.0,0.0,0.0,0.0,0.0,0.0,0.0,0.0,0.0,0.0,129.06268056233725,3.463532436498792,129.655277797154,2.904239949247477,130.8485063825335,3.1036140719213146,-0.006760770445037423
2022-03-17,132.32852511869552,133.73646824552316,131.73100158586277,133.59849548339844,23994000,0.0,0.0,130.05814361572266,130.65288124084472,50.12521556322531,-1.1211547958423864,-1.5360128797062178,2.8867259830265035,0.006806789586902173,0.0,0.0,0.0,0.0,0.0,0.0,0.0,0.0,0.0,32058000.0,30292000.0,30254000.0,0.0,0.0,0.0,0.0,0.0,0.0,0.0,0.0,0.0,0.0,0.0,0.0,0.0,0.0,0.0,0.0,0.0,0.0,0.0,0.0,0.0,0.0,0.0,0.0,131.66301472981772,2.60950834317322,130.69349125453405,2.815451390256962,130.85425022670202,3.1090044161835393,-0.01608879069704716
2022-03-18,132.88730459430886,135.89424678718458,131.94239586808345,135.7830810546875,45900000,0.0,0.0,131.31392364501954,130.87585792541503,52.79471524146849,-0.6459204088260719,-1.3579943855301886,3.1052191732583503,0.016351872552041735,0.0,0.0,0.0,0.0,0.0,0.0,0.0,0.0,0.0,23994000.0,32058000.0,30292000.0,0.0,0.0,0.0,0.0,0.0,0.0,0.0,0.0,0.0,0.0,0.0,0.0,0.0,0.0,0.0,0.0,0.0,0.0,0.0,0.0,0.0,0.0,0.0,0.0,134.0256144205729,1.5875995325131431,131.10972486223494,3.354524119718339,130.9896981375558,3.287469412345842,0.002366611960120224
2022-03-21,135.82875016823633,136.55827910815358,133.60938831047434,135.46249389648438,26632000,0.0,0.0,133.246923828125,131.17416954040527,53.41986004998734,-0.291798763142026,-1.1447552610525562,3.2489632619582864,-0.0023610243316986024,0.0,0.0,0.0,0.0,0.0,0.0,0.0,0.0,0.0,45900000.0,23994000.0,32058000.0,0.0,0.0,0.0,0.0,0.0,0.0,0.0,0.0,0.0,0.0,0.0,0.0,0.0,0.0,0.0,0.0,0.0,0.0,0.0,0.0,0.0,0.0,0.0,0.0,134.9480234781901,1.1796666427620541,131.64804186139787,3.7437368941038573,131.15350450788225,3.457176642628952,-0.0270819472279189
2022-03-22,135.48382531877277,140.44660280297688,135.48382531877277,139.2332000732422,29776000,0.0,0.0,135.35450744628906,131.71387062072753,57.46834533061682,0.289769386615518,-0.8578503315189414,3.643319301406303,0.027835794752451903,0.0,0.0,0.0,0.0,0.0,0.0,0.0,0.0,0.0,26632000.0,45900000.0,23994000.0,0.0,0.0,0.0,0.0,0.0,0.0,0.0,0.0,0.0,0.0,0.0,0.0,0.0,0.0,0.0,0.0,0.0,0.0,0.0,0.0,0.0,0.0,0.0,0.0,136.82625834147134,2.09062679754319,133.03790174211775,4.537067839649241,131.54527827671595,4.0361469465556565,0.012808188076599558
2022-03-23,138.10270990614384,138.9826004436537,137.1379456820029,137.47242736816406,25302000,0.0,0.0,136.3099395751953,132.25573120117187,55.473347444488965,0.601651232469294,-0.5659500187212944,3.654108847706971,-0.012646213002013074,0.0,0.0,0.0,0.0,0.0,0.0,0.0,0.0,0.0,29776000.0,26632000.0,45900000.0,0.0,0.0,0.0,0.0,0.0,0.0,0.0,0.0,0.0,0.0,0.0,0.0,0.0,0.0,0.0,0.0,0.0,0.0,0.0,0.0,0.0,0.0,0.0,0.0,137.38937377929688,1.8867245935290076,134.70574951171875,3.4467229051883437,131.8427243913923,4.319552124574859,-0.019874391867781838
2022-03-24,138.235702849934,140.34388386183252,137.01177411450277,140.260009765625,20544000,0.0,0.0,137.64224243164062,132.6844398498535,61.79747895643827,1.0615179270812973,-0.240456429560776,4.0637394726997025,0.020277392716690157,0.0,0.0,0.0,0.0,0.0,0.0,0.0,0.0,0.0,25302000.0,29776000.0,26632000.0,0.0,0.0,0.0,0.0,0.0,0.0,0.0,0.0,0.0,0.0,0.0,0.0,0.0,0.0,0.0,0.0,0.0,0.0,0.0,0.0,0.0,0.0,0.0,0.0,138.9885457356771,1.4098034310942438,136.35785348074776,2.795751153891575,132.49426487513952,4.859348705931305,-0.0014806027997840143
2022-03-25,140.69875446953787,140.90273002012466,138.65954419086196,140.46798706054688,19270000,0.0,0.0,138.5792236328125,133.0319351196289,72.47252858193059,1.4263060569040533,0.09289606773218986,4.420283277373417,0.0014827982350023028,0.0,0.0,0.0,0.0,0.0,0.0,0.0,0.0,0.0,20544000.0,25302000.0,29776000.0,0.0,0.0,0.0,0.0,0.0,0.0,0.0,0.0,0.0,0.0,0.0,0.0,0.0,0.0,0.0,0.0,0.0,0.0,0.0,0.0,0.0,0.0,0.0,0.0,139.40014139811197,1.6726848701246189,137.46824210030692,2.6377156522322753,133.56175994873047,4.851656025580894,-0.0030185468651277025
2022-03-28,139.6371978702013,140.919587238595,138.78723420122037,140.89328002929688,23774000,0.0,0.0,139.665380859375,133.38225860595702,72.15206004002142,1.729781027270576,0.4202730596398671,4.756461434063437,0.003027686077445413,0.0,0.0,0.0,0.0,0.0,0.0,0.0,0.0,0.0,19270000.0,20544000.0,25302000.0,0.0,0.0,0.0,0.0,0.0,0.0,0.0,0.0,0.0,0.0,0.0,0.0,0.0,0.0,0.0,0.0,0.0,0.0,0.0,0.0,0.0,0.0,0.0,0.0,140.5404256184896,0.32278989330509844,138.5103541782924,2.2693327222830244,134.6019227164132,4.7419692120375885,-0.009074983172614681
2022-03-29,142.0947671698026,143.08930681887722,141.42328971717996,142.18359375,28678000,0.0,0.0,140.25545959472657,133.83297805786134,66.86076606699427,2.0507647222033256,0.7463713921525588,5.146330987220134,0.009158092709849797,0.0,0.0,0.0,0.0,0.0,0.0,0.0,0.0,0.0,23774000.0,19270000.0,20544000.0,0.0,0.0,0.0,0.0,0.0,0.0,0.0,0.0,0.0,0.0,0.0,0.0,0.0,0.0,0.0,0.0,0.0,0.0,0.0,0.0,0.0,0.0,0.0,0.0,141.1816202799479,0.8934101260522812,139.42471313476562,2.276749516964414,135.26721899850028,5.118632085143378,0.004244857366132226
2022-03-30,141.80641153610736,142.41237084004507,141.10964163515865,141.5825958251953,21046000,0.0,0.0,141.0774932861328,134.22468948364258,68.28015498785349,2.23093428152859,1.043283970027765,5.429889936413458,-0.004226914716063623,0.0,0.0,0.0,0.0,0.0,0.0,0.0,0.0,0.0,28678000.0,23774000.0,19270000.0,0.0,0.0,0.0,0.0,0.0,0.0,0.0,0.0,0.0,0.0,0.0,0.0,0.0,0.0,0.0,0.0,0.0,0.0,0.0,0.0,0.0,0.0,0.0,0.0,141.55315653483072,0.6456604202838475,140.29901341029577,1.5656734327912272,135.9735276358468,5.267746387009013,0.021446423187121866
2022-03-31,141.38806838856462,141.58260845238024,138.57963380751463,138.6099090576172,29516000,0.0,0.0,140.74747314453126,134.48977584838866,66.36002903804884,2.1095316097227226,1.2565334979667566,5.5115913186075165,-0.020996131270600182,0.0,0.0,0.0,0.0,0.0,0.0,0.0,0.0,0.0,21046000.0,28678000.0,23774000.0,0.0,0.0,0.0,0.0,0.0,0.0,0.0,0.0,0.0,0.0,0.0,0.0,0.0,0.0,0.0,0.0,0.0,0.0,0.0,0.0,0.0,0.0,0.0,0.0,140.79203287760416,1.91351715454039,140.20997183663505,1.6517473788287762,136.6239367893764,4.960727202837668,-0.007466341967727552
2022-04-01,138.9677371990809,139.9007421085087,137.76376951394738,139.65260314941406,23480000,0.0,0.0,140.5843963623047,134.91548385620118,77.52831403085023,2.073553186317639,1.4199374356369332,5.567641218774947,0.007522507581787963,0.0,0.0,0.0,0.0,0.0,0.0,0.0,0.0,0.0,29516000.0,21046000.0,28678000.0,0.0,0.0,0.0,0.0,0.0,0.0,0.0,0.0,0.0,0.0,0.0,0.0,0.0,0.0,0.0,0.0,0.0,0.0,0.0,0.0,0.0,0.0,0.0,0.0,139.94836934407553,1.508252262044199,140.52142551967077,1.1907352616981692,137.61358751569475,3.9042757773693273,-0.020484659408637418
2022-04-04,139.77613592513214,142.97142397126512,139.77613592513214,142.5731658935547,19076000,0.0,0.0,140.92037353515624,135.76798934936522,77.54863183861093,2.2547140913155204,1.5868927667726507,5.35508134235471,0.020913056242968242,0.0,0.0,0.0,0.0,0.0,0.0,0.0,0.0,0.0,23480000.0,29516000.0,21046000.0,0.0,0.0,0.0,0.0,0.0,0.0,0.0,0.0,0.0,0.0,0.0,0.0,0.0,0.0,0.0,0.0,0.0,0.0,0.0,0.0,0.0,0.0,0.0,0.0,140.27855936686197,2.0544383846983996,140.85187639508928,1.4073627037012355,138.60486493791853,3.1558031113242744,0.018285863621235077
2022-04-05,142.33201773142036,142.52109041196036,139.89429172680056,140.01290893554688,19256000,0.0,0.0,140.48623657226562,136.45208473205565,65.40670087029713,2.16671750352333,1.7028577141227865,4.944235857800893,-0.017957495310999105,0.0,0.0,0.0,0.0,0.0,0.0,0.0,0.0,0.0,19076000.0,23480000.0,29516000.0,0.0,0.0,0.0,0.0,0.0,0.0,0.0,0.0,0.0,0.0,0.0,0.0,0.0,0.0,0.0,0.0,0.0,0.0,0.0,0.0,0.0,0.0,0.0,0.0,140.74622599283853,1.5923997976329007,140.786865234375,1.4382239567425623,139.12755366734095,2.670387473204652,0.028336076418781886
2022-04-06,138.12553913653198,138.80742138904358,135.4025688311033,136.15481567382812,23574000,0.0,0.0,139.4006805419922,136.616353225708,54.78655897235166,1.765314247155601,1.7153490207293496,4.873004479863784,-0.02755526823240828,0.0,0.0,0.0,0.0,0.0,0.0,0.0,0.0,0.0,19256000.0,19076000.0,23480000.0,0.0,0.0,0.0,0.0,0.0,0.0,0.0,0.0,0.0,0.0,0.0,0.0,0.0,0.0,0.0,0.0,0.0,0.0,0.0,0.0,0.0,0.0,0.0,0.0,139.5802968343099,3.2309704127967662,140.10994175502233,2.2600851806581344,139.31014796665735,2.3287916580242265,0.005210328822656818
2022-04-07,135.60094228983345,136.6763874321698,133.85330796369908,135.44908142089844,19448000,0.0,0.0,138.76851501464844,136.80409355163573,49.33793963693601,1.3744090859824496,1.6471610337799698,4.744015733976186,-0.00518332201058791,0.0,0.0,0.0,0.0,0.0,0.0,0.0,0.0,0.0,23574000.0,19256000.0,19076000.0,0.0,0.0,0.0,0.0,0.0,0.0,0.0,0.0,0.0,0.0,0.0,0.0,0.0,0.0,0.0,0.0,0.0,0.0,0.0,0.0,0.0,0.0,0.0,0.0,137.20560201009116,2.4566734295023753,139.14786856515067,2.6328819077907646,139.28629084995814,2.369066405298918,0.018315425495974313
2022-04-08,135.2357242722811,135.2357242722811,132.75681864876051,133.0128936767578,16434000,0.0,0.0,137.4405731201172,136.9795291900635,45.52009354009639,0.8581418138955996,1.489357189803096,4.519413906022105,-0.017986004176509307,0.0,0.0,0.0,0.0,0.0,0.0,0.0,0.0,0.0,19448000.0,23574000.0,19256000.0,0.0,0.0,0.0,0.0,0.0,0.0,0.0,0.0,0.0,0.0,0.0,0.0,0.0,0.0,0.0,0.0,0.0,0.0,0.0,0.0,0.0,0.0,0.0,0.0,134.87226359049478,1.6484712815277947,137.92362540108817,3.235506751122745,139.11131940569197,2.73534784861941,0.032466348826172275
2022-04-11,131.91064286590625,131.94955087865642,128.65257765810549,128.8302459716797,24188000,0.0,0.0,134.69198913574218,137.13116683959962,31.257154670645974,0.11022100813590896,1.2135299534696586,4.161160912669872,-0.03144543051023774,0.0,0.0,0.0,0.0,0.0,0.0,0.0,0.0,0.0,16434000.0,19448000.0,23574000.0,0.0,0.0,0.0,0.0,0.0,0.0,0.0,0.0,0.0,0.0,0.0,0.0,0.0,0.0,0.0,0.0,0.0,0.0,0.0,0.0,0.0,0.0,0.0,0.0,132.4307403564453,3.3475995193901964,136.52653067452567,4.679146504873485,138.36825125558036,3.8751989952556234,0.01107703472358601
2022-04-12,131.4376768015056,131.4376768015056,126.62626754817043,127.4188232421875,23004000,0.0,0.0,132.1731719970703,137.06734390258788,31.655647725001074,-0.5896050375684752,0.8529029552620319,4.304672737523331,-0.010955678294695348,0.0,0.0,0.0,0.8249,0.8248999999999999,1.0,1805.0,1.0,0.0,24188000.0,16434000.0,19448000.0,0.0,0.0,0.0,0.0,0.0,0.0,0.0,0.0,0.0,0.0,0.0,0.0,0.0,0.0,0.0,0.0,0.0,0.0,0.0,0.0,0.0,0.0,0.0,0.0,129.75398763020834,2.9091888896235334,134.77884783063615,5.525150229925227,137.65013667515345,4.860286537622213,-0.014671628793867963
2022-04-13,127.66895485008241,129.68309949549987,127.48245689037394,129.31610107421875,19542000,0.0,0.0,130.80542907714843,136.89838562011718,29.360575539568345,-0.9798328527296292,0.48635579366369974,4.5449202915114135,0.014890090676987766,0.0,0.0,0.0,0.0,0.0,0.0,0.0,0.0,0.0,23004000.0,24188000.0,16434000.0,0.0,0.0,0.0,0.0,0.0,0.0,0.0,0.0,0.0,0.8249,0.0,0.0,0.8248999999999999,0.0,0.0,1.0,0.0,0.0,1805.0,0.0,0.0,1.0,0.0,0.0,128.52172342936197,0.9855482800541082,132.8849814278739,4.603382973019074,136.86842891148157,5.270971165964507,0.02383435137572687
2022-04-14,129.67690954398194,129.73720257654543,126.16524553120074,126.3056869506836,23484000,0.0,0.0,128.97675018310548,136.53374519348145,25.844274853662668,-1.5145477052008118,0.08617509389079742,5.084167613079887,-0.023279499602353315,0.0,0.0,0.0,0.0,0.0,0.0,0.0,0.0,0.0,19542000.0,23004000.0,24188000.0,0.0,0.0,0.0,0.0,0.0,0.0,0.0,0.0,0.0,0.0,0.8249,0.0,0.0,0.8248999999999999,0.0,0.0,1.0,0.0,0.0,1805.0,0.0,0.0,1.0,0.0,127.68020375569661,1.5221327565052825,130.9268068586077,3.932459801332956,135.85683604649134,5.85378903288938,-0.005532926855713716
2022-04-18,126.46152213425574,127.75383156115618,125.63616186935936,127.00841522216797,14918000,0.0,0.0,127.7758544921875,136.09501190185546,26.539510169039247,-1.8601659445375844,-0.30309311379487897,5.512880240755963,0.005563710458728277,0.0,0.0,0.0,0.0,0.0,0.0,0.0,0.0,0.0,23484000.0,19542000.0,23004000.0,0.0,0.0,0.0,0.0,0.0,0.0,0.0,0.0,0.0,0.0,0.0,0.8249,0.0,0.0,0.8248999999999999,0.0,0.0,1.0,0.0,0.0,1805.0,0.0,0.0,1.0,127.54340108235677,1.5748986322129168,129.62017822265625,3.387629668688762,134.86505998883928,6.1056537806138795,-0.019688903210275388
2022-04-19,127.12355399812398,129.92926255751522,126.50271445824443,129.55929565429688,22720000,0.0,0.0,127.92166442871094,135.7998519897461,29.540939338412585,-1.9062619557622043,-0.623726882188344,5.703268881673262,0.020084341873464195,0.0,0.0,0.0,0.0,0.0,0.0,0.0,0.0,0.0,14918000.0,23484000.0,19542000.0,0.0,0.0,0.0,0.0,0.0,0.0,0.0,0.0,0.0,0.0,0.0,0.0,0.0,0.0,0.0,0.0,0.0,0.0,0.0,0.0,0.0,0.0,0.0,0.0,127.62446594238281,1.7120546914350034,128.7787802559989,2.233388645745542,133.96332441057478,5.8693042778009055,0.017821347785277775
2022-04-20,130.30668046770282,130.94141572489315,126.94197022406631,127.29080200195312,22610000,0.0,0.0,127.89606018066407,135.20273208618164,28.026201697043405,-2.1016157378971343,-0.9193046533301021,5.944937040276812,-0.017509308312363525,0.0,0.0,0.0,0.0,0.0,0.0,0.0,0.0,0.0,22720000.0,14918000.0,23484000.0,0.0,0.0,0.0,0.0,0.0,0.0,0.0,0.0,0.0,0.0,0.0,0.0,0.0,0.0,0.0,0.0,0.0,0.0,0.0,0.0,0.0,0.0,0.0,0.0,127.95283762613933,1.3983798198354078,127.96133858816964,1.2607561038394997,132.9424819946289,5.682044013581034,0.026477211441289672
2022-04-21,128.3870892297922,129.33745043299507,123.72207277353803,124.00743103027344,30158000,0.0,0.0,126.834326171875,134.52948226928712,27.760984050451825,-2.4926419895853087,-1.2339721205811436,6.417989497394468,-0.02579425158802373,0.0,0.0,0.0,0.0,0.0,0.0,0.0,0.0,0.0,22610000.0,22720000.0,14918000.0,0.0,0.0,0.0,0.0,0.0,0.0,0.0,0.0,0.0,0.0,0.0,0.0,0.0,0.0,0.0,0.0,0.0,0.0,0.0,0.0,0.0,0.0,0.0,0.0,126.95250956217448,2.791349410586023,127.27236502511161,1.8749501620635909,131.89944784981864,5.897832961087086,0.04450569597696452
2022-04-22,124.06946312059551,124.51810175234476,118.25358587523252,118.72355651855469,46410000,0.0,0.0,125.31790008544922,133.4526596069336,21.772392137299676,-3.192101071021284,-1.6255979106691718,7.168713446611245,-0.042609337745484144,0.0,0.0,0.0,0.0,0.0,0.0,0.0,0.0,0.0,30158000.0,22610000.0,22720000.0,0.0,0.0,0.0,0.0,0.0,0.0,0.0,0.0,0.0,0.0,0.0,0.0,0.0,0.0,0.0,0.0,0.0,0.0,0.0,0.0,0.0,0.0,0.0,0.0,123.34059651692708,4.32237492524015,126.03018406459263,3.727202050757771,130.40451594761439,6.411545073968828,-0.02950101419675888
2022-04-25,118.54042678238903,122.36028045188054,117.88509406779022,122.33248901367188,34522000,0.0,0.0,124.38271484375,132.54588470458984,23.198479791163223,-3.415841051783474,-1.9836465388920326,7.378550554369308,0.030397779521986967,0.0,0.0,0.0,0.0,0.0,0.0,0.0,0.0,0.0,46410000.0,30158000.0,22610000.0,0.0,0.0,0.0,0.0,0.0,0.0,0.0,0.0,0.0,0.0,0.0,0.0,0.0,0.0,0.0,0.0,0.0,0.0,0.0,0.0,0.0,0.0,0.0,0.0,121.68782552083333,2.7002825274675435,125.03252519880023,3.6345711890821217,128.95875331333704,5.698995836325895,0.03132901099182406
2022-04-26,121.83620979526796,121.83620979526796,118.27477110564347,118.6163558959961,49394000,0.0,0.0,122.19412689208984,131.4320384979248,22.509446024690533,-3.8486526124598015,-2.3566477536055865,7.725408706833487,-0.030377319611803788,0.0,0.0,0.0,0.0,0.0,0.0,0.0,0.0,0.0,34522000.0,46410000.0,30158000.0,0.0,0.0,0.0,0.0,0.0,0.0,0.0,0.0,0.0,0.0,0.0,0.0,0.0,0.0,0.0,0.0,0.0,0.0,0.0,0.0,0.0,0.0,0.0,0.0,119.89080047607422,2.1152435271962693,123.93404933384487,4.288752527748204,127.43042809622628,5.365782847039371,0.0389973440458089
2022-04-27,113.5215743269173,116.62529491474741,112.28212160640726,114.16425323486328,62238000,0.0,0.0,119.56881713867188,130.03107147216798,22.171031581207643,-4.499044188664556,-2.7851270406173807,8.199111471348521,-0.03753363208221017,0.0,0.0,0.0,0.0,0.0,0.0,0.0,0.0,0.0,49394000.0,34522000.0,46410000.0,0.0,0.0,0.0,0.0,0.0,0.0,0.0,0.0,0.0,0.0,0.0,0.0,0.0,0.0,0.0,0.0,0.0,0.0,0.0,0.0,0.0,0.0,0.0,0.0,118.37103271484375,4.089640147000696,122.0991690499442,5.366409104672392,125.85967363630023,5.815270448908415,-0.03677196037924457
2022-04-28,116.24315487819466,119.54191521421045,114.28672854739176,118.5225601196289,36790000,0.0,0.0,118.47184295654297,128.87806968688966,30.392222194137233,-4.609667875069704,-3.1500352075078455,8.110107422898848,0.03817575783375493,0.0,0.0,0.0,0.7506,0.7506,1.0,414.0,1.0,0.0,62238000.0,49394000.0,34522000.0,0.0,0.0,0.0,0.0,0.0,0.0,0.0,0.0,0.0,0.0,0.0,0.0,0.0,0.0,0.0,0.0,0.0,0.0,0.0,0.0,0.0,0.0,0.0,0.0,117.10105641682942,2.543778510232482,120.52249254499164,4.330653548654126,124.65063640049526,5.413924452405741,0.03866344679655831
2022-04-29,116.70271177765589,118.07441987705411,113.84017860145767,114.11064910888672,33694000,0.0,0.0,117.54926147460938,127.65310668945312,29.06194703428254,-4.99575434390708,-3.519179034787693,8.407579074221426,-0.03722422976932904,0.0,0.0,0.0,0.0,0.0,0.0,0.0,0.0,0.0,36790000.0,62238000.0,49394000.0,0.0,0.0,0.0,0.0,0.0,0.0,0.0,0.0,0.0,0.7506,0.0,0.0,0.7506,0.0,0.0,1.0,0.0,0.0,414.0,0.0,0.0,1.0,0.0,0.0,115.59915415445964,2.531885696170056,118.63961356026786,3.719597903827667,123.30047607421875,5.523936990341218,-0.018697142908130848
2022-05-02,113.05854526741946,116.46598758247436,112.55531578188786,116.28484344482422,30280000,0.0,0.0,116.33973236083985,126.48471870422364,35.45630650288044,-5.067872065127574,-3.8289176408556695,8.27490567961012,0.019053386804090744,0.0,0.0,0.0,0.0,0.0,0.0,0.0,0.0,0.0,33694000.0,36790000.0,62238000.0,0.0,0.0,0.0,0.0,0.0,0.0,0.0,0.0,0.0,0.0,0.7506,0.0,0.0,0.7506,0.0,0.0,1.0,0.0,0.0,414.0,0.0,0.0,1.0,0.0,116.30601755777995,2.206031719847037,117.53638676234654,2.921876215969386,122.40437589372907,5.575214704078876,-0.008232386816312443
2022-05-03,115.8957475733794,118.41187951409061,115.75877442356183,117.25009155273438,21216000,0.0,0.0,116.0664794921875,125.21856498718262,38.088319933651015,-4.989621176391523,-4.06105834796284,7.592879341101632,0.008300721567107372,0.0,0.0,0.0,0.0,0.0,0.0,0.0,0.0,0.0,30280000.0,33694000.0,36790000.0,0.0,0.0,0.0,0.0,0.0,0.0,0.0,0.0,0.0,0.0,0.0,0.7506,0.0,0.0,0.7506,0.0,0.0,1.0,0.0,0.0,414.0,0.0,0.0,1.0,115.88186136881511,1.60804870254173,117.32589176722935,2.8747927358591703,121.67803791591099,5.533918321104795,-0.036267661189117506
2022-05-04,117.12504284413512,122.2262785018127,114.8769048965248,121.66250610351562,33232000,0.0,0.0,117.56613006591797,124.30104484558106,41.533447529203336,-4.519464234711037,-4.15273952531248,6.775810671245599,0.037632504097420805,0.0,0.0,0.0,0.0,0.0,0.0,0.0,0.0,0.0,21216000.0,30280000.0,33694000.0,0.0,0.0,0.0,0.0,0.0,0.0,0.0,0.0,0.0,0.0,0.0,0.0,0.0,0.0,0.0,0.0,0.0,0.0,0.0,0.0,0.0,0.0,0.0,0.0,118.3991470336914,2.867064751868828,117.23017992292132,2.6852275589014822,121.13135256086078,5.080819134015372,0.04992433970317767
2022-05-05,119.32554082473231,120.33075791991476,114.32505073378451,115.87740325927734,43090000,0.0,0.0,117.03709869384765,123.28717422485352,39.13124792462096,-4.561093476128974,-4.234410315475779,6.416294129681701,-0.04755041655410308,0.0,0.0,0.0,0.0,0.0,0.0,0.0,0.0,0.0,33232000.0,21216000.0,30280000.0,0.0,0.0,0.0,0.0,0.0,0.0,0.0,0.0,0.0,0.0,0.0,0.0,0.0,0.0,0.0,0.0,0.0,0.0,0.0,0.0,0.0,0.0,0.0,0.0,118.26333363850911,3.0227220138299105,116.83890097481864,2.648883683909024,120.38647515433175,5.028028011662351,0.009393873861611945
2022-05-06,114.65903919632449,116.62380302401284,113.29328309746134,114.79899597167969,35310000,0.0,0.0,117.17476806640624,122.25466995239258,37.37375634127679,-4.627757497605174,-4.313079751901658,6.004488052907268,-0.009306450241939768,0.0,0.0,0.0,0.0,0.0,0.0,0.0,0.0,0.0,43090000.0,33232000.0,21216000.0,0.0,0.0,0.0,0.0,0.0,0.0,0.0,0.0,0.0,0.0,0.0,0.0,0.0,0.0,0.0,0.0,0.0,0.0,0.0,0.0,0.0,0.0,0.0,0.0,117.44630177815755,3.6909381943296813,116.92957850864956,2.551124706486268,119.51437377929688,4.846694638590303,0.0227796672658227
2022-05-09,112.46002063431037,114.70260017288746,111.71361991439238,112.24215698242188,34520000,0.0,0.0,116.36623077392578,121.21613311767578,32.093868283993615,-4.831213530695649,-4.416706507660456,5.839806782589942,-0.022272311422380175,0.0,0.0,0.0,0.0,0.0,0.0,0.0,0.0,0.0,35310000.0,43090000.0,33232000.0,0.0,0.0,0.0,0.0,0.0,0.0,0.0,0.0,0.0,0.0,0.0,0.0,0.0,0.0,0.0,0.0,0.0,0.0,0.0,0.0,0.0,0.0,0.0,0.0,114.30618540445964,1.8670566581441266,116.03237806047711,2.967854815925943,118.27743530273438,4.2601939509415,-0.013095177880694253
2022-05-10,115.17664575210966,115.82230820260246,112.53923091909382,113.73149108886719,31158000,0.0,0.0,115.66251068115234,120.46119537353516,35.749892878402235,-4.816752562025073,-4.49671571853338,5.779319089819215,0.013268936970612266,0.0,0.0,0.0,0.9867,0.9867,1.0,58.0,1.0,0.0,34520000.0,35310000.0,43090000.0,0.0,0.0,0.0,0.0,0.0,0.0,0.0,0.0,0.0,0.0,0.0,0.0,0.0,0.0,0.0,0.0,0.0,0.0,0.0,0.0,0.0,0.0,0.0,0.0,113.59088134765625,1.2842058747488283,115.97821262904576,3.011906226005318,117.3089130946568,3.5326239788876026,0.005471236885617348
2022-05-11,112.86399400792115,115.80244983809844,112.80394330481138,113.11262512207031,36502000,0.0,0.0,113.95253448486328,119.74588546752929,37.87085108674491,-4.7998992014490085,-4.557352415116506,5.7581502313379795,-0.005441465339738771,0.0,0.0,0.0,0.0,0.0,0.0,0.0,0.0,0.0,31158000.0,34520000.0,35310000.0,0.0,0.0,0.0,0.0,0.0,0.0,0.0,0.0,0.0,0.9867,0.0,0.0,0.9867,0.0,0.0,1.0,0.0,0.0,58.0,0.0,0.0,1.0,0.0,0.0,113.0287577311198,0.7482007248082362,115.52503858293805,3.1913810222741152,116.5307126726423,3.119331362651978,0.00706950539138429
2022-05-12,111.10469317220583,114.00146192853805,109.29377443536994,112.31858825683594,41464000,0.0,0.0,113.240771484375,118.89600982666016,42.07733991170536,-4.795337267723525,-4.6049493856379105,5.52077193613307,-0.007019878323727857,0.0,0.0,0.0,0.0,0.0,0.0,0.0,0.0,0.0,36502000.0,31158000.0,34520000.0,0.0,0.0,0.0,0.0,0.0,0.0,0.0,0.0,0.0,0.0,0.9867,0.0,0.0,0.9867,0.0,0.0,1.0,0.0,0.0,58.0,0.0,0.0,1.0,0.0,113.05423482259114,0.7082589028703037,114.82053811209542,3.2899023928587154,116.07321493966239,3.240324478676658,-0.02879023284445259
2022-05-13,113.99055094754328,117.20593702410864,113.15134796410668,115.64812469482422,29738000,0.0,0.0,113.41059722900391,118.36313171386719,41.67419138356404,-4.471511338637839,-4.5782617762378965,5.27689000179854,0.029643681332378602,0.0,0.0,0.0,0.0,0.0,0.0,0.0,0.0,0.0,41464000.0,36502000.0,31158000.0,0.0,0.0,0.0,0.0,0.0,0.0,0.0,0.0,0.0,0.0,0.0,0.9867,0.0,0.0,0.9867,0.0,0.0,1.0,0.0,0.0,58.0,0.0,0.0,1.0,113.69311269124348,1.7390162697473477,113.96134076799665,1.5080660656824034,115.59576034545898,2.6933942666309956,0.015009633003072897
2022-05-16,114.52505381567822,115.73944127683532,113.48385927337003,113.93795776367188,23282000,0.0,0.0,113.7497573852539,117.70960884094238,43.86624076270605,-4.303267743820584,-4.523262969754434,4.949030677938871,-0.014787675422019864,0.0,0.0,0.0,-0.8537,0.0,1.0,0.0,0.0,0.0,29738000.0,41464000.0,36502000.0,0.0,0.0,0.0,0.0,0.0,0.0,0.0,0.0,0.0,0.0,0.0,0.0,0.0,0.0,0.0,0.0,0.0,0.0,0.0,0.0,0.0,0.0,0.0,0.0,113.96822357177734,1.6649745455494964,113.6842771257673,1.254158483622802,115.26158905029297,2.5775326654476007,-0.01635785791310851
2022-05-17,116.3548183956085,116.3548183956085,114.47888882248881,115.83273315429688,21576000,0.0,0.0,114.17000579833984,117.02328071594238,52.344744607455155,-3.971262699696595,-4.412862915742866,4.097828996699531,0.01662988724578618,0.0,0.0,0.0,0.9995,0.9995,1.0,744.0,1.0,0.0,23282000.0,29738000.0,41464000.0,0.0,0.0,0.0,0.0,0.0,0.0,0.0,0.0,0.0,-0.8537,0.0,0.0,0.0,0.0,0.0,1.0,0.0,0.0,0.0,0.0,0.0,0.0,0.0,0.0,115.13960520426433,1.0447427910441025,113.83195386614118,1.4524741693525653,115.38076618739537,2.561414653819937,0.03826026896077739
2022-05-18,114.37964107756378,114.83437565155293,111.30718016760673,111.56425476074219,27982000,0.0,0.0,113.86033172607422,116.23695335388183,40.19661819287974,-4.006393631567377,-4.331569058907768,3.487304824585779,-0.03685036411830833,0.0,0.0,0.0,0.0,0.0,0.0,0.0,0.0,0.0,21576000.0,23282000.0,29738000.0,0.0,0.0,0.0,0.0,0.0,0.0,0.0,0.0,0.0,0.9995,-0.8537,0.0,0.9995,0.0,0.0,1.0,1.0,0.0,744.0,0.0,0.0,1.0,0.0,0.0,113.77831522623698,2.1387125224955827,113.73511069161552,1.5920344517732197,114.88374437604632,2.5799142233535415,0.01494873356550297
2022-05-19,111.00842338816487,112.741920008228,109.64564334675333,109.92107391357422,29192000,0.0,0.0,113.38082885742188,115.53263549804687,43.59795110558969,-4.119340912077064,-4.289123429541628,3.2497233954863107,-0.01472856024263225,0.0,0.0,0.0,0.0,0.0,0.0,0.0,0.0,0.0,27982000.0,21576000.0,23282000.0,0.0,0.0,0.0,0.0,0.0,0.0,0.0,0.0,0.0,0.0,0.9995,-0.8537,0.0,0.9995,0.0,0.0,1.0,1.0,0.0,744.0,0.0,0.0,1.0,0.0,112.4393539428711,3.05143862440768,113.19076538085938,2.147871927246859,114.58448900495257,2.899656679218762,0.013104508033175533
2022-05-20,111.25110445801242,111.71214700448216,105.58112851026546,108.4992446899414,37586000,0.0,0.0,111.95105285644532,115.02141990661622,37.82290702597384,-4.274310589437675,-4.2861608615208375,3.5147293260928185,-0.012935001205962804,0.0,0.0,0.0,0.0,0.0,0.0,0.0,0.0,0.0,29192000.0,27982000.0,21576000.0,0.0,0.0,0.0,0.0,0.0,0.0,0.0,0.0,0.0,0.0,0.0,0.9995,0.0,0.0,0.9995,0.0,0.0,1.0,0.0,0.0,744.0,0.0,0.0,1.0,109.99485778808594,1.533836604280473,112.53171103341239,2.788186834909591,114.02837480817523,3.2712433098555813,-0.021075978399977102
2022-05-23,109.28433696899042,111.17168590606096,108.34166208341611,110.835205078125,31558000,0.0,0.0,111.33050231933593,114.44655570983886,40.37928509313927,-4.160671068204849,-4.26106290285764,3.1803376904914575,0.021529738707942947,0.0,0.0,0.0,0.0,0.0,0.0,0.0,0.0,0.0,37586000.0,29192000.0,27982000.0,0.0,0.0,0.0,0.0,0.0,0.0,0.0,0.0,0.0,0.0,0.0,0.0,0.0,0.0,0.0,0.0,0.0,0.0,0.0,0.0,0.0,0.0,0.0,0.0,109.75184122721355,1.1771395458440663,112.3197991507394,2.8624662901794835,113.57016863141742,3.2343226592814904,0.054193304097498896
2022-05-24,105.58559764452096,105.60296161430037,101.44713436310151,105.13745880126953,60386000,0.0,0.0,109.19144744873047,113.77261085510254,26.136605769025252,-4.478743270883214,-4.304598976462755,3.6444942397063342,-0.05140736892072573,0.0,0.0,0.0,0.0,0.0,0.0,0.0,0.0,0.0,31558000.0,37586000.0,29192000.0,0.0,0.0,0.0,0.0,0.0,0.0,0.0,0.0,0.0,0.0,0.0,0.0,0.0,0.0,0.0,0.0,0.0,0.0,0.0,0.0,0.0,0.0,0.0,0.0,108.15730285644531,2.8642226383393656,110.81827545166016,3.5092384646441084,112.38980810982841,3.0648141580077644,0.00081732413423663
2022-05-25,104.35928788625647,105.75154805646027,103.4354686838197,105.05159759521484,37900000,0.0,0.0,107.888916015625,113.31697807312011,31.28643247891202,-4.6837546567024475,-4.380430112510693,4.130216579557453,-0.0008166566610382509,0.0,0.0,0.0,0.0,0.0,0.0,0.0,0.0,0.0,60386000.0,31558000.0,37586000.0,0.0,0.0,0.0,0.0,0.0,0.0,0.0,0.0,0.0,0.0,0.0,0.0,0.0,0.0,0.0,0.0,0.0,0.0,0.0,0.0,0.0,0.0,0.0,0.0,107.00808715820312,3.3146593665739275,109.54879542759487,3.788791070646457,111.61653627668109,3.4577097660356606,-0.02268310030951315
2022-05-26,105.26101721995352,108.14414771940906,104.70270469181337,107.48979949951172,30288000,0.0,0.0,107.4026611328125,112.76534004211426,37.93257120371352,-4.59649955457472,-4.423644000923499,4.135131425568266,0.023209565205202898,0.0,0.0,0.0,0.0,0.0,0.0,0.0,0.0,0.0,37900000.0,60386000.0,31558000.0,0.0,0.0,0.0,0.0,0.0,0.0,0.0,0.0,0.0,0.0,0.0,0.0,0.0,0.0,0.0,0.0,0.0,0.0,0.0,0.0,0.0,0.0,0.0,0.0,105.89295196533203,1.383576731604622,108.35694776262555,2.6120780854015337,111.09445081438336,3.4918665962529367,-0.03992067178349068
2022-05-27,108.97119510009125,112.02776856109718,108.73447566378962,111.95928955078125,29924000,0.0,0.0,108.09467010498047,112.65777206420898,49.560730261651976,-4.119215016856828,-4.362758204110165,4.126266119818949,0.04158059715508022,0.0,0.0,0.0,0.0,0.0,0.0,0.0,0.0,0.0,30288000.0,37900000.0,60386000.0,0.0,0.0,0.0,0.0,0.0,0.0,0.0,0.0,0.0,0.0,0.0,0.0,0.0,0.0,0.0,0.0,0.0,0.0,0.0,0.0,0.0,0.0,0.0,0.0,108.16689554850261,3.5032693777267716,108.41338130405971,2.695844534085215,111.07424599783761,3.485527457552812,-0.010873582312919017
2022-05-31,112.23721845697438,115.5667466703222,111.73448870738834,113.19007110595703,51302000,0.0,0.0,108.56564331054688,112.50303344726562,49.15241321865124,-3.600149514051253,-4.210236466098382,4.040220059262317,0.010993116874125297,0.0,0.0,0.0,0.0,0.0,0.0,0.0,0.0,0.0,29924000.0,30288000.0,37900000.0,0.0,0.0,0.0,0.0,0.0,0.0,0.0,0.0,0.0,0.0,0.0,0.0,0.0,0.0,0.0,0.0,0.0,0.0,0.0,0.0,0.0,0.0,0.0,0.0,110.87972005208333,2.9995627720886953,108.88038090297154,3.2306468545483815,111.03557314191546,3.4566607686405697,-0.0008584534395920107
2022-06-01,114.07591068775803,116.52504049374802,112.70518706116705,113.28732299804688,28630000,0.0,0.0,110.19561614990235,112.30489501953124,50.27802817339206,-3.144688931982145,-3.997126959275135,3.889524102468028,0.0008591910150741455,0.0,0.0,0.0,0.0,0.0,0.0,0.0,0.0,0.0,51302000.0,29924000.0,30288000.0,0.0,0.0,0.0,0.0,0.0,0.0,0.0,0.0,0.0,0.0,0.0,0.0,0.0,0.0,0.0,0.0,0.0,0.0,0.0,0.0,0.0,0.0,0.0,0.0,112.81222788492839,0.7402650430904121,109.56439208984375,3.619927468953811,111.04805156162807,3.4650407949187816,-0.030650762218348615
2022-06-02,113.33794934994897,117.02032994413179,112.4644955216671,116.86946105957031,27472000,0.0,0.0,112.55918884277344,112.06524276733398,56.65227273234197,-2.4662550814989714,-3.6909525837199024,3.3993905879933846,0.03161993740098534,0.0,0.0,0.0,0.0,0.0,0.0,0.0,0.0,0.0,28630000.0,51302000.0,29924000.0,0.0,0.0,0.0,0.0,0.0,0.0,0.0,0.0,0.0,0.0,0.0,0.0,0.0,0.0,0.0,0.0,0.0,0.0,0.0,0.0,0.0,0.0,0.0,0.0,114.4489517211914,2.0967864878220186,110.42642865862165,4.567467696707897,111.37311390468052,3.7914866975343693,0.027774916942016947
2022-06-03,115.12900651225891,115.49823883363,112.82180997462731,113.71114349365234,25052000,0.0,0.0,113.80345764160157,111.95692977905273,47.15435891366101,-2.1585586787549147,-3.3844738027269052,3.3047259504261146,-0.027024318733771868,0.0,0.0,0.0,0.0,0.0,0.0,0.0,0.0,0.0,27472000.0,28630000.0,51302000.0,0.0,0.0,0.0,0.0,0.0,0.0,0.0,0.0,0.0,0.0,0.0,0.0,0.0,0.0,0.0,0.0,0.0,0.0,0.0,0.0,0.0,0.0,0.0,0.0,114.62264251708984,1.9573071106111517,111.65124075753349,4.030830427567492,111.23475810459682,3.6564221733585835,-0.02090834913054096
2022-06-06,115.87342452096117,118.50965048515532,115.66081624820232,116.1394271850586,23786000,0.0,0.0,114.63948516845703,112.02395133972168,53.167372586005044,-1.6991777989001804,-3.0474146019615604,3.3781742582040577,0.02135484365735718,0.0,0.0,0.0,0.0,0.0,0.0,0.0,0.0,0.0,25052000.0,27472000.0,28630000.0,0.0,0.0,0.0,0.0,0.0,0.0,0.0,0.0,0.0,0.0,0.0,0.0,0.0,0.0,0.0,0.0,0.0,0.0,0.0,0.0,0.0,0.0,0.0,0.0,115.57334391276042,1.6535054173415862,113.23521641322544,3.068963967647923,111.39200592041016,3.8250672649861275,-0.0018681907865252256
2022-06-07,114.78707989999292,116.87208894831058,114.26847047487584,116.35680389404297,26414000,0.0,0.0,115.27283172607422,112.22968368530273,50.79224846506257,-1.3025595624123838,-2.6984435940517253,3.51469581413208,0.0018716874557853647,0.0,0.0,0.0,0.0,0.0,0.0,0.0,0.0,0.0,23786000.0,25052000.0,27472000.0,0.0,0.0,0.0,0.0,0.0,0.0,0.0,0.0,0.0,0.0,0.0,0.0,0.0,0.0,0.0,0.0,0.0,0.0,0.0,0.0,0.0,0.0,0.0,0.0,115.40245819091797,1.4687485190773375,114.50193132672992,1.9154531749115022,111.42943954467773,3.874118830310211,-7.244845079645845e-05
2022-06-08,116.00642951785112,117.76275740878552,115.82801152706801,116.365234375,22544000,0.0,0.0,115.88841400146484,112.36137084960937,58.330738557834366,-0.9763022782226614,-2.3540153308859124,3.621639425922036,7.245369995478868e-05,0.0,0.0,0.0,0.0,0.0,0.0,0.0,0.0,0.0,26414000.0,23786000.0,25052000.0,0.0,0.0,0.0,0.0,0.0,0.0,0.0,0.0,0.0,0.0,0.0,0.0,0.0,0.0,0.0,0.0,0.0,0.0,0.0,0.0,0.0,0.0,0.0,0.0,116.28715515136719,0.12800559469868714,115.13135201590401,1.645572008595609,111.77236665998187,4.093257745483958,0.02018821968800566
2022-06-09,115.47541835897833,117.46896563522633,114.01189243425299,114.06251525878906,23142000,0.0,0.0,115.3270248413086,112.40886535644532,57.025491637000506,-0.8932543380199434,-2.061863132312719,3.6382005764263066,-0.01978872064821502,0.0,0.0,0.0,0.0,0.0,0.0,0.0,0.0,0.0,22544000.0,26414000.0,23786000.0,0.0,0.0,0.0,0.0,0.0,0.0,0.0,0.0,0.0,0.0,0.0,0.0,0.0,0.0,0.0,0.0,0.0,0.0,0.0,0.0,0.0,0.0,0.0,0.0,115.59485117594402,1.3270485260548075,115.25598689488002,1.5006968871979622,112.06818389892578,4.098820211590589,0.03132530153726809
2022-06-10,111.94167398934613,112.65209737649664,110.03571894233554,110.5979995727539,31324000,0.0,0.0,114.7043960571289,112.32283592224121,53.329552172037516,-1.0943803730659738,-1.86836658046337,3.6607205856131575,-0.030373832088260944,0.0,0.0,0.0,0.0,0.0,0.0,0.0,0.0,0.0,23142000.0,22544000.0,26414000.0,0.0,0.0,0.0,0.0,0.0,0.0,0.0,0.0,0.0,0.0,0.0,0.0,0.0,0.0,0.0,0.0,0.0,0.0,0.0,0.0,0.0,0.0,0.0,0.0,113.67524973551433,2.903055331060229,114.87179783412388,2.247240774707034,112.21809496198382,3.9953216963977054,0.04258192757428092
2022-06-13,106.6461281798025,108.40543207259111,105.79456678668615,106.08087158203125,36756000,0.0,0.0,112.69268493652343,111.84447326660157,42.945724780479324,-1.59982687416462,-1.8146586392036201,3.824743443132276,-0.040842763957508854,0.0,0.0,0.0,0.0,0.0,0.0,0.0,0.0,0.0,31324000.0,23142000.0,22544000.0,0.0,0.0,0.0,0.0,0.0,0.0,0.0,0.0,0.0,0.0,0.0,0.0,0.0,0.0,0.0,0.0,0.0,0.0,0.0,0.0,0.0,0.0,0.0,0.0,110.24712880452473,4.002373254417924,113.33057076590401,3.807068129890626,111.87849971226284,4.311454495463436,-0.002961807993611676
2022-06-14,106.09425836912567,107.65008641240962,105.56026150300775,106.39599609375,25480000,0.0,0.0,110.70052337646484,111.46737518310547,52.222337483176766,-1.9524621846413908,-1.8422193482911742,3.9762700889280116,0.0029706063592724874,0.0,0.0,0.0,0.0,0.0,0.0,0.0,0.0,0.0,36756000.0,31324000.0,23142000.0,0.0,0.0,0.0,0.0,0.0,0.0,0.0,0.0,0.0,0.0,0.0,0.0,0.0,0.0,0.0,0.0,0.0,0.0,0.0,0.0,0.0,0.0,0.0,0.0,107.69162241617839,2.521923273350941,112.28554970877511,4.605460774766009,111.9683952331543,4.1709194223606305,-0.02895652454859532
2022-06-15,108.08882009403322,111.2287756405572,107.31388572600937,109.5687255859375,33192000,0.0,0.0,109.34122161865234,111.1541748046875,57.19230891642758,-1.9533978993459442,-1.8644550585021282,3.859304430902764,0.029820008352493543,0.0,0.0,0.0,0.0,0.0,0.0,0.0,0.0,0.0,25480000.0,36756000.0,31324000.0,0.0,0.0,0.0,0.0,0.0,0.0,0.0,0.0,0.0,0.0,0.0,0.0,0.0,0.0,0.0,0.0,0.0,0.0,0.0,0.0,0.0,0.0,0.0,0.0,107.34853108723958,1.9291898749235408,111.34687805175781,4.351678680728963,112.29104723249164,3.747966209886139,0.03520860206682874
2022-06-16,107.34440018613208,108.47690508360789,105.00495174306114,105.84217071533203,35314000,0.0,0.0,107.69715270996093,110.86807060241699,47.47998414881815,-2.229145096848285,-1.9373930661713596,4.035386192313434,-0.03401111814230817,0.0,0.0,0.0,0.0,0.0,0.0,0.0,0.0,0.0,33192000.0,25480000.0,36756000.0,0.0,0.0,0.0,0.0,0.0,0.0,0.0,0.0,0.0,0.0,0.0,0.0,0.0,0.0,0.0,0.0,0.0,0.0,0.0,0.0,0.0,0.0,0.0,0.0,107.26896413167317,2.0108102091780213,109.84478759765625,4.143894300257724,112.17335946219308,3.9316896154400136,-0.011398359155632698
2022-06-17,105.7419146430578,108.43619967485813,104.84220666902442,107.06250762939453,43516000,0.0,0.0,106.99005432128907,110.725142288208,41.68393158712106,-2.322434171868238,-2.0144012873107355,4.120420452831133,0.011529779725934164,0.0,0.0,0.0,0.0,0.0,0.0,0.0,0.0,0.0,35314000.0,33192000.0,25480000.0,0.0,0.0,0.0,0.0,0.0,0.0,0.0,0.0,0.0,0.0,0.0,0.0,0.0,0.0,0.0,0.0,0.0,0.0,0.0,0.0,0.0,0.0,0.0,0.0,107.49113464355469,1.8998930598480717,108.51582663399833,3.052131899055291,111.82358932495117,4.163196021394591,-0.037044186361212206
2022-06-21,108.88534463984828,111.83422060419495,108.4798849857038,111.18112182617188,39010000,0.0,0.0,108.01010437011719,110.85923614501954,46.89301108319892,-2.040506996464373,-2.019622429141463,4.087677911315352,0.03846924836689092,0.0,0.0,0.0,0.0,0.0,0.0,0.0,0.0,0.0,43516000.0,35314000.0,33192000.0,0.0,0.0,0.0,0.0,0.0,0.0,0.0,0.0,0.0,0.0,0.0,0.0,0.0,0.0,0.0,0.0,0.0,0.0,0.0,0.0,0.0,0.0,0.0,0.0,108.02860005696614,2.797516876614432,108.1041990007673,2.2746808339248696,111.68009294782367,4.147064110250943,-0.0001695345169463458
2022-06-22,110.33546349800969,112.92255847543518,109.90002393931785,111.1999740600586,23922000,0.0,0.0,108.97089996337891,110.87747459411621,46.763912633814336,-1.7948663589408653,-1.9746712151013435,4.088378751126001,0.00016956326377237652,0.0,0.0,0.0,0.0,0.0,0.0,0.0,0.0,0.0,39010000.0,43516000.0,35314000.0,0.0,0.0,0.0,0.0,0.0,0.0,0.0,0.0,0.0,0.0,0.0,0.0,0.0,0.0,0.0,0.0,0.0,0.0,0.0,0.0,0.0,0.0,0.0,0.0,109.81453450520833,2.38334382655575,108.19019535609654,2.392977632237382,111.53099659511021,4.122284086312624,-0.005772849238654287
2022-06-23,112.10916095800074,112.3538316275646,110.20246386054443,111.84564208984375,24710000,0.0,0.0,109.42628326416016,111.21288375854492,41.431214913867365,-1.5304522689445434,-1.8858274258699834,3.861561971169795,0.005806368528795014,0.0,0.0,0.0,0.0,0.0,0.0,0.0,0.0,0.0,23922000.0,39010000.0,43516000.0,0.0,0.0,0.0,0.0,0.0,0.0,0.0,0.0,0.0,0.0,0.0,0.0,0.0,0.0,0.0,0.0,0.0,0.0,0.0,0.0,0.0,0.0,0.0,0.0,111.4089126586914,0.3783362244172458,109.01373400006976,2.5338897780202916,111.17215238298688,3.8301332547261766,-0.04938076108771283
2022-06-24,112.75729608421425,117.75431761322301,112.75729608421425,117.65556335449219,39122000,0.0,0.0,111.7889617919922,111.84308204650878,56.169662097801826,-0.8423796785316426,-1.6771378764023155,3.8314847461048416,0.05194588860227056,0.0,0.0,0.0,0.0,0.0,0.0,0.0,0.0,0.0,24710000.0,23922000.0,39010000.0,0.0,0.0,0.0,0.0,0.0,0.0,0.0,0.0,0.0,0.0,0.0,0.0,0.0,0.0,0.0,0.0,0.0,0.0,0.0,0.0,0.0,0.0,0.0,0.0,113.56705983479817,3.555434934587341,110.62224360874721,3.834951654611634,111.45389665876117,4.161968783241781,0.016424764029833394
2022-06-27,118.04961094608326,118.3622684179662,115.13720447516587,115.75432586669922,32840000,0.0,0.0,113.52732543945312,112.25630836486816,49.38754610755193,-0.44535736679529236,-1.430781774480911,3.782625594090746,-0.01615935051081785,0.0,0.0,0.0,0.0,0.0,0.0,0.0,0.0,0.0,39122000.0,24710000.0,23922000.0,0.0,0.0,0.0,0.0,0.0,0.0,0.0,0.0,0.0,0.0,0.0,0.0,0.0,0.0,0.0,0.0,0.0,0.0,0.0,0.0,0.0,0.0,0.0,0.0,115.08517710367839,2.9621978876574833,111.50590079171317,4.242710279962539,111.4263894217355,4.129767137886799,0.035985950826527224
2022-06-28,115.48484964529182,116.97914308388886,111.60693671146727,111.73348999023438,28232000,0.0,0.0,113.63779907226562,112.24501838684083,43.44074364079442,-0.44997514271078387,-1.2346204481268857,3.7838955207090135,-0.03473594482417164,0.0,0.0,0.0,0.0,0.0,0.0,0.0,0.0,0.0,32840000.0,39122000.0,24710000.0,0.0,0.0,0.0,0.0,0.0,0.0,0.0,0.0,0.0,0.0,0.0,0.0,0.0,0.0,0.0,0.0,0.0,0.0,0.0,0.0,0.0,0.0,0.0,0.0,115.04779307047527,3.023595488324735,112.34751783098493,3.440427950556645,111.0961527143206,3.882636216845643,0.002806257317697902
2022-06-29,111.31361681640735,112.81832990852187,110.72354483249275,111.42081451416016,18628000,0.0,0.0,113.68196716308594,112.15655555725098,43.045219087805755,-0.4734079094799881,-1.0823779403975062,3.7813191436646147,-0.002798404275222599,0.0,0.0,0.0,0.0,0.0,0.0,0.0,0.0,0.0,28232000.0,32840000.0,39122000.0,0.0,0.0,0.0,0.0,0.0,0.0,0.0,0.0,0.0,0.0,0.0,0.0,0.0,0.0,0.0,0.0,0.0,0.0,0.0,0.0,0.0,0.0,0.0,0.0,112.96954345703125,2.416754288344467,112.97013310023716,2.6214870045384635,110.74297986711774,3.5795270508185735,0.02636848965626637
2022-06-30,109.67690539044493,110.50103134532444,106.51115006616678,108.55829620361328,38046000,0.0,0.0,113.02449798583984,111.9201042175293,42.3778451453214,-0.714720991870081,-1.0088465506920212,3.8540461684913896,-0.025691055329550516,0.0,0.0,0.0,0.0,0.0,0.0,0.0,0.0,0.0,18628000.0,28232000.0,32840000.0,0.0,0.0,0.0,0.0,0.0,0.0,0.0,0.0,0.0,0.0,0.0,0.0,0.0,0.0,0.0,0.0,0.0,0.0,0.0,0.0,0.0,0.0,0.0,0.0,110.57086690266927,1.7499348851766732,112.59544372558594,3.069043370529014,110.34982136317662,3.4879868313306743,0.0026723218822031214
2022-07-01,107.5305019824838,108.98891636299582,106.30767872404971,108.26896667480469,31028000,0.0,0.0,111.14717864990234,111.49007949829101,46.46382483925845,-0.9187193978428354,-0.9908211201221842,3.751182357683463,-0.0026651996109622322,0.0,0.0,0.0,0.0,0.0,0.0,0.0,0.0,0.0,38046000.0,18628000.0,28232000.0,0.0,0.0,0.0,0.0,0.0,0.0,0.0,0.0,0.0,0.0,0.0,0.0,0.0,0.0,0.0,0.0,0.0,0.0,0.0,0.0,0.0,0.0,0.0,0.0,109.41602579752605,1.7422144652187477,112.17672838483539,3.4654959623070867,110.18346187046596,3.530521696478504,-0.04219968423905829
2022-07-05,106.71412621302082,113.20354782139363,105.45853636865279,113.0391845703125,36398000,0.0,0.0,110.604150390625,111.45648155212402,60.484245123775345,-0.6875472695719509,-0.9301663500121375,3.7332082811906413,0.04405895837018181,0.0,0.0,0.0,0.0,0.0,0.0,0.0,0.0,0.0,31028000.0,38046000.0,18628000.0,0.0,0.0,0.0,0.0,0.0,0.0,0.0,0.0,0.0,0.0,0.0,0.0,0.0,0.0,0.0,0.0,0.0,0.0,0.0,0.0,0.0,0.0,0.0,0.0,109.95548248291016,2.6744797282737136,112.34723445347377,3.475837546300622,110.68048422677177,3.3957558667716676,-0.011513494768042865
2022-07-06,113.2426703373829,115.48584081793405,111.41487964081023,114.35581970214844,28852000,0.0,0.0,111.12861633300781,111.36730117797852,61.641891572212735,-0.3935634859702617,-0.8228457772037625,3.635476921357731,0.011647599342128778,0.0,0.0,0.0,0.0,0.0,0.0,0.0,0.0,0.0,36398000.0,31028000.0,38046000.0,0.0,0.0,0.0,0.0,0.0,0.0,0.0,0.0,0.0,0.0,0.0,0.0,0.0,0.0,0.0,0.0,0.0,0.0,0.0,0.0,0.0,0.0,0.0,0.0,111.8879903157552,3.202558524510512,111.87584250313895,2.7925277161728888,111.24904305594308,3.2878643651914397,-0.03430242757950819
2022-07-07,115.14439411029898,118.96969972566629,114.67391614910093,118.41783905029297,32184000,0.0,0.0,112.52802124023438,111.47035293579101,62.61440965066163,0.16528647466333268,-0.6252193268303435,3.809404637198847,0.03552087999302955,0.0,0.0,0.0,0.0,0.0,0.0,0.0,0.0,0.0,28852000.0,36398000.0,31028000.0,0.0,0.0,0.0,0.0,0.0,0.0,0.0,0.0,0.0,0.0,0.0,0.0,0.0,0.0,0.0,0.0,0.0,0.0,0.0,0.0,0.0,0.0,0.0,0.0,115.2709477742513,2.80367179695061,112.25634438650948,3.500735163561684,111.88112258911133,3.757100997718501,-0.007177484310586957
2022-07-08,116.67491906783029,119.53843665062448,116.63918397499954,119.27392578125,29082000,0.0,0.0,114.67114715576172,111.61578750610352,70.85355779574701,0.6695400978609882,-0.36626744189207716,4.053799846238882,0.007229373022027863,0.0,0.0,0.0,0.0,0.0,0.0,0.0,0.0,0.0,32184000.0,28852000.0,36398000.0,0.0,0.0,0.0,0.0,0.0,0.0,0.0,0.0,0.0,0.0,0.0,0.0,0.0,0.0,0.0,0.0,0.0,0.0,0.0,0.0,0.0,0.0,0.0,0.0,117.3491948445638,2.627440233412091,113.33354949951172,4.36618361264805,112.84053366524833,3.8109510978577603,0.03129002947528292
2022-07-11,117.76673982908447,117.91016486019606,115.36921702152986,115.65507507324219,26718000,0.0,0.0,116.14836883544922,111.69541549682617,62.4157626040531,0.7682972664185286,-0.139354500229956,4.119498728384762,-0.030340669046517665,0.0,0.0,0.0,0.0,0.0,0.0,0.0,0.0,0.0,29082000.0,32184000.0,28852000.0,0.0,0.0,0.0,0.0,0.0,0.0,0.0,0.0,0.0,0.0,0.0,0.0,0.0,0.0,0.0,0.0,0.0,0.0,0.0,0.0,0.0,0.0,0.0,0.0,117.78227996826172,1.891288349717259,113.93844386509487,4.350306532242568,113.45428848266602,3.4869631521412976,0.01456695416588305
2022-07-12,115.96871369752942,116.9721890297241,113.76176313125352,113.99452209472656,24970000,0.0,0.0,116.33943634033203,111.8652416229248,54.37605408697378,0.7044498273564557,0.029406365287326347,4.141826935227201,-0.014357804683141073,0.0,0.0,0.0,0.0,0.0,1.0,1.0,0.0,0.0,26718000.0,29082000.0,32184000.0,0.0,0.0,0.0,0.0,0.0,0.0,0.0,0.0,0.0,0.0,0.0,0.0,0.0,0.0,0.0,0.0,0.0,0.0,0.0,0.0,0.0,0.0,0.0,0.0,116.30784098307292,2.6995561340888887,114.71504756382534,3.66029061508219,113.65524564470563,3.4264250161944325,0.023732606331846817
2022-07-13,111.80049108523546,114.29974431214647,110.99056368609698,111.35185241699219,38958000,0.0,0.0,115.73864288330078,112.12879066467285,50.21840921902604,0.4355877304104041,0.1106426383119419,3.9159279778385208,-0.023182426919938992,0.0,0.0,0.0,0.0,0.0,0.0,0.0,0.0,0.0,24970000.0,26718000.0,29082000.0,0.0,0.0,0.0,0.0,0.0,0.0,0.0,0.0,0.0,0.0,0.0,0.0,0.0,0.0,0.0,1.0,0.0,0.0,1.0,0.0,0.0,0.0,0.0,0.0,113.66714986165364,2.1702098381391526,115.15545981270927,2.8515418766656593,113.66609409877232,3.41828413155536,0.0067031647556810015
2022-07-14,110.00097738401358,111.15383746378811,108.5116515751349,110.61041259765625,32366000,0.0,0.0,114.17715759277344,112.33951148986816,48.228553222180985,0.16083062920468194,0.12068023649048992,3.698561737979871,-0.0066585315218590235,0.0,0.0,0.0,0.0,0.0,0.0,0.0,0.0,0.0,38958000.0,24970000.0,26718000.0,0.0,0.0,0.0,0.0,0.0,0.0,0.0,0.0,0.0,0.0,0.0,0.0,0.0,0.0,0.0,0.0,1.0,0.0,0.0,1.0,0.0,0.0,0.0,0.0,111.985595703125,1.7788401239512657,114.80849238804409,3.269145529933276,113.57786342075893,3.4841931196632556,-0.011767576777036215
2022-07-15,112.12206845294672,113.1518510631691,110.99006332709506,111.92752838134766,34330000,0.0,0.0,112.70787811279297,112.45745162963867,40.57026187011469,0.04880133175443291,0.10630445554327853,3.6427440328486043,0.011907701569493279,0.0,0.0,0.0,0.0,0.0,1.0,2.0,0.0,0.0,32366000.0,38958000.0,24970000.0,0.0,0.0,0.0,0.0,0.0,0.0,0.0,0.0,0.0,0.0,0.0,0.0,0.0,0.0,0.0,0.0,0.0,1.0,0.0,0.0,1.0,0.0,0.0,0.0,111.29659779866536,0.6602941023111312,114.46159362792969,3.4490710047354063,113.16871806553432,3.2999672740256822,0.02599399393518942
2022-07-18,112.595517164046,113.94539347549131,108.48633731298709,109.091796875,33354000,0.0,20.0,111.39522247314453,112.61993293762207,39.359252956490785,-0.26573925030700707,0.03189571437322141,3.3962811281844862,-0.025335425050091787,0.0,0.0,0.0,0.1471,0.1471,1.0,1.0,1.0,0.0,34330000.0,32366000.0,38958000.0,0.0,0.0,0.0,0.0,0.0,0.0,0.0,0.0,0.0,0.0,0.0,0.0,0.0,0.0,0.0,1.0,0.0,0.0,2.0,0.0,0.0,0.0,0.0,0.0,110.54324595133464,1.4190584247332931,113.12930188860211,3.4673326719848654,112.6928231375558,3.3778970137674516,-0.04109221579502498
2022-07-19,110.8982386041735,113.95530404418794,109.67739190532042,113.7667236328125,30992300,0.0,0.0,111.34966278076172,112.95514373779297,53.18082709620683,-0.1362171814948283,-0.0017268648003885348,3.1400855818256836,0.04285314654014849,0.0,0.0,0.0,0.0,0.0,0.0,0.0,0.0,0.0,33354000.0,34330000.0,32366000.0,0.0,0.0,0.0,0.0,0.0,0.0,0.0,0.0,0.0,0.1471,0.0,0.0,0.1471,0.0,0.0,1.0,1.0,0.0,1.0,2.0,0.0,1.0,0.0,0.0,111.59534962972005,2.355099167763911,112.34255872453961,2.252832483925639,112.83805411202567,3.377187049169026,-0.0006974917638606914
2022-07-20,113.21089535897589,115.46400093196159,112.41685538012788,113.84613037109375,26780100,0.0,0.0,111.84851837158203,113.08839416503906,53.82210351737261,-0.026853003941539555,-0.00675209262861874,3.1173048554394773,0.0006979785981842124,0.0,0.0,0.0,0.0,0.0,0.0,0.0,0.0,0.0,30992300.0,33354000.0,34330000.0,0.0,0.0,0.0,0.0,0.0,0.0,0.0,0.0,0.0,0.0,0.1471,0.0,0.0,0.1471,0.0,0.0,1.0,1.0,0.0,1.0,2.0,0.0,1.0,0.0,112.23488362630208,2.7222825169660334,112.08413805280414,1.8829064251232317,113.0112909589495,3.361062061318677,-0.00295564527579506
2022-07-21,114.23323988310155,114.35234930158384,111.07691980561597,114.1836166381836,27267800,0.0,0.0,112.5631591796875,113.23757629394531,59.631583650022236,0.08605917931042484,0.011810161759189974,3.093477665689454,0.002964407011373682,0.0,0.0,0.0,0.0,0.0,0.0,0.0,0.0,0.0,26780100.0,30992300.0,33354000.0,0.0,0.0,0.0,0.0,0.0,0.0,0.0,0.0,0.0,0.0,0.0,0.1471,0.0,0.0,0.1471,0.0,0.0,1.0,0.0,0.0,1.0,0.0,0.0,1.0,113.93215688069661,0.2213602600908242,112.11115155901227,1.9159486193020892,113.4130995614188,3.115006845348073,0.06164650786005477
2022-07-22,110.97764338755076,112.33744733683955,106.79898506306883,107.55332946777344,44455300,0.0,0.0,111.68831939697266,113.0229606628418,48.99329175993207,-0.35536938791018713,-0.06162574817468545,3.334622688861191,-0.05806688705105312,0.0,0.0,0.0,0.0,0.0,0.0,0.0,0.0,0.0,27267800.0,26780100.0,30992300.0,0.0,0.0,0.0,0.0,0.0,0.0,0.0,0.0,0.0,0.0,0.0,0.0,0.0,0.0,0.0,0.0,0.0,0.0,0.0,0.0,0.0,0.0,0.0,0.0,111.86102549235027,3.734388574483727,111.5685054234096,2.587183407354908,113.36198261805943,3.210328291551977,0.0013862334903071982
2022-07-25,108.06945227591243,109.7568013593638,106.21337812849376,107.4044418334961,28289900,0.0,0.0,111.35084838867188,112.51040458679199,40.88880861954577,-0.7090452631061765,-0.19110965116098366,3.3726994699654993,-0.001384314507176243,0.0,0.0,0.0,0.0,0.0,0.0,0.0,0.0,0.0,44455300.0,27267800.0,26780100.0,0.0,0.0,0.0,0.0,0.0,0.0,0.0,0.0,0.0,0.0,0.0,0.0,0.0,0.0,0.0,0.0,0.0,0.0,0.0,0.0,0.0,0.0,0.0,0.0,109.7137959798177,3.8716939988041177,111.11050959995815,3.0307939113304605,112.95950099400112,3.5852358985390156,0.0262707447138113
2022-07-26,106.63025878915802,106.93794863187382,103.98013689664695,104.65507507324219,36626600,0.0,0.0,109.52851867675781,111.95544204711913,35.00881434970472,-1.1973841631448892,-0.3923645535577648,3.7073926194963,-0.025598259376610533,0.0,0.0,0.0,0.0,0.0,0.0,0.0,0.0,0.0,28289900.0,44455300.0,27267800.0,0.0,0.0,0.0,0.0,0.0,0.0,0.0,0.0,0.0,0.0,0.0,0.0,0.0,0.0,0.0,0.0,0.0,0.0,0.0,0.0,0.0,0.0,0.0,0.0,106.53761545817058,1.6320265339677285,110.07158769880023,3.8419585851572933,112.26659066336495,4.182315806755339,-0.07183095398958039
2022-07-27,108.78410307158587,113.5483734547615,107.61288704412348,112.75432586669922,41474600,0.0,0.0,109.3101577758789,112.00648384094238,42.218751441305834,-0.9202463814960566,-0.49794091914542316,3.711201309365689,0.07738994776687913,0.0,0.0,0.0,0.1403,0.1027129820051414,3.0,778.0,0.6666666666666666,0.0,36626600.0,28289900.0,44455300.0,0.0,0.0,0.0,0.0,0.0,0.0,0.0,0.0,0.0,0.0,0.0,0.0,0.0,0.0,0.0,0.0,0.0,0.0,0.0,0.0,0.0,0.0,0.0,0.0,108.27128092447917,4.118619108520555,110.59480612618583,3.934561940466177,111.86205400739398,3.797791684480387,-0.008639477640123627
2022-07-28,111.9602857008125,113.84613546787841,111.01834525515086,113.73695373535156,23303800,0.0,0.0,109.2208251953125,112.12229080200196,42.41897009254651,-0.6142422339129467,-0.5212011820989279,3.7280627145210543,0.008714768689354058,0.0,0.0,0.0,0.0,0.0,0.0,0.0,0.0,0.0,41474600.0,36626600.0,28289900.0,0.0,0.0,0.0,0.0,0.0,0.0,0.0,0.0,0.0,0.1403,0.0,0.0,0.1027129820051414,0.0,0.0,3.0,0.0,0.0,778.0,0.0,0.0,0.6666666666666666,0.0,0.0,110.38211822509766,4.984040211462365,110.5905532836914,3.9305760880233573,111.46655600411552,3.209258556027417,-0.01757542475903706
2022-07-29,112.55581218413384,116.02975695788737,112.38707954111806,115.77169036865234,31336200,0.0,0.0,110.86449737548828,112.4829605102539,50.16690569615236,-0.2051803101140024,-0.4579970077019428,3.714020288719286,0.017889846408541077,0.0,0.0,0.0,0.0,0.0,0.0,0.0,0.0,0.0,23303800.0,41474600.0,36626600.0,0.0,0.0,0.0,0.0,0.0,0.0,0.0,0.0,0.0,0.0,0.1403,0.0,0.0,0.1027129820051414,0.0,0.0,3.0,0.0,0.0,778.0,0.0,0.0,0.6666666666666666,0.0,114.08765665690105,1.5389498168553115,110.86563328334263,4.250731046540247,111.47488566807338,3.221095666082398,0.010044985474771728
2022-08-01,114.66995404992781,116.24812148517637,113.83621093138044,114.62033081054688,22856200,0.0,0.0,112.30767517089843,112.80052871704102,50.908937385643156,0.025801691761245138,-0.3612372678093052,3.6046651339580276,-0.009945087218120374,0.0,0.0,0.0,0.0,0.0,0.0,0.0,0.0,0.0,31336200.0,23303800.0,41474600.0,0.0,0.0,0.0,0.0,0.0,0.0,0.0,0.0,0.0,0.0,0.0,0.1403,0.0,0.0,0.1027129820051414,0.0,0.0,3.0,0.0,0.0,778.0,0.0,0.0,0.6666666666666666,114.70965830485027,1.0203052693447783,110.92802102225167,4.3103321787722155,111.51958629063198,3.2628235548760927,-0.0036237852957616834
2022-08-02,113.57814291596826,116.20841689334405,113.40941027351059,115.03720092773438,17911000,0.0,0.0,114.38410034179688,112.9004295349121,55.72268088820819,0.23973105651880644,-0.2410436029436829,3.639149310116023,0.003636964875598947,0.0,0.0,0.0,0.0,0.0,0.0,0.0,0.0,0.0,22856200.0,31336200.0,23303800.0,0.0,0.0,0.0,0.0,0.0,0.0,0.0,0.0,0.0,0.0,0.0,0.0,0.0,0.0,0.0,0.0,0.0,0.0,0.0,0.0,0.0,0.0,0.0,0.0,115.14307403564453,0.5829357119304822,111.9971455165318,4.261639103013862,111.7828254699707,3.3942664112673713,-0.02424649253635236
2022-08-03,115.47392135917269,118.53099459641399,115.28534093394066,117.89575958251953,25302800,0.0,0.0,115.41238708496094,113.07742652893066,60.614898308050314,0.6326407243713277,-0.0663067374806808,3.7963510829330285,0.024848993471084935,0.0,0.0,0.0,0.0,0.0,0.0,0.0,0.0,0.0,17911000.0,22856200.0,31336200.0,0.0,0.0,0.0,0.0,0.0,0.0,0.0,0.0,0.0,0.0,0.0,0.0,0.0,0.0,0.0,0.0,0.0,0.0,0.0,0.0,0.0,0.0,0.0,0.0,115.8510971069336,1.7829550339121476,113.49590519496373,4.221890647357378,112.30320739746094,3.741408894781287,-0.0007571514242064037
2022-08-04,117.41933574874363,118.61039949285419,116.83372398086027,117.98509216308594,15757700,0.0,0.0,116.26201477050782,113.05578918457032,59.15348768359096,0.9403925990659587,0.13503312982864712,3.765418561606853,0.0007577251368728888,0.0,0.0,0.0,0.0,0.0,0.0,0.0,0.0,0.0,25302800.0,17911000.0,22856200.0,0.0,0.0,0.0,0.0,0.0,0.0,0.0,0.0,0.0,0.0,0.0,0.0,0.0,0.0,0.0,0.0,0.0,0.0,0.0,0.0,0.0,0.0,0.0,0.0,116.97268422444661,1.676772725021642,115.4001933506557,1.981350236737404,112.73589052472796,4.03348962161059,0.005498186603623667
2022-08-05,116.05953754934694,117.9751703407965,115.84117408515078,117.33993530273438,15615700,0.0,0.0,116.57566375732422,112.95908966064454,63.34725632460685,1.1193265109033348,0.3318918060435847,3.6193255493111964,-0.00546812184932477,0.0,0.0,0.0,0.0,0.0,0.0,0.0,0.0,0.0,15757700.0,25302800.0,17911000.0,0.0,0.0,0.0,0.0,0.0,0.0,0.0,0.0,0.0,0.0,0.0,0.0,0.0,0.0,0.0,0.0,0.0,0.0,0.0,0.0,0.0,0.0,0.0,0.0,117.74026234944661,0.3495588444517697,116.05528041294643,1.6986515852015116,113.32504326956612,4.062548435258933,0.00067718216226198
2022-08-08,118.23323647221227,119.96028125180207,116.95283872390638,117.26052856445312,17061100,0.0,0.0,117.10370330810547,113.03936233520508,56.6415241887577,1.2404265993357626,0.5135987647020204,3.69918907513721,-0.0006767238969100919,0.0,0.0,0.0,0.0,0.0,0.0,0.0,0.0,0.0,15615700.0,15757700.0,25302800.0,0.0,0.0,0.0,0.0,0.0,0.0,0.0,0.0,0.0,0.0,0.0,0.0,0.0,0.0,0.0,0.0,0.0,0.0,0.0,0.0,0.0,0.0,0.0,0.0,117.52851867675781,0.3973925877948222,116.55864824567523,1.3914520919363453,113.57460076468331,4.196857386651163,0.005446768680815062
2022-08-09,117.11164773072046,117.32008352400636,115.69229274278388,116.62529754638672,15424300,0.0,0.0,117.42132263183593,113.17090110778808,55.17370870681072,1.2704959708905221,0.6649782059397208,3.780814091236831,-0.0054172621072337,0.0,0.0,0.0,0.0,0.0,0.0,0.0,0.0,0.0,17061100.0,15615700.0,15757700.0,0.0,0.0,0.0,0.0,0.0,0.0,0.0,0.0,0.0,0.0,0.0,0.0,0.0,0.0,0.0,0.0,0.0,0.0,0.0,0.0,0.0,0.0,0.0,0.0,117.07525380452473,0.39169099198102186,116.6805921282087,1.3477067436074208,113.77311270577567,4.275676101882341,-0.026108564196208106
2022-08-10,118.69973212567663,120.87343152453795,118.47144855610613,119.75184631347656,20497000,0.0,0.0,117.79253997802735,113.59090080261231,59.39068542164343,1.5289873064247388,0.8377800260367244,4.026677195151705,0.026808495522562703,0.0,0.0,0.0,0.0,0.0,0.0,0.0,0.0,0.0,15424300.0,17061100.0,15615700.0,0.0,0.0,0.0,0.0,0.0,0.0,0.0,0.0,0.0,0.0,0.0,0.0,0.0,0.0,0.0,0.0,0.0,0.0,0.0,0.0,0.0,0.0,0.0,0.0,117.8792241414388,1.6525480207799634,117.41366577148438,1.4331798915233536,114.17084339686802,4.565930403990619,0.006927193072268079
2022-08-11,121.17118675943614,121.42924575740243,118.66002235913103,118.92800903320312,16671600,0.0,0.0,117.98112335205079,114.00678062438965,73.85511902742799,1.6483654380445643,0.9998971084382925,4.130826024487404,-0.006879537189905749,0.0,0.0,0.0,0.0,0.0,0.0,0.0,0.0,0.0,20497000.0,15424300.0,17061100.0,0.0,0.0,0.0,0.0,0.0,0.0,0.0,0.0,0.0,0.0,0.0,0.0,0.0,0.0,0.0,0.0,0.0,0.0,0.0,0.0,0.0,0.0,0.0,0.0,118.43505096435547,1.6205192197191167,117.96949550083706,1.0651331022699702,114.98332050868443,4.302216185532304,-0.02307400935103532
2022-08-12,120.25806298935942,121.73696899414062,119.50371846964697,121.73696899414062,16121100,0.0,0.0,118.86053009033203,114.4972526550293,77.0412350863132,1.9471871000090033,1.1893551067524348,4.441621416435938,0.02361899424510905,0.0,0.0,0.0,0.0,0.0,0.0,0.0,0.0,0.0,16671600.0,20497000.0,15424300.0,0.0,0.0,0.0,0.0,0.0,0.0,0.0,0.0,0.0,0.0,0.0,0.0,0.0,0.0,0.0,0.0,0.0,0.0,0.0,0.0,0.0,0.0,0.0,0.0,120.13894144694011,1.443934208092825,118.51823970249721,1.7742429981267918,116.00707244873047,4.058393456274782,-0.0018714861156097218
2022-08-15,121.30021480795308,122.34240118125624,120.66497985154288,121.96522521972656,15525000,0.0,0.0,119.80146942138671,115.14092407226562,86.0926899479626,2.177324943190186,1.3869490740399852,4.548553381957252,0.001874995142986613,0.0,0.0,0.0,0.0,0.0,0.0,0.0,0.0,0.0,16121100.0,16671600.0,20497000.0,0.0,0.0,0.0,0.0,0.0,0.0,0.0,0.0,0.0,0.0,0.0,0.0,0.0,0.0,0.0,0.0,0.0,0.0,0.0,0.0,0.0,0.0,0.0,0.0,120.87673441569011,1.6915002773843202,119.08683013916016,2.1687948482574035,117.24351174490792,2.7644172701109087,0.0030200603685810457
2022-08-16,121.40940395106105,122.31064161277808,120.63025172187828,121.59799194335938,15626200,0.0,0.0,120.79600830078125,115.53248748779296,77.21443620687307,2.3035245881012543,1.5702641768522392,4.756360173927269,-0.003010967066273129,0.0,0.0,0.0,0.0,0.0,0.0,0.0,0.0,0.0,15525000.0,16121100.0,16671600.0,0.0,0.0,0.0,0.0,0.0,0.0,0.0,0.0,0.0,0.0,0.0,0.0,0.0,0.0,0.0,0.0,0.0,0.0,0.0,0.0,0.0,0.0,0.0,0.0,121.76672871907552,0.18541656004458767,119.69512394496373,2.19416533565161,117.87520217895508,2.6684522400967094,0.018201411061341988
2022-08-17,120.0297607283746,121.24067989020192,119.30519173769794,119.42430114746094,17589200,0.0,0.0,120.73049926757812,115.81139602661133,66.30623662386888,2.2027481257450745,1.6967609666308063,4.8154515214557865,-0.017876041875024895,0.0,0.0,0.0,0.0,0.0,0.0,0.0,0.0,0.0,15626200.0,15525000.0,16121100.0,0.0,0.0,0.0,0.0,0.0,0.0,0.0,0.0,0.0,0.0,0.0,0.0,0.0,0.0,0.0,0.0,0.0,0.0,0.0,0.0,0.0,0.0,0.0,0.0,120.99583943684895,1.3733224370398533,120.00423431396484,1.9306050390281724,118.28144127982003,2.4104335738943377,-0.004467980722277387
2022-08-18,119.33497401312613,120.78410441269445,118.66003584061222,119.96028137207031,15652000,0.0,0.0,120.93695373535157,116.10022926330566,63.138268824218905,2.1414459224348974,1.7856979577916245,4.885413223132027,0.004488033167952654,0.0,0.0,0.0,0.0,0.0,0.0,0.0,0.0,0.0,17589200.0,15626200.0,15525000.0,0.0,0.0,0.0,0.0,0.0,0.0,0.0,0.0,0.0,0.0,0.0,0.0,0.0,0.0,0.0,0.0,0.0,0.0,0.0,0.0,0.0,0.0,0.0,0.0,120.32752482096355,1.1324238305993946,120.48066057477679,1.2489501730250567,118.58062635149274,2.3336824763206154,0.023196765530224983
2022-08-19,118.97764927887584,119.10667878809409,116.79402229086824,117.24067687988281,20187000,0.0,0.0,120.0376953125,116.58459663391113,57.48299705084675,1.8520646820323918,1.798971302639778,4.4546656470400245,-0.02267087456849437,0.0,0.0,0.0,0.0,0.0,0.0,0.0,0.0,0.0,15652000.0,17589200.0,15626200.0,0.0,0.0,0.0,0.0,0.0,0.0,0.0,0.0,0.0,0.0,0.0,0.0,0.0,0.0,0.0,0.0,0.0,0.0,0.0,0.0,0.0,0.0,0.0,0.0,118.87508646647136,1.4405865898453487,120.12192208426339,1.7523665042769145,118.76779392787388,2.083267416924897,0.026505633601101364
2022-08-22,115.23571001917952,115.6327337956586,113.81635512977093,114.21337890625,19316000,0.0,0.0,118.4873260498047,116.92504348754883,47.95263646878141,1.362741482315755,1.7117253385749733,3.947459040558176,-0.025821225654764746,0.0,0.0,0.0,0.0,0.0,0.0,0.0,0.0,0.0,20187000.0,15652000.0,17589200.0,0.0,0.0,0.0,0.0,0.0,0.0,0.0,0.0,0.0,0.0,0.0,0.0,0.0,0.0,0.0,0.0,0.0,0.0,0.0,0.0,0.0,0.0,0.0,0.0,117.1381123860677,2.8748237501551857,119.44840349469867,2.849993955297786,118.70894949776786,2.2048362125566014,0.0026138646539435317
2022-08-23,113.46897184272552,115.06698718921282,113.44912405987819,113.91561889648438,14390700,0.0,0.0,116.95085144042969,117.38807067871093,38.66592566875569,0.9400858523306255,1.5573974413261038,2.8124053438753505,-0.0026070501776331856,0.0,0.0,0.0,0.0,0.0,0.0,0.0,0.0,0.0,19316000.0,20187000.0,15652000.0,0.0,0.0,0.0,0.0,0.0,0.0,0.0,0.0,0.0,0.0,0.0,0.0,0.0,0.0,0.0,0.0,0.0,0.0,0.0,0.0,0.0,0.0,0.0,0.0,115.12322489420573,1.8398009239016964,118.33106776646206,3.3007547805830018,118.42465373447963,2.5477009046652737,0.0006103723083439316
2022-08-24,113.5979914578415,114.85556534654049,112.93298098774915,113.84613037109375,16051200,0.0,0.0,115.83521728515625,117.44266090393066,38.20032190708195,0.5926889282104781,1.3644557387029788,2.7270284661919257,-0.0006099999812472223,0.0,0.0,0.0,0.0,0.0,0.0,0.0,0.0,0.0,14390700.0,19316000.0,20187000.0,0.0,0.0,0.0,0.0,0.0,0.0,0.0,0.0,0.0,0.0,0.0,0.0,0.0,0.0,0.0,0.0,0.0,0.0,0.0,0.0,0.0,0.0,0.0,0.0,113.99170939127605,0.19509022064573847,117.17119707380023,3.236777090683372,118.12901360648019,2.827422818306902,-0.02548854586392446
2022-08-25,114.29278672262073,116.90320540419083,114.19353267030758,116.82379913330078,14874700,0.0,0.0,115.20792083740234,117.59700317382813,48.701280501219614,0.5512923911618088,1.2018230691947447,2.590176730399384,0.02615520398015292,0.0,0.0,0.0,0.0,0.0,0.0,0.0,0.0,0.0,16051200.0,14390700.0,19316000.0,0.0,0.0,0.0,0.0,0.0,0.0,0.0,0.0,0.0,0.0,0.0,0.0,0.0,0.0,0.0,0.0,0.0,0.0,0.0,0.0,0.0,0.0,0.0,0.0,114.86184946695964,1.6994534514755337,116.48916952950614,2.586129576616868,118.09214673723493,2.8418313331933898,0.057502244692280824
2022-08-26,114.94786355566094,115.73198340162622,110.3920369095038,110.47144317626953,31698700,0.0,0.0,113.85407409667968,117.33199081420898,37.015934993514236,0.005836026347253664,0.9626256606252465,3.0219242895737315,-0.05437552967938453,0.0,0.0,0.0,0.0,0.0,0.0,0.0,0.0,0.0,14874700.0,16051200.0,14390700.0,0.0,0.0,0.0,0.0,0.0,0.0,0.0,0.0,0.0,0.0,0.0,0.0,0.0,0.0,0.0,0.0,0.0,0.0,0.0,0.0,0.0,0.0,0.0,0.0,113.71379089355469,3.17824509032797,115.21018981933594,3.0625671768645706,117.60721206665039,3.498124116356733,0.008700352306726833
2022-08-29,109.9553197678231,111.12653580240911,108.9925395225364,109.51859283447266,20386100,0.0,0.0,112.91511688232421,117.07690391540527,36.57163056032725,-0.49759318732712643,0.6705818910347718,3.4481360588146655,-0.008625309078985177,0.0,0.0,0.0,0.0,0.0,0.0,0.0,0.0,0.0,31698700.0,14874700.0,16051200.0,0.0,0.0,0.0,0.0,0.0,0.0,0.0,0.0,0.0,0.0,0.0,0.0,0.0,0.0,0.0,0.0,0.0,0.0,0.0,0.0,0.0,0.0,0.0,0.0,112.27127838134766,3.9712800003510518,113.71852002825055,2.902047018805354,117.09959030151367,4.113144289512657,0.003912264457076375
2022-08-30,110.20345437435583,110.54092723851655,107.99005948003216,109.091796875,20548200,0.0,0.0,111.95035247802734,116.77963371276856,27.568916270455915,-0.9203936086273501,0.3523867911023475,3.864394539784203,-0.0038970182909281448,0.0,0.0,0.0,0.0,0.0,0.0,0.0,0.0,0.0,20386100.0,31698700.0,14874700.0,0.0,0.0,0.0,0.0,0.0,0.0,0.0,0.0,0.0,0.0,0.0,0.0,0.0,0.0,0.0,0.0,0.0,0.0,0.0,0.0,0.0,0.0,0.0,0.0,109.69394429524739,0.7063406262196087,112.5543943132673,2.8880766057324014,116.33815819876534,4.548091882671889,0.006962883891536098
2022-08-31,110.79898963531326,110.93794682696662,108.23820169441632,108.33745574951172,25898000,0.0,0.0,110.84861755371094,116.30171852111816,27.649783682913124,-1.301334044344486,0.021642624012980782,4.2870302027169265,-0.006914737378032387,0.0,0.0,0.0,0.0,0.0,0.0,0.0,0.0,0.0,20548200.0,20386100.0,31698700.0,0.0,0.0,0.0,0.0,0.0,0.0,0.0,0.0,0.0,0.0,0.0,0.0,0.0,0.0,0.0,0.0,0.0,0.0,0.0,0.0,0.0,0.0,0.0,0.0,108.9826151529948,0.5980900347625596,111.71497671944755,3.1660676602717217,115.5816901070731,4.947410462954024,-0.012663968969295447
2022-09-01,108.38707927111064,110.39204602317912,107.38460346767542,109.72703552246094,22784400,0.0,0.0,109.42926483154297,115.88881568908691,23.03913811069161,-1.4741119645788388,-0.27750829370538316,4.508336523430845,0.012826402127829928,0.0,0.0,0.0,0.0,0.0,0.0,0.0,0.0,0.0,25898000.0,20548200.0,20386100.0,0.0,0.0,0.0,0.0,0.0,0.0,0.0,0.0,0.0,0.0,0.0,0.0,0.0,0.0,0.0,0.0,0.0,0.0,0.0,0.0,0.0,0.0,0.0,0.0,109.05209604899089,0.6956400671586652,111.11660766601562,3.0753501729911528,114.72383771623883,4.838039063516158,0.017206548674606914
2022-09-02,110.51114289368336,110.84365570169682,107.32504015270432,107.8709487915039,20618100,0.0,0.0,108.90916595458984,115.4153663635254,20.514971508757412,-1.7407441830202544,-0.5701554715683574,4.833404717709021,-0.016915491447657804,0.0,0.0,0.0,0.0,0.0,0.0,0.0,0.0,0.0,22784400.0,25898000.0,20548200.0,0.0,0.0,0.0,0.0,0.0,0.0,0.0,0.0,0.0,0.0,0.0,0.0,0.0,0.0,0.0,0.0,0.0,0.0,0.0,0.0,0.0,0.0,0.0,0.0,108.64514668782552,0.9655411815913215,110.26301029750279,3.0202174363925596,113.71710368565151,4.679096655615473,0.011164758970465538
2022-09-06,107.33001628702269,108.06946546149767,105.71711322121716,106.67989349365234,20565100,0.0,0.0,108.34142608642578,114.88633460998535,19.8314128102689,-2.024819486949454,-0.8610882746445767,5.18692989473872,-0.011041483468859359,0.0,0.0,0.0,0.0,0.0,0.0,0.0,0.0,0.0,20618100.0,22784400.0,25898000.0,0.0,0.0,0.0,0.0,0.0,0.0,0.0,0.0,0.0,0.0,0.0,0.0,0.0,0.0,0.0,0.0,0.0,0.0,0.0,0.0,0.0,0.0,0.0,0.0,108.09262593587239,1.5356185083490674,108.81388092041016,1.279663002498133,112.65152522495815,4.438804541393825,-0.027154249109234807
2022-09-07,106.95780941251782,110.16376023453637,106.81388458855325,109.65756225585938,22987200,0.0,0.0,108.45457916259765,114.53794784545899,30.870936583628108,-1.986775912279768,-1.0862258021716151,5.29681728870671,0.027912183492986076,0.0,0.0,0.0,-0.9882,-0.9882000000000001,1.0,2405.0,0.0,0.0,20565100.0,20618100.0,22784400.0,0.0,0.0,0.0,0.0,0.0,0.0,0.0,0.0,0.0,0.0,0.0,0.0,0.0,0.0,0.0,0.0,0.0,0.0,0.0,0.0,0.0,0.0,0.0,0.0,108.06946818033855,1.498727885629371,108.69761221749442,1.1324664148491201,111.95390101841518,4.042263474182341,0.009687581400720457
2022-09-08,108.36722699493593,109.75680643003494,107.25556193233697,108.60543823242188,21660700,0.0,0.0,108.50817565917968,113.98062744140626,28.20122165562107,-2.0182584933993155,-1.2726323404171553,5.305741710277643,-0.009594632616240606,0.0,0.0,0.0,0.0,0.0,0.0,0.0,0.0,0.0,22987200.0,20565100.0,20618100.0,0.0,0.0,0.0,0.0,0.0,0.0,0.0,0.0,0.0,-0.9882,0.0,0.0,-0.9882000000000001,0.0,0.0,1.0,0.0,0.0,2405.0,0.0,0.0,0.0,0.0,0.0,108.31429799397786,1.5100330437399554,108.5671615600586,1.0731764639346577,111.14284079415458,3.400443828155268,-0.021112889771044308
2022-09-09,109.2307513287724,111.1662317998191,109.18112051767947,110.94786834716797,21732900,0.0,0.0,108.7523422241211,113.5816204071045,37.7416816797358,-1.8330637145428597,-1.3847186152422963,5.213362980021981,0.021568258025285614,0.0,0.0,0.0,0.0,0.0,0.0,0.0,0.0,0.0,21660700.0,22987200.0,20565100.0,0.0,0.0,0.0,0.0,0.0,0.0,0.0,0.0,0.0,0.0,-0.9882,0.0,0.0,-0.9882000000000001,0.0,0.0,1.0,0.0,0.0,2405.0,0.0,0.0,0.0,0.0,109.73695627848308,1.1732315494983798,108.83231462751117,1.403010209318257,110.69335447038922,2.913431956180971,-0.0008045970456378448
2022-09-12,111.1563103943137,111.80147311192768,110.10420377865334,111.0372085571289,19732900,0.0,0.0,109.38559417724609,113.0466323852539,43.01312396218188,-1.659951620746284,-1.4397652163430938,4.870123715512589,0.000805244943340222,0.0,0.0,0.0,0.0,0.0,0.0,0.0,0.0,0.0,21732900.0,21660700.0,22987200.0,0.0,0.0,0.0,0.0,0.0,0.0,0.0,0.0,0.0,0.0,0.0,-0.9882,0.0,0.0,-0.9882000000000001,0.0,0.0,1.0,0.0,0.0,2405.0,0.0,0.0,0.0,110.19683837890625,1.378916689996743,109.2179936000279,1.6013567126838613,110.46648515973773,2.736536313679805,0.062292319580754985
2022-09-13,108.079390373467,108.55582044496477,104.21834927747148,104.52603912353516,33015000,0.0,0.0,108.95482330322265,112.17467308044434,33.77916185924177,-2.024815187309187,-1.5567752105363124,4.74894418117959,-0.058639527399896196,0.0,0.0,0.0,0.0,0.0,0.0,0.0,0.0,0.0,19732900.0,21732900.0,21660700.0,0.0,0.0,0.0,0.0,0.0,0.0,0.0,0.0,0.0,0.0,0.0,0.0,0.0,0.0,0.0,0.0,0.0,0.0,0.0,0.0,0.0,0.0,0.0,0.0,108.83703867594402,3.7337023547587087,108.47499411446708,2.3550313306276878,109.79580089024135,2.9670904561321683,-0.005289585089751969
2022-09-14,104.65507939205258,105.31016224109364,103.72207457550999,105.08187866210938,22115800,0.0,0.0,108.03968658447266,111.34886741638184,35.10965277270091,-2.2432616630228353,-1.694072501033617,4.45070449926558,0.0053177135882600535,0.0,0.0,0.0,0.0,0.0,0.0,0.0,0.0,0.0,33015000.0,19732900.0,21732900.0,0.0,0.0,0.0,0.0,0.0,0.0,0.0,0.0,0.0,0.0,0.0,0.0,0.0,0.0,0.0,0.0,0.0,0.0,0.0,0.0,0.0,0.0,0.0,0.0,106.88170878092448,3.6094837845163745,108.07655552455357,2.6868235260476285,109.16978291102818,2.97135620160425,0.018960565367971416
2022-09-15,104.22827859607038,105.41934243467084,102.54092932335399,103.12654113769531,26494900,0.0,0.0,106.94390716552735,110.53397941589355,25.891030115548887,-2.5448262922329405,-1.8642232592734818,4.385861318980228,-0.018607751872246614,0.0,0.0,0.0,0.0,0.0,0.0,0.0,0.0,0.0,22115800.0,33015000.0,19732900.0,0.0,0.0,0.0,0.0,0.0,0.0,0.0,0.0,0.0,0.0,0.0,0.0,0.0,0.0,0.0,0.0,0.0,0.0,0.0,0.0,0.0,0.0,0.0,0.0,104.24481964111328,1.0075462801109596,107.56893375941685,3.2675766394276082,108.19140733991351,2.4700076920549954,0.002605498122479233
2022-09-16,102.20346057855498,103.25556718639018,101.0967631048831,102.8585433959961,64540100,0.0,0.0,105.32604217529297,109.67889251708985,32.948012044280844,-2.7734727441743274,-2.046073156253651,4.109766852867375,-0.0025987271437852844,0.0,0.0,0.0,0.0,0.0,0.0,0.0,0.0,0.0,26494900.0,22115800.0,33015000.0,0.0,0.0,0.0,0.0,0.0,0.0,0.0,0.0,0.0,0.0,0.0,0.0,0.0,0.0,0.0,0.0,0.0,0.0,0.0,0.0,0.0,0.0,0.0,0.0,103.6889877319336,1.2136987084582476,106.59764535086495,3.542220178050876,107.64762878417969,2.7514099429808754,-0.00211842703628351
2022-09-19,101.77665879894217,103.24563694250317,101.60792615331398,103.076904296875,19738600,0.0,0.0,103.73398132324219,108.97070388793945,35.08048313559625,-2.9035860720449165,-2.2175757394119042,3.955599170362932,0.0021229242965092876,0.0,0.0,0.0,0.0,0.0,0.0,0.0,0.0,0.0,64540100.0,26494900.0,22115800.0,0.0,0.0,0.0,0.0,0.0,0.0,0.0,0.0,0.0,0.0,0.0,0.0,0.0,0.0,0.0,0.0,0.0,0.0,0.0,0.0,0.0,0.0,0.0,0.0,103.02066294352214,0.14257634712312806,105.80785478864398,3.6350594705715773,107.18750817435128,2.946189180951904,0.019836949834771245
2022-09-20,102.11412409518287,102.40196614676198,100.36723157694932,101.07194519042969,24001700,0.0,0.0,103.0431625366211,108.31363220214844,32.69068636685185,-3.1323771713517488,-2.400536025799873,4.1266681777985585,-0.019451099352681078,0.0,0.0,0.0,0.0,0.0,0.0,0.0,0.0,0.0,19738600.0,64540100.0,26494900.0,0.0,0.0,0.0,0.0,0.0,0.0,0.0,0.0,0.0,0.0,0.0,0.0,0.0,0.0,0.0,0.0,0.0,0.0,0.0,0.0,0.0,0.0,0.0,0.0,102.33579762776692,1.0999602757738125,104.39700862339565,3.1978543888632567,106.61466162545341,3.3052411731412676,0.0181981652806138
2022-09-21,101.47889021763504,102.71958481292508,99.24563994611297,99.26549530029297,26596800,0.0,0.0,101.87988586425782,107.58112602233886,31.270519923108765,-3.420037115932388,-2.604436243826376,4.3728446428857195,-0.017872911090542343,0.0,0.0,0.0,0.0,0.0,0.0,0.0,0.0,0.0,24001700.0,19738600.0,64540100.0,0.0,0.0,0.0,0.0,0.0,0.0,0.0,0.0,0.0,0.0,0.0,0.0,0.0,0.0,0.0,0.0,0.0,0.0,0.0,0.0,0.0,0.0,0.0,0.0,101.13811492919922,1.9065658815139355,102.71533530099052,1.991717593621165,105.96666445050921,3.794567686968876,-0.005568192066818578
2022-09-22,98.70965454640623,100.92305693710516,98.66995898502375,99.82131958007812,21272700,0.0,0.0,101.21884155273438,106.87988548278808,28.82004076902598,-3.5620976756530496,-2.795968530191711,4.439317075209708,0.005599370436864426,0.0,0.0,0.0,0.0,0.0,0.0,0.0,0.0,0.0,26596800.0,24001700.0,19738600.0,0.0,0.0,0.0,0.0,0.0,0.0,0.0,0.0,0.0,0.0,0.0,0.0,0.0,0.0,0.0,0.0,0.0,0.0,0.0,0.0,0.0,0.0,0.0,0.0,100.05292002360027,0.9252266616744548,102.04323250906808,2.0710809317834706,105.25911331176758,3.959406943601568,0.014117192032488957
2022-09-23,99.31511371020326,99.36474452064054,97.28037921644933,98.4317398071289,25657000,0.0,0.0,100.33348083496094,105.9602825164795,29.406683120689394,-3.7436546467731517,-2.9855057535079994,4.167667150982299,-0.013920671243325744,0.0,0.0,0.0,0.0,0.0,0.0,0.0,0.0,0.0,21272700.0,26596800.0,24001700.0,0.0,0.0,0.0,0.0,0.0,0.0,0.0,0.0,0.0,0.0,0.0,0.0,0.0,0.0,0.0,0.0,0.0,0.0,0.0,0.0,0.0,0.0,0.0,0.0,99.1728515625,0.6994069866403761,101.0932126726423,1.9675705248492938,104.58488409859794,4.271793871410605,0.003643227143267369
2022-09-26,97.87592424978169,99.69230311079619,97.64763309268717,98.07443237304688,22437900,0.0,0.0,99.3329864501953,105.34043197631836,30.516868217000706,-3.8717405630843587,-3.162752715423271,4.378003079328838,-0.0036300022206470217,0.0,0.0,0.0,0.0,0.0,0.0,0.0,0.0,0.0,25657000.0,21272700.0,26596800.0,0.0,0.0,0.0,0.0,0.0,0.0,0.0,0.0,0.0,0.0,0.0,0.0,0.0,0.0,0.0,0.0,0.0,0.0,0.0,0.0,0.0,0.0,0.0,0.0,98.7758305867513,0.9228773358296326,100.3714828491211,2.0232134054867066,103.97020830426898,4.556772188336516,0.007340331087948959
2022-09-27,99.16623789732465,99.71213895725225,96.61536262588275,97.35977935791016,24225000,0.0,0.0,98.5905532836914,104.73249130249023,18.978478668620454,-3.98497973447202,-3.3271981192330213,4.605564478180304,-0.0072868432459377575,0.0,0.0,0.0,0.5023,0.5023,1.0,2.0,1.0,0.0,22437900.0,25657000.0,21272700.0,0.0,0.0,0.0,0.0,0.0,0.0,0.0,0.0,0.0,0.0,0.0,0.0,0.0,0.0,0.0,0.0,0.0,0.0,0.0,0.0,0.0,0.0,0.0,0.0,97.95531717936198,0.545816931944252,99.58594512939453,1.9632352591324764,103.09179524012974,4.561405728162195,-0.026305410457597822
2022-09-28,97.29030618867614,100.64514929447122,97.07195029609333,99.99005889892578,24617000,0.0,0.0,98.73546600341797,104.27740440368652,29.870165522291686,-3.818464139159431,-3.4254513232183035,4.601820563128756,0.027016079518281222,0.0,0.0,0.0,0.9757,0.9757,1.0,98.0,1.0,0.0,24225000.0,22437900.0,25657000.0,0.0,0.0,0.0,0.0,0.0,0.0,0.0,0.0,0.0,0.5023,0.0,0.0,0.5023,0.0,0.0,1.0,0.0,0.0,2.0,0.0,0.0,1.0,0.0,0.0,98.47475687662761,1.360068894246348,99.14496721540179,1.2741688455296207,102.47641100202289,4.335916454068344,0.027016079518281222
2022-09-29,98.5607783494678,98.5607783494678,95.80146730177007,97.35977935791016,21921500,0.0,0.0,98.24315795898437,103.72852058410645,18.672817356455766,-3.854310811184604,-3.511223220811564,4.744538953835248,-0.026305410457597822,0.0,0.0,0.0,0.0,0.0,0.0,0.0,0.0,0.0,24617000.0,24225000.0,22437900.0,0.0,0.0,0.0,0.0,0.0,0.0,0.0,0.0,0.0,0.9757,0.5023,0.0,0.9757,0.5023,0.0,1.0,1.0,0.0,98.0,2.0,0.0,1.0,1.0,0.0,98.23653920491536,1.5185926010492603,98.61465781075614,1.0989459039775547,101.50583321707589,3.778769253999666,0.020176748205556816
2022-09-30,97.00246672969558,98.75333483071957,95.3151175859504,95.4342269897461,26277800,0.0,0.0,97.6436553955078,103.01388015747071,16.835458556526092,-3.9920773578250106,-3.6073940482142532,4.86827135526234,-0.01977769856159417,0.0,0.0,0.0,0.0,0.0,0.0,0.0,0.0,0.0,21921500.0,24617000.0,24225000.0,0.0,0.0,0.0,0.0,0.0,0.0,0.0,0.0,0.0,0.0,0.9757,0.5023,0.0,0.9757,0.5023,0.0,1.0,1.0,0.0,98.0,2.0,0.0,1.0,1.0,97.59468841552734,2.286982246364776,98.0673337663923,1.5727204721907695,100.3913345336914,2.9646123870091725,-0.031722113898307036
2022-10-03,96.49626572648086,99.22579388340206,96.2977500442363,98.56078338623047,24840000,0.0,0.0,97.74092559814453,102.54837188720703,35.18977472822216,-3.8051084455550495,-3.646936927682413,4.824314785954119,0.032761373933696936,0.0,0.0,0.0,0.0,0.0,0.0,0.0,0.0,0.0,26277800.0,21921500.0,24617000.0,0.0,0.0,0.0,0.0,0.0,0.0,0.0,0.0,0.0,0.0,0.0,0.9757,0.0,0.0,0.9757,0.0,0.0,1.0,0.0,0.0,98.0,0.0,0.0,1.0,97.1182632446289,1.5772083723560353,97.8872571672712,1.401233463996289,99.96524483816964,2.7451978676770694,-0.030368100415832378
2022-10-04,100.28782480372733,101.95531861557453,100.28782480372733,101.64762878417969,22580900,0.0,0.0,98.59849548339844,102.2967586517334,42.42555697650939,-3.369015693990846,-3.5913526809441,4.727756410555108,0.03131920518379805,0.0,0.0,0.0,0.0,0.0,0.0,0.0,0.0,0.0,24840000.0,26277800.0,21921500.0,0.0,0.0,0.0,0.0,0.0,0.0,0.0,0.0,0.0,0.0,0.0,0.0,0.0,0.0,0.0,0.0,0.0,0.0,0.0,0.0,0.0,0.0,0.0,0.0,98.54754638671875,3.106722047171983,98.34666987827846,2.006125802080412,99.71994127546039,2.382266013181905,0.001858789591770993
2022-10-05,99.94042887742157,101.97516337677725,98.99749648470683,101.45903778076172,18475500,0.0,0.0,98.89229125976563,101.88683242797852,46.011375162464525,-3.003998539117873,-3.4738818525788546,4.4000089070129045,-0.0018553409034104407,0.0,0.0,0.0,0.0,0.0,0.0,0.0,0.0,0.0,22580900.0,24840000.0,26277800.0,0.0,0.0,0.0,0.0,0.0,0.0,0.0,0.0,0.0,0.0,0.0,0.0,0.0,0.0,0.0,0.0,0.0,0.0,0.0,0.0,0.0,0.0,0.0,0.0,100.55581665039062,1.7303207608624094,98.83018493652344,2.313851674263125,99.60083389282227,2.2360406237070736,-0.00019554861875459295
2022-10-06,100.74439281651895,102.95779512364284,100.74439281651895,101.4788818359375,17156200,0.0,0.0,99.71611175537109,101.5305046081543,46.660237143755246,-2.682199834583784,-3.315545448979841,4.106021628628273,0.00019558686549592252,0.0,0.0,0.0,0.0,0.0,0.0,0.0,0.0,0.0,18475500.0,22580900.0,24840000.0,0.0,0.0,0.0,0.0,0.0,0.0,0.0,0.0,0.0,0.0,0.0,0.0,0.0,0.0,0.0,0.0,0.0,0.0,0.0,0.0,0.0,0.0,0.0,0.0,101.5285161336263,0.10363066280120471,99.4186281476702,2.3997604822522116,99.50228663853237,2.1081680113359997,0.02681522877970477
2022-10-07,99.90072778966572,100.66499230900759,98.47144522896559,98.82876586914062,24249900,0.0,0.0,100.39501953125,100.92454948425294,40.7996528794417,-2.610917224854731,-3.1746198041548195,3.491326688402317,-0.026114950409892757,0.0,0.0,0.0,0.0,0.0,0.0,0.0,0.0,0.0,17156200.0,18475500.0,22580900.0,0.0,0.0,0.0,0.0,0.0,0.0,0.0,0.0,0.0,0.0,0.0,0.0,0.0,0.0,0.0,0.0,0.0,0.0,0.0,0.0,0.0,0.0,0.0,0.0,100.58889516194661,1.5243489732264413,99.25272914341518,2.3938062188329003,99.19884817940849,1.8431480381521657,0.008712485788596513
2022-10-10,99.10667142714573,99.24562860012439,97.14141565353422,97.97515869140625,16529900,0.0,0.0,100.27789459228515,100.2714469909668,42.941149054929035,-2.5934090037768414,-3.058377644079224,2.6107072448490243,-0.00863723401003147,0.0,0.0,0.0,0.0,0.0,0.0,0.0,0.0,0.0,24249900.0,17156200.0,18475500.0,0.0,0.0,0.0,0.0,0.0,0.0,0.0,0.0,0.0,0.0,0.0,0.0,0.0,0.0,0.0,0.0,0.0,0.0,0.0,0.0,0.0,0.0,0.0,0.0,99.42760213216145,1.8270119377859337,99.34064047677177,2.3229535018883944,98.97764914376395,1.7860021608274281,0.006731060723949911
2022-10-11,97.5185993622589,99.37468128236328,96.52604364355905,97.3200912475586,21617700,0.0,0.0,99.41238708496094,99.91114959716796,45.31997119169051,-2.6023933103757173,-2.967180777338523,2.486941858227854,-0.006686056471834179,0.0,0.0,0.0,0.0,0.0,0.0,0.0,0.0,0.0,16529900.0,24249900.0,17156200.0,0.0,0.0,0.0,0.0,0.0,0.0,0.0,0.0,0.0,0.0,0.0,0.0,0.0,0.0,0.0,0.0,0.0,0.0,0.0,0.0,0.0,0.0,0.0,0.0,98.04133860270183,0.7565114764136045,99.61004965645927,1.8570209810774683,98.83869171142578,1.836840153793771,-0.0025430737912872647
2022-10-12,97.53843138877062,98.90617888511697,96.94289956827008,97.5682144165039,17343400,0.0,0.0,98.63422241210938,99.5354663848877,44.498288487240316,-2.5599820919789096,-2.8857410402666,2.217666685076811,0.0025495575041554197,0.0,0.0,0.0,0.0,0.0,0.0,0.0,0.0,0.0,21617700.0,16529900.0,24249900.0,0.0,0.0,0.0,0.0,0.0,0.0,0.0,0.0,0.0,0.0,0.0,0.0,0.0,0.0,0.0,0.0,0.0,0.0,0.0,0.0,0.0,0.0,0.0,0.0,97.62115478515625,0.3307270036931002,99.46825408935547,1.9840426367353894,98.67775562831334,1.8428179063274002,-0.014140955184962944
2022-10-13,95.21585365692611,99.78160764567457,94.5607633629146,98.96771240234375,32812200,0.0,0.0,98.13198852539062,99.32752494812011,51.3081231335071,-2.3859394793562387,-2.7857807280845277,2.052015682686508,0.014343790077633312,0.0,0.0,0.0,0.0,0.0,0.0,0.0,0.0,0.0,17343400.0,21617700.0,16529900.0,0.0,0.0,0.0,0.0,0.0,0.0,0.0,0.0,0.0,0.0,0.0,0.0,0.0,0.0,0.0,0.0,0.0,0.0,0.0,0.0,0.0,0.0,0.0,0.0,97.95200602213542,0.8883331947183752,99.08540889195034,1.7365399462757027,98.7160393851144,1.8428811883840541,0.026034042899197418
2022-10-14,99.87591213383833,100.53596254882596,96.30767336573908,96.45655822753906,22624800,0.0,0.0,97.65754699707031,99.00742568969727,46.42698278546328,-2.4227111047291032,-2.7131668034134426,1.9699009700520018,-0.025373468920811604,0.0,0.0,0.0,0.0,0.0,0.0,0.0,0.0,0.0,32812200.0,17343400.0,21617700.0,0.0,0.0,0.0,0.0,0.0,0.0,0.0,0.0,0.0,0.0,0.0,0.0,0.0,0.0,0.0,0.0,0.0,0.0,0.0,0.0,0.0,0.0,0.0,0.0,97.6641616821289,1.2583235795077468,98.37076895577567,1.6225081384189401,98.60047694614956,1.934651112053501,-0.0357213353570639
2022-10-17,98.77913243130956,101.01238258672876,98.76921232733415,100.02975463867188,23311600,0.0,0.0,98.06846618652344,98.85506820678711,55.23551037395797,-2.1388702302188562,-2.5983074887745254,1.7434075994425315,0.037044618601295154,0.0,0.0,0.0,0.0,0.0,0.0,0.0,0.0,0.0,22624800.0,32812200.0,17343400.0,0.0,0.0,0.0,0.0,0.0,0.0,0.0,0.0,0.0,0.0,0.0,0.0,0.0,0.0,0.0,0.0,0.0,0.0,0.0,0.0,0.0,0.0,0.0,0.0,98.48467508951823,1.8349187808508371,98.16375078473773,1.1963185273762436,98.79118946620396,1.934537920029375,-0.006016394122448698
2022-10-18,103.16623567095775,103.44415003861235,99.90072670581894,100.63521575927734,21610500,0.0,0.0,98.73149108886719,98.83323173522949,51.37420086649311,-1.8438142963494926,-2.447408850289519,1.7167100760085539,0.006052810214245863,0.0,0.0,0.0,0.0,0.0,0.0,0.0,0.0,0.0,23311600.0,22624800.0,32812200.0,0.0,0.0,0.0,0.0,0.0,0.0,0.0,0.0,0.0,0.0,0.0,0.0,0.0,0.0,0.0,0.0,0.0,0.0,0.0,0.0,0.0,0.0,0.0,0.0,99.04050954182942,2.2581516973197653,98.42181505475726,1.5158486071795585,98.83727209908622,1.972602635693707,0.010968201749427697
2022-10-19,99.95034749024862,100.90220796239446,98.89328090870151,99.54340362548828,21573700,0.0,0.0,99.12652893066407,98.84712715148926,54.977392247975736,-1.678729113291439,-2.293672902889903,1.721511069540946,-0.010849205474957269,0.0,0.0,0.0,0.0,0.0,0.0,0.0,0.0,0.0,21610500.0,23311600.0,22624800.0,0.0,0.0,0.0,0.0,0.0,0.0,0.0,0.0,0.0,0.0,0.0,0.0,0.0,0.0,0.0,0.0,0.0,0.0,0.0,0.0,0.0,0.0,0.0,0.0,100.0694580078125,0.5469878444836367,98.6458500453404,1.5542361079408222,98.99324526105609,1.9327172026266757,-0.0023874156951478875
2022-10-20,100.06946590357555,102.23323764399315,99.2257950686061,99.78162384033203,25125100,0.0,0.0,99.28931121826172,98.84514236450195,60.73532437212646,-1.5112547320670444,-2.1371892687253315,1.7203512688193527,0.0023931290890957246,0.0,0.0,0.0,0.0,0.0,0.0,0.0,0.0,0.0,21573700.0,21610500.0,23311600.0,0.0,0.0,0.0,0.0,0.0,0.0,0.0,0.0,0.0,0.0,0.0,0.0,0.0,0.0,0.0,0.0,0.0,0.0,0.0,0.0,0.0,0.0,0.0,0.0,99.98674774169922,0.5740821326744887,98.99749755859375,1.481027412745092,99.30377360752651,1.6446904076816111,-0.009361492039679287
2022-10-21,97.72703350859237,100.86351316170806,97.49874993779162,100.72455596923828,28988700,0.0,0.0,100.14291076660156,98.95978317260742,55.98902922864193,-1.2876006768694594,-1.9672715503541571,1.7671118988785062,0.009449957743873805,0.0,0.0,0.0,0.0,0.0,0.0,0.0,0.0,0.0,25125100.0,21573700.0,21610500.0,0.0,0.0,0.0,0.0,0.0,0.0,0.0,0.0,0.0,0.0,0.0,0.0,0.0,0.0,0.0,0.0,0.0,0.0,0.0,0.0,0.0,0.0,0.0,0.0,100.0165278116862,0.6246319889380926,99.44840349469867,1.4535772250340986,99.45832879202706,1.6709566758224959,-0.01447020202728988
2022-10-24,101.33000683899147,102.33249020702785,99.55333881634537,102.20346069335938,24680800,0.0,0.0,100.57765197753906,99.16623458862304,51.68878854329412,-0.9797243231309949,-1.7697621049095247,1.8948150705051132,0.014682663129066187,0.0,0.0,0.0,0.0,0.0,0.0,0.0,0.0,0.0,28988700.0,25125100.0,21573700.0,0.0,0.0,0.0,0.0,0.0,0.0,0.0,0.0,0.0,0.0,0.0,0.0,0.0,0.0,0.0,0.0,0.0,0.0,0.0,0.0,0.0,0.0,0.0,0.0,100.90321350097656,1.2207630076739773,99.91065325055804,1.7578809629259418,99.49803107125419,1.7324481936664604,-0.0186791430166916
2022-10-25,102.53100927223,104.31760503106875,102.25308730865137,104.14887237548828,29910200,0.0,0.0,101.28038330078125,99.50568923950195,57.38423967226025,-0.5721561702244173,-1.5302409179725032,2.145680710187102,0.019034694803199637,0.0,0.0,0.0,0.0,0.0,0.0,0.0,0.0,0.0,24680800.0,28988700.0,25125100.0,0.0,0.0,0.0,0.0,0.0,0.0,0.0,0.0,0.0,0.0,0.0,0.0,0.0,0.0,0.0,0.0,0.0,0.0,0.0,0.0,0.0,0.0,0.0,0.0,102.35896301269531,1.7174461974155486,101.00955527169364,1.6390801402713266,99.69016211373466,2.0807889492329297,0.10662332372033267
2022-10-26,96.03967296047074,97.80642055099915,93.8659739772983,94.1141128540039,71504300,0.0,0.0,100.19452514648438,99.21189193725586,36.95497353331882,-1.046809731111452,-1.433554680600293,2.4557463582902583,-0.09635015043951722,0.0,0.0,0.0,0.0,0.0,0.0,0.0,0.0,0.0,29910200.0,24680800.0,28988700.0,0.0,0.0,0.0,0.0,0.0,0.0,0.0,0.0,0.0,0.0,0.0,0.0,0.0,0.0,0.0,0.0,0.0,0.0,0.0,0.0,0.0,0.0,0.0,0.0,100.15548197428386,5.3216315438824555,100.16446358816964,3.1012728413149944,99.16410718645368,2.485409864935777,0.02397394253615004
2022-10-27,93.60792142239198,94.46151989170572,91.21586623101646,91.91065216064453,54036500,0.0,0.0,98.62033081054688,98.93943557739257,37.549112413360724,-1.5825344881870933,-1.463350642117653,2.9287705814562233,-0.02341264903359952,0.0,0.0,0.0,0.0,0.0,0.0,0.0,0.0,0.0,71504300.0,29910200.0,24680800.0,0.0,0.0,0.0,0.0,0.0,0.0,0.0,0.0,0.0,0.0,0.0,0.0,0.0,0.0,0.0,0.0,0.0,0.0,0.0,0.0,0.0,0.0,0.0,0.0,96.72454579671223,6.523364056837162,98.91809735979352,4.372969118450992,98.66995620727539,3.154800638667488,-0.041209429881198134
2022-10-28,91.84117699580668,96.13894496083813,91.63571724053354,95.86103057861328,35696900,0.0,0.0,97.64762573242187,98.96077575683594,46.57668549160414,-1.6690973786142536,-1.5044999894169733,2.9033304586075674,0.042980637446290215,0.0,0.0,0.0,0.0,0.0,0.0,0.0,0.0,0.0,54036500.0,71504300.0,29910200.0,0.0,0.0,0.0,0.0,0.0,0.0,0.0,0.0,0.0,0.0,0.0,0.0,0.0,0.0,0.0,0.0,0.0,0.0,0.0,0.0,0.0,0.0,0.0,0.0,93.96193186442058,1.9795811934550651,98.39204406738281,4.504713797402355,98.51894705636161,3.2400621885608083,0.02028313316408603
2022-10-31,95.06697975664831,95.63273617907231,93.67740032027045,93.955322265625,29868700,0.0,0.0,95.997998046875,98.73050270080566,44.763660843723244,-1.8699185698298777,-1.5775837054995543,3.1118727178945704,-0.019879906375776524,0.0,0.0,0.0,0.0,0.0,0.0,0.0,0.0,0.0,35696900.0,54036500.0,71504300.0,0.0,0.0,0.0,0.0,0.0,0.0,0.0,0.0,0.0,0.0,0.0,0.0,0.0,0.0,0.0,0.0,0.0,0.0,0.0,0.0,0.0,0.0,0.0,0.0,93.90900166829427,1.9755965199379315,97.5597152709961,4.737419272888036,98.27860641479492,3.4535908187000612,0.04596681148647086
2022-11-01,94.8783989975548,95.44912308828071,89.75681534682231,89.8262939453125,43220600,0.0,0.0,93.13348236083985,98.13943595886231,39.250296563926334,-2.3353286731738336,-1.7291326990344102,3.6112353589845654,-0.04394672085354734,0.0,0.0,0.0,0.0,0.0,0.0,0.0,0.0,0.0,29868700.0,35696900.0,54036500.0,0.0,0.0,0.0,0.0,0.0,0.0,0.0,0.0,0.0,0.0,0.0,0.0,0.0,0.0,0.0,0.0,0.0,0.0,0.0,0.0,0.0,0.0,0.0,0.0,93.21421559651692,3.084872911413482,96.00282069614956,5.283322690911008,97.72561209542411,4.129727643357673,0.03939375748180529
2022-11-02,90.23323132614078,90.62032739616181,86.36226305333224,86.42181396484375,43553600,0.0,0.0,91.59502258300782,97.3875747680664,33.498712542823256,-2.9449352349402744,-1.9722932062155831,4.3694899104675775,-0.03790070625135045,0.0,0.0,0.0,0.0,0.0,0.0,0.0,0.0,0.0,43220600.0,29868700.0,35696900.0,0.0,0.0,0.0,0.0,0.0,0.0,0.0,0.0,0.0,0.0,0.0,0.0,0.0,0.0,0.0,0.0,0.0,0.0,0.0,0.0,0.0,0.0,0.0,0.0,90.06781005859375,3.7725567396946573,93.74829973493304,5.55650807906296,96.82947649274554,5.089209308807509,0.042879333469346026
2022-11-03,85.70221895576579,85.90569468178349,82.82876610350229,82.86846923828125,48510400,0.0,0.0,89.78658599853516,96.4570541381836,32.604840669373814,-3.6724443970193477,-2.312323444376336,5.328694213923643,-0.04111629418017071,0.0,0.0,0.0,0.0,0.0,0.0,0.0,0.0,0.0,43553600.0,43220600.0,29868700.0,0.0,0.0,0.0,0.0,0.0,0.0,0.0,0.0,0.0,0.0,0.0,0.0,0.0,0.0,0.0,0.0,0.0,0.0,0.0,0.0,0.0,0.0,0.0,0.0,86.3721923828125,3.479177760548577,90.70824214390346,4.66822310026578,95.85889870779855,6.314105249170971,-0.037024224367638414
2022-11-04,84.87343696802398,86.08435608999167,83.25556638887753,86.05457305908203,40173300,0.0,0.0,87.8252944946289,95.81834449768067,31.930204959796242,-3.94641686141037,-2.639142127783143,5.77623194630806,0.03844772143237507,0.0,0.0,0.0,0.0,0.0,0.0,0.0,0.0,0.0,48510400.0,43553600.0,43220600.0,0.0,0.0,0.0,0.0,0.0,0.0,0.0,0.0,0.0,0.0,0.0,0.0,0.0,0.0,0.0,0.0,0.0,0.0,0.0,0.0,0.0,0.0,0.0,0.0,85.11495208740234,1.954157200499058,89.55687931605748,4.682076953853155,94.86067145211356,6.697079623830261,-0.021996642166895786
2022-11-07,86.68980586266004,88.27790094290526,86.312637446031,87.99005889892578,26899900,0.0,0.0,86.63224182128906,95.31908950805663,34.19356598391266,-3.9616965102601114,-2.9036530042785365,6.0069142245003,0.022491376937224583,0.0,0.0,0.0,0.0,0.0,0.0,0.0,0.0,0.0,40173300.0,48510400.0,43553600.0,0.0,0.0,0.0,0.0,0.0,0.0,0.0,0.0,0.0,0.0,0.0,0.0,0.0,0.0,0.0,0.0,0.0,0.0,0.0,0.0,0.0,0.0,0.0,0.0,85.63770039876302,2.586118186432333,88.99679456438336,4.587117517625471,93.95744596208844,6.71106954815342,-0.002924389412890749
2022-11-08,88.49626972299257,89.73199672129972,86.99750849776242,88.24813079833984,30172000,0.0,0.0,86.31660919189453,94.8654914855957,35.58036420417312,-3.907933274388455,-3.10450905830052,6.187665052782113,0.0029329665492157098,0.0,0.0,0.0,0.0,0.0,0.0,0.0,0.0,0.0,26899900.0,40173300.0,48510400.0,0.0,0.0,0.0,0.0,0.0,0.0,0.0,0.0,0.0,0.0,0.0,0.0,0.0,0.0,0.0,0.0,0.0,0.0,0.0,0.0,0.0,0.0,0.0,0.0,87.43092091878255,1.1989163229738735,87.90923745291573,3.449956057779336,93.15064076014927,6.666680525565607,0.01727685553050229
2022-11-09,87.8858473957141,88.82381228007551,86.70967125078771,86.74937438964844,26743900,0.0,0.0,86.38212127685547,94.32454948425293,33.88168131614084,-3.9408351447049768,-3.2717742755814117,6.407935285338097,-0.016983435174579342,0.0,0.0,0.0,0.0,0.0,0.0,0.0,0.0,0.0,30172000.0,26899900.0,40173300.0,0.0,0.0,0.0,0.0,0.0,0.0,0.0,0.0,0.0,0.0,0.0,0.0,0.0,0.0,0.0,0.0,0.0,0.0,0.0,0.0,0.0,0.0,0.0,0.0,87.66252136230469,0.8012666981536175,86.87981632777623,2.1903335589405146,92.21976579938617,6.57884172544422,-0.07189112805934195
2022-11-10,91.65258496845573,93.84613961602565,90.96772672020228,93.46896362304688,42371200,0.0,0.0,88.5022201538086,94.04961204528809,42.14821937247842,-3.385667552747904,-3.29455293101471,6.3155293613842005,0.07745980049627033,0.0,0.0,0.0,0.0,0.0,0.0,0.0,0.0,0.0,26743900.0,30172000.0,26899900.0,0.0,0.0,0.0,0.0,0.0,0.0,0.0,0.0,0.0,0.0,0.0,0.0,0.0,0.0,0.0,0.0,0.0,0.0,0.0,0.0,0.0,0.0,0.0,0.0,89.48882293701172,3.5274222321154642,87.40019771030971,3.204812028851898,91.70150920322963,6.127641286741854,-0.026465542697468813
2022-11-11,94.00495141605279,96.63522559091078,93.45905031312702,96.00991821289062,30569100,0.0,0.0,90.49328918457032,94.02728004455567,43.44814071824778,-2.709426850426496,-3.1775277148970673,6.307354717675008,0.027185008706111624,0.0,0.0,0.0,0.0,0.0,0.0,0.0,0.0,0.0,42371200.0,26743900.0,30172000.0,0.0,0.0,0.0,0.0,0.0,0.0,0.0,0.0,0.0,0.0,0.0,0.0,0.0,0.0,0.0,0.0,0.0,0.0,0.0,0.0,0.0,0.0,0.0,0.0,92.07608540852864,4.784819773607637,88.76992688860211,4.502996540596615,91.25911331176758,5.502833158077734,0.007289438111015123
2022-11-14,94.78907119211138,96.45656510342108,94.404951098873,95.31512451171875,24170100,0.0,0.0,91.9583023071289,93.791548538208,40.401212547877584,-2.2041571156479307,-2.9828535950472403,6.157533692938831,-0.007236686730961006,0.0,0.0,0.0,0.0,0.0,0.0,0.0,0.0,0.0,30569100.0,42371200.0,26743900.0,0.0,0.0,0.0,0.0,0.0,0.0,0.0,0.0,0.0,0.0,0.0,0.0,0.0,0.0,0.0,0.0,0.0,0.0,0.0,0.0,0.0,0.0,0.0,0.0,94.93133544921875,1.313233829248531,90.5480204990932,4.233654024228217,90.62813132149833,4.282223077202705,-0.02724878870783798
2022-11-15,97.93546897850322,99.67244145132042,96.2977505610415,97.98509979248047,31831000,0.0,0.0,93.90569610595703,93.65904273986817,55.00772806679892,-1.5701824336307624,-2.700319362763945,6.029699031379941,0.02801208406786948,0.0,0.0,0.0,0.0,0.0,0.0,0.0,0.0,0.0,24170100.0,30569100.0,42371200.0,0.0,0.0,0.0,0.0,0.0,0.0,0.0,0.0,0.0,0.0,0.0,0.0,0.0,0.0,0.0,0.0,0.0,0.0,0.0,0.0,0.0,0.0,0.0,0.0,96.43671417236328,1.3852104869788118,92.25238146100726,4.515309381826992,90.90463038853237,4.635060715220316,-0.002727548951024228
2022-11-16,97.29030963200795,99.10668844110727,97.17319181150478,98.25308990478516,24660200,0.0,0.0,96.20643920898438,93.594527053833,58.63747292334752,-1.0342066774091734,-2.3670968256929905,5.970032436735624,0.002735008821466378,0.0,0.0,0.0,0.0,0.0,0.0,0.0,0.0,0.0,31831000.0,24170100.0,30569100.0,0.0,0.0,0.0,0.0,0.0,0.0,0.0,0.0,0.0,0.0,0.0,0.0,0.0,0.0,0.0,0.0,0.0,0.0,0.0,0.0,0.0,0.0,0.0,0.0,97.18443806966145,1.624408987448782,93.7185287475586,4.566583442513874,91.35766165597099,5.033760611994605,0.0049746844995126605
2022-11-17,96.45655811063267,98.73943912853584,96.37715184142243,97.76673126220703,21818700,0.0,0.0,97.06599273681641,93.49378242492676,52.86566008019773,-0.6412946612314272,-2.021936392800678,5.876396095368736,-0.004950059515170913,0.0,0.0,0.0,0.0,0.0,0.0,0.0,0.0,0.0,24660200.0,31831000.0,24170100.0,0.0,0.0,0.0,0.0,0.0,0.0,0.0,0.0,0.0,0.0,0.0,0.0,0.0,0.0,0.0,0.0,0.0,0.0,0.0,0.0,0.0,0.0,0.0,0.0,98.00164031982422,0.24360084992875045,95.07832881382534,4.054655808653881,91.49378313337054,5.1883014224823025,0.007157434317550226
2022-11-18,98.27293661316246,98.42182147455547,96.01983105649133,97.07194519042969,24969900,0.0,0.0,97.27839813232421,93.31115188598633,54.86368647770811,-0.38157394019427215,-1.6938639022793969,5.693767020430403,-0.007106569513037675,0.0,0.0,0.0,0.0,0.0,0.0,0.0,0.0,0.0,21818700.0,24660200.0,31831000.0,0.0,0.0,0.0,0.0,0.0,0.0,0.0,0.0,0.0,0.0,0.0,0.0,0.0,0.0,0.0,0.0,0.0,0.0,0.0,0.0,0.0,0.0,0.0,0.0,97.69725545247395,0.5936294089461929,96.55298178536552,1.7331193992165121,91.71639905657086,5.365868189860489,0.020557185397595656
2022-11-21,96.83373242923986,97.98510068512952,94.95780274731541,95.11661529541016,18696900,0.0,0.0,97.2386962890625,92.95680961608886,58.85675646471069,-0.32972135619014864,-1.4210353930615474,5.319458065433686,-0.020143099957291355,0.0,0.0,0.0,0.0,0.0,0.0,0.0,0.0,0.0,24969900.0,21818700.0,24660200.0,0.0,0.0,0.0,0.0,0.0,0.0,0.0,0.0,0.0,0.0,0.0,0.0,0.0,0.0,0.0,0.0,0.0,0.0,0.0,0.0,0.0,0.0,0.0,0.0,96.65176391601562,1.3741153106249462,96.78836059570312,1.3029693964880655,92.09427915300641,5.408632022408891,-0.015411455877299751
2022-11-22,95.4441575371263,96.82181772887805,93.70718510234065,96.6054458618164,18868900,0.0,0.0,96.96276550292968,92.57963829040527,68.217346692831,-0.1665714932691742,-1.1701426131030728,4.717499123103638,0.01565268656566765,0.0,0.0,0.0,0.0,0.0,0.0,0.0,0.0,0.0,18696900.0,24969900.0,21818700.0,0.0,0.0,0.0,0.0,0.0,0.0,0.0,0.0,0.0,0.0,0.0,0.0,0.0,0.0,0.0,0.0,0.0,0.0,0.0,0.0,0.0,0.0,0.0,0.0,96.26466878255208,1.0212372461397035,96.8734359741211,1.2624840596703228,92.82168143136161,5.2700829895649335,-0.01507788668922605
2022-11-23,96.61536486869264,98.33149749193493,96.61536486869264,98.0843505859375,17568900,0.0,0.0,96.92901763916015,92.77815017700195,79.401611623978,0.08112602967024429,-0.9198888845484094,4.866644080078158,0.015308709679126231,0.0,0.0,0.0,0.0,0.0,0.0,0.0,0.0,0.0,18868900.0,18696900.0,24969900.0,0.0,0.0,0.0,0.0,0.0,0.0,0.0,0.0,0.0,0.0,0.0,0.0,0.0,0.0,0.0,0.0,0.0,0.0,0.0,0.0,0.0,0.0,0.0,0.0,96.60213724772136,1.4838704117461063,97.26903969900948,1.1184557388624385,93.90853009905133,4.583842565253109,0.01249996554411359
2022-11-25,97.73199454465066,98.2034645659175,96.80395737718689,96.8734359741211,8567800,0.0,0.0,96.75035858154297,93.02628936767579,72.63290216355254,0.17766935035058395,-0.7003772375686108,4.945958580039021,-0.01234564540196914,0.0,0.0,0.0,0.0,0.0,0.0,0.0,0.0,0.0,17568900.0,18868900.0,18696900.0,0.0,0.0,0.0,0.0,0.0,0.0,0.0,0.0,0.0,0.0,0.0,0.0,0.0,0.0,0.0,0.0,0.0,0.0,0.0,0.0,0.0,0.0,0.0,0.0,97.187744140625,0.7879606674225464,97.11023058210101,1.078028860092768,94.68130602155414,4.037291871387992,0.01402597796716365
2022-11-28,96.47641029152656,97.10172522432691,95.17616475745432,95.53348541259766,19974500,0.0,0.0,96.44266662597656,93.009912109375,66.1839942906903,0.14439333913416874,-0.5314231222280549,4.936611501492359,-0.013831971046029512,0.0,0.0,0.0,0.0,0.0,0.0,0.0,0.0,0.0,8567800.0,17568900.0,18868900.0,0.0,0.0,0.0,0.0,0.0,0.0,0.0,0.0,0.0,0.0,0.0,0.0,0.0,0.0,0.0,0.0,0.0,0.0,0.0,0.0,0.0,0.0,0.0,0.0,96.83042399088542,1.2759764128563307,96.72171565464565,1.0875253480015221,95.22012220110211,3.549488965554633,0.008487009949029511
2022-11-29,95.2853438247631,95.6724399282433,93.68732859856074,94.7295150756836,20220000,0.0,0.0,96.36524658203125,93.04862174987792,63.58717834874922,0.05254249618644735,-0.4146299985451545,4.947438436038897,-0.00841558678029819,0.0,0.0,0.0,0.0,0.0,0.0,0.0,0.0,0.0,19974500.0,8567800.0,17568900.0,0.0,0.0,0.0,0.0,0.0,0.0,0.0,0.0,0.0,0.0,0.0,0.0,0.0,0.0,0.0,0.0,0.0,0.0,0.0,0.0,0.0,0.0,0.0,0.0,95.71214548746745,1.0830691443547886,96.28782762799945,1.2010593993344185,95.68307822091239,2.9406536463219437,-0.05924103969415373
2022-11-30,94.41190626050462,100.69477844238281,93.96525162663308,100.69477844238281,39888100,0.0,0.0,97.18311309814453,93.59204597473145,74.62319951848856,0.4558422753095499,-0.24053554377421363,5.166898247053114,0.06297153914419718,0.0,0.0,0.0,0.0,0.0,0.0,0.0,0.0,0.0,20220000.0,19974500.0,8567800.0,0.0,0.0,0.0,0.0,0.0,0.0,0.0,0.0,0.0,0.0,0.0,0.0,0.0,0.0,0.0,0.0,0.0,0.0,0.0,0.0,0.0,0.0,0.0,0.0,96.98592631022136,3.2370171731608335,96.80537523542132,2.0650524017331056,96.67917851039341,1.836213164901235,0.0016785632888638435
2022-12-01,100.64514853253233,101.82628465487545,99.92057954651435,100.52603912353516,21771500,0.0,0.0,97.67145080566407,94.29725723266601,66.21066921181222,0.753162415565626,-0.04179595190624569,5.0988207509615755,-0.0016757504357012287,0.0,0.0,0.0,0.0,0.0,0.0,0.0,0.0,0.0,39888100.0,20220000.0,19974500.0,0.0,0.0,0.0,0.0,0.0,0.0,0.0,0.0,0.0,0.0,0.0,0.0,0.0,0.0,0.0,0.0,0.0,0.0,0.0,0.0,0.0,0.0,0.0,0.0,98.65011088053386,3.3963836411966413,97.5781500680106,2.3237115272613686,97.18325533185687,1.8557058163182005,0.004462933251692336
2022-12-02,98.6302610889219,100.39700899560899,98.43174540847458,100.07939147949219,18821500,0.0,0.0,98.31264190673828,95.15780334472656,60.34307436703706,0.9418924864344405,0.15494173576189155,4.483693127477331,-0.00444310397522063,0.0,0.0,0.0,0.0,0.0,0.0,0.0,0.0,0.0,21771500.0,39888100.0,20220000.0,0.0,0.0,0.0,0.0,0.0,0.0,0.0,0.0,0.0,0.0,0.0,0.0,0.0,0.0,0.0,0.0,0.0,0.0,0.0,0.0,0.0,0.0,0.0,0.0,100.43340301513672,0.3179801329613145,98.07442801339286,2.4489393657872776,97.47393199375698,1.9728027053172736,0.009612464339629145
2022-12-05,99.07195027093198,100.99254313984373,98.61537555463818,99.12654113769531,19955500,0.0,0.0,99.03125305175782,95.81140174865723,59.5617632062081,1.0030132555879163,0.3245560397270965,4.015134773446232,-0.00952094459918984,0.0,0.0,0.0,0.0,0.0,0.0,0.0,0.0,0.0,18821500.0,21771500.0,39888100.0,0.0,0.0,0.0,0.0,0.0,0.0,0.0,0.0,0.0,0.0,0.0,0.0,0.0,0.0,0.0,0.0,0.0,0.0,0.0,0.0,0.0,0.0,0.0,0.0,99.91065724690755,0.7148440977070732,98.22331237792969,2.481112042165569,97.74617603846959,1.9140852091630434,0.026307884134374904
2022-12-06,98.92801064096803,99.46399155095932,96.03967790515702,96.58557891845703,20877600,0.0,0.0,99.4024658203125,96.24117774963379,46.46612381339143,0.8367717067451537,0.426999173130708,3.5691413962839587,-0.025633520448460567,0.0,0.0,0.0,0.0,0.0,0.0,0.0,0.0,0.0,19955500.0,18821500.0,21771500.0,0.0,0.0,0.0,0.0,0.0,0.0,0.0,0.0,0.0,0.0,0.0,0.0,0.0,0.0,0.0,0.0,0.0,0.0,0.0,0.0,0.0,0.0,0.0,0.0,98.59717051188152,1.8060610447926135,98.18218994140625,2.509437818512737,97.64621026175362,1.9370553656899316,0.02270084344354273
2022-12-07,96.0496086137237,96.585589582895,94.3176038203689,94.4416732788086,26647900,0.0,0.0,98.15184478759765,96.55085487365723,41.208783860356974,0.5259658074035798,0.44679249998528237,3.0733836503175733,-0.02219695386884246,0.0,0.0,0.0,0.0,0.0,0.0,0.0,0.0,0.0,20877600.0,19955500.0,18821500.0,0.0,0.0,0.0,0.0,0.0,0.0,0.0,0.0,0.0,0.0,0.0,0.0,0.0,0.0,0.0,0.0,0.0,0.0,0.0,0.0,0.0,0.0,0.0,0.0,96.71793111165364,2.3452365639931028,98.02621677943638,2.726084029682736,97.37396621704102,2.1056974774008634,0.01277270918394735
2022-12-08,94.97766282120769,95.1563231603917,93.10173304607538,93.2506103515625,25593200,0.0,0.0,96.69675903320312,96.87591667175293,39.91131923880983,0.18144943272710634,0.39372388653364715,2.2025982856896014,-0.012611624570965208,0.0,0.0,0.0,0.0,0.0,0.0,0.0,0.0,0.0,26647900.0,20877600.0,19955500.0,0.0,0.0,0.0,0.0,0.0,0.0,0.0,0.0,0.0,0.0,0.0,0.0,0.0,0.0,0.0,0.0,0.0,0.0,0.0,0.0,0.0,0.0,0.0,0.0,94.75928751627605,1.690018620733189,97.81494467599052,3.060907494516152,97.05138615199498,2.370207600415559,0.009455272723728925
2022-12-09,93.20098217084448,93.78658640167565,92.32752830438571,92.37715911865234,21885300,0.0,0.0,95.15631256103515,96.8213264465332,39.59525032574286,-0.16021562507467024,0.2829359842119837,2.3027355990788356,-0.009366707945579922,0.0,0.0,0.0,0.0,0.0,0.0,0.0,0.0,0.0,25593200.0,26647900.0,20877600.0,0.0,0.0,0.0,0.0,0.0,0.0,0.0,0.0,0.0,0.0,0.0,0.0,0.0,0.0,0.0,0.0,0.0,0.0,0.0,0.0,0.0,0.0,0.0,0.0,93.35648091634114,1.0363209501578554,96.62671334402901,3.356777757951602,96.71604428972516,2.6790657137083635,-0.005237185446201331
2022-12-12,92.39700014380698,93.17615994973863,91.21586409114799,92.8635025024414,27380900,0.0,0.0,93.90370483398438,96.66400566101075,44.65879363829984,-0.38727948162480175,0.1488928910446266,2.4629915913877736,0.005264757959966948,0.0,0.0,0.0,0.0,0.0,0.0,0.0,0.0,0.0,21885300.0,25593200.0,26647900.0,0.0,0.0,0.0,0.0,0.0,0.0,0.0,0.0,0.0,0.0,0.0,0.0,0.0,0.0,0.0,0.0,0.0,0.0,0.0,0.0,0.0,0.0,0.0,0.0,92.83042399088542,0.4376641463644073,95.53206525530133,3.113866158922852,96.55510766165597,2.8450687029440362,-0.023891465128541345
2022-12-13,97.33992634108336,99.05705084253914,94.66994938259829,95.1364517211914,34788500,0.0,0.0,93.61387939453125,96.65507202148437,46.642439630037806,-0.37944718675240097,0.04322487548522108,2.4684596570536743,0.024476238322911126,0.0,0.0,0.0,0.0,0.0,0.0,0.0,0.0,0.0,27380900.0,21885300.0,25593200.0,0.0,0.0,0.0,0.0,0.0,0.0,0.0,0.0,0.0,0.0,0.0,0.0,0.0,0.0,0.0,0.0,0.0,0.0,0.0,0.0,0.0,0.0,0.0,0.0,93.45903778076172,1.472895317868682,94.82593100411552,2.386242860942157,96.45017950875419,2.870048497571371,0.005665724664265959
2022-12-14,94.82876261576224,96.49625632109286,93.24067517558981,94.60047149658203,26452900,0.0,0.0,93.64563903808593,96.48584060668945,41.678496673687526,-0.41174284616022305,-0.04776866884386775,2.488417299808823,-0.0056338050758938385,0.0,0.0,0.0,0.0,0.0,0.0,0.0,0.0,0.0,34788500.0,27380900.0,21885300.0,0.0,0.0,0.0,0.0,0.0,0.0,0.0,0.0,0.0,0.0,0.0,0.0,0.0,0.0,0.0,0.0,0.0,0.0,0.0,0.0,0.0,0.0,0.0,0.0,94.20014190673828,1.1881802780437642,94.17934962681362,1.4602535210571501,96.20133100237165,2.8684928424353764,0.04506565187602729
2022-12-15,92.84366437510401,93.33001456500213,89.75681543296425,90.52108001708984,28298800,0.0,0.0,93.0997329711914,96.09924011230468,36.655537412820316,-0.7577750295741481,-0.18976994098992384,2.7826359376282213,-0.04312231656942189,0.0,0.0,0.0,0.0,0.0,0.0,0.0,0.0,0.0,26452900.0,34788500.0,27380900.0,0.0,0.0,0.0,0.0,0.0,0.0,0.0,0.0,0.0,0.0,0.0,0.0,0.0,0.0,0.0,0.0,0.0,0.0,0.0,0.0,0.0,0.0,0.0,0.0,93.4193344116211,2.5242281200116614,93.31299264090401,1.5881340318534347,95.74759129115513,3.2332226771156516,0.0037420437262374318
2022-12-16,90.52107430259025,91.06698295150255,89.33993820168727,90.18360900878906,48485500,0.0,0.0,92.66102294921875,95.72008399963379,38.26729431260288,-1.0471680169045072,-0.3612495561728405,3.047493965527372,-0.0037280930390696243,0.0,0.0,0.0,0.0,0.0,0.0,0.0,0.0,0.0,28298800.0,26452900.0,34788500.0,0.0,0.0,0.0,0.0,0.0,0.0,0.0,0.0,0.0,0.0,0.0,0.0,0.0,0.0,0.0,0.0,0.0,0.0,0.0,0.0,0.0,0.0,0.0,0.0,91.76838684082031,2.458454655553233,92.70469774518695,1.8735875298594034,95.36545726231166,3.560101155918519,0.019181190405550774
2022-12-19,90.20345275025069,90.52107024831994,88.26301225260495,88.48633575439453,23020500,0.0,0.0,91.78558959960938,95.29080352783203,36.824450086236986,-1.3973618931759546,-0.5684720235734633,3.427989440316501,-0.018820196630510933,0.0,0.0,0.0,0.0,0.0,0.0,0.0,0.0,0.0,48485500.0,28298800.0,26452900.0,0.0,0.0,0.0,0.0,0.0,0.0,0.0,0.0,0.0,0.0,0.0,0.0,0.0,0.0,0.0,0.0,0.0,0.0,0.0,0.0,0.0,0.0,0.0,0.0,89.73034159342448,1.0904744683008831,92.02408708844867,2.426105337139204,94.91951588221959,4.0086441346563895,-0.005355332567730464
2022-12-20,88.06946689092203,89.11164578855437,87.38460106347884,88.96276092529297,21976800,0.0,0.0,90.55085144042968,94.98311080932618,17.775296599318594,-1.6178005359588212,-0.7783377260505349,3.7091026430314447,0.005384166570314486,0.0,0.0,0.0,0.0,0.0,0.0,0.0,0.0,0.0,23020500.0,48485500.0,28298800.0,0.0,0.0,0.0,0.0,0.0,0.0,0.0,0.0,0.0,0.0,0.0,0.0,0.0,0.0,0.0,0.0,0.0,0.0,0.0,0.0,0.0,0.0,0.0,0.0,89.21090189615886,0.8754225157529401,91.53631591796875,2.6738715893133693,94.08151463099888,3.9340504474247253,-0.006869833518536095
2022-12-21,89.06202227938623,90.23819830765046,88.24812694496818,89.5781478881836,20336400,0.0,0.0,89.54638671875,94.63174591064453,20.64924365086442,-1.7229817030827945,-0.9672665214569869,3.8764057771287996,0.006917354592978597,0.0,0.0,0.0,0.0,0.0,0.0,0.0,0.0,0.0,21976800.0,23020500.0,48485500.0,0.0,0.0,0.0,0.0,0.0,0.0,0.0,0.0,0.0,0.0,0.0,0.0,0.0,0.0,0.0,0.0,0.0,0.0,0.0,0.0,0.0,0.0,0.0,0.0,89.0090815226237,0.5473779609874899,91.06697954450335,2.6903716298276623,93.29952239990234,3.6309040852311973,0.02254706049618127
2022-12-22,88.2679691084836,88.51610800650896,86.29278560052927,87.60295867919922,23656100,0.0,0.0,88.96276245117187,94.10767631530761,19.085053812023716,-1.9433184324227426,-1.1624769036501381,4.087814403270561,-0.022049900065470363,0.0,0.0,0.0,0.0,0.0,0.0,0.0,0.0,0.0,20336400.0,21976800.0,23020500.0,0.0,0.0,0.0,0.0,0.0,0.0,0.0,0.0,0.0,0.0,0.0,0.0,0.0,0.0,0.0,0.0,0.0,0.0,0.0,0.0,0.0,0.0,0.0,0.0,88.7146224975586,1.0107040181530411,89.99076625279018,2.264206573802231,92.40834862845284,3.359837244280507,-0.01725864143135225
2022-12-23,86.96772678279532,89.42926049763568,86.96772678279532,89.14141845703125,17815000,0.0,0.0,88.75432434082032,93.72107543945313,25.95597756035761,-1.9710747089455367,-1.324196464709218,4.177126884635092,0.017561733085589504,0.0,0.0,0.0,0.0,0.0,0.0,0.0,0.0,0.0,23656100.0,20336400.0,21976800.0,0.0,0.0,0.0,0.0,0.0,0.0,0.0,0.0,0.0,0.0,0.0,0.0,0.0,0.0,0.0,0.0,0.0,0.0,0.0,0.0,0.0,0.0,0.0,0.0,88.77417500813802,1.0375422477605836,89.21090153285435,0.9978706351369486,91.69512557983398,2.84426121973665,0.021380380695923185
2022-12-27,88.64516075149496,88.83374878667638,86.88338017162705,87.27543640136719,15470900,0.0,0.0,88.51214447021485,93.3081729888916,26.82807339219586,-2.1192119589927785,-1.48319956356593,4.391205656413478,-0.020932828846149887,0.0,0.0,0.0,0.0,0.0,0.0,0.0,0.0,0.0,17815000.0,23656100.0,20336400.0,0.0,0.0,0.0,0.0,0.0,0.0,0.0,0.0,0.0,0.0,0.0,0.0,0.0,0.0,0.0,0.0,0.0,0.0,0.0,0.0,0.0,0.0,0.0,0.0,88.00660451253255,0.9963281222018898,88.74723815917969,1.040756645655002,91.03011540004185,2.6974840635031643,0.01700221450281081
2022-12-28,86.84862697810763,87.86103049779445,85.72704172155468,85.81636810302734,17879600,0.0,0.0,87.88286590576172,92.86251564025879,27.774911947811134,-2.327516256088316,-1.6520629020704072,4.682024825659835,-0.01671797195753677,0.0,0.0,0.0,0.0,0.0,0.0,0.0,0.0,0.0,15470900.0,17815000.0,23656100.0,0.0,0.0,0.0,0.0,0.0,0.0,0.0,0.0,0.0,0.0,0.0,0.0,0.0,0.0,0.0,0.0,0.0,0.0,0.0,0.0,0.0,0.0,0.0,0.0,87.41107432047527,1.6666697927274352,88.12334660121373,1.3102925696567698,90.41402217320034,2.8396086562141796,-0.027993196026775524
2022-12-29,86.38212141038457,88.69973806254102,86.34241827364924,88.28782653808594,18280700,0.0,0.0,87.62480163574219,92.24216804504394,38.003807905128426,-2.2670398472429554,-1.7750582911049169,4.403303723199069,0.028799382794800543,0.0,0.0,0.0,0.0,0.0,0.0,0.0,0.0,0.0,17879600.0,15470900.0,17815000.0,0.0,0.0,0.0,0.0,0.0,0.0,0.0,0.0,0.0,0.0,0.0,0.0,0.0,0.0,0.0,0.0,0.0,0.0,0.0,0.0,0.0,0.0,0.0,0.0,87.12654368082683,1.2424385219107477,88.09498814174107,1.3032563585961288,90.05953761509487,2.767102765930535,0.002479329822075549
2022-12-30,86.71462924269922,88.16872732509496,86.38212398181673,88.06947326660156,19190300,0.0,0.0,87.71810455322266,91.61933975219726,39.24677098597247,-2.2112413280979837,-1.8622948985035304,4.035520901077365,-0.0024731979486456446,0.0,0.0,0.0,0.0,0.0,0.0,0.0,0.0,0.0,18280700.0,17879600.0,15470900.0,0.0,0.0,0.0,0.0,0.0,0.0,0.0,0.0,0.0,0.0,0.0,0.0,0.0,0.0,0.0,0.0,0.0,0.0,0.0,0.0,0.0,0.0,0.0,0.0,87.39122263590495,1.3682268224185619,87.96737561907086,1.2466280874631366,89.75184576851981,2.728802177160317,-0.010813706753785124
2023-01-03,89.16127890666588,90.86847589467597,88.357303653299,89.03224182128906,20738500,0.0,0.0,87.69626922607422,91.06698226928711,40.65826742709512,-2.06552315827318,-1.9029405504574604,3.5425368149086895,0.010931921345470386,0.0,0.0,0.0,0.0,0.0,0.0,0.0,0.0,0.0,19190300.0,18280700.0,17879600.0,0.0,0.0,0.0,0.0,0.0,0.0,0.0,0.0,0.0,0.0,0.0,0.0,0.0,0.0,0.0,0.0,0.0,0.0,0.0,0.0,0.0,0.0,0.0,0.0,88.46318054199219,0.5047698411038277,87.88938903808594,1.1417288724196728,89.47818429129464,2.58084140931483,0.011159933866160099
2023-01-04,90.33249505834297,90.56077862535425,87.14639221657654,88.04961395263672,27046500,0.0,0.0,87.85110473632812,90.51313591003418,31.559902138360982,-2.006204044277041,-1.9235932492213765,3.047474202010949,-0.011036764306404101,0.0,0.0,0.0,0.0,0.0,0.0,0.0,0.0,0.0,20738500.0,19190300.0,18280700.0,0.0,0.0,0.0,0.0,0.0,0.0,0.0,0.0,0.0,0.0,0.0,0.0,0.0,0.0,0.0,0.0,0.0,0.0,0.0,0.0,0.0,0.0,0.0,0.0,88.38377634684245,0.5616753526277423,87.9531969342913,1.135517389278545,88.97198159354073,2.0196552913748205,0.022358071979937666
2023-01-05,87.41437163840293,87.55332881699137,85.91561055780093,86.1240463256836,23136100,0.0,0.0,87.91264038085937,89.99005928039551,29.431567161360704,-2.090472765156349,-1.9569691524083712,2.8411658217410065,-0.02186912060726265,0.0,0.0,0.0,0.0,0.0,0.0,0.0,0.0,0.0,27046500.0,20738500.0,19190300.0,0.0,0.0,0.0,0.0,0.0,0.0,0.0,0.0,0.0,0.0,0.0,0.0,0.0,0.0,0.0,0.0,0.0,0.0,0.0,0.0,0.0,0.0,0.0,0.0,87.7353006998698,1.479356236953574,87.5221437726702,1.1810780536574421,88.36652265276227,1.3679239391648104,-0.01576680673642694
2023-01-06,86.70965279335661,87.81139005127272,84.93297746367747,87.50370025634766,26612600,0.0,0.0,87.75581512451171,89.64316062927246,41.57424111628192,-2.022614352400197,-1.9700981924067364,2.6884801206995395,0.016019381224226414,0.0,0.0,0.0,0.0,0.0,0.0,0.0,0.0,0.0,23136100.0,27046500.0,20738500.0,0.0,0.0,0.0,0.0,0.0,0.0,0.0,0.0,0.0,0.0,0.0,0.0,0.0,0.0,0.0,0.0,0.0,0.0,0.0,0.0,0.0,0.0,0.0,0.0,87.22578684488933,0.9924109882974606,87.55475289481026,1.1762726700117414,88.15099552699498,1.23343873932928,-0.007207327768731231
2023-01-09,88.53100269094597,90.15383333187394,87.92058307416708,88.13894653320312,22996700,0.0,0.0,87.76970977783203,89.3875774383545,44.38386329383008,-1.895724276418747,-1.9552234092091387,2.5677462268741733,0.007259650449003674,0.0,0.0,0.0,0.0,0.0,0.0,0.0,0.0,0.0,26612600.0,23136100.0,27046500.0,0.0,0.0,0.0,0.0,0.0,0.0,0.0,0.0,0.0,0.0,0.0,0.0,0.0,0.0,0.0,0.0,0.0,0.0,0.0,0.0,0.0,0.0,0.0,0.0,87.2555643717448,1.0301137192009726,87.8865498134068,0.8991088663971569,88.00494820731026,1.086555416317551,-0.004930408295964694
2023-01-10,86.07442389495867,88.80891188022328,86.05456854206112,88.5756607055664,22855600,0.0,0.0,87.6783935546875,89.1975025177002,50.26360582508533,-1.7398676814707557,-1.9121522636614623,2.4737796957126155,0.004954837668711631,0.0,0.0,0.0,0.0,0.0,0.0,0.0,0.0,0.0,22996700.0,26612600.0,23136100.0,0.0,0.0,0.0,0.0,0.0,0.0,0.0,0.0,0.0,0.0,0.0,0.0,0.0,0.0,0.0,0.0,0.0,0.0,0.0,0.0,0.0,0.0,0.0,0.0,88.07276916503906,0.5390356057023661,87.92766898018974,0.9266782822343756,88.0113285609654,1.0898568574279826,-0.03273376733633371
2023-01-11,89.38956919859665,91.76177685590405,89.0719516587404,91.57319641113281,25998800,0.0,0.0,88.38311004638672,89.13298721313477,56.70580008443129,-1.358810604284301,-1.80148393178603,2.388494954130029,0.03384152804155183,0.0,0.0,0.0,0.0,0.0,0.0,0.0,0.0,0.0,22855600.0,22996700.0,26612600.0,0.0,0.0,0.0,0.0,0.0,0.0,0.0,0.0,0.0,0.0,0.0,0.0,0.0,0.0,0.0,0.0,0.0,0.0,0.0,0.0,0.0,0.0,0.0,0.0,89.42926788330078,1.8694924355087696,88.42820085797992,1.6667549560904478,88.19778823852539,1.434095310775904,0.0038080987205311168
2023-01-12,91.71214974142238,91.93051321072134,89.89577096236188,91.22579956054688,22754200,0.0,0.0,89.40346069335938,88.93745460510254,54.29164873188687,-1.0724891603327222,-1.6556849774953686,1.9995640600956288,-0.0037936521187514893,0.0,0.0,0.0,0.0,0.0,0.0,0.0,0.0,0.0,25998800.0,22855600.0,22996700.0,0.0,0.0,0.0,0.0,0.0,0.0,0.0,0.0,0.0,0.0,0.0,0.0,0.0,0.0,0.0,0.0,0.0,0.0,0.0,0.0,0.0,0.0,0.0,0.0,90.45821889241536,1.6395701077120939,88.74156624930245,1.9766444815144606,88.3154776436942,1.6125882288015974,-0.009590461572179687
2023-01-13,90.84663504663001,92.2878293294662,90.2530871813159,92.10916900634766,18630700,0.0,0.0,90.32455444335938,88.81288948059083,62.4452054274967,-0.7654729261149527,-1.4776425672192854,1.680328205771097,0.009683329168460597,0.0,0.0,0.0,0.0,0.0,0.0,0.0,0.0,0.0,22754200.0,25998800.0,22855600.0,0.0,0.0,0.0,0.0,0.0,0.0,0.0,0.0,0.0,0.0,0.0,0.0,0.0,0.0,0.0,0.0,0.0,0.0,0.0,0.0,0.0,0.0,0.0,0.0,91.63605499267578,0.4450267355997379,89.32150268554688,2.3076108458612286,88.63734980991909,1.8859749069328915,0.006944477458972864
2023-01-17,92.08931000210364,92.2778979947532,90.16374965955099,91.47393035888672,22935800,0.0,0.0,90.99155120849609,88.86053199768067,56.780171092719804,-0.5668841113416079,-1.29549087604375,1.743625716738602,-0.006896584284862728,0.0,0.0,0.0,0.9922,0.9922,1.0,453.0,1.0,0.0,18630700.0,22754200.0,25998800.0,0.0,0.0,0.0,0.0,0.0,0.0,0.0,0.0,0.0,0.0,0.0,0.0,0.0,0.0,0.0,0.0,0.0,0.0,0.0,0.0,0.0,0.0,0.0,0.0,91.60296630859375,0.4556019114105648,90.08577183314732,1.926606399065808,88.80395780290876,2.031354349797483,0.0041403711183549685
2023-01-18,92.24812416569286,92.89129525669863,90.71958756208764,91.09675598144531,19641600,0.0,0.0,91.49577026367187,88.90618934631348,62.16037866861931,-0.43492235082970865,-1.1233771710009417,1.7913954457779953,-0.004123299129725866,0.0,0.0,0.0,0.0,0.0,0.0,0.0,0.0,0.0,22935800.0,18630700.0,22754200.0,0.0,0.0,0.0,0.0,0.0,0.0,0.0,0.0,0.0,0.9922,0.0,0.0,0.9922,0.0,0.0,1.0,0.0,0.0,453.0,0.0,0.0,1.0,0.0,0.0,91.55995178222656,0.5116588679997705,90.59906550816127,1.5695846501678088,89.07690920148578,2.066597309523261,-0.022681449261340858
2023-01-19,90.70966986789205,93.69726481156859,90.69974219001155,93.2109146118164,28707700,0.0,0.0,91.8233139038086,89.14241828918458,72.58944012231447,-0.15792629614458065,-0.9302869960296695,2.02888555776628,0.02320783663033743,0.0,0.0,0.0,0.0,0.0,0.0,0.0,0.0,0.0,19641600.0,22935800.0,18630700.0,0.0,0.0,0.0,0.0,0.0,0.0,0.0,0.0,0.0,0.0,0.9922,0.0,0.0,0.9922,0.0,0.0,1.0,0.0,0.0,453.0,0.0,0.0,1.0,0.0,91.92720031738281,1.1276111564050797,91.3236323765346,1.4068976618999463,89.6050910949707,2.113581077368064,-0.0540892985389545
2023-01-20,95.2357119285393,98.67988125795394,95.19601636628437,98.54092407226562,53704800,0.0,0.0,93.28633880615234,89.6213264465332,76.66492325690109,0.4860790745550361,-0.6470137819127284,2.9192981244275877,0.05718224612049383,0.0,0.0,0.0,0.0,0.0,0.0,0.0,0.0,0.0,28707700.0,19641600.0,22935800.0,0.0,0.0,0.0,0.0,0.0,0.0,0.0,0.0,0.0,0.0,0.0,0.9922,0.0,0.0,0.9922,0.0,0.0,1.0,0.0,0.0,453.0,0.0,0.0,1.0,94.28286488850911,3.8361071006780816,92.7472414289202,2.652906524453826,90.33745520455497,3.14616798731285,-0.019069279189661614
2023-01-23,98.39204062112809,100.64514622764932,98.01487219350635,100.45655822753906,31791800,0.0,0.0,94.95581665039063,90.16524696350098,79.60146322680015,1.1379164449021317,-0.29002773654975644,3.7933953824973146,0.01943998570450378,0.0,0.0,0.0,0.0,0.0,0.0,0.0,0.0,0.0,53704800.0,28707700.0,19641600.0,0.0,0.0,0.0,0.0,0.0,0.0,0.0,0.0,0.0,0.0,0.0,0.0,0.0,0.0,0.0,0.0,0.0,0.0,0.0,0.0,0.0,0.0,0.0,0.0,97.40279897054036,3.754508544656448,94.01629311697823,3.851606086077809,91.22224698747907,4.0664798800036195,0.02015929681985118
2023-01-24,98.80891602833275,100.33744503515337,97.96523768447395,98.47144317626953,27391400,0.0,0.0,96.35531921386719,90.70867118835449,71.50606323874048,1.4772907743331842,0.06343596562683168,4.167092249752949,-0.01976093035930171,0.0,0.0,0.0,0.0,0.0,0.0,0.0,0.0,0.0,31791800.0,53704800.0,28707700.0,0.0,0.0,0.0,0.0,0.0,0.0,0.0,0.0,0.0,0.0,0.0,0.0,0.0,0.0,0.0,0.0,0.0,0.0,0.0,0.0,0.0,0.0,0.0,0.0,99.15630849202473,1.1265850743533419,95.05138506208148,3.9490677607181777,91.89647565569196,4.440737158012963,0.02563823622806094
2023-01-25,96.476413040722,96.99254625623635,94.55284411256523,96.00991821289062,31000900,0.0,0.0,97.33795166015625,91.05209617614746,66.9915235605931,1.5299861547365765,0.3567460034487807,4.311652650468626,-0.024997348307088774,0.0,0.0,0.0,0.5171,0.5171,1.0,349.0,1.0,0.0,27391400.0,31791800.0,53704800.0,0.0,0.0,0.0,0.0,0.0,0.0,0.0,0.0,0.0,0.0,0.0,0.0,0.0,0.0,0.0,0.0,0.0,0.0,0.0,0.0,0.0,0.0,0.0,0.0,98.31263987223308,2.2275694651340654,95.60863494873047,3.7340611381767403,92.46506881713867,4.419865945833205,-0.02450577872142179
2023-01-26,97.54836777838968,98.47144483303055,96.09923744243925,98.42182159423828,24542100,0.0,0.0,98.38013305664063,91.60941543579102,75.71607711501522,1.746238518467976,0.6346445064526198,4.513454864873663,0.025121398145549367,0.0,0.0,0.0,0.0,0.0,0.0,0.0,0.0,0.0,31000900.0,27391400.0,31791800.0,0.0,0.0,0.0,0.0,0.0,0.0,0.0,0.0,0.0,0.5171,0.0,0.0,0.5171,0.0,0.0,1.0,0.0,0.0,349.0,0.0,0.0,1.0,0.0,0.0,97.63439432779948,1.407056346164815,96.60119083949498,3.3561223206005004,93.34348133632115,4.282608949488673,-0.015390560458287572
2023-01-27,98.31262787789623,100.82379214702375,98.23322161839396,99.96026611328125,29020400,0.0,0.0,98.66400146484375,92.31661033630371,75.87628251638043,2.0184917734123218,0.9114139598445603,4.663571246314935,0.01563113234568525,0.0,0.0,0.0,0.0,0.0,0.0,0.0,0.0,0.0,24542100.0,31000900.0,27391400.0,0.0,0.0,0.0,0.0,0.0,0.0,0.0,0.0,0.0,0.0,0.5171,0.0,0.0,0.5171,0.0,0.0,1.0,0.0,0.0,349.0,0.0,0.0,1.0,0.0,98.13066864013672,1.9912030698905478,97.8674065726144,2.4947548240876,94.23323604038784,4.2699767792559165,0.028177592165442134
2023-01-30,98.00990501964282,98.66895581650209,96.79401835687997,97.22081756591797,24365100,0.0,0.0,98.01685333251953,92.76325988769531,67.34925166915163,1.9902613423293616,1.1271834363415205,4.685134789066497,-0.027405374694168594,0.0,0.0,0.0,0.0,0.0,0.0,0.0,0.0,0.0,29020400.0,24542100.0,31000900.0,0.0,0.0,0.0,0.0,0.0,0.0,0.0,0.0,0.0,0.0,0.0,0.5171,0.0,0.0,0.5171,0.0,0.0,1.0,0.0,0.0,349.0,0.0,0.0,1.0,98.5343017578125,1.3731836826553094,98.44024985177177,1.5155265201200223,94.88194111415318,3.950841633764273,-0.01922515957789883
2023-01-31,97.13150204723405,99.16624427466857,97.06202345068063,99.12654113769531,22306800,0.0,0.0,98.14787292480469,93.31611328125,69.0844040085218,2.097485975071905,1.3212439440875974,4.753979218394686,0.019602011374623807,0.0,0.0,0.0,0.0,0.0,0.0,0.0,0.0,0.0,24365100.0,29020400.0,24542100.0,0.0,0.0,0.0,0.0,0.0,0.0,0.0,0.0,0.0,0.0,0.0,0.0,0.0,0.0,0.0,0.0,0.0,0.0,0.0,0.0,0.0,0.0,0.0,0.0,98.76920827229817,1.4042470111886414,98.52390943254743,1.5380069219282915,95.63557543073382,3.6502359902682717,-0.015379902880204077
2023-02-01,98.99749016697376,101.42925585053545,97.68731712097816,100.67491149902344,26392600,0.0,0.0,99.08087158203125,93.89824676513672,67.3739876897481,2.281107628123465,1.5132166808947711,4.91200901353983,0.01562013910257698,0.0,0.0,0.0,0.0,0.0,0.0,0.0,0.0,0.0,22306800.0,24365100.0,29020400.0,0.0,0.0,0.0,0.0,0.0,0.0,0.0,0.0,0.0,0.0,0.0,0.0,0.0,0.0,0.0,0.0,0.0,0.0,0.0,0.0,0.0,0.0,0.0,0.0,99.0074234008789,1.7301251402996933,98.5551027570452,1.5852265407056094,96.28569793701172,3.681446737841749,-0.0677390814903529
2023-02-02,105.99501990085484,108.00990668019372,105.74688098571264,107.99005889892578,46622600,0.0,0.0,100.99451904296875,94.89526901245117,75.27687136792181,2.9825197400150643,1.8070772927188297,5.633174362828704,0.07266107604150518,0.0,0.0,0.0,0.0,0.0,0.0,0.0,0.0,0.0,26392600.0,22306800.0,24365100.0,0.0,0.0,0.0,0.0,0.0,0.0,0.0,0.0,0.0,0.0,0.0,0.0,0.0,0.0,0.0,0.0,0.0,0.0,0.0,0.0,0.0,0.0,0.0,0.0,102.59717051188152,4.734109901586293,99.91490500313895,3.8975552710753707,97.48314503261021,4.536220312265938,0.03402397943768043
2023-02-03,102.73943729280762,107.215857815108,102.53100151534208,104.43670654296875,36823400,0.0,0.0,101.88980712890626,95.81090202331544,67.20221749385124,3.214612007374967,2.0885842356500572,5.620720225224891,-0.03290443946588473,0.0,0.0,0.0,-0.4767,-0.4767,1.0,2037.0,0.0,0.0,46622600.0,26392600.0,22306800.0,0.0,0.0,0.0,0.0,0.0,0.0,0.0,0.0,0.0,0.0,0.0,0.0,0.0,0.0,0.0,0.0,0.0,0.0,0.0,0.0,0.0,0.0,0.0,0.0,104.36722564697266,3.658068625211346,101.11873190743583,3.7903165077064362,98.36368342808315,4.608707148958981,0.01691315668403215
2023-02-06,101.92057013270048,103.92056907600107,101.4491077336586,102.6997299194336,25573000,0.0,0.0,102.98558959960937,96.57070350646973,65.19752606964023,3.221254685538767,2.3151183256277994,5.463552940137125,-0.016631859439386942,0.0,0.0,0.0,0.0,0.0,0.0,0.0,0.0,0.0,36823400.0,46622600.0,26392600.0,0.0,0.0,0.0,0.0,0.0,0.0,0.0,0.0,0.0,-0.4767,0.0,0.0,-0.4767,0.0,0.0,1.0,0.0,0.0,2037.0,0.0,0.0,0.0,0.0,0.0,105.0421651204427,2.6966331312566605,101.72986166817802,3.6242440075323725,99.16552625383649,4.282824693182488,-0.04229915779469806
2023-02-07,102.85853622293313,107.8610174588022,102.77714593508533,107.23571014404297,33738800,0.0,0.0,104.6074234008789,97.52554168701172,69.63768730796217,3.5515941842337924,2.5624134973489983,5.579904384045762,0.044167401688084196,0.0,0.0,0.0,0.0,0.0,0.0,0.0,0.0,0.0,25573000.0,36823400.0,46622600.0,0.0,0.0,0.0,0.0,0.0,0.0,0.0,0.0,0.0,0.0,-0.4767,0.0,0.0,-0.4767,0.0,0.0,1.0,0.0,0.0,2037.0,0.0,0.0,0.0,0.0,104.79071553548177,2.288617688605217,102.76921081542969,4.050350606610654,100.31830869402204,4.11256748305133,0.08040001152992504
2023-02-08,101.92553886503447,102.80891275950125,97.72206521578482,99.25556182861328,73546000,0.0,0.0,104.32355346679688,98.05953674316406,56.436257585481364,3.1333401459778685,2.6765988270747725,5.17463912535364,-0.07441689251379469,0.0,0.0,0.0,0.0,0.0,0.0,0.0,0.0,0.0,33738800.0,25573000.0,36823400.0,0.0,0.0,0.0,0.0,0.0,0.0,0.0,0.0,0.0,0.0,0.0,-0.4767,0.0,0.0,-0.4767,0.0,0.0,1.0,0.0,0.0,2037.0,0.0,0.0,0.0,103.06366729736328,4.002502916345517,103.0598885672433,3.6378026078563743,100.75006920950753,3.5935442885217954,0.04755910485144965
2023-02-09,99.79155156278502,99.86103015928214,93.16127914560606,94.7493667602539,97798600,0.0,0.0,101.6754150390625,98.21834526062011,45.890709426412435,2.4104721031905143,2.623373482297921,5.011256397686188,-0.04539992505548773,0.0,0.0,0.0,0.0,0.0,0.0,0.0,0.0,0.0,73546000.0,33738800.0,25573000.0,0.0,0.0,0.0,0.0,0.0,0.0,0.0,0.0,0.0,0.0,0.0,0.0,0.0,0.0,0.0,0.0,0.0,0.0,0.0,0.0,0.0,0.0,0.0,0.0,100.41354624430339,6.323202408962479,102.43457794189453,4.659365191705437,100.47924368722099,3.902440502223742,0.006325130575642879
2023-02-10,95.02727774558286,96.29774779183593,93.82628629334056,94.1538314819336,49325300,0.0,0.0,99.61884002685547,98.36474685668945,42.96788320695667,1.7691456417311144,2.45252791418456,4.835923856255662,-0.006285374759571805,0.0,0.0,0.0,0.0,0.0,0.0,0.0,0.0,0.0,97798600.0,73546000.0,33738800.0,0.0,0.0,0.0,0.0,0.0,0.0,0.0,0.0,0.0,0.0,0.0,0.0,0.0,0.0,0.0,0.0,0.0,0.0,0.0,0.0,0.0,0.0,0.0,0.0,96.05292002360027,2.7895073875764607,101.50299508231026,5.622240263930243,100.02904891967773,4.253056952075232,-0.0014737265401449928
2023-02-13,94.30272095144028,94.64018626094146,93.34986837022619,94.29279327392578,43116600,0.0,0.0,97.93745269775391,98.47392807006835,45.13745360328304,1.2576059571371587,2.2135435227750797,4.710275287060398,0.0014759016155263538,0.0,0.0,0.0,0.0,0.0,0.0,0.0,0.0,0.0,49325300.0,97798600.0,73546000.0,0.0,0.0,0.0,0.0,0.0,0.0,0.0,0.0,0.0,0.0,0.0,0.0,0.0,0.0,0.0,0.0,0.0,0.0,0.0,0.0,0.0,0.0,0.0,0.0,94.39866383870442,0.31156379651008725,99.54624285016742,5.365947750754625,99.73057392665318,4.5096621515091915,0.0005266890742940955
2023-02-14,93.95532195698155,94.46648751360657,91.96028296968275,94.24315643310547,42513100,0.0,0.0,95.33894195556641,98.6123893737793,47.821814978291805,0.8385356761261704,1.9385419534452981,4.530964823203369,-0.0005264118189405309,0.0,0.0,0.0,0.0,0.0,0.0,0.0,0.0,0.0,43116600.0,49325300.0,97798600.0,0.0,0.0,0.0,0.0,0.0,0.0,0.0,0.0,0.0,0.0,0.0,0.0,0.0,0.0,0.0,0.0,0.0,0.0,0.0,0.0,0.0,0.0,0.0,0.0,94.22992706298828,0.07041915281758125,98.09002140590123,5.198114974616747,99.60437665666852,4.6444938174526404,-0.022142048843662887
2023-02-15,94.03471212034232,96.61535507516768,93.65754373172719,96.37714385986328,36964500,0.0,0.0,94.76325836181641,98.8764087677002,47.46178759102049,0.6708809124985038,1.6850097452559394,4.212641718779368,0.02264342056786406,0.0,0.0,0.0,0.0,0.0,0.0,0.0,0.0,0.0,42513100.0,43116600.0,49325300.0,0.0,0.0,0.0,0.0,0.0,0.0,0.0,0.0,0.0,0.0,0.0,0.0,0.0,0.0,0.0,0.0,0.0,0.0,0.0,0.0,0.0,0.0,0.0,0.0,94.97103118896484,1.217982178210076,97.18679482596261,4.797502907086947,99.45832824707031,4.716135720811415,0.013781498334874076
2023-02-16,94.82876722014726,97.15134379430933,94.26301080547198,95.06697845458984,35642100,0.0,0.0,94.8267807006836,98.96921195983887,43.89097008506711,0.4273674794635838,1.4334812920974684,4.100207577517296,-0.013594150571410113,0.0,0.0,0.0,0.0,0.0,0.0,0.0,0.0,0.0,36964500.0,42513100.0,43116600.0,0.0,0.0,0.0,0.0,0.0,0.0,0.0,0.0,0.0,0.0,0.0,0.0,0.0,0.0,0.0,0.0,0.0,0.0,0.0,0.0,0.0,0.0,0.0,0.0,95.22909291585286,1.0761906932801963,95.44840458461216,1.8463984230966601,99.10880770002093,4.855345005419829,0.012580648936062921
2023-02-17,94.36226377626947,95.03720190997007,92.75432092382434,93.88583374023438,31095100,0.0,0.0,94.77318115234375,98.7364574432373,45.66787608260235,0.13748794668748587,1.174282623015472,4.255004185196874,-0.012424342643009956,0.0,0.0,0.0,0.0,0.0,0.0,0.0,0.0,0.0,35642100.0,36964500.0,42513100.0,0.0,0.0,0.0,0.0,0.0,0.0,0.0,0.0,0.0,0.0,0.0,0.0,0.0,0.0,0.0,0.0,0.0,0.0,0.0,0.0,0.0,0.0,0.0,0.0,95.1099853515625,1.2462117488338877,94.68130057198661,0.8449027775164932,98.87059456961495,5.033636014794616,0.027593487361801783
2023-02-21,92.5458975655284,92.71959785373836,91.31513053516491,91.36476135253906,28367200,0.0,0.0,94.18757476806641,98.2818675994873,40.07614436018643,-0.2923036491975495,0.8809653685728677,4.5378308621113,-0.026852532349775804,0.0,0.0,0.0,0.0,0.0,0.0,0.0,0.0,0.0,31095100.0,35642100.0,36964500.0,0.0,0.0,0.0,0.0,0.0,0.0,0.0,0.0,0.0,0.0,0.0,0.0,0.0,0.0,0.0,0.0,0.0,0.0,0.0,0.0,0.0,0.0,0.0,0.0,93.43919118245442,1.8910896458112,94.19778551374164,1.5078381836276162,98.31618172781808,5.416187866951337,0.002723305800514053
2023-02-22,91.24962049124635,91.67245173405243,90.19354575367564,91.11662292480469,29891100,0.0,0.0,93.56226806640625,97.91412658691407,37.358915567487855,-0.6454983792492754,0.5756726190084391,4.811424961439266,-0.0027159095482875983,0.0,0.0,0.0,0.0,0.0,0.0,0.0,0.0,0.0,28367200.0,31095100.0,35642100.0,0.0,0.0,0.0,0.0,0.0,0.0,0.0,0.0,0.0,0.0,0.0,0.0,0.0,0.0,0.0,0.0,0.0,0.0,0.0,0.0,0.0,0.0,0.0,0.0,92.12240600585938,1.5322046862614909,93.76389857700893,1.9067984403844296,97.6334468296596,5.691427067087065,0.008015873236929538
2023-02-23,91.44415836676683,91.44415836676683,89.33994502678787,90.39205169677734,32423700,0.0,0.0,92.36524963378906,97.6332332611084,21.812399579032373,-0.9726623440127753,0.2660056264041962,5.084672389918233,-0.007952129971117383,0.0,0.0,0.0,0.0,0.0,0.0,0.0,0.0,0.0,29891100.0,28367200.0,31095100.0,0.0,0.0,0.0,0.0,0.0,0.0,0.0,0.0,0.0,0.0,0.0,0.0,0.0,0.0,0.0,0.0,0.0,0.0,0.0,0.0,0.0,0.0,0.0,0.0,90.9578119913737,0.505427248014768,93.20664978027344,2.26315487710463,96.37644631522042,5.1452601981799795,0.019250264536609274
2023-02-24,88.96275933844787,89.45903715873452,88.19849482714982,88.68484497070312,31295600,0.0,0.0,91.08882293701171,97.14638442993164,23.183501024016337,-1.354090347613905,-0.05801356839942404,5.457661532636063,-0.018886690743574297,0.0,0.0,0.0,0.4494,0.00840302049622438,2.0,2781.0,0.5,0.0,32423700.0,29891100.0,28367200.0,0.0,0.0,0.0,0.0,0.0,0.0,0.0,0.0,0.0,0.0,0.0,0.0,0.0,0.0,0.0,0.0,0.0,0.0,0.0,0.0,0.0,0.0,0.0,0.0,90.06450653076172,1.2485392990805673,92.41260528564453,2.7595303363951684,95.25131334577289,4.966256368343798,-0.008324068443477994
2023-02-27,89.41933257733358,89.77665320796535,88.94291011822351,89.42926025390625,22724300,0.0,0.0,90.1975082397461,96.6198341369629,26.617691696973566,-1.578115167187022,-0.3620338881569436,5.675553716975865,0.008393940176013581,0.0,0.0,0.0,0.0,0.0,0.0,0.0,0.0,0.0,31295600.0,32423700.0,29891100.0,0.0,0.0,0.0,0.0,0.0,0.0,0.0,0.0,0.0,0.4494,0.0,0.0,0.00840302049622438,0.0,0.0,2.0,0.0,0.0,2781.0,0.0,0.0,0.5,0.0,0.0,89.5020523071289,0.8559279839141767,91.42005048479352,2.30855915771418,94.30342265537807,4.694240072898705,-0.002214903148635483
2023-02-28,88.87343269474542,90.76921002471055,88.85357734133927,89.62777709960938,30546900,0.0,0.0,89.85011138916016,96.24018211364746,13.377379574481324,-1.7198128681390585,-0.6335896841533666,5.883389898451723,0.0022198198345764197,0.0,0.0,0.0,0.0,0.0,0.0,0.0,0.0,0.0,22724300.0,31295600.0,32423700.0,0.0,0.0,0.0,0.0,0.0,0.0,0.0,0.0,0.0,0.0,0.4494,0.0,0.0,0.00840302049622438,0.0,0.0,2.0,0.0,0.0,2781.0,0.0,0.0,0.5,0.0,89.24729410807292,0.4971056312322781,90.64302171979632,1.7157319461832712,93.04571315220424,3.0247505320981727,-0.0023200827583090833
2023-03-01,89.4888116024601,90.52106270572482,89.181114234039,89.8362045288086,26323900,0.0,0.0,89.59402770996094,95.77566528320312,21.049385726800836,-1.794603888856102,-0.8657925250939137,6.00892143760544,0.0023254780598607194,0.0,0.0,0.0,0.0,0.0,0.0,0.0,0.0,0.0,30546900.0,22724300.0,31295600.0,0.0,0.0,0.0,0.0,0.0,0.0,0.0,0.0,0.0,0.0,0.0,0.4494,0.0,0.0,0.00840302049622438,0.0,0.0,2.0,0.0,0.0,2781.0,0.0,0.0,0.5,89.6310806274414,0.20349224970719235,90.0645032610212,0.953480955647558,92.3729019165039,2.5470915654153496,-0.01949949305464882
2023-03-02,89.19104460388508,91.7915429373536,89.10171066435545,91.622802734375,23328600,0.0,0.0,89.84017791748047,95.3230598449707,38.46148214930288,-1.6902288614654992,-1.0306797923682307,5.961200074494237,0.019887285030986357,0.0,0.0,0.0,0.0,0.0,0.0,0.0,0.0,0.0,26323900.0,30546900.0,22724300.0,0.0,0.0,0.0,0.0,0.0,0.0,0.0,0.0,0.0,0.0,0.0,0.0,0.0,0.0,0.0,0.0,0.0,0.0,0.0,0.0,0.0,0.0,0.0,0.0,90.36226145426433,1.096623790302666,90.1013663155692,1.0151247499082876,92.14957591465541,2.4582138815996046,-0.01818773427951259
2023-03-03,92.04961353328834,93.40941756895012,91.97021483243287,93.32008361816406,30242500,0.0,0.0,90.76722564697266,94.58956108093261,47.15446815757145,-1.4537960616809613,-1.115303046230777,5.170670628550813,0.018524655796763545,0.0,0.0,0.0,0.0,0.0,0.0,0.0,0.0,0.0,23328600.0,26323900.0,30546900.0,0.0,0.0,0.0,0.0,0.0,0.0,0.0,0.0,0.0,0.0,0.0,0.0,0.0,0.0,0.0,0.0,0.0,0.0,0.0,0.0,0.0,0.0,0.0,0.0,91.59303029378255,1.742130355620967,90.41614641462054,1.5715522614797783,92.09002249581474,2.4156540237062343,-0.016321393530953965
2023-03-06,93.65755015416657,95.58311050579802,93.59799923940635,94.86846923828125,28288200,0.0,0.0,91.85506744384766,94.11114921569825,51.79231689768484,-1.1284712709380926,-1.1179366911722401,4.625528806093434,0.016592201379208804,0.0,0.0,0.0,0.0,0.0,0.0,0.0,0.0,0.0,30242500.0,23328600.0,26323900.0,0.0,0.0,0.0,0.0,0.0,0.0,0.0,0.0,0.0,0.0,0.0,0.0,0.0,0.0,0.0,0.0,0.0,0.0,0.0,0.0,0.0,0.0,0.0,0.0,93.27045186360677,1.6234023675416809,91.05563463483539,2.3013996012383062,92.1311422075544,2.46051733583593,0.014972944611630457
2023-03-07,94.70965818395362,95.37466865117595,93.14539405582894,93.46896362304688,24101500,0.0,0.0,92.62330474853516,93.64961090087891,47.77651128210994,-0.9723685777429836,-1.0888230684863889,4.160611983666238,-0.014752062792530496,0.0,0.0,0.0,0.0,0.0,0.0,0.0,0.0,0.0,28288200.0,30242500.0,23328600.0,0.0,0.0,0.0,0.0,0.0,0.0,0.0,0.0,0.0,0.0,0.0,0.0,0.0,0.0,0.0,0.0,0.0,0.0,0.0,0.0,0.0,0.0,0.0,0.0,93.88583882649739,0.854232526063726,91.73908015659877,2.187558359325677,92.07584272112165,2.417726870515466,-0.005071379955075783
2023-03-08,93.70221755613018,95.52355631627923,93.70221755613018,93.94539642333984,25395200,0.0,0.0,93.44514312744141,92.98509521484375,42.2810792065205,-0.8009787391451937,-1.03125420261815,2.6712595490002884,0.005097229944844406,0.0,0.0,0.0,0.0,0.0,0.0,0.0,0.0,0.0,24101500.0,28288200.0,30242500.0,0.0,0.0,0.0,0.0,0.0,0.0,0.0,0.0,0.0,0.0,0.0,0.0,0.0,0.0,0.0,0.0,0.0,0.0,0.0,0.0,0.0,0.0,0.0,0.0,94.09427642822266,0.7115321030413357,92.38424246651786,2.054725938568742,91.9021464756557,2.1583807325267244,0.02147640272660034
2023-03-09,93.78657824042934,95.20593307731446,91.66747744791009,91.97020721435547,24438900,0.0,0.0,93.5146240234375,92.62082748413086,40.568335072967024,-0.8151359393747839,-0.9880305499694768,2.2317605805700924,-0.021024864274175936,0.0,0.0,0.0,0.0,0.0,0.0,0.0,0.0,0.0,25395200.0,24101500.0,28288200.0,0.0,0.0,0.0,0.0,0.0,0.0,0.0,0.0,0.0,0.0,0.0,0.0,0.0,0.0,0.0,0.0,0.0,0.0,0.0,0.0,0.0,0.0,0.0,0.0,93.12818908691406,1.030746606193462,92.71887534005302,1.6892237786666426,91.68094852992466,1.958519209025453,0.01812980524340202
2023-03-10,91.81140252008929,92.48634070097877,90.12406085416511,90.3324966430664,32850100,0.0,0.0,92.91710662841797,92.39998397827148,39.47062741308813,-0.9475820427985298,-0.9799408485352875,2.2285786359696833,-0.017806968374791676,0.0,0.0,0.0,0.0,0.0,0.0,0.0,0.0,0.0,24438900.0,25395200.0,24101500.0,0.0,0.0,0.0,0.0,0.0,0.0,0.0,0.0,0.0,0.0,0.0,0.0,0.0,0.0,0.0,0.0,0.0,0.0,0.0,0.0,0.0,0.0,0.0,0.0,92.08270009358723,1.8090749546337783,92.78977421351841,1.552991069629666,91.42713873726981,1.8794495787176333,-0.007091543759237706
2023-03-13,89.89081894362556,92.38709618851917,89.27047156522059,90.97766876220703,31508600,0.0,0.0,92.13894653320312,92.24117584228516,48.70948066370293,-0.9890849799335655,-0.9817696748149431,2.2101118217000533,0.007142192932958702,0.0,0.0,0.0,0.0,0.0,0.0,0.0,0.0,0.0,32850100.0,24438900.0,25395200.0,0.0,0.0,0.0,0.0,0.0,0.0,0.0,0.0,0.0,0.0,0.0,0.0,0.0,0.0,0.0,0.0,0.0,0.0,0.0,0.0,0.0,0.0,0.0,0.0,91.0934575398763,0.8249722780817796,92.69761221749442,1.6499057787773588,91.3994892665318,1.883281276458156,-0.027479918561828742
2023-03-14,92.37715438705688,94.12405445789844,92.08931233877172,93.54837036132812,32303900,0.0,0.0,92.15482788085937,92.20395469665527,57.020009849430565,-0.805259689383746,-0.9464676777287038,2.179802093565193,0.02825640219294101,0.0,0.0,0.0,0.0,0.0,0.0,0.0,0.0,0.0,31508600.0,32850100.0,24438900.0,0.0,0.0,0.0,0.0,0.0,0.0,0.0,0.0,0.0,0.0,0.0,0.0,0.0,0.0,0.0,0.0,0.0,0.0,0.0,0.0,0.0,0.0,0.0,0.0,91.61951192220052,1.7013033017290846,92.730224609375,1.6664337306043708,91.57318551199776,1.96553026617009,-0.023821901704621506
2023-03-15,92.84365836210459,96.52603899232889,92.34738052666846,95.83125305175781,38367300,0.0,0.0,92.53199920654296,92.28335952758789,64.4058659094831,-0.46994997715933096,-0.8511641376148293,2.284410015582643,0.02440323312541004,0.0,0.0,0.0,0.0,0.0,0.0,0.0,0.0,0.0,32303900.0,31508600.0,32850100.0,0.0,0.0,0.0,0.0,0.0,0.0,0.0,0.0,0.0,0.0,0.0,0.0,0.0,0.0,0.0,0.0,0.0,0.0,0.0,0.0,0.0,0.0,0.0,0.0,93.45243072509766,2.4282140400494807,92.86776515415737,1.896218771141805,91.96169989449638,2.23341535773192,-0.044721400264723266
2023-03-16,95.8510961355268,101.21089801007058,95.1563102290075,100.31759643554688,54499500,0.0,0.0,94.20147705078125,92.48038215637207,76.85609610032762,0.15599755992455755,-0.6497317981069519,2.773612383987393,0.04681503414513455,0.0,0.0,0.0,0.0,0.0,0.0,0.0,0.0,0.0,38367300.0,32303900.0,31508600.0,0.0,0.0,0.0,0.0,0.0,0.0,0.0,0.0,0.0,0.0,0.0,0.0,0.0,0.0,0.0,0.0,0.0,0.0,0.0,0.0,0.0,0.0,0.0,0.0,96.56573994954427,3.4438653665954475,93.8461412702288,3.4159401223982853,92.79261071341378,2.9647068067417037,-0.013566359479605716
2023-03-17,100.08931500570836,102.71958917391197,99.99998862590255,101.69725799560547,76140300,0.0,0.0,96.47442932128907,92.81189613342285,77.51559482443822,0.7546930190129046,-0.36884683468298063,3.4199713523103323,0.013752936763641532,0.0,0.0,0.0,0.0,0.0,0.0,0.0,0.0,0.0,54499500.0,38367300.0,32303900.0,0.0,0.0,0.0,0.0,0.0,0.0,0.0,0.0,0.0,0.0,0.0,0.0,0.0,0.0,0.0,0.0,0.0,0.0,0.0,0.0,0.0,0.0,0.0,0.0,99.28203582763672,3.0670495316839284,94.95355006626674,4.528752294656421,93.6688962663923,3.632054637539981,0.005199645388573426
2023-03-20,100.30767742123733,101.8163663379624,100.03969071203699,101.17120361328125,26033900,0.0,0.0,98.51313629150391,93.1761646270752,75.51558335643702,1.1731914704891722,-0.06043917364855006,3.895332739060797,-0.005172748928461313,0.0,0.0,0.0,0.0,0.0,0.0,0.0,0.0,0.0,76140300.0,54499500.0,38367300.0,0.0,0.0,0.0,0.0,0.0,0.0,0.0,0.0,0.0,0.0,0.0,0.0,0.0,0.0,0.0,0.0,0.0,0.0,0.0,0.0,0.0,0.0,0.0,0.0,101.06201934814453,0.6962811270534276,96.26797812325614,4.842905762001731,94.49342673165458,3.9411998967904576,-0.03694238799028515
2023-03-21,101.22082070078228,105.17118764200598,101.10171130584662,105.05207824707031,33122800,0.0,0.0,100.81387786865234,93.86053047180175,78.93544546549016,1.7972906101475985,0.31110678311067963,4.6830474564618,0.038359478736888386,0.0,0.0,0.0,0.0,0.0,0.0,0.0,0.0,0.0,26033900.0,76140300.0,54499500.0,0.0,0.0,0.0,0.0,0.0,0.0,0.0,0.0,0.0,0.0,0.0,0.0,0.0,0.0,0.0,0.0,0.0,0.0,0.0,0.0,0.0,0.0,0.0,0.0,102.64017995198567,2.1052608728289814,98.3707754952567,5.028263358049882,95.58027485438755,4.600901212178034,0.015543823628827447
2023-03-22,104.35730992504037,106.70966975559035,103.43423278369538,103.44416046142578,32336900,0.0,0.0,102.33645935058594,94.4769073486328,72.6340404384794,2.137508282419475,0.6763870829724388,5.095954340535876,-0.015305911243972625,0.0,0.0,0.0,0.0,0.0,0.0,0.0,0.0,0.0,33122800.0,26033900.0,76140300.0,0.0,0.0,0.0,0.0,0.0,0.0,0.0,0.0,0.0,0.0,0.0,0.0,0.0,0.0,0.0,0.0,0.0,0.0,0.0,0.0,0.0,0.0,0.0,0.0,103.22248077392578,1.9499111245603764,100.15170288085938,4.094302662778236,96.4246575491769,4.894150015785354,-0.0191982366936414
2023-03-23,105.10173051856704,106.30371410940663,104.62530798672589,105.46897888183594,31385800,0.0,0.0,103.36673583984376,95.23075370788574,72.97302756105444,2.5412254975664155,1.049354765891234,5.554420555325744,0.019574023428468035,0.0,0.0,0.0,0.0,0.0,0.0,0.0,0.0,0.0,32336900.0,33122800.0,26033900.0,0.0,0.0,0.0,0.0,0.0,0.0,0.0,0.0,0.0,0.0,0.0,0.0,0.0,0.0,0.0,0.0,0.0,0.0,0.0,0.0,0.0,0.0,0.0,0.0,104.65507253011067,1.0691971583304642,101.85464695521763,3.2901160017774695,97.29243578229632,5.356548681539722,0.0018858517920954387
2023-03-24,104.95283688779055,105.36971603414612,103.960281194504,105.27045440673828,25236200,0.0,0.0,104.08137512207031,96.0600341796875,70.7278665276507,2.812731614012023,1.402030135515392,5.759992294000021,-0.001882302049402429,0.0,0.0,0.0,0.0,0.0,0.0,0.0,0.0,0.0,31385800.0,32336900.0,33122800.0,0.0,0.0,0.0,0.0,0.0,0.0,0.0,0.0,0.0,0.0,0.0,0.0,0.0,0.0,0.0,0.0,0.0,0.0,0.0,0.0,0.0,0.0,0.0,0.0,104.72786458333333,1.1161429999130594,103.20310429164341,2.1450441309917747,98.03543472290039,5.704576317546526,0.029109274358354753
2023-03-27,104.53596359479435,104.61536986637508,101.86598640053339,102.29278564453125,25393400,0.0,0.0,104.30569152832031,96.70321044921874,66.54262799497894,2.7558613297518946,1.6727963743626924,5.698472680906779,-0.0282858925515993,0.0,0.0,0.0,0.0,0.0,0.0,0.0,0.0,0.0,25236200.0,31385800.0,32336900.0,0.0,0.0,0.0,0.0,0.0,0.0,0.0,0.0,0.0,0.0,0.0,0.0,0.0,0.0,0.0,0.0,0.0,0.0,0.0,0.0,0.0,0.0,0.0,0.0,104.34407297770183,1.7792379785241312,103.48527417864118,1.8051995032497963,98.665707724435,5.64841328495068,0.01677185333518061
2023-03-28,102.23323659598337,102.23323659598337,99.53348389367748,100.6054458618164,24913500,0.0,0.0,103.41636505126954,97.2520938873291,61.943766418563925,2.545296408365701,1.8472963811632943,5.506548496604568,-0.016495198288747126,0.0,0.0,0.0,0.0,0.0,0.0,0.0,0.0,0.0,25393400.0,25236200.0,31385800.0,0.0,0.0,0.0,0.0,0.0,0.0,0.0,0.0,0.0,0.0,0.0,0.0,0.0,0.0,0.0,0.0,0.0,0.0,0.0,0.0,0.0,0.0,0.0,0.0,102.72289530436198,2.3620588309054082,103.32930101667132,2.019842706417353,99.14142554146903,5.498757799379317,-0.005299314488124596
2023-03-29,101.95532144739781,102.05457550164338,100.2778999120315,101.14142608642578,26148300,0.0,0.0,102.95581817626953,97.81735496520996,67.34237223581553,2.3940739219679443,1.9566518893242244,5.280851899065797,0.005327546834249519,0.0,0.0,0.0,0.8541,0.0,1.0,0.0,1.0,0.0,24913500.0,25393400.0,25236200.0,0.0,0.0,0.0,0.0,0.0,0.0,0.0,0.0,0.0,0.0,0.0,0.0,0.0,0.0,0.0,0.0,0.0,0.0,0.0,0.0,0.0,0.0,0.0,0.0,101.34655253092448,0.86216966384667,103.32504708426339,2.0251696631926803,99.79651260375977,5.111360412222247,0.005724450289738892
2023-03-30,100.68485190194869,100.85358455230276,99.54341134069661,100.56574249267578,25009800,0.0,0.0,101.9751708984375,98.264501953125,70.16035794355608,2.202388394696584,2.0057991903986965,5.104398964061983,-0.005691867477309209,0.0,0.0,0.0,0.0,0.0,0.0,0.0,0.0,0.0,26148300.0,24913500.0,25393400.0,0.0,0.0,0.0,0.0,0.0,0.0,0.0,0.0,0.0,0.8541,0.0,0.0,0.0,0.0,0.0,1.0,0.0,0.0,0.0,0.0,0.0,1.0,0.0,0.0,100.77087148030598,0.32152313519816145,102.68414197649274,2.0961743995503563,100.52745873587472,4.3250809994391215,-0.025769232560121313
2023-03-31,100.95283848857181,103.41437993579669,100.68485178377102,103.22579193115234,28108000,0.0,0.0,101.56623840332031,98.75978736877441,72.35507645965134,2.23930665879611,2.052500684078179,5.079908099137105,0.02645085068277897,0.0,0.0,0.0,0.0,0.0,0.0,0.0,0.0,0.0,25009800.0,26148300.0,24913500.0,0.0,0.0,0.0,0.0,0.0,0.0,0.0,0.0,0.0,0.0,0.8541,0.0,0.0,0.0,0.0,0.0,1.0,0.0,0.0,0.0,0.0,0.0,1.0,0.0,101.64432017008464,1.3995151297213986,102.65294647216797,2.084571384381537,101.40232467651367,3.380365036803201,-0.008674203569649208
2023-04-03,101.90569796769351,104.1687238867883,101.61785588884732,104.1290283203125,20719900,0.0,0.0,101.93348693847656,99.22281532287597,70.56330576787005,2.3147651057723664,2.1049535684170166,5.128364638768603,0.00875010375083951,0.0,0.0,0.0,0.0,0.0,0.0,0.0,0.0,0.0,28108000.0,25009800.0,26148300.0,0.0,0.0,0.0,0.0,0.0,0.0,0.0,0.0,0.0,0.0,0.0,0.8541,0.0,0.0,0.0,0.0,0.0,1.0,0.0,0.0,0.0,0.0,0.0,1.0,102.6401875813802,1.8524175590868106,102.4615249633789,1.8287022206757422,102.15808595929828,2.576568139552509,-0.0019975550826655253
2023-04-04,104.05952618921151,105.31014837419293,103.82131496389067,104.33744812011719,20377200,0.0,0.0,102.67988739013671,99.7662395477295,67.98154306671526,2.364131963008589,2.156789247335331,5.0619780562600365,0.0020015532956243476,0.0,0.0,0.0,0.0,0.0,0.0,0.0,0.0,0.0,20719900.0,28108000.0,25009800.0,0.0,0.0,0.0,0.0,0.0,0.0,0.0,0.0,0.0,0.0,0.0,0.0,0.0,0.0,0.0,0.0,0.0,0.0,0.0,0.0,0.0,0.0,0.0,0.0,103.89742279052734,0.5909109168785036,102.32823835100446,1.6108774366979073,102.76567132132394,1.8781273219895775,0.00161979234490639
2023-04-05,105.330012340845,105.74688391239768,103.32702963127244,104.16871643066406,21864200,0.0,0.0,103.28534545898438,100.2774055480957,59.958954682054646,2.36240794757623,2.197912987383511,4.958366610437416,-0.001617172860686411,0.0,0.0,0.0,0.0,0.0,0.0,0.0,0.0,0.0,20377200.0,20719900.0,28108000.0,0.0,0.0,0.0,0.0,0.0,0.0,0.0,0.0,0.0,0.0,0.0,0.0,0.0,0.0,0.0,0.0,0.0,0.0,0.0,0.0,0.0,0.0,0.0,0.0,104.21173095703125,0.11066792826532039,102.59622846330915,1.7537069529824347,103.04075132097516,1.7709581920619621,-0.036271794804468405
2023-04-06,104.98260572198302,108.81387106210268,104.03472084988645,108.08930969238281,34684200,0.0,0.0,104.79005889892578,101.08336067199707,64.60980770525198,2.646889073769742,2.2877082046607575,4.845766564718235,0.03763695470250261,0.0,0.0,0.0,0.0,0.0,0.0,0.0,0.0,0.0,21864200.0,20377200.0,20719900.0,0.0,0.0,0.0,0.0,0.0,0.0,0.0,0.0,0.0,0.0,0.0,0.0,0.0,0.0,0.0,0.0,0.0,0.0,0.0,0.0,0.0,0.0,0.0,0.0,105.53182474772136,2.2164531412560633,103.66535186767578,2.471925042959941,103.49732644217355,2.1756753764935755,0.018232841452158866
2023-04-10,106.59055076223996,107.16623485728229,104.81387523811881,106.15382385253906,19741500,0.0,0.0,105.37566528320312,101.8744270324707,60.699057094009476,2.685211438135866,2.3672088513557794,4.253546001547248,-0.01790635767174431,0.0,0.0,0.0,0.0,0.0,0.0,0.0,0.0,0.0,34684200.0,21864200.0,20377200.0,0.0,0.0,0.0,0.0,0.0,0.0,0.0,0.0,0.0,0.0,0.0,0.0,0.0,0.0,0.0,0.0,0.0,0.0,0.0,0.0,0.0,0.0,0.0,0.0,106.13728332519531,1.9603489670826844,104.38140869140625,2.341495617284946,103.85322788783482,2.1734257397428953,0.007821269515780216
2023-04-11,106.12404944560701,106.42181917291539,104.496258767545,105.33000946044922,18721300,0.0,0.0,105.61586151123046,102.59204406738282,50.68698731480724,2.6189179950293777,2.4175506800904993,3.4539271553769875,-0.007760571990644727,0.0,0.0,0.0,0.0,0.0,0.0,0.0,0.0,0.0,19741500.0,34684200.0,21864200.0,0.0,0.0,0.0,0.0,0.0,0.0,0.0,0.0,0.0,0.0,0.0,0.0,0.0,0.0,0.0,0.0,0.0,0.0,0.0,0.0,0.0,0.0,0.0,0.0,106.52438100179036,1.4164811658236245,105.06201825823102,1.6326634454323898,103.87308011736188,2.186448769394619,0.008553533973353789
2023-04-12,106.59055048271136,106.78608255210057,104.18856763085282,104.43670654296875,22761600,0.0,0.0,105.63571319580078,103.13646087646484,52.543209837928174,2.465872836841754,2.4272151114407503,2.7371671429973907,-0.008480991524223658,0.0,0.0,0.0,0.0,0.0,0.0,0.0,0.0,0.0,18721300.0,19741500.0,34684200.0,0.0,0.0,0.0,0.0,0.0,0.0,0.0,0.0,0.0,0.0,0.0,0.0,0.0,0.0,0.0,0.0,0.0,0.0,0.0,0.0,0.0,0.0,0.0,0.0,105.30684661865234,0.8587929620324629,105.23500605991909,1.4607848185458325,103.94397626604352,2.187562603187854,-0.02745178280958982
2023-04-13,105.67740836345907,107.45904405742401,105.6476329035754,107.38460540771484,21650700,0.0,0.0,106.27889099121094,103.7141284942627,54.68672478229041,2.553024570072324,2.452377003167065,2.298240384895925,0.0282266548067871,0.0,0.0,0.0,0.0,0.0,0.0,0.0,0.0,0.0,22761600.0,18721300.0,19741500.0,0.0,0.0,0.0,0.0,0.0,0.0,0.0,0.0,0.0,0.0,0.0,0.0,0.0,0.0,0.0,0.0,0.0,0.0,0.0,0.0,0.0,0.0,0.0,0.0,105.71710713704427,1.5115920043489621,105.70008850097656,1.5645463971623244,104.08080673217773,2.344564445348963,-0.011602393960199131
2023-04-14,106.88832892187006,108.76425864462027,106.78906729085108,108.64514923095703,20758700,0.0,0.0,106.39005889892579,104.1305061340332,57.84858425683953,2.6927677478754504,2.500455152108742,2.4024920961628013,0.01173858970246422,0.0,0.0,0.0,0.0,0.0,0.0,0.0,0.0,0.0,21650700.0,22761600.0,18721300.0,0.0,0.0,0.0,0.0,0.0,0.0,0.0,0.0,0.0,0.0,0.0,0.0,0.0,0.0,0.0,0.0,0.0,0.0,0.0,0.0,0.0,0.0,0.0,0.0,106.82215372721355,2.159863742043575,106.31547437395368,1.772593582877271,104.32185636247907,2.6321278846641856,0.028566159977400973
2023-04-17,104.64514150620903,105.91561151474151,104.53595977991965,105.62776947021484,29043400,0.0,0.0,106.28484802246093,104.32703170776367,57.741927371046394,2.5308636726719698,2.5065368562213877,2.3532290485346485,-0.027772797792636528,0.0,0.0,0.0,0.0,0.0,0.0,0.0,0.0,0.0,20758700.0,21650700.0,22761600.0,0.0,0.0,0.0,0.0,0.0,0.0,0.0,0.0,0.0,0.0,0.0,0.0,0.0,0.0,0.0,0.0,0.0,0.0,0.0,0.0,0.0,0.0,0.0,0.0,107.21917470296223,1.5154770350256888,106.52391052246094,1.5498804809760438,104.56006949288505,2.5848539275125706,0.012366809552522229
2023-04-18,106.20344993489394,106.25308074427667,103.99997527603088,104.33744812011719,17641400,0.0,0.0,106.08633575439453,104.48534393310547,58.826272053455526,2.2722423815768735,2.4596779612924853,2.2331904775142437,-0.012215739824568583,0.0,0.0,0.0,0.0,0.0,0.0,0.0,0.0,0.0,29043400.0,20758700.0,21650700.0,0.0,0.0,0.0,0.0,0.0,0.0,0.0,0.0,0.0,0.0,0.0,0.0,0.0,0.0,0.0,0.0,0.0,0.0,0.0,0.0,0.0,0.0,0.0,0.0,106.20345560709636,2.210799201924675,105.98793029785156,1.5669501533940058,104.82664108276367,2.3250272815981816,0.0009523003018361287
2023-04-19,103.43917453542184,104.93793555837468,103.02727063997726,104.2381820678711,16732000,0.0,0.0,106.046630859375,104.44464912414551,57.47837910539057,2.035805703399234,2.3749035097138353,2.229732510790206,-0.0009513942887678928,0.0,0.0,0.0,0.0,0.0,0.0,0.0,0.0,0.0,17641400.0,29043400.0,20758700.0,0.0,0.0,0.0,0.0,0.0,0.0,0.0,0.0,0.0,0.0,0.0,0.0,0.0,0.0,0.0,0.0,0.0,0.0,0.0,0.0,0.0,0.0,0.0,0.0,104.73446655273438,0.7752135280465529,105.71426718575614,1.6951821142928523,105.0478379385812,2.0820710092622146,-0.008309820440201454
2023-04-20,103.8709464139381,106.09228484593666,103.86101873748065,105.11164093017578,22515300,0.0,0.0,105.59203796386718,104.52802314758301,60.82227808372444,1.8970408567669779,2.279330979124464,2.221513356549376,0.00837945218323144,0.0,0.0,0.0,0.0,0.0,0.0,0.0,0.0,0.0,16732000.0,17641400.0,29043400.0,0.0,0.0,0.0,0.0,0.0,0.0,0.0,0.0,0.0,0.0,0.0,0.0,0.0,0.0,0.0,0.0,0.0,0.0,0.0,0.0,0.0,0.0,0.0,0.0,104.56242370605469,0.47821868087257485,105.68307168143136,1.7054103461110959,105.3725449698312,1.6359909250373774,-9.456765092508146e-05
2023-04-21,105.30023479470876,105.84614348060829,104.6997428128186,105.12158203125,22379000,0.0,0.0,104.88732452392578,104.51065330505371,55.164966732280604,1.767496282918387,2.1769640398832486,2.215117800113159,9.457659481149072e-05,0.0,0.0,0.0,0.0,0.0,0.0,0.0,0.0,0.0,22515300.0,16732000.0,17641400.0,0.0,0.0,0.0,0.0,0.0,0.0,0.0,0.0,0.0,0.0,0.0,0.0,0.0,0.0,0.0,0.0,0.0,0.0,0.0,0.0,0.0,0.0,0.0,0.0,104.8238016764323,0.5071858148855147,105.78091103690011,1.6403954545714698,105.5079585484096,1.5189009198009493,-0.008147467858094615
2023-04-24,105.26053077194189,106.52107312819729,104.57566494331094,105.98509216308594,21410900,0.0,0.0,104.9587890625,104.5463851928711,55.067704657543835,1.7147428377655984,2.0845197994597187,2.233705057274728,0.008214394372215938,0.0,0.0,0.0,0.0,0.0,0.0,0.0,0.0,0.0,22379000.0,22515300.0,16732000.0,0.0,0.0,0.0,0.0,0.0,0.0,0.0,0.0,0.0,0.0,0.0,0.0,0.0,0.0,0.0,0.0,0.0,0.0,0.0,0.0,0.0,0.0,0.0,0.0,105.4061050415039,0.5014421916741131,105.5809805733817,1.4908293245641153,105.64053453717914,1.4694823386631606,0.020743724415143605
2023-04-25,105.81635668928911,106.64017968248697,103.78161461165072,103.83124542236328,31408100,0.0,0.0,104.85754852294922,104.6233081817627,48.75061622758373,1.4820537280553054,1.964026585178836,2.1778030747773367,-0.02032216698371503,0.0,0.0,0.0,0.0,0.0,0.0,0.0,0.0,0.0,21410900.0,22379000.0,22515300.0,0.0,0.0,0.0,0.0,0.0,0.0,0.0,0.0,0.0,0.0,0.0,0.0,0.0,0.0,0.0,0.0,0.0,0.0,0.0,0.0,0.0,0.0,0.0,0.0,104.97930653889973,1.0839491143143858,104.89328002929688,0.7850001823974345,105.60437720162528,1.50968943360539,0.001531803899075701
2023-04-26,104.77417700523206,106.22330741487521,102.5012235492373,103.67243957519531,37068200,0.0,0.0,104.74440002441406,104.77665786743164,48.77451423679562,1.2701896716357766,1.8252592024702243,1.9788926911772189,-0.001529461064653348,0.0,0.0,0.0,0.0,0.0,0.0,0.0,0.0,0.0,31408100.0,21410900.0,22379000.0,0.0,0.0,0.0,0.0,0.0,0.0,0.0,0.0,0.0,0.0,0.0,0.0,0.0,0.0,0.0,0.0,0.0,0.0,0.0,0.0,0.0,0.0,0.0,0.0,104.49625905354817,1.291809910673972,104.61394718715123,0.8268555432911201,105.56892885480609,1.5512470756499939,-0.036172418518466976
2023-04-27,104.44663867611075,108.3374551666708,103.64266341718557,107.56326293945312,38235200,0.0,0.0,105.23472442626954,105.09774971008301,48.69908900382104,1.4001032898617183,1.7402280199485232,1.876342574463351,0.037529968236502675,0.0,0.0,0.0,0.0,0.0,0.0,0.0,0.0,0.0,37068200.0,31408100.0,21410900.0,0.0,0.0,0.0,0.0,0.0,0.0,0.0,0.0,0.0,0.0,0.0,0.0,0.0,0.0,0.0,0.0,0.0,0.0,0.0,0.0,0.0,0.0,0.0,0.0,105.0223159790039,2.201956724401203,105.07477787562779,1.3685514084509987,105.53135408673968,1.4906906028954865,0.0013861052941408492
2023-04-28,106.99750374319369,107.48385389883946,105.2506036520227,107.41437530517578,23957900,0.0,0.0,105.69328308105469,105.440181350708,53.4195016087219,1.4740547943999616,1.6869933748388108,1.612044204652397,-0.0013841866656755242,0.0,0.0,0.0,0.0,0.0,0.0,0.0,0.0,0.0,38235200.0,37068200.0,31408100.0,0.0,0.0,0.0,0.0,0.0,0.0,0.0,0.0,0.0,0.0,0.0,0.0,0.0,0.0,0.0,0.0,0.0,0.0,0.0,0.0,0.0,0.0,0.0,0.0,106.21669260660808,2.204644982259011,105.52851976667132,1.5583243889091964,105.62139347621373,1.5672823409879013,0.004734858148722321
2023-05-01,106.91810791476617,107.87096053775701,106.69974443546836,106.9081802368164,20926300,0.0,0.0,105.87790069580078,105.62430076599121,54.35617467659424,1.4748154287485278,1.6445577856207545,1.55510271929819,-0.004712544917020889,0.0,0.0,0.0,0.0,0.0,0.0,0.0,0.0,0.0,23957900.0,38235200.0,37068200.0,0.0,0.0,0.0,0.0,0.0,0.0,0.0,0.0,0.0,0.0,0.0,0.0,0.0,0.0,0.0,0.0,0.0,0.0,0.0,0.0,0.0,0.0,0.0,0.0,107.29527282714844,0.3433982921150481,105.78516823904855,1.6247484618838102,105.73411996023995,1.601102385921603,0.016323868356513227
2023-05-02,106.85854915899976,106.92802775435598,103.72206954554999,105.19105529785156,20343100,0.0,0.0,106.14986267089844,105.67740211486816,51.99162692436918,1.3216257262979525,1.5799713737561942,1.5190719425742545,-0.01606167961292737,0.0,0.0,0.0,0.0,0.0,0.0,0.0,0.0,0.0,20926300.0,23957900.0,38235200.0,0.0,0.0,0.0,0.0,0.0,0.0,0.0,0.0,0.0,0.0,0.0,0.0,0.0,0.0,0.0,0.0,0.0,0.0,0.0,0.0,0.0,0.0,0.0,0.0,106.50453694661458,1.1653256596486818,105.7950929914202,1.6202252627907754,105.78800201416016,1.5663987812466997,-0.0013192267171477923
2023-05-03,105.4292635120191,107.32504088657967,104.83373163000108,105.33000946044922,17116300,0.0,0.0,106.48137664794922,105.72703018188477,43.63076305965561,1.197628704855319,1.5035028399760193,1.4889055997644505,0.0013209693752400664,0.0,0.0,0.0,0.0,0.0,0.0,0.0,0.0,0.0,20343100.0,20926300.0,23957900.0,0.0,0.0,0.0,0.0,0.0,0.0,0.0,0.0,0.0,0.0,0.0,0.0,0.0,0.0,0.0,0.0,0.0,0.0,0.0,0.0,0.0,0.0,0.0,0.0,105.80974833170573,0.9538037284732567,105.70150974818638,1.6263290797970178,105.64124516078404,1.5001526996980628,0.00864939772829465
2023-05-04,105.36971312684835,105.50867031426654,103.92057519074666,104.4267807006836,19780600,0.0,0.0,105.85408020019531,105.73993339538575,36.626816315908115,1.014779414286707,1.405758154838157,1.475750209267995,-0.00857522717782322,0.0,0.0,0.0,0.0,0.0,0.0,0.0,0.0,0.0,17116300.0,20343100.0,20926300.0,0.0,0.0,0.0,0.0,0.0,0.0,0.0,0.0,0.0,0.0,0.0,0.0,0.0,0.0,0.0,0.0,0.0,0.0,0.0,0.0,0.0,0.0,0.0,0.0,104.9826151529948,0.4863548278857269,105.78658621651786,1.5245795656844112,105.33993312290737,1.2538063473040595,-0.009461959300845368
2023-05-05,104.53596711857824,105.64763224038482,103.95929097862731,105.42430114746094,20710600,0.0,0.0,105.45606536865235,105.60668296813965,49.260216578538426,0.9395312659854369,1.312512777067613,1.3689003678856142,0.009552343183273138,0.0,0.0,0.0,0.0,0.0,0.0,0.0,0.0,0.0,19780600.0,17116300.0,20343100.0,0.0,0.0,0.0,0.0,0.0,0.0,0.0,0.0,0.0,0.0,0.0,0.0,0.0,0.0,0.0,0.0,0.0,0.0,0.0,0.0,0.0,0.0,0.0,0.0,105.06036376953125,0.5507207635522509,106.03685215541294,1.2362079303029319,105.32539967128209,1.2513901727749068,-0.01870850086850806
2023-05-08,105.0074360599973,107.61289496096833,105.00247600727415,107.43423461914062,17266000,0.0,0.0,105.56127624511718,105.67070350646972,60.69960691857057,1.0302058282653093,1.2560513873071524,1.4246418835306087,0.01906518183951067,0.0,0.0,0.0,0.0,0.0,0.0,0.0,0.0,0.0,20710600.0,19780600.0,17116300.0,0.0,0.0,0.0,0.0,0.0,0.0,0.0,0.0,0.0,0.0,0.0,0.0,0.0,0.0,0.0,0.0,0.0,0.0,0.0,0.0,0.0,0.0,0.0,0.0,105.76177215576172,1.5318648044110101,106.01841953822544,1.2103463567871806,105.54659870692662,1.3342769900820133,0.0027794018055073977
2023-05-09,107.97020246225496,109.77169339135227,106.92305594795248,107.13645935058594,24782400,0.0,0.0,105.95035705566406,105.76102600097656,59.87824177630125,1.0657527621523997,1.217991662276202,1.4587610123369263,-0.002771698142685297,0.0,0.0,0.0,0.0,0.0,0.0,0.0,0.0,0.0,17266000.0,20710600.0,19780600.0,0.0,0.0,0.0,0.0,0.0,0.0,0.0,0.0,0.0,0.0,0.0,0.0,0.0,0.0,0.0,0.0,0.0,0.0,0.0,0.0,0.0,0.0,0.0,0.0,106.66499837239583,1.0847417806148403,105.97871725899833,1.1604536786847972,105.75361851283482,1.3404803411686619,-0.038653382631369415
2023-05-10,107.74192431010384,112.66499967549679,107.6724457139781,111.44415283203125,47533500,0.0,0.0,107.17318572998047,106.11139831542968,67.48902951968407,1.4250912614424749,1.2594115821094567,1.8990383093536043,0.04020754006205407,0.0,0.0,0.0,0.0,0.0,0.0,0.0,0.0,0.0,24782400.0,17266000.0,20710600.0,0.0,0.0,0.0,0.0,0.0,0.0,0.0,0.0,0.0,0.0,0.0,0.0,0.0,0.0,0.0,0.0,0.0,0.0,0.0,0.0,0.0,0.0,0.0,0.0,108.67161560058594,2.4056993894610823,106.62671334402901,2.385641371992398,106.20594079153878,2.0089271437133482,-0.03952097588066161
2023-05-11,114.99750343648294,117.55829894718428,114.07442633716497,116.0297622680664,57115100,0.0,0.0,109.49378204345703,106.54365615844726,74.0481131469327,2.056187519186011,1.4187667695247677,2.915805692099984,0.04114715146111436,0.0,0.0,0.0,0.0,0.0,0.0,0.0,0.0,0.0,47533500.0,24782400.0,17266000.0,0.0,0.0,0.0,0.0,0.0,0.0,0.0,0.0,0.0,0.0,0.0,0.0,0.0,0.0,0.0,0.0,0.0,0.0,0.0,0.0,0.0,0.0,0.0,0.0,111.5367914835612,4.447375139937544,108.17510005405971,4.157752071938561,106.98509652273995,3.273409312192286,-0.008649855452237287
2023-05-12,116.12901065669601,117.37963289178805,115.68236364474816,117.04216003417969,31293800,0.0,0.0,111.81735382080078,106.9635066986084,74.21736933429939,2.6079648931287522,1.6566063942455647,3.7262465580842403,0.0087253282806381,0.0,0.0,0.0,0.0,0.0,0.0,0.0,0.0,0.0,57115100.0,47533500.0,24782400.0,0.0,0.0,0.0,0.0,0.0,0.0,0.0,0.0,0.0,0.0,0.0,0.0,0.0,0.0,0.0,0.0,0.0,0.0,0.0,0.0,0.0,0.0,0.0,0.0,114.83869171142578,2.983019939926393,109.8482644217355,5.076995058539847,107.77488708496094,4.212704783703497,0.008207973984324601
2023-05-15,115.62279971938985,117.91064068020903,115.61287961566096,116.08930206298828,22107900,0.0,0.0,113.54836730957031,107.48658332824706,78.33864822915197,2.93453724375091,1.9121925641466337,4.229203724360769,-0.008141151623595633,0.0,0.0,0.0,0.0,0.0,0.0,0.0,0.0,0.0,31293800.0,57115100.0,47533500.0,0.0,0.0,0.0,0.0,0.0,0.0,0.0,0.0,0.0,0.0,0.0,0.0,0.0,0.0,0.0,0.0,0.0,0.0,0.0,0.0,0.0,0.0,0.0,0.0,116.38707478841145,0.5681010088110293,111.51433890206474,4.912275589963338,108.6504625592913,4.587221329508672,-0.02606383213643193
2023-05-16,115.96028074298842,120.29774417440517,115.96028074298842,119.19600677490234,32370100,0.0,0.0,115.9602767944336,108.22951126098633,81.5831555262082,3.4047850482514406,2.2107110609675953,4.898935573592013,0.026761335081749493,0.0,0.0,0.0,0.0,0.0,0.0,0.0,0.0,0.0,22107900.0,31293800.0,57115100.0,0.0,0.0,0.0,0.0,0.0,0.0,0.0,0.0,0.0,0.0,0.0,0.0,0.0,0.0,0.0,0.0,0.0,0.0,0.0,0.0,0.0,0.0,0.0,0.0,117.44248962402344,1.5915719830203936,113.48172542027065,4.823689844618454,109.7592887878418,5.134863082125034,-0.011442163206845435
2023-05-17,119.28532781575717,121.36969298269034,118.57068659907198,120.57565307617188,26659600,0.0,0.0,117.78657684326171,109.04638481140137,79.48712363098461,3.8444691009015486,2.5374626689543858,5.520977632608013,0.011574601688418618,0.0,0.0,0.0,0.0,0.0,0.0,0.0,0.0,0.0,32370100.0,22107900.0,31293800.0,0.0,0.0,0.0,0.0,0.0,0.0,0.0,0.0,0.0,0.0,0.0,0.0,0.0,0.0,0.0,0.0,0.0,0.0,0.0,0.0,0.0,0.0,0.0,0.0,118.62032063802083,2.2979114973212957,115.35907091413226,4.631209060576554,110.68874522617885,5.836525589493547,-0.01651552308324944
2023-05-18,120.65505580803743,122.97763984007257,120.58557721923202,122.6004638671875,27014500,0.0,0.0,119.10071716308593,109.92082595825195,81.71637736171346,4.306662662792164,2.8913026677219418,6.2072987159385145,0.016792866050134414,0.0,0.0,0.0,0.0,0.0,0.0,0.0,0.0,0.0,26659600.0,32370100.0,22107900.0,0.0,0.0,0.0,0.0,0.0,0.0,0.0,0.0,0.0,0.0,0.0,0.0,0.0,0.0,0.0,0.0,0.0,0.0,0.0,0.0,0.0,0.0,0.0,0.0,120.79070790608723,1.7123867723750386,117.5682144165039,3.6366837011598414,111.77346583775112,6.548871199088051,0.00219054525642548
2023-05-19,123.27541389183706,125.53744764704801,121.80643570863663,122.33248901367188,30268900,0.0,0.0,120.15878295898438,110.78137130737305,82.53767101350984,4.5983244376363785,3.232707021704829,6.681815311179224,-0.002185757256236154,0.0,0.0,0.0,0.0,0.0,0.0,0.0,0.0,0.0,27014500.0,26659600.0,32370100.0,0.0,0.0,0.0,0.0,0.0,0.0,0.0,0.0,0.0,0.0,0.0,0.0,0.0,0.0,0.0,0.0,0.0,0.0,0.0,0.0,0.0,0.0,0.0,0.0,121.83620198567708,1.0998592162045773,119.12369101388114,2.8169262233143106,112.87520217895508,6.952413674416352,-0.020815054947370126
2023-05-22,122.59054395340543,126.10419167686175,122.5309854681955,124.93297576904297,29760200,0.0,0.0,121.92751770019531,111.7287654876709,90.149366187502,4.98187805439423,3.582541228242709,7.282274665434865,0.02125753163642785,0.0,0.0,0.0,0.0,0.0,0.0,0.0,0.0,0.0,30268900.0,27014500.0,26659600.0,0.0,0.0,0.0,0.0,0.0,0.0,0.0,0.0,0.0,0.0,0.0,0.0,0.0,0.0,0.0,0.0,0.0,0.0,0.0,0.0,0.0,0.0,0.0,0.0,123.28864288330078,1.4303236032027844,120.39557865687779,3.1744276946954266,114.28533935546875,7.268867763752718,0.020926250689934367
2023-05-23,123.9999753837632,124.48632552301795,122.1339735221134,122.37218475341797,24477900,0.0,0.0,122.56275329589843,112.65581245422364,81.5509003315896,5.021329860529065,3.8702989546999804,7.403136570949597,-0.020497318661159558,0.0,0.0,0.0,0.0,0.0,0.0,0.0,0.0,0.0,29760200.0,30268900.0,27014500.0,0.0,0.0,0.0,0.0,0.0,0.0,0.0,0.0,0.0,0.0,0.0,0.0,0.0,0.0,0.0,0.0,0.0,0.0,0.0,0.0,0.0,0.0,0.0,0.0,123.21254984537761,1.4900647492821448,121.15701075962612,2.859634312438258,115.5026375906808,7.078284377225723,0.013564564573483429
2023-05-24,120.97268542869617,121.83621160982608,119.85110021903462,120.7344741821289,23087900,0.0,0.0,122.59451751708984,113.50891418457032,79.39179712380108,4.864372684599914,4.069113700679967,7.295746152304096,-0.013383029604228103,0.0,0.0,0.0,0.0,0.0,0.0,0.0,0.0,0.0,24477900.0,29760200.0,30268900.0,0.0,0.0,0.0,0.0,0.0,0.0,0.0,0.0,0.0,0.0,0.0,0.0,0.0,0.0,0.0,0.0,0.0,0.0,0.0,0.0,0.0,0.0,0.0,0.0,122.67987823486328,2.116095544327529,121.8206067766462,1.8474937263742703,116.66747283935547,6.4272805500853245,-0.02179327310100243
2023-05-25,124.27789198256367,125.0421640734408,121.9850908551296,123.4242935180664,33812700,0.0,0.0,122.75928344726563,114.30196571350098,80.57665096509825,4.900538574307419,4.235398675405458,7.475277465387623,0.022278801097687095,0.0,0.0,0.0,0.0,0.0,0.0,0.0,0.0,0.0,23087900.0,24477900.0,29760200.0,0.0,0.0,0.0,0.0,0.0,0.0,0.0,0.0,0.0,0.0,0.0,0.0,0.0,0.0,0.0,0.0,0.0,0.0,0.0,0.0,0.0,0.0,0.0,0.0,122.17698415120442,1.3554923353985104,122.42464773995536,1.506022687518207,117.953186580113,5.772161553325749,-0.008610504673527197
2023-05-26,123.14143273458569,125.06202570612652,122.37220050639716,124.49626922607422,25154700,0.0,0.0,123.1920394897461,115.1560604095459,79.93732900212339,4.958540811334643,4.380027102591295,7.62133797475521,0.008685289398483675,0.0,0.0,0.0,0.0,0.0,0.0,0.0,0.0,0.0,33812700.0,23087900.0,24477900.0,0.0,0.0,0.0,0.0,0.0,0.0,0.0,0.0,0.0,0.0,0.0,0.0,0.0,0.0,0.0,0.0,0.0,0.0,0.0,0.0,0.0,0.0,0.0,0.0,122.88501230875652,1.9380128108964678,122.98473576136998,1.4309420081913824,119.17190333775112,5.147828740425548,0.0063383750441021736
2023-05-30,125.34985364805256,125.43918002149202,121.97516293158685,123.7121353149414,27230700,0.0,0.0,122.94787139892578,115.99625816345215,78.59589676659185,4.884924578928448,4.481006597858726,7.590407045160145,-0.0062984530862438826,0.0,0.0,0.0,0.0,0.0,0.0,0.0,0.0,0.0,25154700.0,33812700.0,23087900.0,0.0,0.0,0.0,0.0,0.0,0.0,0.0,0.0,0.0,0.0,0.0,0.0,0.0,0.0,0.0,0.0,0.0,0.0,0.0,0.0,0.0,0.0,0.0,0.0,123.87756601969402,0.554804892007816,123.14354596819196,1.4428253898850576,120.35588019234794,3.928577814476818,0.010294158695315136
2023-05-31,122.77913674607848,123.97020812658324,122.18360484212559,122.45159912109375,41548800,0.0,0.0,122.96375427246093,116.85928535461426,71.22084642873533,4.6710237935861585,4.519010037004213,7.271769502933324,-0.010189268745856128,0.0,0.0,0.0,0.0,0.0,0.0,0.0,0.0,0.0,27230700.0,25154700.0,33812700.0,0.0,0.0,0.0,0.0,0.0,0.0,0.0,0.0,0.0,0.0,0.0,0.0,0.0,0.0,0.0,0.0,0.0,0.0,0.0,0.0,0.0,0.0,0.0,0.0,123.55333455403645,1.0315436107107065,123.16056169782367,1.4323303241298333,121.1421263558524,2.999448644797763,-0.008040508101570865
2023-06-01,122.58062666300646,124.10916332120034,122.38211855574964,123.44415283203125,25017700,0.0,0.0,123.50569000244141,117.76499252319336,66.59264603991923,4.529384741628235,4.521084977929018,6.8775920278106355,0.008105681902577322,0.0,0.0,0.0,0.0,0.0,0.0,0.0,0.0,0.0,41548800.0,27230700.0,25154700.0,0.0,0.0,0.0,0.0,0.0,0.0,0.0,0.0,0.0,0.0,0.0,0.0,0.0,0.0,0.0,0.0,0.0,0.0,0.0,0.0,0.0,0.0,0.0,0.0,123.20262908935547,0.6640693960023659,122.94787270682198,1.2200913208870514,121.67172568184989,2.663043391017122,-0.00686731622247394
2023-06-02,123.56324813324942,125.80146592309599,123.42429095099801,124.29774475097656,19367500,0.0,0.0,123.68038024902344,118.758540725708,66.35349258232083,4.434889856943144,4.503845953731843,6.256577029318585,0.006914802356874583,0.0,0.0,0.0,0.0,0.0,0.0,0.0,0.0,0.0,25017700.0,41548800.0,27230700.0,0.0,0.0,0.0,0.0,0.0,0.0,0.0,0.0,0.0,0.0,0.0,0.0,0.0,0.0,0.0,0.0,0.0,0.0,0.0,0.0,0.0,0.0,0.0,0.0,123.39783223470052,0.9239440567407405,123.22295270647321,1.2840555452849112,122.18998173304966,2.384182632275604,-0.011055846547872838
2023-06-05,123.68236535847436,127.03720087055406,123.45407421742149,125.68732452392578,22672500,0.0,0.0,123.91859130859375,119.77169189453124,71.21549197440714,4.421165016277612,4.4873097662409975,5.588649023863753,0.011179444773782299,0.0,0.0,0.0,0.0,0.0,0.0,0.0,0.0,0.0,19367500.0,25017700.0,41548800.0,0.0,0.0,0.0,0.0,0.0,0.0,0.0,0.0,0.0,0.0,0.0,0.0,0.0,0.0,0.0,0.0,0.0,0.0,0.0,0.0,0.0,0.0,0.0,0.0,124.47640736897786,1.1322080454282415,123.93050275530133,1.0221713365523235,122.87555476597377,1.804464921844188,-0.01000702378013496
2023-06-06,125.65754116559211,127.92057436157211,125.03223384521516,126.95779418945312,19450100,0.0,0.0,124.56772308349609,120.74786987304688,68.6724339634485,4.4613762965814345,4.4821230723090855,4.993657585709366,0.010108176543176306,0.0,0.0,0.0,0.0,0.0,0.0,0.0,0.0,0.0,22672500.0,19367500.0,25017700.0,0.0,0.0,0.0,0.0,0.0,0.0,0.0,0.0,0.0,0.0,0.0,0.0,0.0,0.0,0.0,0.0,0.0,0.0,0.0,0.0,0.0,0.0,0.0,0.0,125.64762115478516,1.3304690984482113,124.43528856549945,1.4940766426012215,123.4299681527274,1.7791870215270338,0.04042619891892185
2023-06-07,126.62528557418186,128.58558906507577,121.71709812758215,122.02479553222656,34179300,0.0,0.0,124.48236236572265,121.4922866821289,52.97718840009078,4.048523403404445,4.395403138528158,3.8324969227726178,-0.03885542190395397,0.0,0.0,0.0,0.0,0.0,0.0,0.0,0.0,0.0,19450100.0,22672500.0,19367500.0,0.0,0.0,0.0,0.0,0.0,0.0,0.0,0.0,0.0,0.0,0.0,0.0,0.0,0.0,0.0,0.0,0.0,0.0,0.0,0.0,0.0,0.0,0.0,0.0,124.88997141520183,2.5613371357639525,124.08222089494977,1.747748582528455,123.53347832815987,1.6368115933051084,0.002201027789620724
2023-06-08,121.67243909446749,122.80891960712718,121.10172259826479,121.75680541992188,24815000,0.0,0.0,124.14489288330078,122.00791931152344,48.1318964241477,3.6575480120032466,4.2478321132231756,3.0162721565169237,-0.0021961939058026125,0.0,0.0,0.0,0.0,0.0,0.0,0.0,0.0,0.0,34179300.0,19450100.0,22672500.0,0.0,0.0,0.0,0.0,0.0,0.0,0.0,0.0,0.0,0.0,0.0,0.0,0.0,0.0,0.0,0.0,0.0,0.0,0.0,0.0,0.0,0.0,0.0,0.0,123.57979838053386,2.9284973004734525,123.80288805280414,1.9601086953042033,123.47321701049805,1.6885175374253398,-0.0016277209148343186
2023-06-09,121.64761723739545,123.35978178041707,121.50866005312103,121.95531463623047,20304500,0.0,0.0,123.67640686035156,122.30419692993163,49.16224973996646,3.325382295118061,4.0633421496021525,2.669208968112966,0.0016303747098485033,0.0,0.0,0.0,0.0,0.0,0.0,0.0,0.0,0.0,24815000.0,34179300.0,19450100.0,0.0,0.0,0.0,0.0,0.0,0.0,0.0,0.0,0.0,0.0,0.0,0.0,0.0,0.0,0.0,0.0,0.0,0.0,0.0,0.0,0.0,0.0,0.0,0.0,121.9123051961263,0.1390756413853525,123.73199026925224,2.0250315580718614,123.44627598353794,1.710978014391425,-0.011901861780727274
2023-06-12,122.47640105523767,123.82131729244166,121.43918221878879,123.4242935180664,22255700,0.0,0.0,123.22380065917969,122.62330360412598,46.47168440465451,3.144425905851705,3.879558900852063,2.3719618404428746,0.012045222352282225,0.0,0.0,0.0,0.0,0.0,0.0,0.0,0.0,0.0,20304500.0,24815000.0,34179300.0,0.0,0.0,0.0,0.0,0.0,0.0,0.0,0.0,0.0,0.0,0.0,0.0,0.0,0.0,0.0,0.0,0.0,0.0,0.0,0.0,0.0,0.0,0.0,0.0,122.37880452473958,0.9108440610858911,123.72915322440011,2.025515877736732,123.33851296561105,1.6567907295224364,-0.0006429502769264017
2023-06-13,124.71461936512009,124.92305514362373,122.92305610781635,123.50370025634766,19287700,0.0,0.0,122.5329818725586,122.99402351379395,52.993703755139215,2.973151484199917,3.698277417521634,1.809785005768602,0.0006433639279419534,0.0,0.0,0.0,0.0,0.0,0.0,0.0,0.0,0.0,22255700.0,20304500.0,24815000.0,0.0,0.0,0.0,0.0,0.0,0.0,0.0,0.0,0.0,0.0,0.0,0.0,0.0,0.0,0.0,0.0,0.0,0.0,0.0,0.0,0.0,0.0,0.0,0.0,122.96110280354817,0.8719425070830542,123.61571829659599,2.0105450240573033,123.4193355015346,1.6334594354306649,0.00040200546653279545
2023-06-14,122.87839451365849,123.86102250294128,121.25060382677839,123.45407104492188,24659600,0.0,0.0,122.81883697509765,123.20692672729493,57.85548722518918,2.8011210288980237,3.518846139796912,1.574655694874384,-0.00040184392307895944,0.0,0.0,0.0,-0.8587,-0.8587,1.0,605.0,0.0,0.0,19287700.0,22255700.0,20304500.0,0.0,0.0,0.0,0.0,0.0,0.0,0.0,0.0,0.0,0.0,0.0,0.0,0.0,0.0,0.0,0.0,0.0,0.0,0.0,0.0,0.0,0.0,0.0,0.0,123.46068827311198,0.040114814006046974,123.29668208530971,1.7923837250362546,123.61359242030552,1.439842197556519,-0.011209235622609448
2023-06-15,122.95779923919002,125.22083263020997,122.2233101304708,124.85358428955078,24517100,0.0,0.0,123.43819274902344,123.42082328796387,54.46099451555323,2.7460598081743512,3.3642888734724004,1.4865027115510685,0.01133630695839627,0.0,0.0,0.0,0.0,0.0,0.0,0.0,0.0,0.0,24659600.0,19287700.0,22255700.0,0.0,0.0,0.0,0.0,0.0,0.0,0.0,0.0,0.0,-0.8587,0.0,0.0,-0.8587,0.0,0.0,1.0,0.0,0.0,605.0,0.0,0.0,0.0,0.0,0.0,123.93711853027344,0.7940704506543911,122.99608067103794,1.1301556433577085,123.7156846182687,1.4756150875340077,0.013944894534249741
2023-06-16,125.75680582750313,125.75680582750313,122.86847263997812,123.13645935058594,56699200,0.0,0.0,123.67442169189454,123.44762306213379,45.92016634948133,2.534647918650947,3.19836068250811,1.4757268437377977,-0.013753108881380816,0.0,0.0,0.0,0.0,0.0,0.0,0.0,0.0,0.0,24517100.0,24659600.0,19287700.0,0.0,0.0,0.0,0.0,0.0,0.0,0.0,0.0,0.0,0.0,-0.8587,0.0,0.0,-0.8587,0.0,0.0,1.0,0.0,0.0,605.0,0.0,0.0,0.0,0.0,123.81470489501953,0.9136039045346083,123.15488978794643,1.0458871571368147,123.6185553414481,1.4649975257582875,0.0016956483448391513
2023-06-20,122.61536677986311,124.24315745229883,121.91561322392616,122.92801666259766,22698000,0.0,0.0,123.57516632080078,123.47739944458007,47.56323321605038,2.3234990395705637,3.023388353920601,1.4579430144557497,-0.0016927779886444227,0.0,0.0,0.0,0.0,0.0,0.0,0.0,0.0,0.0,56699200.0,24517100.0,24659600.0,0.0,0.0,0.0,0.0,0.0,0.0,0.0,0.0,0.0,0.0,0.0,-0.8587,0.0,0.0,-0.8587,0.0,0.0,1.0,0.0,0.0,605.0,0.0,0.0,0.0,123.6393534342448,1.0567069205918531,123.32220567975726,0.8625687348559317,123.5625468662807,1.47609151065325,0.021359043963945945
2023-06-21,122.31759569183865,122.49129595900084,119.96027603160152,120.3572998046875,22612000,0.0,0.0,122.94588623046874,123.24861564636231,43.98172751939413,1.9265189543088042,2.804014473998242,1.5720559390507376,-0.020912375613819867,0.0,0.0,0.0,0.0,0.0,0.0,0.0,0.0,0.0,22698000.0,56699200.0,24517100.0,0.0,0.0,0.0,0.0,0.0,0.0,0.0,0.0,0.0,0.0,0.0,0.0,0.0,0.0,0.0,0.0,0.0,0.0,0.0,0.0,0.0,0.0,0.0,0.0,122.14059193929036,1.5478889548498656,123.09391784667969,1.355336201472835,123.41295405796596,1.6882196275005552,-0.021070463256552596
2023-06-22,119.76176569050065,123.01237931361086,118.70965157561908,122.94786834716797,20781900,0.0,0.0,122.84464569091797,123.2773998260498,48.69381773728406,1.8001950794519388,2.6032505950889813,1.5603910589884173,0.021523983561315907,0.0,0.0,0.0,0.0,0.0,0.0,0.0,0.0,0.0,22612000.0,22698000.0,56699200.0,0.0,0.0,0.0,0.0,0.0,0.0,0.0,0.0,0.0,0.0,0.0,0.0,0.0,0.0,0.0,0.0,0.0,0.0,0.0,0.0,0.0,0.0,0.0,0.0,122.07772827148438,1.4899678199104784,123.02585710797992,1.3479227127407252,123.37750516619,1.6927185748808489,0.006909331365046567
2023-06-23,121.13150946678799,122.52108908669392,120.95284912176294,122.10420989990234,29573100,0.0,0.0,122.29477081298828,123.34588661193848,44.223766153247766,1.6134079500306058,2.405282066077306,1.4703683723533663,-0.0068619200853762274,0.0,0.0,0.0,0.0,0.0,0.0,0.0,0.0,0.0,20781900.0,22612000.0,22698000.0,0.0,0.0,0.0,0.0,0.0,0.0,0.0,0.0,0.0,0.0,0.0,0.0,0.0,0.0,0.0,0.0,0.0,0.0,0.0,0.0,0.0,0.0,0.0,0.0,121.80312601725261,1.321268319311356,122.825929914202,1.3688606673170516,123.22082410539899,1.702477941415874,0.03300049615439993
2023-06-26,120.5617568391089,121.80641932833073,118.10418376386363,118.20343780517578,23185000,0.0,0.0,121.30816650390625,123.08484382629395,32.59462405886961,1.1375056393658411,2.151726780735013,1.8659475542134984,-0.031946253924613255,0.0,0.0,0.0,0.0,0.0,0.0,0.0,0.0,0.0,29573100.0,20781900.0,22612000.0,0.0,0.0,0.0,0.0,0.0,0.0,0.0,0.0,0.0,0.0,0.0,0.0,0.0,0.0,0.0,0.0,0.0,0.0,0.0,0.0,0.0,0.0,0.0,0.0,121.08517201741536,2.5310539200903333,122.07583945138114,2.1709099190651004,122.68626076834542,2.0147443881709735,0.0006720379756679495
2023-06-27,116.96275805078392,119.00246028226877,116.03968853528167,118.12405395507812,27221700,0.0,0.0,120.34737396240234,122.76623306274413,28.250262043677708,0.7453520616079743,1.8704518369096055,2.136653844100136,-0.0006715866439391815,0.0,0.0,0.0,0.0,0.0,0.0,0.0,0.0,0.0,23185000.0,29573100.0,20781900.0,0.0,0.0,0.0,0.0,0.0,0.0,0.0,0.0,0.0,0.0,0.0,0.0,0.0,0.0,0.0,0.0,0.0,0.0,0.0,0.0,0.0,0.0,0.0,0.0,119.47723388671875,2.275374184457463,121.1144779750279,2.2251715389108564,122.05527932303292,1.9565145894684883,-0.017096118569926322
2023-06-28,117.0818658581678,120.36722270077522,116.7245452113623,120.17864227294922,19753100,0.0,0.0,120.31164245605468,122.58955841064453,44.70387495507752,0.5935139726351792,1.6150642640547204,2.1994870180815984,0.017393479558807323,0.0,0.0,0.0,0.0,0.0,0.0,0.0,0.0,0.0,27221700.0,23185000.0,29573100.0,0.0,0.0,0.0,0.0,0.0,0.0,0.0,0.0,0.0,0.0,0.0,0.0,0.0,0.0,0.0,0.0,0.0,0.0,0.0,0.0,0.0,0.0,0.0,0.0,118.8353780110677,1.1639779236953134,120.69193267822266,2.05125564588661,121.92341123308454,2.0199148888511,0.008915923881171794
2023-06-29,119.19600636416656,120.00990928045304,118.32256010371597,119.11660766601562,18517500,0.0,0.0,119.54539031982422,122.42280883789063,42.755994386594814,0.3830681055349032,1.368665032350757,2.332869990063674,-0.00883713267887909,0.0,0.0,0.0,0.0,0.0,0.0,0.0,0.0,0.0,19753100.0,27221700.0,23185000.0,0.0,0.0,0.0,0.0,0.0,0.0,0.0,0.0,0.0,0.0,0.0,0.0,0.0,0.0,0.0,0.0,0.0,0.0,0.0,0.0,0.0,0.0,0.0,0.0,119.13976796468098,1.0274899457214695,120.14744567871094,1.8552723523846346,121.73482567923409,2.1553728156554595,-0.00793582612603183
2023-06-30,120.19848751597893,121.12156457196598,119.98012406169832,120.0694580078125,23871800,0.0,0.0,119.13843994140625,122.25407409667969,45.03137963875324,0.28983426990980377,1.1528988798625663,2.3767409545701197,0.007999307237396502,0.0,0.0,0.0,0.0,0.0,0.0,0.0,0.0,0.0,18517500.0,19753100.0,27221700.0,0.0,0.0,0.0,0.0,0.0,0.0,0.0,0.0,0.0,0.0,0.0,0.0,0.0,0.0,0.0,0.0,0.0,0.0,0.0,0.0,0.0,0.0,0.0,0.0,119.78823598225911,0.5842035153294854,120.1063254220145,1.8530344574590927,121.6001216343471,2.1990210628472826,0.0034008305320367693
2023-07-03,119.42429486911182,120.11908079137234,118.81387526794018,119.66250610351562,13888300,0.0,0.0,119.43025360107421,122.02231216430664,39.50138806143668,0.18102146308117995,0.9585233965062891,2.3929107664923,-0.0033893040832282395,0.0,0.0,0.0,0.0,0.0,0.0,0.0,0.0,0.0,23871800.0,18517500.0,19753100.0,0.0,0.0,0.0,0.0,0.0,0.0,0.0,0.0,0.0,0.0,0.0,0.0,0.0,0.0,0.0,0.0,0.0,0.0,0.0,0.0,0.0,0.0,0.0,0.0,119.61619059244792,0.478110644505662,119.6369879586356,1.365228064796722,121.33142253330776,2.1887822262332928,-0.01688015417108435
2023-07-05,119.16624168915314,122.45160639217724,119.16624168915314,121.71710968017578,17830300,0.0,0.0,120.14886474609375,121.82380142211915,45.50901143478735,0.25760634176005226,0.8183399855570418,2.2321469421587397,0.01716998618500254,0.0,0.0,0.0,0.0,0.0,0.0,0.0,0.0,0.0,13888300.0,23871800.0,18517500.0,0.0,0.0,0.0,0.0,0.0,0.0,0.0,0.0,0.0,0.0,0.0,0.0,0.0,0.0,0.0,0.0,0.0,0.0,0.0,0.0,0.0,0.0,0.0,0.0,120.48302459716797,1.0879462106094344,119.5816879272461,1.2517588710893428,121.20380892072406,2.102781126032515,0.01405780630463993
2023-07-06,119.7419125924642,120.24811809252589,118.3622608495851,120.02975463867188,17732500,0.0,0.0,120.11908721923828,121.47739944458007,42.047039611707746,0.18006923380431772,0.690685835206497,1.907436347585085,-0.013862924004173327,0.0,0.0,0.0,0.0,0.0,0.0,0.0,0.0,0.0,17830300.0,13888300.0,23871800.0,0.0,0.0,0.0,0.0,0.0,0.0,0.0,0.0,0.0,0.0,0.0,0.0,0.0,0.0,0.0,0.0,0.0,0.0,0.0,0.0,0.0,0.0,0.0,0.0,120.46979014078777,1.0957063459923364,119.84259033203125,1.0974289311269827,120.9592148917062,2.018360082899528,0.006575659107840748
2023-07-07,119.9900527288294,120.84365119937208,119.19600517445522,119.24563598632812,20997700,0.0,0.0,120.14489288330078,121.33844146728515,36.592304417410176,0.05471794067422309,0.5634922563000422,1.9657982742979978,-0.006532702284564373,0.0,0.0,0.0,0.0,0.0,0.0,0.0,0.0,0.0,17732500.0,17830300.0,13888300.0,0.0,0.0,0.0,0.0,0.0,0.0,0.0,0.0,0.0,0.0,0.0,0.0,0.0,0.0,0.0,0.0,0.0,0.0,0.0,0.0,0.0,0.0,0.0,0.0,120.3308334350586,1.2629457177845826,120.00281633649554,0.86114092513395,120.55864715576172,1.7205317384262764,0.02797982340447458
2023-07-10,118.18359642938867,118.18359642938867,115.77168598909101,115.9999771118164,32960100,0.0,0.0,119.33099670410157,121.05060005187988,34.09995447868232,-0.30302828684658323,0.3901881476707171,2.295189636915969,-0.027218261261014565,0.0,0.0,0.0,0.0,0.0,0.0,0.0,0.0,0.0,20997700.0,17732500.0,17830300.0,0.0,0.0,0.0,0.0,0.0,0.0,0.0,0.0,0.0,0.0,0.0,0.0,0.0,0.0,0.0,0.0,0.0,0.0,0.0,0.0,0.0,0.0,0.0,0.0,118.4251225789388,2.136517825286388,119.40586417061942,1.7294857635501089,120.04889842442104,1.9410846909840707,-0.007136191745523379
2023-07-11,115.8908001345202,117.34489053094033,114.96772307456591,116.83372497558594,18286600,0.0,0.0,118.76524047851562,120.79452056884766,36.79002619202834,-0.5133506778303172,0.20948038257051024,2.4681338232085546,0.007187483002396133,0.0,0.0,0.0,0.0,0.0,0.0,0.0,0.0,0.0,32960100.0,20997700.0,17732500.0,0.0,0.0,0.0,0.0,0.0,0.0,0.0,0.0,0.0,0.0,0.0,0.0,0.0,0.0,0.0,0.0,0.0,0.0,0.0,0.0,0.0,0.0,0.0,0.0,117.35977935791016,1.6855637906338505,119.07973807198661,1.9889046032779456,119.61359187534877,1.9290623569660008,-0.015967239412331802
2023-07-12,118.41188994689867,120.05952835854934,118.11412022820832,118.72950744628906,22059600,0.0,0.0,118.16772003173828,120.55978126525879,46.3652488914723,-0.5210525172306291,0.06337380261028239,2.4277835834678667,0.016226329093754988,0.0,0.0,0.0,0.0,0.0,0.0,0.0,0.0,0.0,18286600.0,32960100.0,20997700.0,0.0,0.0,0.0,0.0,0.0,0.0,0.0,0.0,0.0,0.0,0.0,0.0,0.0,0.0,0.0,0.0,0.0,0.0,0.0,0.0,0.0,0.0,0.0,0.0,117.18773651123047,1.3987769969614712,118.88831656319755,1.9416946939575424,119.49732099260602,1.9298445421833366,-0.041736851241296336
2023-07-13,120.6352246780007,124.40197186670201,120.15879459429414,123.9007339477539,31535900,0.0,0.0,118.9419158935547,120.5796329498291,51.90781204841951,-0.10862930847038399,0.028973180394149114,2.454597763681534,0.04355468672186835,0.0,0.0,0.0,0.0,0.0,0.0,0.0,0.0,0.0,22059600.0,18286600.0,32960100.0,0.0,0.0,0.0,0.0,0.0,0.0,0.0,0.0,0.0,0.0,0.0,0.0,0.0,0.0,0.0,0.0,0.0,0.0,0.0,0.0,0.0,0.0,0.0,0.0,119.82132212320964,3.65782700790099,119.49377768380302,2.725800986865064,119.5653828212193,2.0724347307756035,-0.006921134642430826
2023-07-14,124.19848765336158,126.14389584833242,123.97020409103372,124.76424407958984,20499800,0.0,0.0,120.04563751220704,120.6451416015625,55.32164692407538,0.28461622809473397,0.08010178993426609,2.550941020627644,0.006969370594689606,0.0,0.0,0.0,0.0,0.0,0.0,0.0,0.0,0.0,31535900.0,22059600.0,18286600.0,0.0,0.0,0.0,0.0,0.0,0.0,0.0,0.0,0.0,0.0,0.0,0.0,0.0,0.0,0.0,0.0,0.0,0.0,0.0,0.0,0.0,0.0,0.0,0.0,122.46482849121094,3.2635685864438164,119.92908259800502,3.3188382607144074,119.75538526262555,2.4164805420788356,0.005117506394347604
2023-07-17,125.12156875866684,126.33248792079765,123.5731842943548,124.12901306152344,20675300,0.0,0.0,121.67144470214843,120.60891304016113,63.63640513560084,0.5387973937276911,0.1718409106929511,2.492502674252058,-0.005091450862004798,0.0,0.0,0.0,0.0,0.0,0.0,0.0,0.0,0.0,20499800.0,31535900.0,22059600.0,0.0,0.0,0.0,0.0,0.0,0.0,0.0,0.0,0.0,0.0,0.0,0.0,0.0,0.0,0.0,0.0,0.0,0.0,0.0,0.0,0.0,0.0,0.0,0.0,124.26466369628906,0.4474519616449826,120.51469094412667,3.681413802195578,120.17864063807896,2.6329855000608853,0.00789817190726283
2023-07-18,123.97515876494268,124.0595250841081,122.38211123215096,123.15630340576172,21045800,0.0,0.0,122.93596038818359,120.60990524291992,61.12327004951605,0.6542069681231908,0.2683141221789991,2.493565505519376,-0.007836279623681608,0.0,0.0,0.0,0.0,0.0,0.0,0.0,0.0,0.0,20675300.0,20499800.0,31535900.0,0.0,0.0,0.0,0.0,0.0,0.0,0.0,0.0,0.0,0.0,0.0,0.0,0.0,0.0,0.0,0.0,0.0,0.0,0.0,0.0,0.0,0.0,0.0,0.0,124.01652018229167,0.8098513990516903,121.07335771833148,3.7527701203538832,120.53808702741351,2.674096390741612,0.010588098815661251
2023-07-19,123.86101328737035,124.53595139312297,121.55828461584935,121.86597442626953,22313800,0.0,0.0,123.5632537841797,120.55680313110352,53.860092630214986,0.6342399984949623,0.34149929744219176,2.452573108838308,-0.010477165551494028,0.0,0.0,0.0,0.0,0.0,0.0,0.0,0.0,0.0,21045800.0,20675300.0,20499800.0,0.0,0.0,0.0,0.0,0.0,0.0,0.0,0.0,0.0,0.0,0.0,0.0,0.0,0.0,0.0,0.0,0.0,0.0,0.0,0.0,0.0,0.0,0.0,0.0,123.05043029785156,1.1352280838654247,121.91135733468192,3.0131115817771867,120.65861075265067,2.6945958801675083,0.027189774157007518
2023-07-20,121.21089792035092,123.77168572561716,117.80146413528023,118.64017486572266,27541700,0.0,0.0,122.51114196777344,120.47094688415527,49.00825293893625,0.3540398151985187,0.34400740099345717,2.489698974166459,-0.02647005922476353,0.0,0.0,0.0,0.0,0.0,0.0,0.0,0.0,0.0,22313800.0,21045800.0,20675300.0,0.0,0.0,0.0,0.0,0.0,0.0,0.0,0.0,0.0,0.0,0.0,0.0,0.0,0.0,0.0,0.0,0.0,0.0,0.0,0.0,0.0,0.0,0.0,0.0,121.22081756591797,2.326160952811033,122.16942160470145,2.547062118870199,120.62457983834403,2.7184711047126804,-0.006483183265089121
2023-07-21,119.9701963235316,120.39699552812229,118.18359324091979,119.41436004638672,56514600,0.0,0.0,121.44116516113282,120.29427146911621,48.62612263053555,0.19223347728191698,0.31365261625114915,2.429320572371217,0.006525489207515722,0.0,0.0,0.0,0.0,0.0,0.0,0.0,0.0,0.0,27541700.0,22313800.0,21045800.0,0.0,0.0,0.0,0.0,0.0,0.0,0.0,0.0,0.0,0.0,0.0,0.0,0.0,0.0,0.0,0.0,0.0,0.0,0.0,0.0,0.0,0.0,0.0,0.0,119.97350311279297,1.6840209107189323,122.26725769042969,2.4019264525051685,120.57778712681362,2.734353035577438,-0.012881578740740696
2023-07-24,121.01834190774547,122.43173714616094,120.4764013162919,120.9726791381836,22276100,0.0,0.0,120.80989837646484,120.23769493103028,52.62112437561568,0.18758178991474495,0.28843845098386833,2.397923577340588,0.013049679211039056,0.0,0.0,0.0,0.0,0.0,0.0,0.0,0.0,0.0,56514600.0,27541700.0,22313800.0,0.0,0.0,0.0,0.0,0.0,0.0,0.0,0.0,0.0,0.0,0.0,0.0,0.0,0.0,0.0,0.0,0.0,0.0,0.0,0.0,0.0,0.0,0.0,0.0,119.67573801676433,1.1880163626024034,121.84896414620536,2.3237328668968718,120.67137091500419,2.7230146500142074,-0.007411176835912636
2023-07-25,120.97269377675082,122.76922485875899,120.62530077390929,121.87592315673828,31820800,0.0,0.0,120.55382232666015,120.4213191986084,50.333064952785925,0.25385327519651923,0.2815214158263985,2.3744466879575064,0.007466512480251319,0.0,0.0,0.0,0.0,0.0,0.0,0.0,0.0,0.0,22276100.0,56514600.0,27541700.0,0.0,0.0,0.0,0.0,0.0,0.0,0.0,0.0,0.0,0.0,0.0,0.0,0.0,0.0,0.0,0.0,0.0,0.0,0.0,0.0,0.0,0.0,0.0,0.0,120.7543207804362,1.2452242833559697,121.43634687151227,1.9454436173963823,120.68271473475865,2.728032387315181,-0.05298470822339818
2023-07-26,129.38956441816555,130.39204024428076,127.75185353630636,128.6947784423828,46216900,0.0,0.0,121.91958312988281,120.94985542297363,64.95376446473375,0.8468367320333954,0.3945844790677979,2.944286472895477,0.05594915803735212,0.0,0.0,0.0,0.0,0.0,0.0,0.0,0.0,0.0,31820800.0,22276100.0,56514600.0,0.0,0.0,0.0,0.0,0.0,0.0,0.0,0.0,0.0,0.0,0.0,0.0,0.0,0.0,0.0,0.0,0.0,0.0,0.0,0.0,0.0,0.0,0.0,0.0,123.84779357910156,4.221837175676217,122.0885990687779,3.295574112025722,121.30164500645229,3.454671882582909,-0.001616988847156775
2023-07-27,130.8188540199741,132.60545744190986,128.21834759380127,128.90321350097656,35931600,0.0,0.0,123.9721908569336,121.386083984375,67.00455339736962,1.3184016475394884,0.5793479127621362,3.4302283313102415,0.0016196077348007432,0.0,0.0,0.0,0.0,0.0,0.0,0.0,0.0,0.0,46216900.0,31820800.0,22276100.0,0.0,0.0,0.0,0.0,0.0,0.0,0.0,0.0,0.0,0.0,0.0,0.0,0.0,0.0,0.0,0.0,0.0,0.0,0.0,0.0,0.0,0.0,0.0,0.0,126.49130503336589,3.998396390271919,122.90958622523716,4.198128358724118,121.99147197178432,3.9423388675793123,-0.023607119283046263
2023-07-28,129.9950143108181,133.07194287487187,129.94538349942422,132.0198211669922,26971000,0.0,0.0,126.49328308105468,122.03124465942383,78.33566927682375,1.9214550943270865,0.8477693490751264,4.124152604955945,0.024177889607011283,0.0,0.0,0.0,0.0,0.0,0.0,0.0,0.0,0.0,35931600.0,46216900.0,31820800.0,0.0,0.0,0.0,0.0,0.0,0.0,0.0,0.0,0.0,0.0,0.0,0.0,0.0,0.0,0.0,0.0,0.0,0.0,0.0,0.0,0.0,0.0,0.0,0.0,129.8726043701172,1.8624624219025698,124.36013575962612,5.3684927702127085,123.13574654715401,4.371103903689401,-0.0007512800055805569
2023-07-31,132.0198179694601,132.83372085005468,131.14637931991098,132.11907958984375,18381900,0.0,0.0,128.72256317138672,122.63372573852538,77.75774688475894,2.3799539927006776,1.1542062778002367,4.666905867656584,0.0007518448515848597,0.0,0.0,0.0,0.0,0.0,0.0,0.0,0.0,0.0,26971000.0,35931600.0,46216900.0,0.0,0.0,0.0,0.0,0.0,0.0,0.0,0.0,0.0,0.0,0.0,0.0,0.0,0.0,0.0,0.0,0.0,0.0,0.0,0.0,0.0,0.0,0.0,0.0,131.0140380859375,1.8287012823266737,126.2856935773577,5.392172322135884,124.22755759102958,4.579899386441156,0.00924993114159034
2023-08-01,129.88088894689452,131.9305191599113,129.77667482535807,130.90818786621094,22154300,0.0,0.0,130.52901611328124,123.19600982666016,72.68028757352732,2.6154594423309163,1.4464569107063725,4.958435166150401,-0.009165154097288242,0.0,0.0,0.0,0.0,0.0,0.0,0.0,0.0,0.0,18381900.0,26971000.0,35931600.0,0.0,0.0,0.0,0.0,0.0,0.0,0.0,0.0,0.0,0.0,0.0,0.0,0.0,0.0,0.0,0.0,0.0,0.0,0.0,0.0,0.0,0.0,0.0,0.0,131.68236287434897,0.6722895700854796,127.92766898018974,4.649960223875453,125.09746333530971,4.611767394340817,0.0252645546037511
2023-08-02,128.87341383454486,129.44909789266657,126.89823033592525,127.6823501586914,22705800,0.0,0.0,130.32653045654297,123.49427185058593,57.592626973200076,2.5128346704461535,1.6597324626543288,5.043476275424536,-0.024641985807765998,0.0,0.0,0.0,0.0,0.0,0.0,0.0,0.0,0.0,22154300.0,18381900.0,26971000.0,0.0,0.0,0.0,0.0,0.0,0.0,0.0,0.0,0.0,0.0,0.0,0.0,0.0,0.0,0.0,0.0,0.0,0.0,0.0,0.0,0.0,0.0,0.0,0.0,130.23653920491537,2.2933547380373405,128.88619341169084,3.5352909951662665,125.3675787789481,4.646894630707971,-0.001009640653526489
2023-08-03,127.41436239549994,128.8039493757299,126.82379815191025,127.81139373779297,15018100,0.0,0.0,130.10816650390626,123.88335380554199,56.30390492467121,2.4140884290351607,1.8106036559304952,5.062261676773874,0.0010106610580176145,0.0,0.0,0.0,0.0,0.0,0.0,0.0,0.0,0.0,22705800.0,22154300.0,18381900.0,0.0,0.0,0.0,0.0,0.0,0.0,0.0,0.0,0.0,0.0,0.0,0.0,0.0,0.0,0.0,0.0,0.0,0.0,0.0,0.0,0.0,0.0,0.0,0.0,128.80064392089844,1.826326688299289,129.73411778041296,1.9134684767479795,125.58523232596261,4.687644825069139,0.001789317947662683
2023-08-04,128.63522879142084,130.94787031679957,127.35979104228042,127.5831069946289,20521900,0.0,0.0,129.2208236694336,124.30022735595703,57.26816475288063,2.291001252645543,1.906683175273505,5.003196075075278,-0.0017861220074979478,0.0,0.0,0.0,0.0,0.0,0.0,0.0,0.0,0.0,15018100.0,22705800.0,22154300.0,0.0,0.0,0.0,0.0,0.0,0.0,0.0,0.0,0.0,0.0,0.0,0.0,0.0,0.0,0.0,0.0,0.0,0.0,0.0,0.0,0.0,0.0,0.0,0.0,127.6922836303711,0.11446708990230195,129.57530757359095,2.0550038944608735,125.83195332118443,4.695995947701521,-0.02576927334269352
2023-08-07,128.54587609724663,131.0768960203581,128.46646982824424,130.95779418945312,17621000,0.0,0.0,128.98856658935546,125.04811820983886,64.90895184173976,2.4376629704157864,2.0128791343019614,4.811442916237502,0.02645089365135367,0.0,0.0,0.0,0.0,0.0,0.0,0.0,0.0,0.0,20521900.0,15018100.0,22705800.0,0.0,0.0,0.0,0.0,0.0,0.0,0.0,0.0,0.0,0.0,0.0,0.0,0.0,0.0,0.0,0.0,0.0,0.0,0.0,0.0,0.0,0.0,0.0,0.0,128.78409830729166,1.8859332041115,129.8688191005162,2.089448161717361,126.38920266287667,4.815429366304369,0.0007584002977629734
2023-08-08,130.00495244470548,130.95781266194444,129.16128911479535,130.85855102539062,16836000,0.0,0.0,128.9786392211914,125.74935951232911,68.00481849529866,2.5168724060607985,2.113677788653729,4.5670430477426835,-0.0007578255626307095,0.0,0.0,0.0,0.0,0.0,0.0,0.0,0.0,0.0,17621000.0,20521900.0,15018100.0,0.0,0.0,0.0,0.0,0.0,0.0,0.0,0.0,0.0,0.0,0.0,0.0,0.0,0.0,0.0,0.0,0.0,0.0,0.0,0.0,0.0,0.0,0.0,0.0,129.79981740315756,1.920368734869063,129.70292336600167,1.930236227039132,127.0315295628139,4.765161931383412,0.012985095465233076
2023-08-09,131.2059439908013,131.48385838277812,128.54093428672445,129.18112182617188,17745200,0.0,0.0,129.2783935546875,126.27194023132324,72.50000244277952,2.416436758197605,2.1742295825625044,4.312384974460455,-0.012818644147246316,0.0,0.0,0.0,0.0,0.0,0.0,0.0,0.0,0.0,16836000.0,17621000.0,20521900.0,0.0,0.0,0.0,0.0,0.0,0.0,0.0,0.0,0.0,0.0,0.0,0.0,0.0,0.0,0.0,0.0,0.0,0.0,0.0,0.0,0.0,0.0,0.0,0.0,130.33248901367188,0.9983471849721959,129.28321511404855,1.6101890253787756,127.78445434570312,4.1273698093862485,-0.0004608073491156883
2023-08-10,130.9875693584939,131.65953146708318,129.0669766133977,129.2406768798828,17855700,0.0,0.0,129.56425018310546,126.53893737792968,71.63463072863212,2.3149609499603656,2.2023758560420768,4.3231424225929524,0.0004610197904231228,0.0,0.0,0.0,0.0,0.0,0.0,0.0,0.0,0.0,17745200.0,16836000.0,17621000.0,0.0,0.0,0.0,0.0,0.0,0.0,0.0,0.0,0.0,0.0,0.0,0.0,0.0,0.0,0.0,0.0,0.0,0.0,0.0,0.0,0.0,0.0,0.0,0.0,129.76011657714844,0.9517380831506881,129.0449992588588,1.4445470850264963,128.4863341195243,3.358371543536332,0.0003074174407611263
2023-08-11,128.2401621468015,129.46895249966602,127.79153114336826,129.20095825195312,15205500,0.0,0.0,129.8878204345703,126.76077308654786,69.41447508405761,2.2059073526751547,2.2030821553686923,4.341078236862327,-0.00030732296432189887,0.0,0.0,0.0,0.0,0.0,0.0,0.0,0.0,0.0,17855700.0,17745200.0,16836000.0,0.0,0.0,0.0,0.0,0.0,0.0,0.0,0.0,0.0,0.0,0.0,0.0,0.0,0.0,0.0,0.0,0.0,0.0,0.0,0.0,0.0,0.0,0.0,0.0,129.20758565266928,0.03032561517424257,129.26194327218192,1.3139225870190931,129.0740683419364,2.5696783360951465,-0.0125921032454277
2023-08-14,128.88336154132946,130.92802382580282,128.62528737073137,130.84861755371094,17526200,0.0,0.0,129.86598510742186,127.09675331115723,70.45244199307788,2.2267651640286488,2.207818757100684,4.38646784077229,0.012752686389095658,0.0,0.0,0.0,0.0,0.0,0.0,0.0,0.0,0.0,15205500.0,17855700.0,17745200.0,0.0,0.0,0.0,0.0,0.0,0.0,0.0,0.0,0.0,0.0,0.0,0.0,0.0,0.0,0.0,0.0,0.0,0.0,0.0,0.0,0.0,0.0,0.0,0.0,129.76341756184897,0.9400205631282514,129.69583238874162,1.255254181015394,129.71497508457728,1.5548256944628671,0.011975118659589112
2023-08-15,130.61039754818597,131.00742890503034,128.85258532614577,129.30023193359375,14769200,0.0,0.0,129.5543212890625,127.40394973754883,51.81653786990917,2.0942125717290025,2.185097520026348,4.310462680864016,-0.011833412145004885,0.0,0.0,0.0,0.0,0.0,0.0,0.0,0.0,0.0,17526200.0,15205500.0,17855700.0,0.0,0.0,0.0,0.0,0.0,0.0,0.0,0.0,0.0,0.0,0.0,0.0,0.0,0.0,0.0,0.0,0.0,0.0,0.0,0.0,0.0,0.0,0.0,0.0,129.78326924641928,0.9239529630091601,129.9411359514509,0.8874732500925262,129.75822176252092,1.5325269495058989,0.008984607002030298
2023-08-16,128.3175973946591,129.92354873259305,127.50370961068525,128.14886474609375,17548400,0.0,0.0,129.34786987304688,127.71809425354004,47.85793392469037,1.8746482001639748,2.1230076560538733,4.109896107166689,-0.0089046026467402,0.0,0.0,0.0,0.0,0.0,0.0,0.0,0.0,0.0,14769200.0,17526200.0,15205500.0,0.0,0.0,0.0,0.0,0.0,0.0,0.0,0.0,0.0,0.0,0.0,0.0,0.0,0.0,0.0,0.0,0.0,0.0,0.0,0.0,0.0,0.0,0.0,0.0,129.4325714111328,1.3547330395858708,129.53986031668526,0.9812525815709718,129.7043397086007,1.5775016781956883,-0.010348118941620355
2023-08-17,129.47889531592088,131.50470197700676,128.8833709495563,129.48883056640625,23665600,0.0,0.0,129.39750061035156,128.26052703857422,42.006386370602264,1.788153180185958,2.0560367608802905,3.5226776177606447,0.010456322207515578,0.0,0.0,0.0,0.0,0.0,0.0,0.0,0.0,0.0,17548400.0,14769200.0,17526200.0,0.0,0.0,0.0,0.0,0.0,0.0,0.0,0.0,0.0,0.0,0.0,0.0,0.0,0.0,0.0,0.0,0.0,0.0,0.0,0.0,0.0,0.0,0.0,0.0,128.97930908203125,0.7253417866030877,129.34418596540178,0.7929669456094182,129.52355466570174,1.4298486913802146,0.01834371815493374
2023-08-18,128.09923591890941,128.86350804677585,126.05457360492731,127.15631103515625,23627200,0.0,0.0,128.9885711669922,128.6476245880127,36.263822124014155,1.5139386785058946,1.9476171444054116,2.8630461018741022,-0.018013287486242313,0.0,0.0,0.0,0.0,0.0,0.0,0.0,0.0,0.0,23665600.0,17548400.0,14769200.0,0.0,0.0,0.0,0.0,0.0,0.0,0.0,0.0,0.0,0.0,0.0,0.0,0.0,0.0,0.0,0.0,0.0,0.0,0.0,0.0,0.0,0.0,0.0,0.0,128.2646687825521,1.1705638692786424,129.054927280971,1.1508903909755408,129.16907119750977,1.3498133206699814,-0.006360103478668999
2023-08-21,126.89826031130849,128.29776008239043,126.21340194358751,127.97021484375,21851100,0.0,0.0,128.412890625,128.99750137329102,41.68542246757823,1.3467721940745037,1.82744815433923,2.234295457702692,0.006400813313691689,0.0,0.0,0.0,0.0,0.0,0.0,0.0,0.0,0.0,23627200.0,23665600.0,17548400.0,0.0,0.0,0.0,0.0,0.0,0.0,0.0,0.0,0.0,0.0,0.0,0.0,0.0,0.0,0.0,0.0,0.0,0.0,0.0,0.0,0.0,0.0,0.0,0.0,128.20511881510416,1.1838693964006424,128.87343270438058,1.2151000192633852,128.9592159816197,1.2854849074673396,-0.005859941529791413
2023-08-22,128.16870439033445,129.9751476351752,127.96522868298223,128.7245330810547,15557900,0.0,0.0,128.2977508544922,129.33993186950684,53.429116956131224,1.2606270050420534,1.7140839244797947,1.4843377072340533,0.005894482854668093,0.0,0.0,0.0,0.0,0.0,0.0,0.0,0.0,0.0,21851100.0,23627200.0,23665600.0,0.0,0.0,0.0,0.0,0.0,0.0,0.0,0.0,0.0,0.0,0.0,0.0,0.0,0.0,0.0,0.0,0.0,0.0,0.0,0.0,0.0,0.0,0.0,0.0,127.95035298665364,0.7842996661581716,128.8053719656808,1.2070128834807319,129.03365761893136,1.23504085096495,-0.026424623389884605
2023-08-23,129.8759211815992,133.07195179098147,129.53844072862722,132.21835327148438,26497000,0.0,0.0,129.1116485595703,129.5161106109619,61.87164713711599,1.4574775187968498,1.662762643343206,1.6077152470646279,0.027141836189296775,0.0,0.0,0.0,0.0,0.0,0.0,0.0,0.0,0.0,15557900.0,21851100.0,23627200.0,0.0,0.0,0.0,0.0,0.0,0.0,0.0,0.0,0.0,0.0,0.0,0.0,0.0,0.0,0.0,0.0,0.0,0.0,0.0,0.0,0.0,0.0,0.0,0.0,129.63770039876303,2.2665118437581997,129.0010484967913,1.630278316336322,129.34844044276647,1.4435628728918686,0.021392509315351305
2023-08-24,133.72405610235262,133.9652433802546,129.33001010152705,129.44911193847656,18680400,0.0,0.0,129.10370483398438,129.5434055328369,54.421432489098315,1.3741875583500445,1.6050476263445739,1.6013836730304343,-0.020944454869451623,0.0,0.0,0.0,0.0,0.0,0.0,0.0,0.0,0.0,26497000.0,15557900.0,21851100.0,0.0,0.0,0.0,0.0,0.0,0.0,0.0,0.0,0.0,0.0,0.0,0.0,0.0,0.0,0.0,0.0,0.0,0.0,0.0,0.0,0.0,0.0,0.0,0.0,130.13066609700522,1.843931108805083,129.0223170689174,1.6357937923270476,129.48172651018416,1.351221074267576,-0.002066075600910544
2023-08-25,129.1712086015383,130.4218234320486,127.0868354054885,129.7171173095703,20678100,0.0,0.0,129.6158660888672,129.42827033996582,46.55274312765988,1.3146509801003106,1.5469682970957213,1.4930819914782951,0.00207035310695014,0.0,0.0,0.0,0.0,0.0,0.0,0.0,0.0,0.0,18680400.0,26497000.0,15557900.0,0.0,0.0,0.0,0.0,0.0,0.0,0.0,0.0,0.0,0.0,0.0,0.0,0.0,0.0,0.0,0.0,0.0,0.0,0.0,0.0,0.0,0.0,0.0,0.0,130.4615275065104,1.5273455064558412,129.24635314941406,1.6032992672771553,129.39310673304968,1.2860812157673156,-0.008346386409309958
2023-08-28,131.0967485378374,132.24811669566833,129.8759093618806,130.80889892578125,16715500,0.0,0.0,130.18360290527343,129.3627613067627,49.86925173741699,1.3401174254417185,1.5055981227649209,1.3942822155687988,0.008416634896421638,0.0,0.0,0.0,0.0,0.0,0.0,0.0,0.0,0.0,20678100.0,18680400.0,26497000.0,0.0,0.0,0.0,0.0,0.0,0.0,0.0,0.0,0.0,0.0,0.0,0.0,0.0,0.0,0.0,0.0,0.0,0.0,0.0,0.0,0.0,0.0,0.0,0.0,129.99170939127603,0.7202817304445688,129.43493434361048,1.7106151515643018,129.38956015450614,1.2817904568975687,-0.0273085034876549
2023-08-29,132.0079309817891,136.27294013982967,131.99005964714488,134.48138427734375,30803300,0.0,0.0,131.33497314453126,129.54142112731932,62.63006099813544,1.637759569632209,1.5320304121383785,1.778674939549717,0.028075195049583,0.0,0.0,0.0,0.0,0.0,0.0,0.0,0.0,0.0,16715500.0,20678100.0,18680400.0,0.0,0.0,0.0,0.0,0.0,0.0,0.0,0.0,0.0,0.0,0.0,0.0,0.0,0.0,0.0,0.0,0.0,0.0,0.0,0.0,0.0,0.0,0.0,0.0,131.66913350423178,2.4959091695263145,130.4813733782087,2.2422650512556452,129.76815032958984,1.8653815273172636,-0.010516287058743745
2023-08-30,134.56079842786622,136.2282849189266,134.0158741413235,135.91065979003906,21773400,0.0,0.0,132.07343444824218,129.9528366088867,64.92002812497867,1.9663073352428455,1.618885796759272,2.222324631384195,0.010628054733194059,0.0,0.0,0.0,0.0,0.0,0.0,0.0,0.0,0.0,30803300.0,16715500.0,20678100.0,0.0,0.0,0.0,0.0,0.0,0.0,0.0,0.0,0.0,0.0,0.0,0.0,0.0,0.0,0.0,0.0,0.0,0.0,0.0,0.0,0.0,0.0,0.0,0.0,133.73364766438803,2.6317909321949964,131.61572265625,2.71816454998721,130.2445776803153,2.473083704083296,-0.003057857187548141
2023-08-31,136.02976017156342,137.36970126425066,135.80147660380746,136.32752990722656,28147900,0.0,0.0,133.4491180419922,130.3786434173584,65.67685302230723,2.234563088756232,1.7420212551586642,2.5778460704198514,0.0030672363582922024,0.0,0.0,0.0,0.0,0.0,0.0,0.0,0.0,0.0,21773400.0,30803300.0,16715500.0,0.0,0.0,0.0,0.0,0.0,0.0,0.0,0.0,0.0,0.0,0.0,0.0,0.0,0.0,0.0,0.0,0.0,0.0,0.0,0.0,0.0,0.0,0.0,0.0,135.57319132486978,0.9682340344262779,132.70186505998885,2.8842885976464565,130.75361851283483,2.9325141407155146,0.004020640140121268
2023-09-01,137.3994561842244,137.5483486023978,134.9280025816193,135.78160095214844,16671600,0.0,0.0,134.66201477050782,130.78856811523437,61.40422914003347,2.3757199808330824,1.868761000293548,2.755632298881721,-0.0040045393285541575,0.0,0.0,0.0,0.0,0.0,0.0,0.0,0.0,0.0,28147900.0,21773400.0,30803300.0,0.0,0.0,0.0,0.0,0.0,0.0,0.0,0.0,0.0,0.0,0.0,0.0,0.0,0.0,0.0,0.0,0.0,0.0,0.0,0.0,0.0,0.0,0.0,0.0,136.00659688313803,0.2853288460218295,133.21090044294084,3.091706504376729,131.10597446986608,3.2264379730041375,0.0006582906102277075
2023-09-05,135.42428176163097,136.34735115409407,134.55082803054657,135.69227600097656,17730200,0.0,0.0,135.63869018554686,131.02529220581056,65.84636055994062,2.4521136183401495,1.9854315239028684,2.9662454172295796,-0.0006578575487805605,0.0,0.0,0.0,0.0,0.0,0.0,0.0,0.0,0.0,16671600.0,28147900.0,21773400.0,0.0,0.0,0.0,0.0,0.0,0.0,0.0,0.0,0.0,0.0,0.0,0.0,0.0,0.0,0.0,0.0,0.0,0.0,0.0,0.0,0.0,0.0,0.0,0.0,135.93380228678384,0.3438907036397422,134.10278102329798,2.7015399859956273,131.5625490461077,3.39891087457487,0.009898625483018453
2023-09-06,135.99503270607866,136.45656751950304,133.68734349375714,134.36227416992188,15814300,0.0,0.0,135.6148681640625,131.20047836303712,65.26828097698521,2.3779248564357545,2.0639301904094456,3.0579272980528,-0.009801603084947264,0.0,0.0,0.0,0.0,0.0,0.0,0.0,0.0,0.0,17730200.0,16671600.0,28147900.0,0.0,0.0,0.0,0.0,0.0,0.0,0.0,0.0,0.0,0.0,0.0,0.0,0.0,0.0,0.0,0.0,0.0,0.0,0.0,0.0,0.0,0.0,0.0,0.0,135.27871704101562,0.7949184792852302,134.76637486049108,1.8947604419165218,132.00636400495256,3.323706838803026,-0.006093872660647204
2023-09-07,133.5980009276753,135.56325693844485,132.96276589665896,135.1860809326172,16976000,0.0,0.0,135.46995239257814,131.50072631835937,64.3643005917688,2.3584176781052975,2.122827687948616,3.1428424795122805,0.006131235629827758,0.0,0.0,0.0,0.0,0.0,0.0,0.0,0.0,0.0,15814300.0,17730200.0,16671600.0,0.0,0.0,0.0,0.0,0.0,0.0,0.0,0.0,0.0,0.0,0.0,0.0,0.0,0.0,0.0,0.0,0.0,0.0,0.0,0.0,0.0,0.0,0.0,0.0,135.08021036783853,0.6712917771110264,135.39168657575334,0.7436550519753474,132.41331045968192,3.3404916985104487,-0.007288615527211717
2023-09-08,134.85853378746808,136.49129210225908,134.85853378746808,136.1786346435547,17810700,0.0,0.0,135.44017333984374,131.84762420654297,74.39610775947789,2.3954357953501813,2.177349309428929,3.2609326895323907,0.00734212948618751,0.0,0.0,0.0,0.0,0.0,0.0,0.0,0.0,0.0,16976000.0,15814300.0,17730200.0,0.0,0.0,0.0,0.0,0.0,0.0,0.0,0.0,0.0,0.0,0.0,0.0,0.0,0.0,0.0,0.0,0.0,0.0,0.0,0.0,0.0,0.0,0.0,0.0,135.2423299153646,0.9094857357807998,135.6341509137835,0.6704788485828375,133.0577621459961,3.1106847358730647,-0.003920431075538078
2023-09-11,136.35729424355466,137.2347160663886,135.533471271672,136.71461486816406,17180800,0.0,0.0,135.62677612304688,132.22330703735352,74.00541037320517,2.439896437372994,2.2298587350177423,3.3709280601338825,0.003935861348678404,0.0,0.0,0.0,0.0,0.0,0.0,0.0,0.0,0.0,17810700.0,16976000.0,15814300.0,0.0,0.0,0.0,0.0,0.0,0.0,0.0,0.0,0.0,0.0,0.0,0.0,0.0,0.0,0.0,0.0,0.0,0.0,0.0,0.0,0.0,0.0,0.0,0.0,136.0264434814453,0.7755485867419921,135.7490016392299,0.7848419896705429,133.68236214773995,2.8799085969264335,0.012272937826936836
2023-09-12,136.10917454051634,136.61537251961622,134.91809552701272,135.05706787109375,15212900,0.0,0.0,135.4997344970703,132.43372955322266,66.5629013423242,2.3146992148340075,2.2468268309809956,3.4117046235451625,-0.012124139022508418,0.0,0.0,0.0,0.0,0.0,0.0,0.0,0.0,0.0,17180800.0,17810700.0,16976000.0,0.0,0.0,0.0,0.0,0.0,0.0,0.0,0.0,0.0,0.0,0.0,0.0,0.0,0.0,0.0,0.0,0.0,0.0,0.0,0.0,0.0,0.0,0.0,0.0,135.98343912760416,0.8458377379612083,135.56750706263952,0.7756026802638042,134.13468606131417,2.515578320092319,-0.01039968622947196
2023-09-13,134.88828455804423,136.67488746279344,133.92550452451815,136.47637939453125,16394900,0.0,0.0,135.92255554199218,132.79253692626952,62.49265806645703,2.3034533162547746,2.2581521280357517,3.4420327234462693,0.010508976285433347,0.0,0.0,0.0,0.0,0.0,0.0,0.0,0.0,0.0,15212900.0,17180800.0,17810700.0,0.0,0.0,0.0,0.0,0.0,0.0,0.0,0.0,0.0,0.0,0.0,0.0,0.0,0.0,0.0,0.0,0.0,0.0,0.0,0.0,0.0,0.0,0.0,0.0,136.0826873779297,0.8961643626175912,135.66676112583704,0.848588066979383,134.43883078438895,2.5234574241300183,-0.010720557511021078
2023-09-14,137.35979798016044,138.51116635494424,136.0396969350514,137.95533752441406,19064600,0.0,0.0,136.47640686035157,133.28286056518556,77.00075171072311,2.386371812728896,2.2837960649743807,3.4441916735424796,0.010836733333959403,0.0,0.0,0.0,0.0,0.0,0.0,0.0,0.0,0.0,16394900.0,15212900.0,17180800.0,0.0,0.0,0.0,0.0,0.0,0.0,0.0,0.0,0.0,0.0,0.0,0.0,0.0,0.0,0.0,0.0,0.0,0.0,0.0,0.0,0.0,0.0,0.0,0.0,136.4962615966797,1.449237117352023,135.99005562918526,1.2128414169847954,135.04641832624162,2.2374802899922357,0.004989241517239007
2023-09-15,137.76673990672967,138.32256869856639,136.15878930726072,137.2704620361328,48958800,0.0,0.0,136.69477233886718,133.67194213867188,73.35792048560255,2.369507384260487,2.300938328831602,3.4325476332863696,-0.004964472564608413,0.0,0.0,0.0,0.0,0.0,0.0,0.0,0.0,0.0,19064600.0,16394900.0,15212900.0,0.0,0.0,0.0,0.0,0.0,0.0,0.0,0.0,0.0,0.0,0.0,0.0,0.0,0.0,0.0,0.0,0.0,0.0,0.0,0.0,0.0,0.0,0.0,0.0,137.23405965169272,0.7401507533476185,136.40551103864397,1.0494007435684543,135.5859429495675,1.69958909636136,-0.004749373471015339
2023-09-18,136.60542119034218,138.88828677229625,136.60542119034218,137.92552185058594,16233600,0.0,0.0,136.93695373535155,134.21040267944335,72.61833287908665,2.3815470635734073,2.3170600757799633,3.192969072409954,0.00477203766008083,0.0,0.0,0.0,0.0,0.0,0.0,0.0,0.0,0.0,48958800.0,19064600.0,16394900.0,0.0,0.0,0.0,0.0,0.0,0.0,0.0,0.0,0.0,0.0,0.0,0.0,0.0,0.0,0.0,0.0,0.0,0.0,0.0,0.0,0.0,0.0,0.0,0.0,137.71710713704428,0.38709317770704943,136.79685974121094,1.0294657157591607,136.09427315848214,1.1295923589060037,0.0009362578388754095
2023-09-19,137.22082466922896,138.1389417150428,136.47640789887149,137.7965087890625,15479100,0.0,0.0,137.4848419189453,134.70171737670898,63.59938706987854,2.3535480830437905,2.3243576772327286,2.927172055609567,-0.0009353820800707124,0.0,0.0,0.0,0.0,0.0,0.0,0.0,0.0,0.0,16233600.0,48958800.0,19064600.0,0.0,0.0,0.0,0.0,0.0,0.0,0.0,0.0,0.0,0.0,0.0,0.0,0.0,0.0,0.0,0.0,0.0,0.0,0.0,0.0,0.0,0.0,0.0,0.0,137.6641642252604,0.3470045429148529,137.02798461914062,1.0489648026072202,136.33106776646204,1.1128244610638518,0.031503074646355156
2023-09-20,137.79651553038082,137.80643563553298,133.5186027040063,133.58807373046875,21473500,0.0,0.0,136.9071807861328,134.94489440917968,42.24132218598644,1.9690748818516113,2.2533011181565055,2.586698335552565,-0.030540941099139074,0.0,0.0,0.0,0.0,0.0,0.0,0.0,0.0,0.0,15479100.0,16233600.0,48958800.0,0.0,0.0,0.0,0.0,0.0,0.0,0.0,0.0,0.0,0.0,0.0,0.0,0.0,0.0,0.0,0.0,0.0,0.0,0.0,0.0,0.0,0.0,0.0,0.0,136.43670145670572,2.4678271889508743,136.58133588518416,1.680291821034662,136.16516876220703,1.3318834655398888,0.024588980191514676
2023-09-21,131.40444170206536,132.1984892499227,130.11411632994685,130.38211059570312,22058400,0.0,0.0,135.3925354003906,134.85308227539062,33.25871546703766,1.3896634925960996,2.0805735930444245,2.7178313481100016,-0.02399887239360954,0.0,0.0,0.0,0.0,0.0,0.0,0.0,0.0,0.0,21473500.0,15479100.0,16233600.0,0.0,0.0,0.0,0.0,0.0,0.0,0.0,0.0,0.0,0.0,0.0,0.0,0.0,0.0,0.0,0.0,0.0,0.0,0.0,0.0,0.0,0.0,0.0,0.0,133.92223103841147,3.7184769694407227,135.91348484584265,2.8845886407693335,135.74049595424108,2.0372194296169392,0.0008379435455154738
2023-09-22,130.69974094458988,132.01984198076386,129.53845247183528,130.27294921875,17348700,0.0,0.0,133.99303283691407,134.8942741394043,34.09741842667012,0.9111640493757704,1.8466916843106937,2.6366478470696726,-0.0008372419839990375,0.0,0.0,0.0,0.0,0.0,0.0,0.0,0.0,0.0,22058400.0,21473500.0,15479100.0,0.0,0.0,0.0,0.0,0.0,0.0,0.0,0.0,0.0,0.0,0.0,0.0,0.0,0.0,0.0,0.0,0.0,0.0,0.0,0.0,0.0,0.0,0.0,0.0,131.41437784830728,1.8832669467307566,135.02728053501673,3.55730223349587,135.34702083042689,2.506580252645628,-0.006960583831574385
2023-09-25,129.79650905432595,131.2357117450985,129.06201240711627,131.1860809326172,14650000,0.0,0.0,132.6451446533203,134.96772232055665,37.581996716767364,0.5987301032366759,1.5970993680958903,2.5018538056447044,0.007009373161068755,0.0,0.0,0.0,0.0,0.0,0.0,0.0,0.0,0.0,17348700.0,22058400.0,21473500.0,0.0,0.0,0.0,0.0,0.0,0.0,0.0,0.0,0.0,0.0,0.0,0.0,0.0,0.0,0.0,0.0,0.0,0.0,0.0,0.0,0.0,0.0,0.0,0.0,130.61371358235678,0.49868059846699897,134.06024387904577,3.548745611174601,135.02514975411552,2.7375183197428257,0.021011863811580378
2023-09-26,129.93944953651223,130.42679176156122,127.23572854652693,128.48634338378906,20378800,0.0,0.0,130.78311157226562,134.85159454345703,34.94396088952557,0.13175885831250866,1.304031266139214,2.7469497390868876,-0.020579451185944286,0.0,0.0,0.0,0.0,0.0,0.0,0.0,0.0,0.0,14650000.0,17348700.0,22058400.0,0.0,0.0,0.0,0.0,0.0,0.0,0.0,0.0,0.0,0.0,0.0,0.0,0.0,0.0,0.0,0.0,0.0,0.0,0.0,0.0,0.0,0.0,0.0,0.0,129.9817911783854,1.373217193851559,132.8053697858538,3.770532138915548,134.6054404122489,3.249526436828979,-0.015289735613380429
2023-09-27,128.47640241705648,130.73942802857053,128.4168515028372,130.4813690185547,18764200,0.0,0.0,130.16177062988282,134.65159378051757,38.62758520975276,-0.07645598503208362,1.0279338159049545,2.915753345879721,0.015527141501774144,0.0,0.0,0.0,0.0,0.0,0.0,0.0,0.0,0.0,20378800.0,14650000.0,17348700.0,0.0,0.0,0.0,0.0,0.0,0.0,0.0,0.0,0.0,0.0,0.0,0.0,0.0,0.0,0.0,0.0,0.0,0.0,0.0,0.0,0.0,0.0,0.0,0.0,130.05126444498697,1.400317166320094,131.7419193812779,3.0705594149126125,134.26938956124442,3.423474234339181,-0.01254408704439347
2023-09-28,129.7170931981803,133.1811025335243,129.7170931981803,132.13893127441406,18201400,0.0,0.0,130.513134765625,134.46300735473633,40.539230891280454,-0.10648879077447759,0.801049294569068,2.951785033176715,0.01270344010280633,0.0,0.0,0.0,0.0,0.0,0.0,0.0,0.0,0.0,18764200.0,20378800.0,14650000.0,0.0,0.0,0.0,0.0,0.0,0.0,0.0,0.0,0.0,0.0,0.0,0.0,0.0,0.0,0.0,0.0,0.0,0.0,0.0,0.0,0.0,0.0,0.0,0.0,130.36888122558594,1.828890292598231,130.9336940220424,1.6071184695134748,133.9808393205915,3.420416800733944,0.009707930745484594
2023-09-29,133.08186410943372,133.88583176717268,130.3424159524719,130.86846923828125,23237300,0.0,0.0,130.63223876953126,134.19005432128907,36.7639895447633,-0.23015261820404476,0.5948089120144455,3.0218664109957225,-0.00961459294304745,0.0,0.0,0.0,0.0,0.0,0.0,0.0,0.0,0.0,18201400.0,18764200.0,20378800.0,0.0,0.0,0.0,0.0,0.0,0.0,0.0,0.0,0.0,0.0,0.0,0.0,0.0,0.0,0.0,0.0,0.0,0.0,0.0,0.0,0.0,0.0,0.0,0.0,131.16292317708334,0.8671248465873668,130.54517909458704,1.1104724478220125,133.56325748988561,3.417852888422911,-0.024561575105302103
2023-10-02,131.17118746071154,134.35233005748373,131.08186108927444,134.1637420654297,19210400,0.0,0.0,131.22777099609374,134.10916137695312,48.11709183394515,-0.06154664358911077,0.4635378008937343,2.9985843484438974,0.025180036462018274,0.0,0.0,0.0,0.0,0.0,0.0,0.0,0.0,0.0,23237300.0,18201400.0,18764200.0,0.0,0.0,0.0,0.0,0.0,0.0,0.0,0.0,0.0,0.0,0.0,0.0,0.0,0.0,0.0,0.0,0.0,0.0,0.0,0.0,0.0,0.0,0.0,0.0,132.390380859375,1.661964476656524,131.08541216169084,1.7523003269658532,133.49944850376673,3.396088800440864,0.014028391002749885
2023-10-03,133.92553371961245,134.23323870947098,131.82628810095258,132.30767822265625,19628700,0.0,0.0,131.99203796386718,133.9399314880371,41.37226467315031,-0.07680863220505785,0.3554685142739759,3.0000435815807283,-0.013834317783624872,0.0,0.0,0.0,0.0,0.0,0.0,0.0,0.0,0.0,19210400.0,23237300.0,18201400.0,0.0,0.0,0.0,0.0,0.0,0.0,0.0,0.0,0.0,0.0,0.0,0.0,0.0,0.0,0.0,0.0,0.0,0.0,0.0,0.0,0.0,0.0,0.0,0.0,132.4466298421224,1.6520249440458283,131.37608773367745,1.763789995454603,133.2016841343471,3.296284120327989,-0.02179497115840967
2023-10-04,132.6649984756145,135.55333919699976,132.43669976010844,135.2555694580078,22848000,0.0,0.0,132.9468780517578,133.9845962524414,44.73270561953495,0.1472686961404861,0.313828550647278,3.013282870015006,0.022280575662363633,0.0,0.0,0.0,0.0,0.0,0.0,0.0,0.0,0.0,19628700.0,19210400.0,23237300.0,0.0,0.0,0.0,0.0,0.0,0.0,0.0,0.0,0.0,0.0,0.0,0.0,0.0,0.0,0.0,0.0,0.0,0.0,0.0,0.0,0.0,0.0,0.0,0.0,133.90899658203125,1.4903647640256619,131.9574432373047,2.2845199058800514,133.00884355817522,3.0678476113673443,0.002058920882632931
2023-10-05,135.1166183312201,135.4838591101834,133.45408443031548,134.9776611328125,15922900,0.0,0.0,133.5146240234375,133.97417526245118,45.454523454151975,0.298980255698865,0.3108588916575954,3.0092667398438087,-0.0020546904375837727,0.0,0.0,0.0,0.0,0.0,0.0,0.0,0.0,0.0,22848000.0,19628700.0,19210400.0,0.0,0.0,0.0,0.0,0.0,0.0,0.0,0.0,0.0,0.0,0.0,0.0,0.0,0.0,0.0,0.0,0.0,0.0,0.0,0.0,0.0,0.0,0.0,0.0,134.18030293782553,1.6276826325177778,132.88477434430803,1.9307929403627389,132.84507206508093,2.8781846806713376,-0.019750497748978968
2023-10-06,133.93547086301086,138.14986461791753,133.93547086301086,137.69725036621094,20826700,0.0,0.0,134.88038024902343,134.05010604858398,49.58169384911004,0.6313826955590116,0.37496365243787866,3.0859987490081586,0.020148439457122302,0.0,0.0,0.0,0.0,0.0,0.0,0.0,0.0,0.0,15922900.0,22848000.0,19628700.0,0.0,0.0,0.0,0.0,0.0,0.0,0.0,0.0,0.0,0.0,0.0,0.0,0.0,0.0,0.0,0.0,0.0,0.0,0.0,0.0,0.0,0.0,0.0,0.0,135.9768269856771,1.4963959086814338,133.91561453683036,2.32066499288527,132.82876695905412,2.847674543591241,-0.0055197067206040895
2023-10-09,136.96276370973717,138.92801971511255,135.682358401467,138.46151733398438,16599100,0.0,0.0,135.73993530273438,134.137451171875,51.19089778314085,0.945583878684289,0.48908769768716076,3.18840610375517,0.005550342986086143,0.0,0.0,0.0,0.0,0.0,0.0,0.0,0.0,0.0,20826700.0,15922900.0,22848000.0,0.0,0.0,0.0,0.0,0.0,0.0,0.0,0.0,0.0,0.0,0.0,0.0,0.0,0.0,0.0,0.0,0.0,0.0,0.0,0.0,0.0,0.0,0.0,0.0,137.04547627766928,1.831098196296781,134.81884111676897,2.711420817532322,132.87626756940568,2.940932394872259,0.0021553452141640506
2023-10-10,138.47141659784225,139.69227080481033,137.39945480755577,138.16372680664062,19554900,0.0,0.0,136.91114501953126,134.29278411865235,59.52870910093879,1.1572216424423516,0.622714486638199,3.3089620752493785,-0.002150709692321562,0.0,0.0,0.0,0.0,0.0,0.0,0.0,0.0,0.0,16599100.0,20826700.0,15922900.0,0.0,0.0,0.0,0.0,0.0,0.0,0.0,0.0,0.0,0.0,0.0,0.0,0.0,0.0,0.0,0.0,0.0,0.0,0.0,0.0,0.0,0.0,0.0,0.0,138.1074981689453,0.38522362892200857,135.86102076939173,2.3126705486680064,133.20309993198939,3.2627639207717216,-0.017642982737171242
2023-10-11,138.80890755877036,141.16125949855441,138.7989723097844,140.64512634277344,20146300,0.0,0.0,137.9890563964844,134.50122146606446,72.03757741528142,1.5077933959335894,0.7997302684972771,3.5744017618036845,0.017959848025853598,0.0,0.0,0.0,0.0,0.0,0.0,0.0,0.0,0.0,19554900.0,16599100.0,20826700.0,0.0,0.0,0.0,0.0,0.0,0.0,0.0,0.0,0.0,0.0,0.0,0.0,0.0,0.0,0.0,0.0,0.0,0.0,0.0,0.0,0.0,0.0,0.0,0.0,139.09012349446616,1.3548782946177806,136.78693280901228,2.771774095009511,133.93617248535156,3.7033810990191136,0.010050625706734317
2023-10-12,141.1017100284966,141.32007347566807,138.41187764480986,139.24562072753906,18173100,0.0,0.0,138.8426483154297,134.56573562622071,68.25523861796972,1.653633570861757,0.9705109289701732,3.6508526488698414,-0.009950615791858741,0.0,0.0,0.0,0.0,0.0,0.0,0.0,0.0,0.0,20146300.0,19554900.0,16599100.0,0.0,0.0,0.0,0.0,0.0,0.0,0.0,0.0,0.0,0.0,0.0,0.0,0.0,0.0,0.0,0.0,0.0,0.0,0.0,0.0,0.0,0.0,0.0,0.0,139.35149129231772,1.2440829340701403,137.77806745256697,2.0494462366832336,134.5770775931222,3.7959068570339607,0.012339298253788211
2023-10-13,139.60295277941646,140.28781863384523,136.9429107801141,137.54837036132812,19438700,0.0,0.0,138.81287231445313,134.57963104248046,62.54408158967493,1.6136577975508999,1.0991403026863187,3.662200083428218,-0.012188895832723756,0.0,0.0,0.0,0.0,0.0,0.0,0.0,0.0,0.0,18173100.0,20146300.0,19554900.0,0.0,0.0,0.0,0.0,0.0,0.0,0.0,0.0,0.0,0.0,0.0,0.0,0.0,0.0,0.0,0.0,0.0,0.0,0.0,0.0,0.0,0.0,0.0,0.0,139.14637247721353,1.5507617687924993,138.10561043875558,1.7387808482232954,135.03152683803015,3.739129886553034,-0.013595065332692835
2023-10-16,138.6897704703773,139.85602616731472,138.28283424128813,139.44412231445312,17345600,0.0,0.0,139.00939331054687,134.65556106567382,72.31205162541129,1.715176560618744,1.2223475542728037,3.7499155235191024,0.013782438484331028,0.0,0.0,0.0,0.0,0.0,0.0,0.0,0.0,0.0,19438700.0,18173100.0,20146300.0,0.0,0.0,0.0,0.0,0.0,0.0,0.0,0.0,0.0,0.0,0.0,0.0,0.0,0.0,0.0,0.0,0.0,0.0,0.0,0.0,0.0,0.0,0.0,0.0,138.74603780110678,1.0419482675406153,138.7436763218471,1.1028601990251852,135.81422533307756,3.394669297606671,-0.003546453083505985
2023-10-17,138.98755442332967,140.19847342309527,137.4977366395047,139.94041442871094,17424000,0.0,0.0,139.36473083496094,134.76275634765625,70.51230126586299,1.8147581355486864,1.3408296705279803,3.8730497172615714,0.003559075176640558,0.0,0.0,0.0,0.0,0.0,0.0,0.0,0.0,0.0,17345600.0,19438700.0,18173100.0,0.0,0.0,0.0,0.0,0.0,0.0,0.0,0.0,0.0,0.0,0.0,0.0,0.0,0.0,0.0,0.0,0.0,0.0,0.0,0.0,0.0,0.0,0.0,0.0,138.9776357014974,1.2624088185390232,139.06412833077567,1.0736349548123039,136.48987143380302,3.1865613025654573,0.012277282408290402
2023-10-18,139.7022222309866,140.93299681694504,137.67244753358014,138.2431640625,18304900,0.0,0.0,138.88433837890625,134.99551086425782,63.21451576141352,1.7367036919863494,1.4200044748196543,3.9380708170750833,-0.012128378875678969,0.0,0.0,0.0,0.0,0.0,0.0,0.0,0.0,0.0,17424000.0,17345600.0,19438700.0,0.0,0.0,0.0,0.0,0.0,0.0,0.0,0.0,0.0,0.0,0.0,0.0,0.0,0.0,0.0,0.0,0.0,0.0,0.0,0.0,0.0,0.0,0.0,0.0,139.20923360188803,0.872665016984318,139.0329350062779,1.0969794322781714,136.92588806152344,2.954605999130606,0.002158646049412294
2023-10-19,138.75929174854747,139.9553232004992,137.5682279216257,137.9453887939453,21831200,0.0,0.0,138.6242919921875,135.37367477416993,65.99375551323901,1.632004278119922,1.4624044354797079,3.8334936131050283,-0.00215399633373603,0.0,0.0,0.0,0.0,0.0,0.0,0.0,0.0,0.0,18304900.0,17424000.0,17345600.0,0.0,0.0,0.0,0.0,0.0,0.0,0.0,0.0,0.0,0.0,0.0,0.0,0.0,0.0,0.0,0.0,0.0,0.0,0.0,0.0,0.0,0.0,0.0,0.0,138.70965576171875,1.0762168461432742,139.00174386160714,1.1284655441608364,137.43138231549943,2.3899754215551,0.016381247088850692
2023-10-20,137.5583109006265,138.0049580017615,135.23076623287594,135.7220916748047,24970300,0.0,0.0,138.2590362548828,135.64613189697266,53.70118564928033,1.354019448314574,1.4407274380466812,3.640684781034275,-0.016117226814023167,0.0,0.0,0.0,0.0,0.0,0.0,0.0,0.0,0.0,21831200.0,18304900.0,17424000.0,0.0,0.0,0.0,0.0,0.0,0.0,0.0,0.0,0.0,0.0,0.0,0.0,0.0,0.0,0.0,0.0,0.0,0.0,0.0,0.0,0.0,0.0,0.0,0.0,137.30354817708334,1.3776505467969204,138.29845319475447,1.427917776494273,137.54269300188338,2.258769464675118,-0.008411578152215271
2023-10-23,135.21584702830305,137.98508567213537,134.1041895873019,136.8734130859375,20780700,0.0,0.0,137.7448944091797,135.93049850463868,61.21951585325614,1.2126379483772212,1.3951095401127893,3.4931060298767465,0.008482933006156657,0.0,0.0,0.0,0.0,0.0,0.0,0.0,0.0,0.0,24970300.0,21831200.0,18304900.0,0.0,0.0,0.0,0.0,0.0,0.0,0.0,0.0,0.0,0.0,0.0,0.0,0.0,0.0,0.0,0.0,0.0,0.0,0.0,0.0,0.0,0.0,0.0,0.0,136.84696451822916,1.1118845106595907,137.9595663888114,1.4470313383182423,137.86881692068917,1.7070008325548116,-0.015843688943736556
2023-10-24,138.12405927563407,139.66252368900274,137.7171077907381,139.076904296875,26535200,0.0,0.0,137.5721923828125,136.46002655029298,59.74686598764687,1.2638268077218697,1.3688529936346054,3.084003122282519,0.016098752571867436,0.0,0.0,0.0,0.0,0.0,0.0,0.0,0.0,0.0,20780700.0,24970300.0,21831200.0,0.0,0.0,0.0,0.0,0.0,0.0,0.0,0.0,0.0,0.0,0.0,0.0,0.0,0.0,0.0,0.0,0.0,0.0,0.0,0.0,0.0,0.0,0.0,0.0,137.22413635253906,1.704683853270722,138.1779283796038,1.4893503213967847,138.1417694091797,1.555818950909617,0.10618143630312304
2023-10-25,128.8039566013589,129.13150179767632,125.15134377334468,125.7270278930664,58796100,0.0,0.0,135.06896514892577,136.22230949401856,35.84441711522875,0.2245820492667292,1.1399988047610303,3.69233313932975,-0.09598916852011463,0.0,0.0,0.0,0.0,0.0,0.0,0.0,0.0,0.0,26535200.0,20780700.0,24970300.0,0.0,0.0,0.0,0.0,0.0,0.0,0.0,0.0,0.0,0.0,0.0,0.0,0.0,0.0,0.0,0.0,0.0,0.0,0.0,0.0,0.0,0.0,0.0,0.0,133.89244842529297,7.156773905206845,136.21834346226282,4.827885161334255,137.48100989205497,3.6105531824069574,0.026166564190904573
2023-10-26,123.5434034999891,124.52603147739978,121.40940732876491,122.52107238769531,33907400,0.0,0.0,131.98410186767578,135.7414165496826,27.11758496705862,-0.8479461299999969,0.742409817808825,4.732073743169955,-0.025499334225078663,0.0,0.0,0.0,0.0,0.0,0.0,0.0,0.0,0.0,58796100.0,26535200.0,20780700.0,0.0,0.0,0.0,0.0,0.0,0.0,0.0,0.0,0.0,0.0,0.0,0.0,0.0,0.0,0.0,0.0,0.0,0.0,0.0,0.0,0.0,0.0,0.0,0.0,129.10833485921225,8.780593382609883,133.72986602783203,6.711490567246143,136.39699717930384,5.383529197117724,0.0003241584369833017
2023-10-27,123.10667635342031,123.51362780574462,120.55580862970052,122.48136901855469,37367700,0.0,0.0,129.3359573364258,135.3220615386963,25.36714948802056,-1.6817500021204808,0.2575778538229638,5.496525164657099,-0.00032405339234209407,0.0,0.0,0.0,0.0,0.0,0.0,0.0,0.0,0.0,33907400.0,58796100.0,26535200.0,0.0,0.0,0.0,0.0,0.0,0.0,0.0,0.0,0.0,0.0,0.0,0.0,0.0,0.0,0.0,0.0,0.0,0.0,0.0,0.0,0.0,0.0,0.0,0.0,123.5764897664388,1.862526446775805,131.47818102155412,7.538046409723981,135.25555801391602,6.49208466278539,-0.01868792064356073
2023-10-30,123.5334831418189,125.60792851991764,122.95779901080594,124.81388092041016,24165600,0.0,0.0,126.9240509033203,134.8545684814453,30.636335045138225,-2.1297805764016573,-0.21989383222196046,5.976855138392678,0.019043809850803672,0.0,0.0,0.0,0.0,0.0,0.0,0.0,0.0,0.0,37367700.0,33907400.0,58796100.0,0.0,0.0,0.0,0.0,0.0,0.0,0.0,0.0,0.0,0.0,0.0,0.0,0.0,0.0,0.0,0.0,0.0,0.0,0.0,0.0,0.0,0.0,0.0,0.0,123.27210744222005,1.335362566091284,129.60225132533483,7.290258293796915,134.301997593471,6.993152764481964,0.003591361102730506
2023-10-31,125.33000595241434,125.61784801652706,123.0024691774839,124.36723327636719,21123400,0.0,0.0,123.98211669921875,134.45754623413086,24.90816255967846,-2.492160689378636,-0.6743472036532956,6.4034454787099016,-0.003578509383325601,0.0,0.0,0.0,0.0,0.0,0.0,0.0,0.0,0.0,24165600.0,37367700.0,33907400.0,0.0,0.0,0.0,0.0,0.0,0.0,0.0,0.0,0.0,0.0,0.0,0.0,0.0,0.0,0.0,0.0,0.0,0.0,0.0,0.0,0.0,0.0,0.0,0.0,123.88749440511067,1.2380488607159255,127.98012869698661,6.957264683550498,133.13929094587053,7.207326709487984,-0.017794062186697435
2023-11-01,124.40692076345645,126.78905582318066,123.99501683515162,126.62032318115234,26536600,0.0,0.0,124.16077575683593,134.0257839202881,31.037524507753673,-2.5679423730743167,-1.0530662375374997,6.633785202640197,0.018116427015614,0.0,0.0,0.0,0.0,0.0,0.0,0.0,0.0,0.0,21123400.0,24165600.0,37367700.0,0.0,0.0,0.0,0.0,0.0,0.0,0.0,0.0,0.0,0.0,0.0,0.0,0.0,0.0,0.0,0.0,0.0,0.0,0.0,0.0,0.0,0.0,0.0,0.0,125.26714579264323,1.1929754033764919,126.51540156773159,5.7469089682742105,132.23748397827148,7.174293607062967,-0.007855197034824513
2023-11-02,128.59552605859454,129.1215794170262,127.15632318844759,127.6228256225586,24091700,0.0,0.0,125.18112640380859,133.65804214477538,34.77465462240596,-2.518079481805472,-1.3460688863910943,6.780475610729255,0.007917389690847543,0.0,0.0,0.0,0.0,0.0,0.0,0.0,0.0,0.0,26536600.0,21123400.0,24165600.0,0.0,0.0,0.0,0.0,0.0,0.0,0.0,0.0,0.0,0.0,0.0,0.0,0.0,0.0,0.0,0.0,0.0,0.0,0.0,0.0,0.0,0.0,0.0,0.0,126.20346069335938,1.6673485332831528,124.87910461425781,1.9516889831240247,131.5285164969308,7.09912791500211,-0.013729842601514108
2023-11-03,128.12898996973402,129.7567804361356,128.04958370976377,129.3994598388672,19529400,0.0,0.0,126.56474456787109,133.2431526184082,34.53541912355465,-2.308591245102349,-1.5385733581333454,6.7741761762263195,0.013920975402652136,0.0,0.0,0.0,0.0,0.0,0.0,0.0,0.0,0.0,24091700.0,26536600.0,21123400.0,0.0,0.0,0.0,0.0,0.0,0.0,0.0,0.0,0.0,0.0,0.0,0.0,0.0,0.0,0.0,0.0,0.0,0.0,0.0,0.0,0.0,0.0,0.0,0.0,127.88086954752605,1.4074232273814493,125.40373774937221,2.6026428012622405,130.8110406058175,6.735887164632276,-0.008216171635688663
2023-11-06,129.25059635315685,130.5806172728301,128.96274673691292,130.471435546875,15360400,0.0,0.0,127.69625549316406,132.84364852905273,35.675648100870774,-2.0326398208915464,-1.6373866506849857,6.685250100963113,0.008284236343356177,0.0,0.0,0.0,0.0,0.0,0.0,0.0,0.0,0.0,19529400.0,24091700.0,26536600.0,0.0,0.0,0.0,0.0,0.0,0.0,0.0,0.0,0.0,0.0,0.0,0.0,0.0,0.0,0.0,0.0,0.0,0.0,0.0,0.0,0.0,0.0,0.0,0.0,129.1645736694336,1.4387575402657733,126.5395039149693,2.8572873267246366,130.13468497140067,6.20300023319715,-0.007175259034328807
2023-11-07,130.99749610220636,132.28782153195604,130.16375295505657,131.41436767578125,19223800,0.0,0.0,129.10568237304688,132.50618057250978,39.42835963967812,-1.7180549190371153,-1.6535203043554116,6.571952877190037,0.007227115459824018,0.0,0.0,0.0,0.0,0.0,0.0,0.0,0.0,0.0,15360400.0,19529400.0,24091700.0,0.0,0.0,0.0,0.0,0.0,0.0,0.0,0.0,0.0,0.0,0.0,0.0,0.0,0.0,0.0,0.0,0.0,0.0,0.0,0.0,0.0,0.0,0.0,0.0,130.4284210205078,1.0081423931782254,127.81564658028739,2.7349772192234645,129.64691380092077,5.769702160398175,-0.006453619469714678
2023-11-08,131.37468072943096,132.54588925412858,131.17617260687868,132.26797485351562,15093600,0.0,0.0,130.23521270751954,132.0873229980469,41.35951121411552,-1.3839122732744897,-1.5995986981392274,6.286686844518069,0.006495539208013712,0.0,0.0,0.0,0.0,0.0,0.0,0.0,0.0,0.0,19223800.0,15360400.0,19529400.0,0.0,0.0,0.0,0.0,0.0,0.0,0.0,0.0,0.0,0.0,0.0,0.0,0.0,0.0,0.0,0.0,0.0,0.0,0.0,0.0,0.0,0.0,0.0,0.0,131.38459269205728,0.8986396843661923,128.8805171421596,2.8212168509055475,129.2413842337472,5.323864515049113,0.011922107233941936
2023-11-09,132.36720642484175,132.9627458024417,130.5309726315715,130.7096405029297,17976500,0.0,0.0,130.85257568359376,131.6605239868164,42.213930147792546,-1.2306600941820989,-1.5258109773478017,6.060831247892838,-0.011781645196516921,0.0,0.0,0.0,0.0,0.0,0.0,0.0,0.0,0.0,15093600.0,19223800.0,15360400.0,0.0,0.0,0.0,0.0,0.0,0.0,0.0,0.0,0.0,0.0,0.0,0.0,0.0,0.0,0.0,0.0,0.0,0.0,0.0,0.0,0.0,0.0,0.0,0.0,131.46399434407553,0.7803515821142941,129.7865753173828,2.0406272816820104,128.8833520071847,5.014038157257154,-0.01767864619210857
2023-11-10,130.5508320951595,133.27043979224544,129.89574178820368,133.06199645996094,20872900,0.0,0.0,131.5850830078125,131.43620529174805,44.29251236848912,-0.9089137795837985,-1.4024315377950012,5.912657455418664,0.017996805346416123,0.0,0.0,0.0,0.0,0.0,0.0,0.0,0.0,0.0,17976500.0,15093600.0,19223800.0,0.0,0.0,0.0,0.0,0.0,0.0,0.0,0.0,0.0,0.0,0.0,0.0,0.0,0.0,0.0,0.0,0.0,0.0,0.0,0.0,0.0,0.0,0.0,0.0,132.0132039388021,1.1966936957228618,130.7068143572126,1.8147685827924458,128.6111079624721,4.636061659955104,0.003142631937855578
2023-11-13,132.36722722040622,133.11164398676007,131.78162299905537,132.6451416015625,16409900,0.0,0.0,132.01982421875,131.09625625610352,39.82412042104492,-0.6797287209008687,-1.2578909744161746,5.616021866706512,-0.0031327867421849787,0.0,0.0,0.0,0.0,0.0,0.0,0.0,0.0,0.0,20872900.0,17976500.0,15093600.0,0.0,0.0,0.0,0.0,0.0,0.0,0.0,0.0,0.0,0.0,0.0,0.0,0.0,0.0,0.0,0.0,0.0,0.0,0.0,0.0,0.0,0.0,0.0,0.0,132.13892618815103,1.2552231557481586,131.4242880684989,1.3167546190381132,128.15169634137834,3.753927054079373,-0.013216919163999252
2023-11-14,134.6401468678285,136.2183216155684,134.09425346161623,134.42178344726562,22317300,0.0,0.0,132.62130737304688,130.82032470703126,71.70460652890922,-0.35069516619688557,-1.0764518127723168,5.284393922628672,0.013393945863767742,0.0,0.0,0.0,0.0,0.0,0.0,0.0,0.0,0.0,16409900.0,20872900.0,17976500.0,0.0,0.0,0.0,0.0,0.0,0.0,0.0,0.0,0.0,0.0,0.0,0.0,0.0,0.0,0.0,0.0,0.0,0.0,0.0,0.0,0.0,0.0,0.0,0.0,133.37630716959634,0.9290895966586172,132.14176286969865,1.3955115498307153,128.77275030953544,4.030944258985502,-0.006966199296267184
2023-11-15,135.62282040159877,135.82132852742924,134.32257476043,135.36476135253906,15840900,0.0,0.0,133.24066467285155,130.6764045715332,86.14525710624608,-0.013685509342082014,-0.8638985520862699,5.107840534958236,0.007015067655633089,0.0,0.0,0.0,0.0,0.0,0.0,0.0,0.0,0.0,22317300.0,16409900.0,20872900.0,0.0,0.0,0.0,0.0,0.0,0.0,0.0,0.0,0.0,0.0,0.0,0.0,0.0,0.0,0.0,0.0,0.0,0.0,0.0,0.0,0.0,0.0,0.0,0.0,134.1438954671224,1.380941416065972,132.84080941336495,1.625924264216184,129.69015666416712,3.9595930436485784,-0.016726347410984
2023-11-16,135.94039794237054,137.84610254473913,135.06694432017056,137.6674346923828,17615100,0.0,0.0,134.6322235107422,130.6625068664551,87.9087949818271,0.43419839717660125,-0.6042791622336957,5.087358798151749,0.01701087725369499,0.0,0.0,0.0,0.0,0.0,0.0,0.0,0.0,0.0,15840900.0,22317300.0,16409900.0,0.0,0.0,0.0,0.0,0.0,0.0,0.0,0.0,0.0,0.0,0.0,0.0,0.0,0.0,0.0,0.0,0.0,0.0,0.0,0.0,0.0,0.0,0.0,0.0,135.8179931640625,1.6696189108491386,133.7341047014509,2.292651977118678,130.77487564086914,3.9126681210290073,0.01285215358864078
2023-11-17,136.79401649583488,136.97266922948353,134.47142494202936,135.92056274414062,25565300,0.0,0.0,135.2039367675781,130.67243041992188,78.56054574768586,0.6408048534534316,-0.35526235909627024,5.097930203953372,-0.012689071690378806,0.0,0.0,0.0,0.0,0.0,0.0,0.0,0.0,0.0,17615100.0,15840900.0,22317300.0,0.0,0.0,0.0,0.0,0.0,0.0,0.0,0.0,0.0,0.0,0.0,0.0,0.0,0.0,0.0,0.0,0.0,0.0,0.0,0.0,0.0,0.0,0.0,0.0,136.31758626302084,1.2015809932811756,134.25590297154017,2.3188598681203416,131.5682100568499,3.732909346901974,-0.007105550649243786
2023-11-20,134.49128206688442,137.39451018851142,134.48136196328304,136.8932647705078,19569400,0.0,0.0,136.05356140136718,130.67342300415038,81.36188036957006,0.8729678528853242,-0.10961631669995134,5.09920287481524,0.00715640081772051,0.0,0.0,0.0,0.0,0.0,0.0,0.0,0.0,0.0,25565300.0,17615100.0,15840900.0,0.0,0.0,0.0,0.0,0.0,0.0,0.0,0.0,0.0,0.0,0.0,0.0,0.0,0.0,0.0,0.0,0.0,0.0,0.0,0.0,0.0,0.0,0.0,0.0,136.82708740234375,0.8753142201126777,135.1392778669085,1.878825335587896,132.46292659214564,3.3563355946330535,-0.0050498110729201295
2023-11-21,136.913127903715,137.9304913803432,136.6798767216572,137.5880584716797,17648100,0.0,0.0,136.68681640625,130.59898071289064,79.78443437331532,1.1003387277144725,0.13237469218293343,4.979528523068691,0.0050754410915441195,0.0,0.0,0.0,0.0,0.0,0.0,0.0,0.0,0.0,19569400.0,25565300.0,17615100.0,0.0,0.0,0.0,0.0,0.0,0.0,0.0,0.0,0.0,0.0,0.0,0.0,0.0,0.0,0.0,0.0,0.0,0.0,0.0,0.0,0.0,0.0,0.0,0.0,136.80062866210938,0.8375987027057897,135.78585815429688,1.8227668428453678,133.24633625575476,3.1620779981059965,-0.00999842227254899
2023-11-22,138.06446617953543,140.04957703678141,137.96520457859557,138.9776153564453,17306400,0.0,0.0,137.40938720703124,131.26151008605956,80.2006565717442,1.376786671989663,0.3812570881442794,5.1748637039482634,0.010099400341866405,0.0,0.0,0.0,0.0,0.0,0.0,0.0,0.0,0.0,17648100.0,19569400.0,25565300.0,0.0,0.0,0.0,0.0,0.0,0.0,0.0,0.0,0.0,0.0,0.0,0.0,0.0,0.0,0.0,0.0,0.0,0.0,0.0,0.0,0.0,0.0,0.0,0.0,137.81964619954428,1.061298260644651,136.69049726213728,1.5561428782443192,134.05739266531808,3.0634055679010896,0.01302253643440654
2023-11-24,138.50120559180658,138.6371943152404,136.4466233184679,137.1910400390625,8828600,0.0,0.0,137.3141082763672,131.99500846862793,70.71253398147255,1.4351682363799796,0.5920393177914195,4.903321910996664,-0.012855130035154705,0.0,0.0,0.0,0.0,0.0,0.0,0.0,0.0,0.0,17306400.0,17648100.0,19569400.0,0.0,0.0,0.0,0.0,0.0,0.0,0.0,0.0,0.0,0.0,0.0,0.0,0.0,0.0,0.0,0.0,0.0,0.0,0.0,0.0,0.0,0.0,0.0,0.0,137.91890462239584,0.9381136512986539,137.0861053466797,1.1928554220103733,134.61393410818917,2.8525962279353916,0.001231417653704936
2023-11-27,136.5458858857816,138.59054806928947,136.5160952831701,137.02230834960938,17886400,0.0,0.0,137.53445739746093,132.72205543518066,68.29279516507565,1.4510935069131108,0.7638501556157578,4.478023601699569,-0.0012299031292792861,0.0,0.0,0.0,0.0,0.0,0.0,0.0,0.0,0.0,8828600.0,17306400.0,17648100.0,0.0,0.0,0.0,0.0,0.0,0.0,0.0,0.0,0.0,0.0,0.0,0.0,0.0,0.0,0.0,0.0,0.0,0.0,0.0,0.0,0.0,0.0,0.0,0.0,137.7303212483724,1.0834779830625256,137.3228977748326,0.9296930209639054,135.08185359409876,2.650974555739869,-0.004111912969443909
2023-11-28,136.6054380774254,137.62776917873478,136.01981873734167,137.5880584716797,17046900,0.0,0.0,137.6734161376953,133.36076431274415,67.61050992258495,1.4921649564485335,0.9095131157823131,4.1926062297671765,0.004128890608285474,0.0,0.0,0.0,0.0,0.0,0.0,0.0,0.0,0.0,17886400.0,8828600.0,17306400.0,0.0,0.0,0.0,0.0,0.0,0.0,0.0,0.0,0.0,0.0,0.0,0.0,0.0,0.0,0.0,0.0,0.0,0.0,0.0,0.0,0.0,0.0,0.0,0.0,137.2671356201172,0.29045000128669823,137.31155831473214,0.9252638455672906,135.5228315080915,2.503348647709991,0.01627567859752821
2023-11-29,137.9503454992033,138.63024368576404,135.28036841853944,135.38458251953125,21014700,0.0,0.0,137.23272094726562,133.91163177490233,58.2544729746332,1.3315628542727325,0.993923063480397,3.6355274240858053,-0.01601502322675763,0.0,0.0,0.0,0.0,0.0,0.0,0.0,0.0,0.0,17046900.0,17886400.0,8828600.0,0.0,0.0,0.0,0.0,0.0,0.0,0.0,0.0,0.0,0.0,0.0,0.0,0.0,0.0,0.0,0.0,0.0,0.0,0.0,0.0,0.0,0.0,0.0,0.0,136.66498311360678,1.1443721252884151,137.2349897112165,1.0703587314586498,135.74544634137834,2.323773882169684,0.018518478127982796
2023-11-30,135.3845836813652,135.94042756355145,131.80145720342102,132.9230499267578,29913500,0.0,0.0,136.0218078613281,134.2267681121826,55.59464671397716,0.9941989166285907,0.9939782341100358,3.219611191089752,-0.018181779246675522,0.0,0.0,0.0,0.0,0.0,0.0,0.0,0.0,0.0,21014700.0,17046900.0,17886400.0,0.0,0.0,0.0,0.0,0.0,0.0,0.0,0.0,0.0,0.0,0.0,0.0,0.0,0.0,0.0,0.0,0.0,0.0,0.0,0.0,0.0,0.0,0.0,0.0,135.2985636393229,2.3336935567598642,136.66781616210938,1.9620675663743208,135.90354701450892,2.00874368085343,0.004500348642106244
2023-12-01,132.32752990722656,132.5061826590945,131.16821046019072,132.32752990722656,24268000,0.0,0.0,135.04910583496093,134.462003326416,47.962606157472,0.67104666857864,0.9293919210037567,2.863935141931466,-0.004480186242035389,0.0,0.0,0.0,0.0,0.0,0.0,0.0,0.0,0.0,29913500.0,21014700.0,17046900.0,0.0,0.0,0.0,0.0,0.0,0.0,0.0,0.0,0.0,0.0,0.0,0.0,0.0,0.0,0.0,0.0,0.0,0.0,0.0,0.0,0.0,0.0,0.0,0.0,133.54505411783853,1.6206663996303972,135.91631208147322,2.4878432759327347,135.85108511788505,2.0963452183585516,0.020592576151518438
2023-12-04,130.31660539036469,130.4714347394466,128.43669266571038,129.6575469970703,24117100,0.0,0.0,133.57615356445314,134.47490768432618,42.63333145211355,0.1972273626742833,0.782959009337862,2.840408505227591,-0.020177078133538418,0.0,0.0,0.0,0.0,0.0,0.0,0.0,0.0,0.0,24268000.0,29913500.0,21014700.0,0.0,0.0,0.0,0.0,0.0,0.0,0.0,0.0,0.0,0.0,0.0,0.0,0.0,0.0,0.0,0.0,0.0,0.0,0.0,0.0,0.0,0.0,0.0,0.0,131.63604227701822,1.7391071568472911,134.58487374441964,3.014621350362822,135.63768550327845,2.550639612933995,-0.01329408914964969
2023-12-05,129.3994826938057,132.54588246802612,128.76424764704194,131.40444946289062,19235100,0.0,0.0,132.3394317626953,134.52155838012695,42.549073984759325,-0.03689215166025406,0.6189887771382389,2.7781751663227325,0.013473203112964738,0.0,0.0,0.0,0.0,0.0,0.0,0.0,0.0,0.0,24117100.0,24268000.0,29913500.0,0.0,0.0,0.0,0.0,0.0,0.0,0.0,0.0,0.0,0.0,0.0,0.0,0.0,0.0,0.0,0.0,0.0,0.0,0.0,0.0,0.0,0.0,0.0,0.0,131.12984212239584,1.3560085098263652,133.75821794782365,2.9739740115785915,135.42216164725167,2.7785784102455073,0.007304479889169491
2023-12-06,131.9106264729234,132.31757788307297,130.33246678403606,130.45156860351562,16360600,0.0,0.0,131.3528289794922,134.47341842651366,37.873420581866114,-0.2959119861270665,0.4360086244851778,2.8424481798409875,-0.007251511370199859,0.0,0.0,0.0,0.0,0.0,0.0,0.0,0.0,0.0,19235100.0,24117100.0,24268000.0,0.0,0.0,0.0,0.0,0.0,0.0,0.0,0.0,0.0,0.0,0.0,0.0,0.0,0.0,0.0,0.0,0.0,0.0,0.0,0.0,0.0,0.0,0.0,0.0,130.50452168782553,0.874654262051825,132.81954084123885,2.8041329406036164,135.07121930803572,3.080281291110018,-0.05070435390615036
2023-12-07,135.5831079159261,138.9577910695359,135.21585202650814,137.41932678222656,38419400,0.0,0.0,132.25208435058593,134.73098602294922,49.50225180548515,0.060357023759081585,0.3608783043399586,2.8653859370666983,0.053412605561595106,0.0,0.0,0.0,0.6478,0.6478,1.0,248.0,1.0,0.0,16360600.0,19235100.0,24117100.0,0.0,0.0,0.0,0.0,0.0,0.0,0.0,0.0,0.0,0.0,0.0,0.0,0.0,0.0,0.0,0.0,0.0,0.0,0.0,0.0,0.0,0.0,0.0,0.0,133.09178161621094,3.7779267933576226,132.7954363141741,2.756633587215205,135.05349731445312,3.0648704859366203,0.013246588866668407
2023-12-08,134.65008729352576,136.9627435037306,134.56076093036825,135.62278747558594,23016100,0.0,0.0,132.9111358642578,134.97664337158204,49.40379845913293,0.1954836591941671,0.32779937531080033,2.7088105194876118,-0.013073410769124716,0.0,0.0,0.0,0.0,0.0,0.0,0.0,0.0,0.0,38419400.0,16360600.0,19235100.0,0.0,0.0,0.0,0.0,0.0,0.0,0.0,0.0,0.0,0.6478,0.0,0.0,0.6478,0.0,0.0,1.0,0.0,0.0,248.0,0.0,0.0,1.0,0.0,0.0,134.49789428710938,3.617520148300312,132.82946559361048,2.7951238189385723,135.0322276524135,3.0594187418179137,0.014402219223662138
2023-12-11,132.82381164499154,133.78657674476779,131.9007269643097,133.69725036621094,24502900,0.0,0.0,133.71907653808594,135.00840606689454,43.83616549425092,0.14552027185905558,0.2913435546204514,2.6888290394948964,-0.01419774025601428,0.0,0.0,0.0,0.0,0.0,0.0,0.0,0.0,0.0,23016100.0,38419400.0,16360600.0,0.0,0.0,0.0,0.0,0.0,0.0,0.0,0.0,0.0,0.0,0.6478,0.0,0.0,0.6478,0.0,0.0,1.0,0.0,0.0,248.0,0.0,0.0,1.0,0.0,135.5797882080078,1.8614107323274511,132.94006565638952,2.814692663688337,134.80394090924943,3.0289584014655624,0.007931754996415519
2023-12-12,132.27790084329126,133.53843566310795,131.841173917132,132.6451416015625,26584000,0.0,0.0,133.96721496582032,135.00840606689454,40.59668859831185,0.020787912842649803,0.2372324262648911,2.6888290394948964,-0.007869337340645322,0.0,0.0,0.0,0.0,0.0,0.0,0.0,0.0,0.0,24502900.0,23016100.0,38419400.0,0.0,0.0,0.0,0.0,0.0,0.0,0.0,0.0,0.0,0.0,0.0,0.6478,0.0,0.0,0.6478,0.0,0.0,1.0,0.0,0.0,248.0,0.0,0.0,1.0,133.98839314778647,1.5100221280562596,132.98543875558036,2.805718501956533,134.45087541852678,2.966914837005956,-0.0024631370003340702
2023-12-13,133.54338793500753,133.77663910079028,131.96026058228568,132.97267150878906,25414500,0.0,0.0,134.471435546875,134.9359504699707,38.0952669051203,-0.0510460272671196,0.179576735558489,2.724753231624194,0.0024692190250765744,0.0,0.0,0.0,0.0,0.0,1.0,1.0,0.0,0.0,26584000.0,24502900.0,23016100.0,0.0,0.0,0.0,0.0,0.0,0.0,0.0,0.0,0.0,0.0,0.0,0.0,0.0,0.0,0.0,0.0,0.0,0.0,0.0,0.0,0.0,0.0,0.0,0.0,133.10502115885416,0.5383962625859304,133.45902797154017,2.400959186840521,134.0219508579799,2.6825881859882355,0.005780890537369521
2023-12-14,133.7667086835169,134.02973528463465,130.08432112267317,132.20838928222656,29619100,0.0,0.0,133.429248046875,134.77813186645508,39.704642547489556,-0.16771284141205456,0.11011882016438027,2.7892547610546172,-0.005747663921394475,0.0,0.0,0.0,0.0,0.0,0.0,0.0,0.0,0.0,25414500.0,26584000.0,24502900.0,0.0,0.0,0.0,0.0,0.0,0.0,0.0,0.0,0.0,0.0,0.0,0.0,0.0,0.0,0.0,1.0,0.0,0.0,1.0,0.0,0.0,0.0,0.0,0.0,132.60873413085938,0.3834396411455058,133.5738765171596,2.3035517165611243,133.66604723249162,2.5574050514796687,-0.004781966912400293
2023-12-15,131.93049381733584,133.826278724094,131.64265934569684,132.84364318847656,58594000,0.0,0.0,132.87341918945313,134.53694229125978,41.52917908328689,-0.2065316822929617,0.04678871967291187,2.7342816599314097,0.0048049439956032725,0.0,0.0,0.0,0.0,0.0,0.0,0.0,0.0,0.0,29619100.0,25414500.0,26584000.0,0.0,0.0,0.0,0.0,0.0,0.0,0.0,0.0,0.0,0.0,0.0,0.0,0.0,0.0,0.0,0.0,1.0,0.0,0.0,1.0,0.0,0.0,0.0,0.0,132.6749013264974,0.4091297990218887,133.9156014578683,1.9063536540661559,133.36757114955358,2.372742585173841,-0.02441866563154982
2023-12-18,132.86348930391583,137.34984472427678,132.77416293739708,136.168701171875,25699800,0.0,0.0,133.36770935058593,134.5493492126465,47.41223279806241,0.030655124037707537,0.043562000545871005,2.74144392009776,0.025029861449078927,0.0,0.0,0.0,0.0,0.0,0.0,0.0,0.0,0.0,58594000.0,29619100.0,25414500.0,0.0,0.0,0.0,0.0,0.0,0.0,0.0,0.0,0.0,0.0,0.0,0.0,0.0,0.0,0.0,0.0,0.0,1.0,0.0,0.0,1.0,0.0,0.0,0.0,133.74024454752603,2.1269551155606115,133.73694065638952,1.5482266697225542,133.26618848528182,2.202772969596086,-0.0065894509562685055
2023-12-19,136.9726683168109,137.7369403444509,136.42675972563947,137.07192993164062,20661000,0.0,0.0,134.25306701660156,134.55828247070312,53.22948243938624,0.2881883334913482,0.09248726713496644,2.749762265831692,0.006633159837704294,0.0,0.0,0.0,0.0,0.0,0.0,0.0,0.0,0.0,25699800.0,58594000.0,29619100.0,0.0,0.0,0.0,0.0,0.0,0.0,0.0,0.0,0.0,0.0,0.0,0.0,0.0,0.0,0.0,0.0,0.0,0.0,0.0,0.0,0.0,0.0,0.0,0.0,135.3614247639974,2.2267405764122574,133.94396100725447,1.899463441163557,133.3867133004325,2.36759243601259,-0.011169976160810724
2023-12-20,139.285325971083,142.01286978778424,138.3721766574486,138.6203155517578,33507300,0.0,0.0,135.38259582519532,134.60989532470703,61.29918062056886,0.6101931102123217,0.1960284357504375,2.8184537591303607,0.011296153930927977,0.0,0.0,0.0,0.0,0.0,0.0,0.0,0.0,0.0,20661000.0,25699800.0,58594000.0,0.0,0.0,0.0,0.0,0.0,0.0,0.0,0.0,0.0,0.0,0.0,0.0,0.0,0.0,0.0,0.0,0.0,0.0,0.0,0.0,0.0,0.0,0.0,0.0,137.28698221842447,1.239874542625177,134.64725603376115,2.5817573669637204,133.79366084507532,2.741820588356386,-0.015091893537453993
2023-12-21,139.72208402216896,140.9726988762458,139.42729785783652,140.74441528320312,18101500,0.0,0.0,137.0898010253906,134.69823532104493,65.73864573388656,1.0249661405196946,0.36181597670428894,2.985308130100548,0.015323148868841008,0.0,0.0,0.0,0.0,0.0,0.0,0.0,0.0,0.0,33507300.0,20661000.0,25699800.0,0.0,0.0,0.0,0.0,0.0,0.0,0.0,0.0,0.0,0.0,0.0,0.0,0.0,0.0,0.0,0.0,0.0,0.0,0.0,0.0,0.0,0.0,0.0,0.0,138.81222025553384,1.84374828158796,135.8042951311384,3.260586322903841,134.39486694335938,3.2679293175578223,-0.006446157607928771
2023-12-22,141.0719579800002,142.18361560809888,140.9975041802763,141.65756225585938,18513500,0.0,0.0,138.8525848388672,134.92156143188475,74.01663870340025,1.4110938727328914,0.5716715559100094,3.32889971540344,0.006487980150536199,0.0,0.0,0.0,0.0,0.0,0.0,0.0,0.0,0.0,18101500.0,33507300.0,20661000.0,0.0,0.0,0.0,0.0,0.0,0.0,0.0,0.0,0.0,0.0,0.0,0.0,0.0,0.0,0.0,0.0,0.0,0.0,0.0,0.0,0.0,0.0,0.0,0.0,140.34076436360678,1.558338035877304,137.0449938092913,3.6344612218672623,135.25201089041573,3.4956072302276238,-0.0006999869647207335
2023-12-26,141.91558753793316,142.8734151488997,141.43916511714073,141.7567901611328,11170100,0.0,0.0,139.97020263671874,135.15828552246094,72.18196738998944,1.705450374770919,0.7984273196821914,3.6399561973700036,0.0007004772896925804,0.0,0.0,0.0,0.0,0.0,0.0,0.0,0.0,0.0,18513500.0,18101500.0,33507300.0,0.0,0.0,0.0,0.0,0.0,0.0,0.0,0.0,0.0,0.0,0.0,0.0,0.0,0.0,0.0,0.0,0.0,0.0,0.0,0.0,0.0,0.0,0.0,0.0,141.3862559000651,0.558060101948078,138.40905107770647,3.2924045450330683,135.99146379743303,3.707620684302544,0.009756632531948473
2023-12-27,141.76673682067968,142.25309458095086,140.00097326971112,140.3870849609375,17288400,0.0,0.0,140.63323364257812,135.29823684692383,70.9152371640278,1.8073720014259038,1.000216256030934,3.789050434964245,-0.009662360431824002,0.0,0.0,0.0,0.0,0.0,0.0,0.0,0.0,0.0,11170100.0,18513500.0,18101500.0,0.0,0.0,0.0,0.0,0.0,0.0,0.0,0.0,0.0,0.0,0.0,0.0,0.0,0.0,0.0,0.0,0.0,0.0,0.0,0.0,0.0,0.0,0.0,0.0,141.26714579264322,0.7637681879490058,139.48668561662947,2.230446360494976,136.7011435372489,3.511342903228367,0.0011324264273746554
2023-12-28,140.7940508371397,141.2109224691849,139.77965562656306,140.22828674316406,12192500,0.0,0.0,140.95482788085937,135.54042205810546,58.28948908922251,1.8539606317015966,1.1709651311650666,3.946390913822324,-0.0011311454883304872,0.0,0.0,0.0,0.0,0.0,0.0,0.0,0.0,0.0,17288400.0,11170100.0,18513500.0,0.0,0.0,0.0,0.0,0.0,0.0,0.0,0.0,0.0,0.0,0.0,0.0,0.0,0.0,0.0,0.0,0.0,0.0,0.0,0.0,0.0,0.0,0.0,0.0,140.79072062174478,0.8403998956995233,140.0666264125279,1.685031056602181,136.9017835344587,3.633659303021199,0.0024836283751050736
2023-12-29,139.63273569618974,140.3821201342033,138.8585434224958,139.88087463378906,14881000,0.0,0.0,140.78211975097656,135.88831329345703,63.741284222966314,1.841620152318427,1.3050961353957389,4.009687933154426,-0.002477475247282368,0.0,0.0,0.0,0.0,0.0,0.0,0.0,0.0,0.0,12192500.0,17288400.0,11170100.0,0.0,0.0,0.0,0.0,0.0,0.0,0.0,0.0,0.0,0.0,0.0,0.0,0.0,0.0,0.0,0.0,0.0,0.0,0.0,0.0,0.0,0.0,0.0,0.0,140.16541544596353,0.25889539168631037,140.46790422712053,1.0782012404585404,137.2059326171875,3.696040486913777,0.00981668443099859
2024-01-02,138.56076783422094,139.56821116253045,136.714613812198,138.52105712890625,20071900,0.0,0.0,140.15481872558593,136.197989654541,66.15684971762963,1.7024890908472798,1.384574726486047,3.959057050888136,-0.009721253948710595,0.0,0.0,0.0,0.0,0.0,0.0,0.0,0.0,0.0,14881000.0,12192500.0,17288400.0,0.0,0.0,0.0,0.0,0.0,0.0,0.0,0.0,0.0,0.0,0.0,0.0,0.0,0.0,0.0,0.0,0.0,0.0,0.0,0.0,0.0,0.0,0.0,0.0,139.54340616861978,0.9022593655303376,140.45372445242745,1.1068220075199124,137.55049024309432,3.5663590632981674,-0.0056997930813010855
2024-01-03,137.568231858587,140.0396859625088,137.39948405472208,139.31512451171875,18974300,0.0,0.0,139.66648559570314,136.68086853027344,72.73339061008056,1.6374260949806114,1.4351450001849602,3.6998166476700223,0.005732466956800186,0.0,0.0,0.0,0.0,0.0,0.0,0.0,0.0,0.0,20071900.0,14881000.0,12192500.0,0.0,0.0,0.0,0.0,0.0,0.0,0.0,0.0,0.0,0.0,0.0,0.0,0.0,0.0,0.0,0.0,0.0,0.0,0.0,0.0,0.0,0.0,0.0,0.0,139.23901875813803,0.683095876098079,140.2495400565011,1.1740527764322353,138.02691759381975,3.2959141034895456,0.01680687336337816
2024-01-04,138.80891332135792,139.58805799407324,136.98259942012896,137.0123748779297,18253300,0.0,0.0,138.99154357910157,136.96126480102538,62.13471548188497,1.3840955593984177,1.4249351120276517,3.4851646356340487,-0.01652907135431203,0.0,0.0,0.0,0.0,0.0,0.0,0.0,0.0,0.0,18974300.0,20071900.0,14881000.0,0.0,0.0,0.0,0.0,0.0,0.0,0.0,0.0,0.0,0.0,0.0,0.0,0.0,0.0,0.0,0.0,0.0,0.0,0.0,0.0,0.0,0.0,0.0,0.0,138.28285217285156,1.1697094381919753,139.585941859654,1.5102192689888143,138.31546783447266,2.981195980494881,0.0047309136224464865
2024-01-05,137.32207747702685,137.7766606176353,135.83125983765348,136.3672332763672,15439500,0.0,0.0,138.21933288574218,137.25704803466797,62.58265977504353,1.1183797634826362,1.3636240423186488,3.1372805241276382,-0.004708637465318577,0.0,0.0,0.0,0.0,0.0,0.0,0.0,0.0,0.0,18253300.0,18974300.0,20071900.0,0.0,0.0,0.0,0.0,0.0,0.0,0.0,0.0,0.0,0.0,0.0,0.0,0.0,0.0,0.0,0.0,0.0,0.0,0.0,0.0,0.0,0.0,0.0,0.0,137.56491088867188,1.5496734224476192,138.81600516183036,1.5907261658361882,138.61252811976843,2.49309300067575,-0.02234375485438911
2024-01-08,136.97266143555748,139.59300739634295,136.85355961990211,139.48382568359375,17645300,0.0,0.0,138.13992309570312,137.36027297973632,67.46733286718563,1.14606986169224,1.3201132061933671,3.1766181054907343,0.02285440814737627,0.0,0.0,0.0,0.0,0.0,0.0,0.0,0.0,0.0,15439500.0,18253300.0,18974300.0,0.0,0.0,0.0,0.0,0.0,0.0,0.0,0.0,0.0,0.0,0.0,0.0,0.0,0.0,0.0,0.0,0.0,0.0,0.0,0.0,0.0,0.0,0.0,0.0,137.62114461263022,1.6450645885833077,138.68696812220983,1.4744262736752611,139.08682686941964,1.86323459585733,-0.014239652506238376
2024-01-09,139.01732936081825,141.73693704847574,138.74933511886613,141.49871826171875,19579700,0.0,0.0,138.73545532226564,137.65406951904296,65.05887181326565,1.3154359293513949,1.3191777508249727,3.2775849141447493,0.014445349260032492,0.0,0.0,0.0,0.0,0.0,0.0,0.0,0.0,0.0,17645300.0,15439500.0,18253300.0,0.0,0.0,0.0,0.0,0.0,0.0,0.0,0.0,0.0,0.0,0.0,0.0,0.0,0.0,0.0,0.0,0.0,0.0,0.0,0.0,0.0,0.0,0.0,0.0,139.11659240722656,2.585378066777731,138.8684583391462,1.7484899143187171,139.46754237583704,1.7629499625431453,-0.008623334682499983
2024-01-10,141.4590525315388,143.44911655095675,141.3995016085915,142.72952270507812,16641900,0.0,0.0,139.4183349609375,138.10568313598634,65.69387679086006,1.5313232493027726,1.3616068505205328,3.3256056399303544,0.008698343408898301,0.0,0.0,0.0,0.0,0.0,0.0,0.0,0.0,0.0,19579700.0,17645300.0,15439500.0,0.0,0.0,0.0,0.0,0.0,0.0,0.0,0.0,0.0,0.0,0.0,0.0,0.0,0.0,0.0,0.0,0.0,0.0,0.0,0.0,0.0,0.0,0.0,0.0,141.23735555013022,1.6385573346924738,139.27540806361608,2.2754807777453734,139.8716561453683,1.819111130343722,0.0009049308942894463
2024-01-11,143.81636594660668,145.56822619459635,141.15630872935984,142.60047912597656,17471100,0.0,0.0,140.53595581054688,138.60345001220702,61.9844742698882,1.6727206845579587,1.423829617328018,3.2082430382376423,-0.0009041127347437783,0.0,0.0,0.0,0.0,0.0,0.0,0.0,0.0,0.0,16641900.0,19579700.0,17645300.0,0.0,0.0,0.0,0.0,0.0,0.0,0.0,0.0,0.0,0.0,0.0,0.0,0.0,0.0,0.0,0.0,0.0,0.0,0.0,0.0,0.0,0.0,0.0,0.0,142.27624003092447,0.676437829750903,139.8581826346261,2.5552738095967857,140.15595354352678,1.9168929264449448,-0.003951700935631353
2024-01-12,143.26547572373775,143.66250706209212,142.29277544886418,143.16622924804688,13998700,0.0,0.0,141.8957550048828,139.1131278991699,58.047417683266914,1.8095708708112568,1.500977868024666,3.073498788770322,0.003967378830266766,0.0,0.0,0.0,0.0,0.0,0.0,0.0,0.0,0.0,17471100.0,16641900.0,19579700.0,0.0,0.0,0.0,0.0,0.0,0.0,0.0,0.0,0.0,0.0,0.0,0.0,0.0,0.0,0.0,0.0,0.0,0.0,0.0,0.0,0.0,0.0,0.0,0.0,142.8320770263672,0.2964900365385237,140.40834045410156,2.8197544319634296,140.32894025530135,2.076697662391407,0.0011103125264080305
2024-01-16,142.36227591025335,144.75433910351788,141.99106705594662,143.0074462890625,19198900,0.0,0.0,142.60047912597656,139.65308074951173,54.72225662224082,1.883501340568671,1.577482562533467,2.7255209065480352,-0.0011090810997701483,0.0,0.0,0.0,0.0,0.0,0.0,0.0,0.0,0.0,13998700.0,17471100.0,16641900.0,0.0,0.0,0.0,0.0,0.0,0.0,0.0,0.0,0.0,0.0,0.0,0.0,0.0,0.0,0.0,0.0,0.0,0.0,0.0,0.0,0.0,0.0,0.0,0.0,142.92471822102866,0.29180687121070303,141.26477922712053,2.509795731486689,140.42536054338728,2.172268458015013,0.008328270426877449
2024-01-17,141.8461340405236,142.34241187414503,139.46399135202222,141.82627868652344,17884500,0.0,0.0,142.6659912109375,140.10221252441406,50.22598298130802,1.8257354743290932,1.6271331448925923,2.2414842636524748,-0.008259483217059604,0.0,0.0,0.0,0.0,0.0,0.0,0.0,0.0,0.0,19198900.0,13998700.0,17471100.0,0.0,0.0,0.0,0.0,0.0,0.0,0.0,0.0,0.0,0.0,0.0,0.0,0.0,0.0,0.0,0.0,0.0,0.0,0.0,0.0,0.0,0.0,0.0,0.0,142.6666514078776,0.7321015913879589,142.04464285714286,1.282345638265909,140.4303240094866,2.1756214887625176,-0.014483854820460662
2024-01-18,142.37219538970797,144.50123165708615,142.28286900944835,143.91065979003906,18876800,0.0,0.0,142.9022186279297,140.48931045532225,60.94998743402865,1.925946630412426,1.6868958419965592,2.1944384874886014,0.014696719978972927,0.0,0.0,0.0,0.0,0.0,0.0,0.0,0.0,0.0,17884500.0,19198900.0,13998700.0,0.0,0.0,0.0,0.0,0.0,0.0,0.0,0.0,0.0,0.0,0.0,0.0,0.0,0.0,0.0,0.0,0.0,0.0,0.0,0.0,0.0,0.0,0.0,0.0,142.914794921875,1.0452747739490333,142.6770477294922,0.8155923364226554,140.682007925851,2.365738063858121,-0.020139172577902986
2024-01-19,145.21585550411905,146.93794026229747,144.71462517060763,146.86846923828125,27181000,0.0,0.0,143.7558166503906,140.9791374206543,67.5773969985564,2.218462145945324,1.7932091027863124,2.467816137134073,0.020553094903168034,0.0,0.0,0.0,0.0,0.0,0.0,0.0,0.0,0.0,18876800.0,17884500.0,19198900.0,0.0,0.0,0.0,0.0,0.0,0.0,0.0,0.0,0.0,0.0,0.0,0.0,0.0,0.0,0.0,0.0,0.0,0.0,0.0,0.0,0.0,0.0,0.0,0.0,144.2018025716146,2.5336721333878685,143.44415501185827,1.6356203719327203,141.15630667550224,2.8779576897505326,0.001760047942078069
2024-01-22,147.60298368335316,148.89826176777188,146.4813907524833,146.6104278564453,21829200,0.0,0.0,144.4446563720703,141.37864303588867,67.89866024249724,2.401774851063152,1.9149222524416805,2.7015347478040037,-0.0017569556159620081,0.0,0.0,0.0,0.0,0.0,0.0,0.0,0.0,0.0,27181000.0,18876800.0,17884500.0,0.0,0.0,0.0,0.0,0.0,0.0,0.0,0.0,0.0,0.0,0.0,0.0,0.0,0.0,0.0,0.0,0.0,0.0,0.0,0.0,0.0,0.0,0.0,0.0,145.79651896158853,1.6382902520226843,143.99857003348214,1.9754525340431766,141.6369890485491,3.1932652613646972,-0.00652369874993719
2024-01-23,146.62030579627236,147.75181850773038,146.09425257091357,147.57315063476562,14113600,0.0,0.0,145.35779724121093,141.7200798034668,74.59547757444092,2.594823661023611,2.050902534158067,3.0288577671896655,0.006566536858230609,0.0,0.0,0.0,0.0,0.0,0.0,0.0,0.0,0.0,21829200.0,27181000.0,18876800.0,0.0,0.0,0.0,0.0,0.0,0.0,0.0,0.0,0.0,0.0,0.0,0.0,0.0,0.0,0.0,0.0,0.0,0.0,0.0,0.0,0.0,0.0,0.0,0.0,147.01734924316406,0.49832993976307843,144.70895167759485,2.262187363774235,142.28356715611048,3.4220591702842342,-0.01110758236259235
2024-01-24,149.17117734908445,150.4416624752705,148.7245303494736,149.23074340820312,19245000,0.0,0.0,146.83869018554688,142.09873886108397,75.73417013706832,2.8487317115970825,2.21046836964587,3.462917189800328,0.011232346577325192,0.0,0.0,0.0,0.0,0.0,0.0,0.0,0.0,0.0,14113600.0,21829200.0,27181000.0,0.0,0.0,0.0,0.0,0.0,0.0,0.0,0.0,0.0,0.0,0.0,0.0,0.0,0.0,0.0,0.0,0.0,0.0,0.0,0.0,0.0,0.0,0.0,0.0,147.80477396647134,1.32542462008915,145.57531084333147,2.6931242867993577,142.9918256487165,3.768953551928902,-0.021413758962256835
2024-01-25,150.61041176967234,153.60791916668836,150.0942785499404,152.4962615966797,21495100,0.0,0.0,148.555810546875,142.63571243286134,88.27294410859952,3.2756955188297354,2.4235137994826434,4.16797850530471,0.021882342162862,0.0,0.0,0.0,0.0,0.0,0.0,0.0,0.0,0.0,19245000.0,14113600.0,21829200.0,0.0,0.0,0.0,0.0,0.0,0.0,0.0,0.0,0.0,0.0,0.0,0.0,0.0,0.0,0.0,0.0,0.0,0.0,0.0,0.0,0.0,0.0,0.0,0.0,149.76671854654947,2.504936605489914,146.93085588727678,3.4631542689416572,144.09781755719865,4.133545313293502,-0.000975234189655505
2024-01-26,151.7319769646309,152.96275141962158,151.66250594481866,152.64512634277344,19494500,0.0,0.0,149.71114196777344,143.2486145019531,91.24752349681476,3.5847567091553003,2.655762381417175,4.688664460160482,0.0009761861998129895,0.0,0.0,0.0,0.0,0.0,0.0,0.0,0.0,0.0,21495100.0,19245000.0,14113600.0,0.0,0.0,0.0,0.0,0.0,0.0,0.0,0.0,0.0,0.0,0.0,0.0,0.0,0.0,0.0,0.0,0.0,0.0,0.0,0.0,0.0,0.0,0.0,0.0,151.4573771158854,1.9297573498492864,148.47640555245536,3.2102891097818103,145.2605242047991,4.080805904733076,-0.006781239810914386
2024-01-29,152.49625311502484,154.04463754290293,151.78161181828145,153.68731689453125,20909300,0.0,0.0,151.12651977539062,143.92156600952148,90.21928679941169,3.8691844469106798,2.898446794515876,5.173183725099226,0.006827538990124893,0.0,0.0,0.0,0.0,0.0,0.0,0.0,0.0,0.0,19494500.0,21495100.0,19245000.0,0.0,0.0,0.0,0.0,0.0,0.0,0.0,0.0,0.0,0.0,0.0,0.0,0.0,0.0,0.0,0.0,0.0,0.0,0.0,0.0,0.0,0.0,0.0,0.0,152.94290161132812,0.6489651481835575,149.8730708530971,3.0135411596141566,146.27505929129464,4.294176269750667,0.011695509348693234
2024-01-30,152.86348946935885,153.88582057232836,151.63768264169386,151.91064453125,26578900,0.0,0.0,151.9940185546875,144.52305450439454,79.88610661934104,3.9062045720480114,3.099998350022303,5.3740957029366845,-0.011560305685475059,0.0,0.0,0.0,0.0,0.0,0.0,0.0,0.0,0.0,20909300.0,19494500.0,21495100.0,0.0,0.0,0.0,0.0,0.0,0.0,0.0,0.0,0.0,0.0,0.0,0.0,0.0,0.0,0.0,0.0,0.0,0.0,0.0,0.0,0.0,0.0,0.0,0.0,152.74769592285156,0.8927662407817758,150.59338160923548,2.768294434497392,147.01876831054688,4.304937163443207,0.07933692591339003
2024-01-31,144.30768696565033,144.5061950963483,140.49627633353074,140.74441528320312,43908600,0.0,0.0,150.2967529296875,144.63422241210938,46.3715511942175,2.9999404614476077,3.079986772307364,5.265299330005503,-0.07350524568243688,0.0,0.0,0.0,0.0,0.0,0.0,0.0,0.0,0.0,26578900.0,20909300.0,19494500.0,0.0,0.0,0.0,0.0,0.0,0.0,0.0,0.0,0.0,0.0,0.0,0.0,0.0,0.0,0.0,0.0,0.0,0.0,0.0,0.0,0.0,0.0,0.0,0.0,148.78079223632812,7.016171111877942,149.75537981305803,4.513003664931242,146.8769749232701,4.485966962889553,-0.006376481616594765
2024-02-01,142.62032911698014,143.54339863638106,141.20096660878144,141.6476287841797,25526900,0.0,0.0,148.1270263671875,144.75084762573243,48.306280913370415,2.327768341124113,2.929543086070714,5.166180885395898,0.0064174020628748885,0.0,0.0,0.0,0.0,0.0,1.0,1.0,0.0,0.0,43908600.0,26578900.0,20909300.0,0.0,0.0,0.0,0.0,0.0,0.0,0.0,0.0,0.0,0.0,0.0,0.0,0.0,0.0,0.0,0.0,0.0,0.0,0.0,0.0,0.0,0.0,0.0,0.0,144.76756286621094,6.202552733524256,148.90887669154577,5.449170308323365,146.8089141845703,4.562417440667507,-0.00578225915625219
2024-02-02,139.8411690547345,142.80891598819684,137.14141639534614,142.471435546875,42136100,0.0,0.0,146.0922882080078,145.0238006591797,48.77621118379677,1.8403272667708563,2.7116999222107423,4.871619020080338,0.005815888128635649,0.0,0.0,0.0,0.0,0.0,0.0,0.0,0.0,0.0,25526900.0,43908600.0,26578900.0,0.0,0.0,0.0,0.0,0.0,0.0,0.0,0.0,0.0,0.0,0.0,0.0,0.0,0.0,0.0,1.0,0.0,0.0,1.0,0.0,0.0,0.0,0.0,0.0,141.62115987141928,0.8638143320703089,147.9432612827846,5.957780637942164,146.75928606305803,4.608633819067224,-0.009590847978106387
2024-02-05,142.96771551558987,145.5781418375602,142.8386935740903,143.85108947753906,29254400,0.0,0.0,144.1250427246094,145.3979934692383,51.4246944285684,1.5475144620539538,2.4788628301793847,4.440006241933383,0.009683723094164653,0.0,0.0,0.0,0.0,0.0,0.0,0.0,0.0,0.0,42136100.0,25526900.0,43908600.0,0.0,0.0,0.0,0.0,0.0,0.0,0.0,0.0,0.0,0.0,0.0,0.0,0.0,0.0,0.0,0.0,1.0,0.0,0.0,1.0,0.0,0.0,0.0,0.0,142.6567179361979,1.1133539103266177,146.70823669433594,5.749057297590113,146.81954629080636,4.561073097223991,-0.0033011056864463706
2024-02-06,144.87343857858662,145.6476308233524,143.44415592818876,144.32752990722656,21517700,0.0,0.0,142.6084197998047,145.64017868041992,54.32695454958199,1.3384738719852294,2.2507850385405535,4.227447228033018,0.00331203907747879,0.0,0.0,0.0,0.0,0.0,0.0,0.0,0.0,0.0,29254400.0,42136100.0,25526900.0,0.0,0.0,0.0,0.0,0.0,0.0,0.0,0.0,0.0,0.0,0.0,0.0,0.0,0.0,0.0,0.0,0.0,1.0,0.0,0.0,1.0,0.0,0.0,0.0,143.55001831054688,0.9639784511738182,145.52000863211495,5.145351680228288,146.99820709228516,4.396454779068506,-0.008658082613424822
2024-02-07,145.03221451892642,145.90566826383935,144.12900046383257,145.58804321289062,21436100,0.0,0.0,143.5771453857422,145.84464492797852,52.98687155710538,1.2599961363777084,2.0526272581079845,4.113967134107188,0.00873369970700888,0.0,0.0,0.0,0.0,0.0,0.0,0.0,0.0,0.0,21517700.0,29254400.0,42136100.0,0.0,0.0,0.0,0.0,0.0,0.0,0.0,0.0,0.0,0.0,0.0,0.0,0.0,0.0,0.0,0.0,0.0,0.0,0.0,0.0,0.0,0.0,0.0,0.0,144.5888875325521,0.8974870059920099,144.36296953473772,3.7143054895948158,147.1180201939174,4.328165639423765,-0.0036681896489970667
2024-02-08,145.87591502568085,146.51115007912992,145.3300063519672,146.12405395507812,18241300,0.0,0.0,144.47243041992186,146.0143714904785,48.54932060175273,1.2269104923425687,1.8874839049549015,4.048181702614169,0.0036816948037670105,0.0,0.0,0.0,0.0,0.0,0.0,0.0,0.0,0.0,21436100.0,21517700.0,29254400.0,0.0,0.0,0.0,0.0,0.0,0.0,0.0,0.0,0.0,0.0,0.0,0.0,0.0,0.0,0.0,0.0,0.0,0.0,0.0,0.0,0.0,0.0,0.0,0.0,145.34654235839844,0.9222888162974207,143.53631373814173,2.005280257240779,147.0648476736886,4.336032768446458,-0.019970770189441156
2024-02-09,146.84862448748711,149.57320039982767,146.33249124170396,149.1017303466797,21877700,0.0,0.0,145.79848937988282,146.33943405151368,54.38963457979204,1.4245422441539688,1.7948955727947151,4.020549432923485,0.020377729134978484,0.0,0.0,0.0,0.0,0.0,0.0,0.0,0.0,0.0,18241300.0,21436100.0,21517700.0,0.0,0.0,0.0,0.0,0.0,0.0,0.0,0.0,0.0,0.0,0.0,0.0,0.0,0.0,0.0,0.0,0.0,0.0,0.0,0.0,0.0,0.0,0.0,0.0,146.9379425048828,1.8929633507191301,144.73021589006697,2.494268164738643,147.2427978515625,4.366959936487183,0.010018391444737818
2024-02-12,148.42675507380383,149.46894146398108,147.45405484406334,147.62278747558594,17236100,0.0,0.0,146.55282897949218,146.56226196289063,50.08589672430611,1.4451694874044279,1.7249503557166577,3.9584437321649646,-0.009919018831337723,0.0,0.0,0.0,0.4215,0.4215,1.0,1.0,1.0,0.0,21877700.0,18241300.0,21436100.0,0.0,0.0,0.0,0.0,0.0,0.0,0.0,0.0,0.0,0.0,0.0,0.0,0.0,0.0,0.0,0.0,0.0,0.0,0.0,0.0,0.0,0.0,0.0,0.0,147.6161905924479,1.488849157042241,145.58380998883928,2.2764193001116553,147.2463433401925,4.367268916837145,0.016123462282800594
2024-02-13,144.98261041273219,146.9379311008512,144.02975032913352,145.28036499023438,18138500,0.0,0.0,146.74339599609374,146.67590789794923,43.32213529065215,1.258001351662017,1.6315605549057297,3.8829214194043282,-0.015867621289422873,0.0,0.0,0.0,0.0,0.0,0.0,0.0,0.0,0.0,17236100.0,21877700.0,18241300.0,0.0,0.0,0.0,0.0,0.0,0.0,0.0,0.0,0.0,0.4215,0.0,0.0,0.4215,0.0,0.0,1.0,0.0,0.0,1.0,0.0,0.0,1.0,0.0,0.0,147.3349609375,1.926873473759948,145.9850856236049,1.8425778244221376,146.96417345319475,4.356798760438135,-0.005233105507042479
2024-02-14,146.2729155078222,146.7294977526477,144.4714246511034,146.0446319580078,16651800,0.0,0.0,146.8347137451172,146.88682556152344,38.08647109740593,1.1579906176501709,1.5368465674546181,3.716636685895851,0.0052606349648476325,0.0,0.0,0.0,0.0,0.0,0.0,0.0,0.0,0.0,18138500.0,17236100.0,21877700.0,0.0,0.0,0.0,0.0,0.0,0.0,0.0,0.0,0.0,0.0,0.4215,0.0,0.0,0.4215,0.0,0.0,1.0,0.0,0.0,1.0,0.0,0.0,1.0,0.0,146.31592814127603,1.1945446786377654,146.29844883510046,1.5881220005925947,146.50334276471818,4.057571167320447,0.022231376430787098
2024-02-15,143.38460244061395,143.68235703311552,140.82380692871453,142.86846923828125,26724300,0.0,0.0,146.1835968017578,146.83471603393554,33.76197280259758,0.8130690493419195,1.3920910638320785,3.767518334589326,-0.021747890882013454,0.0,0.0,0.0,0.0,0.0,0.0,0.0,0.0,0.0,16651800.0,18138500.0,17236100.0,0.0,0.0,0.0,0.0,0.0,0.0,0.0,0.0,0.0,0.0,0.0,0.4215,0.0,0.0,0.4215,0.0,0.0,1.0,0.0,0.0,1.0,0.0,0.0,1.0,144.7311553955078,1.6577773643495404,146.0900115966797,1.9454607410764946,145.80501011439733,3.748783703044639,0.015378222105486561
2024-02-16,143.13645481893047,143.4044339358979,140.46647773695776,140.70468139648438,21865100,0.0,0.0,144.50418701171876,146.5265266418457,29.21168443921904,0.36095575289618864,1.1858640016449005,4.008978508675921,-0.015145314101378315,0.0,0.0,0.0,0.0,0.0,0.0,0.0,0.0,0.0,26724300.0,16651800.0,18138500.0,0.0,0.0,0.0,0.0,0.0,0.0,0.0,0.0,0.0,0.0,0.0,0.0,0.0,0.0,0.0,0.0,0.0,0.0,0.0,0.0,0.0,0.0,0.0,0.0,143.20592753092447,2.68592192260564,145.39238848005022,2.829957832054625,144.87767900739397,3.2169900096107207,-0.0030942146801843373
2024-02-20,139.8907885953345,142.26199628899775,139.75183141723363,141.1414031982422,18625600,0.0,0.0,143.20791015625,146.25307540893556,31.982708047946517,0.03746068427810201,0.9561833381715409,4.185584713796173,0.0031038185611407254,0.0,0.0,0.0,0.0,0.0,0.0,0.0,0.0,0.0,21865100.0,26724300.0,16651800.0,0.0,0.0,0.0,0.0,0.0,0.0,0.0,0.0,0.0,0.0,0.0,0.0,0.0,0.0,0.0,0.0,0.0,0.0,0.0,0.0,0.0,0.0,0.0,0.0,141.57151794433594,1.1442217779705723,144.68058122907365,3.215608354786805,144.1084474836077,2.6421208603177804,-0.011401565667242597
2024-02-21,141.5781318516019,142.9081527364752,140.85357049569285,142.76919555664062,16440800,0.0,0.0,142.70567626953124,146.01287765502929,54.97552283935063,-0.0865643885763916,0.7476337928219544,4.243286893402239,0.011533060615190882,0.0,0.0,0.0,0.0,0.0,0.0,0.0,0.0,0.0,18625600.0,21865100.0,26724300.0,0.0,0.0,0.0,0.0,0.0,0.0,0.0,0.0,0.0,0.0,0.0,0.0,0.0,0.0,0.0,0.0,0.0,0.0,0.0,0.0,0.0,0.0,0.0,0.0,141.5384267171224,1.0880144462639731,143.77593340192522,2.5954750489642353,144.2530746459961,2.495141111778948,-0.01018460677503319
2024-02-22,145.03223741840605,145.1116436936809,142.93794423677772,144.2382049560547,23024700,0.0,0.0,142.34439086914062,145.76325073242188,56.193636506908085,-0.06556260594700802,0.5849945130681619,4.190545252224562,0.010289400270741655,0.0,0.0,0.0,0.0,0.0,0.0,0.0,0.0,0.0,16440800.0,18625600.0,21865100.0,0.0,0.0,0.0,0.0,0.0,0.0,0.0,0.0,0.0,0.0,0.0,0.0,0.0,0.0,0.0,0.0,0.0,0.0,0.0,0.0,0.0,0.0,0.0,0.0,142.71626790364584,1.549079172972108,143.29242161342077,2.008227558368133,144.43811580113,2.3804813498612116,0.00020664825419780541
2024-02-23,143.89079460672014,144.86846253331288,143.71212671320606,144.20840454101562,14519400,0.0,0.0,142.6123779296875,145.34885787963867,54.31669462705494,-0.050738306728277394,0.45784794910887405,3.8885960351009787,-0.00020660555951967918,0.0,0.0,0.0,0.0,0.0,0.0,0.0,0.0,0.0,23024700.0,16440800.0,18625600.0,0.0,0.0,0.0,0.0,0.0,0.0,0.0,0.0,0.0,0.0,0.0,0.0,0.0,0.0,0.0,0.0,0.0,0.0,0.0,0.0,0.0,0.0,0.0,0.0,143.7386016845703,0.8396625493818847,143.13928440638952,1.867298243547028,144.5621850149972,2.314443289173697,0.04713504999430507
2024-02-26,142.38211076688523,142.7692068803552,137.70718194614793,137.71710205078125,33513000,0.0,0.0,142.01486206054688,144.60245666503906,37.84427125257555,-0.5563703130373767,0.25500429667962393,3.8468597681602708,-0.04501334378460675,0.0,0.0,0.0,0.0,0.0,0.0,0.0,0.0,0.0,14519400.0,23024700.0,16440800.0,0.0,0.0,0.0,0.0,0.0,0.0,0.0,0.0,0.0,0.0,0.0,0.0,0.0,0.0,0.0,0.0,0.0,0.0,0.0,0.0,0.0,0.0,0.0,0.0,142.05457051595053,3.756387430888512,141.94963727678572,2.3084270053105223,144.12404305594308,2.9521617536990363,-0.009635868333135456
2024-02-27,138.37217160698773,139.4441334087015,137.46894242982208,139.05703735351562,22364000,0.0,0.0,141.59798889160157,143.87094268798828,39.90108290709594,-0.8392909170439111,0.03614525393491694,3.3925848507459837,0.009729621686639156,0.0,0.0,0.0,-0.3118,-0.3118,1.0,510.0,0.0,0.0,33513000.0,14519400.0,23024700.0,0.0,0.0,0.0,0.0,0.0,0.0,0.0,0.0,0.0,0.0,0.0,0.0,0.0,0.0,0.0,0.0,0.0,0.0,0.0,0.0,0.0,0.0,0.0,0.0,140.3275146484375,3.4270740322634463,141.4051470075335,2.4973521311763958,143.74757930210657,3.2456759132313193,0.01942801684735418
2024-02-28,138.06450271897674,138.2431554737171,135.62280905447278,136.40692138671875,30628700,0.0,0.0,140.32553405761718,143.09575653076172,33.297301558749,-1.2627930523827615,-0.22364240732861876,3.2260416034030794,-0.019057762319929616,0.0,0.0,0.0,0.0,0.0,0.0,0.0,0.0,0.0,22364000.0,33513000.0,14519400.0,0.0,0.0,0.0,0.0,0.0,0.0,0.0,0.0,0.0,-0.3118,0.0,0.0,-0.3118,0.0,0.0,1.0,0.0,0.0,510.0,0.0,0.0,0.0,0.0,0.0,137.72702026367188,1.3250858227216173,140.79118129185267,3.1430753513779206,143.09178488595145,3.735735748094511,-0.016812122879842795
2024-02-29,137.32007836867083,138.90815829996205,136.545886183812,138.7394256591797,35485000,0.0,0.0,139.22577819824218,142.99550704956056,37.38982752304287,-1.394137198763815,-0.457741365615658,3.3323561914046853,0.017099603515339235,0.0,0.0,0.0,0.0,0.0,0.0,0.0,0.0,0.0,30628700.0,22364000.0,33513000.0,0.0,0.0,0.0,0.0,0.0,0.0,0.0,0.0,0.0,0.0,-0.3118,0.0,0.0,-0.3118,0.0,0.0,1.0,0.0,0.0,510.0,0.0,0.0,0.0,0.0,138.0677947998047,1.4470987070052335,140.44804164341517,3.2284250043124647,142.56431143624442,3.7955192236668687,0.012311611666465883
2024-03-01,138.57070252225125,138.9577986412296,136.94787939753394,137.05209350585938,28551500,0.0,0.0,137.79451599121094,142.76573028564454,28.47517852285185,-1.6157565484866154,-0.6893444021898495,3.579464819229423,-0.012161879331008096,0.0,0.0,0.0,0.0,0.0,0.0,0.0,0.0,0.0,35485000.0,30628700.0,22364000.0,0.0,0.0,0.0,0.0,0.0,0.0,0.0,0.0,0.0,0.0,0.0,-0.3118,0.0,0.0,-0.3118,0.0,0.0,1.0,0.0,0.0,510.0,0.0,0.0,0.0,137.39948018391928,1.2044302276727927,139.63131277901786,3.2662862206011054,141.70362309047155,3.557800517668234,0.028912100967539933
2024-03-04,135.52355024178948,135.612891766213,131.87095249161578,133.2009735107422,43571500,0.0,0.0,136.89129028320312,142.30220718383788,26.250438481432013,-2.078188613566681,-0.9671132444652158,4.17095021927371,-0.02809968017710396,0.0,0.0,0.0,0.0,0.0,0.0,0.0,0.0,0.0,28551500.0,35485000.0,30628700.0,0.0,0.0,0.0,0.0,0.0,0.0,0.0,0.0,0.0,0.0,0.0,0.0,0.0,0.0,0.0,0.0,0.0,0.0,0.0,0.0,0.0,0.0,0.0,0.0,136.3308308919271,2.8387986664828877,138.0545654296875,3.335032138732738,140.67349352155412,3.792254095884713,0.0031394580114154635
2024-03-05,131.75185210566013,133.02232221931425,130.57070837221644,132.7841033935547,28447600,0.0,0.0,135.63670349121094,141.74885787963868,28.027949768972263,-2.450064473179225,-1.2637034902080178,4.660082692146591,-0.0031296326610846803,0.0,0.0,0.0,0.0,0.0,0.0,0.0,0.0,0.0,43571500.0,28551500.0,35485000.0,0.0,0.0,0.0,0.0,0.0,0.0,0.0,0.0,0.0,0.0,0.0,0.0,0.0,0.0,0.0,0.0,0.0,0.0,0.0,0.0,0.0,0.0,0.0,0.0,134.3457234700521,2.3530351148436734,136.42252240862166,2.51653596259574,139.78090340750558,4.0839334071255715,0.00920352939580149
2024-03-06,133.24066715146623,133.73694494385,130.96770638103862,131.5731658935547,23175200,0.0,0.0,134.66995239257812,141.11113967895508,24.94846537221683,-2.810098243836592,-1.5729824409337325,5.136927768901788,-0.009119596917493533,0.0,0.0,0.0,0.0,0.0,0.0,0.0,0.0,0.0,28447600.0,43571500.0,28551500.0,0.0,0.0,0.0,0.0,0.0,0.0,0.0,0.0,0.0,0.0,0.0,0.0,0.0,0.0,0.0,0.0,0.0,0.0,0.0,0.0,0.0,0.0,0.0,0.0,132.51941426595053,0.8455676556888024,135.54481724330358,3.012348949628729,138.74722726004464,4.206172272467662,-0.019816737521383465
2024-03-07,132.89327441489877,134.8089146810949,131.6724352148529,134.2332305908203,24107300,0.0,0.0,133.76871337890626,140.54339904785155,34.7795870966215,-2.8479531795402693,-1.8279765886550399,5.242482792902723,0.020217380034905252,0.0,0.0,0.0,0.0,0.0,0.0,0.0,0.0,0.0,23175200.0,28447600.0,43571500.0,0.0,0.0,0.0,0.0,0.0,0.0,0.0,0.0,0.0,0.0,0.0,0.0,0.0,0.0,0.0,0.0,0.0,0.0,0.0,0.0,0.0,0.0,0.0,0.0,132.8634999593099,1.3318085107851487,134.85570199148995,2.5982650557117912,138.13042449951172,4.188443798254292,-0.007704100284600557
2024-03-08,134.02975881406402,137.9503506897374,133.79650762531753,135.27540588378906,26495200,0.0,0.0,133.4133758544922,140.0009666442871,40.03644768374073,-2.762019807452589,-2.0147852324145497,5.195708124465347,0.007763914258650306,0.0,0.0,0.0,0.0,0.0,0.0,0.0,0.0,0.0,24107300.0,23175200.0,28447600.0,0.0,0.0,0.0,0.0,0.0,0.0,0.0,0.0,0.0,0.0,0.0,0.0,0.0,0.0,0.0,0.0,0.0,0.0,0.0,0.0,0.0,0.0,0.0,0.0,133.69393412272134,1.909129578289652,134.69405691964286,2.5196842936734667,137.74261910574776,4.183103644068111,-0.019073140463131022
2024-03-11,136.04962624585653,138.9379520173366,136.04962624585653,137.90570068359375,22536400,0.0,0.0,134.3543212890625,139.4411651611328,44.50444221338899,-2.4533929956336067,-2.1025067850583614,4.747359159777217,0.019443998579196986,0.0,0.0,0.0,0.0,0.0,0.0,0.0,0.0,0.0,26495200.0,24107300.0,23175200.0,0.0,0.0,0.0,0.0,0.0,0.0,0.0,0.0,0.0,0.0,0.0,0.0,0.0,0.0,0.0,0.0,0.0,0.0,0.0,0.0,0.0,0.0,0.0,0.0,135.80477905273438,1.8926003565407072,134.57495335170202,2.3073506252532066,137.5114974975586,4.06869522447862,-0.00487017259047795
2024-03-12,137.2208158162895,139.23570253311547,137.18112025498522,138.5806121826172,19019700,0.0,0.0,135.513623046875,138.9890563964844,42.648093104924094,-2.129793373965782,-2.1079641028398455,4.340291779407969,0.004894007250446641,0.0,0.0,0.0,0.0,0.0,0.0,0.0,0.0,0.0,22536400.0,26495200.0,24107300.0,0.0,0.0,0.0,0.0,0.0,0.0,0.0,0.0,0.0,0.0,0.0,0.0,0.0,0.0,0.0,0.0,0.0,0.0,0.0,0.0,0.0,0.0,0.0,0.0,137.25390625,1.7463459443079716,134.7933131626674,2.630542204064062,137.21231297084265,3.7972875823610948,-0.008169642169716607
2024-03-13,139.0173703552495,141.13151916871468,138.96773953355682,139.7220916748047,19637000,0.0,0.0,137.143408203125,138.71114273071288,41.98100376174936,-1.760931564177298,-2.038557595107336,4.086798893114989,0.008236934981087352,0.0,0.0,0.0,0.0,0.0,0.0,0.0,0.0,0.0,19019700.0,22536400.0,26495200.0,0.0,0.0,0.0,0.0,0.0,0.0,0.0,0.0,0.0,0.0,0.0,0.0,0.0,0.0,0.0,0.0,0.0,0.0,0.0,0.0,0.0,0.0,0.0,0.0,138.73613484700522,0.9181282767628896,135.7249014718192,3.0876320035086255,136.88973345075334,3.3158260843445415,-0.024732970740584337
2024-03-14,141.24066564149544,143.65256849230894,140.43173040006897,143.26547241210938,36117900,0.0,0.0,138.94985656738282,138.57218475341796,48.511430448950804,-1.1692068217468545,-1.8646874404352396,3.865585316022139,0.025360203922166535,0.0,0.0,0.0,0.0,0.0,0.0,0.0,0.0,0.0,19637000.0,19019700.0,22536400.0,0.0,0.0,0.0,0.0,0.0,0.0,0.0,0.0,0.0,0.0,0.0,0.0,0.0,0.0,0.0,0.0,0.0,0.0,0.0,0.0,0.0,0.0,0.0,0.0,140.5227254231771,2.4428957492581964,137.2222399030413,3.8669235933245414,136.82238115583147,3.1617269649808315,0.015263370290224065
2024-03-15,142.3424077447282,143.26547721879055,140.07938210068167,141.11163330078125,41039500,0.0,0.0,140.11710205078126,138.48434295654297,56.20913865170948,-0.8640967467093503,-1.664569301690062,3.781872703734141,-0.015033902272925226,0.0,0.0,0.0,0.0,0.0,0.0,0.0,0.0,0.0,36117900.0,19637000.0,19019700.0,0.0,0.0,0.0,0.0,0.0,0.0,0.0,0.0,0.0,0.0,0.0,0.0,0.0,0.0,0.0,0.0,0.0,0.0,0.0,0.0,0.0,0.0,0.0,0.0,141.36639912923178,1.7853755859439686,138.58487810407365,3.160602585715565,137.0648476736886,3.3595881675870776,-0.04249733857122118
2024-03-18,148.2580382631111,151.79153408899293,147.03719900758404,147.37466430664062,47676700,0.0,0.0,142.01089477539062,138.81784210205078,62.89232492488401,-0.11558812623582071,-1.3547730665992137,4.252752292195874,0.04438352004975843,0.0,0.0,0.0,0.0,0.0,1.0,2.0,0.0,0.0,41039500.0,36117900.0,19637000.0,0.0,0.0,0.0,0.0,0.0,0.0,0.0,0.0,0.0,0.0,0.0,0.0,0.0,0.0,0.0,0.0,0.0,0.0,0.0,0.0,0.0,0.0,0.0,0.0,143.9172566731771,3.181981519009869,140.46222577776228,3.9494497005044495,137.6589638846261,4.333329567262014,0.0037858352372328596
2024-03-19,147.8709389809071,148.5061740017726,145.91560310593732,146.81883239746094,17748400,0.0,0.0,143.65853881835938,139.10171356201172,67.2589668319664,0.4278276278329258,-0.998252927712786,4.591968896262898,-0.0037715567448091125,0.0,0.0,0.0,0.0,0.0,0.0,0.0,0.0,0.0,47676700.0,41039500.0,36117900.0,0.0,0.0,0.0,0.0,0.0,0.0,0.0,0.0,0.0,0.0,0.0,0.0,0.0,0.0,0.0,1.0,0.0,0.0,2.0,0.0,0.0,0.0,0.0,0.0,145.1017100016276,3.4666657376783507,142.11128670828683,3.8309365925728955,138.40267181396484,4.951323418877331,-0.01175844798551906
2024-03-20,147.6823608666149,148.64514113935445,146.56573566685813,148.56573486328125,17730000,0.0,0.0,145.4272674560547,139.39154052734375,66.61074526615543,0.9880592258401748,-0.6009904970021939,5.000392985366539,0.011898354164070701,0.0,0.0,0.0,0.0,0.0,0.0,0.0,0.0,0.0,17748400.0,47676700.0,41039500.0,0.0,0.0,0.0,0.0,0.0,0.0,0.0,0.0,0.0,0.0,0.0,0.0,0.0,0.0,0.0,0.0,1.0,0.0,0.0,2.0,0.0,0.0,0.0,0.0,147.58641052246094,0.8924933619964187,143.63414873395647,3.9957401689738727,139.10455104282923,5.649917711065588,0.006319727461559399
2024-03-21,149.20097598630602,150.17862878450183,146.90815966045912,147.6327362060547,19843900,0.0,0.0,146.30072021484375,139.56126708984374,68.35398007092645,1.3412999385076603,-0.21253240990022304,5.226076711845907,-0.006280039324580211,0.0,0.0,0.0,0.0,0.0,0.0,0.0,0.0,0.0,17730000.0,17748400.0,47676700.0,0.0,0.0,0.0,0.0,0.0,0.0,0.0,0.0,0.0,0.0,0.0,0.0,0.0,0.0,0.0,0.0,0.0,1.0,0.0,0.0,2.0,0.0,0.0,0.0,147.67243448893228,0.8741275773704753,144.92730930873327,3.5246810063442156,139.86031123570032,6.04789437937489,-0.019964336773174884
2024-03-22,149.12155838414085,151.4242794942746,148.97266595743443,150.64016723632812,19252900,0.0,0.0,148.20642700195313,139.8828552246094,81.16351194601972,1.8426790412916603,0.19850988033815364,5.703200586010358,0.02037103089436676,0.0,0.0,0.0,0.0,0.0,0.0,0.0,0.0,0.0,19843900.0,17730000.0,17748400.0,0.0,0.0,0.0,0.0,0.0,0.0,0.0,0.0,0.0,0.0,0.0,0.0,0.0,0.0,0.0,0.0,0.0,0.0,0.0,0.0,0.0,0.0,0.0,0.0,148.9462127685547,1.539393688360314,146.4870343889509,3.2417463396087123,141.10596793038505,6.358740874140355,0.004102004236564483
2024-03-25,149.82625693409747,150.32848676999816,147.69226856408207,150.02476501464844,15114700,0.0,0.0,148.7364471435547,140.49823837280275,80.59167669346375,2.165406320190243,0.5918891683085716,6.106930319247924,-0.004085246537958387,0.0,0.0,0.0,0.0,0.0,0.0,0.0,0.0,0.0,19252900.0,19843900.0,17730000.0,0.0,0.0,0.0,0.0,0.0,0.0,0.0,0.0,0.0,0.0,0.0,0.0,0.0,0.0,0.0,0.0,0.0,0.0,0.0,0.0,0.0,0.0,0.0,0.0,149.43255615234375,1.588771177012846,147.45264761788505,3.126865577441035,142.33744376046317,6.29222148332621,-0.0036256308397007997
2024-03-26,150.11411162467726,152.0595120834488,149.90566828863933,150.5706787109375,19312700,0.0,0.0,149.48681640625,141.07392044067382,84.52378773635917,2.437127003701505,0.9609367353871584,6.494313940836657,0.0036388238717504073,0.0,0.0,0.0,0.0,0.0,0.0,0.0,0.0,0.0,15114700.0,19252900.0,19843900.0,0.0,0.0,0.0,0.0,0.0,0.0,0.0,0.0,0.0,0.0,0.0,0.0,0.0,0.0,0.0,0.0,0.0,0.0,0.0,0.0,0.0,0.0,0.0,0.0,150.41187032063803,0.33703865094962626,148.80393981933594,1.601845345631149,143.6944089617048,5.823256962641572,-0.001579616432058062
2024-03-27,151.01237463936792,151.55331561906092,149.01237572923108,150.80889892578125,16622000,0.0,0.0,149.93544921875,141.79401931762695,83.03003435260034,2.6412433739761525,1.2969980631049571,6.7432782741305495,0.001582115567806408,0.0,0.0,0.0,0.0,0.0,0.0,0.0,0.0,0.0,19312700.0,15114700.0,19252900.0,0.0,0.0,0.0,0.0,0.0,0.0,0.0,0.0,0.0,0.0,0.0,0.0,0.0,0.0,0.0,0.0,0.0,0.0,0.0,0.0,0.0,0.0,0.0,0.0,150.4681142171224,0.4020026171438532,149.29454476492745,1.616974082804804,144.87838527134485,5.422964376304058,-0.002101728675874548
2024-03-28,150.86846684841055,151.53347735196334,150.20345634485778,151.12652587890625,21105600,0.0,0.0,150.63420715332032,142.4133743286133,82.5254409546299,2.7964017301503077,1.5968787965140274,7.011484411758342,0.0021061552427441566,0.0,0.0,0.0,0.0,0.0,0.0,0.0,0.0,0.0,16622000.0,19312700.0,15114700.0,0.0,0.0,0.0,0.0,0.0,0.0,0.0,0.0,0.0,0.0,0.0,0.0,0.0,0.0,0.0,0.0,0.0,0.0,0.0,0.0,0.0,0.0,0.0,0.0,150.83536783854166,0.2788673000577397,149.90992954799108,1.3079083278105228,146.01060812813895,4.892585455536134,-0.027092550111094904
2024-04-01,150.69971301485919,155.83122346043206,150.52104513793768,155.33494567871094,24469800,0.0,0.0,151.5731628417969,143.32751693725587,83.58832880389235,3.221811118816504,1.9218652609745228,7.453603506417789,0.027846996252509637,0.0,0.0,0.0,0.0,0.0,0.0,0.0,0.0,0.0,21105600.0,16622000.0,19312700.0,0.0,0.0,0.0,0.0,0.0,0.0,0.0,0.0,0.0,0.0,0.0,0.0,0.0,0.0,0.0,0.0,0.0,0.0,0.0,0.0,0.0,0.0,0.0,0.0,152.42345682779947,2.526419841806567,150.87695966448103,2.2855216439036137,147.25555419921875,4.889088146146133,0.004041798389218032
2024-04-02,153.59798304881323,154.82875747672568,152.3175929557825,154.7096405029297,17598100,0.0,0.0,152.51013793945313,144.40295028686523,81.14219147183499,3.468511382309515,2.2311944852415215,7.467271102664018,-0.004025528016564972,0.0,0.0,0.0,0.0,0.0,0.0,0.0,0.0,0.0,24469800.0,21105600.0,16622000.0,0.0,0.0,0.0,0.0,0.0,0.0,0.0,0.0,0.0,0.0,0.0,0.0,0.0,0.0,0.0,0.0,0.0,0.0,0.0,0.0,0.0,0.0,0.0,0.0,153.72370402018228,2.270848379759432,151.88794599260603,2.173762413425365,148.40762765066964,4.578111266723255,-0.003197636236508483
2024-04-03,153.7667298566109,155.38460052174645,152.98460152506624,155.2059326171875,17266200,0.0,0.0,153.43718872070312,145.52404174804687,80.66034856900103,3.6618581234222347,2.5173272128776643,7.312615341439643,0.0032078939143318497,0.0,0.0,0.0,0.0,0.0,0.0,0.0,0.0,0.0,17598100.0,24469800.0,21105600.0,0.0,0.0,0.0,0.0,0.0,0.0,0.0,0.0,0.0,0.0,0.0,0.0,0.0,0.0,0.0,0.0,0.0,0.0,0.0,0.0,0.0,0.0,0.0,0.0,155.08350626627603,0.330140575001955,152.54019818987166,2.4092014961580395,149.51361628941126,4.17060961306683,0.0291563277944904
2024-04-04,153.9255228758376,155.01732493886325,150.7493480135503,150.80889892578125,24184800,0.0,0.0,153.43718872070312,146.4858283996582,64.44865697745107,3.420849513601553,2.698031673022442,6.612645885456884,-0.028330319706602047,0.0,0.0,0.0,0.0,0.0,0.0,0.0,0.0,0.0,17266200.0,17598100.0,24469800.0,0.0,0.0,0.0,0.0,0.0,0.0,0.0,0.0,0.0,0.0,0.0,0.0,0.0,0.0,0.0,0.0,0.0,0.0,0.0,0.0,0.0,0.0,0.0,0.0,153.57482401529947,2.408180364152198,152.6522173200335,2.2879272343728974,150.05243246895927,3.7692657316133937,-0.012992247473663121
2024-04-05,150.5508511437314,153.68733099552557,149.95631120987514,152.79403686523438,16297300,0.0,0.0,153.77069091796875,147.41386871337892,72.52199196099104,3.351399646221438,2.8287052676622415,6.08387338108645,0.013163267907884357,0.0,0.0,0.0,0.0,0.0,0.0,0.0,0.0,0.0,24184800.0,17266200.0,17598100.0,0.0,0.0,0.0,0.0,0.0,0.0,0.0,0.0,0.0,0.0,0.0,0.0,0.0,0.0,0.0,0.0,0.0,0.0,0.0,0.0,0.0,0.0,0.0,0.0,152.93628946940103,2.2019657520916014,152.96983991350447,2.097172191220483,150.8868898664202,2.8083087005308616,-0.014089735023896766
2024-04-08,152.86844996745216,155.48879614288904,152.84364213555688,154.97763061523438,16641500,0.0,0.0,153.69922790527343,148.39897994995118,67.39322880668433,3.4329845832174044,2.949561130773274,5.5900104618062105,0.01429109273371676,0.0,0.0,0.0,0.0,0.0,0.0,0.0,0.0,0.0,16297300.0,24184800.0,17266200.0,0.0,0.0,0.0,0.0,0.0,0.0,0.0,0.0,0.0,0.0,0.0,0.0,0.0,0.0,0.0,0.0,0.0,0.0,0.0,0.0,0.0,0.0,0.0,0.0,152.86018880208334,2.0851530000755485,153.56537301199776,1.9692522712733895,151.4299588884626,2.811997194174957,-0.012647189889247401
2024-04-09,156.17865616181027,158.69974114878684,155.47393490260237,156.9627685546875,21521500,0.0,0.0,154.149853515625,149.35183334350586,71.7817373543036,3.616140656282141,3.0828770358750477,5.3251493480989796,0.0128091901493943,0.0,0.0,0.0,0.0,0.0,1.0,1.0,0.0,0.0,16641500.0,16297300.0,24184800.0,0.0,0.0,0.0,0.0,0.0,0.0,0.0,0.0,0.0,0.0,0.0,0.0,0.0,0.0,0.0,0.0,0.0,0.0,0.0,0.0,0.0,0.0,0.0,0.0,154.9114786783854,2.0851530000755485,154.3991219656808,1.999836949937647,152.15452575683594,2.8392144375738795,0.0030446137716704236
2024-04-10,156.70469158060814,156.98260595225534,155.03719020552757,156.486328125,16339200,0.0,0.0,154.4059326171875,150.247119140625,67.98912094218629,3.680422780032586,3.2023861847065556,4.907771352562028,-0.00303537223555983,0.0,0.0,0.0,0.0,0.0,0.0,0.0,0.0,0.0,21521500.0,16641500.0,16297300.0,0.0,0.0,0.0,0.0,0.0,0.0,0.0,0.0,0.0,0.0,0.0,0.0,0.0,0.0,0.0,1.0,0.0,0.0,1.0,0.0,0.0,0.0,0.0,0.0,156.14224243164062,1.0363345902481251,154.56360517229353,2.1325793229030574,152.72028241838728,2.858170008546144,-0.019466324406104962
2024-04-11,157.16125924518346,159.92056276267266,156.754307790576,159.593017578125,17841700,0.0,0.0,156.16275634765626,151.24066543579102,74.72292611720593,3.9366712062398506,3.349243189013215,4.670540952364518,0.01985278516244171,0.0,0.0,0.0,0.0,0.0,0.0,0.0,0.0,0.0,16339200.0,21521500.0,16641500.0,0.0,0.0,0.0,0.0,0.0,0.0,0.0,0.0,0.0,0.0,0.0,0.0,0.0,0.0,0.0,0.0,1.0,0.0,0.0,1.0,0.0,0.0,0.0,0.0,157.68070475260416,1.67315693458461,155.26123046875,2.862232894704893,153.57458823067802,3.0042583827124933,0.010050785069104728
2024-04-12,158.2183396876894,160.49625319515445,157.4193396212034,158.00494384765625,16989800,0.0,0.0,157.20493774414064,151.97763900756837,66.17261132496273,3.9658893484874795,3.472572420908068,4.505869042440464,-0.009950771998476382,0.0,0.0,0.0,0.0,0.0,0.0,0.0,0.0,0.0,17841700.0,16339200.0,21521500.0,0.0,0.0,0.0,0.0,0.0,0.0,0.0,0.0,0.0,0.0,0.0,0.0,0.0,0.0,0.0,0.0,0.0,1.0,0.0,0.0,1.0,0.0,0.0,0.0,158.0280965169271,1.5534741304927058,155.66108921595983,3.0430236878895904,154.10064370291573,3.0943538268407957,0.018294767819719837
2024-04-15,159.0868054595389,159.63271405177463,154.98754611125517,155.1662139892578,21140900,0.0,0.0,157.2426544189453,152.68036804199218,60.2859365193331,3.7171343504503795,3.5214848068165305,3.7555196514934828,-0.017966082511541304,0.0,0.0,0.0,0.0,0.0,0.0,0.0,0.0,0.0,16989800.0,17841700.0,16339200.0,0.0,0.0,0.0,0.0,0.0,0.0,0.0,0.0,0.0,0.0,0.0,0.0,0.0,0.0,0.0,0.0,0.0,0.0,0.0,0.0,0.0,0.0,0.0,0.0,157.5880584716797,2.2426530195571823,156.28356279645647,2.219188904356952,154.467890058245,2.870403448331678,0.002115297667171001
2024-04-16,154.48136343603403,156.05952331202272,153.89575922723787,154.83868408203125,15413200,0.0,0.0,156.81783752441407,153.0535690307617,58.61379991672847,3.4537525861644838,3.5079383626861214,3.56663548993574,-0.002110832627837622,0.0,0.0,0.0,0.0,0.0,0.0,0.0,0.0,0.0,21140900.0,16989800.0,17841700.0,0.0,0.0,0.0,0.0,0.0,0.0,0.0,0.0,0.0,0.0,0.0,0.0,0.0,0.0,0.0,0.0,0.0,0.0,0.0,0.0,0.0,0.0,0.0,0.0,156.00328063964844,1.741209539013272,156.5756552559989,1.7730601418452463,154.77274758475167,2.6422296207279086,-0.005609348587667484
2024-04-17,156.01981749893014,157.49971523593211,154.97266346333592,155.71212768554688,16237800,0.0,0.0,156.66299743652343,153.49823379516602,59.64843379368905,3.277716761022532,3.4618940423534035,3.292242427471033,0.005640990871847551,0.0,0.0,0.0,0.0,0.0,0.0,0.0,0.0,0.0,15413200.0,21140900.0,16989800.0,0.0,0.0,0.0,0.0,0.0,0.0,0.0,0.0,0.0,0.0,0.0,0.0,0.0,0.0,0.0,0.0,0.0,0.0,0.0,0.0,0.0,0.0,0.0,0.0,155.23900858561197,0.44124848110120873,156.68058340890067,1.6821306573877177,155.12297821044922,2.389254529676843,-0.0036834836257397807
2024-04-18,155.75679039899535,157.3051747101729,155.04711678057174,156.28781127929688,14016100,0.0,0.0,156.0019561767578,153.88433761596679,60.054121342618295,3.1483675350022224,3.399188740883168,3.1322517328571906,0.0036971018398295197,0.0,0.0,0.0,0.0,0.0,0.0,0.0,0.0,0.0,16237800.0,15413200.0,21140900.0,0.0,0.0,0.0,0.0,0.0,0.0,0.0,0.0,0.0,0.0,0.0,0.0,0.0,0.0,0.0,0.0,0.0,0.0,0.0,0.0,0.0,0.0,0.0,0.0,155.61287434895834,0.7296443154588782,156.58416094098772,1.6826042183771763,155.49164145333427,2.10664538882564,0.011173927817674123
2024-04-19,156.57564717078418,156.81386596898835,152.76423727069755,154.56076049804688,21479900,0.0,0.0,155.31311950683593,154.2307388305664,48.3305002148695,2.8733762838039354,3.294026249467321,2.7661884201456823,-0.011050450877219342,0.0,0.0,0.0,-0.1366,-0.1366,2.0,2.0,0.0,0.0,14016100.0,16237800.0,15413200.0,0.0,0.0,0.0,0.0,0.0,0.0,0.0,0.0,0.0,0.0,0.0,0.0,0.0,0.0,0.0,0.0,0.0,0.0,0.0,0.0,0.0,0.0,0.0,0.0,155.52023315429688,0.8793712149010514,156.30907985142298,1.8503077485453368,155.43634251185827,2.1211859254004124,-0.014118553255859534
2024-04-22,154.8486245103487,157.99999219634216,154.50123906835546,156.77418518066406,17243900,0.0,0.0,155.63471374511718,154.5374397277832,54.16671286013971,2.8017517592983268,3.1955713514335224,2.6860240161819076,0.01432074140606443,0.0,0.0,0.0,0.0,0.0,0.0,0.0,0.0,0.0,21479900.0,14016100.0,16237800.0,0.0,0.0,0.0,0.0,0.0,0.0,0.0,0.0,0.0,-0.1366,0.0,0.0,-0.1366,0.0,0.0,2.0,0.0,0.0,2.0,0.0,0.0,0.0,0.0,0.0,155.87425231933594,1.1632220194044978,155.90638950892858,1.2137264914871972,155.58380998883928,2.138472864407193,-0.012318485871083196
2024-04-23,157.40939140167626,159.28532090885804,156.78904414208975,158.7294921875,16115400,0.0,0.0,156.41287536621093,154.9726760864258,56.71582062604989,2.8696857903956925,3.1303942392259567,2.6207695966459665,0.012472123548801672,0.0,0.0,0.0,0.0,0.0,0.0,0.0,0.0,0.0,17243900.0,21479900.0,14016100.0,0.0,0.0,0.0,0.0,0.0,0.0,0.0,0.0,0.0,0.0,-0.1366,0.0,0.0,-0.1366,0.0,0.0,2.0,0.0,0.0,2.0,0.0,0.0,0.0,0.0,156.68814595540366,2.0856972541274947,156.00989641462053,1.4335140181450037,155.83549281529017,2.2923881777714152,-0.007324852768636703
2024-04-24,157.9056947743927,160.1885760883106,157.63771561940698,159.90074157714844,19485700,0.0,0.0,157.25059814453124,155.43917922973634,69.75843917605495,2.9836404864080635,3.1010434886623783,2.626344039154483,0.007378902140409371,0.0,0.0,0.0,0.7217,0.7217,1.0,3219.0,1.0,0.0,16115400.0,17243900.0,21479900.0,0.0,0.0,0.0,0.0,0.0,0.0,0.0,0.0,0.0,0.0,0.0,-0.1366,0.0,0.0,-0.1366,0.0,0.0,2.0,0.0,0.0,2.0,0.0,0.0,0.0,158.4681396484375,1.5795782941515977,156.6862574986049,1.981346363532794,156.48491014753068,2.0318761208182425,0.01994305626836068
2024-04-25,152.21835770514448,157.10173041125168,151.63076939834707,156.77418518066406,36197800,0.0,0.0,157.34787292480468,155.73744354248046,58.24084447148816,2.789507723890182,3.038736335707939,2.4019672903983116,-0.019553107544381776,0.0,0.0,0.0,0.0,0.0,0.0,0.0,0.0,0.0,19485700.0,16115400.0,17243900.0,0.0,0.0,0.0,0.0,0.0,0.0,0.0,0.0,0.0,0.7217,0.0,0.0,0.7217,0.0,0.0,1.0,0.0,0.0,3219.0,0.0,0.0,1.0,0.0,0.0,158.4681396484375,1.5795782941515977,156.96275765555245,1.8080117009118564,156.76920645577567,1.7320588105367323,-0.09062124968280372
2024-04-26,174.6798997898371,175.1066915119315,170.12405718107405,172.3970184326172,56500800,0.0,0.0,160.91512451171874,156.80096817016602,73.1713822123045,3.851886044308145,3.2013662774279803,4.250564492323695,0.09965182235806003,0.0,0.0,0.0,0.0,0.0,1.0,1.0,0.0,0.0,36197800.0,19485700.0,16115400.0,0.0,0.0,0.0,0.0,0.0,0.0,0.0,0.0,0.0,0.0,0.7217,0.0,0.0,0.7217,0.0,0.0,1.0,0.0,0.0,3219.0,0.0,0.0,1.0,0.0,163.02398173014322,8.266450356382844,159.3463134765625,6.006890485285241,158.01344844273157,4.457881437864267,0.03448502872295034
2024-04-29,169.49873042708288,170.1041899716606,165.8163423487109,166.65008544921875,35914600,0.0,0.0,162.8903045654297,157.3667251586914,61.71382075419479,4.1818927975917575,3.397471581460736,4.76684239189639,-0.03333545461312415,0.0,0.0,0.0,0.0,0.0,0.0,0.0,0.0,0.0,56500800.0,36197800.0,19485700.0,0.0,0.0,0.0,0.0,0.0,0.0,0.0,0.0,0.0,0.0,0.0,0.7217,0.0,0.0,0.7217,1.0,0.0,1.0,1.0,0.0,3219.0,0.0,0.0,1.0,165.27376302083334,7.901830628072232,160.8266383579799,6.392019984185125,158.7053996494838,5.0009968992502785,0.01980078851317657
2024-04-30,166.13396019726625,168.60541393380345,163.27539523961738,163.4143524169922,29420800,0.0,0.0,163.82727661132813,157.80196075439454,57.853257795660156,4.13466704562677,3.5449106742939427,4.906805357473828,-0.01941632987168518,0.0,0.0,0.0,0.0,0.0,0.0,0.0,0.0,0.0,35914600.0,56500800.0,36197800.0,0.0,0.0,0.0,0.0,0.0,0.0,0.0,0.0,0.0,0.0,0.0,0.0,0.0,0.0,0.0,0.0,1.0,0.0,0.0,1.0,0.0,0.0,0.0,0.0,167.48715209960938,4.549459596475492,162.09143720354353,5.79345237785387,159.20025852748327,5.106189104561168,-0.005616982255739922
2024-05-01,164.94287721914893,167.55330321259478,163.67240730219487,164.33743286132812,25223200,0.0,0.0,164.71461486816406,158.25853576660157,55.65813254875643,4.124184146676669,3.660765368770488,5.074507267977845,0.005648710964998083,0.0,0.0,0.0,0.0,0.0,0.0,0.0,0.0,0.0,29420800.0,35914600.0,56500800.0,0.0,0.0,0.0,0.0,0.0,0.0,0.0,0.0,0.0,0.0,0.0,0.0,0.0,0.0,0.0,0.0,0.0,1.0,0.0,0.0,1.0,0.0,0.0,0.0,164.80062357584634,1.6668537105793608,163.1719011579241,5.322656818571602,159.53914533342635,5.288446434322472,-0.01715549030444219
2024-05-02,165.42924951011173,167.27540363766448,164.45654920705198,167.2059326171875,17041100,0.0,0.0,166.80096435546875,159.07838745117186,60.64780021698348,4.297797991024453,3.788171893221281,5.131828143994291,0.017454938329722447,0.0,0.0,0.0,0.0,0.0,0.0,0.0,0.0,0.0,25223200.0,29420800.0,35914600.0,0.0,0.0,0.0,0.0,0.0,0.0,0.0,0.0,0.0,0.0,0.0,0.0,0.0,0.0,0.0,0.0,0.0,0.0,0.0,0.0,0.0,0.0,0.0,0.0,164.98590596516928,1.9772223265055466,164.38282121930803,5.103237113801773,160.19635881696428,5.642956761290804,-0.0031362340974282477
2024-05-03,168.277872843964,168.58557780756806,163.75182164825128,167.7319793701172,22767100,0.0,0.0,165.86795654296876,159.825284576416,65.3640613316179,4.4268063224022,3.915898779057465,5.254632173961738,0.003146101006679336,0.0,0.0,0.0,0.0,0.0,0.0,0.0,0.0,0.0,17041100.0,25223200.0,29420800.0,0.0,0.0,0.0,0.0,0.0,0.0,0.0,0.0,0.0,0.0,0.0,0.0,0.0,0.0,0.0,0.0,0.0,0.0,0.0,0.0,0.0,0.0,0.0,0.0,166.42511494954428,1.8270176990550857,165.50156947544642,4.806676138703325,161.09391348702567,5.7790287436577525,-0.004946174225979538
2024-05-06,167.9602752858077,168.63520588616618,166.64017439901465,168.56573486328125,15147900,0.0,0.0,166.25108642578124,160.50468978881835,66.5787250604829,4.543943700316333,4.041507763309239,5.468935814051325,0.004970760473316238,0.0,0.0,0.0,0.0,0.0,0.0,0.0,0.0,0.0,22767100.0,17041100.0,25223200.0,0.0,0.0,0.0,0.0,0.0,0.0,0.0,0.0,0.0,0.0,0.0,0.0,0.0,0.0,0.0,0.0,0.0,0.0,0.0,0.0,0.0,0.0,0.0,0.0,167.8345489501953,0.6856791714702413,167.18607657296317,2.9434598909665617,162.0744171142578,5.800557324334991,-0.01821023165072677
2024-05-07,168.85358117811535,172.17864903482143,168.73447933328495,171.69229125976562,21102400,0.0,0.0,167.90667419433595,161.24116592407228,68.30374745178312,4.8333470713325255,4.199875624913897,5.938479330931132,0.018547994935152357,0.0,0.0,0.0,0.0,0.0,0.0,0.0,0.0,0.0,15147900.0,22767100.0,17041100.0,0.0,0.0,0.0,0.0,0.0,0.0,0.0,0.0,0.0,0.0,0.0,0.0,0.0,0.0,0.0,0.0,0.0,0.0,0.0,0.0,0.0,0.0,0.0,0.0,169.3300018310547,2.0878447174884824,167.0854012625558,2.7405852139751103,163.21585736955916,6.020403914777539,0.010633361709802225
2024-05-08,169.47888227678672,170.6292509168176,169.25258273205898,169.88583374023438,14569900,0.0,0.0,169.0163543701172,161.911141204834,65.14813611088825,4.860901852521266,4.332080870435371,6.126687351397427,-0.010521482975599183,0.0,0.0,0.0,0.0,0.0,0.0,0.0,0.0,0.0,21102400.0,15147900.0,22767100.0,0.0,0.0,0.0,0.0,0.0,0.0,0.0,0.0,0.0,0.0,0.0,0.0,0.0,0.0,0.0,0.0,0.0,0.0,0.0,0.0,0.0,0.0,0.0,0.0,170.0479532877604,1.569570255154747,167.54765101841517,2.9218157093807027,164.18714468819755,5.912643546760322,-0.0024479079261916503
2024-05-09,169.8759122639125,171.1563176756088,168.6649930251109,170.30271911621094,11937700,0.0,0.0,169.63571166992188,162.44662628173828,68.06375916131728,4.860351276863611,4.437734951721019,6.376352931673428,0.0024539148838860214,0.0,0.0,0.0,0.0,0.0,0.0,0.0,0.0,0.0,14569900.0,21102400.0,15147900.0,0.0,0.0,0.0,0.0,0.0,0.0,0.0,0.0,0.0,0.0,0.0,0.0,0.0,0.0,0.0,0.0,0.0,0.0,0.0,0.0,0.0,0.0,0.0,0.0,170.62694803873697,0.9458675848760317,168.53170340401786,2.4134957858257846,165.31157030378068,5.417236839954577,0.007575577022173041
2024-05-10,168.42675358954892,170.06446418787007,166.66000592335183,169.02227783203125,18740500,0.0,0.0,169.89377136230468,162.99749298095702,64.3620970936601,4.702387831364064,4.490665527649629,6.447934085856352,-0.007518619143749183,0.0,0.0,0.0,0.0,0.0,0.0,0.0,0.0,0.0,11937700.0,14569900.0,21102400.0,0.0,0.0,0.0,0.0,0.0,0.0,0.0,0.0,0.0,0.0,0.0,0.0,0.0,0.0,0.0,0.0,0.0,0.0,0.0,0.0,0.0,0.0,0.0,0.0,169.73694356282553,0.6530763234524958,169.20096697126115,1.552585653904528,166.18643406459265,4.896395125789829,-0.003569396883470355
2024-05-13,164.612369296728,169.67737739124613,164.52601138579016,169.62774658203125,19648600,0.0,0.0,170.10617370605468,163.7205696105957,63.1970492392131,4.573338333250575,4.507200088769818,6.3333526560729725,0.003582183116723092,0.0,0.0,0.0,0.0,0.0,0.0,0.0,0.0,0.0,18740500.0,11937700.0,14569900.0,0.0,0.0,0.0,0.0,0.0,0.0,0.0,0.0,0.0,0.0,0.0,0.0,0.0,0.0,0.0,0.0,0.0,0.0,0.0,0.0,0.0,0.0,0.0,0.0,169.65091451009116,0.6405349601899505,169.54694039481026,1.279793523052195,166.96488080705916,4.467178140569081,-0.005990937724237644
2024-05-14,170.31263539204747,171.49377914310725,169.15134699639674,170.6501007080078,18729500,0.0,0.0,169.89773559570312,164.51114044189453,63.06385595433075,4.501668675738131,4.506093806163481,6.150508012218887,0.00602704537775689,0.0,0.0,0.0,0.0,0.0,0.0,0.0,0.0,0.0,19648600.0,18740500.0,11937700.0,0.0,0.0,0.0,0.0,0.0,0.0,0.0,0.0,0.0,0.0,0.0,0.0,0.0,0.0,0.0,0.0,0.0,0.0,0.0,0.0,0.0,0.0,0.0,0.0,169.76670837402344,0.822760362203409,169.96381487165178,1.04352109220353,167.7326921735491,4.065323807239008,-0.011214730999410283
2024-05-15,171.01736187559194,172.75036642763283,170.7493675775446,172.58560180664062,20958200,0.0,0.0,170.43768920898438,165.3548141479492,69.78873645586145,4.548615115176432,4.514598067966071,6.036227567811072,0.01134192766721287,0.0,0.0,0.0,0.0,0.0,0.0,0.0,0.0,0.0,18729500.0,19648600.0,18740500.0,0.0,0.0,0.0,0.0,0.0,0.0,0.0,0.0,0.0,0.0,0.0,0.0,0.0,0.0,0.0,0.0,0.0,0.0,0.0,0.0,0.0,0.0,0.0,0.0,170.95448303222656,1.5022361105730095,170.538081577846,1.2345229100756427,168.86207907540458,2.7797869191562015,-0.008835379796719
2024-05-16,173.30024598195538,175.02728335356127,172.75433727159748,174.12405395507812,17247300,0.0,0.0,171.20195617675782,166.2466262817383,53.33840658578958,4.656285971418839,4.542935648656625,5.943006814262113,0.008914139605696203,0.0,0.0,0.0,0.0,0.0,0.0,0.0,0.0,0.0,20958200.0,18729500.0,19648600.0,0.0,0.0,0.0,0.0,0.0,0.0,0.0,0.0,0.0,0.0,0.0,0.0,0.0,0.0,0.0,0.0,0.0,0.0,0.0,0.0,0.0,0.0,0.0,0.0,172.45325215657553,1.7407541794037205,170.8854762486049,1.8178053339370928,168.98543875558036,2.9798468718052566,-0.01049115438597159
2024-05-17,174.24314719004573,176.17366005161608,173.67738320048903,175.97018432617188,16546400,0.0,0.0,172.59153747558594,167.31709747314454,71.21544512692407,4.834850051110038,4.601318529147308,5.648181917029613,0.010602385650692714,0.0,0.0,0.0,0.0,0.0,0.0,0.0,0.0,0.0,17247300.0,20958200.0,18729500.0,0.0,0.0,0.0,0.0,0.0,0.0,0.0,0.0,0.0,0.0,0.0,0.0,0.0,0.0,0.0,0.0,0.0,0.0,0.0,0.0,0.0,0.0,0.0,0.0,174.22661336263022,1.6946204684048987,171.75466918945312,2.5623229663441096,169.65116010393416,3.4257120850047142,-0.006556235996240667
2024-05-20,175.99005208038096,178.61039857225245,175.90569332559252,177.13150024414062,17495100,0.0,0.0,174.0922882080078,168.33496322631837,84.48088446139955,5.012293263115055,4.683513475940858,5.48003893908588,0.006599503901275616,0.0,0.0,0.0,0.0,0.0,1.0,0.0,0.0,0.0,16546400.0,17247300.0,20958200.0,0.0,0.0,0.0,0.0,0.0,0.0,0.0,0.0,0.0,0.0,0.0,0.0,0.0,0.0,0.0,0.0,0.0,0.0,0.0,0.0,0.0,0.0,0.0,0.0,175.74191284179688,1.5166621899199073,172.73020935058594,3.1499575879870734,170.63095637730189,3.4660912470626983,-0.006015118584292378
2024-05-21,177.07190220764906,178.48134440166186,175.99002030432536,178.2034149169922,14706000,0.0,0.0,175.6029510498047,169.30865936279298,84.59614399155731,5.179704434308093,4.782751667614305,5.413167621515804,0.006051519189834265,0.0,0.0,0.0,0.7409,0.7409,1.0,261.0,1.0,0.0,17495100.0,16546400.0,17247300.0,0.0,0.0,0.0,0.0,0.0,0.0,0.0,0.0,0.0,0.0,0.0,0.0,0.0,0.0,0.0,1.0,0.0,0.0,0.0,0.0,0.0,0.0,0.0,0.0,177.10169982910156,1.116913500006115,174.04180036272322,3.25829001626904,171.6213836669922,3.510201550113853,0.008651502383671517
2024-05-22,177.07192771397584,177.52057390820545,175.46399235466149,176.67491149902344,16189400,0.0,0.0,176.42081298828126,170.14736785888672,75.31841871418325,5.129907165469746,4.852182767185393,5.17295296365005,-0.008577295887852276,0.0,0.0,0.0,0.0,0.0,0.0,0.0,0.0,0.0,14706000.0,17495100.0,16546400.0,0.0,0.0,0.0,0.0,0.0,0.0,0.0,0.0,0.0,0.7409,0.0,0.0,0.7409,0.0,0.0,1.0,1.0,0.0,261.0,0.0,0.0,1.0,0.0,0.0,177.33660888671875,0.7846227380915894,175.0485382080078,2.709657999147831,172.29773930140905,3.5062277817585388,0.01679428663009097
2024-05-23,177.44909840127502,178.5706911354357,173.24065698100614,173.7567901611328,14928400,0.0,0.0,176.34736022949218,170.99649810791016,64.28231409646119,4.799647122582655,4.841675638264846,4.156129751617203,-0.016516897125525065,0.0,0.0,0.0,0.0,0.0,0.0,0.0,0.0,0.0,16189400.0,14706000.0,17495100.0,0.0,0.0,0.0,0.0,0.0,0.0,0.0,0.0,0.0,0.0,0.7409,0.0,0.0,0.7409,0.0,0.0,1.0,1.0,0.0,261.0,0.0,0.0,1.0,0.0,176.21170552571616,2.259211756373375,175.49235098702567,2.0411210534709805,172.72808292933874,3.2641073591431358,-0.007202567267582394
2024-05-24,175.205952525537,175.98411287341196,173.89577161129083,175.01736450195312,11403600,0.0,0.0,176.15679626464845,171.12751541137695,64.99076758130485,4.586758180299711,4.7906921466718195,4.242997168313098,0.007254820600975265,0.0,0.0,0.0,0.0,0.0,0.0,0.0,0.0,0.0,14928400.0,16189400.0,14706000.0,0.0,0.0,0.0,0.0,0.0,0.0,0.0,0.0,0.0,0.0,0.0,0.7409,0.0,0.0,0.7409,0.0,0.0,1.0,0.0,0.0,261.0,0.0,0.0,1.0,175.14968872070312,1.4635539996233986,175.8397456577846,1.6293501205472345,173.1889136178153,3.081579500636764,-0.009493199749772585
2024-05-28,174.43173748593026,177.18110576503003,174.37217142424652,176.69476318359375,15655300,0.0,0.0,176.06944885253907,171.6297492980957,62.46285950629374,4.501503682399232,4.7328544538173025,4.279446383204921,0.009584184326018264,0.0,0.0,0.0,0.0,0.0,0.0,0.0,0.0,0.0,11403600.0,14928400.0,16189400.0,0.0,0.0,0.0,0.0,0.0,0.0,0.0,0.0,0.0,0.0,0.0,0.0,0.0,0.0,0.0,0.0,0.0,0.0,0.0,0.0,0.0,0.0,0.0,0.0,175.15630594889322,1.4739063452048398,176.20698983328683,1.4589990776547588,173.54623304094588,3.1830481418927783,0.0034950275734633163
2024-05-29,175.4937567808549,176.90318394408737,174.94784816071635,176.07936096191406,15023800,0.0,0.0,175.64463806152344,172.26299972534179,66.40368439217309,4.334317745478245,4.653147112149491,3.9219070385422348,-0.0034828548995550213,0.0,0.0,0.0,0.0,0.0,0.0,0.0,0.0,0.0,15655300.0,11403600.0,14928400.0,0.0,0.0,0.0,0.0,0.0,0.0,0.0,0.0,0.0,0.0,0.0,0.0,0.0,0.0,0.0,0.0,0.0,0.0,0.0,0.0,0.0,0.0,0.0,0.0,175.9304962158203,0.8485500095835664,176.22258649553572,1.4566273454501737,173.98862784249442,3.0633261326427608,0.02212493241658442
2024-05-30,175.37464815310898,175.37464815310898,171.94039917655425,172.2679443359375,18826300,0.0,0.0,174.76324462890625,172.65952529907227,54.41167705590872,3.8498930470095445,4.492496299121502,3.451060136744764,-0.021646015780355854,0.0,0.0,0.0,0.0,0.0,0.0,0.0,0.0,0.0,15023800.0,15655300.0,11403600.0,0.0,0.0,0.0,0.0,0.0,0.0,0.0,0.0,0.0,0.0,0.0,0.0,0.0,0.0,0.0,0.0,0.0,0.0,0.0,0.0,0.0,0.0,0.0,0.0,175.01402282714844,2.397997140017113,175.52779279436385,2.0068417035578907,174.1290010724749,2.9232560154419853,-0.002299533580251256
2024-05-31,172.10914938166232,173.12156041902205,169.69724634156157,172.6649932861328,28085200,0.0,0.0,174.54488525390624,172.93247833251954,58.51515456320459,3.4581580223330093,4.285628643763804,3.204066453009836,0.002304833622563285,0.0,0.0,0.0,0.0,0.0,0.0,0.0,0.0,0.0,18826300.0,15023800.0,15655300.0,0.0,0.0,0.0,0.0,0.0,0.0,0.0,0.0,0.0,0.0,0.0,0.0,0.0,0.0,0.0,0.0,0.0,0.0,0.0,0.0,0.0,0.0,0.0,0.0,173.67076619466147,2.0953301725121873,174.73658970424108,1.862754801869619,174.38919503348214,2.575138808727559,-0.0026372998745338716
2024-06-03,172.58559334783465,174.55084943172886,171.16623079349,173.12156677246094,20742800,0.0,0.0,174.1657257080078,173.20195770263672,58.22434988875967,3.148255725301084,4.05815406007126,2.9610895686034455,0.0026442736170122494,0.0,0.0,0.0,0.0,0.0,0.0,0.0,0.0,0.0,28085200.0,18826300.0,15023800.0,0.0,0.0,0.0,0.0,0.0,0.0,0.0,0.0,0.0,0.0,0.0,0.0,0.0,0.0,0.0,0.0,0.0,0.0,0.0,0.0,0.0,0.0,0.0,0.0,172.6848347981771,0.42715697376245926,174.22896902901786,1.7256201374183124,174.63875361851282,2.2234933658553526,-0.0040542035204022
2024-06-04,173.15134815747416,173.88584486728672,171.93050882140636,173.8262939453125,14066600,0.0,0.0,173.59203186035157,173.4649856567383,57.59016638528604,2.9257947744602575,3.8316822029490596,2.753987890004404,0.004070706995032092,0.0,0.0,0.0,0.0,0.0,0.0,0.0,0.0,0.0,20742800.0,28085200.0,18826300.0,0.0,0.0,0.0,0.0,0.0,0.0,0.0,0.0,0.0,0.0,0.0,0.0,0.0,0.0,0.0,0.0,0.0,0.0,0.0,0.0,0.0,0.0,0.0,0.0,173.20428466796875,0.5850525556994174,174.23889814104353,1.72264783501456,174.8656245640346,1.9275562137114357,-0.010956086143923516
2024-06-05,175.22082537536804,176.6451403917242,173.98508322138107,175.75184631347656,15233900,0.0,0.0,173.52652893066406,173.66796340942383,57.56999131014043,2.8717649332338056,3.6396987490060093,2.766032913988612,0.011077451658549675,0.0,0.0,0.0,0.0,0.0,0.0,0.0,0.0,0.0,14066600.0,20742800.0,28085200.0,0.0,0.0,0.0,0.0,0.0,0.0,0.0,0.0,0.0,0.0,0.0,0.0,0.0,0.0,0.0,0.0,0.0,0.0,0.0,0.0,0.0,0.0,0.0,0.0,174.23323567708334,1.3615409636744351,174.3438241141183,1.7986582712076564,175.09178488595145,1.8223390459526572,-0.0071768470763793335
2024-06-06,176.10914381293057,177.37962899368443,175.89079550090455,177.02230834960938,14255800,0.0,0.0,174.47740173339844,174.02478713989257,57.01921655580192,2.898054594035841,3.491369918011976,2.712238201722414,0.007228726541323338,0.0,0.0,0.0,0.0,0.0,0.0,0.0,0.0,0.0,15233900.0,14066600.0,20742800.0,0.0,0.0,0.0,0.0,0.0,0.0,0.0,0.0,0.0,0.0,0.0,0.0,0.0,0.0,0.0,0.0,0.0,0.0,0.0,0.0,0.0,0.0,0.0,0.0,175.53348286946616,1.6091578429035513,174.39061628069197,1.8727460320307479,175.29880305698939,1.8679973057231467,0.01364019334186617
2024-06-07,177.13150713925583,178.08435218510095,174.4813699390767,174.6401824951172,14716300,0.0,0.0,174.8724395751953,174.24166030883788,46.860409746370465,2.6955985097584687,3.3322156363612745,2.568562231830284,-0.013456642141326136,0.0,0.0,0.0,0.0,0.0,0.0,0.0,0.0,0.0,14255800.0,15233900.0,14066600.0,0.0,0.0,0.0,0.0,0.0,0.0,0.0,0.0,0.0,0.0,0.0,0.0,0.0,0.0,0.0,0.0,0.0,0.0,0.0,0.0,0.0,0.0,0.0,0.0,175.80477905273438,1.191944756615712,174.18501935686385,1.7300096451723517,175.20380292619978,1.8650440092243266,-0.004981950048528527
2024-06-10,175.33571621686076,177.34296417378167,173.2787961396006,175.51458740234375,17099800,0.2,0.0,175.35104370117188,174.5662757873535,46.13071851512133,2.5760130971858928,3.1809751285261987,2.2667344074595235,0.0050068941450573945,0.0,0.0,0.0,0.0,0.0,0.0,0.0,0.0,0.0,14716300.0,14255800.0,15233900.0,0.0,0.0,0.0,0.0,0.0,0.0,0.0,0.0,0.0,0.0,0.0,0.0,0.0,0.0,0.0,0.0,0.0,0.0,0.0,0.0,0.0,0.0,0.0,0.0,175.72569274902344,1.2050124469096783,174.6488255092076,1.5569393992366085,175.08830915178572,1.784826768290516,-0.008754824581208909
2024-06-11,176.59772506993409,177.26349229716828,174.33212415377145,177.06475830078125,14402400,0.0,0.0,175.9987365722656,174.93812637329103,47.33616198568254,2.576624904337052,3.0601050836883696,2.0093400277872573,0.008832148491930925,0.0,0.0,0.0,0.0,0.0,0.0,0.0,0.0,0.0,17099800.0,14716300.0,14255800.0,0.0,0.0,0.0,0.0,0.0,0.0,0.0,0.0,0.0,0.0,0.0,0.0,0.0,0.0,0.0,0.0,0.0,0.0,0.0,0.0,0.0,0.0,0.0,0.0,175.7398427327474,1.2278831101774186,175.27736336844308,1.509971513970406,175.00697653634208,1.653033181665559,-0.007629817124867877
2024-06-12,178.61491956248847,180.9302079610102,176.65735845220254,178.42611694335938,18600400,0.0,0.0,176.5335906982422,175.3269271850586,54.129161920482865,2.6563394038852266,2.979351947727741,1.8843830804553912,0.007688478812173161,0.0,0.0,0.0,0.0,0.0,0.0,0.0,0.0,0.0,14402400.0,17099800.0,14716300.0,0.0,0.0,0.0,0.0,0.0,0.0,0.0,0.0,0.0,0.0,0.0,0.0,0.0,0.0,0.0,0.0,0.0,0.0,0.0,0.0,0.0,0.0,0.0,0.0,177.00182088216147,1.4567847837097223,176.03515625,1.5773143626081414,175.13206263950892,1.8441634691898028,0.015955687421267406
2024-06-13,176.71696117955426,177.3827284020576,175.54441999550025,175.62391662597656,15956900,0.0,0.0,176.25391235351563,175.47884292602538,54.426690668511185,2.464984762499114,2.876478510682016,1.7707991406619206,-0.015705101727189197,0.0,0.0,0.0,0.0,0.0,0.0,0.0,0.0,0.0,18600400.0,14402400.0,17099800.0,0.0,0.0,0.0,0.0,0.0,0.0,0.0,0.0,0.0,0.0,0.0,0.0,0.0,0.0,0.0,0.0,0.0,0.0,0.0,0.0,0.0,0.0,0.0,0.0,177.03826395670572,1.401288020852845,176.29195949009485,1.275142711579966,175.2654288155692,1.8041349973285516,-0.009138298932887978
2024-06-14,174.74153235235562,177.6013490997328,174.74153235235562,177.24362182617188,12361600,0.0,0.0,176.77460021972655,175.63482131958008,55.189762473215275,2.416179292910215,2.784418667127656,1.7825361672021778,0.009222577603964721,0.0,0.0,0.0,0.0,0.0,0.0,0.0,0.0,0.0,15956900.0,18600400.0,14402400.0,0.0,0.0,0.0,0.0,0.0,0.0,0.0,0.0,0.0,0.0,0.0,0.0,0.0,0.0,0.0,0.0,0.0,0.0,0.0,0.0,0.0,0.0,0.0,0.0,177.09788513183594,1.4067732733961305,176.50507027762276,1.2943440496635876,175.42444719587053,1.8772204493569795,-0.0022934000908221286
2024-06-17,175.86241028080397,178.78384732487038,175.37551421508192,177.6510467529297,15272900,0.0,0.0,177.20189208984374,175.71886444091797,52.369551951228914,2.382907716387791,2.7041164769796833,1.8379436490889678,0.002298671865086366,0.0,0.0,0.0,0.0,0.0,0.0,0.0,0.0,0.0,12361600.0,15956900.0,18600400.0,0.0,0.0,0.0,0.0,0.0,0.0,0.0,0.0,0.0,0.0,0.0,0.0,0.0,0.0,0.0,0.0,0.0,0.0,0.0,0.0,0.0,0.0,0.0,0.0,176.83952840169272,1.072279235871106,176.59489004952567,1.356540503896355,175.4927531651088,1.9432359808409552,0.013204907158802737
2024-06-18,177.66097417509516,177.7802267121932,174.5109938407552,175.33575439453125,15640300,0.0,0.0,176.85609130859376,175.6290771484375,48.30059693393973,2.144988911702967,2.59229096392434,1.8089354025966202,-0.013032810111265225,0.0,0.0,0.0,0.0,0.0,0.0,0.0,0.0,0.0,15272900.0,12361600.0,15956900.0,0.0,0.0,0.0,0.0,0.0,0.0,0.0,0.0,0.0,0.0,0.0,0.0,0.0,0.0,0.0,0.0,0.0,0.0,0.0,0.0,0.0,0.0,0.0,0.0,176.74347432454428,1.2360239960261294,176.69425746372767,1.2066922160495825,175.43963841029577,1.9361182900575413,-0.007090124763487582
2024-06-20,175.59409872461265,177.6112782420119,175.34567745239667,176.58778381347656,16753200,0.0,0.0,176.4884246826172,175.5482955932617,61.18024318870226,2.0340179624019186,2.480636363619856,1.7219036108244063,0.007140753597398408,0.0,0.0,0.0,0.0,0.0,0.0,0.0,0.0,0.0,15640300.0,15272900.0,12361600.0,0.0,0.0,0.0,0.0,0.0,0.0,0.0,0.0,0.0,0.0,0.0,0.0,0.0,0.0,0.0,0.0,0.0,0.0,0.0,0.0,0.0,0.0,0.0,0.0,176.52486165364584,1.1589279851925558,176.84757123674666,1.09482236147681,175.74819837297713,1.72441444884009,-0.014146360994026663
2024-06-21,177.36289206322127,181.35948227276089,176.9355995060005,179.1217041015625,58903200,0.0,0.0,177.18798217773437,175.67063522338867,65.046435731369,2.126031310433291,2.409715352982543,1.8853274756799359,0.014349352108990798,0.0,0.0,0.0,0.0,0.0,0.0,0.0,0.0,0.0,16753200.0,15640300.0,15272900.0,0.0,0.0,0.0,0.0,0.0,0.0,0.0,0.0,0.0,0.0,0.0,0.0,0.0,0.0,0.0,0.0,0.0,0.0,0.0,0.0,0.0,0.0,0.0,0.0,177.01508076985678,1.9288055404163844,177.14142063685827,1.3971336010779334,176.20939200265067,1.699625770672219,-0.0029314304502349176
2024-06-24,180.13524186798963,180.93019301645566,179.09186943327995,179.64833068847656,18198300,0.0,0.0,177.6689239501953,175.96521224975587,65.16018679717138,2.2159033614318275,2.3709529546724,2.025605561462246,0.002940048999396927,0.0,0.0,0.0,0.0,0.0,0.0,0.0,0.0,0.0,58903200.0,16753200.0,15640300.0,0.0,0.0,0.0,0.0,0.0,0.0,0.0,0.0,0.0,0.0,0.0,0.0,0.0,0.0,0.0,0.0,0.0,0.0,0.0,0.0,0.0,0.0,0.0,0.0,178.45260620117188,1.6363085875677632,177.31602260044642,1.6397482674031691,176.67558942522322,1.682542375775054,-0.025811044743441425
2024-06-25,180.00110499509233,184.57702097347587,179.96134909719103,184.40809631347656,18797000,0.0,0.0,179.02033386230468,176.43474884033202,70.68290148579254,2.6407598801750396,2.4249143397729283,2.752348888576509,0.026494905946294445,0.0,0.0,0.0,0.0,0.0,0.0,0.0,0.0,0.0,18198300.0,58903200.0,16753200.0,0.0,0.0,0.0,0.0,0.0,0.0,0.0,0.0,0.0,0.0,0.0,0.0,0.0,0.0,0.0,0.0,0.0,0.0,0.0,0.0,0.0,0.0,0.0,0.0,181.05937703450522,2.9120052365211446,178.57090541294642,2.959274040851992,177.43143245152064,2.4880843963091896,0.0011329811926943378
2024-06-26,183.03679210972498,184.75586308463522,182.8281267300032,184.19940185546875,13375700,0.0,0.0,180.79306335449218,176.8099807739258,67.69923585148754,2.926882553421393,2.5253079825026212,3.2552735562267414,-0.0011316989990127757,0.0,0.0,0.0,0.0,0.0,0.0,0.0,0.0,0.0,18797000.0,18198300.0,58903200.0,0.0,0.0,0.0,0.0,0.0,0.0,0.0,0.0,0.0,0.0,0.0,0.0,0.0,0.0,0.0,0.0,0.0,0.0,0.0,0.0,0.0,0.0,0.0,0.0,182.75194295247397,2.6898318085201183,179.56458827427454,3.548480148238136,178.03482927594865,3.0174429264948843,-0.007973966048209657
2024-06-27,184.4726841150096,186.31596582475487,184.27890823258446,185.6800079345703,13025700,0.0,0.0,182.61150817871095,177.2900131225586,67.98118822235674,3.235808978332784,2.667408181668654,3.8035597453859933,0.008038061275917219,0.0,0.0,0.0,0.0,0.0,0.0,0.0,0.0,0.0,13375700.0,18797000.0,18198300.0,0.0,0.0,0.0,0.0,0.0,0.0,0.0,0.0,0.0,0.0,0.0,0.0,0.0,0.0,0.0,0.0,0.0,0.0,0.0,0.0,0.0,0.0,0.0,0.0,184.76250203450522,0.8014057347505126,180.71158272879464,4.084070899877464,178.65323638916016,3.620816723412748,0.018754924253872263
2024-06-28,184.5471820564339,185.4017517751719,182.16730220186435,182.26170349121094,23032400,0.0,0.0,183.23950805664063,177.78970108032226,65.17596172192981,3.168284780393293,2.767583501413582,3.7653338226175284,-0.018409652613564642,0.0,0.0,0.0,0.0,0.0,0.0,0.0,0.0,0.0,13025700.0,13375700.0,18797000.0,0.0,0.0,0.0,0.0,0.0,0.0,0.0,0.0,0.0,0.0,0.0,0.0,0.0,0.0,0.0,0.0,0.0,0.0,0.0,0.0,0.0,0.0,0.0,0.0,184.04703776041666,1.714238148556928,181.7010040283203,3.3348781395594336,179.197630746024,3.543155904516088,-0.005800046227909972
2024-07-01,183.3150503918,184.1696203119794,181.57610120698192,183.3249969482422,11815900,0.0,0.0,183.97484130859374,178.32270126342775,65.4359625119344,3.1640965275213375,2.846886106635133,3.756202754917674,0.005833883019108921,0.0,0.0,0.0,0.0,0.0,0.0,0.0,0.0,0.0,23032400.0,13025700.0,13375700.0,0.0,0.0,0.0,0.0,0.0,0.0,0.0,0.0,0.0,0.0,0.0,0.0,0.0,0.0,0.0,0.0,0.0,0.0,0.0,0.0,0.0,0.0,0.0,0.0,183.7555694580078,1.7493558332987904,182.66346304757255,2.4744195860360074,179.7555171421596,3.533514497908477,-0.01136051222614054
2024-07-02,182.31142394277654,185.76944417595476,181.90400937383566,185.4315948486328,12555500,0.0,0.0,184.179541015625,178.93820266723634,66.17979364846116,3.2928047484930403,2.9360698350067147,3.866045525066184,0.011491056514160825,0.0,0.0,0.0,0.0,0.0,0.0,0.0,0.0,0.0,11815900.0,23032400.0,13025700.0,0.0,0.0,0.0,0.0,0.0,0.0,0.0,0.0,0.0,0.0,0.0,0.0,0.0,0.0,0.0,0.0,0.0,0.0,0.0,0.0,0.0,0.0,0.0,0.0,183.67276509602866,1.6133071058930695,183.56487601143974,2.0883483762274007,180.353148324149,3.74465582029348,-0.004162419160813058
2024-07-03,185.12355183321114,186.4352083846934,184.21432140369464,186.2066650390625,7409100,0.0,0.0,184.58099365234375,179.55722122192384,65.3951175799969,3.417948643379873,3.0324455966813466,3.993515184739908,0.0041798173124831806,0.0,0.0,0.0,0.0,0.0,0.0,0.0,0.0,0.0,12555500.0,11815900.0,23032400.0,0.0,0.0,0.0,0.0,0.0,0.0,0.0,0.0,0.0,0.0,0.0,0.0,0.0,0.0,0.0,0.0,0.0,0.0,0.0,0.0,0.0,0.0,0.0,0.0,184.98775227864584,1.4912243012410782,184.5017809186663,1.3941771770647944,180.90890175955636,4.00497724393462,-0.02380702493142861
2024-07-05,186.1371043737339,191.04589614109807,186.1371043737339,190.747802734375,14303400,0.0,0.0,185.59455261230468,180.30701904296876,77.99841471344787,3.8393008712690744,3.193816651598892,4.602741791746497,0.02438762164802144,0.0,0.0,0.0,0.0,0.0,0.0,0.0,0.0,0.0,7409100.0,12555500.0,11815900.0,0.0,0.0,0.0,0.0,0.0,0.0,0.0,0.0,0.0,0.0,0.0,0.0,0.0,0.0,0.0,0.0,0.0,0.0,0.0,0.0,0.0,0.0,0.0,0.0,187.46202087402344,2.8718383094081323,185.40745326450892,2.736320367975173,181.98917933872767,4.481181719788304,0.007769862260103455
2024-07-08,190.15656645794553,190.46857898939038,188.12448212143232,189.2771453857422,12097600,0.0,0.0,186.99764099121094,180.91976089477538,72.40093645310151,4.008350026319619,3.3567233265430376,4.945408283690173,-0.007709956956520103,0.0,0.0,0.0,0.0,0.0,0.0,0.0,0.0,0.0,14303400.0,7409100.0,12555500.0,0.0,0.0,0.0,0.0,0.0,0.0,0.0,0.0,0.0,0.0,0.0,0.0,0.0,0.0,0.0,0.0,0.0,0.0,0.0,0.0,0.0,0.0,0.0,0.0,188.7438710530599,2.3170604280790315,186.13284519740515,3.020939965453475,182.84871673583984,4.651746854296415,0.00021004910391675402
2024-07-09,190.53912131842858,191.6421124055697,189.02871569404806,189.23739624023438,10198500,0.0,0.0,188.18012084960938,181.64962158203124,71.86784881373465,4.091945870933301,3.503767835421091,5.0460000790723685,-0.00021000499255630078,0.0,0.0,0.0,0.0,0.0,0.0,0.0,0.0,0.0,12097600.0,14303400.0,7409100.0,0.0,0.0,0.0,0.0,0.0,0.0,0.0,0.0,0.0,0.0,0.0,0.0,0.0,0.0,0.0,0.0,0.0,0.0,0.0,0.0,0.0,0.0,0.0,0.0,189.75411478678384,0.8607884766494621,186.64104352678572,3.2244324163658287,183.67631312779017,4.686431854759865,-0.011522876661438364
2024-07-10,189.5454324574855,192.08926388256418,189.41624854275796,191.44337463378906,12052900,0.0,0.0,189.38247680664062,182.44606094360353,80.52717208049282,4.2867848133964515,3.660371231016163,5.27842111800791,0.011657201152536656,0.0,0.0,0.0,0.0,0.0,0.0,0.0,0.0,0.0,10198500.0,12097600.0,14303400.0,0.0,0.0,0.0,0.0,0.0,0.0,0.0,0.0,0.0,0.0,0.0,0.0,0.0,0.0,0.0,0.0,0.0,0.0,0.0,0.0,0.0,0.0,0.0,0.0,189.98597208658853,1.2623040984966745,187.9527108328683,3.0061673691329367,184.82685743059432,4.452692872668242,0.028617215929521933
2024-07-11,190.1316990585472,191.19494936926395,185.64025342593737,186.11721801757812,16452000,0.0,0.0,189.36458740234374,182.89868392944337,65.64430578942596,3.9657055674416597,3.7214380983012627,5.179892730364287,-0.027821054797008804,0.0,0.0,0.0,0.0,0.0,0.0,0.0,0.0,0.0,12052900.0,10198500.0,12097600.0,0.0,0.0,0.0,0.0,0.0,0.0,0.0,0.0,0.0,0.0,0.0,0.0,0.0,0.0,0.0,0.0,0.0,0.0,0.0,0.0,0.0,0.0,0.0,0.0,188.9326629638672,2.6761227274539237,188.35159955705916,2.4173596506812056,185.50753130231584,3.772781254634519,0.002783981439575589
2024-07-12,185.73962495696273,187.4984519041039,184.96455175905618,185.6005096435547,14449100,0.0,0.0,188.3351287841797,183.2574035644531,61.39056691138163,3.6277356261881266,3.7026976038786357,5.101686493478735,-0.002776252404410151,0.0,0.0,0.0,0.0,0.0,0.0,0.0,0.0,0.0,16452000.0,12052900.0,10198500.0,0.0,0.0,0.0,0.0,0.0,0.0,0.0,0.0,0.0,0.0,0.0,0.0,0.0,0.0,0.0,0.0,0.0,0.0,0.0,0.0,0.0,0.0,0.0,0.0,187.72036743164062,3.2345531154060168,188.37573024204798,2.3839658229407363,185.97030312674386,3.2965257517161866,-0.007492490211204239
2024-07-15,185.3123556492613,188.70081060739636,185.3123556492613,187.00161743164062,12186000,0.0,0.0,187.88002319335936,183.82628860473633,62.542351795393394,3.4333719273759584,3.6488324685781004,4.832964151692227,0.007549051404959872,0.0,0.0,0.0,0.0,0.0,0.0,0.0,0.0,0.0,14449100.0,16452000.0,12052900.0,0.0,0.0,0.0,0.0,0.0,0.0,0.0,0.0,0.0,0.0,0.0,0.0,0.0,0.0,0.0,0.0,0.0,0.0,0.0,0.0,0.0,0.0,0.0,0.0,186.23978169759116,0.7085493279948432,188.48929486955916,2.280088520148107,186.49553789411272,2.7527068949812046,0.014501297996053042
2024-07-16,187.76677090664597,189.13804623677402,183.95100803548755,184.32861328125,12760100,0.0,0.0,186.8982666015625,184.18053817749023,49.854036729279464,3.0287348302426835,3.524812940911017,4.578003933607493,-0.014294016207468174,0.0,0.0,0.0,0.0,0.0,0.0,0.0,0.0,0.0,12186000.0,14449100.0,16452000.0,0.0,0.0,0.0,0.0,0.0,0.0,0.0,0.0,0.0,0.0,0.0,0.0,0.0,0.0,0.0,0.0,0.0,0.0,0.0,0.0,0.0,0.0,0.0,0.0,185.6435801188151,1.3370224741492422,187.57226780482702,2.500555438296806,186.48986053466797,2.7574212718703386,0.015770553924803865
2024-07-17,183.513770648575,184.06030052673833,180.47309644225305,181.46678161621094,17376600,0.0,0.0,184.90294799804687,184.3713249206543,45.42737340729813,2.4489017030240916,3.309630693333632,4.366176847983761,-0.015525704957550235,0.0,0.0,0.0,0.0,0.0,0.0,0.0,0.0,0.0,12760100.0,12186000.0,14449100.0,0.0,0.0,0.0,0.0,0.0,0.0,0.0,0.0,0.0,0.0,0.0,0.0,0.0,0.0,0.0,0.0,0.0,0.0,0.0,0.0,0.0,0.0,0.0,0.0,184.2656707763672,2.7679546952815017,186.45650155203683,3.2448029913848018,186.294673374721,3.0165643395901536,0.018971157270924577
2024-07-18,182.3809532461557,182.88774234184083,177.08462510298332,178.08824157714844,17877200,0.0,0.0,183.29715270996093,184.50894927978516,38.055048179881794,1.6971956121666665,2.987143677100239,4.101753780068963,-0.018617953153585276,0.0,0.0,0.0,0.0,0.0,0.0,0.0,0.0,0.0,17376600.0,12760100.0,12186000.0,0.0,0.0,0.0,0.0,0.0,0.0,0.0,0.0,0.0,0.0,0.0,0.0,0.0,0.0,0.0,0.0,0.0,0.0,0.0,0.0,0.0,0.0,0.0,0.0,181.29454549153647,3.123749143788512,184.863765171596,4.236925265150524,185.75240434919084,3.7328738660069054,-0.0009476760579415489
2024-07-19,179.23097879511494,180.82088103924897,177.73051973450666,178.25717163085938,14485900,0.0,0.0,181.82848510742187,184.5924186706543,42.981588640935435,1.1023867348716294,2.6101922886545172,3.9461094498693536,0.0009485749997579784,0.0,0.0,0.0,0.0,0.0,0.0,0.0,0.0,0.0,17877200.0,17376600.0,12760100.0,0.0,0.0,0.0,0.0,0.0,0.0,0.0,0.0,0.0,0.0,0.0,0.0,0.0,0.0,0.0,0.0,0.0,0.0,0.0,0.0,0.0,0.0,0.0,0.0,179.2707316080729,1.9037098175518767,182.98002188546317,3.724370425007147,185.46636635916573,4.150946024438652,-0.021598060861232393
2024-07-22,181.19848408923778,183.13616700217142,180.75131366419583,182.19216918945312,16303900,0.0,0.0,180.86659545898436,184.74594192504884,48.19616096519639,0.9377085110682231,2.2756955331372586,3.7782264559707546,0.022074834479829386,0.0,0.0,0.0,0.0,0.0,0.0,0.0,0.0,0.0,14485900.0,17877200.0,17376600.0,0.0,0.0,0.0,0.0,0.0,0.0,0.0,0.0,0.0,0.0,0.0,0.0,0.0,0.0,0.0,0.0,0.0,0.0,0.0,0.0,0.0,0.0,0.0,0.0,179.5125274658203,2.32217444780458,182.41930062430245,3.4593704713006463,185.3854500906808,4.206568376941326,-0.001361694425935145
2024-07-23,182.67907226351633,184.05036260692978,182.17229830124404,182.4405975341797,23772600,0.0,0.0,180.4889923095703,184.88555526733398,44.93777129504711,0.8178186195073636,1.9841201504112795,3.6285711457364425,0.0013635511659573218,0.0,0.0,0.0,0.0,0.0,0.0,0.0,0.0,0.0,16303900.0,14485900.0,17877200.0,0.0,0.0,0.0,0.0,0.0,0.0,0.0,0.0,0.0,0.0,0.0,0.0,0.0,0.0,0.0,0.0,0.0,0.0,0.0,0.0,0.0,0.0,0.0,0.0,180.96331278483072,2.3468764602186463,181.96788460867745,3.1690532799324487,185.17180742536272,4.279367766307926,0.052933560468600316
2024-07-24,174.28242287465946,176.82625421406058,172.4739239415415,173.26885986328125,31250700,0.0,0.0,178.8494079589844,184.3285934448242,32.949185317700355,-0.017080666653384924,1.5838799869983466,4.464359199947799,-0.05027246015887521,0.0,0.0,0.0,0.0,0.0,0.0,0.0,0.0,0.0,23772600.0,16303900.0,14485900.0,0.0,0.0,0.0,0.0,0.0,0.0,0.0,0.0,0.0,0.0,0.0,0.0,0.0,0.0,0.0,0.0,0.0,0.0,0.0,0.0,0.0,0.0,0.0,0.0,179.30054219563803,5.225066791866302,180.00606209891183,3.7338703025054927,184.24767848423548,5.311249892144822,0.030799022227902872
2024-07-25,173.14965104856816,174.09364898306077,167.98249089337875,168.091796875,28967900,0.0,0.0,176.8501190185547,183.5232131958008,20.633738969733116,-1.0839944692159804,1.0503050957554811,5.755197576423644,-0.0298787848685923,0.0,0.0,0.0,0.0,0.0,0.0,0.0,0.0,0.0,31250700.0,23772600.0,16303900.0,0.0,0.0,0.0,0.0,0.0,0.0,0.0,0.0,0.0,0.0,0.0,0.0,0.0,0.0,0.0,0.0,0.0,0.0,0.0,0.0,0.0,0.0,0.0,0.0,174.6004180908203,7.266485090758366,177.68651689801897,5.311213956408606,182.62939235142298,6.497448467346608,0.002845840749260642
2024-07-26,167.7042350506867,168.76747020089442,164.81758110880102,167.6147918701172,25150100,0.0,0.0,174.72164306640624,182.6199523925781,21.179297452946173,-1.9455940645566159,0.4511252636930617,6.733389651139214,-0.002837764922208108,0.0,0.0,0.0,0.0,0.0,0.0,0.0,0.0,0.0,28967900.0,31250700.0,23772600.0,0.0,0.0,0.0,0.0,0.0,0.0,0.0,0.0,0.0,0.0,0.0,0.0,0.0,0.0,0.0,0.0,0.0,0.0,0.0,0.0,0.0,0.0,0.0,0.0,169.65848286946616,3.135761466019442,175.70766122000558,6.177811334144788,181.0820813860212,7.319868040490324,-0.014316756269587283
2024-07-29,169.42332041868983,171.07284142949192,168.64824720396254,170.04934692382812,13768900,0.0,0.0,172.29307861328124,182.00933456420898,26.000564913526247,-2.404254950472705,-0.11995077914009161,7.29768126338232,0.014524702900907682,0.0,0.0,0.0,0.0,0.0,0.0,0.0,0.0,0.0,25150100.0,28967900.0,31250700.0,0.0,0.0,0.0,0.0,0.0,0.0,0.0,0.0,0.0,0.0,0.0,0.0,0.0,0.0,0.0,0.0,0.0,0.0,0.0,0.0,0.0,0.0,0.0,0.0,168.58531188964844,1.2901288228892198,174.55924769810267,6.404549161835681,179.71150643484933,7.470246084297292,-0.004247628171570206
2024-07-30,170.74492515486463,171.8578476970294,169.04571683697938,170.7747344970703,13681400,0.0,0.0,169.95990600585938,181.3818214416504,23.154439563697707,-2.6783400552426144,-0.6316286343605962,7.706718536434516,0.004265747480742377,0.0,0.0,0.0,0.0,0.0,0.0,0.0,0.0,0.0,13768900.0,25150100.0,28967900.0,0.0,0.0,0.0,0.0,0.0,0.0,0.0,0.0,0.0,0.0,0.0,0.0,0.0,0.0,0.0,0.0,0.0,0.0,0.0,0.0,0.0,0.0,0.0,0.0,169.47962443033853,1.6552181551382967,173.4903281075614,6.308186148665094,178.23517499651228,7.000960886184533,-0.007450048993876246
2024-07-31,173.81539115580748,174.79914483658735,170.63560195458135,172.0565643310547,15650200,0.0,0.0,169.71744689941406,180.71306991577148,29.593332237866335,-2.760302471878532,-1.0573634018641835,7.914317089467673,0.007505968829401688,0.0,0.0,0.0,0.0,0.0,0.0,0.0,0.0,0.0,13681400.0,13768900.0,25150100.0,0.0,0.0,0.0,0.0,0.0,0.0,0.0,0.0,0.0,0.0,0.0,0.0,0.0,0.0,0.0,0.0,0.0,0.0,0.0,0.0,0.0,0.0,0.0,0.0,170.96021525065103,1.0163821930895827,172.0423845563616,5.0069473663661865,177.23084259033203,6.788576098056886,0.004059013482702767
2024-08-01,170.89397443893247,174.57060660316841,169.43325599913192,171.3610076904297,17177800,0.0,0.0,170.3712890625,179.97078704833984,29.4404959660896,-2.848547601863885,-1.4156002418641238,8.066675074007096,-0.004042604496546143,0.0,0.0,0.0,0.0,0.0,0.0,0.0,0.0,0.0,15650200.0,13681400.0,13768900.0,0.0,0.0,0.0,0.0,0.0,0.0,0.0,0.0,0.0,0.0,0.0,0.0,0.0,0.0,0.0,0.0,0.0,0.0,0.0,0.0,0.0,0.0,0.0,0.0,171.3974355061849,0.6416908680534835,170.45958600725447,2.0502769792295403,176.21373530796595,6.498653616444936,0.024050001417945666
2024-08-02,167.12789773238893,169.13514585990146,165.33926153769613,167.33656311035156,18907800,0.0,0.0,170.31564331054688,178.80022506713868,23.606300070491386,-3.206261757364473,-1.7737325449641936,8.118947717090316,-0.023485182739753974,0.0,0.0,0.0,0.0,0.0,0.0,0.0,0.0,0.0,17177800.0,15650200.0,13681400.0,0.0,0.0,0.0,0.0,0.0,0.0,0.0,0.0,0.0,0.0,0.0,0.0,0.0,0.0,0.0,0.0,0.0,0.0,0.0,0.0,0.0,0.0,0.0,0.0,170.25137837727866,2.5481485024057,169.61211504255022,1.9172731205918738,174.80908857073103,6.100604105438175,0.04830668921852532
2024-08-05,156.3762251898457,164.89211409365296,155.61109855114947,159.62557983398438,34907800,0.0,0.0,168.23088989257812,177.3176467895508,20.794183291829057,-4.065104713123674,-2.2320069785960897,8.78506304711987,-0.04608068394043752,0.0,0.0,0.0,0.0,0.0,0.0,0.0,0.0,0.0,18907800.0,17177800.0,15650200.0,0.0,0.0,0.0,0.0,0.0,0.0,0.0,0.0,0.0,0.0,0.0,0.0,0.0,0.0,0.0,0.0,0.0,0.0,0.0,0.0,0.0,0.0,0.0,0.0,166.10771687825522,5.963439782546722,168.40265546526228,4.266840911247272,173.04458618164062,6.680366417725287,0.0006229728632332066
2024-08-06,159.9286557559042,161.32478210891983,157.1314297723931,159.5261993408203,36146500,0.0,0.0,165.98118286132814,175.83208694458008,22.24737334987543,-4.699589179761489,-2.7255234188291695,9.167122995820883,-0.0006225850096671648,0.0,0.0,0.0,0.0,0.0,0.0,0.0,0.0,0.0,34907800.0,18907800.0,17177800.0,0.0,0.0,0.0,0.0,0.0,0.0,0.0,0.0,0.0,0.0,0.0,0.0,0.0,0.0,0.0,0.0,0.0,0.0,0.0,0.0,0.0,0.0,0.0,0.0,162.16278076171875,4.480902472033223,167.2471422467913,5.4476272643774175,171.47740173339844,7.112195964508954,-0.0013065051288708718
2024-08-07,162.20917537275696,163.7493752825507,159.22811981197012,159.73489379882812,19334200,0.0,0.0,163.5168487548828,174.24666290283204,24.760924332189177,-5.126487831562457,-3.205716301375827,9.066487372977997,0.0013082143175864314,0.0,0.0,0.0,0.0,0.0,0.0,0.0,0.0,0.0,36146500.0,34907800.0,18907800.0,0.0,0.0,0.0,0.0,0.0,0.0,0.0,0.0,0.0,0.0,0.0,0.0,0.0,0.0,0.0,0.0,0.0,0.0,0.0,0.0,0.0,0.0,0.0,0.0,159.62889099121094,0.10438662281225143,165.77364894321985,5.936372418570236,170.16644832066126,7.481804666795516,-0.018859729857093166
2024-08-08,161.3188038326106,164.4548797485578,161.00679132875067,162.80535888671875,15733600,0.0,0.0,161.80571899414062,173.08106994628906,30.32144075852962,-5.157593687568351,-3.596091778614332,8.95792472575362,0.019222256420426298,0.0,0.0,0.0,0.0,0.0,0.0,0.0,0.0,0.0,19334200.0,36146500.0,34907800.0,0.0,0.0,0.0,0.0,0.0,0.0,0.0,0.0,0.0,0.0,0.0,0.0,0.0,0.0,0.0,0.0,0.0,0.0,0.0,0.0,0.0,0.0,0.0,0.0,160.6888173421224,1.8359464661863751,164.63516671316964,5.570308213755433,169.06274741036552,7.334732275109635,-0.009371942183470039
2024-08-09,160.62425005314302,164.47478024278507,159.9137536043793,164.34559631347656,13549200,0.0,0.0,161.20752563476563,172.01832427978516,25.795197503347424,-5.0003204331584925,-3.876937509523164,8.649999862110574,0.009460606440046648,0.0,0.0,0.0,0.0,0.0,1.0,9056.0,0.0,0.0,15733600.0,19334200.0,36146500.0,0.0,0.0,0.0,0.0,0.0,0.0,0.0,0.0,0.0,0.0,0.0,0.0,0.0,0.0,0.0,0.0,0.0,0.0,0.0,0.0,0.0,0.0,0.0,0.0,162.29528299967447,2.347291519507977,163.53359985351562,4.521846288980639,167.7879922049386,6.363946856272294,0.008783174922544434
2024-08-12,164.9467725573256,165.64732245401004,162.51722008897448,162.91468811035156,12435000,0.0,0.0,161.86534729003907,170.8139778137207,24.340593455863782,-4.934263461626131,-4.0884026999437575,8.114300450764652,-0.008706702432084934,0.0,0.0,0.0,0.0,0.0,0.0,0.0,0.0,0.0,13549200.0,15733600.0,19334200.0,0.0,0.0,0.0,0.0,0.0,0.0,0.0,0.0,0.0,0.0,0.0,0.0,0.0,0.0,0.0,1.0,0.0,0.0,9056.0,0.0,0.0,0.0,0.0,0.0,163.35521443684897,0.8594361034708059,162.32698277064733,2.9327412652889544,166.3932843889509,4.869962612706481,-0.01193257235961298
2024-08-13,164.14186584696583,165.48830487121216,163.7294932144231,164.8821563720703,12717600,0.0,0.0,162.93653869628906,169.8416549682617,36.40463423454443,-4.669329466338326,-4.204588053222672,7.555508495130242,0.012076678196051072,0.0,0.0,0.0,0.0,0.0,0.0,0.0,0.0,0.0,12435000.0,13549200.0,15733600.0,0.0,0.0,0.0,0.0,0.0,0.0,0.0,0.0,0.0,0.0,0.0,0.0,0.0,0.0,0.0,0.0,1.0,0.0,0.0,9056.0,0.0,0.0,0.0,0.0,164.04748026529947,1.0170485356426826,161.97635323660714,2.3158244549635567,165.7942341395787,4.457499117748088,0.02406948539871423
2024-08-14,163.173046955314,163.91831082604588,158.52259251748225,161.00680541992188,22515900,0.0,0.0,163.1909210205078,168.81865615844725,38.008720705011456,-4.717693170300294,-4.3072090766381965,7.278696129054129,-0.023503761943793222,0.0,0.0,0.0,-0.026800000000000046,0.5267,2.0,1.0,0.5,0.0,12717600.0,12435000.0,13549200.0,0.0,0.0,0.0,0.0,0.0,0.0,0.0,0.0,0.0,0.0,0.0,0.0,0.0,0.0,0.0,0.0,0.0,1.0,0.0,0.0,9056.0,0.0,0.0,0.0,162.9345499674479,1.9377518212105118,162.17367117745536,2.1338386469435218,165.2881633213588,4.577167841171111,-0.006986554935492495
2024-08-15,161.18567341659553,162.48739852550634,160.4702189019766,162.1396026611328,18392500,0.0,0.0,163.05776977539062,168.02122421264647,40.93453457702142,-4.611456484130599,-4.368058558136677,7.080646406206505,0.0070357103120981535,0.0,0.0,0.0,0.0,0.0,0.0,0.0,0.0,0.0,22515900.0,12717600.0,12435000.0,0.0,0.0,0.0,0.0,0.0,0.0,0.0,0.0,0.0,-0.026800000000000046,0.0,0.0,0.5267,0.0,0.0,2.0,0.0,0.0,1.0,0.0,0.0,0.5,0.0,0.0,162.67618815104166,1.9926186894548361,162.54701450892858,1.7951769208574655,164.89707837785994,4.5969473195726565,-0.009530189668876199
2024-08-16,162.3780887462337,165.89572739193937,162.05017083785265,163.69969177246094,16853100,0.0,0.0,162.9285888671875,167.29335021972656,39.17312908904431,-4.351218849514169,-4.364690616412176,6.711657294574799,0.009621888087321118,0.0,0.0,0.0,-0.5171,-0.5171,1.0,334.0,0.0,0.0,18392500.0,22515900.0,12717600.0,0.0,0.0,0.0,0.0,0.0,0.0,0.0,0.0,0.0,0.0,-0.026800000000000046,0.0,0.0,0.5267,0.0,0.0,2.0,0.0,0.0,1.0,0.0,0.0,0.5,0.0,162.28203328450522,1.3520813913289982,163.11341421944755,1.3235647965644466,164.4435315813337,4.356454259761299,-0.02173387136852012
2024-08-19,165.9454100491634,167.40612834462655,165.0411529781755,167.33656311035156,13100800,0.0,0.0,163.8129638671875,166.5505699157715,44.66703399385958,-3.807621634760551,-4.253276820081851,5.725626319309102,0.022216726852154256,0.0,0.0,0.0,0.0,0.0,0.0,0.0,0.0,0.0,16853100.0,18392500.0,22515900.0,0.0,0.0,0.0,0.0,0.0,0.0,0.0,0.0,0.0,-0.5171,0.0,-0.026800000000000046,-0.5171,0.0,0.5267,1.0,0.0,2.0,334.0,0.0,1.0,0.0,0.0,0.5,164.39195251464844,2.66674299081598,163.76072910853796,2.054179281833225,164.1979479108538,4.0588380361196155,-0.0033145388287726396
2024-08-20,167.67443919947158,169.3338915956219,167.59494256725435,167.89305114746094,12622500,0.0,0.0,164.41514282226564,165.82319259643555,43.393290725231985,-3.293942473406304,-4.061409950746741,4.362524987525642,0.003325561531596577,0.0,0.0,0.0,0.0,0.0,0.0,0.0,0.0,0.0,13100800.0,16853100.0,18392500.0,0.0,0.0,0.0,0.0,0.0,0.0,0.0,0.0,0.0,0.0,-0.5171,0.0,0.0,-0.5171,0.0,0.0,1.0,0.0,0.0,334.0,0.0,0.0,0.0,0.0,166.3097686767578,2.27745380164321,164.26750837053572,2.5901787060192087,163.90055411202567,3.5607031882443625,0.00793419018275765
2024-08-21,165.93548377958084,167.57505816391546,165.51813784833985,166.57144165039062,15269600,0.0,0.0,165.52807006835937,165.48832168579102,42.547925002765844,-2.9593770222721503,-3.841003365051823,4.003156689487498,-0.007871734345393122,0.0,0.0,0.0,0.0,0.0,0.0,0.0,0.0,0.0,12622500.0,13100800.0,16853100.0,0.0,0.0,0.0,0.0,0.0,0.0,0.0,0.0,0.0,0.0,0.0,-0.5171,0.0,0.0,-0.5171,0.0,0.0,1.0,0.0,0.0,334.0,0.0,0.0,0.0,167.26701863606772,0.6635436994756709,164.78990173339844,2.6401349869973507,163.55844225202287,2.96983033486581,0.012931257257889683
2024-08-22,167.97253171361726,168.35013692400975,163.9878597056695,164.44496154785156,19123800,0.0,0.0,165.98914184570313,165.30597991943358,45.21856861852603,-2.8331617394235025,-3.639435039926159,3.961163791326672,-0.012766174570321809,0.0,0.0,0.0,0.0,0.0,0.0,0.0,0.0,0.0,15269600.0,12622500.0,13100800.0,0.0,0.0,0.0,0.0,0.0,0.0,0.0,0.0,0.0,0.0,0.0,0.0,0.0,0.0,0.0,0.0,0.0,0.0,0.0,0.0,0.0,0.0,0.0,0.0,166.30315144856772,1.739630764279857,164.7274453299386,2.6427587761757025,163.35189928327287,2.781436791177892,-0.011586934059663268
2024-08-23,165.4982784875892,166.88943174796648,164.6138992372565,166.37271118164062,14281600,0.0,0.0,166.52374572753905,165.24387588500977,63.795224926621806,-2.548207780770582,-3.421189588095044,3.9326950568478165,0.011722764964301469,0.0,0.0,0.0,0.0,0.0,0.0,0.0,0.0,0.0,19123800.0,15269600.0,12622500.0,0.0,0.0,0.0,0.0,0.0,0.0,0.0,0.0,0.0,0.0,0.0,0.0,0.0,0.0,0.0,0.0,0.0,0.0,0.0,0.0,0.0,0.0,0.0,0.0,165.79637145996094,1.174565882661637,165.49400329589844,2.107743828158773,163.83383723667689,2.66835050340493,-0.0029773329497669865
2024-08-26,167.09312257374404,168.31039292844207,165.26971884295412,166.86953735351562,11990300,0.0,0.0,166.4303405761719,165.08488540649415,64.77411781030673,-2.256280992835741,-3.1882078690431834,3.7898783597549794,0.0029862239326772233,0.0,0.0,0.0,0.0,0.0,0.0,0.0,0.0,0.0,14281600.0,19123800.0,15269600.0,0.0,0.0,0.0,0.0,0.0,0.0,0.0,0.0,0.0,0.0,0.0,0.0,0.0,0.0,0.0,0.0,0.0,0.0,0.0,0.0,0.0,0.0,0.0,0.0,165.89573669433594,1.2807304382684404,166.16970825195312,1.532946741982796,164.35836138044084,2.470895200457359,0.009315899992468957
2024-08-27,166.5515742334998,167.18255886662448,165.11073374973338,165.329345703125,13718200,0.0,0.0,165.9175994873047,164.81261596679687,60.68314952994352,-2.124715111233229,-2.9755093174811926,3.547446426733082,-0.009229915027137103,0.0,0.0,0.0,0.0,0.0,0.0,0.0,0.0,0.0,11990300.0,14281600.0,19123800.0,0.0,0.0,0.0,0.0,0.0,0.0,0.0,0.0,0.0,0.0,0.0,0.0,0.0,0.0,0.0,0.0,0.0,0.0,0.0,0.0,0.0,0.0,0.0,0.0,166.1905314127604,0.7860913948930416,166.4025159563337,1.177949213429106,164.75796508789062,2.088429563570447,0.011428698915379343
2024-08-28,165.72679768599806,166.3329461958913,162.24889987962757,163.46119689941406,15208700,0.0,0.0,165.29555053710936,164.38284759521486,51.312662284712204,-2.1464492668408752,-2.809697307353129,3.1183723435530943,-0.011299559650260083,0.0,0.0,0.0,0.0,0.0,0.0,0.0,0.0,0.0,13718200.0,11990300.0,14281600.0,0.0,0.0,0.0,0.0,0.0,0.0,0.0,0.0,0.0,0.0,0.0,0.0,0.0,0.0,0.0,0.0,0.0,0.0,0.0,0.0,0.0,0.0,0.0,0.0,165.22002665201822,1.7067979241747295,165.84889221191406,1.5252762073630621,164.804810660226,2.0482301590296514,0.006731817430006393
2024-08-29,165.01137047100107,166.57146359413528,160.95911910338887,162.3681640625,17133800,0.0,0.0,164.88019104003905,163.93320541381837,45.970018552598766,-2.2262099937876485,-2.692999844640033,2.6762242155342975,-0.006686803092397886,0.0,0.0,0.0,0.0,0.0,0.0,0.0,0.0,0.0,15208700.0,13718200.0,11990300.0,0.0,0.0,0.0,0.0,0.0,0.0,0.0,0.0,0.0,0.0,0.0,0.0,0.0,0.0,0.0,0.0,0.0,0.0,0.0,0.0,0.0,0.0,0.0,0.0,163.71956888834634,1.497403165714542,165.05962262834822,1.7095351424702783,164.66356549944197,2.148080973376732,-0.01035665053805146
2024-08-30,163.18297313639766,164.23627694740046,162.37809060770428,164.06735229492188,18498800,0.0,0.0,164.41911926269532,163.76974487304688,52.323704983810565,-2.1277828981392304,-2.5799564553398726,2.5544811996898176,0.010465033230084408,0.0,0.0,0.0,0.0,0.0,0.0,0.0,0.0,0.0,17133800.0,15208700.0,13718200.0,0.0,0.0,0.0,0.0,0.0,0.0,0.0,0.0,0.0,0.0,0.0,0.0,0.0,0.0,0.0,0.0,0.0,0.0,0.0,0.0,0.0,0.0,0.0,0.0,163.2989044189453,0.8611412771505187,164.70189557756697,1.598868640592065,164.7458986554827,2.0973842659806867,0.04098082432941896
2024-09-03,162.28372019755793,162.34831216924232,156.85819168772056,157.60842895507812,26533100,0.0,0.0,162.5668975830078,163.66888732910155,37.58484629869336,-2.541661162013156,-2.5722973966745295,2.758397464570414,-0.039367511265942845,0.0,0.0,0.0,0.0,0.0,0.0,0.0,0.0,0.0,18498800.0,17133800.0,15208700.0,0.0,0.0,0.0,0.0,0.0,0.0,0.0,0.0,0.0,0.0,0.0,0.0,0.0,0.0,0.0,0.0,0.0,0.0,0.0,0.0,0.0,0.0,0.0,0.0,161.34798177083334,3.348134048790006,163.7252480643136,3.1334926374029184,164.2263466971261,2.832953040749443,0.005069609336488368
2024-09-04,157.0767719946935,159.38708686154732,156.44578740324155,156.81344604492188,17410700,0.0,0.0,160.86371765136718,163.53324966430665,42.001490174164104,-2.9003773996247446,-2.6379133972645725,3.0264938441839955,-0.0050440380341767455,0.0,0.0,0.0,0.0,0.0,0.0,0.0,0.0,0.0,26533100.0,18498800.0,17133800.0,0.0,0.0,0.0,0.0,0.0,0.0,0.0,0.0,0.0,0.0,0.0,0.0,0.0,0.0,0.0,0.0,0.0,0.0,0.0,0.0,0.0,0.0,0.0,0.0,159.49640909830728,3.9784595934692684,162.35963875906808,3.7996136081538836,163.92682102748327,3.3702628221317332,-0.004981036701621533
2024-09-05,156.78362071540474,159.9981923507926,156.5252680695483,157.59844970703125,14139500,0.0,0.0,159.69116821289063,163.4264274597168,41.22163118161648,-3.0857487762789333,-2.7274804730674447,3.200326943602243,0.005005971630037909,0.0,0.0,0.0,0.0,0.0,0.0,0.0,0.0,0.0,17410700.0,26533100.0,18498800.0,0.0,0.0,0.0,0.0,0.0,0.0,0.0,0.0,0.0,0.0,0.0,0.0,0.0,0.0,0.0,0.0,0.0,0.0,0.0,0.0,0.0,0.0,0.0,0.0,157.3401082356771,0.4561301280619812,161.03519766671317,3.5747519222743946,163.60245295933314,3.752372156821522,0.04252938720698585
2024-09-06,157.6878830260937,158.21453488965136,150.97553566070164,151.1693115234375,24999100,0.0,0.0,157.45139770507814,162.84462509155273,29.615211806029606,-3.708683256664699,-2.9237210297868956,4.21576641820224,-0.04079442529761712,0.0,0.0,0.0,0.0,0.0,0.0,0.0,0.0,0.0,14139500.0,17410700.0,26533100.0,0.0,0.0,0.0,0.0,0.0,0.0,0.0,0.0,0.0,0.0,0.0,0.0,0.0,0.0,0.0,0.0,0.0,0.0,0.0,0.0,0.0,0.0,0.0,0.0,155.19373575846353,3.507285346957045,159.01233564104353,4.599371595555703,162.7074257986886,5.010775913851734,0.015982469410894096
2024-09-09,152.86079303597603,153.86573058964393,147.45797267088392,148.791259765625,28057700,0.2,0.0,154.39617919921875,162.06690826416016,18.541491628993114,-4.344175274608233,-3.2078118787511634,5.235648738100831,-0.015731048410866144,0.0,0.0,0.0,0.9592,0.9591999999999999,1.0,1176.0,1.0,0.0,24999100.0,14139500.0,17410700.0,0.0,0.0,0.0,0.0,0.0,0.0,0.0,0.0,0.0,0.0,0.0,0.0,0.0,0.0,0.0,0.0,0.0,0.0,0.0,0.0,0.0,0.0,0.0,0.0,152.5196736653646,4.556232775195305,156.9166303362165,5.490286497171092,161.3827612740653,6.038764759931545,-0.0031331554252822524
2024-09-10,150.69170364200158,151.53745385940596,148.79425408682712,149.2589111328125,20401800,0.0,0.0,152.7262756347656,161.3841194152832,18.295243015621224,-4.755256088154653,-3.5173007206318614,5.959646687129058,0.003143002942001649,0.0,0.0,0.0,0.0,0.0,0.0,0.0,0.0,0.0,28057700.0,24999100.0,14139500.0,0.0,0.0,0.0,0.0,0.0,0.0,0.0,0.0,0.0,0.9592,0.0,0.0,0.9591999999999999,0.0,0.0,1.0,0.0,0.0,1176.0,0.0,0.0,1.0,0.0,0.0,149.73982747395834,1.259858300006103,155.04387991768974,5.5562361277646115,160.05175127301897,6.527271069707868,-0.014065183284015625
2024-09-11,150.3335237150403,151.71656369963523,147.95549049886938,151.38821411132812,18991500,0.0,0.0,151.64122924804687,160.70942230224608,24.85777006505839,-4.85327807098713,-3.7844961907029155,6.297066654113213,0.014265834866106886,0.0,0.0,0.0,0.0,0.0,0.0,0.0,0.0,0.0,20401800.0,28057700.0,24999100.0,0.0,0.0,0.0,0.0,0.0,0.0,0.0,0.0,0.0,0.0,0.9592,0.0,0.0,0.9591999999999999,0.0,0.0,1.0,0.0,0.0,1176.0,0.0,0.0,1.0,0.0,149.81279500325522,1.3842447308437542,153.23257446289062,3.962440452463373,158.9672350202288,6.621367134721759,-0.02179506633171746
2024-09-12,154.03490489530117,154.83090254362375,152.7314661475892,154.76124572753906,20980800,0.0,0.0,151.07378845214845,160.39714431762695,34.60028769269296,-4.605694161417574,-3.9487357848458475,6.434896382154399,0.022280675123959703,0.0,0.0,0.0,0.0,0.0,0.0,0.0,0.0,0.0,18991500.0,20401800.0,28057700.0,0.0,0.0,0.0,0.0,0.0,0.0,0.0,0.0,0.0,0.0,0.0,0.9592,0.0,0.0,0.9591999999999999,0.0,0.0,1.0,0.0,0.0,1176.0,0.0,0.0,1.0,151.80279032389322,2.7744957334801366,152.8258340018136,3.5645540795387087,158.2755410330636,6.5099877439239275,-0.01786951856454322
2024-09-13,155.57913012080755,158.47753979735216,155.32839292130552,157.5770721435547,16733900,0.0,0.0,152.35534057617187,160.16901779174805,36.396799407948045,-4.13460729125876,-3.9859100861284302,6.450727210266369,0.01819464816775218,0.0,0.0,0.0,0.0,0.0,0.0,0.0,0.0,0.0,20980800.0,18991500.0,20401800.0,0.0,0.0,0.0,0.0,0.0,0.0,0.0,0.0,0.0,0.0,0.0,0.0,0.0,0.0,0.0,0.0,0.0,0.0,0.0,0.0,0.0,0.0,0.0,0.0,154.57551066080728,3.0986067953233305,152.93492344447546,3.7154224803160396,157.64728110177177,6.078568735479766,-0.0038996276790709272
2024-09-16,157.5372705899137,158.4427180193182,156.82087429218606,158.1939697265625,14157600,0.0,0.0,154.2358825683594,159.89373168945312,36.63214837567161,-3.669192901563804,-3.922566649215505,6.409471842201601,0.003914894309279937,0.0,0.0,0.0,0.0,0.0,0.0,0.0,0.0,0.0,16733900.0,20980800.0,18991500.0,0.0,0.0,0.0,0.0,0.0,0.0,0.0,0.0,0.0,0.0,0.0,0.0,0.0,0.0,0.0,0.0,0.0,0.0,0.0,0.0,0.0,0.0,0.0,0.0,156.8440958658854,1.8299833827352205,153.0199977329799,3.8445765349181658,157.02759769984655,5.478698084780529,-0.0080484002419553
2024-09-17,159.28845740813813,160.78094720498908,158.61186932111355,159.47750854492188,12064800,0.0,0.0,156.27960205078125,159.50077896118165,40.91124106661257,-3.1603472728275506,-3.7701227739379144,6.165415091829182,0.008113702567664083,0.0,0.0,0.0,0.0,0.0,0.0,0.0,0.0,0.0,14157600.0,16733900.0,20980800.0,0.0,0.0,0.0,0.0,0.0,0.0,0.0,0.0,0.0,0.0,0.0,0.0,0.0,0.0,0.0,0.0,0.0,0.0,0.0,0.0,0.0,0.0,0.0,0.0,158.4161834716797,0.9695095875231902,154.2068830217634,4.417732110787421,156.60960933140345,4.998821157394808,-0.003295798486335877
2024-09-18,160.0446605246212,160.82075399745483,158.8606162005211,160.00485229492188,16756500,0.0,0.0,158.0029296875,159.1063690185547,44.39849231741654,-2.6835963839563703,-3.5528174959416057,5.844237806578031,0.0033066966922890018,0.0,0.0,0.0,0.0,0.0,0.0,0.0,0.0,0.0,12064800.0,14157600.0,16733900.0,0.0,0.0,0.0,0.0,0.0,0.0,0.0,0.0,0.0,0.0,0.0,0.0,0.0,0.0,0.0,0.0,0.0,0.0,0.0,0.0,0.0,0.0,0.0,0.0,159.2254435221354,0.931384185436378,155.80882481166296,4.151748466380526,156.36272757393974,4.711498885099963,-0.014886137805562916
2024-09-19,163.9947900867692,164.16393711256978,161.70829153371122,162.42269897460938,17548200,0.0,0.0,159.53522033691405,158.89893188476563,50.08474278880124,-2.086614654592722,-3.259576927671829,5.635215061259325,0.01511108347658685,0.0,0.0,0.0,0.0,0.0,0.0,0.0,0.0,0.0,16756500.0,12064800.0,14157600.0,0.0,0.0,0.0,0.0,0.0,0.0,0.0,0.0,0.0,0.0,0.0,0.0,0.0,0.0,0.0,0.0,0.0,0.0,0.0,0.0,0.0,0.0,0.0,0.0,160.63501993815103,1.5704681183361389,157.68936593191964,3.6402612057517625,156.3666229248047,4.716865453651498,-0.008503398667545348
2024-09-20,163.69629475454033,163.92513895238736,162.36299225266765,163.81568908691406,46362700,0.0,0.0,160.78294372558594,158.86746826171876,49.605178805429496,-1.4839931237154929,-2.904460166880562,5.6042915140555225,0.00857632659165719,0.0,0.0,0.0,0.0,0.0,0.0,0.0,0.0,0.0,17548200.0,16756500.0,12064800.0,0.0,0.0,0.0,0.0,0.0,0.0,0.0,0.0,0.0,0.0,0.0,0.0,0.0,0.0,0.0,0.0,0.0,0.0,0.0,0.0,0.0,0.0,0.0,0.0,162.0810801188151,1.9282496845003703,159.46471949986048,3.035159769860248,156.34864698137557,4.685636695708157,0.009627732262598832
2024-09-23,164.51217902638942,165.77582469509017,162.1341457847575,162.25355529785156,15648400,0.0,0.0,161.59486083984376,158.6615104675293,58.61046040986542,-1.1195568063583607,-2.547479494776122,5.38537066107053,-0.009535922949563735,0.0,0.0,0.0,0.0,0.0,0.0,0.0,0.0,0.0,46362700.0,17548200.0,16756500.0,0.0,0.0,0.0,0.0,0.0,0.0,0.0,0.0,0.0,0.0,0.0,0.0,0.0,0.0,0.0,0.0,0.0,0.0,0.0,0.0,0.0,0.0,0.0,0.0,162.83064778645834,0.8572526865220391,160.53504943847656,2.341967310838475,156.6804417201451,4.93930195393145,-0.0034832100149410072
2024-09-24,163.4276404563426,163.72614146625725,161.21875423832304,162.82069396972656,18774100,0.0,0.0,162.26349792480468,158.45906829833984,61.23022399916934,-0.7760294635915841,-2.1931894885392142,5.130658988102908,0.0034953851755907817,0.0,0.0,0.0,0.0,0.0,0.0,0.0,0.0,0.0,15648400.0,46362700.0,17548200.0,0.0,0.0,0.0,0.0,0.0,0.0,0.0,0.0,0.0,0.0,0.0,0.0,0.0,0.0,0.0,0.0,0.0,0.0,0.0,0.0,0.0,0.0,0.0,0.0,162.96331278483072,0.7907721470492017,161.28413827078683,2.059751927026086,157.10953085763114,5.205503832888442,0.003988057843304249
2024-09-25,162.15403082295086,163.39478129853632,161.95999987599612,162.17393493652344,13607900,0.0,0.0,162.697314453125,158.30129776000976,58.598063149781595,-0.5496337821512896,-1.8644783472616295,4.953740017492969,-0.003972216414477203,0.0,0.0,0.0,0.0,0.0,0.0,0.0,0.0,0.0,18774100.0,15648400.0,46362700.0,0.0,0.0,0.0,0.0,0.0,0.0,0.0,0.0,0.0,0.0,0.0,0.0,0.0,0.0,0.0,0.0,0.0,0.0,0.0,0.0,0.0,0.0,0.0,0.0,162.4160614013672,0.3526761786925134,161.85270472935267,1.5510850909025646,157.4363512311663,5.379292899243078,-0.0051273953110767545
2024-09-26,164.2037392619377,164.67138731664284,162.68140076296737,163.00975036621094,18234500,0.0,0.0,162.81472473144532,158.27872543334962,78.17229949280966,-0.2993198802825532,-1.5514466538658145,4.929962312627991,0.005153820988648139,0.0,0.0,0.0,0.0,0.0,0.0,0.0,0.0,0.0,13607900.0,18774100.0,15648400.0,0.0,0.0,0.0,0.0,0.0,0.0,0.0,0.0,0.0,0.0,0.0,0.0,0.0,0.0,0.0,0.0,0.0,0.0,0.0,0.0,0.0,0.0,0.0,0.0,162.66812642415366,0.43829727365950016,162.35731070382255,1.1796890211874076,158.28209686279297,5.247353098603226,-0.008832913814074916
2024-09-27,163.08935245653072,166.13402946952368,163.00975117210305,164.46243286132812,13604300,0.0,0.0,162.94407348632814,158.38343887329103,89.00444343169647,0.016089556749733447,-1.237939411742705,5.042354665274393,0.008911629469118498,0.0,0.0,0.0,0.0,0.0,0.0,0.0,0.0,0.0,18234500.0,13607900.0,18774100.0,0.0,0.0,0.0,0.0,0.0,0.0,0.0,0.0,0.0,0.0,0.0,0.0,0.0,0.0,0.0,0.0,0.0,0.0,0.0,0.0,0.0,0.0,0.0,0.0,163.21537272135416,1.1580224966120711,162.99410792759485,0.8572145708864353,159.4014663696289,4.711116313805198,-0.01136431909250557
2024-09-30,163.9549832044503,166.52206755941856,163.81568475956325,166.35292053222656,14070100,0.0,0.0,163.76394653320312,158.49771728515626,89.73171314735384,0.4138299890632311,-0.9075855315815178,5.201346211657831,0.011494951388032026,0.0,0.0,0.0,0.0,0.0,0.0,0.0,0.0,0.0,13604300.0,18234500.0,13607900.0,0.0,0.0,0.0,0.0,0.0,0.0,0.0,0.0,0.0,0.0,0.0,0.0,0.0,0.0,0.0,0.0,0.0,0.0,0.0,0.0,0.0,0.0,0.0,0.0,164.60836791992188,1.6763560095424663,163.5555681501116,1.4808416398812265,160.62246704101562,4.048831847469531,-0.007303108362448296
2024-10-01,168.01455114299765,169.58664220950388,165.06936461206638,167.57675170898438,18629500,0.0,0.0,164.71515808105468,158.99613342285156,89.2805096945032,0.8183615328785265,-0.562396118689509,5.575773277812303,0.007356836133939337,0.0,0.0,0.0,0.0,0.0,0.0,0.0,0.0,0.0,14070100.0,13604300.0,18234500.0,0.0,0.0,0.0,0.0,0.0,0.0,0.0,0.0,0.0,0.0,0.0,0.0,0.0,0.0,0.0,0.0,0.0,0.0,0.0,0.0,0.0,0.0,0.0,0.0,166.13070170084634,1.5690064939258768,164.09286281040735,2.1306809249213443,161.77879115513392,3.4805057430397466,0.0066344153110438064
2024-10-02,166.92004918909535,168.0344518665626,165.41761496395566,166.47230529785156,12745000,0.0,0.0,165.5748321533203,159.47907638549805,81.93158160132204,1.037872156542278,-0.24234246364315165,5.79091870212187,-0.006590689936816552,0.0,0.0,0.0,0.0,0.0,0.0,0.0,0.0,0.0,18629500.0,14070100.0,13604300.0,0.0,0.0,0.0,0.0,0.0,0.0,0.0,0.0,0.0,0.0,0.0,0.0,0.0,0.0,0.0,0.0,0.0,0.0,0.0,0.0,0.0,0.0,0.0,0.0,166.8006591796875,0.6747613586213326,164.69554138183594,2.1203361142766046,162.61529541015625,3.044133613936592,0.0005978863493163455
2024-10-03,164.98979319819588,167.06932551240774,164.54203407568193,166.37283325195312,11004300,0.0,0.0,166.24744873046876,159.91779556274415,78.15295141551316,1.1900907194944068,0.04414417298436005,5.970531518159877,-0.0005975290948272427,0.0,0.0,0.0,0.0,0.0,0.0,0.0,0.0,0.0,12745000.0,18629500.0,14070100.0,0.0,0.0,0.0,0.0,0.0,0.0,0.0,0.0,0.0,0.0,0.0,0.0,0.0,0.0,0.0,0.0,0.0,0.0,0.0,0.0,0.0,0.0,0.0,0.0,166.8072967529297,0.6682210480271502,165.20298985072546,2.0195164018418548,163.24356406075614,2.8240320187677206,-0.008008869448304257
2024-10-04,168.49214266571013,168.70109791526065,166.1240692043542,167.71604919433594,11422100,0.0,0.0,166.8981719970703,160.74513244628906,79.1236023644647,1.4029391192681544,0.3159031622411189,5.839451785356713,0.008073529290377968,0.0,0.0,0.0,0.0,0.0,0.0,0.0,0.0,0.0,11004300.0,12745000.0,18629500.0,0.0,0.0,0.0,0.0,0.0,0.0,0.0,0.0,0.0,0.0,0.0,0.0,0.0,0.0,0.0,0.0,0.0,0.0,0.0,0.0,0.0,0.0,0.0,0.0,166.85372924804688,0.748445348241701,165.99472045898438,1.694260462203776,163.92371259416853,2.655984981776171,0.02536652287294161
2024-10-07,168.2931425612473,169.0493318975737,163.30823229275637,163.56692504882812,14034700,0.0,0.0,166.34097290039062,161.48391571044922,60.64215724426245,1.2227285135316208,0.49726823249921936,5.140326495440112,-0.024738980946898748,0.0,0.0,0.0,0.0,0.0,0.0,0.0,0.0,0.0,11422100.0,11004300.0,12745000.0,0.0,0.0,0.0,0.0,0.0,0.0,0.0,0.0,0.0,0.0,0.0,0.0,0.0,0.0,0.0,0.0,0.0,0.0,0.0,0.0,0.0,0.0,0.0,0.0,165.88526916503906,2.11709632464966,166.0743168422154,1.5363867835488114,164.21581377301897,2.3348426800543254,-0.007905825333291872
2024-10-08,164.60170892751768,165.2683676961341,163.48732146187328,164.870361328125,11723900,0.0,0.0,165.79969482421876,162.26448822021484,62.17023504912887,1.1715814627870316,0.6321308785567819,4.303411017057678,0.007968825475613617,0.0,0.0,0.0,0.0,0.0,0.0,0.0,0.0,0.0,14034700.0,11422100.0,11004300.0,0.0,0.0,0.0,0.0,0.0,0.0,0.0,0.0,0.0,0.0,0.0,0.0,0.0,0.0,0.0,0.0,0.0,0.0,0.0,0.0,0.0,0.0,0.0,0.0,165.3844451904297,2.1217962807066137,166.1325923374721,1.471420672378461,164.5633501325335,1.9975883356445325,0.016190380798275505
2024-10-09,164.02958688197026,165.42755100383786,160.31328696387484,162.2435760498047,19666400,0.0,0.0,164.95394897460938,162.80725631713867,49.55658951271306,0.9086135066648922,0.6874274041784039,3.461690611759926,-0.01593242871041256,0.0,0.0,0.0,0.0,0.0,0.0,0.0,0.0,0.0,11723900.0,14034700.0,11422100.0,0.0,0.0,0.0,0.0,0.0,0.0,0.0,0.0,0.0,0.0,0.0,0.0,0.0,0.0,0.0,0.0,0.0,0.0,0.0,0.0,0.0,0.0,0.0,0.0,163.56028747558594,1.3134052183670684,165.54554312569755,2.067768060157442,164.55055563790458,2.0128690142492003,-0.0007353894791845006
2024-10-10,161.2983412910555,163.48832523779743,160.830693292667,162.36297607421875,12900500,0.0,0.0,164.1519775390625,163.18734283447264,46.16186562236192,0.7017546996088697,0.690292863264497,2.904194056627873,0.000735930674860219,0.0,0.0,0.0,-0.296,-0.296,1.0,1.0,0.0,0.0,19666400.0,11723900.0,14034700.0,0.0,0.0,0.0,0.0,0.0,0.0,0.0,0.0,0.0,0.0,0.0,0.0,0.0,0.0,0.0,0.0,0.0,0.0,0.0,0.0,0.0,0.0,0.0,0.0,163.15897115071616,1.483309254995739,164.80071803501673,2.1514941444662887,164.44679042271204,2.089646199574199,-0.008145041014168575
2024-10-11,162.51224469965817,164.44253397867172,161.68639850387447,163.6962890625,10946000,0.0,0.0,163.3480255126953,163.49330368041993,53.85842130821747,0.6380497791901689,0.6798442464496315,2.5870544875051444,0.008211927500465288,0.0,0.0,0.0,0.0,0.0,0.0,0.0,0.0,0.0,12900500.0,19666400.0,11723900.0,0.0,0.0,0.0,0.0,0.0,0.0,0.0,0.0,0.0,-0.296,0.0,0.0,-0.296,0.0,0.0,1.0,0.0,0.0,1.0,0.0,0.0,0.0,0.0,0.0,162.76761372884116,0.8064691550004723,164.40414428710938,2.045247602671344,164.54984283447266,2.007109879651256,-0.011000954981460365
2024-10-14,164.08434289007533,166.78076613469128,163.95498890732665,165.5171356201172,9981800,0.0,0.0,163.73806762695312,163.85946197509764,56.758129381727954,0.726120011045964,0.6890993993688981,2.299836206244279,0.011123322147650994,0.0,0.0,0.0,0.0,0.0,0.0,0.0,0.0,0.0,10946000.0,12900500.0,19666400.0,0.0,0.0,0.0,0.0,0.0,0.0,0.0,0.0,0.0,0.0,-0.296,0.0,0.0,-0.296,0.0,0.0,1.0,0.0,0.0,1.0,0.0,0.0,0.0,0.0,163.85880025227866,1.5833470956640763,164.28190176827567,1.9303124691171782,164.74244580950057,1.9571707945944112,-0.003295264239523754
2024-10-15,166.30316540961533,168.24339914310818,165.21862644863623,166.06436157226562,14829300,0.0,0.0,163.97686767578125,164.18880462646484,59.79952263633883,0.8304993853374185,0.7173793965626022,2.102459958497919,0.0033061589067393538,0.0,0.0,0.0,0.0,0.0,0.0,0.0,0.0,0.0,9981800.0,10946000.0,12900500.0,0.0,0.0,0.0,0.0,0.0,0.0,0.0,0.0,0.0,0.0,0.0,-0.296,0.0,0.0,-0.296,0.0,0.0,1.0,0.0,0.0,1.0,0.0,0.0,0.0,165.09259541829428,1.239805484783655,164.0459463936942,1.4916828979346217,165.02033342633928,1.836925515485243,0.0009594618184414205
2024-10-16,165.1987299888625,166.44247156571197,164.38881008946538,165.90518188476562,9968500,0.0,0.0,164.70918884277344,164.48382110595702,57.550628665290944,0.8901156222001418,0.7519266416901103,1.8874407482006714,-0.0009585421338625943,0.0,0.0,0.0,0.0,0.0,0.0,0.0,0.0,0.0,14829300.0,9981800.0,10946000.0,0.0,0.0,0.0,0.0,0.0,0.0,0.0,0.0,0.0,0.0,0.0,0.0,0.0,0.0,0.0,0.0,0.0,0.0,0.0,0.0,0.0,0.0,0.0,0.0,165.82889302571616,0.28147655885938205,164.3799830845424,1.6225976495799195,165.2271499633789,1.754281114555818,0.013555447254997244
2024-10-17,166.5419813924231,167.08921555487154,163.54704187901646,163.68634033203125,15113400,0.0,0.0,164.97386169433594,164.54700317382813,48.05389198645201,0.7496781269633175,0.7514769387447517,1.8352417114839112,-0.013374154607633248,0.0,0.0,0.0,0.0,0.0,0.0,0.0,0.0,0.0,9968500.0,14829300.0,9981800.0,0.0,0.0,0.0,0.0,0.0,0.0,0.0,0.0,0.0,0.0,0.0,0.0,0.0,0.0,0.0,0.0,0.0,0.0,0.0,0.0,0.0,0.0,0.0,0.0,165.2186279296875,1.3293846338348971,164.2108372279576,1.6246710433842932,165.17171478271484,1.7921583081654553,-0.003271712306365804
2024-10-18,164.0445261393487,165.53701595857945,163.92513181217555,164.2236328125,13091300,0.0,0.0,165.07933044433594,164.56740036010743,44.27192324964144,0.6739663484879941,0.7359748206934003,1.8289421423979006,0.0032824515434755064,0.0,0.0,0.0,0.8927,0.0,1.0,0.0,1.0,0.0,15113400.0,9968500.0,14829300.0,0.0,0.0,0.0,0.0,0.0,0.0,0.0,0.0,0.0,0.0,0.0,0.0,0.0,0.0,0.0,0.0,0.0,0.0,0.0,0.0,0.0,0.0,0.0,0.0,164.60505167643228,1.1575511744011764,164.4937024797712,1.378845768774094,165.01962280273438,1.774467916656616,-0.004523622927397386
2024-10-21,163.75600135215944,165.38778977894833,163.48236908152037,164.9698944091797,11384000,0.0,0.0,164.96988220214843,164.70321731567384,42.8022524796066,0.6664983149619559,0.7220795195471114,1.7470991811024046,0.00454417908007021,0.0,0.0,0.0,0.0,0.0,0.0,0.0,0.0,0.0,13091300.0,15113400.0,9968500.0,0.0,0.0,0.0,0.0,0.0,0.0,0.0,0.0,0.0,0.8927,0.0,0.0,0.0,0.0,0.0,1.0,0.0,0.0,0.0,0.0,0.0,1.0,0.0,0.0,164.2932891845703,0.6446059066347463,164.86611938476562,1.010214268099457,164.8334187098912,1.6151144328458291,-0.0061142796942593725
2024-10-22,163.87537583552393,166.63151123094954,163.84552725432798,165.98477172851562,11958600,0.0,0.0,164.95396423339844,164.86142120361328,48.64718848414487,0.7340107436283461,0.7244657643633583,1.7105350591864954,0.0061518940954081724,0.0,0.0,0.0,0.0,0.0,0.0,0.0,0.0,0.0,11384000.0,13091300.0,15113400.0,0.0,0.0,0.0,0.0,0.0,0.0,0.0,0.0,0.0,0.0,0.8927,0.0,0.0,0.0,0.0,0.0,1.0,0.0,0.0,0.0,0.0,0.0,1.0,0.0,165.05943298339844,0.8839770571574967,165.19304547991072,0.9361189905050589,164.79859488351005,1.5819758080994533,0.01422670744591037
2024-10-23,165.59671260428982,166.76086802015365,162.81371951175345,163.65647888183594,12754300,0.0,0.0,164.5042236328125,164.9355484008789,43.29232037583112,0.5928075390747836,0.6981341193056434,1.6175367940326641,-0.014027147324622291,0.0,0.0,0.0,0.0,0.0,0.0,0.0,0.0,0.0,11958600.0,11384000.0,13091300.0,0.0,0.0,0.0,0.0,0.0,0.0,0.0,0.0,0.0,0.0,0.0,0.8927,0.0,0.0,0.0,0.0,0.0,1.0,0.0,0.0,0.0,0.0,0.0,1.0,164.8703816731771,1.1673319936696727,164.92723737444197,1.0816143363138009,164.6045695713588,1.5400693781170258,-0.0003039524443517738
2024-10-24,163.76593495863472,164.2236385327271,161.9550551430686,163.70623779296875,12764400,0.0,0.0,164.508203125,164.9703727722168,39.422610168481846,0.47939197811521694,0.6543856910675581,1.5809779133006836,0.0003040448595301726,0.0,0.0,0.0,0.0,0.0,0.0,0.0,0.0,0.0,12754300.0,11958600.0,11384000.0,0.0,0.0,0.0,0.0,0.0,0.0,0.0,0.0,0.0,0.0,0.0,0.0,0.0,0.0,0.0,0.0,0.0,0.0,0.0,0.0,0.0,0.0,0.0,0.0,164.44916280110678,1.3301090446886055,164.59036254882812,1.0346282291138205,164.31815447126115,1.2652394716581628,-0.014731296414695727
2024-10-25,164.5370363890358,166.56183577128613,164.40270260630305,166.15390014648438,14566400,0.0,0.0,164.89425659179688,165.0549461364746,57.497099152386475,0.5803255927081068,0.6395736713956679,1.597531205498279,0.014951552161445836,0.0,0.0,0.0,0.0,0.0,0.0,0.0,0.0,0.0,12764400.0,12754300.0,11958600.0,0.0,0.0,0.0,0.0,0.0,0.0,0.0,0.0,0.0,0.0,0.0,0.0,0.0,0.0,0.0,0.0,0.0,0.0,0.0,0.0,0.0,0.0,0.0,0.0,164.5055389404297,1.4277394673149106,164.62589372907365,1.0900914422360004,164.50293840680803,1.3341199077585815,-0.008019608832720238
2024-10-28,169.7358967018464,169.7518230313522,164.95992601392894,167.49716186523438,20858300,0.0,0.0,165.39971008300782,165.112158203125,57.59498250264269,0.7599460193953007,0.6636481409955944,1.665504962476444,0.008084442902428046,0.0,0.0,0.0,0.0,0.0,0.0,0.0,0.0,0.0,14566400.0,12764400.0,12754300.0,0.0,0.0,0.0,0.0,0.0,0.0,0.0,0.0,0.0,0.0,0.0,0.0,0.0,0.0,0.0,0.0,0.0,0.0,0.0,0.0,0.0,0.0,0.0,0.0,165.7857666015625,1.922086902456063,165.17029680524553,1.438552123550655,164.69056701660156,1.556027947408502,-0.016360781115937528
2024-10-29,168.53690899703057,170.99952311258303,167.8155480737852,170.2831268310547,28916100,0.0,0.0,166.25938110351564,165.24747695922852,73.03308601735,1.1142561399205704,0.7537697407805897,1.9601651502317439,0.016632908491081455,0.0,0.0,0.0,0.0,0.0,0.0,0.0,0.0,0.0,20858300.0,14566400.0,12764400.0,0.0,0.0,0.0,0.0,0.0,0.0,0.0,0.0,0.0,0.0,0.0,0.0,0.0,0.0,0.0,0.0,0.0,0.0,0.0,0.0,0.0,0.0,0.0,0.0,167.97806294759116,2.1061998104170074,166.0359388078962,2.3243672577502545,165.2648206438337,2.002846396424542,-0.02838656539884543
2024-10-30,181.49671405969505,182.86979435775086,174.86507585018174,175.2581024169922,49698300,0.0,0.0,168.57970581054687,165.68676681518554,78.9027887884834,1.7760156128294398,0.9582189151903597,2.97228962739312,0.02921590458503487,0.0,0.0,0.0,0.0,0.0,0.0,0.0,0.0,0.0,28916100.0,20858300.0,14566400.0,0.0,0.0,0.0,0.0,0.0,0.0,0.0,0.0,0.0,0.0,0.0,0.0,0.0,0.0,0.0,0.0,0.0,0.0,0.0,0.0,0.0,0.0,0.0,0.0,171.0127970377604,3.931585369783421,167.50568280901228,4.107045123211637,166.18590109688895,3.1830760137043903,0.019977889570223173
2024-10-31,173.8452288408367,177.52670097730407,171.69603969069405,171.8253936767578,32801900,0.0,0.0,170.2035369873047,165.9593948364258,66.65312116492981,2.0004143247156776,1.1666579970954234,3.2733464188945915,-0.01958659082172942,0.0,0.0,0.0,0.5707,0.5707,1.0,1635.0,1.0,0.0,49698300.0,28916100.0,20858300.0,0.0,0.0,0.0,0.0,0.0,0.0,0.0,0.0,0.0,0.0,0.0,0.0,0.0,0.0,0.0,0.0,0.0,0.0,0.0,0.0,0.0,0.0,0.0,0.0,172.4555409749349,2.5466467625523403,168.34005737304688,4.333597099772844,166.7665514264788,3.426157177008319,0.00023174343186349589
2024-11-01,170.68114034943142,172.94973899268834,169.4573028676897,171.78558349609375,21752900,0.0,0.0,171.32987365722656,166.16287155151366,63.85224149849105,2.15025279597279,1.3633769568708969,3.5064731349539864,-0.00023168973928822112,0.0,0.0,0.0,0.0,0.0,0.0,0.0,0.0,0.0,32801900.0,49698300.0,28916100.0,0.0,0.0,0.0,0.0,0.0,0.0,0.0,0.0,0.0,0.5707,0.0,0.0,0.5707,0.0,0.0,1.0,0.0,0.0,1635.0,0.0,0.0,1.0,0.0,0.0,172.95635986328125,1.993466904740028,169.50135803222656,3.9407230972063556,167.21429770333427,3.6524402578262096,0.011542201711298272
2024-11-04,170.38263311364355,171.05922117064537,168.636415270449,169.82542419433594,16194000,0.0,0.0,171.79552612304687,166.47579650878907,57.82281964907203,2.086777320082774,1.5080570295132725,3.5416962641013803,-0.011410499425304699,0.0,0.0,0.0,0.0,0.0,0.0,0.0,0.0,0.0,21752900.0,32801900.0,49698300.0,0.0,0.0,0.0,0.0,0.0,0.0,0.0,0.0,0.0,0.0,0.5707,0.0,0.0,0.5707,0.0,0.0,1.0,0.0,0.0,1635.0,0.0,0.0,1.0,0.0,171.14546712239584,1.1433639890960767,170.37552751813615,3.0096562769533133,167.48294503348214,3.6993698724907964,-0.004258906592854994
2024-11-05,169.974690451263,171.23534513726273,169.51698689827467,170.55178833007812,12518300,0.0,0.0,171.84925842285156,166.7598678588867,59.441930206859254,2.0712084615377364,1.6206873159181654,3.632825438638881,0.004277122457889471,0.0,0.0,0.0,0.0,0.0,0.0,0.0,0.0,0.0,16194000.0,21752900.0,32801900.0,0.0,0.0,0.0,0.0,0.0,0.0,0.0,0.0,0.0,0.0,0.0,0.5707,0.0,0.0,0.5707,0.0,0.0,1.0,0.0,0.0,1635.0,0.0,0.0,1.0,170.72093200683594,0.9909658468419318,171.00379725864954,2.3732556953565918,167.8148454938616,3.7549519991054705,-0.03880450488931486
2024-11-06,174.47207339798842,177.74559452782626,174.1636127356215,177.43714904785156,27061500,0.0,0.0,172.28506774902343,167.51954650878906,73.48738727045551,2.584666667097906,1.8134831861541136,4.185288781748027,0.04037108484871377,0.0,0.0,0.0,0.0,0.0,0.0,0.0,0.0,0.0,12518300.0,16194000.0,21752900.0,0.0,0.0,0.0,0.0,0.0,0.0,0.0,0.0,0.0,0.0,0.0,0.0,0.0,0.0,0.0,0.0,0.0,0.0,0.0,0.0,0.0,0.0,0.0,0.0,172.60478719075522,4.2006775706858,172.42379542759485,2.8510470426337324,168.7970461164202,4.344171662523484,-0.021669948373275294
2024-11-07,178.21324378642106,181.66587162058457,177.99434405416227,181.36737060546875,16730400,0.0,0.0,174.19346313476564,168.46976623535156,76.2412076357287,3.271015793804281,2.1049897076841475,5.025879679674848,0.02214993635046114,0.0,0.0,0.0,0.0,0.0,0.0,0.0,0.0,0.0,27061500.0,12518300.0,16194000.0,0.0,0.0,0.0,0.0,0.0,0.0,0.0,0.0,0.0,0.0,0.0,0.0,0.0,0.0,0.0,0.0,0.0,0.0,0.0,0.0,0.0,0.0,0.0,0.0,176.4521026611328,5.4746636679276035,174.00725882393974,4.215534684650936,170.02159881591797,5.2728425756073545,0.01345481736894305
2024-11-08,181.08878831929775,181.43704206209998,178.6709617847813,178.95950317382812,15021500,0.0,0.0,175.6282470703125,169.23292694091796,70.37680587356473,3.5793965874883327,2.3998710836449844,5.40725670307033,-0.013276188674965717,0.0,0.0,0.0,0.0,0.0,0.0,0.0,0.0,0.0,16730400.0,27061500.0,12518300.0,0.0,0.0,0.0,0.0,0.0,0.0,0.0,0.0,0.0,0.0,0.0,0.0,0.0,0.0,0.0,0.0,0.0,0.0,0.0,0.0,0.0,0.0,0.0,0.0,179.25467427571616,1.9816671914153174,174.53603036063058,4.6120731980601075,171.02085658482142,5.5596381067122875,-0.011595181713075275
2024-11-11,179.16843317370558,181.1733438684625,179.0888318956577,181.0589141845703,12503400,0.0,0.0,177.87494506835938,170.01001586914063,71.28405527698169,3.947689009750235,2.7094346688660345,5.9360610770772215,0.011731207192182236,0.0,0.0,0.0,0.0,0.0,0.0,0.0,0.0,0.0,15021500.0,16730400.0,27061500.0,0.0,0.0,0.0,0.0,0.0,0.0,0.0,0.0,0.0,0.0,0.0,0.0,0.0,0.0,0.0,0.0,0.0,0.0,0.0,0.0,0.0,0.0,0.0,0.0,180.46192932128906,1.3102479106371072,175.85510471888952,5.010789643624373,172.09758104596818,5.954921934459743,-0.007364202568733158
2024-11-12,180.47187140805784,183.10361748976914,180.08382466749606,182.40216064453125,14065800,0.0,0.0,180.24501953125,170.8269058227539,77.22544126322526,4.298402858644664,3.027228306821761,6.46509039087917,0.007418836382679483,0.0,0.0,0.0,0.0,0.0,0.0,0.0,0.0,0.0,12503400.0,15021500.0,16730400.0,0.0,0.0,0.0,0.0,0.0,0.0,0.0,0.0,0.0,0.0,0.0,0.0,0.0,0.0,0.0,0.0,0.0,0.0,0.0,0.0,0.0,0.0,0.0,0.0,180.8068593343099,1.735114218373433,177.37175859723772,5.177665859561973,173.43655831473214,6.018090365285922,0.01567951385673161
2024-11-13,181.2380114579533,181.70069485027344,179.21817640799486,179.58633422851562,13969700,0.0,0.0,180.67485656738282,171.5109634399414,71.34832428706815,4.299569688738529,3.2816965832051146,6.638389169241552,-0.015437461958047516,0.0,0.0,0.0,0.0,0.0,0.0,0.0,0.0,0.0,14065800.0,12503400.0,15021500.0,0.0,0.0,0.0,0.0,0.0,0.0,0.0,0.0,0.0,0.0,0.0,0.0,0.0,0.0,0.0,0.0,0.0,0.0,0.0,0.0,0.0,0.0,0.0,0.0,181.01580301920572,1.4084081548744793,178.76617431640625,3.983209728364195,174.5708509172712,5.518878661194061,0.017705125902569785
2024-11-14,178.85002901621897,179.541556582856,175.14865307038795,176.46205139160156,17925800,0.0,0.0,179.69379272460938,172.1497489929199,63.61011083429735,4.002255386992857,3.425808343962663,6.458057431384326,-0.017397107916566457,0.0,0.0,0.0,0.0,0.0,0.0,0.0,0.0,0.0,13969700.0,14065800.0,12503400.0,0.0,0.0,0.0,0.0,0.0,0.0,0.0,0.0,0.0,0.0,0.0,0.0,0.0,0.0,0.0,0.0,0.0,0.0,0.0,0.0,0.0,0.0,0.0,0.0,179.48351542154947,2.9713891136107407,179.6104976109096,2.1617288984184118,175.30714743477958,4.969878538163826,0.019897703474125672
2024-11-15,174.76060146772068,174.99940529649922,171.88009196154317,173.0193634033203,21708900,0.0,0.0,178.50576477050782,172.58953552246095,56.90812517823731,3.449076702662637,3.430462015702658,6.183544706634689,-0.019509509048159623,0.0,0.0,0.0,0.0,0.0,0.0,0.0,0.0,0.0,17925800.0,13969700.0,14065800.0,0.0,0.0,0.0,0.0,0.0,0.0,0.0,0.0,0.0,0.0,0.0,0.0,0.0,0.0,0.0,0.0,0.0,0.0,0.0,0.0,0.0,0.0,0.0,0.0,176.35591634114584,3.2847716726498324,178.97938537597656,3.2652186903759084,175.70159040178572,4.499195590601384,-0.016459369022824966
2024-11-18,174.07904641414385,176.02426004579834,173.546721379973,175.91481018066406,18662800,0.0,0.0,177.47694396972656,173.13678131103515,57.02583896296928,3.20734469344373,3.3858385512508726,5.9537570598876375,0.016734813493644918,0.0,0.0,0.0,0.0,0.0,0.0,0.0,0.0,0.0,21708900.0,17925800.0,13969700.0,0.0,0.0,0.0,0.0,0.0,0.0,0.0,0.0,0.0,0.0,0.0,0.0,0.0,0.0,0.0,0.0,0.0,0.0,0.0,0.0,0.0,0.0,0.0,0.0,175.13207499186197,1.8500083589015348,178.20044817243303,3.250945095350217,176.1038534981864,4.220610503934042,-0.015480489802331854
2024-11-19,174.3576310893563,179.26792001994184,174.2392236211427,178.68087768554688,15392900,0.0,0.0,176.7326873779297,173.7715866088867,54.519176102309075,3.202057539106846,3.3490823488220673,5.82654292939186,0.015723903530590055,0.0,0.0,0.0,0.0,0.0,0.0,0.0,0.0,0.0,18662800.0,21708900.0,17925800.0,0.0,0.0,0.0,0.0,0.0,0.0,0.0,0.0,0.0,0.0,0.0,0.0,0.0,0.0,0.0,0.0,0.0,0.0,0.0,0.0,0.0,0.0,0.0,0.0,175.8716837565104,2.8310035161244205,178.16064453125,3.2417953305449436,176.3483374459403,4.2667329827390335,0.012688145689734531
2024-11-20,177.93464379793505,178.21324069190095,174.45216744096942,176.44215393066406,15729800,0.0,0.0,176.10385131835938,174.41087036132814,56.29406997275712,2.9828368475518516,3.2758332485680244,5.3393588163278425,-0.012529173708350827,0.0,0.0,0.0,0.0,0.0,0.0,0.0,0.0,0.0,15392900.0,18662800.0,21708900.0,0.0,0.0,0.0,0.0,0.0,0.0,0.0,0.0,0.0,0.0,0.0,0.0,0.0,0.0,0.0,0.0,0.0,0.0,0.0,0.0,0.0,0.0,0.0,0.0,177.01261393229166,1.468622082254207,177.50110735212053,3.015618778880766,176.678106035505,4.063859979930456,0.047801963449618956
2024-11-21,174.5765335052864,174.70090765512782,164.48232325308783,168.3926544189453,38839400,0.0,0.0,174.48997192382814,174.64519119262695,46.20351737945225,2.1349649846004297,3.0476595957745056,4.932160509225003,-0.045621181403634026,0.0,0.0,0.0,0.0,0.0,0.0,0.0,0.0,0.0,15729800.0,15392900.0,18662800.0,0.0,0.0,0.0,0.0,0.0,0.0,0.0,0.0,0.0,0.0,0.0,0.0,0.0,0.0,0.0,0.0,0.0,0.0,0.0,0.0,0.0,0.0,0.0,0.0,174.5052286783854,5.410697188953215,175.49974931989397,3.7742392912559293,176.43575395856584,4.4599422336479115,0.016029200647377007
2024-11-22,166.32308060039298,167.4225439255199,164.88034337851366,165.7360382080078,24497000,0.0,0.0,173.03330688476564,174.62429809570312,45.49444711562709,1.2344240268901956,2.6850124819976435,4.97075760046738,-0.015776318866784322,0.0,0.0,0.0,0.0,0.0,0.0,0.0,0.0,0.0,38839400.0,15729800.0,15392900.0,0.0,0.0,0.0,0.0,0.0,0.0,0.0,0.0,0.0,0.0,0.0,0.0,0.0,0.0,0.0,0.0,0.0,0.0,0.0,0.0,0.0,0.0,0.0,0.0,170.1902821858724,5.57483880108179,173.52113560267858,4.7730979830242575,176.1436549595424,5.024379437034507,-0.01687999007980512
2024-11-25,167.1489180596247,169.60655255064373,166.56186051570637,168.58169555664062,21395700,0.0,0.0,171.56668395996093,174.67852478027345,47.92625810306391,0.7418084892373429,2.2963716834455834,4.894241273710379,0.017169816410486094,0.0,0.0,0.0,0.0,0.0,0.0,0.0,0.0,0.0,24497000.0,38839400.0,15729800.0,0.0,0.0,0.0,0.0,0.0,0.0,0.0,0.0,0.0,0.0,0.0,0.0,0.0,0.0,0.0,0.0,0.0,0.0,0.0,0.0,0.0,0.0,0.0,0.0,167.57012939453125,1.5911794362350555,172.39537048339844,4.891701113410737,176.002934047154,5.21694043707381,-0.0069745303851860285
2024-11-26,168.64139984017382,170.63635084555315,168.58168749606043,169.76573181152344,14937500,0.0,0.0,169.78365478515624,174.65265502929688,40.823573818582176,0.4418555215029585,1.9254684510570585,4.919996694489718,0.007023516111718031,0.0,0.0,0.0,0.0,0.0,0.0,0.0,0.0,0.0,21395700.0,24497000.0,38839400.0,0.0,0.0,0.0,0.0,0.0,0.0,0.0,0.0,0.0,0.0,0.0,0.0,0.0,0.0,0.0,0.0,0.0,0.0,0.0,0.0,0.0,0.0,0.0,0.0,168.02782185872397,2.0711566067022544,171.9305659702846,4.976373653412993,175.45497567313058,5.452283780894976,-0.0011709509364106196
2024-11-27,169.82543856885383,170.28314213857163,168.82050086416712,169.96475219726562,12433400,0.0,0.0,168.48817443847656,174.38798751831055,35.02350842736037,0.21769051463061828,1.5839128637717705,5.0269268136070835,0.001172323669909714,0.0,0.0,0.0,0.0,0.0,0.0,0.0,0.0,0.0,14937500.0,21395700.0,24497000.0,0.0,0.0,0.0,0.0,0.0,0.0,0.0,0.0,0.0,0.0,0.0,0.0,0.0,0.0,0.0,0.0,0.0,0.0,0.0,0.0,0.0,0.0,0.0,0.0,169.43739318847656,0.7477072330345947,171.08055768694197,4.681851338240319,174.6405029296875,5.351888219181384,0.0019356334200482106
2024-11-29,169.20854333908335,170.0144854122663,167.90510465950186,169.6363983154297,9250700,0.0,0.0,168.73692321777344,174.27853775024414,37.04724097301455,0.01338838460264924,1.2698079679379464,5.108821052173292,-0.0019318939814935154,0.0,0.0,0.0,0.0,0.0,0.0,0.0,0.0,0.0,12433400.0,14937500.0,21395700.0,0.0,0.0,0.0,0.0,0.0,0.0,0.0,0.0,0.0,0.0,0.0,0.0,0.0,0.0,0.0,0.0,0.0,0.0,0.0,0.0,0.0,0.0,0.0,0.0,169.7889607747396,0.16540482604216786,169.78848920549666,3.269888815750689,173.97456686837333,5.353172357733905,-0.01439476140191831
2024-12-02,169.46726672939872,172.7308435500895,169.41751402774815,172.1139373779297,16593400,0.0,0.0,170.01250305175782,174.29495544433593,37.70179596097591,0.050808482761880214,1.0260080709027333,5.100909523462214,0.01460499684680383,0.0,0.0,0.0,0.0,0.0,0.0,0.0,0.0,0.0,9250700.0,12433400.0,14937500.0,0.0,0.0,0.0,0.0,0.0,0.0,0.0,0.0,0.0,0.0,0.0,0.0,0.0,0.0,0.0,0.0,0.0,0.0,0.0,0.0,0.0,0.0,0.0,0.0,170.57169596354166,1.3456728811710335,169.17017255510603,1.9413605096648379,173.33563995361328,4.962107838109879,-0.00023115921649430327
2024-12-03,172.25322251301944,173.4472265307308,171.64627603755983,172.1537322998047,15721500,0.0,0.0,170.72691040039064,174.41137084960937,35.38592425775428,0.08272173311868869,0.8373508033459244,5.019453510789957,0.0002312126634325118,0.0,0.0,0.0,0.0,0.0,0.0,0.0,0.0,0.0,16593400.0,9250700.0,12433400.0,0.0,0.0,0.0,0.0,0.0,0.0,0.0,0.0,0.0,0.0,0.0,0.0,0.0,0.0,0.0,0.0,0.0,0.0,0.0,0.0,0.0,0.0,0.0,0.0,171.30135599772134,1.4420329302127932,169.7074693952288,2.1942942224550808,172.6036093575614,4.2225186588366075,-0.017434165205451713
2024-12-04,171.91491854526802,175.546637539585,171.88506996478583,175.20834350585938,18239800,0.0,0.0,171.8154327392578,174.64419860839843,43.799290621350345,0.3504549829340249,0.7399716392635445,4.9383460382534174,0.01774350846332573,0.0,0.0,0.0,0.0,0.0,0.0,0.0,0.0,0.0,15721500.0,16593400.0,9250700.0,0.0,0.0,0.0,0.0,0.0,0.0,0.0,0.0,0.0,0.0,0.0,0.0,0.0,0.0,0.0,0.0,0.0,0.0,0.0,0.0,0.0,0.0,0.0,0.0,173.1586710611979,1.775179922361379,171.06065586635046,2.2568088729802853,172.29089573451452,3.807308414637648,0.01021160201770388
2024-12-05,176.43221051980993,176.82025728032713,173.13877010644495,173.43727111816406,16145500,0.0,0.0,172.5099365234375,174.44420471191407,45.54512807374747,0.41494158382297996,0.6749656281754317,4.900129541327167,-0.010108379271538959,0.0,0.0,0.0,0.0,0.0,0.0,0.0,0.0,0.0,18239800.0,15721500.0,16593400.0,0.0,0.0,0.0,0.0,0.0,0.0,0.0,0.0,0.0,0.0,0.0,0.0,0.0,0.0,0.0,0.0,0.0,0.0,0.0,0.0,0.0,0.0,0.0,0.0,173.59978230794272,1.5337763266333888,171.75430951799666,2.109268666857121,172.07484000069755,3.6342905520482303,-0.012352045728827976
2024-12-06,173.00943595688167,175.95362070074273,172.6810863534066,175.6063690185547,13319500,0.0,0.0,173.7039306640625,174.15615463256836,53.95862753009212,0.6337700457035851,0.6667265116810623,4.6338290625384335,0.012506526921268302,0.0,0.0,0.0,0.0,0.0,0.0,0.0,0.0,0.0,16145500.0,18239800.0,15721500.0,0.0,0.0,0.0,0.0,0.0,0.0,0.0,0.0,0.0,0.0,0.0,0.0,0.0,0.0,0.0,0.0,0.0,0.0,0.0,0.0,0.0,0.0,0.0,0.0,174.75066121419272,1.154708290196497,172.58868626185827,2.3346918105031187,172.25962611607142,3.749937554813094,-0.004573574724756946
2024-12-09,175.033569343468,177.34954989746097,174.71978848912806,176.4132080078125,19887800,0.2,0.0,174.56378479003905,174.0288398742676,50.81472354075363,0.8623576198733076,0.7058527333195115,4.528698056267314,0.004594588418217027,0.0,0.0,0.0,0.9382,0.9382,1.0,594.0,1.0,0.0,13319500.0,16145500.0,18239800.0,0.0,0.0,0.0,0.0,0.0,0.0,0.0,0.0,0.0,0.0,0.0,0.0,0.0,0.0,0.0,0.0,0.0,0.0,0.0,0.0,0.0,0.0,0.0,0.0,175.15228271484375,1.5390568122086423,173.50989423479353,2.3981340942604104,172.29522596086775,3.7894645526473836,-0.050554881061251056
2024-12-10,183.8193820434649,187.3008236666633,181.96160898980182,185.806640625,34317400,0.0,0.0,177.29436645507812,174.26622619628907,59.57395947969475,1.7809566674472137,0.920873520145052,5.014928325089217,0.053246764929140156,0.0,0.0,0.0,0.0,0.0,0.0,0.0,0.0,0.0,19887800.0,13319500.0,16145500.0,0.0,0.0,0.0,0.0,0.0,0.0,0.0,0.0,0.0,0.9382,0.0,0.0,0.9382,0.0,0.0,1.0,0.0,0.0,594.0,0.0,0.0,1.0,0.0,0.0,179.27540588378906,5.670583543361917,175.81992885044642,4.7144894469679315,172.80420902797155,4.998733888510654,-0.05175136357682697
2024-12-11,185.9759826785147,196.12646874446978,185.53768654697186,195.94717407226562,41664500,0.0,0.0,181.44213256835937,174.94347686767577,71.6164721217264,3.2892924165539625,1.3945572994268343,6.776652325318674,0.05457573213290856,0.0,0.0,0.0,0.0,0.0,0.0,0.0,0.0,0.0,34317400.0,19887800.0,13319500.0,0.0,0.0,0.0,0.0,0.0,0.0,0.0,0.0,0.0,0.0,0.9382,0.0,0.0,0.9382,0.0,0.0,1.0,0.0,0.0,594.0,0.0,0.0,1.0,0.0,186.05567423502603,9.769363892085986,179.22467694963728,8.59829367341448,174.19742475237166,7.9422091167589235,0.0159066969133006
2024-12-12,195.53874848742487,195.94217667495153,192.53045584003257,192.8791046142578,25197800,0.0,0.0,185.33049926757812,175.60811538696288,80.50535573208185,4.188805853915568,1.953407010324581,7.826517169184103,-0.01565763564865852,0.0,0.0,0.0,0.0,0.0,0.0,0.0,0.0,0.0,41664500.0,34317400.0,19887800.0,0.0,0.0,0.0,0.0,0.0,0.0,0.0,0.0,0.0,0.0,0.0,0.9382,0.0,0.0,0.9382,0.0,0.0,1.0,0.0,0.0,594.0,0.0,0.0,1.0,191.54430643717447,5.200372032743131,182.18544442313058,9.29754495326895,175.9464569091797,9.16727091571209,0.011756619887139497
2024-12-13,191.96269208633942,193.58636073560123,190.51830291544877,190.63784790039062,18883200,0.0,0.0,188.3367950439453,176.31690521240233,81.34722987885343,4.667027460384247,2.4961311003365143,8.519170460553454,-0.01162000787150852,0.0,0.0,0.0,0.0,0.0,1.0,958.0,0.0,0.0,25197800.0,41664500.0,34317400.0,0.0,0.0,0.0,0.0,0.0,0.0,0.0,0.0,0.0,0.0,0.0,0.0,0.0,0.0,0.0,0.0,0.0,0.0,0.0,0.0,0.0,0.0,0.0,0.0,193.1547088623047,2.6653713392312395,184.38965933663505,9.196188491131597,177.72515760149275,9.445375676083373,-0.03421477610247725
2024-12-16,193.61127430182802,199.86193429821952,193.35725830656568,197.3915557861328,32248600,0.0,0.0,192.53246459960937,177.53551483154297,83.01810704741213,5.527274334282026,3.102359747125617,9.685898507701252,0.03542689953818101,0.0,0.0,0.0,0.0,0.0,0.0,0.0,0.0,0.0,18883200.0,25197800.0,41664500.0,0.0,0.0,0.0,0.0,0.0,0.0,0.0,0.0,0.0,0.0,0.0,0.0,0.0,0.0,0.0,1.0,0.0,0.0,958.0,0.0,0.0,0.0,0.0,0.0,193.63616943359375,3.4399132121306746,187.81170000348772,8.893267714988191,179.7830047607422,10.391100526486307,0.005276119921438394
2024-12-17,197.76009594579685,202.09323264899297,195.92723514612658,196.35556030273438,24129500,0.0,0.0,194.64224853515626,178.55755233764648,80.57755484282816,6.055624532144151,3.693012704129324,10.54611972249551,-0.00524842858283614,0.0,0.0,0.0,0.0,0.0,0.0,0.0,0.0,0.0,32248600.0,18883200.0,25197800.0,0.0,0.0,0.0,0.0,0.0,0.0,0.0,0.0,0.0,0.0,0.0,0.0,0.0,0.0,0.0,0.0,1.0,0.0,0.0,958.0,0.0,0.0,0.0,0.0,194.79498799641928,3.6372629811318675,190.77587018694197,7.4951603732965415,181.6822782244001,10.839660426723531,0.03665531517174703
2024-12-18,196.0666849161878,197.91947234808922,188.54596116627974,189.41258239746094,27638400,0.0,0.0,193.3353302001953,179.0941375732422,69.36136934885201,5.846708363870249,4.123751836077509,10.822126887417213,-0.03535921210771409,0.0,0.0,0.0,0.0,0.0,1.0,524.0,0.0,0.0,24129500.0,32248600.0,18883200.0,0.0,0.0,0.0,0.0,0.0,0.0,0.0,0.0,0.0,0.0,0.0,0.0,0.0,0.0,0.0,0.0,0.0,1.0,0.0,0.0,958.0,0.0,0.0,0.0,194.38656616210938,4.338629683280787,192.63292367117745,4.252382260775892,183.07140895298548,10.462087981200257,0.0023720993442570837
2024-12-19,192.53045879108183,193.8453471258527,188.78504554591882,188.96434020996094,26981200,0.0,0.0,192.55237731933593,179.72024688720703,69.19619069557389,5.580641238568802,4.415129716575768,11.021027276525636,-0.00236648580483112,0.0,0.0,0.0,0.0,0.0,0.0,0.0,0.0,0.0,27638400.0,24129500.0,32248600.0,0.0,0.0,0.0,0.0,0.0,0.0,0.0,0.0,0.0,0.0,0.0,0.0,0.0,0.0,0.0,1.0,0.0,0.0,524.0,0.0,0.0,0.0,0.0,0.0,191.5774943033854,4.1439915884645036,193.08402361188615,3.510281461658869,184.4519762311663,9.807619909959032,-0.016894706316357255
2024-12-20,186.28476260696812,193.38213158489262,185.6472451593918,192.21170043945312,45319700,0.0,0.0,192.86714782714844,180.91119918823242,69.66013193258821,5.5676357172400515,4.645630916708624,11.019486365484907,0.017185042563501618,0.0,0.0,0.0,0.0,0.0,0.0,0.0,0.0,0.0,26981200.0,27638400.0,24129500.0,0.0,0.0,0.0,0.0,0.0,0.0,0.0,0.0,0.0,0.0,0.0,0.0,0.0,0.0,0.0,0.0,1.0,0.0,0.0,524.0,0.0,0.0,0.0,0.0,190.19620768229166,1.7597978734193722,192.55038452148438,3.2787797030592,185.88753073556083,9.321591934982969,-0.015459971753686519
2024-12-23,193.2775442063514,195.72801093509787,190.88685756335263,195.22994995117188,15235900,0.0,0.0,192.43482666015626,182.38589477539062,71.33074579322566,5.734769406965853,4.86345861476007,10.854053539583587,0.015702735602557638,0.0,0.0,0.0,0.0,0.0,0.0,0.0,0.0,0.0,45319700.0,26981200.0,27638400.0,0.0,0.0,0.0,0.0,0.0,0.0,0.0,0.0,0.0,0.0,0.0,0.0,0.0,0.0,0.0,0.0,0.0,1.0,0.0,0.0,524.0,0.0,0.0,0.0,192.1353302001953,3.1335029387847237,192.88621956961495,3.4347463706186727,187.53583199637276,8.727604347070969,-0.007997294409089029
2024-12-24,195.40926822331525,196.90345135565406,194.44103743196277,196.80384826660156,6809800,0.0,0.0,192.52448425292968,183.79700241088867,70.5238584563286,5.925914249925285,5.075949741793113,10.799356847777979,0.008061766731094933,0.0,0.0,0.0,0.0,0.0,0.0,0.0,0.0,0.0,15235900.0,45319700.0,26981200.0,0.0,0.0,0.0,0.0,0.0,0.0,0.0,0.0,0.0,0.0,0.0,0.0,0.0,0.0,0.0,0.0,0.0,0.0,0.0,0.0,0.0,0.0,0.0,0.0,194.74849955240884,2.3336240660071574,193.76707676478796,3.550731601593514,189.0783680507115,8.278058661785817,0.002384617333540451
2024-12-26,195.977058294521,197.39154978666022,195.11042177216143,196.33566284179688,7907900,0.0,0.0,193.9091003417969,185.12549896240233,72.3147076693578,5.970791694140729,5.254918132262636,10.615131819120158,-0.002378944461342347,0.0,0.0,0.0,0.0,0.0,0.0,0.0,0.0,0.0,6809800.0,15235900.0,45319700.0,0.0,0.0,0.0,0.0,0.0,0.0,0.0,0.0,0.0,0.0,0.0,0.0,0.0,0.0,0.0,0.0,0.0,0.0,0.0,0.0,0.0,0.0,0.0,0.0,196.12315368652344,0.8081825800116815,193.6162349155971,3.389879124046902,190.7139674595424,7.132876947728151,0.01577006605201281
2024-12-27,195.70809046620545,196.03681255000853,191.2275326178882,193.28750610351562,14693000,0.0,0.0,194.77373352050782,186.29163665771483,66.94020474714199,5.694751072234169,5.342884720256944,10.13205445685033,-0.015525232116069487,0.0,0.0,0.0,0.0,0.0,0.0,0.0,0.0,0.0,7907900.0,6809800.0,15235900.0,0.0,0.0,0.0,0.0,0.0,0.0,0.0,0.0,0.0,0.0,0.0,0.0,0.0,0.0,0.0,0.0,0.0,0.0,0.0,0.0,0.0,0.0,0.0,0.0,195.47567240397134,1.9094117462814089,193.17794145856584,3.167731412957857,191.9769058227539,5.666816501058646,0.007005952145775041
2024-12-30,190.12484454267624,193.02853369164805,189.62179803297198,191.94276428222656,12209500,0.0,0.0,194.7199462890625,187.40695495605468,64.72699184718988,5.306309629757436,5.335569702157042,9.403727155461658,-0.006957210263600189,0.0,0.0,0.0,0.0,0.0,0.0,0.0,0.0,0.0,14693000.0,7907900.0,6809800.0,0.0,0.0,0.0,0.0,0.0,0.0,0.0,0.0,0.0,0.0,0.0,0.0,0.0,0.0,0.0,0.0,0.0,0.0,0.0,0.0,0.0,0.0,0.0,0.0,193.85531107584634,2.250820140220289,193.53939601353235,2.788079442274427,193.0861598423549,3.486377595361421,0.011814893090765777
2024-12-31,191.6986911151048,192.50056196875875,188.84479632867445,189.7014617919922,14355200,0.0,0.0,193.61424865722657,188.2863311767578,54.27319763842511,4.762711040222683,5.2209979697701705,8.693899640121284,-0.011676931394709045,0.0,0.0,0.0,0.0,0.0,0.0,0.0,0.0,0.0,12209500.0,14693000.0,7907900.0,0.0,0.0,0.0,0.0,0.0,0.0,0.0,0.0,0.0,0.0,0.0,0.0,0.0,0.0,0.0,0.0,0.0,0.0,0.0,0.0,0.0,0.0,0.0,0.0,191.64391072591147,1.8116052376674012,193.6446990966797,2.593623725165021,193.36436135428292,2.979339231151793,-0.0009967312133964956
2025-01-02,190.74241182117314,192.4507573140893,187.9781794953131,189.89073181152344,17545200,0.0,0.0,192.23162536621095,189.17318115234374,41.49887448409392,4.297637263196862,5.036325828455508,7.822629876083651,0.000997725677721828,0.0,0.0,0.0,0.0,0.0,0.0,0.0,0.0,0.0,14355200.0,12209500.0,14693000.0,0.0,0.0,0.0,0.0,0.0,0.0,0.0,0.0,0.0,0.0,0.0,0.0,0.0,0.0,0.0,0.0,0.0,0.0,0.0,0.0,0.0,0.0,0.0,0.0,190.51165262858072,1.2429868096540497,193.3131321498326,2.933443167768191,192.9317583356585,3.014951903758144,-0.012944678107761787
2025-01-03,191.97761429533654,193.74572472649058,190.60794657554771,192.38104248046875,12875000,0.0,0.0,191.44070129394532,190.0318161010742,49.28936903389806,4.082944559480552,4.845649574660518,7.120045201253261,0.013114440316218667,0.0,0.0,0.0,0.0,0.0,0.0,0.0,0.0,0.0,17545200.0,14355200.0,12209500.0,0.0,0.0,0.0,0.0,0.0,0.0,0.0,0.0,0.0,0.0,0.0,0.0,0.0,0.0,0.0,0.0,0.0,0.0,0.0,0.0,0.0,0.0,0.0,0.0,190.65774536132812,1.495416499073767,192.90614536830358,2.8185594990167786,192.89618246895927,3.0185573644524695,-0.024398918038540884
2025-01-06,194.3932061333201,198.78610788965761,194.3035587994232,197.19232177734375,19483300,0.0,0.0,192.22166442871094,191.2195686340332,58.712886148353995,4.252014498376809,4.726922559403777,6.1167785916622295,0.025009113345268785,0.0,0.0,0.0,0.0,0.0,0.0,0.0,0.0,0.0,12875000.0,17545200.0,14355200.0,0.0,0.0,0.0,0.0,0.0,0.0,0.0,0.0,0.0,0.0,0.0,0.0,0.0,0.0,0.0,0.0,0.0,0.0,0.0,0.0,0.0,0.0,0.0,0.0,193.15469868977866,3.71176668917844,192.9616415841239,2.910421716670549,193.36435917445593,3.1469159170876813,0.0063545070806629855
2025-01-07,197.501122029833,201.35610947838407,195.18015584206566,195.94717407226562,16966800,0.0,0.0,193.02254638671874,192.23660888671876,47.75054288390768,4.236692673478757,4.628876582218773,4.967131226923455,-0.006314382293667875,0.0,0.0,0.0,0.0,0.0,0.0,0.0,0.0,0.0,19483300.0,12875000.0,17545200.0,0.0,0.0,0.0,0.0,0.0,0.0,0.0,0.0,0.0,0.0,0.0,0.0,0.0,0.0,0.0,0.0,0.0,0.0,0.0,0.0,0.0,0.0,0.0,0.0,195.17351277669272,2.4972016274892654,192.90614318847656,2.83816700531318,193.26118905203683,3.026087096068026,0.006755794261906312
2025-01-08,193.19786031960788,196.87355295931474,192.99863895802596,194.6322784423828,14335300,0.0,0.0,194.0087097167969,193.14756240844727,47.339301961674934,4.071515037645156,4.51740427330405,3.305003788153258,-0.006710459776255173,0.0,0.0,0.0,0.0,0.0,0.0,0.0,0.0,0.0,16966800.0,19483300.0,12875000.0,0.0,0.0,0.0,0.0,0.0,0.0,0.0,0.0,0.0,0.0,0.0,0.0,0.0,0.0,0.0,0.0,0.0,0.0,0.0,0.0,0.0,0.0,0.0,0.0,195.9239247639974,1.2801800135022208,193.09825352260046,2.9128139967724094,193.13809749058314,2.923857721638701,0.01149241076639651
2025-01-10,194.66217309499478,196.85363860906642,190.85699469140422,192.4208984375,20753800,0.0,0.0,194.51474304199218,193.47827529907227,55.43951674981473,3.7192969460738254,4.357782807858005,2.828328856874076,-0.011361835881387172,0.0,0.0,0.0,0.0,0.0,0.0,0.0,0.0,0.0,14335300.0,16966800.0,19483300.0,0.0,0.0,0.0,0.0,0.0,0.0,0.0,0.0,0.0,0.0,0.0,0.0,0.0,0.0,0.0,0.0,0.0,0.0,0.0,0.0,0.0,0.0,0.0,0.0,194.3334503173828,1.7820293626378751,193.16655840192522,2.8866909518707193,193.3529772077288,2.7333377365400096,0.004576578465497638
2025-01-13,190.60793915066353,191.74351755339612,187.92836870220836,191.54428100585938,13169100,0.0,0.0,194.3473907470703,193.25813064575195,54.59378156749187,3.33102785475657,4.152431817237718,2.7972264245715333,-0.004555728815107685,0.0,0.0,0.0,0.0,0.0,0.0,0.0,0.0,0.0,20753800.0,14335300.0,16966800.0,0.0,0.0,0.0,0.0,0.0,0.0,0.0,0.0,0.0,0.0,0.0,0.0,0.0,0.0,0.0,0.0,0.0,0.0,0.0,0.0,0.0,0.0,0.0,0.0,192.8658192952474,1.5913509887003905,193.42981828962053,2.586427941002905,193.5372586931501,2.490915329077501,0.006490246749965678
2025-01-14,191.75350179419556,192.52052005726506,188.90459201669714,190.3091278076172,13651200,0.0,0.0,192.970751953125,193.12963180541993,46.35083301579051,2.890337253383194,3.9000129044668137,2.8735431613579077,-0.006448395074789004,0.0,0.0,0.0,0.0,0.0,0.0,0.0,0.0,0.0,13169100.0,20753800.0,14335300.0,0.0,0.0,0.0,0.0,0.0,0.0,0.0,0.0,0.0,0.0,0.0,0.0,0.0,0.0,0.0,0.0,0.0,0.0,0.0,0.0,0.0,0.0,0.0,0.0,191.42476908365884,1.0609458624123271,193.48958914620536,2.494200775864588,193.40136064801897,2.6174817275834443,-0.030104472130072613
2025-01-15,193.59631966617226,197.03293757748568,192.58027095513168,196.2161102294922,12894900,0.0,0.0,193.0245391845703,193.408544921875,51.70278229922112,2.9833407958940086,3.716678482752253,2.8896299818291324,0.03103888126609644,0.0,0.0,0.0,0.0,0.0,0.0,0.0,0.0,0.0,13651200.0,13169100.0,20753800.0,0.0,0.0,0.0,0.0,0.0,0.0,0.0,0.0,0.0,0.0,0.0,0.0,0.0,0.0,0.0,0.0,0.0,0.0,0.0,0.0,0.0,0.0,0.0,0.0,192.6898396809896,3.11566025774786,194.03745596749442,2.6277417488642065,193.471800667899,2.68292820716214,0.013219456098182647
2025-01-16,195.06558809902253,196.21610779593715,193.54650812506105,193.6560821533203,13449600,0.0,0.0,192.8292999267578,193.22177124023438,44.743815399103326,2.8179898696093346,3.5369407601236698,2.735232869706346,-0.013046982091214132,0.0,0.0,0.0,0.0,0.0,0.0,0.0,0.0,0.0,12894900.0,13651200.0,13169100.0,0.0,0.0,0.0,0.0,0.0,0.0,0.0,0.0,0.0,0.0,0.0,0.0,0.0,0.0,0.0,0.0,0.0,0.0,0.0,0.0,0.0,0.0,0.0,0.0,193.3937733968099,2.9622145003175286,193.53227887834822,2.2299477071798766,193.24696023123605,2.5084322762763605,-0.01589470884578137
2025-01-17,197.28196603154788,198.03901328310783,194.55258626735076,196.78390502929688,22109100,0.0,0.0,193.7019012451172,193.2431884765625,50.68742289425257,2.905840514397454,3.4107207109784268,2.7626023911638034,0.016151431141213646,0.0,0.0,0.0,0.0,0.0,0.0,0.0,0.0,0.0,13449600.0,12894900.0,13651200.0,0.0,0.0,0.0,0.0,0.0,0.0,0.0,0.0,0.0,0.0,0.0,0.0,0.0,0.0,0.0,0.0,0.0,0.0,0.0,0.0,0.0,0.0,0.0,0.0,195.55203247070312,1.6663038252849074,193.65181187220983,2.3971280570756974,193.27897753034318,2.553347207166734,-0.010419256402748434
2025-01-21,199.73241196420346,203.04949996870735,198.66656935353225,198.8558349609375,19005200,0.0,0.0,195.16421203613282,193.71535110473633,58.80316379906769,3.1068365353235947,3.349943875847461,2.87801991633908,0.010528960340187243,0.0,0.0,0.0,0.0,0.0,0.0,0.0,0.0,0.0,22109100.0,13449600.0,12894900.0,0.0,0.0,0.0,0.0,0.0,0.0,0.0,0.0,0.0,0.0,0.0,0.0,0.0,0.0,0.0,0.0,0.0,0.0,0.0,0.0,0.0,0.0,0.0,0.0,196.43194071451822,2.6176834174969934,194.2551770891462,3.110453665995684,193.67671530587333,2.956623552635001,-0.0019997198722746523
2025-01-22,199.77227542933375,201.3361791069415,198.4275046138818,199.25428771972656,15477400,0.0,0.0,196.9532440185547,194.2298484802246,61.91555899938429,3.2606919109916532,3.3320934828762994,2.9036323662916526,0.00200372676450411,0.0,0.0,0.0,0.0,0.0,0.0,0.0,0.0,0.0,19005200.0,22109100.0,13449600.0,0.0,0.0,0.0,0.0,0.0,0.0,0.0,0.0,0.0,0.0,0.0,0.0,0.0,0.0,0.0,0.0,0.0,0.0,0.0,0.0,0.0,0.0,0.0,0.0,198.29800923665366,1.3263011774473037,195.23137555803572,3.488201944175296,194.19896697998047,3.2572448166158106,0.0022547477341232636
2025-01-23,199.204472992969,201.15687879775032,196.05673902959322,198.8060302734375,15170800,0.0,0.0,197.47122802734376,194.55956497192383,65.75864963212554,3.3083165610447907,3.3273380985099976,3.0338857873676863,-0.0022496752838744305,0.0,0.0,0.0,0.9589,0.9589,1.0,15.0,1.0,0.0,15477400.0,19005200.0,22109100.0,0.0,0.0,0.0,0.0,0.0,0.0,0.0,0.0,0.0,0.0,0.0,0.0,0.0,0.0,0.0,0.0,0.0,0.0,0.0,0.0,0.0,0.0,0.0,0.0,198.97205098470053,0.24568945372705236,196.26876831054688,3.2826696670291438,194.8492933000837,3.198580311242623,-0.011490844819196044
2025-01-24,199.0749968784714,201.78445005827487,199.00924333890612,201.11703491210938,12732400,0.0,0.0,198.96341857910156,194.8539192199707,68.10153216453116,3.492281354216459,3.36032674965129,3.3693893244466544,0.01162441921652646,0.0,0.0,0.0,0.0,0.0,0.0,0.0,0.0,0.0,15170800.0,15477400.0,19005200.0,0.0,0.0,0.0,0.0,0.0,0.0,0.0,0.0,0.0,0.9589,0.0,0.0,0.9589,0.0,0.0,1.0,0.0,0.0,15.0,0.0,0.0,1.0,0.0,0.0,199.7257843017578,1.2255273885723352,197.81275503976005,2.448013815073698,195.6511720929827,3.266343834618751,0.04195692138882734
2025-01-27,193.43693937479924,197.89956181185707,191.95271207871966,193.01856994628906,24970200,0.0,0.0,198.2103515625,194.66465530395507,50.87052491521023,2.950583843283056,3.2783781683776434,3.360394486911256,-0.04026742423564189,0.0,0.0,0.0,0.0,0.0,0.0,0.0,0.0,0.0,12732400.0,15170800.0,15477400.0,0.0,0.0,0.0,0.0,0.0,0.0,0.0,0.0,0.0,0.0,0.9589,0.0,0.0,0.9589,0.0,0.0,1.0,0.0,0.0,15.0,0.0,0.0,1.0,0.0,197.64721171061197,4.17174172820134,197.35596357073103,3.025749404963275,195.69670976911272,3.2213809921815106,-0.01674530969262178
2025-01-28,193.89514224561265,196.46513884315854,191.86306004269633,196.30577087402344,15939200,0.0,0.0,197.7003387451172,194.6631607055664,48.73686723246504,2.7547789290287596,3.173658320507867,3.3596187165550857,0.017030490530776987,0.0,0.0,0.0,0.0,0.0,0.0,0.0,0.0,0.0,24970200.0,12732400.0,15170800.0,0.0,0.0,0.0,0.0,0.0,0.0,0.0,0.0,0.0,0.0,0.0,0.9589,0.0,0.0,0.9589,0.0,0.0,1.0,0.0,0.0,15.0,0.0,0.0,1.0,196.81379191080728,4.073063678733214,197.73449053083147,2.6249368357628335,195.63338470458984,3.198350545027885,-0.0005578656020116535
2025-01-29,196.6046098652269,197.6903944830283,194.43307102885743,196.41534423828125,12287800,0.0,0.0,197.13255004882814,194.81955261230468,50.6893418697112,2.5787179235107374,3.0546702411084414,3.365007808470049,0.0005581769897540223,0.0,0.0,0.0,0.0,0.0,0.0,0.0,0.0,0.0,15939200.0,24970200.0,12732400.0,0.0,0.0,0.0,0.0,0.0,0.0,0.0,0.0,0.0,0.0,0.0,0.0,0.0,0.0,0.0,0.0,0.0,0.0,0.0,0.0,0.0,0.0,0.0,0.0,195.2465616861979,1.930275103544834,197.6818389892578,2.650751126318683,195.6668254307338,3.2043257026208587,-0.02689630574758417
2025-01-30,198.98532725904212,202.44985164814932,198.6984497136015,201.84420776367188,14571500,0.0,0.0,197.740185546875,195.31462478637695,59.471501589735595,2.844463024648718,3.0126287978164967,3.636874114856546,0.027639711889334784,0.0,0.0,0.0,0.0,0.0,0.0,0.0,0.0,0.0,12287800.0,15939200.0,24970200.0,0.0,0.0,0.0,0.0,0.0,0.0,0.0,0.0,0.0,0.0,0.0,0.0,0.0,0.0,0.0,0.0,0.0,0.0,0.0,0.0,0.0,0.0,0.0,0.0,198.18844095865884,3.166460923494056,198.10874938964844,3.0776118730015547,196.18196323939733,3.58259434638328,-0.014445517562315269
2025-01-31,202.9249889071245,206.2769448978368,202.79051790943333,204.8026885986328,17060300,0.0,0.0,198.4773162841797,196.06968612670897,65.94817437366133,3.256256512093927,3.0613543406719828,3.963143467724456,0.014657249111774684,0.0,0.0,0.0,0.0,0.0,0.0,0.0,0.0,0.0,14571500.0,12287800.0,15939200.0,0.0,0.0,0.0,0.0,0.0,0.0,0.0,0.0,0.0,0.0,0.0,0.0,0.0,0.0,0.0,0.0,0.0,0.0,0.0,0.0,0.0,0.0,0.0,0.0,201.02074686686197,4.253874967745451,198.90137808663505,3.9985187122635084,197.06637682233537,4.0769091151857175,0.014607239978126296
2025-02-03,201.43080161465778,204.42415301471644,200.87796121410668,201.85415649414062,16719500,0.0,0.0,200.24443359375,196.66785736083983,62.60661179722787,3.30656786273002,3.1103970450835905,3.883487724803399,-0.014396940414540427,0.0,0.0,0.0,0.0,0.0,0.0,0.0,0.0,0.0,17060300.0,14571500.0,12287800.0,0.0,0.0,0.0,0.0,0.0,0.0,0.0,0.0,0.0,0.0,0.0,0.0,0.0,0.0,0.0,0.0,0.0,0.0,0.0,0.0,0.0,0.0,0.0,0.0,202.83368428548178,1.7052150108461177,199.33682468959265,4.149526564643329,197.80279650006975,3.9312587525171354,-0.024409033449356077
2025-02-04,203.706937117938,207.8906462339825,203.46786238002147,206.9044952392578,28285400,0.0,0.0,202.3641784667969,197.3940299987793,68.56058744344416,3.7111799277935233,3.2305536216255772,4.367424271019499,0.025019741147930263,0.0,0.0,0.0,0.0,0.0,0.0,0.0,0.0,0.0,16719500.0,17060300.0,14571500.0,0.0,0.0,0.0,0.0,0.0,0.0,0.0,0.0,0.0,0.0,0.0,0.0,0.0,0.0,0.0,0.0,0.0,0.0,0.0,0.0,0.0,0.0,0.0,0.0,204.52044677734375,2.53697175671533,200.16360473632812,5.043592579637313,198.98817988804407,3.999291442301554,0.07454729707990704
2025-02-05,192.35116316256466,193.79553701425183,189.17353156908362,192.55038452148438,43666400,0.0,0.0,201.5911865234375,197.16193313598632,46.5517266126951,2.840833768487613,3.152609650997985,4.5000370567332455,-0.06937553822199372,0.0,0.0,0.0,0.0,0.0,0.0,0.0,0.0,0.0,28285400.0,16719500.0,17060300.0,0.0,0.0,0.0,0.0,0.0,0.0,0.0,0.0,0.0,0.0,0.0,0.0,0.0,0.0,0.0,0.0,0.0,0.0,0.0,0.0,0.0,0.0,0.0,0.0,200.43634541829428,7.281329879192327,200.09672110421317,5.155987500039127,198.7263423374721,4.303194974715707,-5.174476123914751e-05
2025-02-06,190.24935328906002,193.07833622579454,189.7512922706371,192.5603485107422,20816600,0.0,0.0,199.73441467285156,196.99259185791016,48.91732336886872,2.1273593035763554,2.947559581513659,4.6105242814026255,5.174743889790889e-05,0.0,0.0,0.0,0.0,0.0,1.0,273.0,0.0,0.0,43666400.0,28285400.0,16719500.0,0.0,0.0,0.0,0.0,0.0,0.0,0.0,0.0,0.0,0.0,0.0,0.0,0.0,0.0,0.0,0.0,0.0,0.0,0.0,0.0,0.0,0.0,0.0,0.0,197.33840942382812,8.284474828943246,199.56166076660156,5.772446388794088,198.6480756487165,4.411118059628538,0.032970050778249105
2025-02-07,191.9925498566,192.26647731263563,184.38217877682177,186.4142608642578,29565700,0.0,0.0,196.05672912597657,196.5816909790039,40.33066002527516,1.0538397333015155,2.5688156118712304,5.164835379170508,-0.03191772186755004,0.0,0.0,0.0,0.0,0.0,0.0,0.0,0.0,0.0,20816600.0,43666400.0,28285400.0,0.0,0.0,0.0,0.0,0.0,0.0,0.0,0.0,0.0,0.0,0.0,0.0,0.0,0.0,0.0,1.0,0.0,0.0,273.0,0.0,0.0,0.0,0.0,0.0,190.50833129882812,3.545572501400512,198.1329345703125,7.6222572177040515,197.90738677978516,5.487495751125422,-0.005632244653547169
2025-02-10,188.32680399183369,189.253205262681,186.88243027668153,187.4701385498047,16606000,0.0,0.0,193.17992553710937,196.33415298461915,39.178166429057285,0.2849831362545956,2.1120491167479036,5.483552715588061,0.005664146512458723,0.0,0.0,0.0,0.0,0.0,0.0,0.0,0.0,0.0,29565700.0,20816600.0,43666400.0,0.0,0.0,0.0,0.0,0.0,0.0,0.0,0.0,0.0,0.0,0.0,0.0,0.0,0.0,0.0,0.0,1.0,0.0,0.0,273.0,0.0,0.0,0.0,0.0,188.8149159749349,3.286322881568667,196.0794961111886,8.356616483146835,197.09412275041853,6.14091539382476,0.006040315004319119
2025-02-11,186.11046942668048,188.06784560204895,185.35839241696428,186.3445587158203,13028100,0.0,0.0,189.06793823242188,196.07416687011718,37.896902827544615,-0.410434903872158,1.6075523126238915,5.8346285760813155,-0.006004048659116745,0.0,0.0,0.0,0.0,0.0,0.0,0.0,0.0,0.0,16606000.0,29565700.0,20816600.0,0.0,0.0,0.0,0.0,0.0,0.0,0.0,0.0,0.0,0.0,0.0,0.0,0.0,0.0,0.0,0.0,0.0,1.0,0.0,0.0,273.0,0.0,0.0,0.0,186.74298604329428,0.6306961813484115,193.44262041364397,8.051928951986724,196.17199925013952,6.73237524724336,0.00884437069844446
2025-02-12,184.51168560959832,186.10548699141967,182.91789942739342,184.71090698242188,17632300,0.0,0.0,187.5000427246094,195.79425582885742,37.0728998559703,-1.080920573258254,1.0698577354474625,6.245570716235395,-0.008766833572477872,0.0,0.0,0.0,0.0,0.0,0.0,0.0,0.0,0.0,13028100.0,16606000.0,29565700.0,0.0,0.0,0.0,0.0,0.0,0.0,0.0,0.0,0.0,0.0,0.0,0.0,0.0,0.0,0.0,0.0,0.0,0.0,0.0,0.0,0.0,0.0,0.0,0.0,186.17520141601562,1.3873900431595592,190.99358476911272,7.6649180271901125,195.16520472935267,7.335115843793188,-0.013040195011004396
2025-02-13,185.2089477338026,187.2609717280751,184.16303184110322,187.15139770507812,12729300,0.0,0.0,186.41825256347656,195.3410202026367,37.22200504836152,-1.3992286546080095,0.5760404574363681,6.535524392496353,0.013212488436800784,0.0,0.0,0.0,0.0,0.0,0.0,0.0,0.0,0.0,17632300.0,13028100.0,16606000.0,0.0,0.0,0.0,0.0,0.0,0.0,0.0,0.0,0.0,0.0,0.0,0.0,0.0,0.0,0.0,0.0,0.0,0.0,0.0,0.0,0.0,0.0,0.0,0.0,186.06895446777344,1.2433692203038074,188.17171369280135,3.1190395163705347,194.16765921456474,7.41265279767358,0.0054047717804908135
2025-02-14,186.10548651241567,187.42035972936003,185.38827741240368,186.14532470703125,12714200,0.0,0.0,186.36446533203124,194.96548233032226,42.77334606534848,-1.712926237793397,0.11824711839041507,6.845858249068336,-0.005375717255568069,0.0,0.0,0.0,0.0,0.0,0.0,0.0,0.0,0.0,12729300.0,17632300.0,13028100.0,0.0,0.0,0.0,0.0,0.0,0.0,0.0,0.0,0.0,0.0,0.0,0.0,0.0,0.0,0.0,0.0,0.0,0.0,0.0,0.0,0.0,0.0,0.0,0.0,186.0025431315104,1.2264944661815418,187.25670514787947,2.4981077726558762,193.6767131260463,7.716014970993781,0.005758832137104486
2025-02-18,186.713122613625,187.051800468394,182.86809082818988,185.07948303222656,19796000,0.0,0.0,185.88633422851564,194.38026123046876,37.618100999874116,-2.0242045777345083,-0.3102432208345697,7.174613044602913,-0.005725857882717067,0.0,0.0,0.0,0.504,0.504,1.0,789.0,1.0,0.0,12714200.0,12729300.0,17632300.0,0.0,0.0,0.0,0.0,0.0,0.0,0.0,0.0,0.0,0.0,0.0,0.0,0.0,0.0,0.0,0.0,0.0,0.0,0.0,0.0,0.0,0.0,0.0,0.0,186.12540181477866,1.0361010057524207,186.1880100795201,1.005000318352377,192.87483542306083,7.999893471213995,-0.0071072878432748565
2025-02-19,185.4629695610536,186.63341593471333,184.7806284324732,186.40431213378906,13120500,0.0,0.0,185.89828491210938,193.75768508911133,39.24671632001002,-2.1393313877889852,-0.6760608542254528,7.304862681789305,0.007158162967916937,0.0,0.0,0.0,0.6369,0.6369,1.0,220.0,1.0,0.0,19796000.0,12714200.0,12729300.0,0.0,0.0,0.0,0.0,0.0,0.0,0.0,0.0,0.0,0.504,0.0,0.0,0.504,0.0,0.0,1.0,0.0,0.0,789.0,0.0,0.0,1.0,0.0,0.0,185.87637329101562,0.7021710512541347,186.18658883231026,1.0046340014163866,192.1597617013114,8.105798898323794,0.0026252839126323924
2025-02-20,185.7767727611974,186.394363603014,183.88414683972374,185.91622924804688,12063800,0.0,0.0,186.13934936523438,193.09078216552734,30.85944863206859,-2.2440859975172316,-0.9896658828838086,7.3850487517008006,-0.0026184098433938985,0.0,0.0,0.0,0.0,0.0,0.0,0.0,0.0,0.0,13120500.0,19796000.0,12714200.0,0.0,0.0,0.0,0.0,0.0,0.0,0.0,0.0,0.0,0.6369,0.504,0.0,0.6369,0.504,0.0,1.0,1.0,0.0,220.0,789.0,0.0,1.0,1.0,0.0,185.80000813802084,0.6700175720818764,185.96460178920202,0.830299499897519,191.0220489501953,7.752039051086093,0.027866574308713643
2025-02-21,186.56368748782089,186.74299735623012,180.42758736179914,180.87583923339844,19520800,0.0,0.0,184.88423767089844,192.19427261352538,22.61738201726844,-2.702667462176379,-1.3322661987423228,7.7347681848655165,-0.027111081345801313,0.0,0.0,0.0,0.0,0.0,0.0,0.0,0.0,0.0,12063800.0,13120500.0,19796000.0,0.0,0.0,0.0,0.0,0.0,0.0,0.0,0.0,0.0,0.0,0.6369,0.504,0.0,0.6369,0.504,0.0,1.0,1.0,0.0,220.0,789.0,0.0,1.0,1.0,184.39879353841147,3.0607125807964985,185.18335614885603,2.0662005140891004,189.31298828125,7.089377363131965,0.002152527920470826
2025-02-24,183.08721405434477,184.37220465818254,180.17853983824347,180.48733520507812,18734000,0.0,0.0,183.7526397705078,191.16278762817382,24.02514724628304,-3.062147079628005,-1.6782423749194595,7.856822745891223,-0.0021479044960726057,0.0,0.0,0.0,-0.2732,-0.2732,1.0,15950.0,0.0,0.0,19520800.0,12063800.0,13120500.0,0.0,0.0,0.0,0.0,0.0,0.0,0.0,0.0,0.0,0.0,0.0,0.6369,0.0,0.0,0.6369,0.0,0.0,1.0,0.0,0.0,220.0,0.0,0.0,1.0,182.4264678955078,3.0284582824040625,184.57998875209265,2.7354507967223656,187.78678676060267,6.4532144947226575,0.02153684216708074
2025-02-25,179.45636292256336,180.05901249422945,176.08449532618422,176.68215942382812,20832500,0.0,0.0,182.07317504882812,190.3459671020508,12.11283145636699,-3.6124411775074634,-2.0650821354370605,8.478345044843664,-0.021082785542411497,0.0,0.0,0.0,0.0,0.0,0.0,0.0,0.0,0.0,18734000.0,19520800.0,12063800.0,0.0,0.0,0.0,0.0,0.0,0.0,0.0,0.0,0.0,-0.2732,0.0,0.0,-0.2732,0.0,0.0,1.0,0.0,0.0,15950.0,0.0,0.0,0.0,0.0,0.0,179.34844462076822,2.3172270947345113,183.08438328334265,3.763904454055711,185.62804848807198,4.2422378247028165,0.015283294489834898
2025-02-26,176.2588263476241,177.38941942120738,172.91682587088818,174.02252197265625,23637200,0.0,0.0,179.59681701660156,189.23180465698243,17.137742818294413,-4.214580667079076,-2.4949818417654637,9.095611434847996,-0.015053231519498778,0.0,0.0,0.0,0.0,0.0,0.0,0.0,0.0,0.0,20832500.0,18734000.0,19520800.0,0.0,0.0,0.0,0.0,0.0,0.0,0.0,0.0,0.0,0.0,-0.2732,0.0,0.0,-0.2732,0.0,0.0,1.0,0.0,0.0,15950.0,0.0,0.0,0.0,0.0,177.06400553385416,3.2492779769251423,181.35255432128906,4.774152762075262,184.30462973458427,4.773363204595099,0.026379129965239168
2025-02-27,175.2577171475479,175.90519040477736,169.0937103322737,169.54994201660156,25930500,0.0,0.0,176.3235595703125,187.88853454589844,14.765034809484789,-4.995099971162858,-2.9950054676449427,9.924869837017717,-0.02570115583520538,0.0,0.0,0.0,0.0,0.0,0.0,0.0,0.0,0.0,23637200.0,20832500.0,18734000.0,0.0,0.0,0.0,0.0,0.0,0.0,0.0,0.0,0.0,0.0,0.0,-0.2732,0.0,0.0,-0.2732,0.0,0.0,1.0,0.0,0.0,15950.0,0.0,0.0,0.0,173.41820780436197,3.6043068676913776,179.13404846191406,6.160553133114817,182.66102927071708,5.601709588189555,-0.011671071395566335
2025-02-28,169.63958678561835,171.83105223800592,167.73699003756792,171.55213928222656,30049800,0.0,0.0,174.4588195800781,186.37393112182616,23.93425249951828,-5.389974288259424,-3.4739992317678388,9.994193864330416,0.011808893838660017,0.0,0.0,0.0,0.0,0.0,0.0,0.0,0.0,0.0,25930500.0,23637200.0,20832500.0,0.0,0.0,0.0,0.0,0.0,0.0,0.0,0.0,0.0,0.0,0.0,0.0,0.0,0.0,0.0,0.0,0.0,0.0,0.0,0.0,0.0,0.0,0.0,0.0,171.70820109049478,2.2403703559513124,177.01230948311942,5.785479932945496,181.59944915771484,6.21086090098817,0.02110751634040353
2025-03-03,173.05628188737933,174.3213611642928,166.9899021667699,168.00595092773438,24122000,0.0,0.0,171.96254272460936,184.53409423828126,18.605360891726335,-5.920811365109273,-3.963361658436126,9.808315237241976,-0.020671198676562308,0.0,0.0,0.0,0.0,0.0,0.0,0.0,0.0,0.0,30049800.0,25930500.0,23637200.0,0.0,0.0,0.0,0.0,0.0,0.0,0.0,0.0,0.0,0.0,0.0,0.0,0.0,0.0,0.0,0.0,0.0,0.0,0.0,0.0,0.0,0.0,0.0,0.0,169.70267740885416,1.7780211012299045,174.45369829450334,5.112728186813491,180.20915004185267,6.932251649170967,-0.022883928996926817
2025-03-04,167.28873989157168,174.4857125995133,166.89028195089057,171.9406280517578,30711400,0.0,0.0,171.0142364501953,183.0384178161621,28.69765334243219,-5.9553583485867705,-4.361760996466256,9.295521793682708,0.023419867583832632,0.0,0.0,0.0,0.0,0.0,0.0,0.0,0.0,0.0,24122000.0,30049800.0,25930500.0,0.0,0.0,0.0,0.0,0.0,0.0,0.0,0.0,0.0,0.0,0.0,0.0,0.0,0.0,0.0,0.0,0.0,0.0,0.0,0.0,0.0,0.0,0.0,0.0,170.49957275390625,2.168258111937651,173.17723955426897,4.291583555261184,179.1802978515625,7.019945040044565,-0.013600879506967645
2025-03-05,171.6517723685461,175.06846397128743,170.26714801918882,174.31141662597656,18848000,0.0,0.0,171.07201538085937,181.40876388549805,34.948106667444065,-5.725435006660405,-4.634495798505085,7.59218172115417,0.013788414065261545,0.0,0.0,0.0,0.0,0.0,0.0,0.0,0.0,0.0,30711400.0,24122000.0,30049800.0,0.0,0.0,0.0,0.0,0.0,0.0,0.0,0.0,0.0,0.0,0.0,0.0,0.0,0.0,0.0,0.0,0.0,0.0,0.0,0.0,0.0,0.0,0.0,0.0,171.4193318684896,3.1848919449401403,172.29496547154017,2.969459624728614,178.4374771118164,6.939455635151985,0.004477456292021564
2025-03-06,171.88085762667328,176.04464037532372,171.83901308441207,173.534423828125,19082400,0.0,0.0,171.86891174316406,180.45796585083008,29.29415597191955,-5.542030845074805,-4.81600280781903,7.308871413137815,-0.004457498039378449,0.0,0.0,0.0,0.0,0.0,0.0,0.0,0.0,0.0,18848000.0,30711400.0,24122000.0,0.0,0.0,0.0,0.0,0.0,0.0,0.0,0.0,0.0,0.0,0.0,0.0,0.0,0.0,0.0,0.0,0.0,0.0,0.0,0.0,0.0,0.0,0.0,0.0,173.26215616861978,1.208617753766971,171.8452889578683,2.372743357783821,177.46483612060547,6.5685244279484225,-0.00876235533240921
2025-03-07,172.57016615364515,176.2139698509445,171.58200878506875,175.0684356689453,16395300,0.0,0.0,172.57217102050782,179.58337020874023,33.42274283631667,-5.212809764279029,-4.89536419911103,6.814278523547556,0.008839812914235745,0.0,0.0,0.0,0.0,0.0,0.0,0.0,0.0,0.0,19082400.0,18848000.0,30711400.0,0.0,0.0,0.0,0.0,0.0,0.0,0.0,0.0,0.0,0.0,0.0,0.0,0.0,0.0,0.0,0.0,0.0,0.0,0.0,0.0,0.0,0.0,0.0,0.0,174.30475870768228,0.7670275926269522,171.9947052001953,2.558369300862966,176.6736297607422,6.0923622995607785,0.04612357610189011
2025-03-10,169.6932301062815,169.98242789879407,165.11083364000163,167.34967041015625,28990700,0.2,0.0,172.4409149169922,178.63014068603516,27.87248572398161,-5.511209738552964,-5.018533306999417,7.134360360397705,-0.044089988176882255,0.0,0.0,0.0,0.0,0.0,0.0,0.0,0.0,0.0,16395300.0,19082400.0,18848000.0,0.0,0.0,0.0,0.0,0.0,0.0,0.0,0.0,0.0,0.0,0.0,0.0,0.0,0.0,0.0,0.0,0.0,0.0,0.0,0.0,0.0,0.0,0.0,0.0,171.9841766357422,4.086231032160345,171.68038068498885,3.0049792774768074,175.40721457345145,6.053250645064473,0.011025434958119806
2025-03-11,166.2227654766119,168.19235385425318,162.79221467372713,165.52468872070312,23705900,0.0,0.0,171.15772705078126,177.5328681945801,24.26270579140703,-5.827775668113645,-5.180381779222262,7.386367342548876,-0.01090520038061793,0.0,0.0,0.0,0.0,0.0,0.0,0.0,0.0,0.0,28990700.0,16395300.0,19082400.0,0.0,0.0,0.0,0.0,0.0,0.0,0.0,0.0,0.0,0.0,0.0,0.0,0.0,0.0,0.0,0.0,0.0,0.0,0.0,0.0,0.0,0.0,0.0,0.0,169.31426493326822,5.066112926416222,170.81931631905692,3.8049414702953985,173.91581290108817,5.697045260063137,-0.01786992959749134
2025-03-12,168.00787776905614,169.06496768992824,165.02607404266914,168.5364227294922,19880100,0.0,0.0,170.0027282714844,176.64246139526367,29.831552293513013,-5.7691317242693,-5.29813176823167,7.341460071550372,0.018195074294148794,0.0,0.0,0.0,0.0,0.0,0.0,0.0,0.0,0.0,23705900.0,28990700.0,16395300.0,0.0,0.0,0.0,0.0,0.0,0.0,0.0,0.0,0.0,0.0,0.0,0.0,0.0,0.0,0.0,0.0,0.0,0.0,0.0,0.0,0.0,0.0,0.0,0.0,167.13692728678384,1.5170959634547319,170.89509800502233,3.7443703481122084,172.67439814976282,4.68454512173384,0.025921384935905456
2025-03-13,167.519191255641,167.65880659750724,163.61992877318716,164.27810668945312,15206200,0.0,0.0,168.15146484375,175.62082138061524,30.383040976803727,-5.997135250385639,-5.437932464662464,7.577481078372473,-0.025266443722220422,0.0,0.0,0.0,0.0,0.0,0.0,0.0,0.0,0.0,19880100.0,23705900.0,28990700.0,0.0,0.0,0.0,0.0,0.0,0.0,0.0,0.0,0.0,0.0,0.0,0.0,0.0,0.0,0.0,0.0,0.0,0.0,0.0,0.0,0.0,0.0,0.0,0.0,166.11307271321616,2.189283139796558,169.80045209612166,4.44270092686722,171.4888458251953,4.547536213805734,-0.01724142652539795
2025-03-14,164.86151705390753,167.78846344663302,164.05871738434496,167.16018676757812,18611100,0.0,0.0,166.56981506347657,174.62126083374022,35.125328265023555,-5.877517548086331,-5.525849481347238,7.289472915435386,0.017543908535379016,0.0,0.0,0.0,0.0,0.0,0.0,0.0,0.0,0.0,15206200.0,19880100.0,23705900.0,0.0,0.0,0.0,0.0,0.0,0.0,0.0,0.0,0.0,0.0,0.0,0.0,0.0,0.0,0.0,0.0,0.0,0.0,0.0,0.0,0.0,0.0,0.0,0.0,166.65823872884116,2.173080244585372,168.77884783063615,4.03612896726187,170.53690665108817,3.8622328779605115,0.006303468147561997
2025-03-17,166.8660167973437,167.99791317905715,165.35517312059622,166.11309814453125,17839100,0.0,0.0,166.32250061035157,173.61964950561523,37.429767532346865,-5.800348155267699,-5.580749216131331,6.992899298763373,-0.006263983328175904,0.0,0.0,0.0,0.0,0.0,0.0,0.0,0.0,0.0,18611100.0,15206200.0,19880100.0,0.0,0.0,0.0,0.0,0.0,0.0,0.0,0.0,0.0,0.0,0.0,0.0,0.0,0.0,0.0,0.0,0.0,0.0,0.0,0.0,0.0,0.0,0.0,0.0,165.8504638671875,1.4588793531022277,167.71865844726562,3.520528602900097,169.78197370256697,3.592149280711565,0.023975080837628004
2025-03-18,165.5047537031862,165.9834327309709,158.3643909972819,162.22377014160156,24616800,0.0,0.0,165.66231689453124,172.47686386108398,36.36604395701276,-5.9840467547999765,-5.66140872386506,6.888324496012114,-0.023413734656527074,0.0,0.0,0.0,0.0,0.0,1.0,1255.0,0.0,0.0,17839100.0,18611100.0,15206200.0,0.0,0.0,0.0,0.0,0.0,0.0,0.0,0.0,0.0,0.0,0.0,0.0,0.0,0.0,0.0,0.0,0.0,0.0,0.0,0.0,0.0,0.0,0.0,0.0,165.16568501790366,2.6010086506361367,165.88370622907365,2.1201397220116696,168.93920571463448,3.892266049598728,-0.02171037079317628
2025-03-19,163.4653498695458,167.67178157574858,162.60273243314677,165.82386779785156,24955700,0.0,0.0,165.11980590820312,171.4478416442871,45.60575927121596,-5.772588616558352,-5.683644702403718,6.2011971665076375,0.022192171055496646,0.0,0.0,0.0,0.0,0.0,0.0,0.0,0.0,0.0,24616800.0,17839100.0,18611100.0,0.0,0.0,0.0,0.0,0.0,0.0,0.0,0.0,0.0,0.0,0.0,0.0,0.0,0.0,0.0,1.0,0.0,0.0,1255.0,0.0,0.0,0.0,0.0,0.0,164.72024536132812,2.1668421586242865,165.66573442731584,2.0203919734470364,168.67305755615234,3.9738297621842658,0.007452179215700072
2025-03-20,163.3756136941133,166.57182398432158,162.69249513101892,164.59725952148438,19981500,0.0,0.0,165.1836364746094,170.38189315795898,41.6451193433923,-5.638980893639825,-5.67471194065094,5.3582862132485065,-0.007397055035904043,0.0,0.0,0.0,0.0,0.0,0.0,0.0,0.0,0.0,24955700.0,24616800.0,17839100.0,0.0,0.0,0.0,0.0,0.0,0.0,0.0,0.0,0.0,0.0,0.0,0.0,0.0,0.0,0.0,0.0,1.0,0.0,0.0,1255.0,0.0,0.0,0.0,0.0,164.2149658203125,1.8302423716821787,165.53324454171317,2.061179763418069,168.17628043038505,4.020669591967743,-0.007217910091710689
2025-03-21,162.93182312599697,166.01334302891465,162.58277715435602,165.7939453125,29882100,0.0,0.0,164.91038818359374,169.62779846191407,47.183748164150224,-5.374578473339,-5.614685247188552,4.839892216639482,0.007270387092073172,0.0,0.0,0.0,0.0,0.0,0.0,0.0,0.0,0.0,19981500.0,24955700.0,24616800.0,0.0,0.0,0.0,0.0,0.0,0.0,0.0,0.0,0.0,0.0,0.0,0.0,0.0,0.0,0.0,0.0,0.0,1.0,0.0,0.0,1255.0,0.0,0.0,0.0,165.40502421061197,0.6997047116700874,165.14146205357142,1.6054699800465364,168.01828002929688,4.071025218457116,-0.021655984886704727
2025-03-24,168.80068280829667,170.03229564643644,166.98069207130337,169.46385192871094,18742800,0.0,0.0,165.58053894042968,169.0766242980957,46.82524718469966,-4.813420739065492,-5.454432345563941,4.110884510517692,0.022135347640673153,0.0,0.0,0.0,0.0,0.0,0.0,0.0,0.0,0.0,29882100.0,19981500.0,24955700.0,0.0,0.0,0.0,0.0,0.0,0.0,0.0,0.0,0.0,0.0,0.0,0.0,0.0,0.0,0.0,0.0,0.0,0.0,0.0,0.0,0.0,0.0,0.0,0.0,166.61835225423178,2.535875690703369,165.88228280203683,2.2196533970959,167.84136744907923,3.93914178014997,-0.016551901362466426
2025-03-25,170.71042533673634,172.43569069454404,170.0821638501357,172.31600952148438,13841600,0.0,0.0,167.59898681640624,168.85831680297852,47.47344890810626,-4.091390902942635,-5.18182405703968,3.7890725607764213,0.01683047777040536,0.0,0.0,0.0,0.0,0.0,0.0,0.0,0.0,0.0,18742800.0,29882100.0,19981500.0,0.0,0.0,0.0,0.0,0.0,0.0,0.0,0.0,0.0,0.0,0.0,0.0,0.0,0.0,0.0,0.0,0.0,0.0,0.0,0.0,0.0,0.0,0.0,0.0,169.19126892089844,3.2695651864796407,166.61882890973772,3.304629757210116,167.69883837018693,3.71685739178893,0.03380402812652461
2025-03-26,170.83009529451596,171.46833904684703,166.4032617058507,166.68150329589844,22498000,0.0,0.0,167.77051391601563,168.49126586914062,42.27339651382164,-3.928548754141616,-4.931168996460068,3.6140028893123852,-0.032698680994486584,0.0,0.0,0.0,0.0,0.0,0.0,0.0,0.0,0.0,13841600.0,18742800.0,29882100.0,0.0,0.0,0.0,0.0,0.0,0.0,0.0,0.0,0.0,0.0,0.0,0.0,0.0,0.0,0.0,0.0,0.0,0.0,0.0,0.0,0.0,0.0,0.0,0.0,169.48712158203125,2.8173251869664826,166.70002964564733,3.2971067253136073,167.20934404645647,3.319196179761002,0.018649435467348763
2025-03-27,166.2526883327416,166.98068153823098,163.40053326732718,163.62989807128906,21571200,0.0,0.0,167.57704162597656,168.195263671875,37.52990118220708,-3.999628983065321,-4.744860993781119,3.762131789713431,-0.018308001573468347,0.0,0.0,0.0,0.0,0.0,0.0,0.0,0.0,0.0,22498000.0,13841600.0,18742800.0,0.0,0.0,0.0,0.0,0.0,0.0,0.0,0.0,0.0,0.0,0.0,0.0,0.0,0.0,0.0,0.0,0.0,0.0,0.0,0.0,0.0,0.0,0.0,0.0,167.54247029622397,4.406595189377,166.9009050641741,3.0092033483017016,166.3923056466239,2.5558862762088213,0.05139050062493311
2025-03-28,161.914617985198,163.36063733153796,154.91288174399585,155.63189697265625,34866500,0.0,0.0,165.5446319580078,167.39925155639648,37.30278826230128,-4.647755985297437,-4.725439992084382,4.604436874284706,-0.048878604661528935,0.0,0.0,0.0,0.7536,0.7536,1.0,262.0,1.0,0.0,21571200.0,22498000.0,13841600.0,0.0,0.0,0.0,0.0,0.0,0.0,0.0,0.0,0.0,0.0,0.0,0.0,0.0,0.0,0.0,0.0,0.0,0.0,0.0,0.0,0.0,0.0,0.0,0.0,161.9810994466146,5.706343194481445,165.44490923200334,5.249172884038504,165.5553218296596,3.8228611047642933,-0.0010881825490619557
2025-03-31,154.38533444093966,156.69897769591987,151.79247569514342,155.8014373779297,33591600,0.0,0.0,162.81214904785156,166.78902587890624,39.07196704010197,-5.089057325254686,-4.798163458718443,5.279103002444173,0.001089367980287692,0.0,0.0,0.0,0.0,0.0,0.0,0.0,0.0,0.0,34866500.0,21571200.0,22498000.0,0.0,0.0,0.0,0.0,0.0,0.0,0.0,0.0,0.0,0.7536,0.0,0.0,0.7536,0.0,0.0,1.0,0.0,0.0,262.0,0.0,0.0,1.0,0.0,0.0,158.35441080729166,4.569492356017685,164.18836321149553,6.410259743257307,164.86080387660436,4.6274251208076,-0.016679349887199324
2025-04-01,154.87400177182084,159.64088860290096,154.82912703672736,158.44418334960938,20111400,0.0,0.0,160.03778381347655,166.11420364379882,38.562393281226385,-5.165993940582865,-4.871729555091328,5.4459030115328195,0.016962269515326422,0.0,0.0,0.0,0.0,0.0,0.0,0.0,0.0,0.0,33591600.0,34866500.0,21571200.0,0.0,0.0,0.0,0.0,0.0,0.0,0.0,0.0,0.0,0.0,0.7536,0.0,0.0,0.7536,0.0,0.0,1.0,0.0,0.0,262.0,0.0,0.0,1.0,0.0,156.62583923339844,1.5770122006421423,163.13839721679688,6.698871647880066,164.13992963518416,4.793885784247962,0.00012598133973651393
2025-04-02,156.5294429126843,159.83533661020232,156.10061455152714,158.42422485351562,17113300,0.0,0.0,158.386328125,165.3198440551758,42.66068665547391,-5.168992320478992,-4.931182108168861,5.345045234452428,-0.00012596547043774997,0.0,0.0,0.0,0.0,0.0,0.0,0.0,0.0,0.0,20111400.0,33591600.0,34866500.0,0.0,0.0,0.0,0.0,0.0,0.0,0.0,0.0,0.0,0.0,0.0,0.7536,0.0,0.0,0.7536,0.0,0.0,1.0,0.0,0.0,262.0,0.0,0.0,1.0,157.5566151936849,1.520061333986525,161.5613076346261,6.24567651840789,163.72179521833147,5.0303686257833675,0.04081752949929829
2025-04-03,152.415773730749,154.26268338948154,151.76255642428285,152.21133422851562,28416100,0.0,0.0,156.1026153564453,164.25368957519532,32.70254007579406,-5.608050789679908,-5.06655584447107,5.732826363351295,-0.039216796741436744,0.0,0.0,0.0,0.3182,0.3182,1.0,1676.0,1.0,0.0,17113300.0,20111400.0,33591600.0,0.0,0.0,0.0,0.0,0.0,0.0,0.0,0.0,0.0,0.0,0.0,0.0,0.0,0.0,0.0,0.0,0.0,0.0,0.0,0.0,0.0,0.0,0.0,0.0,156.35991414388022,3.59278945542545,158.68921116420202,4.967673400888949,162.65402003696985,5.775718887440209,0.03309868855073628
2025-04-04,149.4888107622176,152.67006286836312,147.13528375084766,147.33474731445312,39832200,0.0,0.0,154.44318542480468,162.86700515747071,30.040280856634794,-6.277148537444248,-5.308674383065705,6.304863055390117,-0.032038264027968166,0.0,0.0,0.0,0.0,0.0,0.0,0.0,0.0,0.0,28416100.0,17113300.0,20111400.0,0.0,0.0,0.0,0.0,0.0,0.0,0.0,0.0,0.0,0.3182,0.0,0.0,0.3182,0.0,0.0,1.0,0.0,0.0,1676.0,0.0,0.0,1.0,0.0,0.0,152.65676879882812,5.558141505005514,155.9253888811384,5.158210196986707,161.31270926339286,6.968022364740239,-0.010050889072157121
2025-04-07,142.9966684031096,154.50500650433963,142.26867511605386,148.83062744140625,47823000,0.0,0.0,153.0490234375,161.9410530090332,35.00112952952446,-6.610506494511839,-5.569040805354932,6.939788138711176,0.01015293509656967,0.0,0.0,0.0,0.0,0.0,0.0,0.0,0.0,0.0,39832200.0,28416100.0,17113300.0,0.0,0.0,0.0,0.0,0.0,0.0,0.0,0.0,0.0,0.0,0.3182,0.0,0.0,0.3182,0.0,0.0,1.0,0.0,0.0,1676.0,0.0,0.0,1.0,0.0,149.45890299479166,2.4982639193723384,153.8112073625837,4.459645505149691,160.3560562133789,7.712891843457251,0.018147131979027842
2025-04-08,153.15372459087558,154.0163572830598,144.81168040387425,146.17791748046875,35304400,0.0,0.0,150.59577026367188,160.97371444702148,27.52168452279733,-7.007963164374502,-5.856825277158846,7.718643348551341,-0.01782368324679584,0.0,0.0,0.0,0.0,0.0,0.0,0.0,0.0,0.0,47823000.0,39832200.0,28416100.0,0.0,0.0,0.0,0.0,0.0,0.0,0.0,0.0,0.0,0.0,0.0,0.3182,0.0,0.0,0.3182,0.0,0.0,1.0,0.0,0.0,1676.0,0.0,0.0,1.0,147.44776407877603,1.3299613249931996,152.46063886369978,5.188361736723072,158.95277404785156,8.398291723533463,-0.08990428046090004
2025-04-09,145.9285907764552,161.42595490236522,145.41001297471655,160.61817932128906,46479500,0.0,0.0,151.03456115722656,160.57780227661132,46.504269977658794,-6.087568292613128,-5.902973880249702,7.510583996590159,0.09878552171021115,0.0,0.0,0.0,0.0,0.0,0.0,0.0,0.0,0.0,35304400.0,47823000.0,39832200.0,0.0,0.0,0.0,0.0,0.0,0.0,0.0,0.0,0.0,0.0,0.0,0.0,0.0,0.0,0.0,0.0,0.0,0.0,0.0,0.0,0.0,0.0,0.0,0.0,151.87557474772134,7.686616198402224,153.14874485560827,5.966359689659584,158.66855403355189,8.2587453628435,0.03662226684876191
2025-04-10,158.32448661840758,159.59100703537513,151.7824843406383,154.94378662109375,35270500,0.0,0.0,151.5810516357422,160.11108627319337,41.163091270166746,-5.749745308854273,-5.872328165970616,7.558411036471699,-0.0353284586101843,0.0,0.0,0.0,0.0,0.0,0.0,0.0,0.0,0.0,46479500.0,35304400.0,47823000.0,0.0,0.0,0.0,0.0,0.0,0.0,0.0,0.0,0.0,0.0,0.0,0.0,0.0,0.0,0.0,0.0,0.0,0.0,0.0,0.0,0.0,0.0,0.0,0.0,153.91329447428384,7.275075673581715,152.64868818010603,5.582932279478552,157.89354269845145,8.044984438542437,-0.02528234896833126
2025-04-11,155.15821588311775,159.4214828900061,155.15821588311775,158.96273803710938,22582000,0.0,0.0,153.90664978027343,159.70121383666992,41.495722535066804,-5.098944905955307,-5.717651513967555,7.376102765495442,0.025938125714222604,0.0,0.0,0.0,0.0,0.0,0.0,0.0,0.0,0.0,35270500.0,46479500.0,35304400.0,0.0,0.0,0.0,0.0,0.0,0.0,0.0,0.0,0.0,0.0,0.0,0.0,0.0,0.0,0.0,0.0,0.0,0.0,0.0,0.0,0.0,0.0,0.0,0.0,158.1749013264974,2.918081243034268,152.72561863490515,5.678670188963792,157.14346313476562,7.3420680490288435,-0.01281968307039405
2025-04-14,161.86474587796025,163.58002876063287,159.48130277727097,161.0270538330078,18255900,0.0,0.0,156.34593505859374,159.44691162109376,40.73952334830281,-4.366276151806574,-5.44737644153536,7.229628901873894,0.012986161545710972,0.0,0.0,0.0,0.0,0.0,0.0,0.0,0.0,0.0,22582000.0,35270500.0,46479500.0,0.0,0.0,0.0,0.0,0.0,0.0,0.0,0.0,0.0,0.0,0.0,0.0,0.0,0.0,0.0,0.0,0.0,0.0,0.0,0.0,0.0,0.0,0.0,0.0,158.31119283040366,3.0935284644194097,153.9850071498326,6.468264741117069,156.3371091570173,6.054564334232708,0.01758247204679786
2025-04-15,161.12680756053086,161.60548662047464,157.2125711136264,158.24472045898438,15690800,0.0,0.0,158.75929565429686,159.2479591369629,42.739451310295344,-3.964442312702687,-5.150789615768826,7.203894508293848,-0.01727867030908259,0.0,0.0,0.0,0.0,0.0,0.0,0.0,0.0,0.0,18255900.0,22582000.0,35270500.0,0.0,0.0,0.0,0.0,0.0,0.0,0.0,0.0,0.0,0.0,0.0,0.0,0.0,0.0,0.0,0.0,0.0,0.0,0.0,0.0,0.0,0.0,0.0,0.0,159.41150410970053,1.44443345017444,155.5435747419085,5.887075725571434,155.73448181152344,5.321212957002772,0.02045018086877426
2025-04-16,155.04352406353968,157.7460816121238,153.48780580846912,155.0734405517578,16921500,0.0,0.0,157.6503479003906,158.7104377746582,42.65159759045744,-3.857415994748152,-4.892114891564692,7.087540112386632,-0.020040352044784493,0.0,0.0,0.0,0.0,0.0,0.0,0.0,0.0,0.0,15690800.0,18255900.0,22582000.0,0.0,0.0,0.0,0.0,0.0,0.0,0.0,0.0,0.0,0.0,0.0,0.0,0.0,0.0,0.0,0.0,0.0,0.0,0.0,0.0,0.0,0.0,0.0,0.0,158.11507161458334,2.978923361352223,156.43540518624442,5.124057596263988,155.12330627441406,4.81159557296381,0.013954062398889189
2025-04-17,156.1804006573908,156.63914551785228,150.48605717451858,152.93931579589844,19513400,0.0,0.0,157.24945373535155,158.1275405883789,47.42858258668029,-3.8998478800689043,-4.693661489265534,7.057236182098487,-0.013762026226193713,0.0,0.0,0.0,0.0,0.0,0.0,0.0,0.0,0.0,16921500.0,15690800.0,18255900.0,0.0,0.0,0.0,0.0,0.0,0.0,0.0,0.0,0.0,0.0,0.0,0.0,0.0,0.0,0.0,0.0,0.0,0.0,0.0,0.0,0.0,0.0,0.0,0.0,155.41915893554688,2.6695450100046725,157.4013192313058,3.1094333592311845,154.9309790475028,4.843410818928606,0.023355152862628792
2025-04-21,150.5508781432317,150.6456187622393,147.99291186389016,149.44891357421875,16147800,0.0,0.0,155.34668884277343,157.31028900146484,44.29518227314621,-4.167086168245419,-4.588346425061512,7.069109489063947,-0.02282213833320479,0.0,0.0,0.0,-0.4515,-0.4515,1.0,9.0,0.0,0.0,19513400.0,16921500.0,15690800.0,0.0,0.0,0.0,0.0,0.0,0.0,0.0,0.0,0.0,0.0,0.0,0.0,0.0,0.0,0.0,0.0,0.0,0.0,0.0,0.0,0.0,0.0,0.0,0.0,152.48722330729166,2.8393866668626173,155.8057098388672,3.9387442257798906,154.47722734723772,5.048800652427189,-0.02625079747389303
2025-04-22,150.6556053772964,154.18588806543661,150.45614182614645,153.4778289794922,15910300,0.0,0.0,153.83684387207032,156.5109878540039,45.648358777125644,-4.007577772883337,-4.4721926946258765,6.50374338324094,0.0269584790475752,0.0,0.0,0.0,0.0,0.0,0.0,0.0,0.0,0.0,16147800.0,19513400.0,16921500.0,0.0,0.0,0.0,0.0,0.0,0.0,0.0,0.0,0.0,-0.4515,0.0,0.0,-0.4515,0.0,0.0,1.0,0.0,0.0,9.0,0.0,0.0,0.0,0.0,0.0,151.95535278320312,2.1872762156336694,155.5962873186384,4.030123024899344,154.1224877493722,4.921501795371016,-0.02422025255178384
2025-04-23,157.47685003131366,159.5810628232613,155.92113161014544,157.28736877441406,18575700,0.0,0.0,153.64537353515624,155.7595558166504,49.065893353493635,-3.5330414934704493,-4.284362454394791,5.346843324482955,0.024821433950768856,0.0,0.0,0.0,0.0,0.0,0.0,0.0,0.0,0.0,15910300.0,16147800.0,19513400.0,0.0,0.0,0.0,0.0,0.0,0.0,0.0,0.0,0.0,0.0,-0.4515,0.0,0.0,-0.4515,0.0,0.0,1.0,0.0,0.0,9.0,0.0,0.0,0.0,0.0,153.40470377604166,3.919739207256273,155.35694885253906,3.8422462031914812,154.0412837437221,4.853979743119245,-0.023223955040945876
2025-04-24,158.09012530541472,161.26640093882173,157.6563210398833,161.0270538330078,30787500,0.0,0.0,154.83609619140626,155.47683334350586,57.550371136483456,-2.822668774231005,-3.992023718362034,4.86688539693591,0.023776130834493925,0.0,0.0,0.0,0.0,0.0,0.0,0.0,0.0,0.0,18575700.0,15910300.0,16147800.0,0.0,0.0,0.0,0.0,0.0,0.0,0.0,0.0,0.0,0.0,0.0,-0.4515,0.0,0.0,-0.4515,0.0,0.0,1.0,0.0,0.0,9.0,0.0,0.0,0.0,157.2640838623047,3.774666291552609,155.35694885253906,3.8422462031914812,154.67097800118583,5.160468166058636,-0.014525590510372166
2025-04-25,166.64162802009162,167.77850023609406,162.55286879192676,163.40054321289062,35148100,0.0,0.0,156.9283416748047,155.46536560058593,64.37622135782766,-2.0446036017965525,-3.602539695048938,4.846892543993967,0.014739693258899456,0.0,0.0,0.0,0.0,0.0,0.0,0.0,0.0,0.0,30787500.0,18575700.0,15910300.0,0.0,0.0,0.0,0.0,0.0,0.0,0.0,0.0,0.0,0.0,0.0,0.0,0.0,0.0,0.0,0.0,0.0,0.0,0.0,0.0,0.0,0.0,0.0,0.0,160.5716552734375,3.0819257477841533,156.09349496023995,4.850082808865782,155.81853485107422,5.189814180548296,0.008804295818837904
2025-04-28,163.80942118243402,164.49753091286826,159.94007456268434,161.97447204589844,20871200,0.0,0.0,159.43345336914064,155.78249435424806,61.776272491457576,-1.5254687181758584,-3.1871254996743223,5.0611227193079,-0.008727456708232606,0.0,0.0,0.0,0.0,0.0,0.0,0.0,0.0,0.0,35148100.0,30787500.0,18575700.0,0.0,0.0,0.0,0.0,0.0,0.0,0.0,0.0,0.0,0.0,0.0,0.0,0.0,0.0,0.0,0.0,0.0,0.0,0.0,0.0,0.0,0.0,0.0,0.0,162.13402303059897,1.194761627540562,157.07935660226005,5.289639839069935,156.75738089425224,5.014355486259336,0.002221471105014139
2025-04-29,161.6004897534816,162.23374239598817,158.95277394690083,161.61544799804688,15955200,0.0,0.0,161.06097717285155,156.0731948852539,64.42415114396465,-1.1299949445902087,-2.7756993886575,5.226537315097431,-0.002216547109657019,0.0,0.0,0.0,0.0,0.0,0.0,0.0,0.0,0.0,20871200.0,35148100.0,30787500.0,0.0,0.0,0.0,0.0,0.0,0.0,0.0,0.0,0.0,0.0,0.0,0.0,0.0,0.0,0.0,0.0,0.0,0.0,0.0,0.0,0.0,0.0,0.0,0.0,162.3301544189453,0.9442053242736806,158.31880405970983,5.1730763741476204,157.8600616455078,4.127972070253213,0.007272069867105158
2025-04-30,159.4214808354622,160.93132003878804,156.7238992270367,160.4486541748047,20639500,0.0,0.0,161.6932342529297,156.17341842651368,49.78935385670147,-0.9003509546653277,-2.4006297018590654,5.293189846884027,-0.007219568659403652,0.0,0.0,0.0,0.0,0.0,0.0,0.0,0.0,0.0,15955200.0,20871200.0,35148100.0,0.0,0.0,0.0,0.0,0.0,0.0,0.0,0.0,0.0,0.0,0.0,0.0,0.0,0.0,0.0,0.0,0.0,0.0,0.0,0.0,0.0,0.0,0.0,0.0,161.34619140625,0.7977495710477557,159.89019557407923,3.3946212426109237,157.84795270647322,4.119499033824833,-0.011671494660383086
2025-05-01,162.07419641613544,163.49029939480852,160.4885463727588,162.34344482421875,21904300,0.0,0.0,161.95651245117188,156.36937942504883,60.14771760893002,-0.5590186491621978,-2.032307491319692,5.45109548751234,0.011809327159265193,0.0,0.0,0.0,0.0,0.0,0.0,0.0,0.0,0.0,20639500.0,15955200.0,20871200.0,0.0,0.0,0.0,0.0,0.0,0.0,0.0,0.0,0.0,0.0,0.0,0.0,0.0,0.0,0.0,0.0,0.0,0.0,0.0,0.0,0.0,0.0,0.0,0.0,161.46918233235678,0.9558258915705425,161.1567121233259,1.9498828015219352,158.37649972098214,4.192279912515856,-0.018213545341000503
2025-05-02,164.5024980083436,166.24270626273594,163.2110522725791,165.3551483154297,16844900,0.0,0.0,162.3474334716797,157.02657012939454,59.01546561028969,-0.04497261963535948,-1.6348405169828255,5.709599988398662,0.018551432701652493,0.0,0.0,0.0,0.0,0.0,0.0,0.0,0.0,0.0,21904300.0,20639500.0,15955200.0,0.0,0.0,0.0,0.0,0.0,0.0,0.0,0.0,0.0,0.0,0.0,0.0,0.0,0.0,0.0,0.0,0.0,0.0,0.0,0.0,0.0,0.0,0.0,0.0,162.71574910481772,2.4743441648265367,162.3092520577567,1.6415880544060135,158.83310045514787,4.590264135678209,-0.0014453944339137825
2025-05-05,164.06370481289306,166.64162038300333,164.01883008211257,165.59449768066406,15309300,0.0,0.0,163.07143859863282,157.93955764770507,56.79123264597887,0.3773759012335063,-1.2323972333395592,5.5355223088259,0.0014474866230218542,0.0,0.0,0.0,0.0,0.0,0.0,0.0,0.0,0.0,16844900.0,21904300.0,20639500.0,0.0,0.0,0.0,0.0,0.0,0.0,0.0,0.0,0.0,0.0,0.0,0.0,0.0,0.0,0.0,0.0,0.0,0.0,0.0,0.0,0.0,0.0,0.0,0.0,164.4310302734375,1.8118586549457802,162.9617440359933,1.9294841316548317,159.1593464442662,4.909408343171268,0.005145297961034467
2025-05-06,163.51023743476136,166.2826102199397,162.68251243531148,164.746826171875,10691900,0.0,0.0,163.69771423339844,158.73536758422853,60.258004007660965,0.6363546402304223,-0.8586468586255629,5.295967500467784,-0.005118959389723954,0.0,0.0,0.0,0.0,0.0,0.0,0.0,0.0,0.0,15309300.0,16844900.0,21904300.0,0.0,0.0,0.0,0.0,0.0,0.0,0.0,0.0,0.0,0.0,0.0,0.0,0.0,0.0,0.0,0.0,0.0,0.0,0.0,0.0,0.0,0.0,0.0,0.0,165.2321573893229,0.4370146709569929,163.15407017299108,2.044199199329493,159.62378256661552,5.119294947617211,0.08115170663556315
2025-05-07,165.61446287344089,166.53193740752073,149.07994142713306,152.380859375,78729800,0.0,0.0,162.0841552734375,159.04551467895507,46.707331864211326,-0.1544525838415609,-0.7178080036687626,4.666028180366969,-0.07506042504256794,0.0,0.0,0.0,0.0,0.0,0.0,0.0,0.0,0.0,10691900.0,15309300.0,16844900.0,0.0,0.0,0.0,0.0,0.0,0.0,0.0,0.0,0.0,0.0,0.0,0.0,0.0,0.0,0.0,0.0,0.0,0.0,0.0,0.0,0.0,0.0,0.0,0.0,160.9073944091797,7.3963495397069625,161.78355407714844,4.593381484502316,159.43145533970423,5.34883033314178,-0.018940621557635984
2025-05-08,155.49230101963664,156.97821934560366,153.67730129276063,155.32276916503906,38387500,0.0,0.0,160.68002014160157,158.78074417114257,52.8581790448754,-0.5375884874408143,-0.681764100423173,4.721998084372797,0.019306294780758515,0.0,0.0,0.0,0.0,0.0,0.0,0.0,0.0,0.0,78729800.0,10691900.0,15309300.0,0.0,0.0,0.0,0.0,0.0,0.0,0.0,0.0,0.0,0.0,0.0,0.0,0.0,0.0,0.0,0.0,0.0,0.0,0.0,0.0,0.0,0.0,0.0,0.0,157.48348490397134,6.459938318877822,160.88459995814733,5.206591547312016,159.60170200892858,5.160929167637887,0.008874302828212555
2025-05-09,155.12330110234345,156.0008767547779,153.4080181578182,153.95651245117188,22871000,0.0,0.0,158.40029296875,158.73138046264648,55.695559696082576,-0.9406289647294273,-0.733537073284424,4.769145820023763,-0.008796242310201596,0.0,0.0,0.0,0.0,0.0,0.0,0.0,0.0,0.0,38387500.0,78729800.0,10691900.0,0.0,0.0,0.0,0.0,0.0,0.0,0.0,0.0,0.0,0.0,0.0,0.0,0.0,0.0,0.0,0.0,0.0,0.0,0.0,0.0,0.0,0.0,0.0,0.0,153.88671366373697,1.4721963884711171,159.95715114048548,5.83721954152649,159.92367335728235,4.58756850972665,-0.0325855955201122
2025-05-12,158.66357863988551,159.99989923182653,157.45689109723676,159.1422576904297,31884900,0.0,0.0,157.10984497070314,158.7403564453125,56.95397411160857,-0.8320043171403881,-0.7532305220556168,4.769773069765288,0.033683182066770234,0.0,0.0,0.0,0.0,0.0,0.0,0.0,0.0,0.0,22871000.0,38387500.0,78729800.0,0.0,0.0,0.0,0.0,0.0,0.0,0.0,0.0,0.0,0.0,0.0,0.0,0.0,0.0,0.0,0.0,0.0,0.0,0.0,0.0,0.0,0.0,0.0,0.0,156.14051310221353,2.6878462161571774,159.49983869280135,5.74375752334867,160.3282754080636,4.2095593048846505,-0.008142146726588972
2025-05-13,159.48131381182282,161.6154428646326,157.147736432167,160.4486541748047,24944300,0.0,0.0,156.25021057128907,158.71143646240233,54.135117743614636,-0.6332040410205764,-0.7292252258486087,4.756914836571963,0.00820898549093263,0.0,0.0,0.0,0.0,0.0,0.0,0.0,0.0,0.0,31884900.0,22871000.0,38387500.0,0.0,0.0,0.0,0.0,0.0,0.0,0.0,0.0,0.0,0.0,0.0,0.0,0.0,0.0,0.0,0.0,0.0,0.0,0.0,0.0,0.0,0.0,0.0,0.0,157.8491414388021,3.433815410021488,158.79891095842635,5.182036361999102,160.5540815080915,4.117678625362802,-0.035489492272661516
2025-05-14,160.8675041761217,167.87821879457485,160.48854169395702,166.3524169921875,31769200,0.0,0.0,159.04452209472657,159.1168212890625,56.59260221940219,0.0007225999587774368,-0.5832356606871315,5.051401884420172,0.03679534021488773,0.0,0.0,0.0,-0.5386,-0.5386,1.0,514.0,0.0,0.0,24944300.0,31884900.0,22871000.0,0.0,0.0,0.0,0.0,0.0,0.0,0.0,0.0,0.0,0.0,0.0,0.0,0.0,0.0,0.0,0.0,0.0,0.0,0.0,0.0,0.0,0.0,0.0,0.0,161.98110961914062,3.841603058078392,158.90718514578683,5.352793609377518,160.93446459089006,4.4009607160385595,0.008524855736661952
2025-05-15,166.68150616819955,167.05048632634782,163.39055558165364,164.94627380371094,22717600,0.0,0.0,160.96922302246094,159.61046295166017,51.96051298744781,0.3852095703067562,-0.389546614488354,5.117444397009704,-0.008452796862834844,0.0,0.0,0.0,0.0,0.0,0.0,0.0,0.0,0.0,31769200.0,24944300.0,31884900.0,0.0,0.0,0.0,0.0,0.0,0.0,0.0,0.0,0.0,-0.5386,0.0,0.0,-0.5386,0.0,0.0,1.0,0.0,0.0,514.0,0.0,0.0,0.0,0.0,0.0,163.91578165690103,3.0838351770896506,158.93567766462053,5.389463459486571,161.0448739188058,4.486152405141221,-0.012124458263636284
2025-05-16,168.4665883644654,170.18187132307358,166.49202410911192,166.970703125,36271400,0.0,0.0,163.57206115722656,160.31203231811523,56.242176618636876,0.8435488852940978,-0.14292751453186364,5.116544092141221,0.012273264952309182,0.0,0.0,0.0,0.0,0.0,0.0,0.0,0.0,0.0,22717600.0,31769200.0,24944300.0,0.0,0.0,0.0,0.0,0.0,0.0,0.0,0.0,0.0,0.0,-0.5386,0.0,0.0,-0.5386,0.0,0.0,1.0,0.0,0.0,514.0,0.0,0.0,0.0,0.0,166.0897979736328,1.0374512426633178,161.01994105747767,5.251425399993786,161.40174756731307,4.756377096691563,-0.0026210997389655155
2025-05-19,165.26041285871563,167.4892824949498,164.9612327646505,167.4095001220703,21374700,0.0,0.0,165.2255096435547,161.2100616455078,57.224555028111,1.228037295545704,0.13126544748364988,4.6658840896149,0.0026279879575150655,0.0,0.0,0.0,0.0,0.0,0.0,0.0,0.0,0.0,36271400.0,22717600.0,31769200.0,0.0,0.0,0.0,0.0,0.0,0.0,0.0,0.0,0.0,0.0,0.0,-0.5386,0.0,0.0,-0.5386,0.0,0.0,1.0,0.0,0.0,514.0,0.0,0.0,0.0,166.4421590169271,1.3139216603353785,162.74661690848214,5.049152460182735,161.81560843331474,5.021109987400973,0.015424502614234559
2025-05-20,167.2998101390324,169.2145415389476,163.809411029233,164.86651611328125,33563300,0.0,0.0,166.10908203125,161.77949600219728,55.32581723331733,1.3124208037819187,0.3674965187433037,4.357305661690701,-0.015190201314350671,0.0,0.0,0.0,0.0,0.0,0.0,0.0,0.0,0.0,21374700.0,36271400.0,22717600.0,0.0,0.0,0.0,0.0,0.0,0.0,0.0,0.0,0.0,0.0,0.0,0.0,0.0,0.0,0.0,0.0,0.0,0.0,0.0,0.0,0.0,0.0,0.0,0.0,166.4155731201172,1.359345029409409,164.30518886021204,3.2451927000834866,162.13117000034876,5.067205707466011,-0.027872469067378725
2025-05-21,164.49752249530096,174.05124541657764,164.43768951605247,169.593505859375,45567600,0.0,0.0,166.7572998046875,162.39480285644532,58.181416197392636,1.7406586796806494,0.6421289509307728,4.554024434661661,0.02867161784898631,0.0,0.0,0.0,-0.9246,-0.9246,1.0,182.0,0.0,0.0,33563300.0,21374700.0,36271400.0,0.0,0.0,0.0,0.0,0.0,0.0,0.0,0.0,0.0,0.0,0.0,0.0,0.0,0.0,0.0,0.0,0.0,0.0,0.0,0.0,0.0,0.0,0.0,0.0,167.2898406982422,2.3657655839499343,165.79822431291853,2.8546455805258493,162.64903150285994,5.446822123842855,-0.0111640926963823
2025-05-22,172.87449206528717,177.6413788951047,171.40852318489004,171.50823974609375,45024100,0.0,0.0,168.06969299316407,162.91886215209962,57.119798296894125,2.2090784232178464,0.9555188453881875,4.972211538676803,0.011290136830512942,0.0,0.0,0.0,0.9312,0.0,1.0,0.0,1.0,0.0,45567600.0,33563300.0,21374700.0,0.0,0.0,0.0,0.0,0.0,0.0,0.0,0.0,0.0,-0.9246,0.0,0.0,-0.9246,0.0,0.0,1.0,0.0,0.0,182.0,0.0,0.0,0.0,0.0,0.0,168.65608723958334,3.4186530176685137,167.37816510881697,2.4292280494418987,163.08853803362166,5.9104894035275946,0.014092868468305264
2025-05-23,169.81289604156981,170.7353616757743,168.7956897887916,169.12478637695312,24963600,0.0,0.0,168.5005096435547,163.20507431030273,53.891820114446205,2.3607662335994064,1.2365683230304314,5.162506505523585,-0.013897019598995142,0.0,0.0,0.0,0.0,0.0,0.0,0.0,0.0,0.0,45024100.0,45567600.0,33563300.0,0.0,0.0,0.0,0.0,0.0,0.0,0.0,0.0,0.0,0.9312,-0.9246,0.0,0.0,-0.9246,0.0,1.0,1.0,0.0,0.0,182.0,0.0,1.0,0.0,0.0,170.07551066080728,1.2627188769356716,167.7742178780692,2.4599260009357495,163.34070151192802,6.097961546492049,-0.02523271485641798
2025-05-27,170.8300904415714,173.81187849211432,170.74034098291773,173.5027313232422,24341300,0.0,0.0,169.71915588378906,163.78148727416993,58.95552133882645,2.8019444142735495,1.549643541279055,5.639430331890038,0.025885886037610772,0.0,0.0,0.0,0.0,0.0,0.0,0.0,0.0,0.0,24963600.0,45024100.0,45567600.0,0.0,0.0,0.0,0.0,0.0,0.0,0.0,0.0,0.0,0.0,0.9312,-0.9246,0.0,0.0,-0.9246,0.0,1.0,1.0,0.0,0.0,182.0,0.0,1.0,0.0,171.3785858154297,2.1918503814099326,168.99656895228796,2.9059427369843225,163.96612330845423,6.674983634028899,0.0034604534295350486
2025-05-28,173.5027486876955,175.99589090157693,172.54039944520105,172.90440368652344,25999200,0.0,0.0,171.3267333984375,164.34593505859374,77.64644363934741,3.0679360045874375,1.8533020339407318,5.966680142745521,-0.0034485199867202443,0.0,0.0,0.0,0.0,0.0,0.0,0.0,0.0,0.0,24341300.0,24963600.0,45024100.0,0.0,0.0,0.0,0.0,0.0,0.0,0.0,0.0,0.0,0.0,0.0,0.9312,0.0,0.0,0.0,0.0,0.0,1.0,0.0,0.0,0.0,0.0,0.0,1.0,171.8439737955729,2.373812156300577,169.84424046107702,3.076909439573515,165.43209075927734,6.169452989479562,0.0024282524773944214
2025-05-29,174.51996262584905,174.91885931079202,171.3087940961788,172.48556518554688,21174700,0.0,0.0,171.90514526367187,164.94778060913086,74.80545429284075,3.207960122224506,2.124233651597487,6.156915604993603,-0.0024223703505893424,0.0,0.0,0.0,0.0,0.0,0.0,0.0,0.0,0.0,25999200.0,24341300.0,24963600.0,0.0,0.0,0.0,0.0,0.0,0.0,0.0,0.0,0.0,0.0,0.0,0.0,0.0,0.0,0.0,0.0,0.0,0.0,0.0,0.0,0.0,0.0,0.0,0.0,172.9642333984375,0.51121564308931,170.56939261300224,3.0047724948163808,166.6580047607422,5.692917049367127,0.000636462071109456
2025-05-30,171.93705903868528,172.96423238805087,168.0627063952781,172.3758544921875,36258300,0.0,0.0,172.07866821289062,165.44940109252929,77.62493271867802,3.2723558272024036,2.3538580867184704,6.339541076356981,-0.0006360572447982049,0.0,0.0,0.0,-0.8929,-0.8929,1.0,295.0,0.0,0.0,21174700.0,25999200.0,24341300.0,0.0,0.0,0.0,0.0,0.0,0.0,0.0,0.0,0.0,0.0,0.0,0.0,0.0,0.0,0.0,0.0,0.0,0.0,0.0,0.0,0.0,0.0,0.0,0.0,172.58860778808594,0.27893439401001935,171.64215523856026,1.6761420518530998,167.97367204938615,4.544253613608297,0.014556603926090705
2025-06-02,168.54637896709238,170.59275202237717,168.18736588341204,169.90264892578125,24742900,0.0,0.0,172.23424072265624,165.67677612304686,67.5675743004663,3.088223746577711,2.500731218690319,6.417059437672626,-0.014347749420545064,0.0,0.0,0.0,0.0,0.0,0.0,0.0,0.0,0.0,36258300.0,21174700.0,25999200.0,0.0,0.0,0.0,0.0,0.0,0.0,0.0,0.0,0.0,-0.8929,0.0,0.0,-0.8929,0.0,0.0,1.0,0.0,0.0,295.0,0.0,0.0,0.0,0.0,0.0,171.58802286783853,1.460607100654918,171.68631853376115,1.616167185287587,168.74227142333984,3.7816334891908077,0.015860660258247172
2025-06-03,168.40178467639365,169.33421740320648,166.2227656610953,167.2499542236328,25386700,0.0,0.0,170.9836853027344,165.75954895019532,60.636333005300386,2.697156314047078,2.540016237761671,6.426611931654687,-0.015613027336067065,0.0,0.0,0.0,0.0,0.0,0.0,0.0,0.0,0.0,24742900.0,36258300.0,21174700.0,0.0,0.0,0.0,0.0,0.0,0.0,0.0,0.0,0.0,0.0,-0.8929,0.0,0.0,-0.8929,0.0,0.0,1.0,0.0,0.0,295.0,0.0,0.0,0.0,0.0,169.8428192138672,2.5634738318564816,171.07799203055245,2.335635763585155,169.2280785696847,2.9877773755572594,-0.009917899433738997
2025-06-04,167.8183830228989,169.11481998304504,167.3347128375843,168.9253387451172,18508700,0.0,0.0,170.18787231445313,165.9684745788574,54.63695827812785,2.4936765345583183,2.5307482971210002,6.4597910049103975,0.010017249506951709,0.0,0.0,0.0,0.0,0.0,0.0,0.0,0.0,0.0,25386700.0,24742900.0,36258300.0,0.0,0.0,0.0,0.0,0.0,0.0,0.0,0.0,0.0,0.0,0.0,-0.8929,0.0,0.0,-0.8929,0.0,0.0,1.0,0.0,0.0,295.0,0.0,0.0,0.0,168.6926472981771,1.341568588559979,171.04949951171875,2.3644727247832917,169.41185869489397,2.874261743444531,-0.0024732973272998393
2025-06-05,171.14920964574225,171.88718516661356,168.88544763287672,169.34417724609375,25375400,0.0,0.0,169.5595947265625,166.8166404724121,58.218434756028365,2.3392487070076413,2.4924483790983287,5.6439696305693525,0.0024794296941357263,0.0,0.0,0.0,0.0,0.0,0.0,0.0,0.0,0.0,18508700.0,25386700.0,24742900.0,0.0,0.0,0.0,0.0,0.0,0.0,0.0,0.0,0.0,0.0,0.0,0.0,0.0,0.0,0.0,0.0,0.0,0.0,0.0,0.0,0.0,0.0,0.0,0.0,168.5064900716146,1.1081598149285306,170.4554203578404,2.158844406101169,169.72599465506417,2.5732281453655554,-0.02921341474028727
2025-06-06,171.8273621519075,175.347677694002,171.8273621519075,174.44017028808594,22258100,0.0,0.0,169.9724578857422,167.77251052856445,62.520942029393275,2.5981181023674935,2.5135823237521615,5.1959946545899705,0.030092520007857226,0.0,0.0,0.0,0.0,0.0,0.0,0.0,0.0,0.0,25375400.0,18508700.0,25386700.0,0.0,0.0,0.0,0.0,0.0,0.0,0.0,0.0,0.0,0.0,0.0,0.0,0.0,0.0,0.0,0.0,0.0,0.0,0.0,0.0,0.0,0.0,0.0,0.0,170.90322875976562,3.0702317426446157,170.67481558663505,2.5002475816081158,170.25952802385603,2.7277230663920844,-0.01643870124710267
2025-06-09,175.59837556705574,177.6402153718793,175.38870842986094,177.3556671142578,18817600,0.21,0.0,171.4630615234375,168.94246826171874,65.39435287849403,3.0039030666048063,2.6116464723226906,4.510501861936162,0.016713448636039407,0.0,0.0,0.0,0.0,0.0,0.0,0.0,0.0,0.0,22258100.0,25375400.0,18508700.0,0.0,0.0,0.0,0.0,0.0,0.0,0.0,0.0,0.0,0.0,0.0,0.0,0.0,0.0,0.0,0.0,0.0,0.0,0.0,0.0,0.0,0.0,0.0,0.0,173.71333821614584,4.054899027414159,171.37054443359375,3.5466914263099776,170.96996852329798,3.185212488431419,-0.01322142149765071
2025-06-10,177.48545436637687,182.16323144952992,176.20245055412113,179.7319793701172,32908000,0.0,0.0,173.95946655273437,169.97195434570312,73.1276033370193,3.4771566166415937,2.7847485011864714,4.5056718913547895,0.013398569634250679,0.0,0.0,0.0,0.7227,0.7227,1.0,3777.0,1.0,0.0,18817600.0,22258100.0,25375400.0,0.0,0.0,0.0,0.0,0.0,0.0,0.0,0.0,0.0,0.0,0.0,0.0,0.0,0.0,0.0,0.0,0.0,0.0,0.0,0.0,0.0,0.0,0.0,0.0,177.17593892415366,2.6504787316455722,172.42141941615515,4.772258352914037,172.0317873273577,3.459977724419807,0.006823610564415938
2025-06-11,180.950104343879,181.46930552237777,177.72509701778952,178.5138702392578,18994400,0.0,0.0,175.8771728515625,170.87521514892578,65.57922177043042,3.7111424973523697,2.970027300419651,4.302226988023622,-0.006777364468628866,0.0,0.0,0.0,0.0,0.0,0.0,0.0,0.0,0.0,32908000.0,18817600.0,22258100.0,0.0,0.0,0.0,0.0,0.0,0.0,0.0,0.0,0.0,0.7227,0.0,0.0,0.7227,0.0,0.0,1.0,0.0,0.0,3777.0,0.0,0.0,1.0,0.0,0.0,178.5338389078776,1.1882819720636637,173.65159388950892,5.1125197037312935,172.66895621163505,3.7827259181668516,0.01028420221979398
2025-06-12,177.20589265380562,177.85489792406833,175.83801337999012,176.69668579101562,17345900,0.0,0.0,177.34767456054686,171.39242858886718,59.09248919693663,3.7072119636066816,3.117464233057057,4.351391831139777,-0.01017951403891848,0.0,0.0,0.0,0.0,0.0,0.0,0.0,0.0,0.0,18994400.0,32908000.0,18817600.0,0.0,0.0,0.0,0.0,0.0,0.0,0.0,0.0,0.0,0.0,0.7227,0.0,0.0,0.7227,0.0,0.0,1.0,0.0,0.0,3777.0,0.0,0.0,1.0,0.0,178.31417846679688,1.527468291266647,175.0011269705636,4.327625673990881,173.03955950055803,3.91220661242792,0.006197414644785182
2025-06-13,173.31191709596868,178.0675613928071,173.30193802509706,175.60836791992188,20873200,0.0,0.0,177.58131408691406,171.92553329467773,61.90243825918983,3.5750676757858457,3.208984921602815,4.169405024296047,-0.006159243260402403,0.0,0.0,0.0,0.0,0.0,0.0,0.0,0.0,0.0,17345900.0,18994400.0,32908000.0,0.0,0.0,0.0,0.0,0.0,0.0,0.0,0.0,0.0,0.0,0.0,0.7227,0.0,0.0,0.7227,0.0,0.0,1.0,0.0,0.0,3777.0,0.0,0.0,1.0,176.93964131673178,1.4679088774591762,175.95584542410714,3.4020383981874502,173.50267246791296,3.795142491668388,-0.011576880249994259
2025-06-16,175.63331576652783,177.96969801010982,175.54845557966115,177.66517639160156,18132500,0.0,0.0,177.64321594238282,172.46025695800782,58.35321684129042,3.5948702038575675,3.286161978053766,4.1862519338719455,0.011712474160784803,0.0,0.0,0.0,0.0,0.0,0.0,0.0,0.0,0.0,20873200.0,17345900.0,18994400.0,0.0,0.0,0.0,0.0,0.0,0.0,0.0,0.0,0.0,0.0,0.0,0.0,0.0,0.0,0.0,0.0,0.0,0.0,0.0,0.0,0.0,0.0,0.0,0.0,176.65674336751303,1.0289858211800622,177.1445595877511,1.7682174779886621,173.79998997279577,3.954834004551084,0.004006033625745031
2025-06-17,176.72664304480134,178.43899076022245,175.66828253538915,176.95628356933594,17656100,0.0,0.0,177.08807678222655,172.9375961303711,58.09540939826473,3.5128679684753763,3.331503176138088,4.1238488459947495,-0.003990049353865044,0.0,0.0,0.0,0.0,0.0,0.0,0.0,0.0,0.0,18132500.0,20873200.0,17345900.0,0.0,0.0,0.0,0.0,0.0,0.0,0.0,0.0,0.0,0.0,0.0,0.0,0.0,0.0,0.0,0.0,0.0,0.0,0.0,0.0,0.0,0.0,0.0,0.0,176.74327596028647,1.0448179044349746,177.5040043422154,1.3277098673510601,174.08940996442522,4.0317649835718905,0.018680392886967656
2025-06-18,177.00619474076913,177.54936088571782,172.5730497599219,173.71128845214844,32531800,0.0,0.0,176.1275604248047,173.37983474731445,52.20042677799053,3.1497285101128227,3.2951482429330357,3.661041152371666,-0.018337834925856278,0.0,0.0,0.0,0.0,0.0,0.0,0.0,0.0,0.0,17656100.0,18132500.0,20873200.0,0.0,0.0,0.0,0.0,0.0,0.0,0.0,0.0,0.0,0.0,0.0,0.0,0.0,0.0,0.0,0.0,0.0,0.0,0.0,0.0,0.0,0.0,0.0,0.0,176.1109161376953,2.1081489582799975,176.98337881905692,1.9596859566944316,174.17696162632532,4.007493165886253,0.03726223138050133
2025-06-20,174.5949374560243,175.09416523737374,166.01321067580938,167.470947265625,55402600,0.0,0.0,174.28241271972655,173.27370681762696,42.783202414639426,2.331518201529292,3.102422234652287,3.804530721059646,-0.03592363652430364,0.0,0.0,0.0,0.0,0.0,0.0,0.0,0.0,0.0,32531800.0,17656100.0,18132500.0,0.0,0.0,0.0,0.0,0.0,0.0,0.0,0.0,0.0,0.0,0.0,0.0,0.0,0.0,0.0,0.0,0.0,0.0,0.0,0.0,0.0,0.0,0.0,0.0,172.71283976236978,4.820848062137457,175.23180280412947,3.7527242018334737,173.8266111101423,4.3746492086947955,0.010360744885149265
2025-06-23,167.06160602705512,168.21980299782112,163.0777625142281,165.7536163330078,36975600,0.0,0.0,172.31146240234375,172.98597564697266,43.756478052118325,1.5269051708174288,2.7873188218853158,4.147248476095921,-0.010254500620297646,0.0,0.0,0.0,-0.2732,-0.2732,1.0,1540.0,0.0,0.0,55402600.0,32531800.0,17656100.0,0.0,0.0,0.0,0.0,0.0,0.0,0.0,0.0,0.0,0.0,0.0,0.0,0.0,0.0,0.0,0.0,0.0,0.0,0.0,0.0,0.0,0.0,0.0,0.0,168.9786173502604,4.187593366363926,173.4089093889509,4.835650644278864,173.5302516392299,4.782454989390435,-0.010313564165407296
2025-06-24,167.4260187941308,168.98860418926247,166.65222182620118,167.48094177246094,27310300,0.0,0.0,170.2746154785156,172.90378341674804,50.357551136095246,1.0169020602067462,2.4332354695496017,4.242983264374883,0.010421042253357715,0.0,0.0,0.0,0.0,0.0,0.0,0.0,0.0,0.0,36975600.0,55402600.0,32531800.0,0.0,0.0,0.0,0.0,0.0,0.0,0.0,0.0,0.0,-0.2732,0.0,0.0,-0.2732,0.0,0.0,1.0,0.0,0.0,1540.0,0.0,0.0,0.0,0.0,0.0,166.9018351236979,0.9943991985172785,172.09237452915735,5.04148756244815,173.54675074986048,4.759464963294814,-0.02186721243280254
2025-06-25,168.38953316950784,173.09226581389888,168.30068134547906,171.22515869140625,23627400,0.0,0.0,169.12839050292968,172.78990478515624,53.34566343009026,0.904422316821325,2.1274728390039463,4.2566042072890955,0.02235607752929991,0.0,0.0,0.0,0.8916,0.8916,1.0,610.0,1.0,0.0,27310300.0,36975600.0,55402600.0,0.0,0.0,0.0,0.0,0.0,0.0,0.0,0.0,0.0,0.0,-0.2732,0.0,0.0,-0.2732,0.0,0.0,1.0,0.0,0.0,1540.0,0.0,0.0,0.0,0.0,168.15323893229166,2.7970397831053724,171.46620178222656,4.798346740914616,173.71102360316686,4.625490663057589,-0.01685478853691791
2025-06-26,173.11721450651243,174.3802602003527,170.59612027198173,174.1605987548828,25909100,0.0,0.0,169.21825256347657,172.85271453857422,56.528658138810485,1.0401565136277497,1.9100095739287073,4.26763646425941,0.017143742694769593,0.0,0.0,0.0,0.0,0.0,0.0,0.0,0.0,0.0,23627400.0,27310300.0,36975600.0,0.0,0.0,0.0,0.0,0.0,0.0,0.0,0.0,0.0,0.8916,0.0,-0.2732,0.8916,0.0,-0.2732,1.0,0.0,1.0,610.0,0.0,1540.0,1.0,0.0,0.0,170.95556640625,3.347979144329589,170.9655478341239,4.187734011065467,174.0550537109375,4.45155899279595,-0.02154039683811282
2025-06-27,174.3602970998626,178.56378642226113,172.4432642772778,177.9946746826172,74053100,0.0,0.0,171.322998046875,173.12817001342773,54.98879946545824,1.4404995450916545,1.8161075681612968,4.41784145872056,0.02201460005962952,0.0,0.0,0.0,0.0,0.0,0.0,0.0,0.0,0.0,25909100.0,23627400.0,27310300.0,0.0,0.0,0.0,0.0,0.0,0.0,0.0,0.0,0.0,0.0,0.8916,0.0,0.0,0.8916,0.0,0.0,1.0,0.0,0.0,610.0,0.0,0.0,1.0,0.0,174.46014404296875,3.3946844070584454,171.11388942173548,4.445753964952823,174.30894688197546,4.574870668981241,0.004960767960169088
2025-06-30,180.50580421085897,181.29957460621677,175.22896256491478,177.1160430908203,43964600,0.0,0.0,173.5954833984375,173.36517944335938,49.643289045811834,1.667652396663982,1.786416533861834,4.501712092864309,-0.00493628021941428,0.0,0.0,0.0,0.0,0.0,0.0,0.0,0.0,0.0,74053100.0,25909100.0,23627400.0,0.0,0.0,0.0,0.0,0.0,0.0,0.0,0.0,0.0,0.0,0.0,0.8916,0.0,0.0,0.8916,0.0,0.0,1.0,0.0,0.0,610.0,0.0,0.0,1.0,176.42377217610678,2.0085974757094873,171.60028294154577,4.936457674835999,174.29183088030135,4.563028050281197,0.0027132701708385554
2025-07-01,176.5319309802097,176.94629857639345,174.39025473688548,176.63677978515625,25778500,0.0,0.0,175.42665100097656,173.70188598632814,45.11658498230774,1.7883847386501373,1.786810174819495,4.480893055157977,-0.0027059282564161347,0.0,0.0,0.0,0.0,0.0,0.0,0.0,0.0,0.0,43964600.0,74053100.0,25909100.0,0.0,0.0,0.0,0.0,0.0,0.0,0.0,0.0,0.0,0.0,0.0,0.0,0.0,0.0,0.0,0.0,0.0,0.0,0.0,0.0,0.0,0.0,0.0,0.0,177.2491658528646,0.6886660224434273,172.90968758719308,4.873821052344206,174.07074519566126,4.349139528469817,-0.015854460896555067
2025-07-02,176.27234494873161,179.65710887852734,175.8180458150953,179.4823760986328,19325900,0.0,0.0,177.07809448242188,174.31350708007812,51.453409026377166,2.0895942881342933,1.8473669974824547,4.3877501973050945,0.01610987426818844,0.0,0.0,0.0,0.0,0.0,0.0,0.0,0.0,0.0,25778500.0,43964600.0,74053100.0,0.0,0.0,0.0,0.0,0.0,0.0,0.0,0.0,0.0,0.0,0.0,0.0,0.0,0.0,0.0,0.0,0.0,0.0,0.0,0.0,0.0,0.0,0.0,0.0,177.74506632486978,1.5235180558654808,174.87093898228235,4.234582213392599,174.13992418561662,4.432160255669114,-0.0043755630382323885
2025-07-03,179.54229560893882,180.49082539406643,177.9148080847821,180.2711639404297,13287400,0.0,0.0,178.30020751953126,174.88079833984375,55.53495743939846,2.3646948822252227,1.9508325744310082,4.387899712647271,0.004394792730866293,0.0,0.0,0.0,0.0,0.0,0.0,0.0,0.0,0.0,19325900.0,25778500.0,43964600.0,0.0,0.0,0.0,0.0,0.0,0.0,0.0,0.0,0.0,0.0,0.0,0.0,0.0,0.0,0.0,0.0,0.0,0.0,0.0,0.0,0.0,0.0,0.0,0.0,178.7967732747396,1.9117336297515823,176.69811357770647,3.1297103421392354,174.39524405343192,4.6864371792084265,0.016839376788995608
2025-07-07,179.85680209877262,180.06148733419192,176.36720449532464,177.28578186035156,20991400,0.0,0.0,178.15842895507814,175.27787857055665,52.453285784104786,2.315131308447178,2.0236923212342424,4.216483520425913,-0.016560508152400066,0.0,0.0,0.0,0.0,0.0,0.0,0.0,0.0,0.0,13287400.0,19325900.0,25778500.0,0.0,0.0,0.0,0.0,0.0,0.0,0.0,0.0,0.0,0.0,0.0,0.0,0.0,0.0,0.0,0.0,0.0,0.0,0.0,0.0,0.0,0.0,0.0,0.0,179.0131072998047,1.547025030559559,177.5639168875558,1.9964690571807502,174.5150593348912,4.740963664821587,0.013701803341378493
2025-07-08,178.50388486434102,178.51386393532042,173.65139020434393,174.8894805908203,24108600,0.0,0.0,177.71311645507814,175.30034408569335,45.98034943568268,2.0587582498442885,2.030705506956252,4.212980793235034,-0.013516601525433214,0.0,0.0,0.0,0.0,0.0,0.0,0.0,0.0,0.0,20991400.0,13287400.0,19325900.0,0.0,0.0,0.0,0.0,0.0,0.0,0.0,0.0,0.0,0.0,0.0,0.0,0.0,0.0,0.0,0.0,0.0,0.0,0.0,0.0,0.0,0.0,0.0,0.0,177.48214213053384,2.69620973509943,177.6680428641183,1.7985861038526105,174.3167953491211,4.656378647521501,-0.014071825690933348
2025-07-09,175.83801093756307,180.00156883376084,173.6114592836493,177.3856201171875,31288000,0.0,0.0,177.86288452148438,175.30184173583984,50.59114747361508,2.0335567758360185,2.031275760732205,4.213755136366436,0.014272668189845517,0.0,0.0,0.0,0.0,0.0,0.0,0.0,0.0,0.0,24108600.0,20991400.0,13287400.0,0.0,0.0,0.0,0.0,0.0,0.0,0.0,0.0,0.0,0.0,0.0,0.0,0.0,0.0,0.0,0.0,0.0,0.0,0.0,0.0,0.0,0.0,0.0,0.0,176.52029418945312,1.4132079339205406,177.58103506905692,1.7948794577050207,174.3474622453962,4.676469973678284,-0.005819794690861246
2025-07-10,176.397147597673,179.31263609787564,175.46859121008725,178.42401123046875,24693700,0.0,0.0,177.65121154785157,175.23644332885743,56.90868721230859,2.073472213774096,2.0397150513405835,4.151063265805463,0.00585386297150392,0.0,0.0,0.0,0.9594,0.0,1.0,0.0,1.0,0.0,31288000.0,24108600.0,20991400.0,0.0,0.0,0.0,0.0,0.0,0.0,0.0,0.0,0.0,0.0,0.0,0.0,0.0,0.0,0.0,0.0,0.0,0.0,0.0,0.0,0.0,0.0,0.0,0.0,176.8997039794922,1.8166762453193526,177.76788766043526,1.8064489862110766,174.68408530099052,4.795261698015972,-0.014395169243373696
2025-07-11,177.63522558090386,182.32796348740288,177.2667922024666,181.02996826171875,23975700,0.0,0.0,177.80297241210937,175.36224822998048,72.2477151504105,2.2889982919874114,2.0895716994699494,4.291374856551509,0.014605416688474149,0.0,0.0,0.0,0.0,0.0,0.0,0.0,0.0,0.0,24693700.0,31288000.0,24108600.0,0.0,0.0,0.0,0.0,0.0,0.0,0.0,0.0,0.0,0.9594,0.0,0.0,0.0,0.0,0.0,1.0,0.0,0.0,0.0,0.0,0.0,1.0,0.0,0.0,178.946533203125,1.877522372321619,178.3954860142299,2.089025075908437,175.6525868007115,4.591278436394701,-0.008205226292436807
2025-07-14,181.78880160062218,184.4446816723468,180.4318917901642,182.52764892578125,20990400,0.0,0.0,178.85134582519532,175.65379638671874,77.7227510537542,2.5512454057607954,2.1819064407281186,4.575474102570284,0.008273109024121705,0.0,0.0,0.0,0.0,0.0,0.0,0.0,0.0,0.0,23975700.0,24693700.0,31288000.0,0.0,0.0,0.0,0.0,0.0,0.0,0.0,0.0,0.0,0.0,0.9594,0.0,0.0,0.0,0.0,0.0,1.0,0.0,0.0,0.0,0.0,0.0,1.0,0.0,180.6605428059896,2.076611894192704,178.83052498953683,2.6061716018078136,176.8507319859096,3.953742398151838,-0.0015839101372001618
2025-07-15,183.6559139606627,185.12364481924809,182.10830483087008,182.8172149658203,23911600,0.0,0.0,180.4368927001953,176.01423873901368,76.61121725353306,2.750734932215863,2.2956721390256676,4.847562763686924,0.001586422888495198,0.0,0.0,0.0,0.0,0.0,0.0,0.0,0.0,0.0,20990400.0,23975700.0,24693700.0,0.0,0.0,0.0,0.0,0.0,0.0,0.0,0.0,0.0,0.0,0.0,0.9594,0.0,0.0,0.0,0.0,0.0,1.0,0.0,0.0,0.0,0.0,0.0,1.0,182.12494405110678,0.9592659211058507,179.19424656459265,2.9901222159932037,177.94618007114954,3.213228495830485,-0.0036458363652239756
2025-07-16,184.0353291212338,185.04876086661793,182.79723878931895,183.48617553710938,21152600,0.0,0.0,181.6570037841797,176.30528869628907,73.8168886507148,2.929047114672784,2.422347134155091,5.11904839552697,0.00365917712625774,0.0,0.0,0.0,0.0,0.0,0.0,0.0,0.0,0.0,23911600.0,20990400.0,23975700.0,0.0,0.0,0.0,0.0,0.0,0.0,0.0,0.0,0.0,0.0,0.0,0.0,0.0,0.0,0.0,0.0,0.0,0.0,0.0,0.0,0.0,0.0,0.0,0.0,182.9436798095703,0.4916180770519036,180.08001708984375,3.2386024767230532,178.82196698869978,2.8956767375625474,-0.005035245893839968
2025-07-17,182.8322055265823,184.90099654275474,181.21969422278445,184.4147491455078,21654400,0.0,0.0,182.8551513671875,176.67821197509767,71.60286899843511,3.109445185191646,2.5597667443624017,5.431131471018951,0.005060727903234419,0.0,0.0,0.0,0.9414,0.9414,1.0,230.0,1.0,0.0,21152600.0,23911600.0,20990400.0,0.0,0.0,0.0,0.0,0.0,0.0,0.0,0.0,0.0,0.0,0.0,0.0,0.0,0.0,0.0,0.0,0.0,0.0,0.0,0.0,0.0,0.0,0.0,0.0,183.57271321614584,0.80227516553664,181.4407697405134,2.640011818975669,179.55440630231584,2.922651385280253,-0.006668806891853896
2025-07-18,186.3317745092629,187.0706371193561,184.4446940821443,185.65283203125,21033400,0.0,0.0,183.77972412109375,177.27528915405273,68.11525675778105,3.3141118787890775,2.7106357712477367,5.735658264718478,0.006713578450090907,0.0,0.0,0.0,0.0,0.0,0.0,0.0,0.0,0.0,21654400.0,21152600.0,23911600.0,0.0,0.0,0.0,0.0,0.0,0.0,0.0,0.0,0.0,0.9414,0.0,0.0,0.9414,0.0,0.0,1.0,0.0,0.0,230.0,0.0,0.0,1.0,0.0,0.0,184.5179189046224,1.087006481257987,182.6218000139509,2.3576604629743336,180.1014175415039,3.3005071878671988,-0.027255985797088544
2025-07-21,186.8110341716985,190.96459756247992,186.76110834857775,190.85476684570312,24665000,0.0,0.0,185.4451477050781,178.44448013305663,76.98034324850906,3.851664779156124,2.938841572829414,6.008742238422247,0.028019690071722225,0.0,0.0,0.0,0.0,0.0,0.0,0.0,0.0,0.0,21033400.0,21654400.0,21152600.0,0.0,0.0,0.0,0.0,0.0,0.0,0.0,0.0,0.0,0.0,0.9414,0.0,0.0,0.9414,0.0,0.0,1.0,0.0,0.0,230.0,0.0,0.0,1.0,0.0,186.97411600748697,3.417279693572406,184.39762224469865,3.1999186752036115,181.08275495256697,4.2503688266163016,-0.004997185513332725
2025-07-22,192.12281223527594,193.0613628759034,188.20387121297293,191.81329345703125,26212900,0.0,0.0,187.2443634033203,179.74746398925782,79.25324530175365,4.305394504516528,3.212152159166837,5.9369781857247235,0.00502228279214556,0.0,0.0,0.0,0.7256,0.0,1.0,0.0,1.0,0.0,24665000.0,21033400.0,21654400.0,0.0,0.0,0.0,0.0,0.0,0.0,0.0,0.0,0.0,0.0,0.0,0.9414,0.0,0.0,0.9414,0.0,0.0,1.0,0.0,0.0,230.0,0.0,0.0,1.0,189.44029744466147,3.314870134635247,185.93809727260046,3.840063371150408,182.16679164341517,4.912927380952214,0.003133006128996696
2025-07-23,192.06291145675814,193.06136701325298,189.88627042128354,191.21421813964844,34068100,0.0,0.0,188.78997192382812,180.9341278076172,74.75765858132058,4.564026947733964,3.482527116880263,5.724195887780157,-0.00312322105827878,0.0,0.0,0.0,0.9195,0.9195,1.0,212.0,1.0,0.0,26212900.0,24665000.0,21033400.0,0.0,0.0,0.0,0.0,0.0,0.0,0.0,0.0,0.0,0.7256,0.0,0.0,0.0,0.0,0.0,1.0,0.0,0.0,0.0,0.0,0.0,1.0,0.0,0.0,191.2940928141276,0.4842295828148197,187.17903573172433,3.9560779363056584,183.00478036063058,5.396564498198327,-0.008747429204239876
2025-07-24,197.80403178883356,198.6627041806578,191.6535418769399,192.901611328125,45252100,0.0,0.0,190.48734436035156,182.01795043945313,75.68002908803909,4.849254364745917,3.7558725664533936,5.840084278593335,0.008824621960089818,0.0,0.0,0.0,0.7288,0.7288,1.0,157.0,1.0,0.0,34068100.0,26212900.0,24665000.0,0.0,0.0,0.0,0.0,0.0,0.0,0.0,0.0,0.0,0.9195,0.7256,0.0,0.9195,0.0,0.0,1.0,1.0,0.0,212.0,0.0,0.0,1.0,1.0,0.0,191.97637430826822,0.8554358340395982,188.61966378348214,3.939074396496509,183.9069551740374,5.933461448772649,-0.004534243368463309
2025-07-25,192.63202513607754,194.97340465838818,191.83327287103867,193.78025817871094,31101800,0.0,0.0,192.11282958984376,182.99893341064453,86.67847002426723,5.0875524674117685,4.022208546645069,6.093104209734541,0.0045548963771555595,0.0,0.0,0.0,0.0,0.0,0.0,0.0,0.0,0.0,45252100.0,34068100.0,26212900.0,0.0,0.0,0.0,0.0,0.0,0.0,0.0,0.0,0.0,0.7288,0.9195,0.7256,0.7288,0.9195,0.0,1.0,1.0,1.0,157.0,212.0,0.0,1.0,1.0,1.0,192.63202921549478,1.304088285778696,190.09024701799666,3.611061021264389,185.0851320539202,6.151211934752275,0.0034123460906521075
2025-07-28,194.1097380295069,194.51910844226362,191.55867629656885,193.1212615966797,25553500,0.0,0.0,192.56612854003907,183.75526275634766,93.93639647696318,5.16370592629093,4.250508022574241,6.371691918611703,-0.003400741583404754,0.0,0.0,0.0,0.0,0.0,0.0,0.0,0.0,0.0,31101800.0,45252100.0,34068100.0,0.0,0.0,0.0,0.0,0.0,0.0,0.0,0.0,0.0,0.0,0.7288,0.9195,0.0,0.7288,0.9195,0.0,1.0,1.0,0.0,157.0,212.0,0.0,1.0,1.0,193.26771036783853,0.4572641511656403,191.3340345110212,2.719843505813514,186.3874021257673,5.743033733085945,-0.015323549012965842
2025-07-29,193.0014619032327,196.35627317873985,192.69194311869856,196.12661743164062,31891600,0.0,0.0,193.42879333496094,184.70579147338867,94.08165052530026,5.404268150979021,4.481260048255198,6.736670199284762,0.015562014301860883,0.0,0.0,0.0,0.0,0.0,0.0,0.0,0.0,0.0,25553500.0,31101800.0,45252100.0,0.0,0.0,0.0,0.0,0.0,0.0,0.0,0.0,0.0,0.0,0.0,0.7288,0.0,0.0,0.7288,0.0,0.0,1.0,0.0,0.0,157.0,0.0,0.0,1.0,194.34271240234375,1.579654072556668,192.83028956821985,1.798454301068593,187.72604479108537,5.667073663650701,-0.005115545220057416
2025-07-30,195.99683205679682,198.1734578933613,195.257969447984,197.13507080078125,21150500,0.0,0.0,194.6129638671875,185.73070602416993,94.07330359286516,5.61160214961501,4.707328468527161,6.998649570302978,0.0051418485789778146,0.0,0.0,0.0,0.0,0.0,0.0,0.0,0.0,0.0,31891600.0,25553500.0,31101800.0,0.0,0.0,0.0,0.0,0.0,0.0,0.0,0.0,0.0,0.0,0.0,0.0,0.0,0.0,0.0,0.0,0.0,0.0,0.0,0.0,0.0,0.0,0.0,0.0,195.4609832763672,2.088053568094501,193.72747584751673,2.1756407536214057,189.0625490461077,5.508726937790318,0.023747851780288487
2025-07-31,196.29636294942387,196.52600345506076,191.7833396958398,192.5621337890625,27852000,0.0,0.0,194.545068359375,186.38469390869142,74.86003786707577,5.345300738499105,4.8349229225215495,6.995162222025856,-0.02319697349204808,0.0,0.0,0.0,0.9159,0.9158999999999999,1.0,308.0,1.0,0.0,21150500.0,31891600.0,25553500.0,0.0,0.0,0.0,0.0,0.0,0.0,0.0,0.0,0.0,0.0,0.0,0.0,0.0,0.0,0.0,0.0,0.0,0.0,0.0,0.0,0.0,0.0,0.0,0.0,195.27460734049478,2.4025776001717754,193.83445303780692,2.0822381863181993,189.8862751552037,5.059069051278756,0.015319803461761428
2025-08-01,189.4868958519525,191.32205462037308,188.40856201383838,189.65663146972656,21236700,0.0,0.0,193.72034301757813,186.85396728515624,64.48862103420109,4.843966960857301,4.8367317301887,6.877268324093418,-0.015088648334769195,0.0,0.0,0.0,0.0,0.0,0.0,0.0,0.0,0.0,27852000.0,21150500.0,31891600.0,0.0,0.0,0.0,0.0,0.0,0.0,0.0,0.0,0.0,0.9159,0.0,0.0,0.9158999999999999,0.0,0.0,1.0,0.0,0.0,308.0,0.0,0.0,1.0,0.0,0.0,193.1179453531901,3.7700740812588136,193.61194065638952,2.4581929338904347,190.39548819405692,4.599310324767708,-0.029629649291947113
2025-08-04,190.87974643162875,195.77716977826867,190.62513538628775,195.4476776123047,23386000,0.0,0.0,194.1856262207031,187.7620620727539,70.9784059908904,4.857945978798227,4.840974579910606,6.745167995365026,0.03053437202644038,0.0,0.0,0.0,0.0,0.0,0.0,0.0,0.0,0.0,21236700.0,27852000.0,21150500.0,0.0,0.0,0.0,0.0,0.0,0.0,0.0,0.0,0.0,0.0,0.9159,0.0,0.0,0.9158999999999999,0.0,0.0,1.0,0.0,0.0,308.0,0.0,0.0,1.0,0.0,192.55548095703125,2.895528803430788,193.97566441127233,2.5230792241831685,191.29766409737724,4.221711417225392,0.002201518818733428
2025-08-05,195.24298441714578,198.39311038953284,194.3743329829563,195.01834106445312,19010200,0.0,0.0,193.96397094726564,188.76850509643555,69.30789440607248,4.779287923751866,4.8286372486788585,6.203310720584404,-0.002196682780253867,0.0,0.0,0.0,0.0,0.0,0.0,0.0,0.0,0.0,23386000.0,21236700.0,27852000.0,0.0,0.0,0.0,0.0,0.0,0.0,0.0,0.0,0.0,0.0,0.0,0.9159,0.0,0.0,0.9158999999999999,0.0,0.0,1.0,0.0,0.0,308.0,0.0,0.0,1.0,193.37421671549478,3.2266720491080374,194.15253339494978,2.550345897281455,192.12139020647322,3.669224949612449,-0.008125153565060939
2025-08-06,194.94845621765052,197.0751715243873,194.16666072818697,196.61587524414062,15383700,0.0,0.0,193.8601318359375,189.7300178527832,69.98034481776352,4.7906350468244625,4.82103680830798,5.824906713498036,0.008191712486978364,0.0,0.0,0.0,0.0,0.0,0.0,0.0,0.0,0.0,19010200.0,23386000.0,21236700.0,0.0,0.0,0.0,0.0,0.0,0.0,0.0,0.0,0.0,0.0,0.0,0.0,0.0,0.0,0.0,0.0,0.0,0.0,0.0,0.0,0.0,0.0,0.0,0.0,195.69396464029947,0.8267537958400526,194.65176391601562,2.65472845210833,192.99289921351843,3.103303953002557,-0.0018247770891783865
2025-08-07,197.4046550915873,198.0636241811511,194.91849526728674,196.97531127929688,14660600,0.0,0.0,194.74276733398438,190.6575828552246,69.09086886183916,4.773604071445675,4.811550260935519,5.390645799684688,0.001828112987875219,0.0,0.0,0.0,0.0,0.0,0.0,0.0,0.0,0.0,15383700.0,19010200.0,23386000.0,0.0,0.0,0.0,0.0,0.0,0.0,0.0,0.0,0.0,0.0,0.0,0.0,0.0,0.0,0.0,0.0,0.0,0.0,0.0,0.0,0.0,0.0,0.0,0.0,196.20317586263022,1.0417167033653183,194.77300589425224,2.750947747669667,193.80164773123605,2.4498417819255325,-0.023801254034891084
2025-08-08,197.67422490063132,203.11580458395042,197.59434662865613,201.7778778076172,24379900,0.0,0.0,197.1670166015625,191.69497833251953,68.66891677267827,5.088971388477063,4.867034486443828,5.436564269909978,0.02438156587812479,0.0,0.0,0.0,0.0,0.0,0.0,0.0,0.0,0.0,14660600.0,15383700.0,19010200.0,0.0,0.0,0.0,0.0,0.0,0.0,0.0,0.0,0.0,0.0,0.0,0.0,0.0,0.0,0.0,0.0,0.0,0.0,0.0,0.0,0.0,0.0,0.0,0.0,198.45635477701822,2.8821320229894556,195.43626403808594,3.7818818376770627,194.58186994280135,3.0938662310109017,0.0022813306071662875
2025-08-11,201.2437071589298,201.84778375432532,199.49142797559023,201.318603515625,16690200,0.0,0.0,198.34120178222656,192.63452606201173,66.52778102056541,5.241422802875775,4.941912149730218,5.392429511286792,-0.00227613798391757,0.0,0.0,0.0,-0.6322,-0.6322,1.0,119.0,0.0,0.0,24379900.0,14660600.0,15383700.0,0.0,0.0,0.0,0.0,0.0,0.0,0.0,0.0,0.0,0.0,0.0,0.0,0.0,0.0,0.0,0.0,0.0,0.0,0.0,0.0,0.0,0.0,0.0,0.0,200.02393086751303,2.650149856906631,196.68718828473772,4.106973625220392,195.26082066127233,3.4607806333715208,-0.01239224065334621
2025-08-12,201.78288282269472,204.81319918192554,201.0889488776854,203.84469604492188,19854000,0.0,0.0,200.10647277832032,193.6859001159668,70.58249573679899,5.502645134979616,5.054058746780098,5.427358524469301,0.012547735207694366,0.0,0.0,0.0,0.0,0.0,0.0,0.0,0.0,0.0,16690200.0,24379900.0,14660600.0,0.0,0.0,0.0,0.0,0.0,0.0,0.0,0.0,0.0,-0.6322,0.0,0.0,-0.6322,0.0,0.0,1.0,0.0,0.0,119.0,0.0,0.0,0.0,0.0,0.0,202.31372578938803,1.3455986256376238,198.71405465262276,3.517747182612637,196.16299765450614,3.9381177830814393,0.005565732275195412
2025-08-13,204.66341595456223,205.11271790848946,198.33321137510248,202.7164306640625,19573000,0.0,0.0,201.3265838623047,194.64741287231445,66.2909982422993,5.554594223653623,5.154165842154804,5.224910754174136,-0.005534926356929759,0.0,0.0,0.0,0.0,0.0,0.0,0.0,0.0,0.0,19854000.0,16690200.0,24379900.0,0.0,0.0,0.0,0.0,0.0,0.0,0.0,0.0,0.0,0.0,-0.6322,0.0,0.0,-0.6322,0.0,0.0,1.0,0.0,0.0,119.0,0.0,0.0,0.0,0.0,202.62657674153647,1.26544109392217,199.75244794573103,3.4652859861271192,196.86405617850167,4.1791065703127,-0.0038760079352666565
2025-08-14,202.24715475618467,205.10273825251264,202.01251709138205,203.50521850585938,17777100,0.0,0.0,202.6325653076172,195.60193634033203,66.19014256602588,5.594918104169409,5.2423162945577255,4.9959202727848195,0.0038910898303257113,0.0,0.0,0.0,0.0,0.0,0.0,0.0,0.0,0.0,19573000.0,19854000.0,16690200.0,0.0,0.0,0.0,0.0,0.0,0.0,0.0,0.0,0.0,0.0,0.0,-0.6322,0.0,0.0,-0.6322,0.0,0.0,1.0,0.0,0.0,119.0,0.0,0.0,0.0,203.3554484049479,0.5788514531002589,200.96485900878906,2.984157519488297,197.55869620186942,4.427918357286304,-0.0053194147301338646
2025-08-15,204.40382737928184,207.0097970502324,201.7729024129421,204.59353637695312,21111400,0.0,0.0,203.19569702148436,196.5489715576172,68.8299087815822,5.6495685176047346,5.323766739167128,4.802147812661905,0.005347862227240263,0.0,0.0,0.0,-0.9923,-0.9923,1.0,873.0,0.0,0.0,17777100.0,19573000.0,19854000.0,0.0,0.0,0.0,0.0,0.0,0.0,0.0,0.0,0.0,0.0,0.0,0.0,0.0,0.0,0.0,0.0,0.0,0.0,0.0,0.0,0.0,0.0,0.0,0.0,203.60506184895834,0.9425274448057729,202.10452488490515,2.5361699502553985,198.37814440046037,4.601682035579867,0.0030350088657926655
2025-08-18,204.7532813700738,205.82162085713637,203.09584154580025,203.97447204589844,13000200,0.0,0.0,203.72687072753905,197.20495681762696,63.975785164255555,5.578619196678119,5.374737230669327,4.878845881923566,-0.0030258254586992273,0.0,0.0,0.0,0.0,0.0,0.0,0.0,0.0,0.0,21111400.0,17777100.0,19573000.0,0.0,0.0,0.0,0.0,0.0,0.0,0.0,0.0,0.0,-0.9923,0.0,0.0,-0.9923,0.0,0.0,1.0,0.0,0.0,873.0,0.0,0.0,0.0,0.0,0.0,204.02440897623697,0.5458747291217925,203.10440499441964,1.2098551317268957,198.93870544433594,4.78082319983097,0.008889205872652628
2025-08-19,203.5900845586483,203.97448447366057,200.61967310329786,202.17727661132812,13476600,0.0,0.0,203.3933868408203,197.7231559753418,58.73400926141289,5.316092096366162,5.363008203808695,4.826150959792399,-0.008810884109879735,0.0,0.0,0.0,0.8486,0.7824989637305698,2.0,772.0,1.0,0.0,13000200.0,21111400.0,17777100.0,0.0,0.0,0.0,0.0,0.0,0.0,0.0,0.0,0.0,0.0,-0.9923,0.0,0.0,-0.9923,0.0,0.0,1.0,0.0,0.0,873.0,0.0,0.0,0.0,0.0,203.5817616780599,1.2550872035440508,203.16146196637834,1.1445232496298219,199.29886300223214,4.8242239139069865,0.011489161822738403
2025-08-20,201.36850257744715,201.8577512684256,197.15503428654648,199.8808135986328,13971700,0.0,0.0,202.82626342773438,198.156485748291,63.7626690861386,4.866632594010866,5.26373308184913,4.594485536031969,-0.011358660336048043,0.0,0.0,0.0,0.0,0.0,0.0,0.0,0.0,0.0,13476600.0,13000200.0,21111400.0,0.0,0.0,0.0,0.0,0.0,0.0,0.0,0.0,0.0,0.8486,0.0,-0.9923,0.7824989637305698,0.0,-0.9923,2.0,0.0,1.0,772.0,0.0,873.0,1.0,0.0,0.0,202.01085408528647,2.0518972229615837,202.95606340680803,1.5774878382533848,199.82162584577287,4.417447792269314,-0.00214335892383688
2025-08-21,200.4100017968599,203.04592387341168,200.09048870383648,200.31015014648438,11768900,0.0,0.0,202.18724975585937,198.52691268920898,72.09107920197488,4.49328082710511,5.109642630900327,4.444730127811926,0.0021479627790272904,0.0,0.0,0.0,0.0,0.0,1.0,10676.0,0.0,0.0,13971700.0,13476600.0,13000200.0,0.0,0.0,0.0,0.0,0.0,0.0,0.0,0.0,0.0,0.0,0.8486,0.0,0.0,0.7824989637305698,0.0,0.0,2.0,0.0,0.0,772.0,0.0,0.0,1.0,0.0,200.78941345214844,1.2209445439028124,202.45112827845983,1.7961662834948582,200.5825914655413,3.3106421507163124,-0.029508573390408688
2025-08-22,203.6450096228341,208.9068596330031,201.81783405788252,206.40074157714844,25723700,0.0,0.0,202.54869079589844,199.15793685913087,72.43352947279863,4.635422424971466,5.014798589714555,4.627489455340711,0.030405805328437285,0.0,0.0,0.0,0.0,0.0,0.0,0.0,0.0,0.0,11768900.0,13971700.0,13476600.0,0.0,0.0,0.0,0.0,0.0,0.0,0.0,0.0,0.0,0.0,0.0,0.8486,0.0,0.0,0.7824989637305698,1.0,0.0,2.0,10676.0,0.0,772.0,0.0,0.0,1.0,202.19723510742188,3.6466673070907745,202.97745840890067,2.3433301061267984,201.36495317731584,3.298004541439536,-0.01166564703680073
2025-08-25,206.68029226314627,210.7639716760469,205.63191092201342,208.8369598388672,22788800,0.0,0.0,203.52118835449218,199.94372177124023,76.15266214432788,4.888303795460047,4.989499630863653,4.8761092858445485,0.011803340642592364,0.0,0.0,0.0,0.0,0.0,0.0,0.0,0.0,0.0,25723700.0,11768900.0,13971700.0,0.0,0.0,0.0,0.0,0.0,0.0,0.0,0.0,0.0,0.0,0.0,0.0,0.0,0.0,0.0,0.0,1.0,0.0,0.0,10676.0,0.0,0.0,0.0,0.0,205.1826171875,4.3919803225902845,203.7391357421875,3.238861314444059,202.35199737548828,3.3202253418744405,0.0058187000479086315
2025-08-26,208.04817946161637,208.13805204048316,206.13114662109604,207.6288299560547,23051000,0.0,0.0,204.6114990234375,200.51883239746093,71.15456200154172,4.934348026183017,4.978469309927526,5.076405437789485,-0.00578503864327784,0.0,0.0,0.0,0.0,0.0,0.0,0.0,0.0,0.0,22788800.0,25723700.0,11768900.0,0.0,0.0,0.0,0.0,0.0,0.0,0.0,0.0,0.0,0.0,0.0,0.0,0.0,0.0,0.0,0.0,0.0,1.0,0.0,0.0,10676.0,0.0,0.0,0.0,207.62217712402344,1.21812275646304,204.17274911063058,3.5596093522760595,203.13863699776786,3.157278411903902,-0.0012488093776232834
2025-08-27,206.1411457283501,209.2463431912284,206.07124652485047,207.88844299316406,15249000,0.0,0.0,206.21302490234376,201.05650100708007,71.04351505258208,4.9349005514911255,4.969755558240246,5.265116174663133,0.0012503708524693735,0.0,0.0,0.0,0.0,0.0,0.0,0.0,0.0,0.0,23051000.0,22788800.0,25723700.0,0.0,0.0,0.0,0.0,0.0,0.0,0.0,0.0,0.0,0.0,0.0,0.0,0.0,0.0,0.0,0.0,0.0,0.0,0.0,0.0,0.0,0.0,0.0,0.0,208.11807759602866,0.6359587184403754,204.7318878173828,3.821071556196459,203.91814640590124,2.850863227601228,-0.01958833319516784
2025-08-28,207.51898993739863,212.57117238999064,207.2793703650841,212.0419921875,20915700,0.0,0.0,208.55939331054688,202.03049392700194,70.30013719143244,5.2104325164346506,5.017890949879128,5.410812840000002,0.019979702260180643,0.0,0.0,0.0,0.0,0.0,1.0,2.0,0.0,0.0,15249000.0,23051000.0,22788800.0,0.0,0.0,0.0,0.0,0.0,0.0,0.0,0.0,0.0,0.0,0.0,0.0,0.0,0.0,0.0,0.0,0.0,0.0,0.0,0.0,0.0,0.0,0.0,0.0,209.1864217122396,2.4764009745279805,206.14113289969308,4.483549795255798,204.65129743303572,3.5032671505163187,-0.005432538648463381
2025-08-29,210.9437065320351,215.00741266388385,210.64416682252147,213.20021057128906,24682200,0.0,0.0,209.919287109375,203.2076728820801,72.8669722750005,5.459320479511064,5.106176855805515,5.1308976754210045,0.005462212328041671,0.0,0.0,0.0,0.0,0.0,0.0,0.0,0.0,0.0,20915700.0,15249000.0,23051000.0,0.0,0.0,0.0,0.0,0.0,0.0,0.0,0.0,0.0,0.0,0.0,0.0,0.0,0.0,0.0,1.0,0.0,0.0,2.0,0.0,0.0,0.0,0.0,0.0,211.04354858398438,2.793096117761706,208.04390389578683,4.2013595056954784,205.49998365129744,4.032948533897415,0.007264380020042482
2025-09-02,208.6672460473044,212.041025402124,206.64038235228847,211.66261291503906,28900100,0.0,0.0,210.4844177246094,204.0184196472168,65.64124669609171,5.469446330089312,5.178830750662275,5.121257998144212,-0.007211989388424489,0.0,0.0,0.0,0.0,0.0,0.0,0.0,0.0,0.0,24682200.0,20915700.0,15249000.0,0.0,0.0,0.0,0.0,0.0,0.0,0.0,0.0,0.0,0.0,0.0,0.0,0.0,0.0,0.0,0.0,1.0,0.0,0.0,2.0,0.0,0.0,0.0,0.0,212.30160522460938,0.8009998969437009,209.66568429129464,2.6070876640730223,206.05840628487724,4.317344991263473,-0.08269142550720376
2025-09-03,226.13021268624902,231.44200361883648,224.77231250489172,230.7430877685547,72250300,0.0,0.0,215.10726928710938,205.80465698242188,82.63196924048866,6.937138978200721,5.530492396169965,7.496356945152769,0.09014570211875106,0.0,0.0,0.0,0.54502,0.2982768574908648,5.0,5747.0,0.6,0.0,28900100.0,24682200.0,20915700.0,0.0,0.0,0.0,0.0,0.0,0.0,0.0,0.0,0.0,0.0,0.0,0.0,0.0,0.0,0.0,0.0,0.0,1.0,0.0,0.0,2.0,0.0,0.0,0.0,218.5353037516276,10.6001671963739,213.1431623186384,8.05945147979374,208.06031036376953,7.767640473251126,-0.006705045836336576
2025-09-04,229.79953838333347,232.41050515957645,226.40977748846325,232.30067443847656,32196000,0.0,0.0,219.98971557617188,207.58889694213866,82.93743256352337,8.132236838815118,6.050841284698995,9.238497736316047,0.0067503069538716876,0.0,0.0,0.0,0.0,0.0,0.0,0.0,0.0,0.0,72250300.0,28900100.0,24682200.0,0.0,0.0,0.0,0.0,0.0,0.0,0.0,0.0,0.0,0.54502,0.0,0.0,0.2982768574908648,0.0,0.0,5.0,0.0,0.0,5747.0,0.0,0.0,0.6,0.0,0.0,224.9021250406901,11.492172555810544,216.495121547154,10.484480793601708,210.11712864467077,9.969146515637592,-0.01067311017761674
2025-09-05,232.3006752313413,235.76531725805415,232.02110889217334,234.80679321289062,26127700,0.0,0.0,224.54267578125,209.48047103881837,83.4734671107129,9.175810314590876,6.675835090677372,10.707232168695807,0.0107882544055109,0.0,0.0,0.0,0.0,0.0,0.0,0.0,0.0,0.0,32196000.0,72250300.0,28900100.0,0.0,0.0,0.0,0.0,0.0,0.0,0.0,0.0,0.0,0.0,0.54502,0.0,0.0,0.2982768574908648,0.0,0.0,5.0,0.0,0.0,5747.0,0.0,0.0,0.6,0.0,232.61685180664062,2.0502198859355567,220.37768772670202,11.624198730190315,212.2752184186663,11.786096808031425,0.00341642722854818
2025-09-08,235.63625103996944,238.24454985055107,233.57759666242987,234.00732421875,23128800,0.21,0.0,228.7040985107422,211.091943359375,83.14111628561702,9.825081917850241,7.305684456111946,11.85116320562066,-0.0034047949942221933,0.0,0.0,0.0,0.0,0.0,0.0,0.0,0.0,0.0,26127700.0,32196000.0,72250300.0,0.0,0.0,0.0,0.0,0.0,0.0,0.0,0.0,0.0,0.0,0.0,0.54502,0.0,0.0,0.2982768574908648,0.0,0.0,5.0,0.0,0.0,5747.0,0.0,0.0,0.6,233.7049306233724,1.280132509844806,224.10895647321428,11.128500710592848,214.42042214529855,12.84467102715602,-0.024089349582915864
2025-09-09,234.0373032564655,240.4331241573419,233.22783384154016,239.78355407714844,22854800,0.0,0.0,234.32828674316406,213.01519088745118,88.14829101092394,10.682585619445916,7.981064688778741,13.223312846302633,0.02468397037435821,0.0,0.0,0.0,0.0,0.0,0.0,0.0,0.0,0.0,23128800.0,26127700.0,32196000.0,0.0,0.0,0.0,0.0,0.0,0.0,0.0,0.0,0.0,0.0,0.0,0.0,0.0,0.0,0.0,0.0,0.0,0.0,0.0,0.0,0.0,0.0,0.0,0.0,236.19922383626303,3.129753205117323,228.07203674316406,11.054414765031419,217.10658482142858,13.970269886869929,0.001586277046396578
2025-09-10,239.09399790914586,241.922154447817,237.95474185194615,239.40379333496094,19990100,0.0,0.0,236.0604278564453,214.79314575195312,91.71476150137053,11.202385832208819,8.625328917464756,14.274198186467276,-0.0015837647567160662,0.0,0.0,0.0,0.07995,0.3790468085106383,2.0,1457.0,0.5,0.0,22854800.0,23128800.0,26127700.0,0.0,0.0,0.0,0.0,0.0,0.0,0.0,0.0,0.0,0.0,0.0,0.0,0.0,0.0,0.0,0.0,0.0,0.0,0.0,0.0,0.0,0.0,0.0,0.0,237.73155721028647,3.2308649131096376,231.8154057094029,9.50743857926966,219.92965480259485,14.21281086493615,-0.00506687955060503
2025-09-11,239.9834190128315,242.41184249017257,236.42574270750922,240.6230010986328,21308600,0.0,0.0,237.72489318847656,216.68847427368163,91.85063973298652,11.57923293353008,9.21610972067782,15.080120967117603,0.005092683564817291,0.0,0.0,0.0,0.0,0.0,0.0,0.0,0.0,0.0,19990100.0,22854800.0,23128800.0,0.0,0.0,0.0,0.0,0.0,0.0,0.0,0.0,0.0,0.07995,0.0,0.0,0.3790468085106383,0.0,0.0,2.0,0.0,0.0,1457.0,0.0,0.0,0.5,0.0,0.0,239.93678283691406,0.6238799422674992,235.95260402134485,3.9575274278468,222.80914415631975,14.014446111927207,-0.0024857727668307072
2025-09-12,240.64300206108857,242.2649449671254,238.34449860548148,241.22262573242188,14536600,0.0,0.0,239.0080596923828,218.57434463500977,90.80198774270625,11.790359745140705,9.730959725570397,15.69074003494609,0.0024919672311096708,0.0,0.0,0.0,0.0,0.0,0.0,0.0,0.0,0.0,21308600.0,19990100.0,22854800.0,0.0,0.0,0.0,0.0,0.0,0.0,0.0,0.0,0.0,0.0,0.07995,0.0,0.0,0.3790468085106383,0.0,0.0,2.0,0.0,0.0,1457.0,0.0,0.0,0.5,0.0,240.41647338867188,0.9268376846834769,237.4496808733259,3.626695823908334,225.29642159598214,13.96828836879846,-0.04122967495391505
2025-09-15,244.980161745602,252.58520043798106,244.82026241003442,251.59584045410156,29935200,0.0,0.0,242.52576293945313,220.9244598388672,92.24451547894924,12.648902327532113,10.31454824596274,16.955487376307943,0.043002660675729,0.0,0.0,0.0,0.0,0.0,0.0,0.0,0.0,0.0,14536600.0,21308600.0,19990100.0,0.0,0.0,0.0,0.0,0.0,0.0,0.0,0.0,0.0,0.0,0.0,0.07995,0.0,0.0,0.3790468085106383,0.0,0.0,2.0,0.0,0.0,1457.0,0.0,0.0,0.5,244.4804890950521,6.169364322797516,240.20613316127233,5.763865813605237,228.35062735421317,14.745589095233749,0.001352275596766761
2025-09-16,252.165483340186,253.06489044304075,249.5521828236566,251.25607299804688,24493500,0.0,0.0,244.8202667236328,223.2885398864746,93.85490901404968,13.150298658238597,10.881698328417912,17.745584584134857,-0.0013504494169754855,0.0,0.0,0.0,0.2263,0.2263,1.0,1619.0,1.0,0.0,29935200.0,14536600.0,21308600.0,0.0,0.0,0.0,0.0,0.0,0.0,0.0,0.0,0.0,0.0,0.0,0.0,0.0,0.0,0.0,0.0,0.0,0.0,0.0,0.0,0.0,0.0,0.0,0.0,248.02484639485678,5.893344970081959,242.5560302734375,6.501629003017609,231.46685900006975,14.639081329663675,0.006283743557457866
2025-09-17,251.2960541573909,251.7857249169014,246.41923105002894,249.68710327148438,20491300,0.0,0.0,246.8769287109375,225.6640312194824,90.9391113519582,13.268109609713207,11.35898058467697,17.949562672691762,-0.006244504691334196,0.0,0.0,0.0,0.0,0.0,0.0,0.0,0.0,0.0,24493500.0,29935200.0,14536600.0,0.0,0.0,0.0,0.0,0.0,0.0,0.0,0.0,0.0,0.2263,0.0,0.0,0.2263,0.0,0.0,1.0,0.0,0.0,1619.0,0.0,0.0,1.0,0.0,0.0,250.8463389078776,1.0181998460818495,244.7959987095424,5.719508937080495,234.45247759137834,13.692153482901208,-0.009828380476556875
2025-09-18,251.6957867895291,253.97429899966014,249.9469277971752,252.1654815673828,21166400,0.0,0.0,249.1854248046875,228.27826461791992,90.63169556974054,13.406913500031777,11.768567167747934,17.803632741521987,0.009925936355646314,0.0,0.0,0.0,0.0,0.0,0.0,0.0,0.0,0.0,20491300.0,24493500.0,29935200.0,0.0,0.0,0.0,0.0,0.0,0.0,0.0,0.0,0.0,0.0,0.2263,0.0,0.0,0.2263,0.0,0.0,1.0,0.0,0.0,1619.0,0.0,0.0,1.0,0.0,251.03621927897134,1.2537310268706918,246.5648454938616,5.824655049335028,237.31844111851282,12.811365349874796,-0.011401009613135615
2025-09-19,253.23476605196709,256.5326326066914,251.90363384209934,255.07357788085938,41616800,0.0,0.0,251.955615234375,231.01643600463868,90.95235181667186,13.59486253882045,12.133826241962439,17.484187099409013,0.011532491661430999,0.0,0.0,0.0,0.43035,0.43006209677419355,2.0,248.0,1.0,0.0,21166400.0,20491300.0,24493500.0,0.0,0.0,0.0,0.0,0.0,0.0,0.0,0.0,0.0,0.0,0.0,0.2263,0.0,0.0,0.2263,0.0,0.0,1.0,0.0,0.0,1619.0,0.0,0.0,1.0,252.30872090657553,2.696092600520106,248.80338614327567,5.621388437624414,240.30939592633928,11.575898553293444,0.009332482708243495
2025-09-22,254.6138734432144,256.1428746106005,250.64646080006915,252.71511840820312,20079000,0.0,0.0,252.17947082519532,233.3321548461914,89.51508552000989,13.399049633627385,12.38687092029543,17.115533884466927,-0.009246192774062467,0.0,0.0,0.0,0.0,0.0,0.0,0.0,0.0,0.0,41616800.0,21166400.0,20491300.0,0.0,0.0,0.0,0.0,0.0,0.0,0.0,0.0,0.0,0.43035,0.0,0.0,0.43006209677419355,0.0,0.0,2.0,0.0,0.0,248.0,0.0,0.0,1.0,0.0,0.0,253.31805928548178,1.5449625620815994,250.53083147321428,4.417663901096449,243.24171774727958,8.57053615973176,0.002140008353820111
2025-09-23,253.48960582394037,254.6038842900218,250.92627586419746,252.1754608154297,17521100,0.0,0.0,252.36334838867188,235.49907989501952,82.08002923442353,13.049889633455706,12.519474662927486,16.586349525271576,-0.0021354384975961205,0.0,0.0,0.0,0.0,0.0,0.0,0.0,0.0,0.0,20079000.0,41616800.0,21166400.0,0.0,0.0,0.0,0.0,0.0,0.0,0.0,0.0,0.0,0.0,0.43035,0.0,0.0,0.43006209677419355,0.0,0.0,2.0,0.0,0.0,248.0,0.0,0.0,1.0,0.0,253.3213857014974,1.5412464612845203,252.09552219935827,1.6339542088280836,244.77260153634208,8.065542626852949,0.01819791848993013
2025-09-24,251.9855865910959,252.79507126242333,247.05880837825745,247.6684112548828,16958500,0.0,0.0,251.95960998535156,237.50105895996094,71.13623695485742,12.268077820702587,12.469195294482507,15.420792886078976,-0.017872673042702014,0.0,0.0,0.0,0.7845,0.7845,1.0,40.0,1.0,0.0,17521100.0,20079000.0,41616800.0,0.0,0.0,0.0,0.0,0.0,0.0,0.0,0.0,0.0,0.0,0.0,0.43035,0.0,0.0,0.43006209677419355,0.0,0.0,2.0,0.0,0.0,248.0,0.0,0.0,1.0,250.85299682617188,2.7711002372714653,251.53446088518416,2.351061427653404,245.87029702322823,7.24120880950497,0.005110078374227056
2025-09-25,244.68035772423693,247.1537500940936,241.49243520267595,246.40924072265625,17379800,0.0,0.0,250.80836181640626,239.42709884643554,66.52438133916557,11.41529339137989,12.258414913861984,13.853504775071993,-0.005084098233790191,0.0,0.0,0.0,-0.3818,-0.3818,1.0,314.0,0.0,0.0,16958500.0,17521100.0,20079000.0,0.0,0.0,0.0,0.0,0.0,0.0,0.0,0.0,0.0,0.7845,0.0,0.0,0.7845,0.0,0.0,1.0,0.0,0.0,40.0,0.0,0.0,1.0,0.0,0.0,248.75103759765625,3.031729438476638,250.84205627441406,3.0550327849624055,246.69904327392578,6.504023749686143,-0.002467782009418218
2025-09-26,247.62344586003442,249.95691488202831,246.4791881395072,247.01882934570312,16594600,0.0,0.0,249.197412109375,241.1759407043457,68.63195550296024,10.665696781169203,11.939871287323427,12.339482299296847,0.0024738870233076415,0.0,0.0,0.0,0.0,0.0,0.0,0.0,0.0,0.0,17379800.0,16958500.0,17521100.0,0.0,0.0,0.0,0.0,0.0,0.0,0.0,0.0,0.0,-0.3818,0.7845,0.0,-0.3818,0.7845,0.0,1.0,1.0,0.0,314.0,40.0,0.0,0.0,1.0,0.0,247.03216044108072,0.6296911114860272,250.46087428501673,3.3730649180760275,247.62843649727958,5.38416445942557,0.011540349295345198
2025-09-29,248.11310889238666,251.48391066241172,243.04142104059784,244.20066833496094,23157200,0.0,0.0,247.49452209472656,242.7259635925293,56.910572211039344,9.732049022669486,11.49830683439264,10.441440026120754,-0.011408689038835074,0.0,0.0,0.0,0.0,0.0,0.0,0.0,0.0,0.0,16594600.0,17379800.0,16958500.0,0.0,0.0,0.0,0.0,0.0,0.0,0.0,0.0,0.0,0.0,-0.3818,0.7845,0.0,-0.3818,0.7845,0.0,1.0,1.0,0.0,314.0,40.0,0.0,0.0,1.0,245.8762461344401,1.482757665270093,249.3230438232422,3.989304180788992,247.94394465855189,5.005179846389551,0.0033257713709444747
2025-09-30,242.90151883167655,243.51612333212861,239.4147952973542,243.39120483398438,22541200,0.0,0.0,245.7376708984375,244.31239318847656,56.15553889909372,8.825079485047155,10.963661364523542,7.457335985108478,-0.0033147472793410016,0.0,0.0,0.0,0.0,0.0,0.0,0.0,0.0,0.0,23157200.0,16594600.0,17379800.0,0.0,0.0,0.0,0.0,0.0,0.0,0.0,0.0,0.0,0.0,0.0,-0.3818,0.0,0.0,-0.3818,0.0,0.0,1.0,0.0,0.0,314.0,0.0,0.0,0.0,244.87023417154947,1.9042462305726462,247.65413338797433,3.6080586802604486,248.228759765625,4.576959933930698,-0.00810454830626317
2025-10-01,241.02274023707793,246.98884894065887,239.0440354920674,245.37989807128906,23967700,0.0,0.0,245.27996826171875,245.0442337036133,57.1730120907733,8.172562305155964,10.405441552650027,6.739229403882238,0.008170768695858088,0.0,0.0,0.0,0.0,0.0,0.0,0.0,0.0,0.0,22541200.0,23157200.0,16594600.0,0.0,0.0,0.0,0.0,0.0,0.0,0.0,0.0,0.0,0.0,0.0,0.0,0.0,0.0,0.0,0.0,0.0,0.0,0.0,0.0,0.0,0.0,0.0,0.0,244.32392374674478,1.0000595584391057,246.60624476841517,2.8861914821234222,248.56853812081474,4.122951393417158,-0.0036115727457829427
2025-10-02,245.4798394250779,247.4735337836427,242.94648861306507,246.26931762695312,20657500,0.0,0.0,245.25198364257812,245.7426658630371,57.54406597647686,7.6391471309904375,9.85218266831811,6.03617787944483,0.0036246634816257117,0.0,0.0,0.0,0.0,0.0,0.0,0.0,0.0,0.0,23967700.0,22541200.0,23157200.0,0.0,0.0,0.0,0.0,0.0,0.0,0.0,0.0,0.0,0.0,0.0,0.0,0.0,0.0,0.0,0.0,0.0,0.0,0.0,0.0,0.0,0.0,0.0,0.0,245.0134735107422,1.4736293737541801,245.76251002720423,1.532685114134791,248.92901611328125,3.621391904109664,-8.116070463848324e-05
2025-10-03,245.0701008850218,246.95687035937326,242.31190594958701,246.289306640625,19941400,0.0,0.0,245.1060791015625,246.31679153442383,38.51144168161502,7.1357680169258515,9.308899738039658,5.4598367251578654,8.11672922331752e-05,0.0,0.0,0.0,0.0,0.0,0.0,0.0,0.0,0.0,20657500.0,23967700.0,22541200.0,0.0,0.0,0.0,0.0,0.0,0.0,0.0,0.0,0.0,0.0,0.0,0.0,0.0,0.0,0.0,0.0,0.0,0.0,0.0,0.0,0.0,0.0,0.0,0.0,245.97950744628906,0.5193731241673719,245.56549508231026,1.3208641689696574,248.5499779837472,3.598428787307764,-0.02011848803305838
2025-10-06,245.61974856895048,252.03556085596028,245.52981090927676,251.34600830078125,18309000,0.0,0.0,246.53514709472657,247.1837257385254,50.1616855235769,7.063446985726159,8.859809187576959,4.730222325056521,0.020531551812498217,0.0,0.0,0.0,0.0,0.0,0.0,0.0,0.0,0.0,19941400.0,20657500.0,23967700.0,0.0,0.0,0.0,0.0,0.0,0.0,0.0,0.0,0.0,0.0,0.0,0.0,0.0,0.0,0.0,0.0,0.0,0.0,0.0,0.0,0.0,0.0,0.0,0.0,247.96821085611978,2.92527546959899,246.270747593471,2.571927019086023,248.5564019339425,3.6037077503879296,0.017723432891666446
2025-10-07,248.76768624174676,251.38598832802836,246.64907339611258,246.9688720703125,13811200,0.0,0.0,247.25068054199218,247.5429916381836,45.56134169860119,6.5771168262505455,8.403270715311677,4.399923703839392,-0.01741478315116396,0.0,0.0,0.0,0.0,0.0,0.0,0.0,0.0,0.0,18309000.0,19941400.0,20657500.0,0.0,0.0,0.0,0.0,0.0,0.0,0.0,0.0,0.0,0.0,0.0,0.0,0.0,0.0,0.0,0.0,0.0,0.0,0.0,0.0,0.0,0.0,0.0,0.0,248.2013956705729,2.744429583511938,246.26361083984375,2.5695734566072934,248.36224256243025,3.6113200190962487,0.00680356740970911
2025-10-08,246.0394650074506,247.09877140655033,244.9301881605209,245.29995727539062,14136500,0.0,0.0,247.2346923828125,247.8377998352051,38.48472176083773,5.988003221069334,7.920217216463209,4.005743639913288,-0.006757591679192432,0.0,0.0,0.0,0.0,0.0,0.0,0.0,0.0,0.0,13811200.0,18309000.0,19941400.0,0.0,0.0,0.0,0.0,0.0,0.0,0.0,0.0,0.0,0.0,0.0,0.0,0.0,0.0,0.0,0.0,0.0,0.0,0.0,0.0,0.0,0.0,0.0,0.0,247.87161254882812,3.122481149513849,246.42065211704798,2.4534502633370887,247.8718479701451,3.52013295103656,0.013418100153658186
2025-10-09,244.9002108090174,245.39488317397436,239.52371385692186,242.0520782470703,19375700,0.0,0.0,246.39124450683593,247.90925369262695,28.405676519753484,5.199117559809821,7.375997285132533,3.8810796142904893,-0.013240438622147854,0.0,0.0,0.0,0.0,0.0,0.0,0.0,0.0,0.0,14136500.0,13811200.0,18309000.0,0.0,0.0,0.0,0.0,0.0,0.0,0.0,0.0,0.0,0.0,0.0,0.0,0.0,0.0,0.0,0.0,0.0,0.0,0.0,0.0,0.0,0.0,0.0,0.0,244.7736358642578,2.500295191758438,246.2293483189174,2.7618597593635497,246.94174085344588,3.1741841392940664,0.019874505569211554
2025-10-10,242.00211257865035,244.68035786865013,236.53067624153942,237.3351593017578,22449100,0.0,0.0,244.6004150390625,247.71488037109376,26.34488824887009,4.14551711093705,6.7299012502934366,4.307506663238899,-0.01948720696584061,0.0,0.0,0.0,0.0,0.0,1.0,73.0,0.0,0.0,19375700.0,14136500.0,13811200.0,0.0,0.0,0.0,0.0,0.0,0.0,0.0,0.0,0.0,0.0,0.0,0.0,0.0,0.0,0.0,0.0,0.0,0.0,0.0,0.0,0.0,0.0,0.0,0.0,241.5623982747396,4.004914674081377,245.0800999232701,4.376201652267222,245.84317234584265,3.6483860114257776,-0.02922656479514485
2025-10-13,240.87283726789343,244.83026189387334,240.5930210593619,244.48048400878906,12465000,0.0,0.0,243.22731018066406,247.35911254882814,40.16350147187214,3.8428017260741285,6.1524813454495755,4.263712943448686,0.030106473596465344,0.0,0.0,0.0,0.0,0.0,0.0,0.0,0.0,0.0,22449100.0,19375700.0,14136500.0,0.0,0.0,0.0,0.0,0.0,0.0,0.0,0.0,0.0,0.0,0.0,0.0,0.0,0.0,0.0,1.0,0.0,0.0,73.0,0.0,0.0,0.0,0.0,0.0,241.28924051920572,3.6332296020920136,244.82455226353235,4.347317442231923,245.2935311453683,3.1691898054795278,-0.006295977099177952
2025-10-14,241.59737415880704,247.86327497207864,241.0207392770717,246.02947998046875,17705400,0.0,0.0,243.0394317626953,247.09778289794923,47.733550309068036,3.6854055707049724,5.659066190500655,4.171466178657636,0.00633586757634208,0.0,0.0,0.0,0.0,0.0,0.0,0.0,0.0,0.0,12465000.0,22449100.0,19375700.0,0.0,0.0,0.0,0.0,0.0,0.0,0.0,0.0,0.0,0.0,0.0,0.0,0.0,0.0,0.0,0.0,1.0,0.0,0.0,73.0,0.0,0.0,0.0,0.0,242.61504109700522,4.637640667290673,244.78743416922433,4.333815001599972,245.1764646257673,3.1043224638481015,-0.021930007871856394
2025-10-15,247.92324680271904,252.59518634371952,246.62907776804082,251.54588317871094,16048100,0.0,0.0,244.2886169433594,247.19072189331055,56.355093079407744,3.960145526663524,5.319282057733229,4.252118570954939,0.022421716286520343,0.0,0.0,0.0,0.0,0.0,0.0,0.0,0.0,0.0,17705400.0,12465000.0,22449100.0,0.0,0.0,0.0,0.0,0.0,0.0,0.0,0.0,0.0,0.0,0.0,0.0,0.0,0.0,0.0,0.0,0.0,1.0,0.0,0.0,73.0,0.0,0.0,0.0,247.3519490559896,3.7137123878087897,244.81598772321428,4.384589415310977,245.54336765834265,3.534921820235708,-0.0006749332962344701
2025-10-16,252.30038456613704,257.412039733801,250.5065567686617,251.7157745361328,18946000,0.0,0.0,246.2213562011719,247.16823654174806,55.8750160799075,4.143820352275355,5.084189716641655,4.225533228715372,0.0006753891388522337,0.0,0.0,0.0,0.3348,0.3348,1.0,2.0,1.0,0.0,16048100.0,17705400.0,12465000.0,0.0,0.0,0.0,0.0,0.0,0.0,0.0,0.0,0.0,0.0,0.0,0.0,0.0,0.0,0.0,0.0,0.0,0.0,0.0,0.0,0.0,0.0,0.0,0.0,249.76371256510416,3.2350557206091395,245.4941166469029,5.084303971323254,245.87886374337333,3.8907143137757725,-0.00752583876724755
2025-10-17,251.18611550864574,254.71381258280724,248.42790538348763,253.62451171875,17653800,0.0,0.0,249.4792266845703,247.09578323364258,62.061911723979534,4.392766041014482,4.945904981516221,4.0932008328882175,0.007582906498945663,0.0,0.0,0.0,0.0,0.0,0.0,0.0,0.0,0.0,18946000.0,16048100.0,17705400.0,0.0,0.0,0.0,0.0,0.0,0.0,0.0,0.0,0.0,0.3348,0.0,0.0,0.3348,0.0,0.0,1.0,0.0,0.0,2.0,0.0,0.0,1.0,0.0,0.0,252.2953898111979,1.1541835002210192,246.68333871023995,5.933896465619498,246.55199541364397,4.364408389027768,-0.012567159426557728
2025-10-20,255.06359074677613,257.71187214774994,254.4340118637041,256.8524169921875,13726800,0.0,0.0,251.95361328125,247.3026481628418,66.22500941652837,4.795245664648235,4.915773118142623,4.47854934586994,0.012727102958475012,0.0,0.0,0.0,0.0,0.0,0.0,0.0,0.0,0.0,17653800.0,18946000.0,16048100.0,0.0,0.0,0.0,0.0,0.0,0.0,0.0,0.0,0.0,0.0,0.3348,0.0,0.0,0.3348,0.0,0.0,1.0,0.0,0.0,2.0,0.0,0.0,1.0,0.0,254.0642344156901,2.5963996163897294,248.79767281668526,6.607262194220471,247.51351056780135,5.044339674287203,0.0225988844716003
2025-10-21,255.08357119414507,255.21349131081692,244.5104677649344,251.17611694335938,27836400,0.0,0.0,252.98294067382812,247.25268096923827,56.41593152033835,4.603121768561351,4.853242848226369,4.426595480800005,-0.022099461298823453,0.0,0.0,0.0,-0.06520000000000004,-0.039748571428571466,2.0,420.0,0.5,0.0,13726800.0,17653800.0,18946000.0,0.0,0.0,0.0,0.0,0.0,0.0,0.0,0.0,0.0,0.0,0.0,0.3348,0.0,0.0,0.3348,0.0,0.0,1.0,0.0,0.0,2.0,0.0,0.0,1.0,253.88434855143228,2.847056716294032,250.7749524797712,4.259026072951468,247.92752620152064,5.0933771001185635,-0.004712312069370506
2025-10-22,254.8437198779537,257.0123031390601,250.2877020062622,252.36534118652344,19650200,0.0,0.0,253.14683227539064,247.4875274658203,56.703299358410554,4.495007011611079,4.781595680903311,4.572017916516499,0.004734623090905776,0.0,0.0,0.0,0.0,0.0,0.0,0.0,0.0,0.0,27836400.0,13726800.0,17653800.0,0.0,0.0,0.0,0.0,0.0,0.0,0.0,0.0,0.0,-0.06520000000000004,0.0,0.0,-0.039748571428571466,0.0,0.0,2.0,0.0,0.0,420.0,0.0,0.0,0.5,0.0,0.0,253.4646250406901,2.993562143184072,251.90136064801897,3.2368517090012388,248.36295645577567,5.200166615437379,-0.00472944148937926
2025-10-23,253.53458071688394,255.69317602396845,252.60319681232596,253.56455993652344,13241300,0.0,0.0,253.51658935546874,247.84529342651368,57.79777412522794,4.454740740363889,4.716224692795427,4.759319392113941,0.0047519153952033655,0.0,0.0,0.0,0.0,0.0,0.0,0.0,0.0,0.0,19650200.0,27836400.0,13726800.0,0.0,0.0,0.0,0.0,0.0,0.0,0.0,0.0,0.0,0.0,-0.06520000000000004,0.0,0.0,-0.039748571428571466,0.0,0.0,2.0,0.0,0.0,420.0,0.0,0.0,0.5,0.0,252.3686726888021,1.1942249817680084,252.97780064174108,1.9595680559381754,248.8826174054827,5.338672529801752,-0.026025908862752578
2025-10-24,257.1322199898904,262.3388448619566,255.933020726793,260.34014892578125,18406000,0.0,0.0,254.859716796875,248.51135940551757,59.297530438118365,4.912929641061254,4.755565682448593,5.510453194419409,0.026721356450420286,0.0,0.0,0.0,0.0,0.0,0.0,0.0,0.0,0.0,13241300.0,19650200.0,27836400.0,0.0,0.0,0.0,0.0,0.0,0.0,0.0,0.0,0.0,0.0,0.0,-0.06520000000000004,0.0,0.0,-0.039748571428571466,0.0,0.0,2.0,0.0,0.0,420.0,0.0,0.0,0.5,255.42335001627603,4.300083143378884,254.23412431989397,3.269678428114857,249.52505602155412,6.139074520114233,-0.03489790310294971
2025-10-27,265.1869701320579,270.6234256814365,264.7672610515648,269.7539978027344,22987700,0.0,0.0,257.4400329589844,249.78902587890624,71.33232951233728,5.966884050412318,4.997829356041338,7.170685168666501,0.0361598044550433,0.0,0.0,0.0,0.0,0.0,0.0,0.0,0.0,0.0,18406000.0,13241300.0,19650200.0,0.0,0.0,0.0,0.0,0.0,0.0,0.0,0.0,0.0,0.0,0.0,0.0,0.0,0.0,0.0,0.0,0.0,0.0,0.0,0.0,0.0,0.0,0.0,0.0,261.2195688883464,8.130467957559034,256.8110133579799,6.483140566466918,251.1525650024414,8.112384075072463,0.005588054577728263
2025-10-28,270.0238398308567,271.2030631428179,266.9958166328353,268.2549743652344,20101200,0.0,0.0,260.8558044433594,251.03221435546874,71.55997461610295,6.605052911152768,5.319274067063624,8.098422775572274,-0.005557001748668133,0.0,0.0,0.0,0.0,0.0,0.0,0.0,0.0,0.0,22987700.0,18406000.0,13241300.0,0.0,0.0,0.0,0.0,0.0,0.0,0.0,0.0,0.0,0.0,0.0,0.0,0.0,0.0,0.0,0.0,0.0,0.0,0.0,0.0,0.0,0.0,0.0,0.0,266.1163736979167,5.058196049998072,258.9010794503348,7.554452181476232,252.7922090802874,9.098357463499335,-0.0244940234551696
2025-10-29,268.4348496955852,275.790066781071,268.25497437633226,274.9906005859375,26287900,0.0,0.0,265.3808563232422,252.51274948120118,79.03453463026165,7.567086413257329,5.768836536302365,9.581562568445245,0.02510904499214406,0.0,0.0,0.0,-0.1027,-0.10270000000000001,1.0,91.0,0.0,0.0,20101200.0,22987700.0,18406000.0,0.0,0.0,0.0,0.0,0.0,0.0,0.0,0.0,0.0,0.0,0.0,0.0,0.0,0.0,0.0,0.0,0.0,0.0,0.0,0.0,0.0,0.0,0.0,0.0,270.99985758463544,3.5364233475891993,261.49224853515625,9.575098419823984,255.14496067592077,10.288393105713237,-0.023873622671448658
2025-10-30,291.5297909040995,291.73964543835973,280.26715026616273,281.7161865234375,48570000,0.0,0.0,271.011181640625,254.28509292602538,87.78287255598086,8.771095739968786,6.36928837703565,11.460129400942437,0.024457512086483835,0.0,0.0,0.0,0.0,0.0,0.0,0.0,0.0,0.0,26287900.0,20101200.0,22987700.0,0.0,0.0,0.0,0.0,0.0,0.0,0.0,0.0,0.0,-0.1027,0.0,0.0,-0.10270000000000001,0.0,0.0,1.0,0.0,0.0,91.0,0.0,0.0,0.0,0.0,0.0,274.9872538248698,6.730606703161705,265.85511561802457,10.950174206765048,258.31503404889787,11.17763333441376,0.000283789938232637
2025-10-31,283.0203372294134,286.09834615146855,277.34206555342627,281.6362609863281,29932800,0.0,0.0,275.27040405273436,256.05244064331055,85.95747609052685,9.608076557195886,7.017046013067698,12.808385798920549,-0.00028370942435262947,0.0,0.0,0.0,0.8525,0.8525,1.0,5.0,1.0,0.0,48570000.0,26287900.0,20101200.0,0.0,0.0,0.0,0.0,0.0,0.0,0.0,0.0,0.0,0.0,-0.1027,0.0,0.0,-0.10270000000000001,0.0,0.0,1.0,0.0,0.0,91.0,0.0,0.0,0.0,0.0,279.4476826985677,3.8601532018711056,270.0366755894252,10.520696422708884,260.9690181187221,12.019494873925973,-0.008095143000184657
2025-11-03,282.23588008942727,285.75357412647895,280.1871983580786,283.93475341796875,19691800,0.0,0.0,278.10655517578124,257.68187789916993,86.15827103565523,10.33769253039992,7.6811753165341425,14.17783988735719,0.008161209155351568,0.0,0.0,0.0,0.0,0.0,0.0,0.0,0.0,0.0,29932800.0,48570000.0,26287900.0,0.0,0.0,0.0,0.0,0.0,0.0,0.0,0.0,0.0,0.8525,0.0,-0.1027,0.8525,0.0,-0.10270000000000001,1.0,0.0,1.0,5.0,0.0,91.0,1.0,0.0,0.0,282.42906697591144,1.3045749381373504,274.3752746582031,8.70030841791687,263.6765376499721,12.648177950864941,0.021793901265923177
2025-11-04,276.88434628169716,281.65024916844396,276.6844644896837,277.8786926269531,18123700,0.0,0.0,280.031298828125,259.227368927002,74.86318202603842,10.308415950232018,8.206623443273719,14.626190845761762,-0.02132905788429762,0.0,0.0,0.0,0.42305000000000004,0.8224362857142858,2.0,2100.0,0.5,0.0,19691800.0,29932800.0,48570000.0,0.0,0.0,0.0,0.0,0.0,0.0,0.0,0.0,0.0,0.0,0.8525,0.0,0.0,0.8525,0.0,0.0,1.0,0.0,0.0,5.0,0.0,0.0,1.0,0.0,281.14990234375,3.057184427381867,276.8807809012277,6.13077553282429,265.5574526105608,12.663429855117494,-0.023494295307339597
2025-11-05,279.19783739958865,286.51307177195645,277.69881546251395,284.5643310546875,20063200,0.0,0.0,281.946044921875,261.1905876159668,77.61720773531155,10.701330914988318,8.70556493761664,15.27896389537719,0.024059557659966924,0.0,0.0,0.0,0.0,0.0,0.0,0.0,0.0,0.0,18123700.0,19691800.0,29932800.0,0.0,0.0,0.0,0.0,0.0,0.0,0.0,0.0,0.0,0.42305000000000004,0.0,0.8525,0.8224362857142858,0.0,0.8525,2.0,0.0,1.0,2100.0,0.0,5.0,0.5,0.0,1.0,282.1259256998698,3.6916572947554447,278.99654279436385,5.808459616683845,267.9037780761719,12.941608197672837,-0.00206776060381475
2025-11-06,285.5486926715029,288.62170004085374,281.4363853167139,285.1539611816406,23103800,0.0,0.0,282.63359985351565,263.34568176269534,77.10948204879806,10.934253807303776,9.151302711554067,15.475889792917378,0.002072045097035735,0.0,0.0,0.0,0.0,0.0,0.0,0.0,0.0,0.0,20063200.0,18123700.0,19691800.0,0.0,0.0,0.0,0.0,0.0,0.0,0.0,0.0,0.0,0.0,0.42305000000000004,0.0,0.0,0.8224362857142858,0.0,0.0,2.0,0.0,0.0,2100.0,0.0,0.0,0.5,0.0,282.53232828776044,4.040935481952761,281.41068376813615,3.745334678001591,270.1558816092355,13.008788983375963,0.020164459167655302
2025-11-07,284.02467776243657,284.3144972128298,275.56019924413687,279.51763916015625,21991100,0.0,0.0,282.2098754882812,265.4548057556152,68.7128800682911,10.542515241936144,9.429545217630482,14.59375673973398,-0.01976589067228174,0.0,0.0,0.0,0.0,0.0,0.0,0.0,0.0,0.0,23103800.0,20063200.0,18123700.0,0.0,0.0,0.0,0.0,0.0,0.0,0.0,0.0,0.0,0.0,0.0,0.42305000000000004,0.0,0.0,0.8224362857142858,0.0,0.0,2.0,0.0,0.0,2100.0,0.0,0.0,0.5,283.0786437988281,3.0979802209074387,282.0574035644531,2.695787314133484,271.7748260498047,12.630665610039191,-0.037475393669757495
2025-11-10,285.0790032414487,291.26994051890455,283.35512195449274,290.4005126953125,19508200,0.0,0.0,283.50302734375,267.7508071899414,79.82070063177042,10.983604394473332,9.740357052999052,14.731832076092166,0.038934478581942544,0.0,0.0,0.0,0.0,0.0,0.0,0.0,0.0,0.0,21991100.0,23103800.0,20063200.0,0.0,0.0,0.0,0.0,0.0,0.0,0.0,0.0,0.0,0.0,0.0,0.0,0.0,0.0,0.0,0.0,0.0,0.0,0.0,0.0,0.0,0.0,0.0,0.0,285.02403767903644,5.442599946987369,283.2980215890067,4.129582803356585,274.5765686035156,12.04686683245907,-0.003941904869868118
2025-11-11,288.01210422755497,292.14938906618625,287.6923055498566,291.5497741699219,14156700,0.0,0.0,286.23724365234375,270.0268218994141,79.80843140473189,11.295696761022896,10.05142499460382,14.715692598583077,0.003957504978013615,0.0,0.0,0.0,-0.4767,-0.4767,1.0,23.0,0.0,0.0,19508200.0,21991100.0,23103800.0,0.0,0.0,0.0,0.0,0.0,0.0,0.0,0.0,0.0,0.0,0.0,0.0,0.0,0.0,0.0,0.0,0.0,0.0,0.0,0.0,0.0,0.0,0.0,0.0,287.1559753417969,6.639904758509317,284.71423775809154,5.05982574587386,277.3754566737584,10.995555913608378,0.014994956102956092
2025-11-12,291.8945478823368,292.16936247888566,284.1945850710095,287.2425842285156,16998800,0.0,0.0,286.77289428710935,271.8116569519043,74.46283950412032,11.067894183808221,10.254718832444702,14.519687574110163,-0.014773429180898412,0.0,0.0,0.0,0.53865,0.8600455764075068,2.0,373.0,1.0,0.0,14156700.0,19508200.0,21991100.0,0.0,0.0,0.0,0.0,0.0,0.0,0.0,0.0,0.0,-0.4767,0.0,0.0,-0.4767,0.0,0.0,1.0,0.0,0.0,23.0,0.0,0.0,0.0,0.0,0.0,289.73095703125,2.230291435731115,285.18678501674106,5.128886382183015,279.7810298374721,8.862694933725319,0.029772081502008607
2025-11-13,282.8004891969117,283.3251713137129,277.8187538786583,278.9380187988281,18060200,0.0,0.0,285.5297058105469,273.1727691650391,63.21546401097459,10.100814076969186,10.223937881349599,13.79453215802223,-0.02891133099916976,0.0,0.0,0.0,0.97,0.97,1.0,209.0,1.0,0.0,16998800.0,14156700.0,19508200.0,0.0,0.0,0.0,0.0,0.0,0.0,0.0,0.0,0.0,0.53865,-0.4767,0.0,0.8600455764075068,-0.4767,0.0,2.0,1.0,0.0,373.0,23.0,0.0,1.0,0.0,0.0,285.9101257324219,6.410591050592485,285.33811732700894,4.887252256629659,281.1094491141183,6.901352974891003,0.00772621175606214
2025-11-14,271.7177016420648,278.96797594579846,271.2330325220686,276.7994079589844,18330500,0.0,0.0,284.9860595703125,274.3315139770508,55.583724424295724,9.057419805731968,9.990634266226072,13.017513669715836,-0.007666975083042149,0.0,0.0,0.0,0.0,0.0,0.0,0.0,0.0,0.0,18060200.0,16998800.0,14156700.0,0.0,0.0,0.0,0.0,0.0,0.0,0.0,0.0,0.0,0.97,0.53865,-0.4767,0.97,0.8600455764075068,-0.4767,1.0,2.0,1.0,209.0,373.0,23.0,1.0,1.0,0.0,280.9933369954427,5.51663233468803,284.22884259905135,5.873794730855513,281.6126926967076,6.2342562958986845,-0.03018207336075651
2025-11-17,286.2132540229553,294.32795470266535,284.04468599528104,285.4137878417969,34286100,0.0,0.0,283.98871459960935,275.75958251953125,62.22065248103632,8.823914201474395,9.757290253275738,12.557589334636276,0.031121381170327478,0.0,0.0,0.0,0.25,0.25,1.0,4121.0,1.0,0.0,18330500.0,18060200.0,16998800.0,0.0,0.0,0.0,0.0,0.0,0.0,0.0,0.0,0.0,0.0,0.97,0.53865,0.0,0.97,0.8600455764075068,0.0,1.0,2.0,0.0,209.0,373.0,0.0,1.0,1.0,280.3837381998698,4.485472509252653,284.2659606933594,5.881431143966769,282.8383222307478,4.963301530165631,0.002245945740017019
2025-11-18,288.2968960757756,289.246288884512,278.8280980775343,284.7742004394531,29702200,0.0,0.0,282.63359985351565,277.4394866943359,57.63054608117789,8.489389571154277,9.503710116851446,11.277931276862049,-0.0022409127715240507,0.0,0.0,0.0,0.0,0.0,0.0,0.0,0.0,0.0,34286100.0,18330500.0,18060200.0,0.0,0.0,0.0,0.0,0.0,0.0,0.0,0.0,0.0,0.25,0.0,0.97,0.25,0.0,0.97,1.0,0.0,1.0,4121.0,0.0,209.0,1.0,0.0,1.0,282.3291320800781,4.799547338329171,285.0168980189732,5.49714768455966,283.53715079171315,4.433877773629456,-0.027407030491422346
2025-11-19,287.4974165660577,304.05161802852626,287.482442205392,292.7989501953125,43123600,0.0,0.0,283.744873046875,279.4611671447754,58.4721168534377,8.770703421699636,9.357108777821084,10.110181041233702,0.02817934259309962,0.0,0.0,0.0,0.0,0.0,0.0,0.0,0.0,0.0,29702200.0,34286100.0,18330500.0,0.0,0.0,0.0,0.0,0.0,0.0,0.0,0.0,0.0,0.0,0.25,0.0,0.0,0.25,0.0,0.0,1.0,0.0,0.0,4121.0,0.0,0.0,1.0,0.0,287.6623128255208,4.459938409088556,285.35953194754467,5.945124599536293,284.32877676827565,5.03267898654334,0.010379880937712915
2025-11-20,304.5413108694683,306.68993354598797,288.98148512013125,289.79095458984375,34801400,0.0,0.0,285.91546020507815,281.2724868774414,55.96667221921273,8.651200909620002,9.215927204180868,8.311539579108883,-0.010273245868751446,0.0,0.0,0.0,0.0,0.0,1.0,14.0,0.0,0.0,43123600.0,29702200.0,34286100.0,0.0,0.0,0.0,0.0,0.0,0.0,0.0,0.0,0.0,0.0,0.0,0.25,0.0,0.0,0.25,0.0,0.0,1.0,0.0,0.0,4121.0,0.0,0.0,1.0,289.1213684082031,4.0540610999371145,285.10827200753346,5.670736665620397,284.9112548828125,5.167189132656256,-0.03227088551789248
2025-11-21,296.6764341573702,303.7618077764989,294.1680609326802,299.4546203613281,43670600,0.0,0.0,290.4465026855469,283.22821044921875,60.25083096323201,9.229875117999427,9.218716786944581,7.706737399137402,0.03334702349547758,0.0,0.0,0.0,0.3601,0.3422183496608892,2.0,5308.0,1.0,0.0,34801400.0,43123600.0,29702200.0,0.0,0.0,0.0,0.0,0.0,0.0,0.0,0.0,0.0,0.0,0.0,0.0,0.0,0.0,0.0,1.0,0.0,0.0,14.0,0.0,0.0,0.0,0.0,0.0,294.0148417154948,4.945240456982552,286.8528485979353,7.883538926757527,286.01981680733815,6.447713707425931,-0.05909507891639909
2025-11-24,310.8072320588326,319.5914790436659,309.19826591579596,318.2623596191406,55311800,0.0,0.0,297.01621704101564,285.65362854003905,72.82795830254051,11.078401061164925,9.59065364178865,10.404114491665649,0.06280664240584666,0.0,0.0,0.0,0.319,0.08309430962343098,2.0,1195.0,0.5,0.0,43670600.0,34801400.0,43123600.0,0.0,0.0,0.0,0.0,0.0,0.0,0.0,0.0,0.0,0.3601,0.0,0.0,0.3422183496608892,0.0,0.0,2.0,1.0,0.0,5308.0,14.0,0.0,1.0,0.0,0.0,302.5026448567708,14.4783654491514,292.4706115722656,13.390911980707067,288.9043644496373,10.367345960083778,-0.015974529824673622
2025-11-25,326.5868982838347,328.4557045708052,317.6087780037563,323.4289855957031,50899300,0.0,0.0,304.74717407226564,288.4123291015625,72.35317224754242,12.812579287574067,10.235038770945735,12.62562604301577,0.016233858074656826,0.0,0.0,0.0,0.6643,0.5391277605966891,3.0,5497.0,1.0,0.0,55311800.0,43670600.0,34801400.0,0.0,0.0,0.0,0.0,0.0,0.0,0.0,0.0,0.0,0.319,0.3601,0.0,0.08309430962343098,0.3422183496608892,0.0,2.0,2.0,1.0,1195.0,5308.0,14.0,0.5,1.0,0.0,313.71532185872394,12.617416985809452,299.1319798060826,15.695629191544676,291.680411202567,13.76307123231935,0.01049085000398553
2025-11-26,320.57084097778153,324.7780873971327,316.99318865990756,320.0711669921875,29839600,0.0,0.0,310.2016174316406,290.666357421875,69.46302479982717,13.757393459123307,10.93950970858125,14.04737955230865,-0.010381934684459582,0.0,0.0,0.0,0.7622,0.0,1.0,0.0,1.0,0.0,50899300.0,55311800.0,43670600.0,0.0,0.0,0.0,0.0,0.0,0.0,0.0,0.0,0.0,0.6643,0.319,0.3601,0.5391277605966891,0.08309430962343098,0.3422183496608892,3.0,2.0,2.0,5497.0,1195.0,5308.0,1.0,0.5,1.0,320.58750406901044,2.621728242609971,304.0830339704241,16.107901074673624,294.17449733189176,15.538640749484532,0.000499768526755151
2025-11-28,323.21912492867204,326.6668878195667,316.73336599519826,319.9112854003906,19695800,0.0,0.0,316.22568359375,292.5761123657227,73.97962159990115,14.328098982682434,11.617227563401487,15.306458127711036,-0.0004995188829388653,0.0,0.0,0.0,0.0,0.0,0.0,0.0,0.0,0.0,29839600.0,50899300.0,55311800.0,0.0,0.0,0.0,0.0,0.0,0.0,0.0,0.0,0.0,0.7622,0.6643,0.319,0.0,0.5391277605966891,0.08309430962343098,1.0,3.0,2.0,0.0,5497.0,1195.0,1.0,1.0,0.5,321.13714599609375,1.986400537052315,309.1026175362723,14.480537622216428,297.0597577776228,16.33743744923749,0.015867052216376187
2025-12-01,317.26799565865406,319.42158926511087,313.77527946257874,314.9145202636719,28520600,0.0,0.0,319.3176635742187,294.24002532958986,65.64613964823626,14.213347413508359,12.13645153342286,15.853635711319777,-0.01561922121773529,0.0,0.0,0.0,0.26005,-0.26631582733812953,2.0,417.0,0.5,0.0,19695800.0,29839600.0,50899300.0,0.0,0.0,0.0,0.0,0.0,0.0,0.0,0.0,0.0,0.0,0.7622,0.6643,0.0,0.0,0.5391277605966891,0.0,1.0,3.0,0.0,0.0,5497.0,0.0,1.0,1.0,318.2989908854167,2.9321274823818135,312.2619846888951,12.624138636511042,298.8107583182199,16.87368722908151,-0.0028479239347656282
2025-12-02,316.6933654189159,318.39226916605145,314.0151201802352,315.8139343261719,24668200,0.0,0.0,318.827978515625,295.833984375,65.53622372812468,14.033214999186725,12.515804226575634,16.357580492057842,0.0028560577700480483,0.0,0.0,0.0,0.0,0.0,0.0,0.0,0.0,0.0,28520600.0,19695800.0,29839600.0,0.0,0.0,0.0,0.0,0.0,0.0,0.0,0.0,0.0,0.26005,0.0,0.7622,-0.26631582733812953,0.0,0.0,2.0,0.0,1.0,417.0,0.0,0.0,0.5,0.0,1.0,316.8799133300781,2.6634843505187686,315.97955322265625,7.822405850865003,300.5439126150949,17.31097859581956,-0.014347248073334207
2025-12-03,315.82394606355047,321.83003728081405,314.07508706995475,320.41094970703125,32285100,0.0,0.0,318.2243713378906,297.9605972290039,71.15901191324903,14.098876414368647,12.832418664134238,16.662317129074175,0.014556087877083845,0.0,0.0,0.0,0.9653,0.0,1.0,0.0,1.0,0.0,24668200.0,28520600.0,19695800.0,0.0,0.0,0.0,0.0,0.0,0.0,0.0,0.0,0.0,0.0,0.26005,0.0,0.0,-0.26631582733812953,0.0,0.0,2.0,0.0,0.0,417.0,0.0,0.0,0.5,0.0,317.0464680989583,2.948226379071171,318.9733145577567,2.9144988129291565,302.91308157784596,17.61752209768596,0.0070038926926603295
2025-12-04,322.83439794428057,322.88834834302395,315.38424129791457,318.18243408203125,20831600,0.0,0.0,317.84662475585935,299.6415023803711,77.13894506075214,13.81187626057249,13.02831018342189,16.933270467564853,-0.006955179362745367,0.0,0.0,0.0,0.0,0.0,0.0,0.0,0.0,0.0,32285100.0,24668200.0,28520600.0,0.0,0.0,0.0,0.0,0.0,0.0,0.0,0.0,0.0,0.9653,0.0,0.26005,0.0,0.0,-0.26631582733812953,1.0,0.0,2.0,0.0,0.0,417.0,1.0,0.0,0.5,318.1357727050781,2.2988628854367428,318.96189662388394,2.9179028542498506,305.7162540980748,16.602230451072657,-0.011487326263446174
2025-12-05,319.79134083015884,323.61883002174113,319.77136485052137,321.8799743652344,15719900,0.0,0.0,318.2403625488281,301.4778030395508,80.51687807296616,13.724578769385744,13.167563900614663,17.267551116785047,0.011620818395807087,0.0,0.0,0.0,0.0,0.0,0.0,0.0,0.0,0.0,20831600.0,32285100.0,24668200.0,0.0,0.0,0.0,0.0,0.0,0.0,0.0,0.0,0.0,0.0,0.9653,0.0,0.0,0.0,0.0,0.0,1.0,0.0,0.0,0.0,0.0,0.0,1.0,0.0,320.1577860514323,1.8617249834130625,318.7406093052455,2.5593768669255974,308.93629455566406,14.840597494505065,0.023628436539259168
2025-12-08,321.0299987792969,321.2300109863281,311.9100036621094,314.45001220703125,22006900,0.21,0.0,318.1474609375,303.2244216918945,69.97613677829291,12.907074309033646,13.115465982298462,16.686291235283967,-0.023083020846063618,0.0,0.0,0.0,0.0,0.0,0.0,0.0,0.0,0.0,15719900.0,20831600.0,32285100.0,0.0,0.0,0.0,0.0,0.0,0.0,0.0,0.0,0.0,0.0,0.0,0.9653,0.0,0.0,0.0,0.0,0.0,1.0,0.0,0.0,0.0,0.0,0.0,1.0,318.1708068847656,3.714994725685292,317.93758719308033,2.9276665279783876,311.0103105817522,13.243385889060379,-0.010385484792977961
2025-12-09,313.1000061035156,318.7090148925781,312.6199951171875,317.75,14151300,0.0,0.0,318.5346740722656,304.5918960571289,71.88533073543798,12.382737085017027,12.968920202842176,16.700699715921733,0.010494475003537396,0.0,0.0,0.0,0.8162,0.0,1.0,0.0,1.0,0.0,22006900.0,15719900.0,20831600.0,0.0,0.0,0.0,0.0,0.0,0.0,0.0,0.0,0.0,0.0,0.0,0.0,0.0,0.0,0.0,0.0,0.0,0.0,0.0,0.0,0.0,0.0,0.0,0.0,318.0266621907552,3.7226994095585324,317.6288321358817,2.795823800430453,313.365724836077,10.952529659357104,-0.010124610591900285
2025-12-10,316.6199951171875,321.8699951171875,315.3999938964844,321.0,22764500,0.0,0.0,318.65248413085936,306.0644073486328,69.98290809728891,12.090077013949667,12.793151565063674,16.788337415933658,0.010228166797797034,0.0,0.0,0.0,0.3818,0.3818,1.0,1.0,1.0,0.0,14151300.0,22006900.0,15719900.0,0.0,0.0,0.0,0.0,0.0,0.0,0.0,0.0,0.0,0.8162,0.0,0.0,0.0,0.0,0.0,1.0,0.0,0.0,0.0,0.0,0.0,1.0,0.0,0.0,317.73333740234375,3.2750256874763717,318.49818638392856,2.7570101712597506,315.38008553641185,9.355934475911008,0.023270600920955786
2025-12-11,321.1000061035156,321.989990234375,309.8800048828125,313.70001220703125,25912100,0.0,0.0,317.75599975585936,307.3872787475586,65.97026474552419,11.140671071492534,12.462655466349446,16.261285719640995,-0.022741394993672115,0.0,0.0,0.0,0.0,0.0,0.0,0.0,0.0,0.0,22764500.0,14151300.0,22006900.0,0.0,0.0,0.0,0.0,0.0,0.0,0.0,0.0,0.0,0.3818,0.8162,0.0,0.3818,0.0,0.0,1.0,1.0,0.0,1.0,0.0,0.0,1.0,1.0,0.0,317.48333740234375,3.657292324946757,318.1961975097656,3.182910509476784,317.08787536621094,5.851515301978865,0.010240961309641694
2025-12-12,314.7950134277344,316.1400146484375,306.9599914550781,310.5199890136719,21264800,0.0,0.0,315.4840026855469,308.9663772583008,58.09211789018876,10.016198228541725,11.973364018787901,14.82306398419028,-0.010137147177605721,0.0,0.0,0.0,0.0,0.0,0.0,0.0,0.0,0.0,25912100.0,22764500.0,14151300.0,0.0,0.0,0.0,0.0,0.0,0.0,0.0,0.0,0.0,0.0,0.3818,0.8162,0.0,0.3818,0.0,0.0,1.0,1.0,0.0,1.0,0.0,0.0,1.0,1.0,315.0733337402344,5.373282664587707,316.783203125,4.099363640220935,317.87825884137834,3.6010956860805985,0.0038794182756995976
2025-12-15,312.625,312.70001220703125,305.739990234375,309.32000732421875,22028900,0.0,0.0,314.4580017089844,310.5924072265625,41.19214701767865,8.925331242700281,11.363757463570378,12.747080084381768,-0.0038644265487214335,0.0,0.0,0.0,0.2023,0.2023,1.0,3.0,1.0,0.0,21264800.0,25912100.0,22764500.0,0.0,0.0,0.0,0.0,0.0,0.0,0.0,0.0,0.0,0.0,0.0,0.3818,0.0,0.0,0.3818,0.0,0.0,1.0,0.0,0.0,1.0,0.0,0.0,1.0,311.1800028483073,2.2633657216185044,315.5171421595982,4.887906253218041,317.23951939174106,4.260434017834427,0.005166854973924773
2025-12-16,306.0,311.8450012207031,303.8299865722656,307.7300109863281,21285200,0.0,0.0,312.45400390625,311.7082183837891,33.36510975152308,7.842112885041786,10.65942854786466,11.324409384428632,-0.005140295810946549,0.0,0.0,0.0,0.9091,0.9712656565656567,2.0,198.0,1.0,0.0,22028900.0,21264800.0,25912100.0,0.0,0.0,0.0,0.0,0.0,0.0,0.0,0.0,0.0,0.2023,0.0,0.0,0.2023,0.0,0.0,1.0,0.0,0.0,3.0,0.0,0.0,1.0,0.0,0.0,309.19000244140625,1.3995250267256003,313.4957188197545,4.7416677312608595,316.1181640625,4.5614100691389785,0.03244317757143311
2025-12-17,309.010009765625,309.19500732421875,297.45001220703125,298.05999755859375,29120400,0.0,0.0,307.8660034179687,312.3725082397461,29.428461579708156,6.13267164323895,9.754077166939519,9.96998046513816,-0.031423693115729234,0.0,0.0,0.0,0.9316,0.9315999999999999,1.0,357.0,1.0,0.0,21285200.0,22028900.0,21264800.0,0.0,0.0,0.0,0.0,0.0,0.0,0.0,0.0,0.0,0.9091,0.2023,0.0,0.9712656565656567,0.2023,0.0,2.0,1.0,0.0,198.0,3.0,0.0,1.0,1.0,0.0,305.0366719563802,6.094055409017285,311.154288155692,7.459615822805104,314.54593767438615,6.482809264917398,-0.018732518325617287
2025-12-18,303.05999755859375,305.260009765625,300.6300048828125,303.75,21040500,0.0,0.0,305.8760009765625,312.9200607299805,36.310771666195336,5.177381159736456,8.838737965498906,9.101292268752784,0.01909012443136615,0.0,0.0,0.0,0.0,0.0,0.0,0.0,0.0,0.0,29120400.0,21285200.0,22028900.0,0.0,0.0,0.0,0.0,0.0,0.0,0.0,0.0,0.0,0.9316,0.9091,0.2023,0.9315999999999999,0.9712656565656567,0.2023,1.0,2.0,1.0,357.0,198.0,3.0,1.0,1.0,1.0,303.1800028483073,4.860140171625064,309.154288155692,7.270892628630688,313.39156014578685,6.880617687487047,-0.015747984777699564
2025-12-19,303.2699890136719,308.989990234375,302.3399963378906,308.6099853515625,45234400,0.0,0.0,305.49400024414064,313.8610122680664,44.64741445558499,4.757623844185559,8.022515141236237,7.397546895137169,0.01599995177469138,0.0,0.0,0.0,0.0,0.0,0.0,0.0,0.0,0.0,21040500.0,29120400.0,21285200.0,0.0,0.0,0.0,0.0,0.0,0.0,0.0,0.0,0.0,0.0,0.9316,0.9091,0.0,0.9315999999999999,0.9712656565656567,0.0,1.0,2.0,0.0,357.0,198.0,0.0,1.0,1.0,303.47332763671875,5.280432871024853,307.384286063058,5.086588612734055,312.9412362234933,6.97888388696109,-0.008736714540896862
2025-12-22,311.2250061035156,311.70001220703125,306.5899963378906,311.3299865722656,14091400,0.0,0.0,305.89599609375,314.4547805786133,46.3072597167852,4.591516371326406,7.336315387254271,6.615615690881783,0.008813717474515759,0.0,0.0,0.0,0.0,0.0,0.0,0.0,0.0,0.0,45234400.0,21040500.0,29120400.0,0.0,0.0,0.0,0.0,0.0,0.0,0.0,0.0,0.0,0.0,0.0,0.9316,0.0,0.0,0.9315999999999999,0.0,0.0,1.0,0.0,0.0,357.0,0.0,0.0,1.0,307.8966573079427,3.8400099976812974,307.0457109723772,4.656859213920629,312.62095424107144,6.9396866886362405,-0.013779796643568987
2025-12-23,311.135009765625,316.29998779296875,310.75,315.67999267578125,13961400,0.0,0.0,307.4859924316406,314.32566223144534,46.08791985262573,4.756059249892985,6.820264159782015,6.562377232941146,0.013972332544671007,0.0,0.0,0.0,0.0,0.0,0.0,0.0,0.0,0.0,14091400.0,45234400.0,21040500.0,0.0,0.0,0.0,0.0,0.0,0.0,0.0,0.0,0.0,0.0,0.0,0.0,0.0,0.0,0.0,0.0,0.0,0.0,0.0,0.0,0.0,0.0,0.0,0.0,311.8733215332031,3.5661829104743297,307.78285435267856,5.609435154471424,312.2830287388393,6.639886717802128,3.161291102227182e-05
2025-12-24,316.1499938964844,316.2900085449219,313.32000732421875,315.6700134277344,6138200,0.0,0.0,311.00799560546875,313.9377136230469,47.8433219658052,4.829978439810134,6.42220701578764,6.2160988164037425,-3.161191167766475e-05,0.0,0.0,0.0,0.0,0.0,0.0,0.0,0.0,0.0,13961400.0,14091400.0,45234400.0,0.0,0.0,0.0,0.0,0.0,0.0,0.0,0.0,0.0,0.0,0.0,0.0,0.0,0.0,0.0,0.0,0.0,0.0,0.0,0.0,0.0,0.0,0.0,0.0,314.22666422526044,2.508601396269879,308.6899980817522,6.362371770996619,312.1035701206752,6.5006688973511135,0.002254324332992441
2025-12-26,315.9200134277344,316.55999755859375,313.7200012207031,314.9599914550781,6730900,0.0,0.0,313.2499938964844,313.6821548461914,43.73869948386256,4.77620991625912,6.093007595881936,6.053608760055144,-0.0022492537854527095,0.0,0.0,0.0,0.0,0.0,0.0,0.0,0.0,0.0,6138200.0,13961400.0,14091400.0,0.0,0.0,0.0,0.0,0.0,0.0,0.0,0.0,0.0,0.0,0.0,0.0,0.0,0.0,0.0,0.0,0.0,0.0,0.0,0.0,0.0,0.0,0.0,0.0,315.43666585286456,0.4128422912885639,309.7228524344308,6.755274139459223,311.6092856270926,5.938943651908613,0.001812960908691652
2025-12-29,312.82000732421875,314.9700012207031,311.8999938964844,314.3900146484375,12317700,0.0,0.0,314.4059997558594,313.4060913085938,49.938019004142575,4.634185602220668,5.801243197149683,5.8779345543493795,-0.00180968002954085,0.0,0.0,0.0,-0.0258,-0.0258,1.0,3002.0,0.0,0.0,6730900.0,6138200.0,13961400.0,0.0,0.0,0.0,0.0,0.0,0.0,0.0,0.0,0.0,0.0,0.0,0.0,0.0,0.0,0.0,0.0,0.0,0.0,0.0,0.0,0.0,0.0,0.0,0.0,315.0066731770833,0.6412749847975306,312.0557120186942,4.499388006407973,311.6050000871931,5.936757347066608,-0.0005085778119201523
2025-12-30,313.4100036621094,317.70001220703125,313.25,314.54998779296875,11052500,0.0,0.0,315.05,313.3878646850586,46.464852152078315,4.482863150019625,5.537567187723671,5.873574518833047,0.0005088365949221796,0.0,0.0,0.0,0.0,0.0,0.0,0.0,0.0,0.0,12317700.0,6730900.0,6138200.0,0.0,0.0,0.0,0.0,0.0,0.0,0.0,0.0,0.0,-0.0258,0.0,0.0,-0.0258,0.0,0.0,1.0,0.0,0.0,3002.0,0.0,0.0,0.0,0.0,0.0,314.6333312988281,0.2939863857450245,313.5985674176897,2.6470327607347577,311.37642778669084,5.74032052093794,0.002390057454351613
2025-12-31,313.3699951171875,315.3900146484375,312.20001220703125,313.79998779296875,10821500,0.0,0.0,314.6739990234375,313.28716735839845,41.58089237616315,4.253389853850479,5.280731720949033,5.8469961134263135,-0.002384358700066591,0.0,0.0,0.0,0.6908,0.6908,1.0,2159.0,1.0,0.0,11052500.0,12317700.0,6730900.0,0.0,0.0,0.0,0.0,0.0,0.0,0.0,0.0,0.0,0.0,-0.0258,0.0,0.0,-0.0258,0.0,0.0,1.0,0.0,0.0,3002.0,0.0,0.0,0.0,0.0,314.2466634114583,0.39501542103726667,314.3399963378906,1.4914923091505585,310.86214120047435,5.098448234066263,-0.004820561638789633
2026-01-02,317.5899963378906,322.91400146484375,310.6499938964844,315.32000732421875,22043700,0.0,0.0,314.6039978027344,313.0326202392578,52.19036772958342,4.146386523403464,5.05386268143992,5.627227914892294,0.004843912015231933,0.0,0.0,0.0,0.9715,0.9714999999999999,1.0,2219.0,1.0,0.0,10821500.0,11052500.0,12317700.0,0.0,0.0,0.0,0.0,0.0,0.0,0.0,0.0,0.0,0.6908,0.0,-0.0258,0.6908,0.0,-0.0258,1.0,0.0,1.0,2159.0,0.0,3002.0,1.0,0.0,0.0,314.55666097005206,0.7600317377019998,314.90999930245533,0.7039454212276828,310.97785513741627,5.185452058443672,-0.006302785685859735
2026-01-05,317.69500732421875,319.25,315.2489929199219,317.32000732421875,19934000,0.0,0.0,315.0760009765625,312.9894989013672,59.497243611546565,4.174843896718073,4.878058924495551,5.5888615850596715,0.006342762760193521,0.0,0.0,0.0,0.0,0.0,0.0,0.0,0.0,0.0,22043700.0,10821500.0,11052500.0,0.0,0.0,0.0,0.0,0.0,0.0,0.0,0.0,0.0,0.9715,0.6908,0.0,0.9714999999999999,0.6908,0.0,1.0,1.0,0.0,2219.0,2159.0,0.0,1.0,1.0,0.0,315.48000081380206,1.7654554122454773,315.144287109375,1.1404858884924196,311.4635707310268,5.45094379759107,0.008806293558253797
2026-01-06,317.30999755859375,321.55999755859375,312.3399963378906,314.54998779296875,18989900,0.0,0.0,315.1079956054688,312.6229995727539,56.99756643310958,3.9285927719307665,4.688165693982594,5.2021262807264534,-0.008729419725557186,0.0,0.0,0.0,0.0,0.0,0.0,0.0,0.0,0.0,19934000.0,22043700.0,10821500.0,0.0,0.0,0.0,0.0,0.0,0.0,0.0,0.0,0.0,0.0,0.9715,0.6908,0.0,0.9714999999999999,0.6908,0.0,1.0,1.0,0.0,2219.0,2159.0,0.0,1.0,1.0,315.73000081380206,1.4297982539511842,314.9842834472656,1.1329786467206584,311.83714076450894,5.47191142191631,-0.02443942890491646
2026-01-07,314.57000732421875,326.4649963378906,314.5,322.42999267578125,24681800,0.0,0.0,316.6839965820312,313.0219985961914,66.83460885988268,4.319495069123093,4.614431569010693,5.637447038447929,0.02505167759853477,0.0,0.0,0.0,0.9399,0.9399,1.0,3489.0,1.0,0.0,18989900.0,19934000.0,22043700.0,0.0,0.0,0.0,0.0,0.0,0.0,0.0,0.0,0.0,0.0,0.0,0.9715,0.0,0.0,0.9714999999999999,0.0,0.0,1.0,0.0,0.0,2219.0,0.0,0.0,1.0,318.09999593098956,3.9974874494244763,316.05142647879467,3.0322785643272874,312.8871394566127,6.0073584683372045,-0.01098131033589278
2026-01-08,329.2650146484375,330.5400085449219,321.989990234375,326.010009765625,21789600,0.0,0.0,319.1260009765625,313.4349990844727,87.19724082807649,4.862117946522005,4.663968844512956,6.269216445253492,0.011103238442968344,0.0,0.0,0.0,0.451,0.699481266490765,2.0,2274.0,1.0,0.0,24681800.0,18989900.0,19934000.0,0.0,0.0,0.0,0.0,0.0,0.0,0.0,0.0,0.0,0.9399,0.0,0.0,0.9399,0.0,0.0,1.0,0.0,0.0,3489.0,0.0,0.0,1.0,0.0,0.0,320.9966634114583,5.862921668282309,317.71142578125,4.695604110436315,314.8835688999721,5.303946179265944,-0.009509645571826764
2026-01-09,327.489990234375,331.4800109863281,326.25,329.1400146484375,17917700,0.0,0.0,321.89000244140624,313.84199981689454,86.261079071973,5.481528078195481,4.827480691249461,7.007002906866604,0.009600947176630292,0.0,0.0,0.0,0.0,0.0,0.0,0.0,0.0,0.0,21789600.0,24681800.0,18989900.0,0.0,0.0,0.0,0.0,0.0,0.0,0.0,0.0,0.0,0.451,0.9399,0.0,0.699481266490765,0.9399,0.0,2.0,1.0,0.0,2274.0,3489.0,0.0,1.0,1.0,0.0,325.86000569661456,3.3575250756952153,319.79571533203125,6.089612748944486,316.6971413748605,5.539767026261148,-0.010789517685070305
2026-01-12,326.5,334.44000244140625,325.510009765625,332.7300109863281,23893800,0.0,0.0,324.9720031738281,314.7934997558594,85.74394012986696,6.190734834202203,5.1001315198400095,8.180507858955375,0.010907201124497723,0.0,0.0,0.0,0.43205,0.8132705882352941,2.0,17.0,0.5,0.0,17917700.0,21789600.0,24681800.0,0.0,0.0,0.0,0.0,0.0,0.0,0.0,0.0,0.0,0.0,0.451,0.9399,0.0,0.699481266490765,0.9399,0.0,2.0,1.0,0.0,2274.0,3489.0,0.0,1.0,1.0,329.29334513346356,3.362623496585902,322.50000435965404,7.102291906235437,318.4200003487723,6.498832179030234,-0.010997775971236967
2026-01-13,335.2799987792969,341.20001220703125,334.3500061035156,336.42999267578125,24616700,0.0,0.0,329.34800415039064,316.08899993896483,86.14632088282991,6.970986702776827,5.474302556427373,9.425056149769574,0.011120072032231532,0.0,0.0,0.0,0.0,0.0,0.0,0.0,0.0,0.0,23893800.0,17917700.0,21789600.0,0.0,0.0,0.0,0.0,0.0,0.0,0.0,0.0,0.0,0.43205,0.0,0.451,0.8132705882352941,0.0,0.699481266490765,2.0,0.0,2.0,17.0,0.0,2274.0,0.5,0.0,1.0,332.7666727701823,3.6451272919590996,325.5157165527344,7.973768230541599,320.2128579275949,7.7367427457569,0.00035679913787456385
2026-01-14,334.9849853515625,337.0299987792969,331.1400146484375,336.30999755859375,17839300,0.0,0.0,332.12400512695314,317.4384994506836,83.83078302785718,7.493281442849991,5.878098333711898,10.296776424973281,-0.00035667187765608954,0.0,0.0,0.0,0.0,0.0,0.0,0.0,0.0,0.0,24616700.0,23893800.0,17917700.0,0.0,0.0,0.0,0.0,0.0,0.0,0.0,0.0,0.0,0.0,0.43205,0.0,0.0,0.8132705882352941,0.0,0.0,2.0,0.0,0.0,17.0,0.0,0.0,0.5,0.0,335.1566670735677,2.1024020860291572,328.2285723005022,7.951054723368943,321.68642970493863,8.71035940276466,0.00945489813260747
