Date,open,high,low,close,volume,dividends,stock splits,SMA_5,SMA_20,RSI,MACD,Signal_Line,Volatility,Price_Change,avg_sentiment,sentiment_std,news_volume,reddit_avg_sentiment,reddit_weighted_sentiment,reddit_volume,reddit_engagement,reddit_positive_ratio,search_interest,volume_lag_1,volume_lag_2,volume_lag_3,avg_sentiment_lag_1,avg_sentiment_lag_2,avg_sentiment_lag_3,sentiment_std_lag_1,sentiment_std_lag_2,sentiment_std_lag_3,news_volume_lag_1,news_volume_lag_2,news_volume_lag_3,reddit_avg_sentiment_lag_1,reddit_avg_sentiment_lag_2,reddit_avg_sentiment_lag_3,reddit_weighted_sentiment_lag_1,reddit_weighted_sentiment_lag_2,reddit_weighted_sentiment_lag_3,reddit_volume_lag_1,reddit_volume_lag_2,reddit_volume_lag_3,reddit_engagement_lag_1,reddit_engagement_lag_2,reddit_engagement_lag_3,reddit_positive_ratio_lag_1,reddit_positive_ratio_lag_2,reddit_positive_ratio_lag_3,close_rolling_mean_3,close_rolling_std_3,close_rolling_mean_7,close_rolling_std_7,close_rolling_mean_14,close_rolling_std_14,target
2021-01-19,15.910655676553025,15.998657426763357,15.79625457622524,15.945857048034668,7179600,0.0,0.0,0.0,0.0,0.0,0.0,0.0,0.0,0.0,0.0,0.0,0.0,0.0,0.0,0.0,0.0,0.0,0.0,0.0,0.0,0.0,0.0,0.0,0.0,0.0,0.0,0.0,0.0,0.0,0.0,0.0,0.0,0.0,0.0,0.0,0.0,0.0,0.0,0.0,0.0,0.0,0.0,0.0,0.0,0.0,16.05145804087321,0.12691623077690625,15.857855115618024,0.26735597524703963,15.610823154449463,0.3549117457905612,-0.015217258402147493
2021-01-20,16.16585948651415,16.253859552254752,16.095458426825473,16.192258834838867,5408500,0.0,0.0,0.0,0.0,0.0,0.019655982992928145,0.0039311965985856295,0.0,0.015452401590077436,0.0,0.0,0.0,0.0,0.0,0.0,0.0,0.0,0.0,7179600.0,0.0,0.0,0.0,0.0,0.0,0.0,0.0,0.0,0.0,0.0,0.0,0.0,0.0,0.0,0.0,0.0,0.0,0.0,0.0,0.0,0.0,0.0,0.0,0.0,0.0,0.0,16.05145804087321,0.12691623077690625,15.857855115618024,0.26735597524703963,15.610823154449463,0.3549117457905612,0.010988870962133301
2021-01-21,16.183459720130905,16.19226006307123,15.972256525044466,16.016258239746094,7963400,0.0,0.0,0.0,0.0,0.0,0.02079203635043747,0.007303364548955998,0.0,-0.010869428218013288,0.0,0.0,0.0,0.0,0.0,0.0,0.0,0.0,0.0,5408500.0,7179600.0,0.0,0.0,0.0,0.0,0.0,0.0,0.0,0.0,0.0,0.0,0.0,0.0,0.0,0.0,0.0,0.0,0.0,0.0,0.0,0.0,0.0,0.0,0.0,0.0,0.0,16.05145804087321,0.12691623077690625,15.857855115618024,0.26735597524703963,15.610823154449463,0.3549117457905612,0.0011002153279422444
2021-01-22,16.042656305573036,16.07785767451584,15.893053844553423,15.998656272888184,5663500,0.0,0.0,0.0,0.0,0.0,0.020041014857252293,0.009850894610615259,0.0,-0.0010990061844925458,0.0,0.0,0.0,0.0,0.0,0.0,0.0,0.0,0.0,7963400.0,5408500.0,7179600.0,0.0,0.0,0.0,0.0,0.0,0.0,0.0,0.0,0.0,0.0,0.0,0.0,0.0,0.0,0.0,0.0,0.0,0.0,0.0,0.0,0.0,0.0,0.0,0.0,16.069057782491047,0.1070576096502446,15.857855115618024,0.26735597524703963,15.610823154449463,0.3549117457905612,0.014508742558309029
2021-01-25,15.97225837485477,16.033859104077482,15.699454426085339,15.769855499267578,6012600,0.0,0.0,15.984577178955078,0.0,0.0,0.000972306505596876,0.008075176989611584,0.0,-0.014301249412323358,0.0,0.0,0.0,0.0,0.0,0.0,0.0,0.0,0.0,5663500.0,7963400.0,5408500.0,0.0,0.0,0.0,0.0,0.0,0.0,0.0,0.0,0.0,0.0,0.0,0.0,0.0,0.0,0.0,0.0,0.0,0.0,0.0,0.0,0.0,0.0,0.0,0.0,15.928256670633951,0.13746146960874492,15.857855115618024,0.26735597524703963,15.610823154449463,0.3549117457905612,0.003921670527827992
2021-01-26,15.769853628715214,15.769853628715214,15.62025115613641,15.708252906799316,5472600,0.0,0.0,15.937056350708009,0.0,0.0,-0.01889281204665494,0.002681579182358279,0.0,-0.0039063511058248235,0.0,0.0,0.0,0.0,0.0,0.0,0.0,0.0,0.0,6012600.0,5663500.0,7963400.0,0.0,0.0,0.0,0.0,0.0,0.0,0.0,0.0,0.0,0.0,0.0,0.0,0.0,0.0,0.0,0.0,0.0,0.0,0.0,0.0,0.0,0.0,0.0,0.0,15.82558822631836,0.15301350073546932,15.857855115618024,0.26735597524703963,15.610823154449463,0.3549117457905612,0.02175160835666201
2021-01-27,15.532249827550412,15.7434530277844,15.347447656780862,15.373847007751465,11388300,0.0,0.0,15.773373985290528,0.0,0.0,-0.060917602721932695,-0.010038257198499916,0.0,-0.021288548193867163,0.0,0.0,0.0,0.0,0.0,0.0,0.0,0.0,0.0,5472600.0,6012600.0,5663500.0,0.0,0.0,0.0,0.0,0.0,0.0,0.0,0.0,0.0,0.0,0.0,0.0,0.0,0.0,0.0,0.0,0.0,0.0,0.0,0.0,0.0,0.0,0.0,0.0,15.617318471272787,0.21309032125278032,15.857855115618024,0.26735597524703963,15.610823154449463,0.3549117457905612,-0.00963734092400692
2021-01-28,15.36504896163495,15.620253915795528,15.32104891777682,15.523451805114746,7877600,0.0,0.0,15.674812698364258,0.0,0.0,-0.08121450499726457,-0.02427350675825285,0.0,0.00973112307465085,0.0,0.0,0.0,0.0,0.0,0.0,0.0,0.0,0.0,11388300.0,5472600.0,6012600.0,0.0,0.0,0.0,0.0,0.0,0.0,0.0,0.0,0.0,0.0,0.0,0.0,0.0,0.0,0.0,0.0,0.0,0.0,0.0,0.0,0.0,0.0,0.0,0.0,15.535183906555176,0.16751136672672903,15.797511509486608,0.29082270755039524,15.610823154449463,0.3549117457905612,0.04502369637819692
2021-01-29,15.101045574180185,15.162646307928364,14.85464096069336,14.85464096069336,9671400,0.0,0.0,15.446009635925293,0.0,0.0,-0.1495435470187072,-0.049327514810343726,0.0,-0.04308389994814321,0.0,0.0,0.0,0.0,0.0,0.0,0.0,0.0,0.0,7877600.0,11388300.0,5472600.0,0.0,0.0,0.0,0.0,0.0,0.0,0.0,0.0,0.0,0.0,0.0,0.0,0.0,0.0,0.0,0.0,0.0,0.0,0.0,0.0,0.0,0.0,0.0,0.0,15.250646591186523,0.351013879191754,15.606423241751534,0.40518378994571413,15.610823154449463,0.3549117457905612,-0.02876852256803042
2021-02-01,15.12744382814115,15.329846681403712,15.004240704790801,15.294645309448242,5829200,0.0,0.0,15.350967597961425,0.0,0.0,-0.16627343477564338,-0.07271669880340366,0.0,0.029620665347561914,0.0,0.0,0.0,0.0,0.0,0.0,0.0,0.0,0.0,9671400.0,7877600.0,11388300.0,0.0,0.0,0.0,0.0,0.0,0.0,0.0,0.0,0.0,0.0,0.0,0.0,0.0,0.0,0.0,0.0,0.0,0.0,0.0,0.0,0.0,0.0,0.0,0.0,15.22424602508545,0.3399176824365084,15.503335680280413,0.3741423209573943,15.610823154449463,0.3549117457905612,-0.0034404474253191264
2021-02-02,15.356247738329598,15.40904811786514,15.259445643769602,15.347447395324707,4119800,0.0,0.0,15.278806495666505,0.0,0.0,-0.1732739105292449,-0.09282814114857191,0.0,0.0034523249678661827,0.0,0.0,0.0,0.0,0.0,0.0,0.0,0.0,0.0,5829200.0,9671400.0,7877600.0,0.0,0.0,0.0,0.0,0.0,0.0,0.0,0.0,0.0,0.0,0.0,0.0,0.0,0.0,0.0,0.0,0.0,0.0,0.0,0.0,0.0,0.0,0.0,0.0,15.16557788848877,0.2705704064903668,15.410305840628487,0.3050332409355287,15.610823154449463,0.3549117457905612,-0.011897958241377182
2021-02-03,15.48824941447096,15.620251201602647,15.391447320610622,15.532249450683594,4677800,0.0,0.0,15.310486984252929,0.0,0.0,-0.1620419379938447,-0.10667090051762648,0.0,0.012041224224373925,0.0,0.0,0.0,0.0,0.0,0.0,0.0,0.0,0.0,4119800.0,5829200.0,9671400.0,0.0,0.0,0.0,0.0,0.0,0.0,0.0,0.0,0.0,0.0,0.0,0.0,0.0,0.0,0.0,0.0,0.0,0.0,0.0,0.0,0.0,0.0,0.0,0.0,15.391447385152182,0.12476350152051822,15.376362119402204,0.2695059436526914,15.610823154449463,0.3549117457905612,0.0034108001401236265
2021-02-04,15.4354520882634,15.523452178094022,15.277049240977686,15.479452133178711,4439600,0.0,0.0,15.301687049865723,0.0,0.0,-0.15560707956343656,-0.1164581363267885,0.0,-0.003399206127387977,0.0,0.0,0.0,0.0,0.0,0.0,0.0,0.0,0.0,4677800.0,4119800.0,5829200.0,0.0,0.0,0.0,0.0,0.0,0.0,0.0,0.0,0.0,0.0,0.0,0.0,0.0,0.0,0.0,0.0,0.0,0.0,0.0,0.0,0.0,0.0,0.0,0.0,15.453049659729004,0.0951880657930071,15.34367629459926,0.23409337031933475,15.610823154449463,0.3549117457905612,-0.00226876935014253
2021-02-05,15.400250178590806,15.532251987279915,15.303448068921563,15.51465129852295,6952900,0.0,0.0,15.43368911743164,0.0,41.860461767111765,-0.14598431313536153,-0.12236337168850311,0.0,0.002273928369130873,0.0,0.0,0.0,0.0,0.0,0.0,0.0,0.0,0.0,4439600.0,4677800.0,4119800.0,0.0,0.0,0.0,0.0,0.0,0.0,0.0,0.0,0.0,0.0,0.0,0.0,0.0,0.0,0.0,0.0,0.0,0.0,0.0,0.0,0.0,0.0,0.0,0.0,15.508784294128418,0.02688318227724663,15.363791193280901,0.24299799455845142,15.610823154449463,0.3549117457905612,-0.018373963263538018
2021-02-08,15.831453785067039,15.849054470269607,15.673050975231359,15.805052757263184,3621600,0.0,0.0,15.535770606994628,0.0,47.604746509747535,-0.113615541440236,-0.1206138056388497,0.0,0.018717884994803757,0.0,0.0,0.0,0.0,0.0,0.0,0.0,0.0,0.0,6952900.0,4439600.0,4677800.0,0.0,0.0,0.0,0.0,0.0,0.0,0.0,0.0,0.0,0.0,0.0,0.0,0.0,0.0,0.0,0.0,0.0,0.0,0.0,0.0,0.0,0.0,0.0,0.0,15.599718729654947,0.17869329164967931,15.404019900730678,0.29217003231906746,15.600765705108643,0.346584634090374,0.018140356647717626
2021-02-09,15.71705602647631,15.734655036923114,15.514651460644304,15.523451805114746,7973500,0.0,0.0,15.570971488952637,0.0,38.75741001455311,-0.10942452228990973,-0.1183759489690617,0.0,-0.017817147242297438,0.0,0.0,0.0,0.0,0.0,0.0,0.0,0.0,0.0,3621600.0,6952900.0,4439600.0,0.0,0.0,0.0,0.0,0.0,0.0,0.0,0.0,0.0,0.0,0.0,0.0,0.0,0.0,0.0,0.0,0.0,0.0,0.0,0.0,0.0,0.0,0.0,0.0,15.614385286966959,0.16518149230751908,15.499564307076591,0.16366917427760463,15.552993774414062,0.3020105608418916,0.008000146145143106
2021-02-10,15.681851832358268,15.681851832358268,15.329846509226108,15.400247573852539,13180500,0.0,0.0,15.544571113586425,0.0,39.457787671858874,-0.11472221493903412,-0.11764520216305618,0.0,-0.007936651771071501,0.0,0.0,0.0,0.0,0.0,0.0,0.0,0.0,0.0,7973500.0,3621600.0,6952900.0,0.0,0.0,0.0,0.0,0.0,0.0,0.0,0.0,0.0,0.0,0.0,0.0,0.0,0.0,0.0,0.0,0.0,0.0,0.0,0.0,0.0,0.0,0.0,0.0,15.576250712076822,0.20750325915831713,15.514650344848633,0.14549025729806975,15.508993012564522,0.2727844208725849,-0.01850811054455581
2021-02-11,15.53224908142599,15.76985329971059,15.514648395961851,15.690651893615723,6324400,0.0,0.0,15.586811065673828,0.0,45.179056452474825,-0.09439929660679525,-0.11299602105180401,0.0,0.01885712020995367,0.0,0.0,0.0,0.0,0.0,0.0,0.0,0.0,0.0,13180500.0,7973500.0,3621600.0,0.0,0.0,0.0,0.0,0.0,0.0,0.0,0.0,0.0,0.0,0.0,0.0,0.0,0.0,0.0,0.0,0.0,0.0,0.0,0.0,0.0,0.0,0.0,0.0,15.538117090861002,0.1457565442400225,15.563679558890206,0.1373542632781643,15.486992699759346,0.24080012001417087,-0.013281634620649463
2021-02-12,15.752252050967595,15.981055918338416,15.743451708550216,15.901854515075684,9810300,0.0,0.0,15.664251708984375,0.0,52.07751891907956,-0.060552934416845616,-0.10250740372481233,0.0,0.013460410879798879,0.0,0.0,0.0,0.0,0.0,0.0,0.0,0.0,0.0,6324400.0,13180500.0,7973500.0,0.0,0.0,0.0,0.0,0.0,0.0,0.0,0.0,0.0,0.0,0.0,0.0,0.0,0.0,0.0,0.0,0.0,0.0,0.0,0.0,0.0,0.0,0.0,0.0,15.664251327514648,0.25184344996178176,15.616480282374791,0.1857669670715726,15.496421200888497,0.2548989967353958,0.01802818593714317
2021-02-16,15.690650806716059,15.752251523079675,15.541048347621436,15.62024974822998,5857800,0.0,0.0,15.627291107177735,15.624651622772216,48.7046338279265,-0.05580926527660601,-0.09316777603517108,0.309034804014292,-0.017708926124228364,0.0,0.0,0.0,0.0,0.0,0.0,0.0,0.0,0.0,9810300.0,6324400.0,13180500.0,0.0,0.0,0.0,0.0,0.0,0.0,0.0,0.0,0.0,0.0,0.0,0.0,0.0,0.0,0.0,0.0,0.0,0.0,0.0,0.0,0.0,0.0,0.0,0.0,15.737585385640463,0.14655161439841854,15.636594227382115,0.17581320392405633,15.490135260990687,0.2503172042889208,0.008522463658844348
2021-02-17,15.505852374560211,15.59385245989224,15.382649233806106,15.488251686096191,8422200,0.0,0.0,15.620251083374024,15.601771354675293,51.79068607987198,-0.061986472299610185,-0.0869315152880589,0.3008330167957612,-0.008450445048021504,0.0,0.0,0.0,0.0,0.0,0.0,0.0,0.0,0.0,5857800.0,9810300.0,6324400.0,0.0,0.0,0.0,0.0,0.0,0.0,0.0,0.0,0.0,0.0,0.0,0.0,0.0,0.0,0.0,0.0,0.0,0.0,0.0,0.0,0.0,0.0,0.0,0.0,15.670118649800619,0.21126288254886647,15.632822854178292,0.17911707759161674,15.498307023729597,0.24808634322698345,-0.012899413542013849
2021-02-18,15.558650109622194,15.690651893615723,15.479448703527328,15.690651893615723,12267700,0.0,0.0,15.67833194732666,15.576691007614135,52.57450139061431,-0.049973880366790624,-0.07953998830380524,0.26814699284775545,0.0130679828570468,0.0,0.0,0.0,0.0,0.0,0.0,0.0,0.0,0.0,8422200.0,5857800.0,9810300.0,0.0,0.0,0.0,0.0,0.0,0.0,0.0,0.0,0.0,0.0,0.0,0.0,0.0,0.0,0.0,0.0,0.0,0.0,0.0,0.0,0.0,0.0,0.0,0.0,15.599717775980631,0.10275034021512235,15.616479873657227,0.16548362059390684,15.510249887193952,0.25335840821270517,-0.006131562438743465
2021-02-19,15.7170525895537,15.831453685664655,15.708252247007671,15.787453651428223,8937800,0.0,0.0,15.69769229888916,15.565250778198243,67.43429554305881,-0.03227072503419137,-0.07008613564988246,0.2528508348678679,0.006169390441444156,0.0,0.0,0.0,0.0,0.0,0.0,0.0,0.0,0.0,12267700.0,8422200.0,5857800.0,0.0,0.0,0.0,0.0,0.0,0.0,0.0,0.0,0.0,0.0,0.0,0.0,0.0,0.0,0.0,0.0,0.0,0.0,0.0,0.0,0.0,0.0,0.0,0.0,15.655452410380045,0.1526751673641841,15.65419442313058,0.17074838826174588,15.576879365103585,0.17960262097287275,0.018739267198712994
2021-02-22,15.426649217904567,15.558651009533065,15.400248188181328,15.497050285339355,10941900,0.0,0.0,15.616731452941895,15.540170478820801,54.0070316621147,-0.041199054475463015,-0.06430871941499858,0.23158128108559922,-0.018394566502027088,0.0,0.0,0.0,0.0,0.0,0.0,0.0,0.0,0.0,8937800.0,12267700.0,8422200.0,0.0,0.0,0.0,0.0,0.0,0.0,0.0,0.0,0.0,0.0,0.0,0.0,0.0,0.0,0.0,0.0,0.0,0.0,0.0,0.0,0.0,0.0,0.0,0.0,15.658385276794434,0.14786608698330808,15.668023381914411,0.14932998674104958,15.591336863381523,0.16246482914019347,0.013233714924142603
2021-02-23,15.347447367381449,15.400247746820856,15.09224245618568,15.294645309448242,8335700,0.0,0.0,15.551610565185547,15.516409969329834,49.01312822684629,-0.06387094536833793,-0.06422116460566646,0.23115318106217386,-0.013060871079614067,0.0,0.0,0.0,0.0,0.0,0.0,0.0,0.0,0.0,10941900.0,8937800.0,12267700.0,0.0,0.0,0.0,0.0,0.0,0.0,0.0,0.0,0.0,0.0,0.0,0.0,0.0,0.0,0.0,0.0,0.0,0.0,0.0,0.0,0.0,0.0,0.0,0.0,15.52638308207194,0.2477101637082757,15.611451012747628,0.20424363491723518,15.587565285818917,0.1690419446314428,-0.016968536442891313
2021-02-24,15.391449693137131,15.620253609398308,15.224246508466647,15.558652877807617,8022800,0.0,0.0,15.565690803527833,15.508929967880249,50.479290084238436,-0.05984551602362309,-0.06334603488925779,0.2270017170598296,0.017261437778899325,0.0,0.0,0.0,0.0,0.0,0.0,0.0,0.0,0.0,8335700.0,10941900.0,8937800.0,0.0,0.0,0.0,0.0,0.0,0.0,0.0,0.0,0.0,0.0,0.0,0.0,0.0,0.0,0.0,0.0,0.0,0.0,0.0,0.0,0.0,0.0,0.0,0.0,15.450116157531738,0.1381199055261542,15.56242220742362,0.1591223099031451,15.589451244899205,0.1685238210779563,0.01667638094434487
2021-02-25,15.444248910828353,15.585051051942353,15.215446690388546,15.303446769714355,7412800,0.0,0.0,15.488249778747559,15.505409955978394,47.0237586482828,-0.0763680114444778,-0.0659504302003018,0.2297359972652423,-0.01640284092058375,0.0,0.0,0.0,0.0,0.0,0.0,0.0,0.0,0.0,8022800.0,8335700.0,10941900.0,0.0,0.0,0.0,0.0,0.0,0.0,0.0,0.0,0.0,0.0,0.0,0.0,0.0,0.0,0.0,0.0,0.0,0.0,0.0,0.0,0.0,0.0,0.0,0.0,15.385581652323404,0.14994866869585463,15.517164639064244,0.18316931031964398,15.57687943322318,0.1832798756174061,0.015770920330532068
2021-02-26,15.136245607927552,15.215447023851704,14.907441703979337,15.065844535827637,7422400,0.0,0.0,15.343927955627441,15.482529592514037,42.89692474973632,-0.10739672011623114,-0.07423968818348767,0.2497594600680808,-0.015526060074056991,0.0,0.0,0.0,0.0,0.0,0.0,0.0,0.0,0.0,7412800.0,8022800.0,8335700.0,0.0,0.0,0.0,0.0,0.0,0.0,0.0,0.0,0.0,0.0,0.0,0.0,0.0,0.0,0.0,0.0,0.0,0.0,0.0,0.0,0.0,0.0,0.0,0.0,15.309314727783203,0.24645656854745748,15.45682076045445,0.2512204106604062,15.54482180731637,0.22863917034138928,-0.030577433490926453
2021-03-01,15.329846759941919,15.549850300309343,15.294645387806103,15.54104995727539,7592500,0.0,0.0,15.352727890014648,15.51685004234314,46.052644712500005,-0.09257494291888158,-0.07790673913056645,0.20142108335383313,0.03154190396148593,0.0,0.0,0.0,0.0,0.0,0.0,0.0,0.0,0.0,7422400.0,7412800.0,8022800.0,0.0,0.0,0.0,0.0,0.0,0.0,0.0,0.0,0.0,0.0,0.0,0.0,0.0,0.0,0.0,0.0,0.0,0.0,0.0,0.0,0.0,0.0,0.0,0.0,15.303447087605795,0.2376027107240361,15.435449055262975,0.23377000045499682,15.5259644644601,0.21606658535939802,-0.01997790736778704
2021-03-02,15.769854992216523,15.919457477730333,15.655453881408986,15.857856750488281,10306600,0.0,0.0,15.465370178222656,15.545010614395142,54.947913065491,-0.05463511753167971,-0.0732524148107891,0.2079839162408041,0.020385160210142805,0.0,0.0,0.0,0.0,0.0,0.0,0.0,0.0,0.0,7592500.0,7422400.0,7412800.0,0.0,0.0,0.0,0.0,0.0,0.0,0.0,0.0,0.0,0.0,0.0,0.0,0.0,0.0,0.0,0.0,0.0,0.0,0.0,0.0,0.0,0.0,0.0,0.0,15.488250414530436,0.3986372797775842,15.445506640842982,0.2522245754437164,15.549850531986781,0.23354468489857805,-0.023835136179141014
2021-03-03,16.201059932120206,16.377063428790922,15.937056365607877,16.245059967041016,22911800,0.0,0.0,15.602651596069336,15.589891242980958,61.59420934782392,0.006600445189356208,-0.05728184281076004,0.2547074000379389,0.02441712159752063,0.0,0.0,0.0,0.0,0.0,0.0,0.0,0.0,0.0,10306600.0,7592500.0,7422400.0,0.0,0.0,0.0,0.0,0.0,0.0,0.0,0.0,0.0,0.0,0.0,0.0,0.0,0.0,0.0,0.0,0.0,0.0,0.0,0.0,0.0,0.0,0.0,0.0,15.881322224934896,0.3525911156436055,15.552365166800362,0.3954746053592785,15.610194274357386,0.2933908564036855,0.015960381661637824
2021-03-04,16.095458193545685,16.438663144742033,15.849053648959748,15.989855766296387,11867600,0.0,0.0,15.739933395385743,15.612771558761597,54.1463361770468,0.034143637060234155,-0.0389967468365612,0.2693872383699224,-0.01570964965733601,0.0,0.0,0.0,0.0,0.0,0.0,0.0,0.0,0.0,22911800.0,10306600.0,7592500.0,0.0,0.0,0.0,0.0,0.0,0.0,0.0,0.0,0.0,0.0,0.0,0.0,0.0,0.0,0.0,0.0,0.0,0.0,0.0,0.0,0.0,0.0,0.0,0.0,16.030924161275227,0.1968414146636813,15.651680946350098,0.4070901030904701,15.631565979548864,0.31012298467175076,-0.006017813044371101
2021-03-05,16.060261258756142,16.104261303135917,15.699455523660875,16.08666229248047,8946500,0.0,0.0,15.944096946716309,15.643132066726684,52.64490578738715,0.06305641754286917,-0.018586113960675124,0.28719911936565873,0.006054246367133143,0.0,0.0,0.0,0.0,0.0,0.0,0.0,0.0,0.0,11867600.0,22911800.0,10306600.0,0.0,0.0,0.0,0.0,0.0,0.0,0.0,0.0,0.0,0.0,0.0,0.0,0.0,0.0,0.0,0.0,0.0,0.0,0.0,0.0,0.0,0.0,0.0,0.0,16.107192675272625,0.12883484964333414,15.727110862731934,0.4349446240906822,15.644766535077776,0.32603782807440723,0.016685231663251088
2021-03-08,16.09546324172851,16.201064023604808,15.822657585144043,15.822657585144043,8450900,0.0,0.0,16.00041847229004,15.65853238105774,52.911458944917136,0.06393008465721017,-0.0020828742370980653,0.2882033327776433,-0.016411403592392904,0.0,0.0,0.0,0.0,0.0,0.0,0.0,0.0,0.0,8946500.0,11867600.0,22911800.0,0.0,0.0,0.0,0.0,0.0,0.0,0.0,0.0,0.0,0.0,0.0,0.0,0.0,0.0,0.0,0.0,0.0,0.0,0.0,0.0,0.0,0.0,0.0,0.0,15.966391881306967,0.13355724165332897,15.801283836364746,0.3928925761750624,15.659224237714495,0.32933808323550723,-0.03333325564851197
2021-03-09,16.227463008267563,16.39466450486444,16.16586228020619,16.36826515197754,7090100,0.0,0.0,16.10250015258789,15.686693000793458,61.31220227288274,0.10741028405650432,0.019815757421622414,0.32803674656602216,0.03448267548592909,0.0,0.0,0.0,0.0,0.0,0.0,0.0,0.0,0.0,8450900.0,8946500.0,11867600.0,0.0,0.0,0.0,0.0,0.0,0.0,0.0,0.0,0.0,0.0,0.0,0.0,0.0,0.0,0.0,0.0,0.0,0.0,0.0,0.0,0.0,0.0,0.0,0.0,16.092528343200684,0.2728510805545422,15.987343924386161,0.27822527188072244,15.722082342420306,0.3750095256237659,-0.004282716117567142
2021-03-10,16.535469406920807,16.54426807279507,16.341865187805755,16.43866729736328,7418300,0.0,0.0,16.141221618652345,15.732453775405883,59.95319018151114,0.14586804408322962,0.04502621475394386,0.3657357918762256,0.004301136664885741,0.0,0.0,0.0,0.0,0.0,0.0,0.0,0.0,0.0,7090100.0,8450900.0,8946500.0,0.0,0.0,0.0,0.0,0.0,0.0,0.0,0.0,0.0,0.0,0.0,0.0,0.0,0.0,0.0,0.0,0.0,0.0,0.0,0.0,0.0,0.0,0.0,0.0,16.20986334482829,0.3371725682320829,16.115574972970144,0.24285382456941498,15.77551201411656,0.4206915353689325,-0.020964207458991635
2021-03-11,16.641067917980646,16.861071461770443,16.58826753744937,16.79067039489746,5679200,0.0,0.0,16.30138454437256,15.80197491645813,62.49999702932437,0.20241647303472377,0.07650426641009984,0.42638556754981716,0.021413116475119676,0.0,0.0,0.0,0.0,0.0,0.0,0.0,0.0,0.0,7418300.0,7090100.0,8450900.0,0.0,0.0,0.0,0.0,0.0,0.0,0.0,0.0,0.0,0.0,0.0,0.0,0.0,0.0,0.0,0.0,0.0,0.0,0.0,0.0,0.0,0.0,0.0,0.0,16.53253428141276,0.22630688308681168,16.2488340650286,0.3211689918205734,15.847170352935791,0.5007127898659369,0.008989981560422855
2021-03-12,16.54426541090029,16.649867847835203,16.50026537463212,16.641067504882812,7452500,0.0,0.0,16.412265586853028,15.849495697021485,64.77269228751499,0.23247992360199277,0.10769939784847843,0.4645771964014424,-0.00890988188655717,0.0,0.0,0.0,0.0,0.0,0.0,0.0,0.0,0.0,5679200.0,7418300.0,7090100.0,0.0,0.0,0.0,0.0,0.0,0.0,0.0,0.0,0.0,0.0,0.0,0.0,0.0,0.0,0.0,0.0,0.0,0.0,0.0,0.0,0.0,0.0,0.0,0.0,16.62346839904785,0.17666024330068208,16.30540657043457,0.353630413659787,15.928885868617467,0.5315780239605505,-0.01253259174440946
2021-03-15,16.641066938159412,16.861070468995464,16.588266560737004,16.852270126342773,5134500,0.0,0.0,16.618188095092773,15.897016477584838,70.06801032687518,0.2702326375976334,0.14020604579830942,0.5159792975994825,0.0126916510252717,0.0,0.0,0.0,0.0,0.0,0.0,0.0,0.0,0.0,7452500.0,5679200.0,7418300.0,0.0,0.0,0.0,0.0,0.0,0.0,0.0,0.0,0.0,0.0,0.0,0.0,0.0,0.0,0.0,0.0,0.0,0.0,0.0,0.0,0.0,0.0,0.0,0.0,16.761336008707683,0.1086140713155408,16.428608621869767,0.37495845041697146,16.040144784109934,0.551261162098695,-0.009312000279867894
2021-03-16,16.913871428929507,17.04587489477231,16.861071049688665,17.01067352294922,7418200,0.0,0.0,16.74666976928711,15.9665376663208,69.23073231062726,0.30936756894632467,0.1740383504279125,0.5677947346866857,0.009399528693694315,0.0,0.0,0.0,0.0,0.0,0.0,0.0,0.0,0.0,5134500.0,7452500.0,5679200.0,0.0,0.0,0.0,0.0,0.0,0.0,0.0,0.0,0.0,0.0,0.0,0.0,0.0,0.0,0.0,0.0,0.0,0.0,0.0,0.0,0.0,0.0,0.0,0.0,16.834670384724934,0.18543048650771138,16.560610226222447,0.3965401050038172,16.14386054447719,0.5890049919272444,0.01204181619597433
2021-03-17,16.887472819664982,16.89627316300696,16.58826786001322,16.808271408081055,9004400,0.0,0.0,16.820590591430665,16.032538652420044,70.21278776126431,0.3203572459514419,0.2033021295326184,0.5857097342827309,-0.011898536209933197,0.0,0.0,0.0,0.0,0.0,0.0,0.0,0.0,0.0,7418200.0,5134500.0,7452500.0,0.0,0.0,0.0,0.0,0.0,0.0,0.0,0.0,0.0,0.0,0.0,0.0,0.0,0.0,0.0,0.0,0.0,0.0,0.0,0.0,0.0,0.0,0.0,0.0,16.890405019124348,0.10645354179815969,16.701412200927734,0.23146271017786288,16.25134801864624,0.5604562790960255,0.03917322971602366
2021-03-18,16.429862706899996,16.482663080970287,16.148258473866942,16.174657821655273,9617900,0.0,0.0,16.697388076782225,16.056738948822023,63.461476563652376,0.2747719233664867,0.2175960882993921,0.5808188493451072,-0.03769653470261991,0.0,0.0,0.0,0.0,0.0,0.0,0.0,0.0,0.0,9004400.0,7418200.0,5134500.0,0.0,0.0,0.0,0.0,0.0,0.0,0.0,0.0,0.0,0.0,0.0,0.0,0.0,0.0,0.0,0.0,0.0,0.0,0.0,0.0,0.0,0.0,0.0,0.0,16.664534250895183,0.4361488747771899,16.673754010881698,0.2836013366034031,16.330548967633927,0.4468771939520437,-0.01973357198309722
2021-03-19,16.33306385293836,16.535468404147153,16.1834613647374,16.500267028808594,17303400,0.0,0.0,16.66922798156738,16.09237961769104,62.08425283732661,0.26190014671681183,0.22645689998287605,0.585278054483166,0.020130825068668923,0.0,0.0,0.0,0.0,0.0,0.0,0.0,0.0,0.0,9617900.0,9004400.0,7418200.0,0.0,0.0,0.0,0.0,0.0,0.0,0.0,0.0,0.0,0.0,0.0,0.0,0.0,0.0,0.0,0.0,0.0,0.0,0.0,0.0,0.0,0.0,0.0,0.0,16.49439875284831,0.3168475528119083,16.68255397251674,0.2759432923452198,16.399064472743444,0.38589199713968414,-0.016780183696532114
2021-03-22,16.68506779286278,16.878671983748546,16.54426566048794,16.781869888305664,6428000,0.0,0.0,16.65514793395996,16.156620597839357,61.74492999575732,0.2712948501367265,0.23542449001364615,0.5870039616488746,0.01706656377168958,0.0,0.0,0.0,0.0,0.0,0.0,0.0,0.0,0.0,17303400.0,9617900.0,9004400.0,0.0,0.0,0.0,0.0,0.0,0.0,0.0,0.0,0.0,0.0,0.0,0.0,0.0,0.0,0.0,0.0,0.0,0.0,0.0,0.0,0.0,0.0,0.0,0.0,16.48559824625651,0.30387168897024625,16.681296757289342,0.2753880987962281,16.46506541115897,0.3646402535149519,0.019241034628000753
2021-03-23,16.676269889133803,16.676269889133803,16.456266337448625,16.465065002441406,8851000,0.0,0.0,16.5460262298584,16.215141582489014,52.84739413053589,0.2502915089279796,0.23839789379651286,0.5539590431793792,-0.0188778061069953,0.0,0.0,0.0,0.0,0.0,0.0,0.0,0.0,0.0,6428000.0,17303400.0,9617900.0,0.0,0.0,0.0,0.0,0.0,0.0,0.0,0.0,0.0,0.0,0.0,0.0,0.0,0.0,0.0,0.0,0.0,0.0,0.0,0.0,0.0,0.0,0.0,0.0,16.582400639851887,0.17363980383001068,16.656153542654856,0.2874439481916272,16.480780056544713,0.3591285383481545,0.002679523361009073
2021-03-24,16.491465443715356,16.57946719694419,16.350663309946754,16.421064376831055,8412700,0.0,0.0,16.4685848236084,16.258262157440186,55.90362528068513,0.2274735534145691,0.23621302572012412,0.5333499348485963,-0.0026723627027179786,0.0,0.0,0.0,0.0,0.0,0.0,0.0,0.0,0.0,8851000.0,6428000.0,17303400.0,0.0,0.0,0.0,0.0,0.0,0.0,0.0,0.0,0.0,0.0,0.0,0.0,0.0,0.0,0.0,0.0,0.0,0.0,0.0,0.0,0.0,0.0,0.0,0.0,16.555999755859375,0.1968425800278071,16.594552721296036,0.2846010989840836,16.5115806715829,0.3311902549851505,0.010834334262054268
2021-03-25,16.253860309723926,16.333061715376374,16.06025780618113,16.245059967041016,6647900,0.0,0.0,16.482665252685546,16.305342817306517,52.12257387449604,0.1929637088163716,0.22756316233937363,0.48389597672821755,-0.010718209596594086,0.0,0.0,0.0,0.0,0.0,0.0,0.0,0.0,0.0,8412700.0,8851000.0,6428000.0,0.0,0.0,0.0,0.0,0.0,0.0,0.0,0.0,0.0,0.0,0.0,0.0,0.0,0.0,0.0,0.0,0.0,0.0,0.0,0.0,0.0,0.0,0.0,0.0,16.377063115437824,0.11641579426146638,16.485179356166295,0.24194959735701632,16.52289479119437,0.3180005239203455,-0.013889115625228987
2021-03-26,16.30666590460264,16.473867416381836,16.10426133595849,16.473867416381836,13425300,0.0,0.0,16.477385330200196,16.37574396133423,58.809497454205236,0.18197951075874386,0.2184464320232477,0.38674547176456675,0.014084740210564828,0.0,0.0,0.0,0.0,0.0,0.0,0.0,0.0,0.0,6647900.0,8412700.0,8851000.0,0.0,0.0,0.0,0.0,0.0,0.0,0.0,0.0,0.0,0.0,0.0,0.0,0.0,0.0,0.0,0.0,0.0,0.0,0.0,0.0,0.0,0.0,0.0,0.0,16.37999725341797,0.11980439761349325,16.43740735735212,0.19621501167665584,16.569409779139928,0.24751019451743636,0.01573515823536198
2021-03-29,16.456268438303294,16.49146813824979,16.15706343553457,16.218664169311523,8066300,0.0,0.0,16.364744186401367,16.409624671936037,47.80364347528042,0.15094172321785848,0.20494549026216988,0.3361446327424836,-0.015491398626684028,0.0,0.0,0.0,0.0,0.0,0.0,0.0,0.0,0.0,13425300.0,6647900.0,8412700.0,0.0,0.0,0.0,0.0,0.0,0.0,0.0,0.0,0.0,0.0,0.0,0.0,0.0,0.0,0.0,0.0,0.0,0.0,0.0,0.0,0.0,0.0,0.0,0.0,16.312530517578125,0.14034379473686381,16.44369397844587,0.18687633942237564,16.558723994663783,0.2597871274998619,-0.01968074331899805
2021-03-30,16.535468988767185,16.641069761528513,16.500267612184064,16.544267654418945,7845100,0.0,0.0,16.380584716796875,16.44394521713257,51.44228740295528,0.1508783018970412,0.19413205258914415,0.31094033658966425,0.020075850989227595,0.0,0.0,0.0,0.0,0.0,0.0,0.0,0.0,0.0,8066300.0,13425300.0,6647900.0,0.0,0.0,0.0,0.0,0.0,0.0,0.0,0.0,0.0,0.0,0.0,0.0,0.0,0.0,0.0,0.0,0.0,0.0,0.0,0.0,0.0,0.0,0.0,0.0,16.41226641337077,0.1713196429412039,16.449979782104492,0.1898133172327451,16.566266877310618,0.2575566278429806,0.004273449352099501
2021-03-31,16.50026845015997,16.570669528407556,16.421067027319673,16.473867416381836,8991400,0.0,0.0,16.391145324707033,16.455385589599608,45.31254056824326,0.14349322857552593,0.18400428778642053,0.30742704040844543,-0.0042552646939501,0.0,0.0,0.0,0.0,0.0,0.0,0.0,0.0,0.0,7845100.0,8066300.0,13425300.0,0.0,0.0,0.0,0.0,0.0,0.0,0.0,0.0,0.0,0.0,0.0,0.0,0.0,0.0,0.0,0.0,0.0,0.0,0.0,0.0,0.0,0.0,0.0,0.0,16.41226641337077,0.1713196429412039,16.40597942897252,0.12452705953618103,16.54363809313093,0.2501341594705172,-0.015255076160796688
2021-04-01,16.649869248710615,16.755471694530637,16.6058692087404,16.72907066345215,4213100,0.0,0.0,16.487947463989258,16.492346334457398,51.262649344223625,0.15643004578421227,0.1784894393859789,0.29259095647136363,0.015491398626684028,0.0,0.0,0.0,0.0,0.0,0.0,0.0,0.0,0.0,8991400.0,7845100.0,8066300.0,0.0,0.0,0.0,0.0,0.0,0.0,0.0,0.0,0.0,0.0,0.0,0.0,0.0,0.0,0.0,0.0,0.0,0.0,0.0,0.0,0.0,0.0,0.0,0.0,16.582401911417644,0.13180607154618915,16.443694523402623,0.1751103336521896,16.549924033028738,0.2538491126389119,-0.018585537413271624
2021-04-05,16.949075348096557,17.063476466727817,16.85227323952807,17.04587745666504,3919100,0.0,0.0,16.602349472045898,16.540307092666627,52.69613129356717,0.19005538697854973,0.18080262890449306,0.30108508704223413,0.018937501047503913,0.0,0.0,0.0,0.0,0.0,0.0,0.0,0.0,0.0,4213100.0,8991400.0,7845100.0,0.0,0.0,0.0,0.0,0.0,0.0,0.0,0.0,0.0,0.0,0.0,0.0,0.0,0.0,0.0,0.0,0.0,0.0,0.0,0.0,0.0,0.0,0.0,0.0,16.749605178833008,0.2865573612518832,16.53295353480748,0.28586819150048787,16.563753128051758,0.2759028619396614,0.0015512533918959903
2021-04-06,17.01067559286302,17.081076666582042,16.993074904809767,17.01947593688965,4428600,0.0,0.0,16.762511825561525,16.600148010253907,50.12725901994837,0.21212805001792034,0.18706771312717854,0.2680686891960273,-0.00154885073194444,0.0,0.0,0.0,0.0,0.0,0.0,0.0,0.0,0.0,3919100.0,4213100.0,8991400.0,0.0,0.0,0.0,0.0,0.0,0.0,0.0,0.0,0.0,0.0,0.0,0.0,0.0,0.0,0.0,0.0,0.0,0.0,0.0,0.0,0.0,0.0,0.0,0.0,16.931474685668945,0.17578339289809233,16.643584387642996,0.30508763212211054,16.564381871904647,0.27700749290068283,0.006767476847333587
2021-04-07,17.01067369659842,17.01067369659842,16.861071221810686,16.905071258544922,4643600,0.0,0.0,16.83467254638672,16.626988315582274,51.43600089412284,0.2178777341834568,0.1932297173384342,0.2704923491477388,-0.006721985962961141,0.0,0.0,0.0,0.0,0.0,0.0,0.0,0.0,0.0,4428600.0,3919100.0,4213100.0,0.0,0.0,0.0,0.0,0.0,0.0,0.0,0.0,0.0,0.0,0.0,0.0,0.0,0.0,0.0,0.0,0.0,0.0,0.0,0.0,0.0,0.0,0.0,0.0,16.99014155069987,0.07484634939065574,16.705184936523438,0.3086205652055268,16.57129614693778,0.28466563599643246,-0.0056937052881242955
2021-04-08,17.054675308362107,17.07227599607878,16.90507281975832,17.001874923706055,3862300,0.0,0.0,16.940274047851563,16.655148696899413,64.59628499810185,0.2276217650475587,0.2001081268802591,0.2790369839221255,0.005726309205126956,0.0,0.0,0.0,0.0,0.0,0.0,0.0,0.0,0.0,4643600.0,4428600.0,3919100.0,0.0,0.0,0.0,0.0,0.0,0.0,0.0,0.0,0.0,0.0,0.0,0.0,0.0,0.0,0.0,0.0,0.0,0.0,0.0,0.0,0.0,0.0,0.0,0.0,16.975474039713543,0.06160245622926972,16.81707218715123,0.23635112058168073,16.63038308279855,0.2818410919148525,-0.011258758781242828
2021-04-09,17.0282714921376,17.213073629243762,17.019471150585847,17.19547462463379,5214200,0.0,0.0,17.03355484008789,16.675388908386232,62.86636718366667,0.2481058478208169,0.20970767106837068,0.3030341116688715,0.01138696183782617,0.0,0.0,0.0,0.0,0.0,0.0,0.0,0.0,0.0,3862300.0,4643600.0,4428600.0,0.0,0.0,0.0,0.0,0.0,0.0,0.0,0.0,0.0,0.0,0.0,0.0,0.0,0.0,0.0,0.0,0.0,0.0,0.0,0.0,0.0,0.0,0.0,0.0,17.03414026896159,0.14786587888109803,16.910101754324778,0.23921946068943692,16.680040768214635,0.31629137944529206,0.021966418344423255
2021-04-12,16.834669177937464,16.913870582080143,16.72026808222787,16.825870513916016,8059200,0.0,0.0,16.989553451538086,16.684629058837892,50.78864116058005,0.23184312494692705,0.21413476184408195,0.30474518528392086,-0.02149426629889517,0.0,0.0,0.0,0.0,0.0,0.0,0.0,0.0,0.0,5214200.0,3862300.0,4643600.0,0.0,0.0,0.0,0.0,0.0,0.0,0.0,0.0,0.0,0.0,0.0,0.0,0.0,0.0,0.0,0.0,0.0,0.0,0.0,0.0,0.0,0.0,0.0,0.0,17.007740020751953,0.18487184530746312,16.960387911115372,0.15408294494750227,16.683183670043945,0.3175969788456346,0.03856606900312576
2021-04-13,16.526665294851792,16.623465703846982,16.192258999068613,16.201059341430664,11356300,0.0,0.0,16.82587013244629,16.652068519592284,45.73861974566258,0.16661710181388756,0.2046312298380431,0.32028402698400443,-0.03713395820849774,0.0,0.0,0.0,0.0,0.0,0.0,0.0,0.0,0.0,8059200.0,5214200.0,3862300.0,0.0,0.0,0.0,0.0,0.0,0.0,0.0,0.0,0.0,0.0,0.0,0.0,0.0,0.0,0.0,0.0,0.0,0.0,0.0,0.0,0.0,0.0,0.0,0.0,16.740801493326824,0.5026360438378756,16.884957722255162,0.32292763314059,16.664326122828893,0.3386820097537513,0.06354702825172853
2021-04-14,15.400247784539017,15.734652426466019,15.171443901749466,15.233044624328613,16177500,0.0,0.0,16.491464805603027,16.563187074661254,35.229765059491,0.036394774612467984,0.1709839387929281,0.4398617212570327,-0.059750087738186686,0.0,0.0,0.0,0.0,0.0,0.0,0.0,0.0,0.0,11356300.0,8059200.0,5214200.0,0.0,0.0,0.0,0.0,0.0,0.0,0.0,0.0,0.0,0.0,0.0,0.0,0.0,0.0,0.0,0.0,0.0,0.0,0.0,0.0,0.0,0.0,0.0,0.0,16.086658159891766,0.8025517437449737,16.62598160334996,0.6903060732398639,16.57946756907872,0.5098829700838775,-0.03833335811803107
2021-04-15,15.857855469561805,15.954655885197099,15.725853682063644,15.840254783630371,13117600,0.0,0.0,16.25914077758789,16.51478624343872,45.454562977586846,-0.017607603217705048,0.13326563039080147,0.4640667091555891,0.03986137861973993,0.0,0.0,0.0,0.0,0.0,0.0,0.0,0.0,0.0,16177500.0,11356300.0,8059200.0,0.0,0.0,0.0,0.0,0.0,0.0,0.0,0.0,0.0,0.0,0.0,0.0,0.0,0.0,0.0,0.0,0.0,0.0,0.0,0.0,0.0,0.0,0.0,0.0,15.758119583129883,0.48920626171634835,16.457521438598633,0.7214582343482722,16.550552913120814,0.5408434052208603,-0.009900924587413318
2021-04-16,15.989855930652483,16.324260543140856,15.884253502317723,15.998656272888184,15005500,0.0,0.0,16.01977710723877,16.505986166000366,44.57827051731196,-0.04708048581374058,0.09719640714989307,0.4724490658328679,0.00999993317162473,0.0,0.0,0.0,0.0,0.0,0.0,0.0,0.0,0.0,13117600.0,16177500.0,11356300.0,0.0,0.0,0.0,0.0,0.0,0.0,0.0,0.0,0.0,0.0,0.0,0.0,0.0,0.0,0.0,0.0,0.0,0.0,0.0,0.0,0.0,0.0,0.0,0.0,15.690651893615723,0.4041361993537319,16.328033583504812,0.7089779698157647,16.516609260014125,0.5605786495635513,-0.004381401326747025
2021-04-19,15.972259169420473,16.09546231248882,15.893057748338704,16.069061279296875,5469500,0.0,0.0,15.868415260314942,16.48442587852478,48.21802463481262,-0.06401889205650946,0.06495334730861256,0.4824568704198323,0.0044006824828157765,0.0,0.0,0.0,0.0,0.0,0.0,0.0,0.0,0.0,15005500.0,13117600.0,16177500.0,0.0,0.0,0.0,0.0,0.0,0.0,0.0,0.0,0.0,0.0,0.0,0.0,0.0,0.0,0.0,0.0,0.0,0.0,0.0,0.0,0.0,0.0,0.0,0.0,15.969324111938477,0.11718952540343233,16.19477449144636,0.6460904443101552,16.505923339298793,0.5680708761205813,0.012756685331849482
2021-04-20,15.901855042073818,15.937056412909937,15.752252573007805,15.866655349731445,6985200,0.0,0.0,15.801534461975098,16.43866515159607,41.684662041937145,-0.09270650509458989,0.03342137682797207,0.49597403418880553,-0.012596002096663006,0.0,0.0,0.0,0.0,0.0,0.0,0.0,0.0,0.0,5469500.0,15005500.0,13117600.0,0.0,0.0,0.0,0.0,0.0,0.0,0.0,0.0,0.0,0.0,0.0,0.0,0.0,0.0,0.0,0.0,0.0,0.0,0.0,0.0,0.0,0.0,0.0,0.0,15.978124300638834,0.10275315807384267,16.00494316646031,0.47585135360215935,16.457522460392543,0.5928779228820509,-0.0038676227283321873
2021-04-21,15.822657390477108,16.016261619025343,15.76105665539145,15.92825984954834,7225100,0.0,0.0,15.940577507019043,16.411824893951415,43.29007679964045,-0.10921175173339748,0.004894751115698159,0.5088285431845022,0.003882639312382752,0.0,0.0,0.0,0.0,0.0,0.0,0.0,0.0,0.0,6985200.0,5469500.0,15005500.0,0.0,0.0,0.0,0.0,0.0,0.0,0.0,0.0,0.0,0.0,0.0,0.0,0.0,0.0,0.0,0.0,0.0,0.0,0.0,0.0,0.0,0.0,0.0,0.0,15.95465882619222,0.10375316648996959,15.876713071550641,0.3096947381315484,16.418550491333008,0.6094223848587608,0.014005818728179076
2021-04-22,15.875456065209459,15.893055072547012,15.67305153513664,15.708252906799316,9373800,0.0,0.0,15.914177131652831,16.37618432044983,37.33627683072406,-0.13844904579525164,-0.0237740082664918,0.5325581956979869,-0.013812365244359137,0.0,0.0,0.0,0.0,0.0,0.0,0.0,0.0,0.0,7225100.0,6985200.0,5469500.0,0.0,0.0,0.0,0.0,0.0,0.0,0.0,0.0,0.0,0.0,0.0,0.0,0.0,0.0,0.0,0.0,0.0,0.0,0.0,0.0,0.0,0.0,0.0,0.0,15.834389368693033,0.11349706544101967,15.806312152317592,0.27807351644219375,16.345634937286377,0.6301287872127505,-0.0022359180354403208
2021-04-23,15.67305290849171,15.805054706805866,15.637853212238436,15.743453979492188,4617800,0.0,0.0,15.863136672973633,16.351104021072388,32.62914082493424,-0.15696992798450893,-0.05041319221009523,0.5505652628397882,0.002240928568041811,0.0,0.0,0.0,0.0,0.0,0.0,0.0,0.0,0.0,9373800.0,7225100.0,6985200.0,0.0,0.0,0.0,0.0,0.0,0.0,0.0,0.0,0.0,0.0,0.0,0.0,0.0,0.0,0.0,0.0,0.0,0.0,0.0,0.0,0.0,0.0,0.0,0.0,15.793322245279947,0.11817739489409185,15.879227774483818,0.130414696789575,16.252604688916886,0.6147499360643938,-0.006663000167279054
2021-04-26,15.822655213138159,15.849056243896484,15.699453759920463,15.849056243896484,5313100,0.0,0.0,15.819135665893555,16.31986346244812,34.712687604570775,-0.1612676473200807,-0.07258408323209233,0.5608631380830652,0.006707693530394021,0.0,0.0,0.0,0.0,0.0,0.0,0.0,0.0,0.0,4617800.0,9373800.0,7225100.0,0.0,0.0,0.0,0.0,0.0,0.0,0.0,0.0,0.0,0.0,0.0,0.0,0.0,0.0,0.0,0.0,0.0,0.0,0.0,0.0,0.0,0.0,0.0,0.0,15.766921043395996,0.07327634168424423,15.880485125950404,0.13001815228731625,16.16900328227452,0.5811022943444011,-0.005521800448273773
2021-04-27,15.919456808503952,15.945857838423805,15.778654672585787,15.937057495117188,5042200,0.0,0.0,15.833216094970703,16.305783128738405,37.26857856149823,-0.15577695556459048,-0.08922265769859196,0.5670382763137528,0.005552460024526251,0.0,0.0,0.0,0.0,0.0,0.0,0.0,0.0,0.0,5313100.0,4617800.0,9373800.0,0.0,0.0,0.0,0.0,0.0,0.0,0.0,0.0,0.0,0.0,0.0,0.0,0.0,0.0,0.0,0.0,0.0,0.0,0.0,0.0,0.0,0.0,0.0,0.0,15.843189239501953,0.0969350123588782,15.871685300554548,0.12255765584737152,16.09985944202968,0.5431325796409231,-0.006582472681816998
2021-04-28,15.972256785993848,16.157060633772367,15.972256785993848,16.04265785217285,5157000,0.0,0.0,15.856095695495606,16.2807026386261,37.41339775140742,-0.14127593547177852,-0.09963331325322927,0.5670280393970004,0.0066260887298685844,0.0,0.0,0.0,0.0,0.0,0.0,0.0,0.0,0.0,5042200.0,5313100.0,4617800.0,0.0,0.0,0.0,0.0,0.0,0.0,0.0,0.0,0.0,0.0,0.0,0.0,0.0,0.0,0.0,0.0,0.0,0.0,0.0,0.0,0.0,0.0,0.0,0.0,15.942923863728842,0.09693403113621162,15.867913382393974,0.1156842101707114,16.031343936920166,0.4770766619905664,-0.012459302414322249
2021-04-29,16.1922595894373,16.245059967041016,16.07785849154695,16.245059967041016,6545400,0.0,0.0,15.963457107543945,16.269262266159057,37.55764338558069,-0.11215871756944651,-0.10213839411647271,0.5652309857606107,0.012616495142714124,0.0,0.0,0.0,0.0,0.0,0.0,0.0,0.0,0.0,5157000.0,5042200.0,5313100.0,0.0,0.0,0.0,0.0,0.0,0.0,0.0,0.0,0.0,0.0,0.0,0.0,0.0,0.0,0.0,0.0,0.0,0.0,0.0,0.0,0.0,0.0,0.0,0.0,16.07492510477702,0.15651601314486446,15.921971184866768,0.18352078016052142,15.963457175663539,0.34915078833209956,0.021017734256479237
2021-04-30,16.069056866658553,16.165858949952646,15.910654067993164,15.910654067993164,7073500,0.0,0.0,15.996897125244141,16.22834143638611,37.90699233446106,-0.1147441744922979,-0.10465955019163777,0.5597894843693114,-0.02058508246361135,0.0,0.0,0.0,0.0,0.0,0.0,0.0,0.0,0.0,6545400.0,5157000.0,5042200.0,0.0,0.0,0.0,0.0,0.0,0.0,0.0,0.0,0.0,0.0,0.0,0.0,0.0,0.0,0.0,0.0,0.0,0.0,0.0,0.0,0.0,0.0,0.0,0.0,16.066123962402344,0.16843342921308047,15.919456073216029,0.1835408718464376,15.898084572383336,0.2455735624484518,-0.006593560753838323
2021-05-03,16.06025827595393,16.077858961834583,15.972256525044466,16.016258239746094,3800500,0.0,0.0,16.030337524414062,16.17686047554016,47.169851553691295,-0.10703792704709514,-0.10513522556272925,0.5270338759036184,0.0066373243552173555,0.0,0.0,0.0,0.0,0.0,0.0,0.0,0.0,0.0,7073500.0,6545400.0,5157000.0,0.0,0.0,0.0,0.0,0.0,0.0,0.0,0.0,0.0,0.0,0.0,0.0,0.0,0.0,0.0,0.0,0.0,0.0,0.0,0.0,0.0,0.0,0.0,0.0,16.057324091593426,0.17094335164159208,15.96345683506557,0.15986187916760564,15.884884493691581,0.23266264540204915,0.00496959646742634
2021-05-04,15.840255397238252,15.937057495117188,15.76985432927917,15.937057495117188,4087700,0.0,0.0,16.030337524414062,16.122739553451538,64.8147620421831,-0.10609847147441442,-0.1053278747450663,0.4902444390414303,-0.004945021705029751,0.0,0.0,0.0,0.0,0.0,0.0,0.0,0.0,0.0,3800500.0,7073500.0,6545400.0,0.0,0.0,0.0,0.0,0.0,0.0,0.0,0.0,0.0,0.0,0.0,0.0,0.0,0.0,0.0,0.0,0.0,0.0,0.0,0.0,0.0,0.0,0.0,0.0,15.954656600952148,0.054957771675613824,15.991114480154854,0.12927746248029293,15.935171127319336,0.13760007682110834,-0.00984161225635638
2021-05-05,16.113061809904867,16.139462843894943,15.972259652279353,16.095462799072266,3762400,0.0,0.0,16.040898513793945,16.082259130477905,56.62105088662528,-0.0915170108501222,-0.10256570196607748,0.4543578708846918,0.009939432295052564,0.0,0.0,0.0,0.0,0.0,0.0,0.0,0.0,0.0,4087700.0,3800500.0,7073500.0,0.0,0.0,0.0,0.0,0.0,0.0,0.0,0.0,0.0,0.0,0.0,0.0,0.0,0.0,0.0,0.0,0.0,0.0,0.0,0.0,0.0,0.0,0.0,0.0,16.016259511311848,0.07920265198519637,16.026315416608536,0.11712547510654057,15.953400271279472,0.14092312113512978,-0.016666540428831866
2021-05-06,16.148261592618955,16.385865839564776,16.1218605612381,16.36826515197754,10426600,0.0,0.0,16.06553955078125,16.05057864189148,59.05172917144481,-0.05728784960673394,-0.09351013149420878,0.4064230095991149,0.016949021989041357,0.0,0.0,0.0,0.0,0.0,0.0,0.0,0.0,0.0,3762400.0,4087700.0,3800500.0,0.0,0.0,0.0,0.0,0.0,0.0,0.0,0.0,0.0,0.0,0.0,0.0,0.0,0.0,0.0,0.0,0.0,0.0,0.0,0.0,0.0,0.0,0.0,0.0,16.133595148722332,0.21811824293516685,16.08791651044573,0.16568546664790226,15.97980090550014,0.17941745341082224,0.011969794505516829
2021-05-07,16.38586267492369,16.41226202271202,16.174657821655273,16.174657821655273,5220800,0.0,0.0,16.118340301513673,15.999537801742553,52.43888793441439,-0.04526173709581016,-0.08386045261452905,0.30701612131421263,-0.011828213223859851,0.0,0.0,0.0,0.0,0.0,0.0,0.0,0.0,0.0,10426600.0,3762400.0,4087700.0,0.0,0.0,0.0,0.0,0.0,0.0,0.0,0.0,0.0,0.0,0.0,0.0,0.0,0.0,0.0,0.0,0.0,0.0,0.0,0.0,0.0,0.0,0.0,0.0,16.21279525756836,0.14034289775824565,16.10677364894322,0.16718084537684175,15.987343515668597,0.18557259071867396,0.0010892518337961565
2021-05-10,16.10425666358366,16.227459773642234,16.077857315958948,16.157058715820312,9179500,0.0,0.0,16.146500396728516,15.966097211837768,57.3332575548134,-0.03672768317698072,-0.07443389872701939,0.24176333602686945,-0.0010880666551967844,0.0,0.0,0.0,0.0,0.0,0.0,0.0,0.0,0.0,5220800.0,10426600.0,3762400.0,0.0,0.0,0.0,0.0,0.0,0.0,0.0,0.0,0.0,0.0,0.0,0.0,0.0,0.0,0.0,0.0,0.0,0.0,0.0,0.0,0.0,0.0,0.0,0.0,16.233327229817707,0.11719050413389463,16.094202041625977,0.15811165641697106,16.008086613246373,0.187267224522377,0.00934558503829419
2021-05-11,15.954657577109232,16.01625998440188,15.857857151208735,16.00745964050293,3729400,0.0,0.0,16.160580825805663,15.956417226791382,51.91485338910165,-0.041556738870717425,-0.067858466755759,0.23565924420903112,-0.00925905376396896,0.0,0.0,0.0,0.0,0.0,0.0,0.0,0.0,0.0,9179500.0,5220800.0,10426600.0,0.0,0.0,0.0,0.0,0.0,0.0,0.0,0.0,0.0,0.0,0.0,0.0,0.0,0.0,0.0,0.0,0.0,0.0,0.0,0.0,0.0,0.0,0.0,0.0,16.11305872599284,0.09187386610878936,16.10803140912737,0.14288188657008982,16.0137437411717,0.18586124093968492,0.01961897984998129
2021-05-12,15.884254564028542,15.981056656597898,15.673051371735758,15.69945240020752,5670600,0.0,0.0,16.081378746032716,15.979737615585327,49.795910242970315,-0.06943698413728683,-0.06817417023206457,0.17577744566410766,-0.01924148160999095,0.0,0.0,0.0,0.0,0.0,0.0,0.0,0.0,0.0,3729400.0,9179500.0,5220800.0,0.0,0.0,0.0,0.0,0.0,0.0,0.0,0.0,0.0,0.0,0.0,0.0,0.0,0.0,0.0,0.0,0.0,0.0,0.0,0.0,0.0,0.0,0.0,0.0,15.954656918843588,0.23332805357083372,16.06277343205043,0.2108189988066148,16.013115133558,0.18698541212976505,-0.0022371686007256475
2021-05-13,15.761054503687458,15.893056300634964,15.690653433415859,15.73465347290039,6264900,0.0,0.0,15.954656410217286,15.974457550048829,49.795910242970315,-0.08768111369955456,-0.07207555892556257,0.18167491099616256,0.0022421847460365463,0.0,0.0,0.0,0.0,0.0,0.0,0.0,0.0,0.0,5670600.0,3729400.0,9179500.0,0.0,0.0,0.0,0.0,0.0,0.0,0.0,0.0,0.0,0.0,0.0,0.0,0.0,0.0,0.0,0.0,0.0,0.0,0.0,0.0,0.0,0.0,0.0,0.0,15.813855171203613,0.16858765310420668,16.03385857173375,0.24244368016463536,16.0124865259443,0.1879738735774071,-0.015418544001636558
2021-05-14,15.857856666892896,15.998658807987894,15.822655292372186,15.981058120727539,3293200,0.0,0.0,15.915936470031738,15.973577642440796,52.87355319604786,-0.08131952120857555,-0.07392435138216517,0.18159413928377163,0.015659998375657125,0.0,0.0,0.0,0.0,0.0,0.0,0.0,0.0,0.0,6264900.0,5670600.0,3729400.0,0.0,0.0,0.0,0.0,0.0,0.0,0.0,0.0,0.0,0.0,0.0,0.0,0.0,0.0,0.0,0.0,0.0,0.0,0.0,0.0,0.0,0.0,0.0,0.0,15.805054664611816,0.1534362776633714,16.01751504625593,0.24145277638212156,16.021915231432235,0.18237281841659864,-0.0005502016839571411
2021-05-17,15.998656108441631,16.033855798528972,15.928255049773313,15.989855766296387,2734500,0.0,0.0,15.882495880126953,15.969617366790771,51.190417315849025,-0.07470684287301665,-0.07408084968033547,0.18026097656432713,0.0005505045724998325,0.0,0.0,0.0,0.0,0.0,0.0,0.0,0.0,0.0,3293200.0,6264900.0,5670600.0,0.0,0.0,0.0,0.0,0.0,0.0,0.0,0.0,0.0,0.0,0.0,0.0,0.0,0.0,0.0,0.0,0.0,0.0,0.0,0.0,0.0,0.0,0.0,0.0,15.90185578664144,0.14486825025573521,15.963456562587194,0.1857775645066057,16.025686536516464,0.18102397613565793,-0.00492906907403079
2021-05-18,16.1218616671867,16.262663820555606,16.069061279296875,16.069061279296875,5303000,0.0,0.0,15.894816207885743,15.979737663269043,50.602476232588984,-0.062356220998985634,-0.07173592394406551,0.17985752848881748,0.004953485144465031,0.0,0.0,0.0,0.0,0.0,0.0,0.0,0.0,0.0,2734500.0,3293200.0,6264900.0,0.0,0.0,0.0,0.0,0.0,0.0,0.0,0.0,0.0,0.0,0.0,0.0,0.0,0.0,0.0,0.0,0.0,0.0,0.0,0.0,0.0,0.0,0.0,0.0,16.013325055440266,0.04846900689341403,15.94837134225028,0.16932870306750306,16.02757249559675,0.18135163169517785,-0.009761089213717877
2021-05-19,16.007455449466434,16.236259295452285,15.99865510787157,16.227458953857422,4322700,0.0,0.0,16.000417518615723,15.994697618484498,49.59014755221089,-0.03933348371394274,-0.06525543589804096,0.18762585219587727,0.009857307269381277,0.0,0.0,0.0,0.0,0.0,0.0,0.0,0.0,0.0,5303000.0,2734500.0,3293200.0,0.0,0.0,0.0,0.0,0.0,0.0,0.0,0.0,0.0,0.0,0.0,0.0,0.0,0.0,0.0,0.0,0.0,0.0,0.0,0.0,0.0,0.0,0.0,0.0,16.095458666483562,0.12098113581258649,15.958428519112724,0.18514170496993979,16.02631528036935,0.17978214462542574,-0.011260172139746505
2021-05-20,16.227461700943262,16.44746524257782,16.218661357858622,16.412263870239258,7019600,0.0,0.0,16.135939598083496,16.029898166656494,62.55508016999304,-0.006105209221257013,-0.05342539056268417,0.19686960388625616,0.011388407569375314,0.0,0.0,0.0,0.0,0.0,0.0,0.0,0.0,0.0,4322700.0,5303000.0,2734500.0,0.0,0.0,0.0,0.0,0.0,0.0,0.0,0.0,0.0,0.0,0.0,0.0,0.0,0.0,0.0,0.0,0.0,0.0,0.0,0.0,0.0,0.0,0.0,0.0,16.23626136779785,0.1717705343642342,16.016257694789342,0.2535802587171538,16.062144551958358,0.20339191761745504,-0.003739470798539868
2021-05-21,16.54426849462942,16.570669528407556,16.45626840569052,16.473867416381836,6448300,0.0,0.0,16.234501457214357,16.066418838500976,61.71172974260643,0.024912157201441687,-0.037757881009859,0.20834920214495195,0.0037535069280896227,0.0,0.0,0.0,0.0,0.0,0.0,0.0,0.0,0.0,7019600.0,4322700.0,5303000.0,0.0,0.0,0.0,0.0,0.0,0.0,0.0,0.0,0.0,0.0,0.0,0.0,0.0,0.0,0.0,0.0,0.0,0.0,0.0,0.0,0.0,0.0,0.0,0.0,16.371196746826172,0.12823480054174077,16.12688841138567,0.26114640214028645,16.094830921718053,0.2304243774939305,0.002678087787970851
2021-05-24,16.412266102208616,16.465066489403174,16.377066403576926,16.429866790771484,3840400,0.0,0.0,16.322503662109376,16.095459365844725,62.8440376093767,0.04541959201723955,-0.021122386404439294,0.21676561226632463,-0.002670934790126811,0.0,0.0,0.0,0.0,0.0,0.0,0.0,0.0,0.0,6448300.0,7019600.0,4322700.0,0.0,0.0,0.0,0.0,0.0,0.0,0.0,0.0,0.0,0.0,0.0,0.0,0.0,0.0,0.0,0.0,0.0,0.0,0.0,0.0,0.0,0.0,0.0,0.0,16.438666025797527,0.03173041328311465,16.22620459965297,0.21528522737210923,16.13003158569336,0.24182789233664834,-0.003203202902034019
2021-05-25,16.588266541492402,16.667467946780995,16.465063422991406,16.482664108276367,7172000,0.0,0.0,16.405224227905272,16.122739696502684,60.67948243136892,0.06518082021214866,-0.003861745081121703,0.22972653235143917,0.003213496382973746,0.0,0.0,0.0,0.0,0.0,0.0,0.0,0.0,0.0,3840400.0,6448300.0,7019600.0,0.0,0.0,0.0,0.0,0.0,0.0,0.0,0.0,0.0,0.0,0.0,0.0,0.0,0.0,0.0,0.0,0.0,0.0,0.0,0.0,0.0,0.0,0.0,0.0,16.462132771809895,0.028287198453533717,16.297862597874232,0.2032309758289087,16.15768882206508,0.2590953582249809,-0.027518518043374685
2021-05-26,16.878676521088472,17.037079382215612,16.825876126877517,16.949077606201172,3753500,0.0,0.0,16.549547958374024,16.1680606842041,64.47371172829179,0.11712723734789066,0.02033605140468077,0.2936210155201936,0.028297215478085613,0.0,0.0,0.0,0.0,0.0,0.0,0.0,0.0,0.0,7172000.0,3840400.0,6448300.0,0.0,0.0,0.0,0.0,0.0,0.0,0.0,0.0,0.0,0.0,0.0,0.0,0.0,0.0,0.0,0.0,0.0,0.0,0.0,0.0,0.0,0.0,0.0,0.0,16.62053616841634,0.28574725972477916,16.4348942892892,0.27251482064452454,16.199175425938197,0.3317266183543474,-0.005678783665432174
2021-05-27,17.081077155284643,17.142677886739477,17.04587745666504,17.04587745666504,2931900,0.0,0.0,16.67627067565918,16.208101558685303,72.8111949995855,0.1642131392736026,0.049111468978465134,0.35322727723089226,0.005711216427993104,0.0,0.0,0.0,0.0,0.0,0.0,0.0,0.0,0.0,3753500.0,7172000.0,3840400.0,0.0,0.0,0.0,0.0,0.0,0.0,0.0,0.0,0.0,0.0,0.0,0.0,0.0,0.0,0.0,0.0,0.0,0.0,0.0,0.0,0.0,0.0,0.0,0.0,16.825873057047527,0.3011425570222671,16.574439457484655,0.3024187567692546,16.261405399867467,0.4012135803712736,-0.008790064818867238
2021-05-28,17.15258146267992,17.259283969517604,17.108120671492745,17.197040557861328,2151400,0.2,0.0,16.82090530395508,16.27242088317871,75.44988298421524,0.21129102333620153,0.08154737985001242,0.40893999704792067,0.008868015247709193,0.0,0.0,0.0,0.0,0.0,0.0,0.0,0.0,0.0,2931900.0,3753500.0,7172000.0,0.0,0.0,0.0,0.0,0.0,0.0,0.0,0.0,0.0,0.0,0.0,0.0,0.0,0.0,0.0,0.0,0.0,0.0,0.0,0.0,0.0,0.0,0.0,0.0,17.063998540242512,0.12497074298218798,16.7129511151995,0.33706600038854617,16.335689817156112,0.4706714398063621,0.0036325206607752403
2021-06-01,17.045878158868373,17.18814930615945,16.99252690263568,17.134798049926758,9107300,0.0,0.0,16.96189155578613,16.328347873687743,78.81981387193383,0.2408023162185451,0.11339836712371895,0.44679708187189465,-0.003619373212800703,0.0,0.0,0.0,0.0,0.0,0.0,0.0,0.0,0.0,2151400.0,2931900.0,3753500.0,0.0,0.0,0.0,0.0,0.0,0.0,0.0,0.0,0.0,0.0,0.0,0.0,0.0,0.0,0.0,0.0,0.0,0.0,0.0,0.0,0.0,0.0,0.0,0.0,17.125905354817707,0.0759728952360404,16.816170283726283,0.3402556811930923,16.416213989257812,0.5053537817867979,-0.0010367076575589218
2021-06-02,16.974740500950055,17.15258026123047,16.96584834333547,17.15258026123047,6886400,0.0,0.0,17.095874786376953,16.38912401199341,93.62138374358655,0.26259803756975586,0.14323830121292636,0.4726911255656044,0.0010377835356971676,0.0,0.0,0.0,0.0,0.0,0.0,0.0,0.0,0.0,9107300.0,2151400.0,2931900.0,0.0,0.0,0.0,0.0,0.0,0.0,0.0,0.0,0.0,0.0,0.0,0.0,0.0,0.0,0.0,0.0,0.0,0.0,0.0,0.0,0.0,0.0,0.0,0.0,17.16147295633952,0.03205998234907233,16.913129261561803,0.32270644239949003,16.52000883647374,0.49595538792871074,0.007837196643580624
2021-06-03,17.054766089998118,17.1259016460104,16.974738377483618,17.019197463989258,5827400,0.0,0.0,17.10989875793457,16.435310745239256,86.41419127816881,0.26604166406134766,0.16779897378261063,0.4873879068947826,-0.0077762526226268225,0.0,0.0,0.0,0.0,0.0,0.0,0.0,0.0,0.0,6886400.0,9107300.0,2151400.0,0.0,0.0,0.0,0.0,0.0,0.0,0.0,0.0,0.0,0.0,0.0,0.0,0.0,0.0,0.0,0.0,0.0,0.0,0.0,0.0,0.0,0.0,0.0,0.0,17.102191925048828,0.07242314674631703,16.99731935773577,0.24253134836283016,16.61176197869437,0.4567593205521218,-0.0077762526226268225
2021-06-04,17.081443000313783,17.15258026123047,16.96584834333547,17.15258026123047,6484000,0.0,0.0,17.131239318847655,16.474526500701906,85.48402564585473,0.27634807133114236,0.18950879329231698,0.5126102141528404,0.007837196643580624,0.0,0.0,0.0,0.0,0.0,0.0,0.0,0.0,0.0,5827400.0,6886400.0,9107300.0,0.0,0.0,0.0,0.0,0.0,0.0,0.0,0.0,0.0,0.0,0.0,0.0,0.0,0.0,0.0,0.0,0.0,0.0,0.0,0.0,0.0,0.0,0.0,0.0,17.10811932881673,0.07700859389247681,17.093021665300643,0.08949127543818873,16.695442131587438,0.4393038116665773,-0.005669949664822815
2021-06-07,17.152578765898884,17.321524657830658,17.090333668023206,17.250389099121094,10765100,0.0,0.0,17.141909027099608,16.528313064575194,86.22669444723091,0.28907604049013,0.20942224273187962,0.5354190222968649,0.00570228131284134,0.0,0.0,0.0,0.0,0.0,0.0,0.0,0.0,0.0,6484000.0,5827400.0,6886400.0,0.0,0.0,0.0,0.0,0.0,0.0,0.0,0.0,0.0,0.0,0.0,0.0,0.0,0.0,0.0,0.0,0.0,0.0,0.0,0.0,0.0,0.0,0.0,0.0,17.140722274780273,0.11605107462114457,17.1360661642892,0.08075368423203877,16.7854802267892,0.41188683135302406,-0.005128266052066732
2021-06-08,17.4104452540498,17.47268865850772,17.241497659088616,17.339309692382812,7916900,0.0,0.0,17.18281135559082,16.58742561340332,86.3031784414582,0.30284716290633895,0.2281072267667715,0.55709759749579,0.0051547007288228475,0.0,0.0,0.0,0.0,0.0,0.0,0.0,0.0,0.0,10765100.0,6484000.0,5827400.0,0.0,0.0,0.0,0.0,0.0,0.0,0.0,0.0,0.0,0.0,0.0,0.0,0.0,0.0,0.0,0.0,0.0,0.0,0.0,0.0,0.0,0.0,0.0,0.0,17.247426350911457,0.09339996532298361,17.177985055106028,0.1000004333158224,16.87621225629534,0.38065516962245194,-0.008138447881725464
2021-06-09,17.339311503407906,17.51715127415285,17.339311503407906,17.481582641601562,4972800,0.0,0.0,17.248611831665038,16.66113176345825,86.17576376448633,0.32153466316547963,0.24679271404651315,0.5735990374639419,0.008205225683306727,0.0,0.0,0.0,0.0,0.0,0.0,0.0,0.0,0.0,7916900.0,10765100.0,6484000.0,0.0,0.0,0.0,0.0,0.0,0.0,0.0,0.0,0.0,0.0,0.0,0.0,0.0,0.0,0.0,0.0,0.0,0.0,0.0,0.0,0.0,0.0,0.0,0.0,17.357093811035156,0.11661826477163618,17.218633924211776,0.15288480870889495,16.965792519705637,0.3634160977942846,-0.011563308092676472
2021-06-10,17.588282055827804,17.703876688143847,17.534929121523213,17.686092376708984,6716400,0.0,0.0,17.381990814208983,16.760463762283326,86.33114972054761,0.34882582128972217,0.26719933549515495,0.5703037695184883,0.011698582405276214,0.0,0.0,0.0,0.0,0.0,0.0,0.0,0.0,0.0,4972800.0,7916900.0,10765100.0,0.0,0.0,0.0,0.0,0.0,0.0,0.0,0.0,0.0,0.0,0.0,0.0,0.0,0.0,0.0,0.0,0.0,0.0,0.0,0.0,0.0,0.0,0.0,0.0,17.502328236897785,0.17431965560504764,17.297390256609237,0.22668392831899206,17.05678027016776,0.37349302431021303,-0.031645737504169436
2021-06-11,17.775013981803795,18.27296287879729,17.71277058168029,18.26407241821289,14076000,0.0,0.0,17.604289245605468,16.88693470954895,89.44126523617703,0.41233922972595494,0.296227314341315,0.6099325084039199,0.03267991759813804,0.0,0.0,0.0,0.0,0.0,0.0,0.0,0.0,0.0,6716400.0,4972800.0,7916900.0,0.0,0.0,0.0,0.0,0.0,0.0,0.0,0.0,0.0,0.0,0.0,0.0,0.0,0.0,0.0,0.0,0.0,0.0,0.0,0.0,0.0,0.0,0.0,0.0,17.810582478841145,0.4058274285604278,17.456174850463867,0.4173987414592931,17.184652056012833,0.4559277721743856,0.00440081991441299
2021-06-14,18.104019972494566,18.317426677772772,18.059559182224692,18.18404769897461,10214000,0.0,0.0,17.791020965576173,16.997084188461304,88.04370846901226,0.451017686313957,0.3271853887358434,0.6360886726673634,-0.004381537556677695,0.0,0.0,0.0,0.0,0.0,0.0,0.0,0.0,0.0,14076000.0,6716400.0,4972800.0,0.0,0.0,0.0,0.0,0.0,0.0,0.0,0.0,0.0,0.0,0.0,0.0,0.0,0.0,0.0,0.0,0.0,0.0,0.0,0.0,0.0,0.0,0.0,0.0,18.044737497965496,0.3131624676954679,17.622582026890345,0.4454100105476067,17.30995069231306,0.473254372456735,0.010875281727117603
2021-06-15,18.35298847724806,18.35298847724806,17.97063426797118,17.988418579101562,7477400,0.0,0.0,17.920842742919923,17.097012329101563,80.75086026171276,0.4605757759435818,0.3538634661773911,0.6264389458313553,-0.010758282375385453,0.0,0.0,0.0,0.0,0.0,0.0,0.0,0.0,0.0,10214000.0,14076000.0,6716400.0,0.0,0.0,0.0,0.0,0.0,0.0,0.0,0.0,0.0,0.0,0.0,0.0,0.0,0.0,0.0,0.0,0.0,0.0,0.0,0.0,0.0,0.0,0.0,0.0,18.14551289876302,0.14180958315542036,17.741987500871932,0.4089562971086919,17.417504583086288,0.4407661112751593,-0.007360349805805577
2021-06-16,18.148477848714293,18.228505569823238,18.050665812691005,18.121801376342773,5797500,0.0,0.0,18.048886489868163,17.199649333953857,77.72026939172258,0.47345580405505316,0.37778193375292357,0.6172481987985772,0.007414926256840149,0.0,0.0,0.0,0.0,0.0,0.0,0.0,0.0,0.0,7477400.0,10214000.0,14076000.0,0.0,0.0,0.0,0.0,0.0,0.0,0.0,0.0,0.0,0.0,0.0,0.0,0.0,0.0,0.0,0.0,0.0,0.0,0.0,0.0,0.0,0.0,0.0,0.0,18.09808921813965,0.099946925768447,17.866474969046457,0.3645959409487381,17.50127056666783,0.4560657613912879,-0.014030057366773763
2021-06-17,18.201829429080735,18.441912596781766,18.157370336990464,18.379669189453125,8568500,0.0,0.0,18.187601852416993,17.307259845733643,79.29671887607743,0.49872213819045186,0.4019699746404293,0.6263765354377075,0.014229700886523755,0.0,0.0,0.0,0.0,0.0,0.0,0.0,0.0,0.0,5797500.0,7477400.0,10214000.0,0.0,0.0,0.0,0.0,0.0,0.0,0.0,0.0,0.0,0.0,0.0,0.0,0.0,0.0,0.0,0.0,0.0,0.0,0.0,0.0,0.0,0.0,0.0,0.0,18.163296381632488,0.19889855862502517,18.015097754342214,0.32363177473614974,17.59654140472412,0.49154994448269224,0.023774216023728423
2021-06-18,18.308531948677143,18.352991036697958,17.926177686078354,17.95285415649414,11423400,0.0,0.0,18.125358200073244,17.384289360046388,64.80824882808763,0.47878633309535346,0.4173332463314141,0.6048795885055396,-0.02322212813296476,0.0,0.0,0.0,0.0,0.0,0.0,0.0,0.0,0.0,8568500.0,5797500.0,7477400.0,0.0,0.0,0.0,0.0,0.0,0.0,0.0,0.0,0.0,0.0,0.0,0.0,0.0,0.0,0.0,0.0,0.0,0.0,0.0,0.0,0.0,0.0,0.0,0.0,18.15144157409668,0.21494574683420137,18.082422256469727,0.22946783491250322,17.65052809034075,0.4857691365459565,-0.01656122110050884
2021-06-21,18.121801598746426,18.264074423801656,18.059558191787936,18.25518226623535,4007600,0.0,0.0,18.139585113525392,17.473355102539063,70.0635580773545,0.48182820015865957,0.43023223709686326,0.5948303262740633,0.01684011395100926,0.0,0.0,0.0,0.0,0.0,0.0,0.0,0.0,0.0,11423400.0,8568500.0,5797500.0,0.0,0.0,0.0,0.0,0.0,0.0,0.0,0.0,0.0,0.0,0.0,0.0,0.0,0.0,0.0,0.0,0.0,0.0,0.0,0.0,0.0,0.0,0.0,0.0,18.19590187072754,0.21949576774647978,18.16372081211635,0.1540754062615897,17.730555534362793,0.4865577058791837,-0.011078820887694407
2021-06-22,18.22850293622354,18.47747822103633,18.14847522667676,18.459693908691406,5596100,0.0,0.0,18.23384017944336,17.574846458435058,71.94014693697743,0.49503482873570803,0.44319275542463227,0.5804093701112206,0.011202936211396786,0.0,0.0,0.0,0.0,0.0,0.0,0.0,0.0,0.0,4007600.0,11423400.0,8568500.0,0.0,0.0,0.0,0.0,0.0,0.0,0.0,0.0,0.0,0.0,0.0,0.0,0.0,0.0,0.0,0.0,0.0,0.0,0.0,0.0,0.0,0.0,0.0,0.0,18.2225767771403,0.2549881801989883,18.191666739327566,0.18907590627587006,17.823920794895717,0.4924934643283818,0.003383005557476393
2021-06-23,18.272966693215096,18.41523783634041,18.24629191388273,18.3974552154541,5710100,0.0,0.0,18.288970947265625,17.670586013793944,73.700357766498,0.4947755698556513,0.45350931831083613,0.5477767184991897,-0.0033715994179081,0.0,0.0,0.0,0.0,0.0,0.0,0.0,0.0,0.0,5596100.0,4007600.0,11423400.0,0.0,0.0,0.0,0.0,0.0,0.0,0.0,0.0,0.0,0.0,0.0,0.0,0.0,0.0,0.0,0.0,0.0,0.0,0.0,0.0,0.0,0.0,0.0,0.0,18.370777130126953,0.10483340666295099,18.222153527396067,0.20423961720149988,17.922367777143204,0.4556334843801656,-0.023595712737933372
2021-06-24,18.984317833800123,19.0732376928822,18.8420467376709,18.8420467376709,5937000,0.0,0.0,18.38144645690918,17.76523447036743,76.24306642308908,0.5243999691452039,0.4676874484777097,0.5791875694721221,0.024165924961368157,0.0,0.0,0.0,0.0,0.0,0.0,0.0,0.0,0.0,5710100.0,5596100.0,4007600.0,0.0,0.0,0.0,0.0,0.0,0.0,0.0,0.0,0.0,0.0,0.0,0.0,0.0,0.0,0.0,0.0,0.0,0.0,0.0,0.0,0.0,0.0,0.0,0.0,18.56639862060547,0.24073808810667843,18.344100407191686,0.2816088312580248,18.04304395403181,0.45978109779573173,-0.0028235633284413586
2021-06-25,19.055454510252456,19.12659006252943,18.788694917209796,18.89539909362793,5249200,0.0,0.0,18.56995544433594,17.857710552215575,75.91036061125521,0.5458899289595713,0.48332794457408207,0.6053475565507143,0.002831558412938362,0.0,0.0,0.0,0.0,0.0,0.0,0.0,0.0,0.0,5937000.0,5710100.0,5596100.0,0.0,0.0,0.0,0.0,0.0,0.0,0.0,0.0,0.0,0.0,0.0,0.0,0.0,0.0,0.0,0.0,0.0,0.0,0.0,0.0,0.0,0.0,0.0,0.0,18.711633682250977,0.27339111218301737,18.45461436680385,0.3278315722849396,18.160544667925155,0.4517572756077834,-0.0018790399989683237
2021-06-28,19.002106710787487,19.11770136816647,18.850943422826873,18.930971145629883,4669000,0.0,0.0,18.705113220214844,17.944407081604005,75.49859656563447,0.5593434807805586,0.4985310518153774,0.629433551360708,0.0018825774372741577,0.0,0.0,0.0,0.0,0.0,0.0,0.0,0.0,0.0,5249200.0,5937000.0,5710100.0,0.0,0.0,0.0,0.0,0.0,0.0,0.0,0.0,0.0,0.0,0.0,0.0,0.0,0.0,0.0,0.0,0.0,0.0,0.0,0.0,0.0,0.0,0.0,0.0,18.889472325642902,0.04475748559486639,18.533371789114817,0.37029742974686014,18.274234771728516,0.42888712747639274,-0.00745909622234131
2021-06-29,18.9487517821476,19.11769936772062,18.868724067718563,19.073240280151367,4748600,0.0,0.0,18.827822494506837,18.041329193115235,75.49856661906045,0.574858832900933,0.5137966080324885,0.6471990260859691,0.007515152467723496,0.0,0.0,0.0,0.0,0.0,0.0,0.0,0.0,0.0,4669000.0,5249200.0,5937000.0,0.0,0.0,0.0,0.0,0.0,0.0,0.0,0.0,0.0,0.0,0.0,0.0,0.0,0.0,0.0,0.0,0.0,0.0,0.0,0.0,0.0,0.0,0.0,0.0,18.96653683980306,0.0941039895941218,18.693426949637278,0.31566195099193917,18.387924603053502,0.4132824793077388,0.012270086456066531
2021-06-30,19.03766907084727,19.055453381864734,18.824262426653434,18.8420467376709,6493500,0.0,0.0,18.916740798950194,18.125802516937256,68.36155898422801,0.5620208480349689,0.5234414560329845,0.6352382098347897,-0.01212135636549716,0.0,0.0,0.0,0.0,0.0,0.0,0.0,0.0,0.0,4748600.0,4669000.0,5249200.0,0.0,0.0,0.0,0.0,0.0,0.0,0.0,0.0,0.0,0.0,0.0,0.0,0.0,0.0,0.0,0.0,0.0,0.0,0.0,0.0,0.0,0.0,0.0,0.0,18.948752721150715,0.11661797392412956,18.777264731270925,0.2512246097567375,18.47049277169364,0.3760773963646432,0.010973002230889817
2021-07-01,18.833161099441472,18.886512354951,18.530834491544418,18.637537002563477,4670600,0.0,0.0,18.875838851928712,18.206719493865968,56.73082277719531,0.5292436348916993,0.5246018918047275,0.5881894780153539,-0.010853902336339427,0.0,0.0,0.0,0.0,0.0,0.0,0.0,0.0,0.0,6493500.0,4748600.0,4669000.0,0.0,0.0,0.0,0.0,0.0,0.0,0.0,0.0,0.0,0.0,0.0,0.0,0.0,0.0,0.0,0.0,0.0,0.0,0.0,0.0,0.0,0.0,0.0,0.0,18.850941340128582,0.21798777945074704,18.802670887538365,0.2209212260310807,18.497168813432967,0.37354605942227165,-0.005220450229854956
2021-07-02,18.76202040157599,18.806479486354828,18.690884848326636,18.73534393310547,4908600,0.0,0.0,18.84382781982422,18.285857677459717,59.87254141140337,0.5053344779150883,0.5207484090267998,0.5436885531084034,0.005247846350541874,0.0,0.0,0.0,0.0,0.0,0.0,0.0,0.0,0.0,4670600.0,6493500.0,4748600.0,0.0,0.0,0.0,0.0,0.0,0.0,0.0,0.0,0.0,0.0,0.0,0.0,0.0,0.0,0.0,0.0,0.0,0.0,0.0,0.0,0.0,0.0,0.0,0.0,18.738309224446613,0.10228710892864425,18.850940704345703,0.1395591153446303,18.536547115870885,0.366999267039686,-0.0018950621285703795
2021-07-06,18.699780418869448,18.770915985107422,18.655319629967163,18.770915985107422,5728600,0.0,0.0,18.811816787719728,18.361884021759032,64.86500784096609,0.48368109152142935,0.5133349455257257,0.49544418653111855,0.0018986602076247472,0.0,0.0,0.0,0.0,0.0,0.0,0.0,0.0,0.0,4908600.0,4670600.0,6493500.0,0.0,0.0,0.0,0.0,0.0,0.0,0.0,0.0,0.0,0.0,0.0,0.0,0.0,0.0,0.0,0.0,0.0,0.0,0.0,0.0,0.0,0.0,0.0,0.0,18.71459897359212,0.0690670200241926,18.840779168265207,0.1428650501883996,18.592439787728445,0.33531821962964337,-0.003304942607346817
2021-07-07,18.850942807752535,18.87761758381275,18.637534423237227,18.833158493041992,4256200,0.0,0.0,18.763800430297852,18.436576461791994,63.88896750715384,0.4661693667289093,0.5039018297663624,0.44299792405385097,0.0033159014714014834,0.0,0.0,0.0,0.0,0.0,0.0,0.0,0.0,0.0,5728600.0,4908600.0,4670600.0,0.0,0.0,0.0,0.0,0.0,0.0,0.0,0.0,0.0,0.0,0.0,0.0,0.0,0.0,0.0,0.0,0.0,0.0,0.0,0.0,0.0,0.0,0.0,0.0,18.77980613708496,0.04950957620028401,18.831887653895787,0.14082131742138246,18.643251010349818,0.3115714593178626,0.010978444778342977
2021-07-08,18.55750937665334,18.628644943237305,18.45080517877455,18.628644943237305,5439400,0.0,0.0,18.721120071411132,18.49392957687378,54.96458782910576,0.43082241180187353,0.4892859461734647,0.3830477201531169,-0.010859227350539569,0.0,0.0,0.0,0.0,0.0,0.0,0.0,0.0,0.0,4256200.0,5728600.0,4908600.0,0.0,0.0,0.0,0.0,0.0,0.0,0.0,0.0,0.0,0.0,0.0,0.0,0.0,0.0,0.0,0.0,0.0,0.0,0.0,0.0,0.0,0.0,0.0,0.0,18.744239807128906,0.10483397286702756,18.788698196411133,0.1513366099564295,18.661034992762975,0.3023380998232697,-0.018275454109577316
2021-07-09,18.73534637539689,18.97542953491211,18.664210812874483,18.97542953491211,4808400,0.0,0.0,18.788698577880858,18.558396434783937,71.06243252544587,0.4258829995931883,0.47660535685740946,0.34670686197118095,0.018615663819428585,0.0,0.0,0.0,0.0,0.0,0.0,0.0,0.0,0.0,5439400.0,4256200.0,5728600.0,0.0,0.0,0.0,0.0,0.0,0.0,0.0,0.0,0.0,0.0,0.0,0.0,0.0,0.0,0.0,0.0,0.0,0.0,0.0,0.0,0.0,0.0,0.0,0.0,18.812410990397137,0.17432077445119343,18.774725232805526,0.12244339267208076,18.7340760912214,0.23385433471422626,0.013776681136006497
2021-07-12,18.71756362915039,18.77091657751695,18.681996692911753,18.71756362915039,5247100,0.0,0.0,18.785142517089845,18.581070995330812,59.7015666032491,0.3965892226214258,0.4606021300102128,0.3412309119189917,-0.013589463431501358,0.0,0.0,0.0,0.9794,0.9793999999999999,1.0,29.0,1.0,0.0,4808400.0,5439400.0,4256200.0,0.0,0.0,0.0,0.0,0.0,0.0,0.0,0.0,0.0,0.0,0.0,0.0,0.0,0.0,0.0,0.0,0.0,0.0,0.0,0.0,0.0,0.0,0.0,0.0,18.773879369099934,0.18012075166485841,18.756941931588308,0.12005266188504651,18.767103331429617,0.18945351240086292,0.0
2021-07-13,18.58418465024546,18.753132261394764,18.566400334123276,18.71756362915039,8872500,0.0,0.0,18.774472045898438,18.6077467918396,55.91848134425059,0.36911872245698163,0.4423054484995666,0.3292018216824769,0.0,0.0,0.0,0.0,0.0,0.0,0.0,0.0,0.0,0.0,5247100.0,4808400.0,5439400.0,0.0,0.0,0.0,0.0,0.0,0.0,0.0,0.0,0.0,0.9794,0.0,0.0,0.9793999999999999,0.0,0.0,1.0,0.0,0.0,29.0,0.0,0.0,1.0,0.0,0.0,18.803518931070965,0.14887895010635505,18.768374306815012,0.1101923083812324,18.785522597176687,0.16866172145581973,-0.015895265696607486
2021-07-14,19.144378345855223,19.44670492974746,18.922079486875973,19.01988983154297,6837200,0.0,0.0,18.811818313598632,18.65932035446167,62.86766300511891,0.3675069595850182,0.427345750716657,0.30712596005326576,0.016152006125505602,0.0,0.0,0.0,0.0,0.0,0.0,0.0,0.0,0.0,8872500.0,5247100.0,4808400.0,0.0,0.0,0.0,0.0,0.0,0.0,0.0,0.0,0.0,0.0,0.9794,0.0,0.0,0.9793999999999999,0.0,0.0,1.0,0.0,0.0,29.0,0.0,0.0,1.0,0.0,18.818339029947918,0.17454811433443224,18.809023720877512,0.1434436582220333,18.829982212611608,0.13769157167114415,0.01230492733096411
2021-07-15,18.975428187427088,19.028779431528914,18.735345044960678,18.7886962890625,5026900,0.0,0.0,18.84382858276367,18.692665100097656,48.79035013289672,0.34361327919304685,0.41059925641193495,0.2807672561898772,-0.012155356551910912,0.0,0.0,0.0,0.0,0.0,0.0,0.0,0.0,0.0,6837200.0,8872500.0,5247100.0,0.0,0.0,0.0,0.0,0.0,0.0,0.0,0.0,0.0,0.0,0.0,0.9794,0.0,0.0,0.9793999999999999,0.0,0.0,1.0,0.0,0.0,29.0,0.0,0.0,1.0,18.842049916585285,0.15806720197643648,18.811563764299667,0.1428124298507676,18.826171466282435,0.13806973308182136,0.012943276978888196
2021-07-16,18.74423878486858,18.850942978090416,18.495263464688033,18.548616409301758,10653200,0.0,0.0,18.7584659576416,18.701112461090087,42.75098480136516,0.3018256670623778,0.38884453854202355,0.27329675580185303,-0.012777889219514393,0.0,0.0,0.0,0.0,0.0,0.0,0.0,0.0,0.0,5026900.0,6837200.0,8872500.0,0.0,0.0,0.0,0.0,0.0,0.0,0.0,0.0,0.0,0.0,0.0,0.0,0.0,0.0,0.0,0.0,0.0,0.0,0.0,0.0,0.0,0.0,0.0,0.0,18.785734176635742,0.2356506741137339,18.77091489519392,0.17295519939818446,18.80140127454485,0.15478936983932948,0.010658937084803588
2021-07-19,18.335210391956174,18.468589366375653,18.228506194817186,18.35299301147461,6212800,0.0,0.0,18.685551834106445,18.72111940383911,38.67589256285441,0.25004119087051535,0.36108386900772194,0.2262302417711778,-0.010546522366436273,0.0,0.0,0.0,0.0,0.0,0.0,0.0,0.0,0.0,10653200.0,5026900.0,6837200.0,0.0,0.0,0.0,0.0,0.0,0.0,0.0,0.0,0.0,0.0,0.0,0.0,0.0,0.0,0.0,0.0,0.0,0.0,0.0,0.0,0.0,0.0,0.0,0.0,18.563435236612957,0.21822931690624683,18.731536047799246,0.2320359570914345,18.76011712210519,0.19052498699398562,-0.014326713898927368
2021-07-20,18.441913118507617,18.6908884508714,18.441913118507617,18.619752883911133,3727700,0.0,0.0,18.665989685058594,18.7393479347229,41.528260984206575,0.22789982537757325,0.3344470602816922,0.1998623858065402,0.01453495199773358,0.0,0.0,0.0,0.0,0.0,0.0,0.0,0.0,0.0,6212800.0,10653200.0,5026900.0,0.0,0.0,0.0,0.0,0.0,0.0,0.0,0.0,0.0,0.0,0.0,0.0,0.0,0.0,0.0,0.0,0.0,0.0,0.0,0.0,0.0,0.0,0.0,0.0,18.507120768229168,0.13813624997301327,18.68072509765625,0.20735769674315663,18.727725165230886,0.1707142645958876,-0.01736264475161764
2021-07-21,18.655318944975647,18.957645514387544,18.619752011165456,18.948753356933594,4023500,0.0,0.0,18.651762390136717,18.76380090713501,51.923141707819966,0.23420050467261433,0.3143977491598766,0.1936681632023448,0.01766943283692779,0.0,0.0,0.0,0.0,0.0,0.0,0.0,0.0,0.0,3727700.0,6212800.0,10653200.0,0.0,0.0,0.0,0.0,0.0,0.0,0.0,0.0,0.0,0.0,0.0,0.0,0.0,0.0,0.0,0.0,0.0,0.0,0.0,0.0,0.0,0.0,0.0,0.0,18.640499750773113,0.29842155027543443,18.71375220162528,0.2312393527582358,18.735347066606796,0.17841921551583673,-0.0009375571642873393
2021-07-22,19.073239749844404,19.10880667970982,18.948751255301882,18.966535568237305,4106800,0.0,0.0,18.68733024597168,18.79225492477417,56.35733461494801,0.2378865066781728,0.29909550066353585,0.17819849162456552,0.0009384370026224165,0.0,0.0,0.0,0.0,0.0,0.0,0.0,0.0,0.0,4023500.0,3727700.0,6212800.0,0.0,0.0,0.0,0.0,0.0,0.0,0.0,0.0,0.0,0.0,0.0,0.0,0.0,0.0,0.0,0.0,0.0,0.0,0.0,0.0,0.0,0.0,0.0,0.0,18.845013936360676,0.19528430063043875,18.749319621494838,0.250286317227214,18.758846964154923,0.18604885547782476,-0.01840775368803127
2021-07-23,19.002104960859786,19.33110628341343,19.002104960859786,19.322214126586914,4814800,0.0,0.0,18.84204978942871,18.816263294219972,60.31253079290344,0.26643666097619345,0.2925637327260674,0.21400797338978708,0.018752953435800634,0.0,0.0,0.0,0.0,0.0,0.0,0.0,0.0,0.0,4106800.0,4023500.0,3727700.0,0.0,0.0,0.0,0.0,0.0,0.0,0.0,0.0,0.0,0.0,0.0,0.0,0.0,0.0,0.0,0.0,0.0,0.0,0.0,0.0,0.0,0.0,0.0,0.0,19.07916768391927,0.2106720952802239,18.792508806501115,0.3208847609957049,18.800766263689315,0.23894210369390823,0.0009212454677518522
2021-07-26,19.384457724176112,19.402242038008794,19.17994320311684,19.30443000793457,4878400,0.0,0.0,19.032337188720703,18.836714839935304,59.43392726451017,0.28435002412657795,0.2909209910061695,0.23994163676344737,-0.0009203975556751898,0.0,0.0,0.0,0.0,0.0,0.0,0.0,0.0,0.0,4814800.0,4106800.0,4023500.0,0.0,0.0,0.0,0.0,0.0,0.0,0.0,0.0,0.0,0.0,0.0,0.0,0.0,0.0,0.0,0.0,0.0,0.0,0.0,0.0,0.0,0.0,0.0,0.0,19.197726567586262,0.20041463857223155,18.86618505205427,0.37457834874958784,18.838874408176967,0.2738146726693586,0.0
2021-07-27,19.20661967386586,19.37556726326529,19.16215888928416,19.30443000793457,9226700,0.0,0.0,19.16927261352539,18.85538778305054,58.5208799182267,0.29514425424011037,0.2917656436529577,0.26124876661742763,0.0,0.0,0.0,0.0,0.0,0.0,0.0,0.0,0.0,0.0,4878400.0,4814800.0,4106800.0,0.0,0.0,0.0,0.0,0.0,0.0,0.0,0.0,0.0,0.0,0.0,0.0,0.0,0.0,0.0,0.0,0.0,0.0,0.0,0.0,0.0,0.0,0.0,0.0,19.31035804748535,0.010267665691265375,18.974158423287527,0.37670826296979526,18.872536659240723,0.3007060229787027,-0.006407496306331528
2021-07-28,19.437812903789812,19.50005631336553,19.31332438863267,19.42892074584961,3593400,0.0,0.0,19.265306091308595,18.87317180633545,64.90066460355692,0.31016868992638535,0.29544625290764326,0.28763302298913207,0.006448817077938651,0.0,0.0,0.0,0.0,0.0,0.0,0.0,0.0,0.0,9226700.0,4878400.0,4814800.0,0.0,0.0,0.0,0.0,0.0,0.0,0.0,0.0,0.0,0.0,0.0,0.0,0.0,0.0,0.0,0.0,0.0,0.0,0.0,0.0,0.0,0.0,0.0,0.0,19.345926920572918,0.07187476104686737,19.1278623853411,0.29070106004590773,18.929699216570175,0.32579461800508125,-0.0031933706123202787
2021-07-29,19.4467041621455,19.686785631402245,19.4467041621455,19.49116325378418,5947800,0.0,0.0,19.37023162841797,18.905627632141112,60.740749568015254,0.3233704998300517,0.301031102292125,0.3188630632509093,0.003203600897279113,0.0,0.0,0.0,0.0,0.0,0.0,0.0,0.0,0.0,3593400.0,9226700.0,4878400.0,0.0,0.0,0.0,0.0,0.0,0.0,0.0,0.0,0.0,0.0,0.0,0.0,0.0,0.0,0.0,0.0,0.0,0.0,0.0,0.0,0.0,0.0,0.0,0.0,19.40817133585612,0.09508012298946417,19.252349581037247,0.2130631597253551,18.96653733934675,0.35884426358338894,-0.009041601315409986
2021-07-30,19.455594149478948,19.677892994265527,19.420027216236,19.669002532958984,4464000,0.0,0.0,19.439589309692384,18.957200908660887,70.49807358510415,0.3442152734513684,0.3096679365239737,0.35462893917601185,0.009124097769807493,0.0,0.0,0.0,0.0,0.0,0.0,0.0,0.0,0.0,5947800.0,3593400.0,9226700.0,0.0,0.0,0.0,0.0,0.0,0.0,0.0,0.0,0.0,0.0,0.0,0.0,0.0,0.0,0.0,0.0,0.0,0.0,0.0,0.0,0.0,0.0,0.0,0.0,19.529695510864258,0.12459280578015798,19.355242320469447,0.21590741242986455,19.034497261047363,0.39621375330933706,-0.0067355021131940696
2021-08-02,19.820165830140557,19.971327416543595,19.749028571590053,19.80238151550293,5538200,0.0,0.0,19.539179611206055,19.01055278778076,72.10143491435824,0.3672638864521893,0.3211871265096168,0.3972042617826576,0.006781176743479778,0.0,0.0,0.0,0.0,0.0,0.0,0.0,0.0,0.0,4464000.0,5947800.0,3593400.0,0.0,0.0,0.0,0.0,0.0,0.0,0.0,0.0,0.0,0.0,0.0,0.0,0.0,0.0,0.0,0.0,0.0,0.0,0.0,0.0,0.0,0.0,0.0,0.0,19.65418243408203,0.15613752945673415,19.474648884364537,0.1952481721846339,19.111984252929688,0.43376255685738313,-0.02666078159071239
2021-08-03,20.033572479469466,20.38925029151393,20.033572479469466,20.344789505004883,6607800,0.0,0.0,19.747251510620117,19.089246463775634,74.58743608276835,0.4244055865532488,0.3418308185183432,0.4918579819392446,0.027391048348266223,0.0,0.0,0.0,0.0,0.0,0.0,0.0,0.0,0.0,5538200.0,4464000.0,5947800.0,0.0,0.0,0.0,0.0,0.0,0.0,0.0,0.0,0.0,0.0,0.0,0.0,0.0,0.0,0.0,0.0,0.0,0.0,0.0,0.0,0.0,0.0,0.0,0.0,19.938724517822266,0.3579302566252667,19.620731081281388,0.36816196140781204,19.20661994389125,0.5429190360059869,0.01060073851865373
2021-08-04,20.175842773203012,20.229194018810638,20.02467949731014,20.13138198852539,5665100,0.0,0.0,19.887743759155274,19.154157638549805,75.08309317552757,0.4473142324796022,0.36292750131059504,0.5396274252974183,-0.010489541630646637,0.0,0.0,0.0,0.0,0.0,0.0,0.0,0.0,0.0,6607800.0,5538200.0,4464000.0,0.0,0.0,0.0,0.0,0.0,0.0,0.0,0.0,0.0,0.0,0.0,0.0,0.0,0.0,0.0,0.0,0.0,0.0,0.0,0.0,0.0,0.0,0.0,0.0,20.092851003011067,0.2732491251631319,19.73886707850865,0.3821615195499754,19.30252606528146,0.5806923530644995,0.0026573458327605604
2021-08-05,20.220298822793936,20.264759600789166,20.03356864322976,20.078027725219727,5253200,0.0,0.0,20.005116653442382,19.226626777648924,80.71415548061587,0.455908823155589,0.38152376567959384,0.5621899953332323,-0.0026503030609659195,0.0,0.0,0.0,0.0,0.0,0.0,0.0,0.0,0.0,5665100.0,6607800.0,5538200.0,0.0,0.0,0.0,0.0,0.0,0.0,0.0,0.0,0.0,0.0,0.0,0.0,0.0,0.0,0.0,0.0,0.0,0.0,0.0,0.0,0.0,0.0,0.0,0.0,20.184733072916668,0.14115670527052787,19.849381038120814,0.34570835281896833,19.411769730704172,0.5717443937296243,-0.010083603405223851
2021-08-06,19.980222298376262,20.282548904418945,19.944655360256675,20.282548904418945,4067000,0.0,0.0,20.127825927734374,19.29198274612427,88.61200402134028,0.4737620144970478,0.3999714154430847,0.6057417226638564,0.010186318198092792,0.0,0.0,0.0,0.0,0.0,0.0,0.0,0.0,0.0,5253200.0,5665100.0,6607800.0,0.0,0.0,0.0,0.0,0.0,0.0,0.0,0.0,0.0,0.0,0.0,0.0,0.0,0.0,0.0,0.0,0.0,0.0,0.0,0.0,0.0,0.0,0.0,0.0,20.163986206054688,0.1060872491668249,19.971327917916433,0.32244788825123183,19.54959515162877,0.5277599868199548,-0.0030592894839549523
2021-08-09,20.246979166696146,20.38925029151393,20.238087009394338,20.344789505004883,4917800,0.0,0.0,20.236307525634764,19.373344039916994,87.59677548088435,0.4873156224096391,0.41744025683639563,0.6331869767914186,0.0030686774566275332,0.0,0.0,0.0,0.0,0.0,0.0,0.0,0.0,0.0,4067000.0,5253200.0,5665100.0,0.0,0.0,0.0,0.0,0.0,0.0,0.0,0.0,0.0,0.0,0.0,0.0,0.0,0.0,0.0,0.0,0.0,0.0,0.0,0.0,0.0,0.0,0.0,0.0,20.235122044881184,0.1395616066214056,20.093274525233678,0.2672871336603278,19.672812053135463,0.4942804869642337,0.004389678971886024
2021-08-10,20.424818638855253,20.522630679941724,20.220304094770547,20.25587272644043,4794100,0.0,0.0,20.218524169921874,19.450259494781495,81.81818181818181,0.4852880152487238,0.4310098085188613,0.6426949180245942,-0.004370493906686979,0.0,0.0,0.0,0.0,0.0,0.0,0.0,0.0,0.0,4917800.0,4067000.0,5253200.0,0.0,0.0,0.0,0.0,0.0,0.0,0.0,0.0,0.0,0.0,0.0,0.0,0.0,0.0,0.0,0.0,0.0,0.0,0.0,0.0,0.0,0.0,0.0,0.0,20.294403711954754,0.04562839821705905,20.177113124302455,0.19402901315367338,19.76617772238595,0.46983878379076355,-0.009134235445487415
2021-08-11,20.30922129113881,20.44260025024414,20.291436977656637,20.44260025024414,2829800,0.0,0.0,20.280767822265624,19.521395015716553,83.19998421260811,0.49306472931213463,0.44342079267751594,0.67067896769971,0.009218438836257725,0.0,0.0,0.0,0.0,0.0,0.0,0.0,0.0,0.0,4794100.0,4917800.0,4067000.0,0.0,0.0,0.0,0.0,0.0,0.0,0.0,0.0,0.0,0.0,0.0,0.0,0.0,0.0,0.0,0.0,0.0,0.0,0.0,0.0,0.0,0.0,0.0,0.0,20.347754160563152,0.09339905740103531,20.2685729435512,0.127402834427204,19.87161091395787,0.4413461860223159,-0.014151019325024605
2021-08-12,20.54041392469271,20.851632651552798,20.495953137423776,20.73603630065918,4147900,0.0,0.0,20.412369537353516,19.618762016296387,82.71604284400284,0.5169466292033356,0.4581259599826799,0.6994469487270689,0.014354145109868544,0.0,0.0,0.0,0.0,0.0,0.0,0.0,0.0,0.0,2829800.0,4794100.0,4917800.0,0.0,0.0,0.0,0.0,0.0,0.0,0.0,0.0,0.0,0.0,0.0,0.0,0.0,0.0,0.0,0.0,0.0,0.0,0.0,0.0,0.0,0.0,0.0,0.0,20.478169759114582,0.24204990595452835,20.324465342930385,0.21917808480807072,19.972598212105886,0.4669739133459034,-0.013118891085154294
2021-08-13,20.79827963493688,21.10949836072118,20.78049701609639,21.011686325073242,3686500,0.0,0.0,20.558197021484375,19.74191551208496,85.29411300816214,0.5517555654906872,0.4768518810842814,0.7177078091470003,0.01329328423317322,0.0,0.0,0.0,0.0,0.0,0.0,0.0,0.0,0.0,4147900.0,2829800.0,4794100.0,0.0,0.0,0.0,0.0,0.0,0.0,0.0,0.0,0.0,0.0,0.0,0.0,0.0,0.0,0.0,0.0,0.0,0.0,0.0,0.0,0.0,0.0,0.0,0.0,20.73010762532552,0.28458935685388737,20.450223105294363,0.31951019549364323,20.094545091901505,0.5007610393768153,0.009829085292351714
2021-08-16,20.940549831328564,20.99390277349645,20.73603530770161,20.807170867919922,3635400,0.0,0.0,20.65067329406738,19.864624404907225,78.64405300758031,0.5564250880455752,0.4927665224765402,0.6763485281771736,-0.009733414728796519,0.0,0.0,0.0,0.0,0.0,0.0,0.0,0.0,0.0,3686500.0,4147900.0,2829800.0,0.0,0.0,0.0,0.0,0.0,0.0,0.0,0.0,0.0,0.0,0.0,0.0,0.0,0.0,0.0,0.0,0.0,0.0,0.0,0.0,0.0,0.0,0.0,0.0,20.85163116455078,0.1431023146991285,20.554386411394393,0.29593156136652093,20.201883724757604,0.47895338961729567,-0.006791161429633652
2021-08-17,20.993902694763204,21.118389500677004,20.79827863289234,20.94944190979004,4824700,0.0,0.0,20.789387130737303,19.98110885620117,78.78783501625384,0.5650917761446514,0.5072315732101624,0.6507991309083069,0.006837596652290001,0.0,0.0,0.0,0.0,0.0,0.0,0.0,0.0,0.0,3635400.0,3686500.0,4147900.0,0.0,0.0,0.0,0.0,0.0,0.0,0.0,0.0,0.0,0.0,0.0,0.0,0.0,0.0,0.0,0.0,0.0,0.0,0.0,0.0,0.0,0.0,0.0,0.0,20.922766367594402,0.1048347817627023,20.64965684073312,0.301134235778178,20.310492379324778,0.46230045657366425,0.003407104134147909
2021-08-18,20.904983814781566,21.22509469778639,20.869415185111873,20.878307342529297,5935700,0.0,0.0,20.876528549194337,20.077586555480956,76.17449302109974,0.5597675716984014,0.5177387729078102,0.6324679723475992,-0.003395535192157073,0.0,0.0,0.0,0.0,0.0,0.0,0.0,0.0,0.0,4824700.0,3635400.0,3686500.0,0.0,0.0,0.0,0.0,0.0,0.0,0.0,0.0,0.0,0.0,0.0,0.0,0.0,0.0,0.0,0.0,0.0,0.0,0.0,0.0,0.0,0.0,0.0,0.0,20.878306706746418,0.07113552093720461,20.725873674665177,0.27771834860203304,20.409574099949428,0.4198951564506669,-0.0029723435334335635
2021-08-19,20.727143169613925,21.056146195927717,20.656007609330608,20.940549850463867,4911400,0.0,0.0,20.917431259155272,20.176287269592287,75.0877016045574,0.5541822831304692,0.525027474952342,0.6033125103510278,0.002981204697939388,0.0,0.0,0.0,0.0,0.0,0.0,0.0,0.0,0.0,5935700.0,4824700.0,3635400.0,0.0,0.0,0.0,0.0,0.0,0.0,0.0,0.0,0.0,0.0,0.0,0.0,0.0,0.0,0.0,0.0,0.0,0.0,0.0,0.0,0.0,0.0,0.0,0.0,20.922766367594402,0.038758494063519916,20.823684692382812,0.19191182424752862,20.500398908342635,0.383311101974915,-0.013819169504247109
2021-08-20,20.985012268517092,21.26066237406296,20.95833579533304,21.233985900878906,3372800,0.0,0.0,20.961891174316406,20.271875858306885,76.56765793387792,0.5668988812014604,0.5334017562021657,0.6122553480434645,0.014012814969542875,0.0,0.0,0.0,0.0,0.0,0.0,0.0,0.0,0.0,4911400.0,5935700.0,4824700.0,0.0,0.0,0.0,0.0,0.0,0.0,0.0,0.0,0.0,0.0,0.0,0.0,0.0,0.0,0.0,0.0,0.0,0.0,0.0,0.0,0.0,0.0,0.0,0.0,21.017614364624023,0.1899500295458572,20.936739785330637,0.16053682914894155,20.602656364440918,0.37360876122035347,-0.009128737954914867
2021-08-23,21.31401484497648,21.465178142997836,21.251771433321647,21.429611206054688,4528000,0.0,0.0,21.08637924194336,20.37813491821289,73.10610153929905,0.5860070791776337,0.5439228207972593,0.6198835000363329,0.009212839553015106,0.0,0.0,0.0,0.0,0.0,0.0,0.0,0.0,0.0,3372800.0,4911400.0,5935700.0,0.0,0.0,0.0,0.0,0.0,0.0,0.0,0.0,0.0,0.0,0.0,0.0,0.0,0.0,0.0,0.0,0.0,0.0,0.0,0.0,0.0,0.0,0.0,0.0,21.201382319132488,0.24615543370014462,21.03582191467285,0.21929884906276378,20.68014362880162,0.4249782538262286,0.009212839553015106
2021-08-24,21.287338847247014,21.367366570793504,21.109499084698,21.233985900878906,6427200,0.0,0.0,21.14328804016113,20.474612712860107,73.66410901302734,0.578694308755459,0.5508771183888993,0.5935767981927943,-0.009128737954914867,0.0,0.0,0.0,0.0,0.0,0.0,0.0,0.0,0.0,4528000.0,3372800.0,4911400.0,0.0,0.0,0.0,0.0,0.0,0.0,0.0,0.0,0.0,0.0,0.0,0.0,0.0,0.0,0.0,0.0,0.0,0.0,0.0,0.0,0.0,0.0,0.0,0.0,21.2991943359375,0.11294432260354789,21.067578996930802,0.23100460458271255,20.758901051112584,0.41756145503125175,-0.004170012868378148
2021-08-25,21.242874967541756,21.402930391344963,21.118388169475008,21.32290267944336,4122800,0.0,0.0,21.232207107543946,20.569311809539794,76.3158255495425,0.573463199634908,0.5553943346381011,0.5685207347512499,0.004187474691728532,0.0,0.0,0.0,0.0,0.0,0.0,0.0,0.0,0.0,6427200.0,4528000.0,3372800.0,0.0,0.0,0.0,0.0,0.0,0.0,0.0,0.0,0.0,0.0,0.0,0.0,0.0,0.0,0.0,0.0,0.0,0.0,0.0,0.0,0.0,0.0,0.0,0.0,21.328833262125652,0.0979474035617831,21.14125497000558,0.21585470042279567,20.847820690699987,0.39325700268086916,0.0135248252496043
2021-08-26,21.225094414312522,21.242877032904264,21.02057818845443,21.038362503051758,4142700,0.0,0.0,21.251769638061525,20.646671772003174,65.45455254557226,0.5401311975105294,0.5523417072125867,0.5170266032023039,-0.013344345311199879,0.0,0.0,0.0,0.0,0.0,0.0,0.0,0.0,0.0,4122800.0,6427200.0,4528000.0,0.0,0.0,0.0,0.0,0.0,0.0,0.0,0.0,0.0,0.0,0.0,0.0,0.0,0.0,0.0,0.0,0.0,0.0,0.0,0.0,0.0,0.0,0.0,0.0,21.19841702779134,0.14556660518395748,21.15395791190011,0.20503030943612835,20.901807376316615,0.3601745336321541,-0.0029497973116013876
2021-08-27,21.118389324827508,21.242876129704726,21.06503807930949,21.100605010986328,4616100,0.0,0.0,21.22509346008301,20.71825189590454,65.45457949144756,0.5128262540573125,0.5444386165815318,0.47165763797177257,0.0029585243588012844,0.0,0.0,0.0,0.0,0.0,0.0,0.0,0.0,0.0,4142700.0,4122800.0,6427200.0,0.0,0.0,0.0,0.0,0.0,0.0,0.0,0.0,0.0,0.0,0.0,0.0,0.0,0.0,0.0,0.0,0.0,0.0,0.0,0.0,0.0,0.0,0.0,0.0,21.15395673116048,0.1495847001848735,21.185714721679688,0.16932631100662135,20.955794198172434,0.3252078086293034,0.0004214997233258355
2021-08-30,21.09171485900879,21.198419056193465,21.047255766185152,21.09171485900879,3412000,0.0,0.0,21.15751419067383,20.782718563079833,67.66918748397273,0.48488013234439364,0.5325269197341042,0.42576832279792026,-0.00042132213616197234,0.0,0.0,0.0,0.0,0.0,0.0,0.0,0.0,0.0,4616100.0,4142700.0,4122800.0,0.0,0.0,0.0,0.0,0.0,0.0,0.0,0.0,0.0,0.0,0.0,0.0,0.0,0.0,0.0,0.0,0.0,0.0,0.0,0.0,0.0,0.0,0.0,0.0,21.076894124348957,0.03366412155976471,21.20730972290039,0.13993697936004537,21.0154972076416,0.2562396133745502,-0.004198022990339889
2021-08-31,21.269551506198905,21.340687061898347,21.162847324647025,21.180631637573242,5439400,0.0,0.0,21.146843338012694,20.824510669708253,66.27453223563732,0.46455239957908034,0.5189320157030994,0.42152080429911504,0.004215720682686719,0.0,0.0,0.0,0.0,0.0,0.0,0.0,0.0,0.0,3412000.0,4616100.0,4142700.0,0.0,0.0,0.0,0.0,0.0,0.0,0.0,0.0,0.0,0.0,0.0,0.0,0.0,0.0,0.0,0.0,0.0,0.0,0.0,0.0,0.0,0.0,0.0,0.0,21.124317169189453,0.048971912486231076,21.199687685285294,0.13969465673259457,21.068213735307967,0.19878779120443926,0.01146492278492195
2021-09-01,20.9850106356444,21.065038352963825,20.896090761288875,20.940549850463867,9368800,0.0,0.0,21.070372772216796,20.864969062805176,54.61845936493169,0.4241802453117245,0.4999816616248245,0.3890755624104343,-0.011334968249175459,0.0,0.0,0.0,0.0,0.0,0.0,0.0,0.0,0.0,5439400.0,3412000.0,4616100.0,0.0,0.0,0.0,0.0,0.0,0.0,0.0,0.0,0.0,0.0,0.0,0.0,0.0,0.0,0.0,0.0,0.0,0.0,0.0,0.0,0.0,0.0,0.0,0.0,21.0709654490153,0.12137841503627377,21.12982177734375,0.12728344950235576,21.0828218460083,0.17903250240874657,-0.006329188965073063
2021-09-02,20.967226550762334,21.073930740356445,20.81606327150725,21.073930740356445,6195300,0.0,0.0,21.077486419677733,20.914764213562012,51.50216804912404,0.3983557481955522,0.47965647893897007,0.3442010768769097,0.00636950275160153,0.0,0.0,0.0,0.0,0.0,0.0,0.0,0.0,0.0,9368800.0,5439400.0,3412000.0,0.0,0.0,0.0,0.0,0.0,0.0,0.0,0.0,0.0,0.0,0.0,0.0,0.0,0.0,0.0,0.0,0.0,0.0,0.0,0.0,0.0,0.0,0.0,0.0,21.06503740946452,0.120287716023601,21.10695675441197,0.11959684887939946,21.087267875671387,0.1778993511571799,-0.013732818467196983
2021-09-03,21.216201605995185,21.411823972546358,21.15395820282006,21.36736488342285,3781200,0.0,0.0,21.13083839416504,20.969005012512206,62.96302508101256,0.39699106530703077,0.46312339621258225,0.3242256466502569,0.01392403470817527,0.0,0.0,0.0,0.0,0.0,0.0,0.0,0.0,0.0,6195300.0,9368800.0,5439400.0,0.0,0.0,0.0,0.0,0.0,0.0,0.0,0.0,0.0,0.0,0.0,0.0,0.0,0.0,0.0,0.0,0.0,0.0,0.0,0.0,0.0,0.0,0.0,0.0,21.127281824747723,0.21835183018294144,21.11330849783761,0.13336527295161937,21.127281733921595,0.17298528281529793,0.025608130853450817
2021-09-07,21.322905755640253,21.402933479087235,20.807172480096188,20.83384895324707,8424800,0.0,0.0,21.079265213012697,20.993457984924316,47.735232523202995,0.34883807926574306,0.4402663328232144,0.2914560842894529,-0.02496872838960562,0.0,0.0,0.0,0.0,0.0,0.0,0.0,0.0,0.0,3781200.0,6195300.0,9368800.0,0.0,0.0,0.0,0.0,0.0,0.0,0.0,0.0,0.0,0.0,0.0,0.0,0.0,0.0,0.0,0.0,0.0,0.0,0.0,0.0,0.0,0.0,0.0,0.0,21.09171485900879,0.26720220451001925,21.08409227643694,0.16991340831658314,21.119025094168528,0.1845018634982031,0.0103493185213277
2021-09-08,20.753820405211258,20.816063810751267,20.55819803122757,20.620441436767578,4351700,0.0,0.0,20.967227172851562,21.011686420440675,45.21452448947519,0.290112056645107,0.410235477587593,0.25156877753263435,-0.01024330727166145,0.0,0.0,0.0,0.0,0.0,0.0,0.0,0.0,0.0,8424800.0,3781200.0,6195300.0,0.0,0.0,0.0,0.0,0.0,0.0,0.0,0.0,0.0,0.0,0.0,0.0,0.0,0.0,0.0,0.0,0.0,0.0,0.0,0.0,0.0,0.0,0.0,0.0,20.9405517578125,0.3847242846084009,21.01549748011998,0.24323723197255057,21.10060610089983,0.21986415147271657,0.011338803948422127
2021-09-09,20.691578294241456,20.70047045216145,20.371467393144382,20.389251708984375,8297800,0.0,0.0,20.856967544555665,21.009018993377687,40.372702667234236,0.22235303435113352,0.3726589889403011,0.2581180619641063,-0.011211676941647708,0.0,0.0,0.0,0.0,0.0,0.0,0.0,0.0,0.0,4351700.0,8424800.0,3781200.0,0.0,0.0,0.0,0.0,0.0,0.0,0.0,0.0,0.0,0.0,0.0,0.0,0.0,0.0,0.0,0.0,0.0,0.0,0.0,0.0,0.0,0.0,0.0,0.0,20.614514032999676,0.22235788267580733,20.91514560154506,0.3343818392177749,21.061227662222727,0.2891793419945692,-0.0026096749242615624
2021-09-10,20.513735808167347,20.549304435131692,20.398141162544192,20.44260025024414,4201300,0.0,0.0,20.730701446533203,20.994347190856935,34.91515835458979,0.17098726764750083,0.33232464468174105,0.281712727006842,0.002616503146913418,0.0,0.0,0.0,0.0,0.0,0.0,0.0,0.0,0.0,8297800.0,4351700.0,8424800.0,0.0,0.0,0.0,0.0,0.0,0.0,0.0,0.0,0.0,0.0,0.0,0.0,0.0,0.0,0.0,0.0,0.0,0.0,0.0,0.0,0.0,0.0,0.0,0.0,20.484097798665363,0.12105249874268811,20.80971254621233,0.3525787514878969,21.004700115748815,0.327606749549615,0.0013066358340720896
2021-09-13,20.513736101812224,20.602655974490453,20.29143726811941,20.415924072265625,5872800,0.0,0.0,20.540413284301756,20.964559078216553,29.347628410883743,0.12666684628713654,0.29119308500282015,0.3098730789454054,-0.0013049307647737818,0.0,0.0,0.0,0.0,0.0,0.0,0.0,0.0,0.0,4201300.0,8297800.0,4351700.0,0.0,0.0,0.0,0.0,0.0,0.0,0.0,0.0,0.0,0.0,0.0,0.0,0.0,0.0,0.0,0.0,0.0,0.0,0.0,0.0,0.0,0.0,0.0,0.0,20.41592534383138,0.026674270652644168,20.734766006469727,0.3751672363311987,20.93229389190674,0.3383160683962041,-0.0021730872222639475
2021-09-14,20.487062748701177,20.57598093154346,20.415925488818353,20.460386276245117,3970300,0.0,0.0,20.46572074890137,20.947219848632812,33.20454814619727,0.09404621509676048,0.2517637110216082,0.3282979522759616,0.0021778198146755745,0.0,0.0,0.0,0.0,0.0,0.0,0.0,0.0,0.0,5872800.0,4201300.0,8297800.0,0.0,0.0,0.0,0.0,0.0,0.0,0.0,0.0,0.0,0.0,0.0,0.0,0.0,0.0,0.0,0.0,0.0,0.0,0.0,0.0,0.0,0.0,0.0,0.0,20.43963686625163,0.022378742797472678,20.647116797310964,0.3537837295771105,20.877036775861466,0.3482795907100018,-0.015404363391713471
2021-09-15,20.744927968314684,20.789387058528302,20.638223777394195,20.78049659729004,4835500,0.0,0.0,20.49773178100586,20.93877258300781,39.29826462820505,0.09295285484467186,0.22000153978622097,0.33040453219101723,0.015645370362170397,0.0,0.0,0.0,0.0,0.0,0.0,0.0,0.0,0.0,3970300.0,5872800.0,4201300.0,0.0,0.0,0.0,0.0,0.0,0.0,0.0,0.0,0.0,0.0,0.0,0.0,0.0,0.0,0.0,0.0,0.0,0.0,0.0,0.0,0.0,0.0,0.0,0.0,20.552268981933594,0.1988972227160231,20.563278470720565,0.18294278446972928,20.838293484279088,0.32420218739728796,0.012126418944020445
2021-09-16,20.76271376771191,20.76271376771191,20.42481855230272,20.531522750854492,6554000,0.0,0.0,20.526185989379883,20.92143335342407,39.857649072291494,0.07117578023242643,0.19023638787546207,0.3426183503386333,-0.011981130733324963,0.0,0.0,0.0,0.0,0.0,0.0,0.0,0.0,0.0,4835500.0,3970300.0,5872800.0,0.0,0.0,0.0,0.0,0.0,0.0,0.0,0.0,0.0,0.0,0.0,0.0,0.0,0.0,0.0,0.0,0.0,0.0,0.0,0.0,0.0,0.0,0.0,0.0,20.59080187479655,0.1680867791094105,20.52008901323591,0.1387750634432625,20.802090644836426,0.32841383257111906,0.010503407496219364
2021-09-17,20.407033197902845,20.442600128650152,20.202516986085303,20.318113327026367,8070400,0.0,0.0,20.501288604736327,20.890311527252198,35.23487734810766,0.03627873605440968,0.1594448575112516,0.36811165342043267,-0.010394232635240974,0.0,0.0,0.0,0.0,0.0,0.0,0.0,0.0,0.0,6554000.0,4835500.0,3970300.0,0.0,0.0,0.0,0.0,0.0,0.0,0.0,0.0,0.0,0.0,0.0,0.0,0.0,0.0,0.0,0.0,0.0,0.0,0.0,0.0,0.0,0.0,0.0,0.0,20.5433775583903,0.23141947735922533,20.47689928327288,0.14900626882409823,20.746198381696427,0.3400804629636758,0.0039541638931004375
2021-09-20,20.229196449783977,20.4070362178547,20.069140997721476,20.238088607788086,7148800,0.0,0.0,20.46572151184082,20.840516662597658,34.31371586875207,0.002140575849725934,0.12798400117894645,0.3860944586470946,-0.003938590062485536,0.0,0.0,0.0,0.0,0.0,0.0,0.0,0.0,0.0,8070400.0,6554000.0,4835500.0,0.0,0.0,0.0,0.0,0.0,0.0,0.0,0.0,0.0,0.0,0.0,0.0,0.0,0.0,0.0,0.0,0.0,0.0,0.0,0.0,0.0,0.0,0.0,0.0,20.36257489522298,0.15168560368129064,20.455304554530553,0.17286860336391463,20.685225078037806,0.3497534153772681,-0.015570932169352902
2021-09-21,20.567089390579238,20.656009272092614,20.540414613329197,20.558198928833008,4785000,0.0,0.0,20.485284042358398,20.796946048736572,39.457888928803094,0.000905626076423971,0.10256832615844197,0.36469256286590895,0.015817221045357766,0.0,0.0,0.0,0.0,0.0,0.0,0.0,0.0,0.0,7148800.0,8070400.0,6554000.0,0.0,0.0,0.0,0.0,0.0,0.0,0.0,0.0,0.0,0.0,0.0,0.0,0.0,0.0,0.0,0.0,0.0,0.0,0.0,0.0,0.0,0.0,0.0,0.0,20.371466954549152,0.16659115098723823,20.471818651471818,0.17692661817126898,20.640765598842076,0.3202513219417751,-0.006446051776003436
2021-09-22,20.55819893705637,20.789388254675686,20.51373814827906,20.691577911376953,6613800,0.0,0.0,20.467500305175783,20.769825649261474,45.62504482776419,0.010567671145558677,0.08416819515586531,0.3503682974603979,0.0064878729408965885,0.0,0.0,0.0,0.0,0.0,0.0,0.0,0.0,0.0,4785000.0,7148800.0,8070400.0,0.0,0.0,0.0,0.0,0.0,0.0,0.0,0.0,0.0,0.0,0.0,0.0,0.0,0.0,0.0,0.0,0.0,0.0,0.0,0.0,0.0,0.0,0.0,0.0,20.495955149332683,0.23306405381835388,20.511197771344865,0.1924114913671164,20.622981888907297,0.3090401353706702,-0.019384614772723796
2021-09-23,21.056145922388897,21.153957952509863,20.9850103630297,21.100605010986328,5323800,0.0,0.0,20.58131675720215,20.75871076583862,50.42732587807294,0.05064616259425492,0.07746378864354322,0.33509236005668924,0.019767806078456518,0.0,0.0,0.0,0.0,0.0,0.0,0.0,0.0,0.0,6613800.0,4785000.0,7148800.0,0.0,0.0,0.0,0.0,0.0,0.0,0.0,0.0,0.0,0.0,0.0,0.0,0.0,0.0,0.0,0.0,0.0,0.0,0.0,0.0,0.0,0.0,0.0,0.0,20.78346061706543,0.28263565449657363,20.602657590593612,0.2910893014205698,20.624887193952286,0.31210126882247696,0.0021114209584958132
2021-09-24,21.073930936135934,21.162849116283937,20.967226745550526,21.0561466217041,5455200,0.0,0.0,20.728923416137697,20.75959997177124,44.58203059627946,0.0779229876601022,0.07755562844685501,0.3358961373058775,-0.0021069722531216195,0.0,0.0,0.0,0.0,0.0,0.0,0.0,0.0,0.0,5323800.0,6613800.0,4785000.0,0.0,0.0,0.0,0.0,0.0,0.0,0.0,0.0,0.0,0.0,0.0,0.0,0.0,0.0,0.0,0.0,0.0,0.0,0.0,0.0,0.0,0.0,0.0,0.0,20.949443181355793,0.2244215011765575,20.642036165509904,0.33455661511588114,20.602657318115234,0.26225161983144835,0.03406126274511867
2021-09-27,20.656006092936423,20.656006092936423,20.335896943164055,20.362571716308594,7458800,0.0,0.0,20.7538200378418,20.722698307037355,42.22866779768274,0.04307779561278835,0.07066006188004169,0.33699995531361226,-0.032939308310124926,0.0,0.0,0.0,0.0,0.0,0.0,0.0,0.0,0.0,5455200.0,5323800.0,6613800.0,0.0,0.0,0.0,0.0,0.0,0.0,0.0,0.0,0.0,0.0,0.0,0.0,0.0,0.0,0.0,0.0,0.0,0.0,0.0,0.0,0.0,0.0,0.0,0.0,20.83977444966634,0.41386709658714466,20.61790030343192,0.34961363364616316,20.568994658333914,0.2605340574377976,0.03666792675289954
2021-09-28,19.99800611464716,20.006898272955834,19.624543945711753,19.6423282623291,8522600,0.0,0.0,20.570645904541017,20.65022897720337,36.18089206440059,-0.042168801842731085,0.048094289135487134,0.40287131093325085,-0.03537094744288327,0.0,0.0,0.0,0.0,0.0,0.0,0.0,0.0,0.0,7458800.0,5455200.0,5323800.0,0.0,0.0,0.0,0.0,0.0,0.0,0.0,0.0,0.0,0.0,0.0,0.0,0.0,0.0,0.0,0.0,0.0,0.0,0.0,0.0,0.0,0.0,0.0,0.0,20.353682200113933,0.706951098697843,20.521359579903738,0.5049762294820399,20.499129431588308,0.35843051851770813,-0.01734857969679726
2021-09-29,19.864624141088896,20.078030820347912,19.74013733552252,19.989110946655273,9652300,0.0,0.0,20.43015251159668,20.59065294265747,44.52549068319092,-0.08081331446884121,0.022312768414621462,0.408370610870523,0.01765486655628523,0.0,0.0,0.0,0.0,0.0,0.0,0.0,0.0,0.0,8522600.0,7458800.0,5455200.0,0.0,0.0,0.0,0.0,0.0,0.0,0.0,0.0,0.0,0.0,0.0,0.0,0.0,0.0,0.0,0.0,0.0,0.0,0.0,0.0,0.0,0.0,0.0,0.0,19.998003641764324,0.36020406476025024,20.48579134259905,0.5360653600492155,20.470547948564803,0.38297929252181057,0.01033710581860725
2021-09-30,19.92686660228535,20.015786471776337,19.757919019853023,19.784595489501953,7337900,0.0,0.0,20.166950607299803,20.532855224609374,41.355119109430724,-0.12648402818564364,-0.007446590905431559,0.43703870767366365,-0.010231343339836774,0.0,0.0,0.0,0.0,0.0,0.0,0.0,0.0,0.0,9652300.0,8522600.0,7458800.0,0.0,0.0,0.0,0.0,0.0,0.0,0.0,0.0,0.0,0.0,0.0,0.0,0.0,0.0,0.0,0.0,0.0,0.0,0.0,0.0,0.0,0.0,0.0,0.0,19.80534489949544,0.17431999612330062,20.375276565551758,0.5951378797813504,20.42354760851179,0.4247690825385319,-0.0035827626628427423
2021-10-01,19.864626029275,19.917977280159555,19.615650698470947,19.85573387145996,7195200,0.0,0.0,19.926868057250978,20.471945381164552,42.72519975290037,-0.15514965628978672,-0.0369872039823026,0.4425157886375489,0.003595645005517234,0.0,0.0,0.0,0.0,0.0,0.0,0.0,0.0,0.0,7337900.0,9652300.0,8522600.0,0.0,0.0,0.0,0.0,0.0,0.0,0.0,0.0,0.0,0.0,0.0,0.0,0.0,0.0,0.0,0.0,0.0,0.0,0.0,0.0,0.0,0.0,0.0,0.0,19.876480102539062,0.1038241187376585,20.255870274135045,0.6048701800535325,20.383534022739955,0.4511108646168341,0.008126507632473468
2021-10-04,19.820165306759346,19.87351655325781,19.588974310591937,19.695676803588867,8654400,0.0,0.0,19.793489074707033,20.38836097717285,40.358710749779725,-0.18860847966263705,-0.0673114591183695,0.42188012817128867,-0.008060999855621254,0.0,0.0,0.0,0.0,0.0,0.0,0.0,0.0,0.0,7195200.0,7337900.0,9652300.0,0.0,0.0,0.0,0.0,0.0,0.0,0.0,0.0,0.0,0.0,0.0,0.0,0.0,0.0,0.0,0.0,0.0,0.0,0.0,0.0,0.0,0.0,0.0,0.0,19.778668721516926,0.08019296214716758,20.055166244506836,0.5022404478176373,20.328911917550222,0.4860345351843236,-0.026373565035310964
2021-10-05,19.82016371674695,20.255869202876617,19.82016371674695,20.22919273376465,9498900,0.0,0.0,19.91086196899414,20.358128166198732,43.40421065122244,-0.1701135977935806,-0.08787188685341173,0.40976684924514933,0.027087971410993505,0.0,0.0,0.0,0.0,0.0,0.0,0.0,0.0,0.0,8654400.0,7195200.0,7337900.0,0.0,0.0,0.0,0.0,0.0,0.0,0.0,0.0,0.0,0.0,0.0,0.0,0.0,0.0,0.0,0.0,0.0,0.0,0.0,0.0,0.0,0.0,0.0,0.0,19.926867802937824,0.2737788141793636,19.9370299748012,0.27206097981704863,20.289533070155553,0.46865518602315887,0.013362900635252917
2021-10-06,19.84684032850321,20.006895765992034,19.69567704820882,19.96243667602539,7134600,0.0,0.0,19.905527114868164,20.32522792816162,43.22031163866385,-0.1749643747495213,-0.10529038443263364,0.41399107124154616,-0.013186688230717891,0.0,0.0,0.0,0.0,0.0,0.0,0.0,0.0,0.0,9498900.0,8654400.0,7195200.0,0.0,0.0,0.0,0.0,0.0,0.0,0.0,0.0,0.0,0.0,0.0,0.0,0.0,0.0,0.0,0.0,0.0,0.0,0.0,0.0,0.0,0.0,0.0,0.0,19.962435404459637,0.26675796509016947,19.879867826189315,0.2003289829665805,20.248884064810618,0.47072694572527,-0.014053557674771233
2021-10-07,20.140274570294068,20.30922216362172,20.06024685219179,20.246978759765625,9589800,0.0,0.0,19.9980037689209,20.318114280700684,49.1666767215125,-0.15407243121435954,-0.11504679378897882,0.4140553829296008,0.014253875333864796,0.0,0.0,0.0,0.0,0.0,0.0,0.0,0.0,0.0,7134600.0,9498900.0,8654400.0,0.0,0.0,0.0,0.0,0.0,0.0,0.0,0.0,0.0,0.0,0.0,0.0,0.0,0.0,0.0,0.0,0.0,0.0,0.0,0.0,0.0,0.0,0.0,0.0,20.146202723185223,0.1593943403850699,19.966246468680247,0.21091337578133296,20.243803024291992,0.47030592731145887,0.038303759403202964
2021-10-08,20.37146440189929,20.451492115422685,19.322213665486295,19.50005340576172,15739900,0.0,0.0,19.92686767578125,20.27098693847656,42.52247934682835,-0.19553207712627696,-0.13114385045643845,0.4511215528410751,-0.03689070665141314,0.0,0.0,0.0,0.0,0.0,0.0,0.0,0.0,0.0,9589800.0,7134600.0,9498900.0,0.0,0.0,0.0,0.0,0.0,0.0,0.0,0.0,0.0,0.0,0.0,0.0,0.0,0.0,0.0,0.0,0.0,0.0,0.0,0.0,0.0,0.0,0.0,0.0,19.903156280517578,0.37697479369599773,19.89638110569545,0.27372483672665093,20.191086224147252,0.510630352128902,0.005041010620440822
2021-10-11,19.588978421156632,19.633437519900426,19.393354316269786,19.402246475219727,11872400,0.0,0.0,19.86818161010742,20.220303058624268,37.7358322567694,-0.23358868217598783,-0.15163281680034835,0.48930824207715995,-0.005015726290938938,0.0,0.0,0.0,0.0,0.0,0.0,0.0,0.0,0.0,15739900.0,9589800.0,7134600.0,0.0,0.0,0.0,0.0,0.0,0.0,0.0,0.0,0.0,0.0,0.0,0.0,0.0,0.0,0.0,0.0,0.0,0.0,0.0,0.0,0.0,0.0,0.0,0.0,19.716426213582356,0.46206715108485674,19.841759817940847,0.33174797938646783,20.108518191746303,0.5393525553562536,-0.0027419690374844707
2021-10-12,19.60675638334281,19.624540697016098,19.437810491463072,19.45559310913086,14046800,0.0,0.0,19.713461685180665,20.170063400268553,36.6601835261258,-0.256487559413749,-0.17260376532302849,0.5143053286032991,0.002749508103572662,0.0,0.0,0.0,0.0,0.0,0.0,0.0,0.0,0.0,11872400.0,15739900.0,9589800.0,0.0,0.0,0.0,0.0,0.0,0.0,0.0,0.0,0.0,0.0,0.0,0.0,0.0,0.0,0.0,0.0,0.0,0.0,0.0,0.0,0.0,0.0,0.0,0.0,19.4526309967041,0.048970700403763834,19.784596851893834,0.36203051228968236,20.02023356301444,0.5377266530403176,-0.03399570331570112
2021-10-13,20.3447904950777,20.442602534152016,20.024681296662465,20.140275955200195,13099100,0.0,0.0,19.749029541015624,20.13805236816406,40.217386658127985,-0.2168867654330846,-0.1814603653450397,0.4938279015105055,0.03519208292591203,0.0,0.0,0.0,0.0,0.0,0.0,0.0,0.0,0.0,14046800.0,11872400.0,15739900.0,0.0,0.0,0.0,0.0,0.0,0.0,0.0,0.0,0.0,0.0,0.0,0.0,0.0,0.0,0.0,0.0,0.0,0.0,0.0,0.0,0.0,0.0,0.0,0.0,19.666038513183594,0.4115669197047442,19.84811101640974,0.3822649728594791,19.951638630458287,0.4420479783901535,-0.0026420391192182313
2021-10-14,20.16695353249888,20.220304785821334,19.76681489256606,20.193628311157227,11343900,0.0,0.0,19.738359451293945,20.1211576461792,41.22965031710013,-0.17913282989687218,-0.1809948582554062,0.48536557251433643,0.002649037981192981,0.0,0.0,0.0,0.0,0.0,0.0,0.0,0.0,0.0,13099100.0,14046800.0,11872400.0,0.0,0.0,0.0,0.0,0.0,0.0,0.0,0.0,0.0,0.0,0.0,0.0,0.0,0.0,0.0,0.0,0.0,0.0,0.0,0.0,0.0,0.0,0.0,0.0,19.929832458496094,0.41156875347420896,19.843030384608678,0.37654953033709493,19.89003017970494,0.31934621718133854,-0.028656765714416776
2021-10-15,20.362571515755903,20.807169154510422,20.238084719626364,20.789384841918945,22295600,0.0,0.0,19.99622573852539,20.144721221923827,54.42805326177939,-0.09998739840577642,-0.16479336628548025,0.506413926989625,0.029502203446646336,0.0,0.0,0.0,0.0,0.0,0.0,0.0,0.0,0.0,11343900.0,13099100.0,14046800.0,0.0,0.0,0.0,0.0,0.0,0.0,0.0,0.0,0.0,0.0,0.0,0.0,0.0,0.0,0.0,0.0,0.0,0.0,0.0,0.0,0.0,0.0,0.0,0.0,20.37442970275879,0.36035044624380863,19.961165836879186,0.5219154295543653,19.92051683153425,0.38212938656932827,-0.016821056628996356
2021-10-18,20.967227456627455,21.153959372483303,20.887199734975756,21.14506721496582,12618300,0.0,0.0,20.344789886474608,20.190070152282715,66.8662844714274,-0.00846588929185188,-0.13352787088675458,0.5536239637197311,0.017108845487803448,0.0,0.0,0.0,0.0,0.0,0.0,0.0,0.0,0.0,22295600.0,11343900.0,13099100.0,0.0,0.0,0.0,0.0,0.0,0.0,0.0,0.0,0.0,0.0,0.0,0.0,0.0,0.0,0.0,0.0,0.0,0.0,0.0,0.0,0.0,0.0,0.0,0.0,20.709360122680664,0.48074105679357265,20.08946418762207,0.6878813454083254,20.02785532815116,0.4929604685804999,-0.018166580286927192
2021-10-19,21.385145028626113,21.58966122455967,21.28733470466346,21.53630828857422,7759900,0.0,0.0,20.76093292236328,20.238975620269777,67.19368326183933,0.09454558827091475,-0.08791317905522072,0.6262878856442745,0.018502711276864092,0.0,0.0,0.0,0.0,0.0,0.0,0.0,0.0,0.0,12618300.0,22295600.0,11343900.0,0.0,0.0,0.0,0.0,0.0,0.0,0.0,0.0,0.0,0.0,0.0,0.0,0.0,0.0,0.0,0.0,0.0,0.0,0.0,0.0,0.0,0.0,0.0,0.0,21.156920115152996,0.37360276661580727,20.38035774230957,0.8157515791935093,20.138369424002512,0.6362191445107691,0.003729574346715614
2021-10-20,21.27844740416843,21.509638424844567,21.19841967793416,21.45628547668457,8434600,0.0,0.0,21.024134826660156,20.277210998535157,69.10578640597227,0.16779155762637288,-0.036772231718902,0.6766888956326418,-0.0037157163064991394,0.0,0.0,0.0,0.0,0.0,0.0,0.0,0.0,0.0,7759900.0,12618300.0,22295600.0,0.0,0.0,0.0,0.0,0.0,0.0,0.0,0.0,0.0,0.0,0.0,0.0,0.0,0.0,0.0,0.0,0.0,0.0,0.0,0.0,0.0,0.0,0.0,0.0,21.379220326741535,0.20669221664438958,20.673791885375977,0.773616776178572,20.257775851658412,0.7165198259973012,0.030756178614376184
2021-10-21,20.904982801103017,20.949441890028712,20.74492736736166,20.816062927246094,6244600,0.0,0.0,21.14862174987793,20.262983894348146,59.71224131791532,0.1721939620650339,0.005021007037885182,0.6612820426796983,-0.029838461561027096,0.0,0.0,0.0,0.0,0.0,0.0,0.0,0.0,0.0,8434600.0,7759900.0,12618300.0,0.0,0.0,0.0,0.0,0.0,0.0,0.0,0.0,0.0,0.0,0.0,0.0,0.0,0.0,0.0,0.0,0.0,0.0,0.0,0.0,0.0,0.0,0.0,0.0,21.26955223083496,0.39476616364351697,20.868144716535294,0.5571832625449971,20.326370784214564,0.7210239296000477,0.01738367234121685
2021-10-22,20.495953210180907,20.64711649542066,20.442601961274413,20.460386276245117,7696800,0.0,0.0,21.082822036743163,20.233195877075197,57.43948810099035,0.14530774880105568,0.03307835539051928,0.6366317173958265,-0.017086643725285455,0.0,0.0,0.0,0.0,0.0,0.0,0.0,0.0,0.0,6244600.0,8434600.0,7759900.0,0.0,0.0,0.0,0.0,0.0,0.0,0.0,0.0,0.0,0.0,0.0,0.0,0.0,0.0,0.0,0.0,0.0,0.0,0.0,0.0,0.0,0.0,0.0,0.0,20.910911560058594,0.5046791076701982,20.913874762398855,0.4974190856476584,20.380992889404297,0.6981732651040318,0.0034888267738337753
2021-10-25,20.3359004574701,20.433710802578656,20.211411942595845,20.389251708984375,10860000,0.0,0.0,20.931658935546874,20.234529876708983,51.71107421866239,0.11691257066402372,0.049845198445220174,0.6369449555696932,-0.0034766971796290624,0.0,0.0,0.0,0.0,0.0,0.0,0.0,0.0,0.0,7696800.0,6244600.0,8434600.0,0.0,0.0,0.0,0.0,0.0,0.0,0.0,0.0,0.0,0.0,0.0,0.0,0.0,0.0,0.0,0.0,0.0,0.0,0.0,0.0,0.0,0.0,0.0,0.0,20.555233637491863,0.22866781684381784,20.94182096208845,0.45379179287926164,20.392425673348562,0.696805447218007,0.0018070282734978793
2021-10-26,20.540839168609963,20.540839168609963,20.262775881345764,20.352474212646484,5844600,0.199,0.0,20.694892120361327,20.270037174224854,54.38523278884268,0.09039948186687141,0.05795605512955043,0.6218085423248902,-0.001803768812255413,0.0,0.0,0.0,0.0,0.0,0.0,0.0,0.0,0.0,10860000.0,7696800.0,6244600.0,0.0,0.0,0.0,0.0,0.0,0.0,0.0,0.0,0.0,0.0,0.0,0.0,0.0,0.0,0.0,0.0,0.0,0.0,0.0,0.0,0.0,0.0,0.0,0.0,20.40070406595866,0.05486001027825965,20.879405157906668,0.505368617903693,20.42028549739293,0.6860046540993284,0.006208557360978473
2021-10-27,20.549807663282873,20.585687677508844,20.22689437866211,20.22689437866211,17484500,0.0,0.0,20.449013900756835,20.281926345825195,49.76581848330439,0.05857916078923964,0.05808067626148827,0.6184184458975952,-0.006170249016030804,0.0,0.0,0.0,0.0,0.0,0.0,0.0,0.0,0.0,5844600.0,10860000.0,7696800.0,0.0,0.0,0.0,0.0,0.0,0.0,0.0,0.0,0.0,0.0,0.0,0.0,0.0,0.0,0.0,0.0,0.0,0.0,0.0,0.0,0.0,0.0,0.0,0.0,20.32287343343099,0.0851300785561057,20.74823760986328,0.5427006769578123,20.418850898742676,0.6864158359113344,-0.0004432852650488872
2021-10-28,20.280714657634437,20.370411272632328,20.164106320771957,20.235864639282227,6915000,0.0,0.0,20.332974243164063,20.30448980331421,60.362800218120675,0.03369671736433588,0.053203884482057796,0.6074531655406954,0.0004434818540199892,0.0,0.0,0.0,0.0,0.0,0.0,0.0,0.0,0.0,17484500.0,5844600.0,10860000.0,0.0,0.0,0.0,0.0,0.0,0.0,0.0,0.0,0.0,0.0,0.0,0.0,0.0,0.0,0.0,0.0,0.0,0.0,0.0,0.0,0.0,0.0,0.0,0.0,20.27174441019694,0.07005777720251385,20.56245994567871,0.44102559097930333,20.47140884399414,0.6370478492344184,0.012567207924987667
2021-10-29,19.957802588052857,20.02059090672817,19.868104256722397,19.984712600708008,5688100,0.0,0.0,20.23783950805664,20.31093873977661,57.86351707118108,-0.006217003123936138,0.041319706960859015,0.603107366520963,-0.012411233374563957,0.0,0.0,0.0,0.0,0.0,0.0,0.0,0.0,0.0,6915000.0,17484500.0,5844600.0,0.0,0.0,0.0,0.0,0.0,0.0,0.0,0.0,0.0,0.0,0.0,0.0,0.0,0.0,0.0,0.0,0.0,0.0,0.0,0.0,0.0,0.0,0.0,0.0,20.14915720621745,0.14248381523796655,20.35223524911063,0.255776068988973,20.513013567243302,0.5781483193555321,-0.008455774707493036
2021-11-01,20.21792996002268,20.343506612169495,20.07441158647173,20.155139923095703,4766500,0.0,0.0,20.191017150878906,20.333911895751953,59.15474535927665,-0.023822245559617983,0.02829131645676362,0.5869727026170409,0.008527884578217959,0.0,0.0,0.0,0.0,0.0,0.0,0.0,0.0,0.0,5688100.0,6915000.0,17484500.0,0.0,0.0,0.0,0.0,0.0,0.0,0.0,0.0,0.0,0.0,0.0,0.0,0.0,0.0,0.0,0.0,0.0,0.0,0.0,0.0,0.0,0.0,0.0,0.0,20.12523905436198,0.12821810747032691,20.257817677089147,0.16012291736459944,20.56298119681222,0.5053789174875529,-0.00838478104809759
2021-11-02,20.155138670205655,20.352475352287826,20.13720037162375,20.325565338134766,3786300,0.0,0.0,20.185635375976563,20.33873052597046,52.801962715104615,-0.02374885828463391,0.017883281508484113,0.5864631408943919,0.008455680074132,0.0,0.0,0.0,0.0,0.0,0.0,0.0,0.0,0.0,4766500.0,5688100.0,6915000.0,0.0,0.0,0.0,0.0,0.0,0.0,0.0,0.0,0.0,0.0,0.0,0.0,0.0,0.0,0.0,0.0,0.0,0.0,0.0,0.0,0.0,0.0,0.0,0.0,20.155139287312824,0.1704263687142758,20.23855754307338,0.13832035935291012,20.57621615273612,0.4957927858863672,-0.0022016928146948445
2021-11-03,20.307626408378166,20.388354744275894,20.24483808286961,20.37041473388672,7089200,0.0,0.0,20.214339447021484,20.359129428863525,52.68027291145068,-0.01984298929655992,0.010338027347475309,0.5797424936381845,0.0022065509620934343,0.0,0.0,0.0,0.0,0.0,0.0,0.0,0.0,0.0,3786300.0,4766500.0,5688100.0,0.0,0.0,0.0,0.0,0.0,0.0,0.0,0.0,0.0,0.0,0.0,0.0,0.0,0.0,0.0,0.0,0.0,0.0,0.0,0.0,0.0,0.0,0.0,0.0,20.283706665039062,0.11357782541182629,20.23586654663086,0.13504445426457984,20.588843754359655,0.487480548246113,0.0
2021-11-04,20.460113074979034,20.495993095757385,20.343506429156513,20.37041473388672,4077600,0.0,0.0,20.24124946594238,20.36530122756958,42.24750143113168,-0.016556704598823302,0.004959080958215587,0.5791424505799655,0.0,0.0,0.0,0.0,0.0,0.0,0.0,0.0,0.0,0.0,7089200.0,3786300.0,4766500.0,0.0,0.0,0.0,0.0,0.0,0.0,0.0,0.0,0.0,0.0,0.0,0.0,0.0,0.0,0.0,0.0,0.0,0.0,0.0,0.0,0.0,0.0,0.0,0.0,20.355464935302734,0.025893810710434183,20.238429478236608,0.13776907874956598,20.55891731807164,0.4870824389929359,-0.003510305398995661
2021-11-05,20.55877963986907,20.55877963986907,20.370412968811628,20.44217300415039,4723100,0.0,0.0,20.33274154663086,20.412407207489014,35.466808849290885,-0.008068993266469704,0.0023534661132785283,0.542197749574027,0.0035226710502020975,0.0,0.0,0.0,0.0,0.0,0.0,0.0,0.0,0.0,4077600.0,7089200.0,3786300.0,0.0,0.0,0.0,0.0,0.0,0.0,0.0,0.0,0.0,0.0,0.0,0.0,0.0,0.0,0.0,0.0,0.0,0.0,0.0,0.0,0.0,0.0,0.0,0.0,20.39433415730794,0.04142965665334588,20.269183567592076,0.15739524669973165,20.508710588727677,0.4573341182820806,-0.027730350309096208
2021-11-08,20.818902748730135,21.052117729051254,20.818902748730135,21.025209426879883,6848800,0.0,0.0,20.506755447387697,20.493555355072022,40.208957994283864,0.04518290538278791,0.010919353967180405,0.5030952097381588,0.02852125469298783,0.0,0.0,0.0,0.0,0.0,0.0,0.0,0.0,0.0,4723100.0,4077600.0,7089200.0,0.0,0.0,0.0,0.0,0.0,0.0,0.0,0.0,0.0,0.0,0.0,0.0,0.0,0.0,0.0,0.0,0.0,0.0,0.0,0.0,0.0,0.0,0.0,0.0,20.612599054972332,0.35912783461057046,20.381947108677455,0.32406152133078725,20.472203527178085,0.3834222159772632,0.006008619177533037
2021-11-09,20.926541513813934,20.97138982557682,20.693326528769365,20.89963150024414,5532100,0.0,0.0,20.62156867980957,20.565757274627686,39.51919603129514,0.07637196111274136,0.024009875396292596,0.4467579633841761,-0.0059727313096437085,0.0,0.0,0.0,0.0,0.0,0.0,0.0,0.0,0.0,6848800.0,4723100.0,4077600.0,0.0,0.0,0.0,0.0,0.0,0.0,0.0,0.0,0.0,0.0,0.0,0.0,0.0,0.0,0.0,0.0,0.0,0.0,0.0,0.0,0.0,0.0,0.0,0.0,20.789004643758137,0.30685761126177724,20.51264980861119,0.3216402550996964,20.43244252886091,0.29132429922659564,0.014808383989971086
2021-11-10,20.756114555372548,20.818902875291975,20.585689604406504,20.59465789794922,6060200,0.0,0.0,20.66641731262207,20.588476371765136,45.229037439397096,0.07560911671681225,0.03432972366039653,0.4353908482736285,-0.014592295672359534,0.0,0.0,0.0,0.0,0.0,0.0,0.0,0.0,0.0,5532100.0,6848800.0,4723100.0,0.0,0.0,0.0,0.0,0.0,0.0,0.0,0.0,0.0,0.0,0.0,0.0,0.0,0.0,0.0,0.0,0.0,0.0,0.0,0.0,0.0,0.0,0.0,0.0,20.839832941691082,0.22141715260996309,20.57543809073312,0.2804847447058958,20.416627883911133,0.2744162740662296,-0.010344810519286263
2021-11-11,20.65744606943766,20.881691026597135,20.65744606943766,20.809932708740234,3639400,0.0,0.0,20.754320907592774,20.619291591644288,58.017350371637434,0.09132272362963789,0.0457283236542448,0.42771639565590985,0.010452944246889029,0.0,0.0,0.0,0.0,0.0,0.0,0.0,0.0,0.0,6060200.0,5532100.0,6848800.0,0.0,0.0,0.0,0.0,0.0,0.0,0.0,0.0,0.0,0.0,0.0,0.0,0.0,0.0,0.0,0.0,0.0,0.0,0.0,0.0,0.0,0.0,0.0,0.0,20.76807403564453,0.15673651747180023,20.644633429391043,0.2680377837842093,20.441595486232213,0.29391290457130104,-0.0210971440855654
2021-11-12,21.159756420374634,21.258424758911133,21.1059381042881,21.258424758911133,5304700,0.0,0.0,20.91757125854492,20.642743587493896,66.99399370058302,0.1383703829210674,0.06425673550760932,0.44982128361510865,0.021551826065373536,0.0,0.0,0.0,0.0,0.0,0.0,0.0,0.0,0.0,3639400.0,6060200.0,5532100.0,0.0,0.0,0.0,0.0,0.0,0.0,0.0,0.0,0.0,0.0,0.0,0.0,0.0,0.0,0.0,0.0,0.0,0.0,0.0,0.0,0.0,0.0,0.0,0.0,20.887671788533527,0.33864307880590533,20.77149200439453,0.3214440692879061,20.503679275512695,0.3651670823445793,0.002962398506130448
2021-11-15,21.348121497365273,21.40194152459581,21.168726539157106,21.195634841918945,3667100,0.0,0.0,20.951656341552734,20.645271968841552,66.31940265668044,0.16864533191729691,0.08513445478954684,0.4529247883960256,-0.0029536486218654234,0.0,0.0,0.0,0.0,0.0,0.0,0.0,0.0,0.0,5304700.0,3639400.0,6060200.0,0.0,0.0,0.0,0.0,0.0,0.0,0.0,0.0,0.0,0.0,0.0,0.0,0.0,0.0,0.0,0.0,0.0,0.0,0.0,0.0,0.0,0.0,0.0,0.0,21.087997436523438,0.2428490025650406,20.889380591256277,0.300474035317981,20.563905034746444,0.40560216584110853,-0.01664591874081034
2021-11-16,21.303273106996222,21.608246416764654,21.258424795322863,21.554428100585938,8389100,0.0,0.0,21.082615661621094,20.646177959442138,73.56690874319753,0.2190648216294626,0.11192052815753001,0.4548151242309121,0.016927695789389574,0.0,0.0,0.0,0.0,0.0,0.0,0.0,0.0,0.0,3667100.0,5304700.0,3639400.0,0.0,0.0,0.0,0.0,0.0,0.0,0.0,0.0,0.0,0.0,0.0,0.0,0.0,0.0,0.0,0.0,0.0,0.0,0.0,0.0,0.0,0.0,0.0,0.0,21.336162567138672,0.19161295816629817,21.048274176461355,0.3181381353979326,20.658728872026717,0.47070719627851026,0.012215852142167583
2021-11-17,21.419876702885773,21.53648503404714,21.285330076113816,21.294300079345703,5177900,0.0,0.0,21.22254409790039,20.638078689575195,67.25140781187145,0.2353198523690665,0.1366003929998373,0.4408577331522373,-0.012068426034145818,0.0,0.0,0.0,0.0,0.0,0.0,0.0,0.0,0.0,8389100.0,3667100.0,5304700.0,0.0,0.0,0.0,0.0,0.0,0.0,0.0,0.0,0.0,0.0,0.0,0.0,0.0,0.0,0.0,0.0,0.0,0.0,0.0,0.0,0.0,0.0,0.0,0.0,21.348121007283527,0.18535282525305546,21.086715698242188,0.33088863867013457,20.734331403459823,0.48241895626901526,0.0038054231505746383
2021-11-18,21.27636177259658,21.29430178049354,21.105936830135434,21.213573455810547,6453500,0.0,0.0,21.303272247314453,20.657954216003418,71.207344329639,0.23893383694152348,0.15706708178817455,0.45793417033291905,-0.003790996803574531,0.0,0.0,0.0,0.0,0.0,0.0,0.0,0.0,0.0,5177900.0,8389100.0,3667100.0,0.0,0.0,0.0,0.0,0.0,0.0,0.0,0.0,0.0,0.0,0.0,0.0,0.0,0.0,0.0,0.0,0.0,0.0,0.0,0.0,0.0,0.0,0.0,0.0,21.354100545247395,0.17812227263255864,21.13156454903739,0.32247382446667594,20.82210717882429,0.44595144809122084,0.0025433108760590795
2021-11-19,21.240485948246672,21.258425958238774,21.105939295012963,21.159757614135742,3084000,0.0,0.0,21.283538818359375,20.69292278289795,68.06449466580055,0.23474941199213006,0.17260354782896567,0.4686311493653989,-0.002536858855341273,0.0,0.0,0.0,0.0,0.0,0.0,0.0,0.0,0.0,6453500.0,5177900.0,8389100.0,0.0,0.0,0.0,0.0,0.0,0.0,0.0,0.0,0.0,0.0,0.0,0.0,0.0,0.0,0.0,0.0,0.0,0.0,0.0,0.0,0.0,0.0,0.0,0.0,21.222543716430664,0.06771829825011336,21.212293079921178,0.22016759973684755,20.89386558532715,0.40972953126786804,0.03601237558576709
2021-11-22,21.043147374498925,21.132845705568613,20.415262478717853,20.424232482910156,12581200,0.0,0.0,21.129258346557616,20.694671821594238,51.47451845129101,0.17012143995974682,0.17210712625512192,0.4675020462890002,-0.03476056506120939,0.0,0.0,0.0,0.0,0.0,0.0,0.0,0.0,0.0,3084000.0,6453500.0,5177900.0,0.0,0.0,0.0,0.0,0.0,0.0,0.0,0.0,0.0,0.0,0.0,0.0,0.0,0.0,0.0,0.0,0.0,0.0,0.0,0.0,0.0,0.0,0.0,0.0,20.93252118428548,0.4410125725681252,21.15719304765974,0.3485054215793832,20.90091323852539,0.39993388515307976,-0.005242455070145091
2021-11-23,20.540839892837337,20.800964891695557,20.38835323750576,20.531869888305664,8496200,0.0,0.0,20.924746704101562,20.703641605377197,52.36839911116135,0.1261347427584063,0.1629126495557788,0.46228273576233847,0.00527008324477185,0.0,0.0,0.0,0.0,0.0,0.0,0.0,0.0,0.0,12581200.0,3084000.0,6453500.0,0.0,0.0,0.0,0.0,0.0,0.0,0.0,0.0,0.0,0.0,0.0,0.0,0.0,0.0,0.0,0.0,0.0,0.0,0.0,0.0,0.0,0.0,0.0,0.0,20.705286661783855,0.3972459410224301,21.0533994947161,0.41515171043334653,20.912445749555314,0.38552809036493535,0.01238397488557963
2021-11-24,20.04749907932198,20.29865233097111,20.002649062346624,20.28071403503418,3992100,0.0,0.0,20.72202949523926,20.7063325881958,48.77447518643852,0.07019957297776713,0.14437003424017647,0.45950981959036646,-0.012232488060648361,0.0,0.0,0.0,0.0,0.0,0.0,0.0,0.0,0.0,8496200.0,12581200.0,3084000.0,0.0,0.0,0.0,0.0,0.0,0.0,0.0,0.0,0.0,0.0,0.0,0.0,0.0,0.0,0.0,0.0,0.0,0.0,0.0,0.0,0.0,0.0,0.0,0.0,20.412272135416668,0.12600437727419975,20.92269652230399,0.49855369364507096,20.906038556780135,0.3958367396075834,0.0184684623417235
2021-11-26,20.01161903860124,20.18204568117002,19.85913240279827,19.912952423095703,3527600,0.0,0.0,20.46190528869629,20.690186977386475,43.310638790310136,-0.0037613817682817796,0.11474375103848483,0.4820315884031402,-0.018133563310600453,0.0,0.0,0.0,0.0,0.0,0.0,0.0,0.0,0.0,3992100.0,8496200.0,12581200.0,0.0,0.0,0.0,0.0,0.0,0.0,0.0,0.0,0.0,0.0,0.0,0.0,0.0,0.0,0.0,0.0,0.0,0.0,0.0,0.0,0.0,0.0,0.0,0.0,20.241845448811848,0.3112840863771803,20.688199996948242,0.5364874538363488,20.8682370867048,0.46309750755461854,-0.018567840235240163
2021-11-29,20.14616973808105,20.31659641508377,20.020593087054603,20.289688110351562,9943000,0.0,0.0,20.287891387939453,20.705435752868652,40.19144768000553,-0.03161214468830309,0.08547257189312725,0.4629874009552641,0.01891912757341352,0.0,0.0,0.0,0.0,0.0,0.0,0.0,0.0,0.0,3527600.0,3992100.0,8496200.0,0.0,0.0,0.0,0.0,0.0,0.0,0.0,0.0,0.0,0.0,0.0,0.0,0.0,0.0,0.0,0.0,0.0,0.0,0.0,0.0,0.0,0.0,0.0,0.0,20.161118189493816,0.21496469295194692,20.54468400137765,0.47857240060538414,20.81569984980992,0.48511753249595563,0.0017717589496240027
2021-11-30,20.361441578960417,20.702293140720506,20.199984945707108,20.253803253173828,8744700,0.0,0.0,20.253805541992186,20.71036891937256,41.17647365398226,-0.05593490031573367,0.05719107745135507,0.45730612960448763,-0.001768625371793009,0.0,0.0,0.0,0.0,0.0,0.0,0.0,0.0,0.0,9943000.0,3527600.0,3992100.0,0.0,0.0,0.0,0.0,0.0,0.0,0.0,0.0,0.0,0.0,0.0,0.0,0.0,0.0,0.0,0.0,0.0,0.0,0.0,0.0,0.0,0.0,0.0,0.0,20.1521479288737,0.20792498222186354,20.40757397242955,0.3829259377660983,20.76956926073347,0.5067466435881082,0.006238611047674647
2021-12-01,20.495992700196695,20.513932710239636,20.119261043562513,20.128231048583984,6696100,0.0,0.0,20.17307777404785,20.70050220489502,43.299029526337826,-0.0843709114974871,0.028878679661586637,0.4680481695118281,-0.006199932082887494,0.0,0.0,0.0,0.0,0.0,0.0,0.0,0.0,0.0,8744700.0,9943000.0,3527600.0,0.0,0.0,0.0,0.0,0.0,0.0,0.0,0.0,0.0,0.0,0.0,0.0,0.0,0.0,0.0,0.0,0.0,0.0,0.0,0.0,0.0,0.0,0.0,0.0,20.223907470703125,0.08477861791636489,20.26021303449358,0.2000163155557338,20.73625305720738,0.5337443378139685,-0.0426620425073696
2021-12-02,20.576719474920818,21.08799774641761,20.47805113801674,21.025209426879883,9337500,0.0,0.0,20.32197685241699,20.733241939544676,52.58621914361723,-0.03413451502087028,0.016276040725095257,0.4666426519453938,0.0445631996239928,0.0,0.0,0.0,0.0,0.0,0.0,0.0,0.0,0.0,6696100.0,8744700.0,9943000.0,0.0,0.0,0.0,0.0,0.0,0.0,0.0,0.0,0.0,0.0,0.0,0.0,0.0,0.0,0.0,0.0,0.0,0.0,0.0,0.0,0.0,0.0,0.0,0.0,20.46908124287923,0.4856964200210742,20.346066883632115,0.3527889066549531,20.751629965645925,0.5391043882125713,0.024475576468576454
2021-12-03,20.738176312052573,20.75611461003865,20.361444680690393,20.522899627685547,6754900,0.0,0.0,20.44396629333496,20.74086618423462,41.27659535963654,-0.03445681498180875,0.0061294695837144555,0.46162126493301675,-0.02389083452135099,0.0,0.0,0.0,0.0,0.0,0.0,0.0,0.0,0.0,9337500.0,6696100.0,8744700.0,0.0,0.0,0.0,0.0,0.0,0.0,0.0,0.0,0.0,0.0,0.0,0.0,0.0,0.0,0.0,0.0,0.0,0.0,0.0,0.0,0.0,0.0,0.0,0.0,20.558780034383137,0.44956435075657014,20.34478541782924,0.35201696069325605,20.69909245627267,0.5214676024022795,0.02831463173986548
2021-12-06,20.056470150593668,20.065440154466334,19.63488852284493,19.957801818847656,6857200,0.0,0.0,20.37758903503418,20.716647624969482,36.88214403382849,-0.0793956864256593,-0.010975561618160296,0.48995333100963395,-0.027534988675555816,0.0,0.0,0.0,0.0,0.0,0.0,0.0,0.0,0.0,6754900.0,9337500.0,6696100.0,0.0,0.0,0.0,0.0,0.0,0.0,0.0,0.0,0.0,0.0,0.0,0.0,0.0,0.0,0.0,0.0,0.0,0.0,0.0,0.0,0.0,0.0,0.0,0.0,20.501970291137695,0.5340114963814199,20.298655101231166,0.3817177763557159,20.610675811767578,0.5355502138814795,-0.0351257252600129
2021-12-07,20.244834862603753,20.693324785872257,20.191016550850453,20.684354782104492,8397300,0.0,0.0,20.463699340820312,20.69960489273071,41.446190783534924,-0.05574076884778023,-0.019928603064084283,0.48455375088513086,0.036404458259060135,0.0,0.0,0.0,0.0,0.0,0.0,0.0,0.0,0.0,6857200.0,6754900.0,9337500.0,0.0,0.0,0.0,0.0,0.0,0.0,0.0,0.0,0.0,0.0,0.0,0.0,0.0,0.0,0.0,0.0,0.0,0.0,0.0,0.0,0.0,0.0,0.0,0.0,20.388352076212566,0.38150633652648086,20.408855438232422,0.3626843560393967,20.548527717590332,0.46320532248605983,-0.016211712228636488
2021-12-08,20.80993445524194,21.096967750759198,20.738176131362625,21.025209426879883,5193700,0.0,0.0,20.643095016479492,20.7058837890625,47.39586775059427,-0.009381807414676757,-0.01781924393420278,0.4880829087574969,0.016478862810373363,0.0,0.0,0.0,0.0,0.0,0.0,0.0,0.0,0.0,8397300.0,6857200.0,6754900.0,0.0,0.0,0.0,0.0,0.0,0.0,0.0,0.0,0.0,0.0,0.0,0.0,0.0,0.0,0.0,0.0,0.0,0.0,0.0,0.0,0.0,0.0,0.0,0.0,20.55578867594401,0.5451941701460352,20.51392991202218,0.4238015503916604,20.529306956699916,0.43457725961395893,0.00817209796457119
2021-12-09,20.836842096378145,21.02520875986891,20.827872092321126,20.854782104492188,4480800,0.0,0.0,20.609009552001954,20.71888999938965,46.587041243622586,0.01345088944260553,-0.011565217258841118,0.48842873045505397,-0.008105856114318244,0.0,0.0,0.0,0.0,0.0,0.0,0.0,0.0,0.0,5193700.0,8397300.0,6857200.0,0.0,0.0,0.0,0.0,0.0,0.0,0.0,0.0,0.0,0.0,0.0,0.0,0.0,0.0,0.0,0.0,0.0,0.0,0.0,0.0,0.0,0.0,0.0,0.0,20.854782104492188,0.1704273223877023,20.59978403363909,0.42319505978605865,20.503679003034318,0.4003521979606104,0.0025872718256587657
2021-12-10,20.91757098966764,21.114907662570452,20.684356010416476,20.80096435546875,4001300,0.0,0.0,20.664622497558593,20.718441581726076,46.587024338663504,0.02689331424410213,-0.003873510958252469,0.48834485622229273,-0.0025805951245995162,0.0,0.0,0.0,0.0,0.0,0.0,0.0,0.0,0.0,4480800.0,5193700.0,8397300.0,0.0,0.0,0.0,0.0,0.0,0.0,0.0,0.0,0.0,0.0,0.0,0.0,0.0,0.0,0.0,0.0,0.0,0.0,0.0,0.0,0.0,0.0,0.0,0.0,20.893651962280273,0.11706670063001656,20.695888791765487,0.37148862346854017,20.478050913129533,0.36505096823189076,0.025652465664466106
2021-12-13,20.666415626756155,20.666415626756155,20.253804024848968,20.28071403503418,4551600,0.0,0.0,20.7292049407959,20.669556045532225,48.57649865396875,-0.004382798031489443,-0.003975368372899864,0.4803157368301702,-0.02501087505098254,0.0,0.0,0.0,0.0,0.0,0.0,0.0,0.0,0.0,4001300.0,4480800.0,5193700.0,0.0,0.0,0.0,0.0,0.0,0.0,0.0,0.0,0.0,0.0,0.0,0.0,0.0,0.0,0.0,0.0,0.0,0.0,0.0,0.0,0.0,0.0,0.0,0.0,20.64548683166504,0.31704649879617586,20.5895323072161,0.3680486538204239,20.467799595424108,0.36867568498727854,-0.012232488060648361
2021-12-14,20.406293246569106,20.603628213705615,20.280716604832545,20.531869888305664,5253200,0.0,0.0,20.69870796203613,20.636367797851562,50.0,-0.008801703421973173,-0.0049406353827145255,0.46473140607685914,0.01238397488557963,0.0,0.0,0.0,0.0,0.0,0.0,0.0,0.0,0.0,4551600.0,4001300.0,4480800.0,0.0,0.0,0.0,0.0,0.0,0.0,0.0,0.0,0.0,0.0,0.0,0.0,0.0,0.0,0.0,0.0,0.0,0.0,0.0,0.0,0.0,0.0,0.0,0.0,20.53784942626953,0.2601766998287254,20.590813773018972,0.36779351429960233,20.467799595424108,0.36867568498727854,-0.01590713266716126
2021-12-15,20.40629241769885,20.881692373446956,20.37938240519687,20.863752365112305,6836200,0.0,0.0,20.666416549682616,20.60183401107788,55.53663000213003,0.014311450942386728,-0.001090218117694275,0.4160305966406493,0.01616425969052493,0.0,0.0,0.0,0.0,0.0,0.0,0.0,0.0,0.0,5253200.0,4551600.0,4001300.0,0.0,0.0,0.0,0.0,0.0,0.0,0.0,0.0,0.0,0.0,0.0,0.0,0.0,0.0,0.0,0.0,0.0,0.0,0.0,0.0,0.0,0.0,0.0,0.0,20.558778762817383,0.292449122465242,20.72023527962821,0.24771430832181873,20.509445190429688,0.3787103114377988,-0.035255129714641065
2021-12-16,21.357091368932622,21.976007991402927,21.321213061855744,21.62618637084961,11307500,0.0,0.0,20.820697402954103,20.618428325653078,65.13469832306973,0.09307790053518872,0.01774340561288232,0.45031151587280055,0.036543474653783825,0.0,0.0,0.0,0.0,0.0,0.0,0.0,0.0,0.0,6836200.0,5253200.0,4551600.0,0.0,0.0,0.0,0.0,0.0,0.0,0.0,0.0,0.0,0.0,0.0,0.0,0.0,0.0,0.0,0.0,0.0,0.0,0.0,0.0,0.0,0.0,0.0,0.0,21.007269541422527,0.5610971626321812,20.85478264944894,0.4204983705452107,20.631819043840682,0.4425565328897237,0.0029116976688727814
2021-12-17,21.455761914544436,21.769705260316268,21.41091359837143,21.563400268554688,6517000,0.0,0.0,20.97318458557129,20.635919666290285,61.91274868472974,0.148720211565454,0.04393876680339666,0.4804320463587628,-0.0029032442992146246,0.0,0.0,0.0,0.0,0.0,0.0,0.0,0.0,0.0,11307500.0,6836200.0,5253200.0,0.0,0.0,0.0,0.0,0.0,0.0,0.0,0.0,0.0,0.0,0.0,0.0,0.0,0.0,0.0,0.0,0.0,0.0,0.0,0.0,0.0,0.0,0.0,0.0,21.351113001505535,0.42323257919205404,20.93166705540248,0.49876989321677523,20.72279848371233,0.494666949831464,0.014774297866748665
2021-12-20,21.375031137930435,21.410911155457924,20.989329503776904,21.249454498291016,4031000,0.0,0.0,21.166932678222658,20.640404510498048,58.85170401169356,0.16557569053889765,0.06826615155049687,0.48596624260738036,-0.014559195968805061,0.0,0.0,0.0,0.0,0.0,0.0,0.0,0.0,0.0,6517000.0,11307500.0,6836200.0,0.0,0.0,0.0,0.0,0.0,0.0,0.0,0.0,0.0,0.0,0.0,0.0,0.0,0.0,0.0,0.0,0.0,0.0,0.0,0.0,0.0,0.0,0.0,0.0,21.47968037923177,0.20183778350833564,20.988048825945175,0.5107924681497824,20.79391642979213,0.49362407419955995,-0.021882554272235843
2021-12-21,21.509574758581874,21.7517597102909,21.383998136593412,21.724849700927734,3750300,0.0,0.0,21.40552864074707,20.705435371398927,63.36331168395786,0.2148179117051896,0.09757650358143541,0.5395812878748643,0.022372113254716774,0.0,0.0,0.0,0.0,0.0,0.0,0.0,0.0,0.0,4031000.0,6517000.0,11307500.0,0.0,0.0,0.0,0.0,0.0,0.0,0.0,0.0,0.0,0.0,0.0,0.0,0.0,0.0,0.0,0.0,0.0,0.0,0.0,0.0,0.0,0.0,0.0,0.0,21.51256815592448,0.2417396893940662,21.120032446725027,0.5702909886355887,20.907960619245255,0.5120889416935426,-0.012637717240969848
2021-12-22,21.724851350749596,22.011886339861825,21.662063034987113,22.00291633605957,6968800,0.0,0.0,21.633361434936525,20.778987693786622,59.12895585118698,0.27313188594337134,0.1326875800538226,0.6103038221993744,0.012799473366205127,0.0,0.0,0.0,0.0,0.0,0.0,0.0,0.0,0.0,3750300.0,4031000.0,6517000.0,0.0,0.0,0.0,0.0,0.0,0.0,0.0,0.0,0.0,0.0,0.0,0.0,0.0,0.0,0.0,0.0,0.0,0.0,0.0,0.0,0.0,0.0,0.0,0.0,21.65907351175944,0.38101320914046977,21.36606134687151,0.5168345799521503,20.977796827043807,0.5900428596348952,-0.008087329921444009
2021-12-23,22.146433706178787,22.24510032955369,21.97600705001727,22.18231201171875,2488600,0.0,0.0,21.744586563110353,20.87406759262085,66.4883919264664,0.33001762466184204,0.1721535889754265,0.6734507801136815,0.008153268090429266,0.0,0.0,0.0,0.0,0.0,0.0,0.0,0.0,0.0,6968800.0,3750300.0,4031000.0,0.0,0.0,0.0,0.0,0.0,0.0,0.0,0.0,0.0,0.0,0.0,0.0,0.0,0.0,0.0,0.0,0.0,0.0,0.0,0.0,0.0,0.0,0.0,0.0,21.97002601623535,0.2304978770014338,21.60183879307338,0.4442147805515632,21.096326283046178,0.6547573603219569,-0.023687452920718277
2021-12-27,22.29892287817335,22.729472858507204,22.29892287817335,22.720502853393555,3527200,0.0,0.0,21.976007080078126,21.014445114135743,77.59855312763062,0.4137579415160495,0.2204744594835511,0.7507416313457901,0.024262161734560417,0.0,0.0,0.0,0.0,0.0,0.0,0.0,0.0,0.0,2488600.0,6968800.0,3750300.0,0.0,0.0,0.0,0.0,0.0,0.0,0.0,0.0,0.0,0.0,0.0,0.0,0.0,0.0,0.0,0.0,0.0,0.0,0.0,0.0,0.0,0.0,0.0,0.0,22.301910400390625,0.37344401641284924,21.867088862827845,0.4827171593768625,21.293662071228027,0.6999849120115174,0.0011859158914158119
2021-12-28,22.747410188525123,22.77431848984206,22.585953537210145,22.69359016418457,3405800,0.0,0.0,22.264834213256837,21.134640216827393,73.3332742665007,0.47250438046474486,0.27088044367978986,0.8180195942199365,-0.001184511160806645,0.0,0.0,0.0,0.0,0.0,0.0,0.0,0.0,0.0,3527200.0,2488600.0,6968800.0,0.0,0.0,0.0,0.0,0.0,0.0,0.0,0.0,0.0,0.0,0.0,0.0,0.0,0.0,0.0,0.0,0.0,0.0,0.0,0.0,0.0,0.0,0.0,0.0,22.532135009765625,0.3032543003520187,22.019575119018555,0.5568364688061156,21.43717888423375,0.7681100499990696,-0.0031521666275678983
2021-12-29,22.594925383384087,22.765350341796875,22.550075359443763,22.765350341796875,2330400,0.0,0.0,22.472934341430665,21.260217571258544,71.55549423106093,0.5188705860549874,0.3204784721548294,0.8669946090480228,0.003162134201469602,0.0,0.0,0.0,0.0,0.0,0.0,0.0,0.0,0.0,3405800.0,3527200.0,2488600.0,0.0,0.0,0.0,0.0,0.0,0.0,0.0,0.0,0.0,0.0,0.0,0.0,0.0,0.0,0.0,0.0,0.0,0.0,0.0,0.0,0.0,0.0,0.0,0.0,22.726481119791668,0.036251696851072386,22.191282272338867,0.5776537141978604,21.561474663870676,0.8342632885928879,-0.001180698207797315
2021-12-30,22.908869478975205,22.962687798662365,22.774321113476994,22.792261123657227,2293900,0.0,0.0,22.630803298950195,21.393419075012208,74.8847502918908,0.5514310592321614,0.3666689895702958,0.8883107723483771,0.0011820939039512979,0.0,0.0,0.0,0.0,0.0,0.0,0.0,0.0,0.0,2330400.0,3405800.0,3527200.0,0.0,0.0,0.0,0.0,0.0,0.0,0.0,0.0,0.0,0.0,0.0,0.0,0.0,0.0,0.0,0.0,0.0,0.0,0.0,0.0,0.0,0.0,0.0,0.0,22.75040054321289,0.05100599885395335,22.411683218819753,0.4351633533237343,21.699866022382462,0.8680317538317242,0.003951126973084973
2021-12-31,22.89989709457682,22.92680539619785,22.702560424804688,22.702560424804688,3009700,0.0,0.0,22.734852981567382,21.477286624908448,74.20080240176793,0.5635016755253872,0.4060355267613141,0.9299242172683261,-0.00393557700861169,0.0,0.0,0.0,0.0,0.0,0.0,0.0,0.0,0.0,2293900.0,2330400.0,3405800.0,0.0,0.0,0.0,0.0,0.0,0.0,0.0,0.0,0.0,0.0,0.0,0.0,0.0,0.0,0.0,0.0,0.0,0.0,0.0,0.0,0.0,0.0,0.0,0.0,22.753390630086262,0.04603074919886395,22.551356179373606,0.31950805434506996,21.835694313049316,0.8653283035407932,0.001979347541793075
2022-01-03,22.774319572978314,22.908867929375415,22.55904459793774,22.657712936401367,4526700,0.0,0.0,22.722294998168945,21.58402729034424,84.41549834085215,0.5629594621443097,0.43742031383791324,0.9371036647318459,-0.001975437464503793,0.0,0.0,0.0,0.0,0.0,0.0,0.0,0.0,0.0,3009700.0,2293900.0,2330400.0,0.0,0.0,0.0,0.0,0.0,0.0,0.0,0.0,0.0,0.0,0.0,0.0,0.0,0.0,0.0,0.0,0.0,0.0,0.0,0.0,0.0,0.0,0.0,0.0,22.717511494954426,0.06850879175277971,22.644898550851003,0.2088806086213018,22.005479948861257,0.7640217792980513,0.005973598793492352
2022-01-04,22.648745217575986,22.75638357138559,22.406560204644567,22.523168563842773,8180900,0.0,0.0,22.688210678100585,21.712295627593996,79.83869031627444,0.5453862742240467,0.45901350591513995,0.8763988520990813,-0.005938126806366184,0.0,0.0,0.0,0.0,0.0,0.0,0.0,0.0,0.0,4526700.0,3009700.0,2293900.0,0.0,0.0,0.0,0.0,0.0,0.0,0.0,0.0,0.0,0.0,0.0,0.0,0.0,0.0,0.0,0.0,0.0,0.0,0.0,0.0,0.0,0.0,0.0,0.0,22.627813975016277,0.09335856074176885,22.69359234401158,0.08757942780901765,22.14771556854248,0.6446061361893354,0.03333356376755048
2022-01-05,22.28097982336921,22.35273814361946,21.751761569953622,21.79660987854004,8881400,0.0,0.0,22.49446258544922,21.767908382415772,62.49993610563323,0.4674437814506973,0.46069956102225146,0.8423655586114482,-0.0322582803233602,0.0,0.0,0.0,0.0,0.0,0.0,0.0,0.0,0.0,8180900.0,4526700.0,3009700.0,0.0,0.0,0.0,0.0,0.0,0.0,0.0,0.0,0.0,0.0,0.0,0.0,0.0,0.0,0.0,0.0,0.0,0.0,0.0,0.0,0.0,0.0,0.0,0.0,22.325830459594727,0.4632292786576554,22.56160763331822,0.3483136895344744,22.214348248073033,0.541669557416823,0.007880423518413116
2022-01-06,21.70691470033936,21.967037986920353,21.50060801894698,21.62618637084961,11523300,0.0,0.0,22.261247634887695,21.79795722961426,50.0,0.3874556935481124,0.44605078752742366,0.8250180118611088,-0.007818807999964261,0.0,0.0,0.0,0.0,0.0,0.0,0.0,0.0,0.0,8881400.0,8180900.0,4526700.0,0.0,0.0,0.0,0.0,0.0,0.0,0.0,0.0,0.0,0.0,0.0,0.0,0.0,0.0,0.0,0.0,0.0,0.0,0.0,0.0,0.0,0.0,0.0,0.0,21.981988271077473,0.47635923938927455,22.409121377127512,0.48695716776697956,22.214348248073033,0.541669557416823,-0.003719023695870405
2022-01-07,21.72485320001156,21.859401557645086,21.50060821842693,21.7069149017334,6596500,0.0,0.0,22.062118530273438,21.84056386947632,52.27268471170011,0.32681139701632844,0.42220290942520466,0.7952107483527847,0.003732906463462582,0.0,0.0,0.0,0.0,0.0,0.0,0.0,0.0,0.0,11523300.0,8881400.0,8180900.0,0.0,0.0,0.0,0.0,0.0,0.0,0.0,0.0,0.0,0.0,0.0,0.0,0.0,0.0,0.0,0.0,0.0,0.0,0.0,0.0,0.0,0.0,0.0,0.0,21.709903717041016,0.08525105721387595,22.2579163142613,0.5210434660370269,22.224599293300084,0.52962693521447,-0.023011773040037875
2022-01-10,22.119526614292564,22.227164966830475,21.913221625352936,22.21819496154785,10032000,0.0,0.0,21.974214935302733,21.911425399780274,64.43848975203501,0.3163595865904014,0.40103424485824407,0.7600641771467704,0.02355378745109582,0.0,0.0,0.0,0.0,0.0,0.0,0.0,0.0,0.0,6596500.0,11523300.0,8881400.0,0.0,0.0,0.0,0.0,0.0,0.0,0.0,0.0,0.0,0.0,0.0,0.0,0.0,0.0,0.0,0.0,0.0,0.0,0.0,0.0,0.0,0.0,0.0,0.0,21.85043207804362,0.32103960470193166,22.175906862531388,0.4650971798669303,22.293795040675572,0.44967183764511204,-0.009991925244815736
2022-01-11,22.316859772777548,22.478316432952987,22.119524805259477,22.44243812561035,9883900,0.0,0.0,21.95806884765625,22.01951160430908,61.56071833088428,0.3224539523461196,0.38531818635581916,0.6635374071058664,0.010092771462784755,0.0,0.0,0.0,0.0,0.0,0.0,0.0,0.0,0.0,10032000.0,6596500.0,11523300.0,0.0,0.0,0.0,0.0,0.0,0.0,0.0,0.0,0.0,0.0,0.0,0.0,0.0,0.0,0.0,0.0,0.0,0.0,0.0,0.0,0.0,0.0,0.0,0.0,22.1225159962972,0.37698070442552045,22.138746534075057,0.4246373020566054,22.34505135672433,0.4197322340964163,-0.02834948663052672
2022-01-12,23.45602444254706,23.67129941691319,22.881957844237387,23.097232818603516,15578800,0.0,0.0,22.218193435668944,22.147779750823975,65.72162165865154,0.37578838589952923,0.3834122262645612,0.6063135680958878,0.02917662908674523,0.0,0.0,0.0,0.0,0.0,0.0,0.0,0.0,0.0,9883900.0,10032000.0,6596500.0,0.0,0.0,0.0,0.0,0.0,0.0,0.0,0.0,0.0,0.0,0.0,0.0,0.0,0.0,0.0,0.0,0.0,0.0,0.0,0.0,0.0,0.0,0.0,0.0,22.585955301920574,0.45675460967164455,22.201535088675364,0.5328655306534572,22.423216819763184,0.45178788020270716,0.005859260463979776
2022-01-13,23.08826509913984,23.124145120511862,22.84608008743943,22.962688446044922,20147500,0.0,0.0,22.485493850708007,22.252726554870605,61.35773612560794,0.4025592498651953,0.387241630984688,0.5515423319623726,-0.005825129512927019,0.0,0.0,0.0,0.0,0.0,0.0,0.0,0.0,0.0,15578800.0,9883900.0,10032000.0,0.0,0.0,0.0,0.0,0.0,0.0,0.0,0.0,0.0,0.0,0.0,0.0,0.0,0.0,0.0,0.0,0.0,0.0,0.0,0.0,0.0,0.0,0.0,0.0,22.83411979675293,0.34581273209437585,22.26432364327567,0.5988855713624319,22.478957993643625,0.4676418060192982,-0.022900643166516077
2022-01-14,23.070321922561174,23.581601891829116,22.944745286698883,23.500873565673828,11294700,0.0,0.0,22.844285583496095,22.346460914611818,61.35767176320554,0.46187814998117105,0.40216893478398463,0.5968944052539319,0.023437374107716957,0.0,0.0,0.0,0.0,0.0,0.0,0.0,0.0,0.0,20147500.0,15578800.0,9883900.0,0.0,0.0,0.0,0.0,0.0,0.0,0.0,0.0,0.0,0.0,0.0,0.0,0.0,0.0,0.0,0.0,0.0,0.0,0.0,0.0,0.0,0.0,0.0,0.0,23.186931610107422,0.280080721659737,22.507789884294784,0.7126654704656841,22.534698758806503,0.5396169738487503,0.027048104830505126
2022-01-18,23.061354887942276,23.11517491954483,22.801231578610867,22.881959915161133,6915000,0.0,0.0,22.97703857421875,22.41238889694214,52.33858196118844,0.4537174739629748,0.4124786426197827,0.578383451233215,-0.026335772105795296,0.0,0.0,0.0,0.0,0.0,0.0,0.0,0.0,0.0,11294700.0,20147500.0,15578800.0,0.0,0.0,0.0,0.0,0.0,0.0,0.0,0.0,0.0,0.0,0.0,0.0,0.0,0.0,0.0,0.0,0.0,0.0,0.0,0.0,0.0,0.0,0.0,0.0,23.11517397562663,0.33645564974688114,22.687186104910715,0.6034415003468427,22.548153741019114,0.5461919598044144,0.04250112251425109
2022-01-19,22.406558563221306,22.469346885488267,21.93116028842662,21.949098587036133,13756100,0.0,0.0,22.878370666503905,22.447371101379396,41.651368844569305,0.3677369241385975,0.40353029892354564,0.5228347489604112,-0.04076841894591843,0.0,0.0,0.0,0.0,0.0,0.0,0.0,0.0,0.0,6915000.0,11294700.0,20147500.0,0.0,0.0,0.0,0.0,0.0,0.0,0.0,0.0,0.0,0.0,0.0,0.0,0.0,0.0,0.0,0.0,0.0,0.0,0.0,0.0,0.0,0.0,0.0,0.0,22.777310689290363,0.7811625896303636,22.721783774239675,0.5416506295955706,22.48985004425049,0.5644831372927713,0.03336149691486212
2022-01-20,21.823520828631867,21.868369139146793,21.222544229123574,21.2404842376709,19417500,0.0,0.0,22.507020950317383,22.42315282821655,36.07082567173787,0.23965487091784254,0.370755213322405,0.567384375064119,-0.032284439680077104,0.0,0.0,0.0,0.0,0.0,0.0,0.0,0.0,0.0,13756100.0,6915000.0,11294700.0,0.0,0.0,0.0,0.0,0.0,0.0,0.0,0.0,0.0,0.0,0.0,0.0,0.0,0.0,0.0,0.0,0.0,0.0,0.0,0.0,0.0,0.0,0.0,0.0,22.023847579956055,0.8232868023385956,22.582110813685826,0.770757127834819,22.379008838108607,0.6468739858105216,0.01153358168419083
2022-01-21,21.025208657059007,21.321211946079934,20.953450335807066,20.99829864501953,13813600,0.0,0.0,22.114142990112306,22.37292194366455,35.10970031556255,0.11725492586480257,0.32005515583088456,0.6456218320775065,-0.01140207492171208,0.0,0.0,0.0,0.0,0.0,0.0,0.0,0.0,0.0,19417500.0,13756100.0,6915000.0,0.0,0.0,0.0,0.0,0.0,0.0,0.0,0.0,0.0,0.0,0.0,0.0,0.0,0.0,0.0,0.0,0.0,0.0,0.0,0.0,0.0,0.0,0.0,0.0,21.395960489908855,0.49409997084816837,22.375805173601425,0.9794060875990006,22.25727585383824,0.7355797050027143,0.020488171857821147
2022-01-24,20.522899258507305,20.603627585979396,19.706647690381374,20.576719284057617,18128000,0.0,0.0,21.529312133789062,22.292642307281493,32.94115586865264,-0.01360896786733079,0.2533223310912415,0.7602229208702668,-0.020076834227800933,0.0,0.0,0.0,0.0,0.0,0.0,0.0,0.0,0.0,13813600.0,19417500.0,13756100.0,0.0,0.0,0.0,0.0,0.0,0.0,0.0,0.0,0.0,0.0,0.0,0.0,0.0,0.0,0.0,0.0,0.0,0.0,0.0,0.0,0.0,0.0,0.0,0.0,20.938500722249348,0.33589852945053106,22.015731811523438,1.1228015641681997,22.1086334500994,0.8498236993566082,0.020462645907035615
2022-01-25,20.32556493638732,20.495991600947843,20.110289959978285,20.164108276367188,9588100,0.0,0.0,20.985741806030273,22.164822578430176,31.504887310578027,-0.14889740980521893,0.17287838291194943,0.8885728862999872,-0.020052322335471162,0.0,0.0,0.0,0.0,0.0,0.0,0.0,0.0,0.0,18128000.0,13813600.0,19417500.0,0.0,0.0,0.0,0.0,0.0,0.0,0.0,0.0,0.0,0.0,0.0,0.0,0.0,0.0,0.0,0.0,0.0,0.0,0.0,0.0,0.0,0.0,0.0,0.0,20.579708735148113,0.4171032191214156,21.61593464442662,1.2231801815718735,21.940129143851145,0.9845120280336915,0.004019668596962234
2022-01-26,20.379383048941875,20.48702139149651,19.886044780128884,20.0833797454834,11662800,0.0,0.0,20.612598037719728,22.034312057495118,35.05476433399954,-0.2596356740742962,0.0863755715147003,0.9924404501999472,-0.004003575550048266,0.0,0.0,0.0,0.0,0.0,0.0,0.0,0.0,0.0,9588100.0,18128000.0,13813600.0,0.0,0.0,0.0,0.0,0.0,0.0,0.0,0.0,0.0,0.0,0.0,0.0,0.0,0.0,0.0,0.0,0.0,0.0,0.0,0.0,0.0,0.0,0.0,0.0,20.274735768636067,0.2646220070486001,21.12772124154227,1.0086527345666085,21.817755562918528,1.1030620868201013,0.026593409936164658
2022-01-27,19.96677102900679,20.07440764949342,19.482401104257235,19.563129425048828,17086900,0.0,0.0,20.277127075195313,21.874201011657714,33.03831181620765,-0.38493906139585476,-0.007887355067410715,1.1185855397842661,-0.02590452040581326,0.0,0.0,0.0,0.0,0.0,0.0,0.0,0.0,0.0,11662800.0,9588100.0,18128000.0,0.0,0.0,0.0,0.0,0.0,0.0,0.0,0.0,0.0,0.0,0.0,0.0,0.0,0.0,0.0,0.0,0.0,0.0,0.0,0.0,0.0,0.0,0.0,0.0,19.936872482299805,0.3261781392998943,20.653602600097656,0.8063660106462675,21.670394352504186,1.2576022140280507,-0.03751117867582543
2022-01-28,19.86810536265355,20.36144535700551,19.778407026330154,20.325565338134766,15420200,0.0,0.0,20.142580413818358,21.750866222381593,39.78779309728279,-0.41790336253955473,-0.08989055656183953,1.1476439770155717,0.03897310581147129,0.0,0.0,0.0,0.0,0.0,0.0,0.0,0.0,0.0,17086900.0,11662800.0,9588100.0,0.0,0.0,0.0,0.0,0.0,0.0,0.0,0.0,0.0,0.0,0.0,0.0,0.0,0.0,0.0,0.0,0.0,0.0,0.0,0.0,0.0,0.0,0.0,0.0,19.990691502888996,0.389577287745607,20.421669278826034,0.5706873039302859,21.571726526532853,1.307706737369319,-0.03860831438778822
2022-01-31,20.693325252172176,21.17769520142645,20.648476943176036,21.141815185546875,5686800,0.0,0.0,20.255599594116212,21.672828960418702,42.38575454338652,-0.3738537147812018,-0.14668318820571197,1.132488463681747,0.04015877707867066,0.0,0.0,0.0,0.0,0.0,0.0,0.0,0.0,0.0,15420200.0,17086900.0,11662800.0,0.0,0.0,0.0,0.0,0.0,0.0,0.0,0.0,0.0,0.0,0.0,0.0,0.0,0.0,0.0,0.0,0.0,0.0,0.0,0.0,0.0,0.0,0.0,0.0,20.34350331624349,0.7894957320301322,20.407573699951172,0.5478542059610473,21.494842256818497,1.298383773214841,0.0021258694827883673
2022-02-01,21.087995786287095,21.195632406674537,20.845810824135494,21.096965789794922,10309700,0.0,0.0,20.442171096801758,21.594791603088378,40.23435390978861,-0.33865917087346276,-0.18507838473926214,1.1146842283431904,-0.0021213597488362046,0.0,0.0,0.0,0.0,0.0,0.0,0.0,0.0,0.0,5686800.0,15420200.0,17086900.0,0.0,0.0,0.0,0.0,0.0,0.0,0.0,0.0,0.0,0.0,0.0,0.0,0.0,0.0,0.0,0.0,0.0,0.0,0.0,0.0,0.0,0.0,0.0,0.0,20.854782104492188,0.45886343983824035,20.421669006347656,0.5665362793783962,21.39873708997454,1.27238317892846,-0.010517641209336848
2022-02-02,21.28533465525685,21.39297300634271,21.16872800986292,21.32121467590332,9033400,0.0,0.0,20.689738082885743,21.534693908691406,36.25002104260885,-0.28933693420919937,-0.20593009463324957,1.0942102065396613,0.010629437822611942,0.0,0.0,0.0,0.0,0.0,0.0,0.0,0.0,0.0,10309700.0,5686800.0,15420200.0,0.0,0.0,0.0,0.0,0.0,0.0,0.0,0.0,0.0,0.0,0.0,0.0,0.0,0.0,0.0,0.0,0.0,0.0,0.0,0.0,0.0,0.0,0.0,0.0,21.186665217081707,0.11866142897639394,20.528025490897043,0.6622864492888714,21.27187865121024,1.1748088387207694,0.04437613642967264
2022-02-03,20.702297443590492,20.863754110401768,20.388354114885622,20.415264129638672,12135000,0.0,0.0,20.86016502380371,21.465626621246336,32.382138577563566,-0.319666428442531,-0.22867736139510586,1.1200972889343532,-0.04249056913668858,0.0,0.0,0.0,0.0,0.0,0.0,0.0,0.0,0.0,9033400.0,10309700.0,5686800.0,0.0,0.0,0.0,0.0,0.0,0.0,0.0,0.0,0.0,0.0,0.0,0.0,0.0,0.0,0.0,0.0,0.0,0.0,0.0,0.0,0.0,0.0,0.0,0.0,20.944481531778973,0.47183173354100433,20.563904898507253,0.645885452666649,21.089919771466935,1.0867633561454935,-0.005679256653258191
2022-02-04,20.603628213705615,20.81890318990547,20.32556491663748,20.531869888305664,18253100,0.0,0.0,20.901425933837892,21.41091079711914,28.195014452020885,-0.3304840465556964,-0.24903869842722398,1.1384196472535408,0.0057116948341464635,0.0,0.0,0.0,0.0,0.0,0.0,0.0,0.0,0.0,12135000.0,9033400.0,10309700.0,0.0,0.0,0.0,0.0,0.0,0.0,0.0,0.0,0.0,0.0,0.0,0.0,0.0,0.0,0.0,0.0,0.0,0.0,0.0,0.0,0.0,0.0,0.0,0.0,20.75611623128255,0.4928502965639608,20.627974918910436,0.6116092372295633,20.877848080226354,0.8422857884500846,0.018691508302468574
2022-02-07,20.343506612169495,20.54981160094028,20.101321602297578,20.155139923095703,15889900,0.0,0.0,20.704090881347657,21.333322048187256,29.23498942460006,-0.3652457212587663,-0.27228010299353245,1.169636208640272,-0.018348546297019652,0.0,0.0,0.0,0.0,0.0,0.0,0.0,0.0,0.0,18253100.0,12135000.0,9033400.0,0.0,0.0,0.0,0.0,0.0,0.0,0.0,0.0,0.0,0.0,0.0,0.0,0.0,0.0,0.0,0.0,0.0,0.0,0.0,0.0,0.0,0.0,0.0,0.0,20.367424647013348,0.1928673864217787,20.712547847202845,0.46260207890749744,20.683075223650253,0.6323048106703254,-0.018348546297019652
2022-02-08,20.146168247710886,20.603628213705615,20.06544162863269,20.531869888305664,21190900,0.0,0.0,20.591071701049806,21.249005794525146,38.20895948712253,-0.35826577434261253,-0.2894772372633485,1.1632547177691772,0.018691508302468574,0.0,0.0,0.0,0.0,0.0,0.0,0.0,0.0,0.0,15889900.0,18253100.0,12135000.0,0.0,0.0,0.0,0.0,0.0,0.0,0.0,0.0,0.0,0.0,0.0,0.0,0.0,0.0,0.0,0.0,0.0,0.0,0.0,0.0,0.0,0.0,0.0,0.0,20.406293233235676,0.21750514682576733,20.74201992579869,0.4398509101666409,20.581844602312362,0.5169513302345304,-0.022212692780445686
2022-02-09,20.783023681263703,21.043146954231997,20.720235364024923,20.99829864501953,7472800,0.0,0.0,20.526488494873046,21.176798820495605,47.90045884833203,-0.31150636212807825,-0.29388306223629446,1.129610217678656,0.02271730530396221,0.0,0.0,0.0,0.0,0.0,0.0,0.0,0.0,0.0,21190900.0,15889900.0,18253100.0,0.0,0.0,0.0,0.0,0.0,0.0,0.0,0.0,0.0,0.0,0.0,0.0,0.0,0.0,0.0,0.0,0.0,0.0,0.0,0.0,0.0,0.0,0.0,0.0,20.561769485473633,0.42237382378902216,20.72151756286621,0.4210528555605553,20.56454563140869,0.49687802641227213,0.020488171857821147
2022-02-10,20.675385909193103,20.87272258117083,20.513930965102297,20.576719284057617,10600800,0.0,0.0,20.558779525756837,21.05077314376831,46.45551582476702,-0.3049518273686047,-0.29609681526275655,1.0412225839915756,-0.020076834227800933,0.0,0.0,0.0,0.0,0.0,0.0,0.0,0.0,0.0,7472800.0,21190900.0,15889900.0,0.0,0.0,0.0,0.0,0.0,0.0,0.0,0.0,0.0,0.0,0.0,0.0,0.0,0.0,0.0,0.0,0.0,0.0,0.0,0.0,0.0,0.0,0.0,0.0,20.702295939127605,0.2573248307030143,20.64719663347517,0.38838404740612453,20.534432819911412,0.48109271710604085,0.030085238836506267
2022-02-11,20.379384205503413,20.424234230302073,19.92192421767813,19.975744247436523,7761500,0.0,0.0,20.44755439758301,20.901425933837892,45.095181046979064,-0.3442823021750492,-0.3057339126452151,0.9638988847782021,-0.02920655272226591,0.0,0.0,0.0,0.0,0.0,0.0,0.0,0.0,0.0,10600800.0,7472800.0,21190900.0,0.0,0.0,0.0,0.0,0.0,0.0,0.0,0.0,0.0,0.0,0.0,0.0,0.0,0.0,0.0,0.0,0.0,0.0,0.0,0.0,0.0,0.0,0.0,0.0,20.51692072550456,0.5138932522497783,20.454986572265625,0.32736015881199365,20.491506031581334,0.5033273502524125,0.0036052211022439273
2022-02-14,19.733559304143537,19.9667743012222,19.634890960149693,19.90398597717285,6502900,0.0,0.0,20.397323608398438,20.721581554412843,47.751954238301195,-0.3768976381592495,-0.319966657748022,0.7692716514831057,-0.00359227017400765,0.0,0.0,0.0,0.0,0.0,0.0,0.0,0.0,0.0,7761500.0,10600800.0,7472800.0,0.0,0.0,0.0,0.0,0.0,0.0,0.0,0.0,0.0,0.0,0.0,0.0,0.0,0.0,0.0,0.0,0.0,0.0,0.0,0.0,0.0,0.0,0.0,0.0,20.152149836222332,0.3694343302458215,20.38194683619908,0.3889447697501834,20.472925867353165,0.5208393291920511,-0.03058094146069157
2022-02-15,20.433203260164124,20.5856899154957,20.316594912105806,20.531869888305664,9976200,0.0,0.0,20.397323608398438,20.604077053070068,53.54107921760067,-0.34806822884671007,-0.32558697196775965,0.5774904100222976,0.031545636730899496,0.0,0.0,0.0,0.0,0.0,0.0,0.0,0.0,0.0,6502900.0,7761500.0,10600800.0,0.0,0.0,0.0,0.0,0.0,0.0,0.0,0.0,0.0,0.0,0.0,0.0,0.0,0.0,0.0,0.0,0.0,0.0,0.0,0.0,0.0,0.0,0.0,0.0,20.137200037638348,0.3436721266078046,20.38194683619908,0.3889447697501834,20.50496087755476,0.5086874300267294,0.002189068158754637
2022-02-16,20.199989086766273,20.495992404794535,20.173079072089703,20.487022399902344,6605000,0.0,0.0,20.295068359375,20.53097324371338,57.886715872686096,-0.32509207271838747,-0.32548799211788526,0.48309004422915885,-0.002184286606494834,0.0,0.0,0.0,0.0,0.0,0.0,0.0,0.0,0.0,9976200.0,6502900.0,7761500.0,0.0,0.0,0.0,0.0,0.0,0.0,0.0,0.0,0.0,0.0,0.0,0.0,0.0,0.0,0.0,0.0,0.0,0.0,0.0,0.0,0.0,0.0,0.0,0.0,20.307626088460285,0.35028107126152463,20.429358618600027,0.37672548847031007,20.570953232901438,0.4311186834294997,0.01827908171250936
2022-02-17,20.31659576336869,20.406294101590333,20.06544246937228,20.119260787963867,8470200,0.0,0.0,20.20357666015625,20.474912071228026,48.111662985885005,-0.33272316647370204,-0.32693502698904864,0.46097083023922236,-0.017950954743927494,0.0,0.0,0.0,0.0,0.0,0.0,0.0,0.0,0.0,6605000.0,9976200.0,6502900.0,0.0,0.0,0.0,0.0,0.0,0.0,0.0,0.0,0.0,0.0,0.0,0.0,0.0,0.0,0.0,0.0,0.0,0.0,0.0,0.0,0.0,0.0,0.0,0.0,20.379384358723957,0.2263868996933279,20.37041446140834,0.39005635713712306,20.556217193603516,0.4434995346093137,-0.003553875586298272
2022-02-18,20.20895715894757,20.406292115142847,20.011620491898956,20.191017150878906,8932700,0.0,0.0,20.246631240844728,20.434547996520998,39.923942229405505,-0.32918607232896235,-0.3273852360570314,0.4478877720057392,0.003566550663629098,0.0,0.0,0.0,0.0,0.0,0.0,0.0,0.0,0.0,8470200.0,6605000.0,9976200.0,0.0,0.0,0.0,0.0,0.0,0.0,0.0,0.0,0.0,0.0,0.0,0.0,0.0,0.0,0.0,0.0,0.0,0.0,0.0,0.0,0.0,0.0,0.0,0.0,20.265766779581707,0.1949430200014909,20.255088533673966,0.27619682903081505,20.48830304827009,0.4190527147591894,-0.023427428661888405
2022-02-22,20.298656667373542,20.9175733470269,20.280718367604454,20.67538833618164,17268300,0.0,0.0,20.400911712646483,20.439481449127197,45.913067725017214,-0.28402413965774187,-0.3187130167771735,0.4500742795448628,0.02398943954547872,0.0,0.0,0.0,0.0,0.0,0.0,0.0,0.0,0.0,8932700.0,8470200.0,6605000.0,0.0,0.0,0.0,0.0,0.0,0.0,0.0,0.0,0.0,0.0,0.0,0.0,0.0,0.0,0.0,0.0,0.0,0.0,0.0,0.0,0.0,0.0,0.0,0.0,20.328555425008137,0.3025013142277476,20.269184112548828,0.2970754441745334,20.458190373012,0.3857762462068915,0.014524740408357273
2022-02-23,20.657448093090192,20.845813054347268,20.32556477120667,20.379383087158203,8420000,0.0,0.0,20.370414352416994,20.45024518966675,40.99481234838346,-0.269017071080647,-0.3087738276378682,0.4456948774357036,-0.014316792710753257,0.0,0.0,0.0,0.0,0.0,0.0,0.0,0.0,0.0,17268300.0,8932700.0,8470200.0,0.0,0.0,0.0,0.0,0.0,0.0,0.0,0.0,0.0,0.0,0.0,0.0,0.0,0.0,0.0,0.0,0.0,0.0,0.0,0.0,0.0,0.0,0.0,0.0,20.415262858072918,0.24417080038072567,20.326846803937638,0.26841661489476504,20.390916688101633,0.29518471624625553,0.021582892019950117
2022-02-24,19.204336518745116,19.957799653778483,18.87245496572632,19.948829650878906,21155100,0.0,0.0,20.262775802612303,20.443517684936523,45.09428042518671,-0.28853981772679305,-0.3047270256556532,0.4524876650648093,-0.021126912156168465,0.0,0.0,0.0,0.0,0.0,0.0,0.0,0.0,0.0,8420000.0,17268300.0,8932700.0,0.0,0.0,0.0,0.0,0.0,0.0,0.0,0.0,0.0,0.0,0.0,0.0,0.0,0.0,0.0,0.0,0.0,0.0,0.0,0.0,0.0,0.0,0.0,0.0,20.33453369140625,0.3653498077482684,20.333253043038503,0.256931665625932,20.35759993961879,0.3176900143134666,-0.026269935109067055
2022-02-25,19.94883408234546,20.513932414578914,19.94883408234546,20.487022399902344,8269300,0.0,0.0,20.336328125,20.4897123336792,49.56673893519455,-0.2576144589921121,-0.29530451232294497,0.40224939333356924,0.02697866283096584,0.0,0.0,0.0,0.0,0.0,0.0,0.0,0.0,0.0,21155100.0,8420000.0,17268300.0,0.0,0.0,0.0,0.0,0.0,0.0,0.0,0.0,0.0,0.0,0.0,0.0,0.0,0.0,0.0,0.0,0.0,0.0,0.0,0.0,0.0,0.0,0.0,0.0,20.271745045979817,0.28478469008514484,20.326846258980886,0.2516586048997758,20.35439654758998,0.3160193253160851,0.016919081034091343
2022-02-28,20.28071610895884,20.43320276056204,19.993682814377138,20.146167755126953,6965700,0.0,0.0,20.32735824584961,20.48074245452881,49.91271697365403,-0.2576400959314462,-0.28777162904464526,0.408060649579794,-0.016637588328942132,0.0,0.0,0.0,0.0,0.0,0.0,0.0,0.0,0.0,8269300.0,21155100.0,8420000.0,0.0,0.0,0.0,0.0,0.0,0.0,0.0,0.0,0.0,0.0,0.0,0.0,0.0,0.0,0.0,0.0,0.0,0.0,0.0,0.0,0.0,0.0,0.0,0.0,20.194006601969402,0.2722669190808231,20.27815273829869,0.24845631187394912,20.353755678449357,0.3164632752143627,0.013537932031776112
2022-03-01,20.083378242328003,20.182046573047064,19.76943666431879,19.877073287963867,6930300,0.0,0.0,20.167695236206054,20.41750535964966,43.49375533023785,-0.276190337684028,-0.2854553707725218,0.39809923945012515,-0.013357104459462477,0.0,0.0,0.0,0.0,0.0,0.0,0.0,0.0,0.0,6965700.0,8269300.0,21155100.0,0.0,0.0,0.0,0.0,0.0,0.0,0.0,0.0,0.0,0.0,0.0,0.0,0.0,0.0,0.0,0.0,0.0,0.0,0.0,0.0,0.0,0.0,0.0,0.0,20.170087814331055,0.3056772917847849,20.243554524012975,0.2879878620235569,20.306984492710658,0.3359043906442144,-0.019035102359093226
2022-03-02,19.921923987375774,20.433203999048928,19.886045678805118,20.26277732849121,8749500,0.0,0.0,20.144374084472656,20.375795936584474,42.5724991496294,-0.25680812114972085,-0.27972592084796166,0.36553190174038785,0.01940446840133636,0.0,0.0,0.0,0.0,0.0,0.0,0.0,0.0,0.0,6930300.0,6965700.0,8269300.0,0.0,0.0,0.0,0.0,0.0,0.0,0.0,0.0,0.0,0.0,0.0,0.0,0.0,0.0,0.0,0.0,0.0,0.0,0.0,0.0,0.0,0.0,0.0,0.0,20.09533945719401,0.19781187684982476,20.25380597795759,0.28708179627582436,20.25444725581578,0.27064163561104826,0.0031083189526723842
2022-03-03,20.495992640276754,20.576720974380464,20.119260984743946,20.199989318847656,7023600,0.0,0.0,20.194606018066406,20.31973466873169,45.898463213774136,-0.24370476570381072,-0.2725216898191315,0.2913572514726746,-0.0030986872443823366,0.0,0.0,0.0,0.0,0.0,0.0,0.0,0.0,0.0,8749500.0,6930300.0,6965700.0,0.0,0.0,0.0,0.0,0.0,0.0,0.0,0.0,0.0,0.0,0.0,0.0,0.0,0.0,0.0,0.0,0.0,0.0,0.0,0.0,0.0,0.0,0.0,0.0,20.113279978434246,0.2069559953371172,20.18589183262416,0.2188507773937728,20.227537972586497,0.25437381750514465,0.0026715534376013927
2022-03-04,19.98471281006479,20.22689608308473,19.868104464857606,20.146167755126953,13424500,0.0,0.0,20.12643508911133,20.306279850006103,52.10639001089606,-0.23495479981703227,-0.26500831181871165,0.2929227367490793,-0.0026644352564327844,0.0,0.0,0.0,0.0,0.0,0.0,0.0,0.0,0.0,7023600.0,8749500.0,6930300.0,0.0,0.0,0.0,0.0,0.0,0.0,0.0,0.0,0.0,0.0,0.0,0.0,0.0,0.0,0.0,0.0,0.0,0.0,0.0,0.0,0.0,0.0,0.0,0.0,20.202978134155273,0.058362213055676244,20.1525753566197,0.2015536323717648,20.23971108027867,0.245313763916579,-0.005314335125182423
2022-03-07,19.98471000498708,20.253803253173828,19.903981688360428,20.253803253173828,14195100,0.0,0.0,20.147962188720705,20.29237651824951,54.285642181533355,-0.21683555832573376,-0.2553737611201161,0.28821298224378356,0.005342728173177491,0.0,0.0,0.0,0.9959,0.0,1.0,0.0,1.0,0.0,13424500.0,7023600.0,8749500.0,0.0,0.0,0.0,0.0,0.0,0.0,0.0,0.0,0.0,0.0,0.0,0.0,0.0,0.0,0.0,0.0,0.0,0.0,0.0,0.0,0.0,0.0,0.0,0.0,20.199986775716145,0.0538177490685062,20.196143014090403,0.18220455049388593,20.264698028564453,0.22550308445213224,-0.032147643880277466
2022-03-08,20.343505653514363,21.177697285416414,20.217929007285147,20.926542282104492,20426800,0.0,0.0,20.357855987548827,20.33094663619995,54.78260306812162,-0.1465027194269659,-0.2335995527814861,0.31886699030072546,0.03321544208371052,0.0,0.0,0.0,0.0,0.0,0.0,0.0,0.0,0.0,14195100.0,13424500.0,7023600.0,0.0,0.0,0.0,0.0,0.0,0.0,0.0,0.0,0.0,0.9959,0.0,0.0,0.0,0.0,0.0,1.0,0.0,0.0,0.0,0.0,0.0,1.0,0.0,0.0,20.442171096801758,0.4229159892622079,20.25893156869071,0.32157592282064007,20.2928889138358,0.27964292938283497,-0.023849179551923116
2022-03-09,21.303269993662656,21.66206156717476,21.11490505913874,21.437816619873047,10599200,0.0,0.0,20.592863845825196,20.37624397277832,60.35147976177621,-0.04894367944864797,-0.19666837811491847,0.40233535541120163,0.024431859352405993,0.0,0.0,0.0,0.0,0.0,0.0,0.0,0.0,0.0,20426800.0,14195100.0,13424500.0,0.0,0.0,0.0,0.0,0.0,0.0,0.0,0.0,0.0,0.0,0.9959,0.0,0.0,0.0,0.0,0.0,1.0,0.0,0.0,0.0,0.0,0.0,1.0,0.0,20.87272071838379,0.5938387690877139,20.443452835083008,0.541476999638067,20.360802786690847,0.4137261921825669,0.002516551046009008
2022-03-10,21.114909378084445,21.464731019956307,21.114909378084445,21.384002685546875,7789000,0.0,0.0,20.829666519165038,20.395529174804686,64.77984113023193,0.023756379100351666,-0.15258342667186445,0.44109840491921076,-0.002510233914226445,0.0,0.0,0.0,0.0,0.0,0.0,0.0,0.0,0.0,10599200.0,20426800.0,14195100.0,0.0,0.0,0.0,0.0,0.0,0.0,0.0,0.0,0.0,0.0,0.0,0.9959,0.0,0.0,0.0,0.0,0.0,1.0,0.0,0.0,0.0,0.0,0.0,1.0,21.249453862508137,0.28094109961164637,20.658728463309153,0.577152074684799,20.451141493661062,0.48828916838155534,-0.007080392616525044
2022-03-11,21.69794615654296,21.7876444965537,21.482671167029306,21.536489486694336,7892800,0.0,0.0,21.107730865478516,20.443517684936523,65.4320825605424,0.09260857572913395,-0.10354502619166478,0.5088527286246332,0.007130882061220589,0.0,0.0,0.0,0.0,0.0,0.0,0.0,0.0,0.0,7789000.0,10599200.0,20426800.0,0.0,0.0,0.0,0.0,0.0,0.0,0.0,0.0,0.0,0.0,0.0,0.0,0.0,0.0,0.0,0.0,0.0,0.0,0.0,0.0,0.0,0.0,0.0,0.0,21.452769597371418,0.07733530748045978,20.840687343052455,0.6298876856850877,20.54724666050502,0.5602575509682184,-0.027541466750379606
2022-03-14,21.9401281013408,22.460378099241662,21.913219798589672,22.146434783935547,13945300,0.0,0.0,21.48625717163086,20.552052211761474,66.39995849253036,0.19415384095065136,-0.04400525276320155,0.622609562377594,0.028321481902519263,0.0,0.0,0.0,0.0,0.0,0.0,0.0,0.0,0.0,7892800.0,7789000.0,10599200.0,0.0,0.0,0.0,0.0,0.0,0.0,0.0,0.0,0.0,0.0,0.0,0.0,0.0,0.0,0.0,0.0,0.0,0.0,0.0,0.0,0.0,0.0,0.0,0.0,21.688975652058918,0.40344107269096424,21.118750980922155,0.7227029926696183,20.652321406773158,0.7053075345194852,0.020669706289712986
2022-03-15,21.671034627733448,21.805581272925775,21.159756349490568,21.69794464111328,9186200,0.0,0.0,21.640537643432616,20.641750144958497,64.21662217798489,0.2357225263440732,0.011940303058253394,0.6528228544660958,-0.020251121555131202,0.0,0.0,0.0,0.0,0.0,0.0,0.0,0.0,0.0,13945300.0,7892800.0,7789000.0,0.0,0.0,0.0,0.0,0.0,0.0,0.0,0.0,0.0,0.0,0.0,0.0,0.0,0.0,0.0,0.0,0.0,0.0,0.0,0.0,0.0,0.0,0.0,0.0,21.793622970581055,0.3160285959434314,21.340433393205917,0.6026805697848917,20.746504374912806,0.7525142430699466,-0.03663889121063779
2022-03-16,21.949100194947533,22.53213856923137,21.886311868080927,22.523168563842773,12327300,0.0,0.0,21.857608032226562,20.74131507873535,75.57935162348086,0.3314341166980306,0.07583906578620883,0.7755057427018408,0.03803235451001452,0.0,0.0,0.0,0.0,0.0,0.0,0.0,0.0,0.0,9186200.0,13945300.0,7892800.0,0.0,0.0,0.0,0.0,0.0,0.0,0.0,0.0,0.0,0.0,0.0,0.0,0.0,0.0,0.0,0.0,0.0,0.0,0.0,0.0,0.0,0.0,0.0,0.0,22.1225159962972,0.4131315915817027,21.664628437587194,0.5262641368177157,20.930385725838796,0.8507231166713506,0.0253165414248695
2022-03-17,22.254072422957332,22.46934740896806,21.940129093454964,21.967039108276367,14814900,0.0,0.0,21.97421531677246,20.815315914154052,64.65362745523869,0.35828119967435157,0.13232749256383738,0.8193381841314321,-0.024691439572102625,0.0,0.0,0.0,0.0,0.0,0.0,0.0,0.0,0.0,12327300.0,9186200.0,13945300.0,0.0,0.0,0.0,0.0,0.0,0.0,0.0,0.0,0.0,0.0,0.0,0.0,0.0,0.0,0.0,0.0,0.0,0.0,0.0,0.0,0.0,0.0,0.0,0.0,22.06271743774414,0.4208496022435716,21.813270841326034,0.4190749220424998,21.03610120500837,0.8827451151047244,-0.021964963805148674
2022-03-18,21.877342171680734,22.46038055419922,21.71588549411276,22.46038055419922,29035600,0.0,0.0,22.158993530273438,20.93237190246582,72.24140472107001,0.4145871355878299,0.18877942116863589,0.8796736530871614,0.02245825864337725,0.0,0.0,0.0,0.0,0.0,0.0,0.0,0.0,0.0,14814900.0,12327300.0,9186200.0,0.0,0.0,0.0,0.0,0.0,0.0,0.0,0.0,0.0,0.0,0.0,0.0,0.0,0.0,0.0,0.0,0.0,0.0,0.0,0.0,0.0,0.0,0.0,0.0,22.31686274210612,0.3045784211465762,21.95935140337263,0.4438751955866529,21.20140211922782,0.91920345220384,0.03428353755874758
2022-03-21,21.886309920515583,22.029826572255086,21.590306612446177,21.715883255004883,8200800,0.0,0.0,22.072883224487306,21.00861520767212,66.19272049313872,0.394586735178752,0.22994088397065912,0.8781173438807668,-0.03314713646092449,0.0,0.0,0.0,0.0,0.0,0.0,0.0,0.0,0.0,29035600.0,14814900.0,12327300.0,0.0,0.0,0.0,0.0,0.0,0.0,0.0,0.0,0.0,0.0,0.0,0.0,0.0,0.0,0.0,0.0,0.0,0.0,0.0,0.0,0.0,0.0,0.0,0.0,22.047767639160156,0.3787570182860091,22.0067629132952,0.38614910090888444,21.332745688302175,0.8436861860494091,-0.02339661788186076
2022-03-22,22.074676912200626,22.379650229239864,22.047766898043,22.236133575439453,5367300,0.0,0.0,22.18052101135254,21.08665246963501,66.97529132297103,0.4159216409307618,0.2671370353626797,0.9155003300781157,0.023957133786610685,0.0,0.0,0.0,0.0,0.0,0.0,0.0,0.0,0.0,8200800.0,29035600.0,14814900.0,0.0,0.0,0.0,0.0,0.0,0.0,0.0,0.0,0.0,0.0,0.0,0.0,0.0,0.0,0.0,0.0,0.0,0.0,0.0,0.0,0.0,0.0,0.0,0.0,22.137465794881184,0.38193003982030277,22.106712068830216,0.33070423287202566,21.473699705941335,0.8155511510292554,0.019745103479548165
2022-03-23,21.841460155134374,22.11055343152771,21.778671838032817,21.805580139160156,9022300,0.0,0.0,22.037003326416016,21.157962322235107,62.989791389806705,0.3935510321052895,0.2924198347112017,0.9130516024545746,-0.019362783319257337,0.0,0.0,0.0,0.0,0.0,0.0,0.0,0.0,0.0,5367300.0,8200800.0,29035600.0,0.0,0.0,0.0,0.0,0.0,0.0,0.0,0.0,0.0,0.0,0.0,0.0,0.0,0.0,0.0,0.0,0.0,0.0,0.0,0.0,0.0,0.0,0.0,0.0,21.919198989868164,0.2781133427313879,22.05801854814802,0.34849602343817887,21.588384764535085,0.7311885494887448,-0.014592599034814135
2022-03-24,22.092612341130373,22.14643236245483,21.877337388392267,22.12849235534668,3594400,0.0,0.0,22.069293975830078,21.266945457458498,65.36854162335229,0.3972986688511497,0.3133956015391913,0.8909480934470196,0.014808696403661115,0.0,0.0,0.0,0.0,0.0,0.0,0.0,0.0,0.0,9022300.0,5367300.0,8200800.0,0.0,0.0,0.0,0.0,0.0,0.0,0.0,0.0,0.0,0.0,0.0,0.0,0.0,0.0,0.0,0.0,0.0,0.0,0.0,0.0,0.0,0.0,0.0,0.0,22.056735356648762,0.22406665418928146,22.119525364467076,0.3102495205237228,21.729979378836497,0.6127690526167482,-0.002426241968990328
2022-03-25,22.065705380147193,22.200252019915403,21.984977054115596,22.18231201171875,3365400,0.0,0.0,22.013680267333985,21.351709938049318,65.07712927130703,0.40000053725036366,0.33071658868142584,0.8934821651291815,0.0024321429362568203,0.0,0.0,0.0,0.0,0.0,0.0,0.0,0.0,0.0,3594400.0,9022300.0,5367300.0,0.0,0.0,0.0,0.0,0.0,0.0,0.0,0.0,0.0,0.0,0.0,0.0,0.0,0.0,0.0,0.0,0.0,0.0,0.0,0.0,0.0,0.0,0.0,0.0,22.038794835408527,0.20375465580611685,22.070831571306503,0.2588259782606558,21.867730004446848,0.45074062324748254,0.00040455158815522196
2022-03-28,22.18231175509319,22.218191771071403,21.993946803767543,22.173341751098633,2834400,0.0,0.0,22.105171966552735,21.4530686378479,60.876333498166105,0.3968433986846094,0.34394195068206257,0.864022793607322,-0.00040438799235076317,0.0,0.0,0.0,0.0,0.0,0.0,0.0,0.0,0.0,3365400.0,3594400.0,9022300.0,0.0,0.0,0.0,0.0,0.0,0.0,0.0,0.0,0.0,0.0,0.0,0.0,0.0,0.0,0.0,0.0,0.0,0.0,0.0,0.0,0.0,0.0,0.0,0.0,22.16138203938802,0.02883426574675725,22.100303377423966,0.2567750871300542,21.956787109375,0.3656080585987859,-0.015531864966181086
2022-03-29,22.34377187777796,22.53213856923137,22.254073534745554,22.523168563842773,3817200,0.0,0.0,22.162578964233397,21.585373401641846,59.74237960896733,0.4177538375920591,0.3587043280640619,0.8109589472344904,0.01577690979875901,0.0,0.0,0.0,0.0,0.0,0.0,0.0,0.0,0.0,2834400.0,3365400.0,3594400.0,0.0,0.0,0.0,0.0,0.0,0.0,0.0,0.0,0.0,0.0,0.0,0.0,0.0,0.0,0.0,0.0,0.0,0.0,0.0,0.0,0.0,0.0,0.0,0.0,22.292940775553387,0.19943355351938014,22.10927309308733,0.2720897138448041,22.03431224822998,0.3621533680096146,0.00560693177922178
2022-03-30,22.26304018367272,22.57698348152805,22.26304018367272,22.397586822509766,6945500,0.0,0.0,22.28098030090332,21.692113876342773,58.98244382782159,0.41935801591643695,0.37083506563453694,0.7670172425643973,-0.00557566938137688,0.0,0.0,0.0,0.0,0.0,0.0,0.0,0.0,0.0,3817200.0,2834400.0,3365400.0,0.0,0.0,0.0,0.0,0.0,0.0,0.0,0.0,0.0,0.0,0.0,0.0,0.0,0.0,0.0,0.0,0.0,0.0,0.0,0.0,0.0,0.0,0.0,0.0,22.36469904581706,0.1772171101235001,22.2066593170166,0.22589731438177518,22.1067111151559,0.3211397193458671,0.0032141369399010244
2022-03-31,22.397586873847217,22.612861838650584,22.325828552246094,22.325828552246094,7849500,0.0,0.0,22.320447540283205,21.798405838012695,57.096713233733105,0.41011153559779245,0.37869035962718806,0.6930934671719868,-0.003203839361459848,0.0,0.0,0.0,0.0,0.0,0.0,0.0,0.0,0.0,6945500.0,3817200.0,2834400.0,0.0,0.0,0.0,0.0,0.0,0.0,0.0,0.0,0.0,0.0,0.0,0.0,0.0,0.0,0.0,0.0,0.0,0.0,0.0,0.0,0.0,0.0,0.0,0.0,22.41552797953288,0.09988585425745712,22.219472885131836,0.23034786804964072,22.163092476981028,0.2799800934756275,0.011377382514242917
2022-04-01,22.532136480971904,22.541104774675738,22.011888192624436,22.074676513671875,14712000,0.0,0.0,22.29892044067383,21.894831275939943,49.31034912590207,0.37815858599637764,0.378584004901026,0.5752651577451403,-0.011249393857275303,0.0,0.0,0.0,0.0,0.0,0.0,0.0,0.0,0.0,7849500.0,6945500.0,3817200.0,0.0,0.0,0.0,0.0,0.0,0.0,0.0,0.0,0.0,0.0,0.0,0.0,0.0,0.0,0.0,0.0,0.0,0.0,0.0,0.0,0.0,0.0,0.0,0.0,22.26603062947591,0.1695571011906269,22.257915224347794,0.16210846769951676,22.15796688624791,0.28096361466584624,-0.005254660571755498
2022-04-04,22.02982751188068,22.1912841796875,22.011889212788212,22.1912841796875,12357900,0.0,0.0,22.302508926391603,21.991705322265624,55.0644381875071,0.35811676025296535,0.3744905559714139,0.4288840947709115,0.005282417884737933,0.0,0.0,0.0,0.0,0.0,0.0,0.0,0.0,0.0,14712000.0,7849500.0,6945500.0,0.0,0.0,0.0,0.0,0.0,0.0,0.0,0.0,0.0,0.0,0.0,0.0,0.0,0.0,0.0,0.0,0.0,0.0,0.0,0.0,0.0,0.0,0.0,0.0,22.19726308186849,0.12568272384645882,22.26688548496791,0.15534965393277755,22.193205424717494,0.24781075249442472,0.014766263910204414
2022-04-05,21.976008401096497,22.0118884196957,21.76970342671144,21.868370056152344,6293000,0.0,0.0,22.171549224853514,22.03879671096802,42.50513589098158,0.3125738412232373,0.3621072130217786,0.35027636278150515,-0.014551394183430433,0.0,0.0,0.0,0.0,0.0,0.0,0.0,0.0,0.0,12357900.0,14712000.0,7849500.0,0.0,0.0,0.0,0.0,0.0,0.0,0.0,0.0,0.0,0.0,0.0,0.0,0.0,0.0,0.0,0.0,0.0,0.0,0.0,0.0,0.0,0.0,0.0,0.0,22.044776916503906,0.16352025020689612,22.222036634172714,0.2169420155115528,22.146434102739608,0.242478983915612,0.01710479742311155
2022-04-06,21.446788224533012,21.635154883975737,21.294301580547305,21.500606536865234,12373700,0.0,0.0,21.99215316772461,22.041936206817628,44.420594689383556,0.24399271120014276,0.33848431265745144,0.3448456207661201,-0.01681714358878994,0.0,0.0,0.0,0.0,0.0,0.0,0.0,0.0,0.0,6293000.0,12357900.0,14712000.0,0.0,0.0,0.0,0.0,0.0,0.0,0.0,0.0,0.0,0.0,0.0,0.0,0.0,0.0,0.0,0.0,0.0,0.0,0.0,0.0,0.0,0.0,0.0,0.0,21.85342025756836,0.34558142880066317,22.125931603567942,0.35019517983451615,22.113117490495956,0.29531202234181486,0.0062971965017935005
2022-04-07,21.303271939714328,21.527516907500797,21.231513618456795,21.366060256958008,8337400,0.0,0.0,21.800199508666992,22.041039085388185,35.680760313169955,0.17674747633246568,0.3061369453924543,0.346665865649177,-0.00625778996869375,0.0,0.0,0.0,0.0,0.0,0.0,0.0,0.0,0.0,12373700.0,6293000.0,12357900.0,0.0,0.0,0.0,0.0,0.0,0.0,0.0,0.0,0.0,0.0,0.0,0.0,0.0,0.0,0.0,0.0,0.0,0.0,0.0,0.0,0.0,0.0,0.0,0.0,21.578345616658527,0.2600217432965861,21.960630416870117,0.40086487091463496,22.034951754978724,0.3380582563426336,0.005063192558599994
2022-04-08,21.330183083977655,21.437819716150724,21.204604731971177,21.258424758911133,5583400,0.0,0.0,21.636949157714845,22.027135848999023,42.816950845948995,0.11346193946849326,0.2676019442076621,0.37257398506116,-0.005037685785418633,0.0,0.0,0.0,0.0,0.0,0.0,0.0,0.0,0.0,8337400.0,12373700.0,6293000.0,0.0,0.0,0.0,0.0,0.0,0.0,0.0,0.0,0.0,0.0,0.0,0.0,0.0,0.0,0.0,0.0,0.0,0.0,0.0,0.0,0.0,0.0,0.0,0.0,21.375030517578125,0.12133982270857273,21.79789297921317,0.424447373796115,22.002276148114884,0.3894696329457647,0.028199539145254526
2022-04-11,20.872725031323814,21.034181705220654,20.594659999233222,20.67538833618164,6641500,0.0,0.0,21.33376998901367,21.95358352661133,25.966926769438984,0.01607621231210743,0.21729679782855119,0.4780556195619931,-0.02742613478381528,0.0,0.0,0.0,0.0,0.0,0.0,0.0,0.0,0.0,5583400.0,8337400.0,12373700.0,0.0,0.0,0.0,0.0,0.0,0.0,0.0,0.0,0.0,0.0,0.0,0.0,0.0,0.0,0.0,0.0,0.0,0.0,0.0,0.0,0.0,0.0,0.0,0.0,21.099957784016926,0.37160565406936447,21.562115805489675,0.5280621828195717,21.890794345310756,0.5191615289603296,0.021267322673072186
2022-04-12,20.76508314341817,20.872721477976366,20.16410657669702,20.244834899902344,11642600,0.0,0.0,21.00906295776367,21.88092803955078,25.966926769438984,-0.09475249433482702,0.15488693939587556,0.6109139213205707,-0.02082444253421034,0.0,0.0,0.0,0.0,0.0,0.0,0.0,0.0,0.0,6641500.0,5583400.0,8337400.0,0.0,0.0,0.0,0.0,0.0,0.0,0.0,0.0,0.0,0.0,0.0,0.0,0.0,0.0,0.0,0.0,0.0,0.0,0.0,0.0,0.0,0.0,0.0,0.0,20.726215998331707,0.5087029477023852,21.300709860665457,0.6667429592518797,21.779312542506627,0.6811641253138999,0.06512510658401993
2022-04-13,19.634886691680872,19.643856694716987,18.764816927415357,19.007001876831055,20145500,0.0,0.0,20.510342025756835,21.705119705200197,12.500103112342956,-0.27924881626235987,0.06805978826422848,0.8681470847725279,-0.06114315227521372,0.0,0.0,0.0,0.0,0.0,0.0,0.0,0.0,0.0,11642600.0,6641500.0,5583400.0,0.0,0.0,0.0,0.0,0.0,0.0,0.0,0.0,0.0,0.0,0.0,0.0,0.0,0.0,0.0,0.0,0.0,0.0,0.0,0.0,0.0,0.0,0.0,0.0,19.975741704305012,0.8661331914744312,20.845812388828822,0.9735441070723996,21.556348936898367,0.9961309948747605,0.03567934289505059
2022-04-14,19.02494208138362,19.051852093192643,18.316328878945843,18.35220718383789,17199800,0.0,0.0,19.907571411132814,21.524378108978272,9.792925591769887,-0.47284922842427335,-0.040122015073471885,1.1434016185622586,-0.03445018300289315,0.0,0.0,0.0,0.0,0.0,0.0,0.0,0.0,0.0,20145500.0,11642600.0,6641500.0,0.0,0.0,0.0,0.0,0.0,0.0,0.0,0.0,0.0,0.0,0.0,0.0,0.0,0.0,0.0,0.0,0.0,0.0,0.0,0.0,0.0,0.0,0.0,0.0,19.201347986857098,0.9611647755538735,20.343503407069615,1.231054515023361,21.282770020621165,1.2927745695857642,-0.004863856893308149
2022-04-18,18.42396767787208,18.58542262021968,18.271481028832657,18.441905975341797,11998300,0.0,0.0,19.344267654418946,21.3234543800354,11.481574092486895,-0.6119864086770335,-0.1544948937941842,1.3110482938116965,0.004887629624348522,0.0,0.0,0.0,0.0,0.0,0.0,0.0,0.0,0.0,17199800.0,20145500.0,11642600.0,0.0,0.0,0.0,0.0,0.0,0.0,0.0,0.0,0.0,0.0,0.0,0.0,0.0,0.0,0.0,0.0,0.0,0.0,0.0,0.0,0.0,0.0,0.0,0.0,18.600371678670246,0.354996558915068,19.906546183994838,1.2931637657019688,21.016238893781388,1.4678426313568627,0.006856064507133164
2022-04-19,17.99341476504801,18.352206351971816,17.715351499038714,18.316328048706055,16645300,0.0,0.0,18.872455596923828,21.153476619720458,4.466036093618143,-0.7240404282798885,-0.2684040006913251,1.4684231520500486,-0.006809378965690893,0.0,0.0,0.0,0.0,0.0,0.0,0.0,0.0,0.0,11998300.0,17199800.0,20145500.0,0.0,0.0,0.0,0.0,0.0,0.0,0.0,0.0,0.0,0.0,0.0,0.0,0.0,0.0,0.0,0.0,0.0,0.0,0.0,0.0,0.0,0.0,0.0,0.0,18.370147069295246,0.06468255972208312,19.470870154244558,1.2317705629078608,20.715750285557338,1.5631299902882838,-0.007292238348746594
2022-04-20,18.549544572256913,18.594392882834615,18.352207899666915,18.450876235961914,10019600,0.0,0.0,18.513663864135744,20.96421375274658,7.364384690671201,-0.7928476773810331,-0.3732927360292667,1.5624636182758416,0.007345805714883191,0.0,0.0,0.0,0.0,0.0,0.0,0.0,0.0,0.0,16645300.0,11998300.0,17199800.0,0.0,0.0,0.0,0.0,0.0,0.0,0.0,0.0,0.0,0.0,0.0,0.0,0.0,0.0,0.0,0.0,0.0,0.0,0.0,0.0,0.0,0.0,0.0,0.0,18.40303675333659,0.07522576678191874,19.069791793823242,0.9851007975633185,20.433842386518204,1.5921043452211265,-0.005319114479003906
2022-04-21,18.702030022101326,18.77378834092832,18.504693362187137,18.549543380737305,21840600,0.0,0.0,18.422172164916994,20.80141191482544,9.441262112652225,-0.8298503062687246,-0.4646042500771583,1.6379898696900896,0.00534755875621129,0.0,0.0,0.0,0.0,0.0,0.0,0.0,0.0,0.0,10019600.0,16645300.0,11998300.0,0.0,0.0,0.0,0.0,0.0,0.0,0.0,0.0,0.0,0.0,0.0,0.0,0.0,0.0,0.0,0.0,0.0,0.0,0.0,0.0,0.0,0.0,0.0,0.0,18.438915888468426,0.11706679805878266,18.766099657331193,0.691575164181358,20.164107731410436,1.5665917762035468,0.020730307944476944
2022-04-22,18.397060326794705,18.486758670532915,18.047238668154645,18.172815322875977,11983400,0.0,0.0,18.386293792724608,20.603628063201903,9.19327639233039,-0.879436367064045,-0.5475706734745356,1.7066929233750843,-0.020309290106436784,0.0,0.0,0.0,0.0,0.0,0.0,0.0,0.0,0.0,21840600.0,10019600.0,16645300.0,0.0,0.0,0.0,0.0,0.0,0.0,0.0,0.0,0.0,0.0,0.0,0.0,0.0,0.0,0.0,0.0,0.0,0.0,0.0,0.0,0.0,0.0,0.0,0.0,18.39107831319173,0.19535314451196775,18.470096860613143,0.26509810778544424,19.885403360639298,1.5475100081448347,-0.007349195886075632
2022-04-25,18.092084723875015,18.30735969543457,17.966508084845287,18.30735969543457,8778400,0.0,0.0,18.359384536743164,20.409880447387696,9.532686135593565,-0.8975308936133821,-0.6175627175023048,1.7377095722773688,0.007403606440067101,0.0,0.0,0.0,0.0,0.0,0.0,0.0,0.0,0.0,11983400.0,21840600.0,10019600.0,0.0,0.0,0.0,0.0,0.0,0.0,0.0,0.0,0.0,0.0,0.0,0.0,0.0,0.0,0.0,0.0,0.0,0.0,0.0,0.0,0.0,0.0,0.0,0.0,18.343239466349285,0.19090973224448632,18.370147977556503,0.12244044431822397,19.607980183192662,1.4472222389344493,0.014413413725500535
2022-04-26,18.163844037284303,18.280450678328375,17.993417367278216,18.047237396240234,13027100,0.0,0.0,18.30556640625,20.203575229644777,9.659073060835567,-0.9222297414881773,-0.6784961222994794,1.7620876696361878,-0.014208619021081725,0.0,0.0,0.0,0.0,0.0,0.0,0.0,0.0,0.0,8778400.0,11983400.0,21840600.0,0.0,0.0,0.0,0.0,0.0,0.0,0.0,0.0,0.0,0.0,0.0,0.0,0.0,0.0,0.0,0.0,0.0,0.0,0.0,0.0,0.0,0.0,0.0,0.0,18.175804138183594,0.13008690325026784,18.32658086504255,0.17349961230802263,19.33504213605608,1.3448334726324032,0.0
2022-04-27,17.93062904434268,18.226632360219842,17.93062904434268,18.047237396240234,9754100,0.0,0.0,18.224838638305663,19.979778671264647,10.472264915467377,-0.9310709500340906,-0.7290110878464017,1.7360221890871237,0.0,0.0,0.0,0.0,0.0,0.0,0.0,0.0,0.0,0.0,13027100.0,8778400.0,11983400.0,0.0,0.0,0.0,0.0,0.0,0.0,0.0,0.0,0.0,0.0,0.0,0.0,0.0,0.0,0.0,0.0,0.0,0.0,0.0,0.0,0.0,0.0,0.0,0.0,18.133944829305012,0.15018167946207514,18.270199639456614,0.1928270758707502,19.088372911725724,1.2287715530642411,-0.018536399972076567
2022-04-28,18.307357998262088,18.531602953371475,18.253539688074742,18.388086318969727,24229100,0.0,0.0,18.192547225952147,19.779303646087648,17.450911064950745,-0.9001971002151876,-0.7632482903201588,1.6724638514351176,0.018886487457659307,0.0,0.0,0.0,0.0,0.0,0.0,0.0,0.0,0.0,9754100.0,13027100.0,8778400.0,0.0,0.0,0.0,0.0,0.0,0.0,0.0,0.0,0.0,0.0,0.0,0.0,0.0,0.0,0.0,0.0,0.0,0.0,0.0,0.0,0.0,0.0,0.0,0.0,18.16085370381673,0.1967892172908671,18.28045082092285,0.1975379791119293,18.875660487583705,1.048718026891004,0.0317060093874606
2022-04-29,18.154872004744387,18.208690316841967,17.82299041748047,17.82299041748047,12325100,0.0,0.0,18.122582244873048,19.554161739349365,15.864459793885544,-0.9108284054591813,-0.7927643133479634,1.6136615137814552,-0.030731631975551843,0.0,0.0,0.0,0.0,0.0,0.0,0.0,0.0,0.0,24229100.0,9754100.0,13027100.0,0.0,0.0,0.0,0.0,0.0,0.0,0.0,0.0,0.0,0.0,0.0,0.0,0.0,0.0,0.0,0.0,0.0,0.0,0.0,0.0,0.0,0.0,0.0,0.0,18.08610471089681,0.28454585848585,18.190752846854075,0.2442787451225525,18.63027232033866,0.8267199910155782,-0.013895654479036401
2022-05-02,17.83195750175162,18.13693076772144,17.796079199736266,18.074142456054688,15073900,0.0,0.0,18.07593879699707,19.354135036468506,22.328141739440966,-0.8887430443201012,-0.8119600595423909,1.5305900969744342,0.014091464602252968,0.0,0.0,0.0,0.0,0.0,0.0,0.0,0.0,0.0,12325100.0,24229100.0,9754100.0,0.0,0.0,0.0,0.0,0.0,0.0,0.0,0.0,0.0,0.0,0.0,0.0,0.0,0.0,0.0,0.0,0.0,0.0,0.0,0.0,0.0,0.0,0.0,0.0,18.095073064168293,0.2831287909008787,18.12283842904227,0.18735589614557246,18.444469043186732,0.5902097518006686,-0.003461887322240287
2022-05-03,18.11002216734811,18.199720487172574,18.05620214894154,18.136930465698242,7716800,0.0,0.0,18.093877410888673,19.151417350769044,25.672782504375007,-0.8563028427230996,-0.8208286161785326,1.397774497257708,0.003473913619759017,0.0,0.0,0.0,0.0,0.0,0.0,0.0,0.0,0.0,15073900.0,12325100.0,24229100.0,0.0,0.0,0.0,0.0,0.0,0.0,0.0,0.0,0.0,0.0,0.0,0.0,0.0,0.0,0.0,0.0,0.0,0.0,0.0,0.0,0.0,0.0,0.0,0.0,18.011354446411133,0.16612145883357085,18.117712020874023,0.18624818839296106,18.29390444074358,0.28614212849025245,-0.01892320425538152
2022-05-04,18.029299159744177,18.53160750348332,17.975480836342683,18.486759185791016,7519400,0.0,0.0,18.181781768798828,18.982336807250977,42.44798170395741,-0.7932217288408623,-0.8153072387109986,1.2483646402931723,0.01928819878062571,0.0,0.0,0.0,0.0,0.0,0.0,0.0,0.0,0.0,7716800.0,15073900.0,12325100.0,0.0,0.0,0.0,0.0,0.0,0.0,0.0,0.0,0.0,0.0,0.0,0.0,0.0,0.0,0.0,0.0,0.0,0.0,0.0,0.0,0.0,0.0,0.0,0.0,18.23261070251465,0.22232672399535813,18.143340519496373,0.22500450215997594,18.256744248526438,0.21008383143481113,0.014771179887307584
2022-05-05,18.477787825211408,18.648214499482325,18.038267842810438,18.217662811279297,9577100,0.0,0.0,18.147697067260744,18.81818962097168,47.8006258270258,-0.7562260173119455,-0.8034909944311881,1.1077247696661678,-0.014556168109689405,0.0,0.0,0.0,0.0,0.0,0.0,0.0,0.0,0.0,7519400.0,7716800.0,15073900.0,0.0,0.0,0.0,0.0,0.0,0.0,0.0,0.0,0.0,0.0,0.0,0.0,0.0,0.0,0.0,0.0,0.0,0.0,0.0,0.0,0.0,0.0,0.0,0.0,18.28045082092285,0.18317146056819633,18.167687007359095,0.22207389476293757,18.24713393620082,0.20845198382202196,0.023173816748303988
2022-05-06,17.90371843168239,17.939598449791617,17.679473451059994,17.805051803588867,6615300,0.0,0.0,18.144109344482423,18.640139198303224,40.58356275490895,-0.7515376511456537,-0.7931003257740813,0.9518622617172701,-0.022648954037889246,0.0,0.0,0.0,0.0,0.0,0.0,0.0,0.0,0.0,9577100.0,7519400.0,7716800.0,0.0,0.0,0.0,0.0,0.0,0.0,0.0,0.0,0.0,0.0,0.0,0.0,0.0,0.0,0.0,0.0,0.0,0.0,0.0,0.0,0.0,0.0,0.0,0.0,18.169824600219727,0.34336221336259687,18.133089065551758,0.2596529567084847,18.201644352504186,0.2309527453941898,0.0015137005510001966
2022-05-09,17.975477691094557,18.065174310784553,17.724322707743845,17.778141021728516,14538200,0.0,0.0,18.08490905761719,18.466125011444092,41.80328106962149,-0.7414466271906015,-0.7827695860573854,0.7432785259388283,-0.0015114127247261022,0.0,0.0,0.0,0.0,0.0,0.0,0.0,0.0,0.0,6615300.0,9577100.0,7519400.0,0.0,0.0,0.0,0.0,0.0,0.0,0.0,0.0,0.0,0.0,0.0,0.0,0.0,0.0,0.0,0.0,0.0,0.0,0.0,0.0,0.0,0.0,0.0,0.0,17.933618545532227,0.24635727353363862,18.04595402308873,0.2621497195474257,18.16320242200579,0.2540325525148655,0.003036378212888602
2022-05-10,17.957538255210153,18.04723658861263,17.50904829905118,17.724323272705078,18342600,0.0,0.0,18.002387619018556,18.318571758270263,38.65544967153718,-0.7293841738465972,-0.7720925036152279,0.5491995374339849,-0.003027186529663606,0.0,0.0,0.0,0.0,0.0,0.0,0.0,0.0,0.0,14538200.0,6615300.0,9577100.0,0.0,0.0,0.0,0.0,0.0,0.0,0.0,0.0,0.0,0.0,0.0,0.0,0.0,0.0,0.0,0.0,0.0,0.0,0.0,0.0,0.0,0.0,0.0,0.0,17.769172032674152,0.04110481721351633,18.031858716692245,0.27829171723283613,18.111305781773158,0.2647315065516813,0.018032105864427495
2022-05-11,17.57183413759346,17.733290772745512,17.383467492965007,17.410377502441406,8503200,0.0,0.0,17.787111282348633,18.176848888397217,33.33329612574083,-0.7366655704346172,-0.7650071169791057,0.3586085818861514,-0.017712708430856594,0.0,0.0,0.0,0.0,0.0,0.0,0.0,0.0,0.0,18342600.0,14538200.0,6615300.0,0.0,0.0,0.0,0.0,0.0,0.0,0.0,0.0,0.0,0.0,0.0,0.0,0.0,0.0,0.0,0.0,0.0,0.0,0.0,0.0,0.0,0.0,0.0,0.0,17.637613932291668,0.19862372420183538,17.937035151890345,0.36198252840951434,18.02993679046631,0.29320923199701027,-0.006144383707959666
2022-05-12,17.186131651835034,17.625651518373196,17.15025335194063,17.518014907836914,13434100,0.0,0.0,17.647181701660156,18.10239953994751,39.60105848056665,-0.7253888594058253,-0.7570834654644497,0.33066570056630545,0.006182370564935535,0.0,0.0,0.0,0.0,0.0,0.0,0.0,0.0,0.0,8503200.0,18342600.0,14538200.0,0.0,0.0,0.0,0.0,0.0,0.0,0.0,0.0,0.0,0.0,0.0,0.0,0.0,0.0,0.0,0.0,0.0,0.0,0.0,0.0,0.0,0.0,0.0,0.0,17.550905227661133,0.1595362545637114,17.84861864362444,0.38015031701271007,17.983165332249232,0.31969399637133283,0.004112994355223831
2022-05-13,17.311710200450722,17.500076856198376,17.213043581586014,17.446258544921875,14033500,0.0,0.0,17.57542304992676,18.057102108001708,36.04650659651156,-0.7140114439957941,-0.7484690611707187,0.35574505246243965,-0.004096146926038879,0.0,0.0,0.0,0.0,0.0,0.0,0.0,0.0,0.0,13434100.0,8503200.0,18342600.0,0.0,0.0,0.0,0.0,0.0,0.0,0.0,0.0,0.0,0.0,0.0,0.0,0.0,0.0,0.0,0.0,0.0,0.0,0.0,0.0,0.0,0.0,0.0,0.0,17.45821698506673,0.05480607610560183,17.69997569492885,0.2790139767234069,17.92165810721261,0.3349923349317716,0.026926948111182014
2022-05-16,17.159226927142317,17.204076954386103,16.95292193438173,16.988801956176758,11057600,0.0,0.0,17.417555236816405,17.984446907043456,33.87979031018314,-0.7334528954804682,-0.7454658280326686,0.4162585190038446,-0.02622089931587479,0.0,0.0,0.0,0.0,0.0,0.0,0.0,0.0,0.0,14033500.0,13434100.0,8503200.0,0.0,0.0,0.0,0.0,0.0,0.0,0.0,0.0,0.0,0.0,0.0,0.0,0.0,0.0,0.0,0.0,0.0,0.0,0.0,0.0,0.0,0.0,0.0,0.0,17.317691802978516,0.28707776368374777,17.524424144199916,0.2855207239279801,17.846055575779506,0.41447726856895506,-0.034166259131586996
2022-05-17,17.419352215752653,17.59874890573075,17.401412204584116,17.589778900146484,7184600,0.0,0.0,17.390646362304686,17.94811944961548,44.110870041359455,-0.6923851836434665,-0.7348496991548281,0.41747209162538035,0.03537488667652777,0.0,0.0,0.0,0.0,0.0,0.0,0.0,0.0,0.0,11057600.0,14033500.0,13434100.0,0.0,0.0,0.0,0.0,0.0,0.0,0.0,0.0,0.0,0.0,0.0,0.0,0.0,0.0,0.0,0.0,0.0,0.0,0.0,0.0,0.0,0.0,0.0,0.0,17.34161313374837,0.31385716234547206,17.493670872279576,0.26077816803055126,17.813379968915665,0.4154278754118552,0.0441960737246625
2022-05-18,17.329651775307294,17.39244009595134,16.827343499301502,16.84528350830078,10672000,0.0,0.0,17.277627563476564,17.867839813232422,32.00842022473209,-0.7117091422814426,-0.730221587780151,0.46712797329828387,-0.04232545480372718,0.0,0.0,0.0,0.0,0.0,0.0,0.0,0.0,0.0,7184600.0,11057600.0,14033500.0,0.0,0.0,0.0,0.0,0.0,0.0,0.0,0.0,0.0,0.0,0.0,0.0,0.0,0.0,0.0,0.0,0.0,0.0,0.0,0.0,0.0,0.0,0.0,0.0,17.14128812154134,0.3949776830285075,17.36040551321847,0.3222827004066265,17.7031797681536,0.4540798256228931,0.008051371723637235
2022-05-19,16.468555799925625,16.890135846798888,16.3429774178444,16.710739135742188,9392800,0.0,0.0,17.11617240905762,17.775899600982665,35.58145929062975,-0.7294712348397283,-0.7300715171920664,0.505291187370231,-0.007987064895185303,0.0,0.0,0.0,0.0,0.0,0.0,0.0,0.0,0.0,10672000.0,7184600.0,11057600.0,0.0,0.0,0.0,0.0,0.0,0.0,0.0,0.0,0.0,0.0,0.0,0.0,0.0,0.0,0.0,0.0,0.0,0.0,0.0,0.0,0.0,0.0,0.0,0.0,17.048600514729817,0.4734776453840656,17.21560777936663,0.35731928162857435,17.623733248029435,0.523499295997001,-0.003743053484262293
2022-05-20,16.8811599510899,16.89012995459889,16.495458354469463,16.773523330688477,6019100,0.0,0.0,16.981625366210938,17.70593500137329,32.273871299642465,-0.7300659159100249,-0.7300703969356581,0.5429151183845226,0.0037571165725398536,0.0,0.0,0.0,0.0,0.0,0.0,0.0,0.0,0.0,9392800.0,10672000.0,7184600.0,0.0,0.0,0.0,0.0,0.0,0.0,0.0,0.0,0.0,0.0,0.0,0.0,0.0,0.0,0.0,0.0,0.0,0.0,0.0,0.0,0.0,0.0,0.0,0.0,16.77651532491048,0.0673220697012818,17.124628611973353,0.37983008626244297,17.53083188193185,0.5520471567910071,-0.010058076156401308
2022-05-23,16.854250232546544,16.97982684939432,16.719701902091824,16.943946838378906,7451600,0.0,0.0,16.972654342651367,17.637764358520506,34.2042698957149,-0.708616956979423,-0.7257797089444111,0.5489870699568683,0.010160268914916948,0.0,0.0,0.0,0.0,0.0,0.0,0.0,0.0,0.0,6019100.0,9392800.0,10672000.0,0.0,0.0,0.0,0.0,0.0,0.0,0.0,0.0,0.0,0.0,0.0,0.0,0.0,0.0,0.0,0.0,0.0,0.0,0.0,0.0,0.0,0.0,0.0,0.0,16.80940310160319,0.12067301526415325,17.042618887765066,0.34069520299523265,17.445618765694753,0.5432982982722827,0.026630423665673364
2022-05-24,16.585155270047792,16.6569135811717,16.369880336676065,16.504426956176758,9904800,0.0,0.0,16.75558395385742,17.560623836517333,24.36181628459434,-0.7187982252638321,-0.7243834122082953,0.5948959021211461,-0.025939640061111047,0.0,0.0,0.0,0.0,0.0,0.0,0.0,0.0,0.0,7451600.0,6019100.0,9392800.0,0.0,0.0,0.0,0.0,0.0,0.0,0.0,0.0,0.0,0.0,0.0,0.0,0.0,0.0,0.0,0.0,0.0,0.0,0.0,0.0,0.0,0.0,0.0,0.0,16.74063237508138,0.22159826924709397,16.908071517944336,0.3406963328687205,17.304023606436594,0.5082723022435144,0.01433276562593222
2022-05-25,16.235337131162826,16.387823788222857,16.05594046020275,16.271215438842773,19046500,0.0,0.0,16.64077033996582,17.47182273864746,24.590066785487167,-0.7371873374077325,-0.7269441972481827,0.6485688744288286,-0.014130240204838218,0.0,0.0,0.0,0.0,0.0,0.0,0.0,0.0,0.0,9904800.0,7451600.0,6019100.0,0.0,0.0,0.0,0.0,0.0,0.0,0.0,0.0,0.0,0.0,0.0,0.0,0.0,0.0,0.0,0.0,0.0,0.0,0.0,0.0,0.0,0.0,0.0,0.0,16.573196411132812,0.3415974420742558,16.805559158325195,0.4127046405703514,17.164991651262557,0.505338215954475,-0.016802338245785475
2022-05-26,16.342975368868647,16.647948712917167,16.271217035613326,16.54928207397461,9116900,0.0,0.0,16.608478927612303,17.379882526397704,33.00969119977951,-0.7210118123543126,-0.7257577202694087,0.6421457610173752,0.017089481494297676,0.0,0.0,0.0,0.0,0.0,0.0,0.0,0.0,0.0,19046500.0,9904800.0,7451600.0,0.0,0.0,0.0,0.0,0.0,0.0,0.0,0.0,0.0,0.0,0.0,0.0,0.0,0.0,0.0,0.0,0.0,0.0,0.0,0.0,0.0,0.0,0.0,0.0,16.441641489664715,0.14928755640452926,16.656916754586355,0.23020502212376553,17.075293813432967,0.49431761184660866,-0.02894717993025364
2022-05-27,16.86322113669073,17.07849781442507,16.8183728268272,17.042617797851562,14402900,0.0,0.0,16.662297821044923,17.34086389541626,41.163765448619486,-0.6607676046401743,-0.7127596971435618,0.6374961800573787,0.02981009820678393,0.0,0.0,0.0,0.0,0.0,0.0,0.0,0.0,0.0,9116900.0,19046500.0,9904800.0,0.0,0.0,0.0,0.0,0.0,0.0,0.0,0.0,0.0,0.0,0.0,0.0,0.0,0.0,0.0,0.0,0.0,0.0,0.0,0.0,0.0,0.0,0.0,0.0,16.62103843688965,0.3906752252001349,16.685107367379324,0.2663601570522732,17.0227564402989,0.451065387012228,-0.003711534792725679
2022-05-31,17.26936882042644,17.36006789857978,16.933776349347408,17.106107711791992,14970000,0.21,0.0,16.69472999572754,17.292462158203126,42.59026501696505,-0.6009728891692916,-0.6904023355487078,0.6152528221077779,0.0037253616019268243,0.0,0.0,0.0,0.0,0.0,0.0,0.0,0.0,0.0,14402900.0,9116900.0,19046500.0,0.0,0.0,0.0,0.0,0.0,0.0,0.0,0.0,0.0,0.0,0.0,0.0,0.0,0.0,0.0,0.0,0.0,0.0,0.0,0.0,0.0,0.0,0.0,0.0,16.899335861206055,0.30481302918239594,16.741588592529297,0.31089649951780324,16.978598185947963,0.4050101497143148,-0.008933331034830294
2022-06-01,17.16052861422878,17.369139275428054,17.09703856342675,17.260299682617188,11631300,0.0,0.0,16.845904541015624,17.248630619049074,48.12958724646831,-0.5349762695274798,-0.6593171223444623,0.5822672696632122,0.009013854783511244,0.0,0.0,0.0,0.0,0.0,0.0,0.0,0.0,0.0,14970000.0,14402900.0,9116900.0,0.0,0.0,0.0,0.0,0.0,0.0,0.0,0.0,0.0,0.0,0.0,0.0,0.0,0.0,0.0,0.0,0.0,0.0,0.0,0.0,0.0,0.0,0.0,0.0,17.136341730753582,0.11194607034507625,16.811128071376256,0.36835919836604436,16.967878341674805,0.39455383000663086,-0.02460264063355888
2022-06-02,17.459838238067412,17.704729890886004,17.459838238067412,17.695659637451172,9397700,0.0,0.0,17.130793380737305,17.20907564163208,52.04678079840647,-0.44244335153614145,-0.6159423681827981,0.5169367753177257,0.02522319790730143,0.0,0.0,0.0,0.0,0.0,0.0,0.0,0.0,0.0,11631300.0,14970000.0,14402900.0,0.0,0.0,0.0,0.0,0.0,0.0,0.0,0.0,0.0,0.0,0.0,0.0,0.0,0.0,0.0,0.0,0.0,0.0,0.0,0.0,0.0,0.0,0.0,0.0,17.35402234395345,0.3057463347254953,16.918515614100865,0.4996935177874954,16.980567250932967,0.41588706651674495,0.006707824949402141
2022-06-03,17.595891669723354,17.77729331032871,17.541471869531453,17.57775115966797,9036000,0.0,0.0,17.336487197875975,17.177080059051512,51.499084110491246,-0.37430976613490685,-0.5676158477732199,0.4687861243102416,-0.006663129840814852,0.0,0.0,0.0,0.0,0.0,0.0,0.0,0.0,0.0,9397700.0,11631300.0,14970000.0,0.0,0.0,0.0,0.0,0.0,0.0,0.0,0.0,0.0,0.0,0.0,0.0,0.0,0.0,0.0,0.0,0.0,0.0,0.0,0.0,0.0,0.0,0.0,0.0,17.511236826578777,0.22517257814393485,17.071847643171036,0.515866387781976,16.989959580557688,0.428506520444132,-0.0025733850918131518
2022-06-06,17.704732752242634,17.813572351102856,17.586821168507456,17.62310218811035,3917300,0.0,0.0,17.452584075927735,17.167982578277588,57.98131079774708,-0.3130453677124976,-0.5167017517610755,0.4575898025820654,0.0025800244883680268,0.0,0.0,0.0,0.0,0.0,0.0,0.0,0.0,0.0,9036000.0,9397700.0,11631300.0,0.0,0.0,0.0,0.0,0.0,0.0,0.0,0.0,0.0,0.0,0.0,0.0,0.0,0.0,0.0,0.0,0.0,0.0,0.0,0.0,0.0,0.0,0.0,0.0,17.632170995076496,0.059475076528987,17.264974321637833,0.4079405654051992,17.035266739981516,0.4606986145221676,0.0025800244883680268
2022-06-07,17.369140483953792,17.586821414695663,17.269371138597677,17.57775115966797,11026400,0.0,0.0,17.54691276550293,17.15796308517456,49.824054677534015,-0.2650964724400602,-0.4663806958968725,0.44556228700693584,-0.0025733850918131518,0.0,0.0,0.0,0.0,0.0,0.0,0.0,0.0,0.0,3917300.0,9036000.0,9397700.0,0.0,0.0,0.0,0.0,0.0,0.0,0.0,0.0,0.0,0.0,0.0,0.0,0.0,0.0,0.0,0.0,0.0,0.0,0.0,0.0,0.0,0.0,0.0,0.0,17.592868169148762,0.026183428479214194,17.411898476736887,0.268638553636834,17.03440761566162,0.45959489277152904,0.011482258019728908
2022-06-08,17.496121648580452,17.514260427960973,17.36913981307167,17.378210067749023,3191500,0.0,0.0,17.570494842529296,17.140657424926758,59.27448399112805,-0.24042643963108645,-0.4211898446437153,0.42881381275839675,-0.01135191243216549,0.0,0.0,0.0,0.9112,0.9112,1.0,191.0,1.0,0.0,11026400.0,3917300.0,9036000.0,0.0,0.0,0.0,0.0,0.0,0.0,0.0,0.0,0.0,0.0,0.0,0.0,0.0,0.0,0.0,0.0,0.0,0.0,0.0,0.0,0.0,0.0,0.0,0.0,17.52635447184245,0.13028527274155485,17.45984022957938,0.21667096499968957,17.072473798479354,0.4647665062436977,0.014830523105382243
2022-06-09,17.38728070616454,17.496122034720745,17.124248504638672,17.124248504638672,5958200,0.0,0.0,17.4562126159668,17.126350975036623,56.909103656632226,-0.2386172059732452,-0.3846753169096213,0.42408857543757755,-0.014613792911944423,0.0,0.0,0.0,0.0,0.0,0.0,0.0,0.0,0.0,3191500.0,11026400.0,3917300.0,0.0,0.0,0.0,0.0,0.0,0.0,0.0,0.0,0.0,0.9112,0.0,0.0,0.9112,0.0,0.0,1.0,0.0,0.0,191.0,0.0,0.0,1.0,0.0,0.0,17.360069910685223,0.2272948822639419,17.46243177141462,0.21178839342146377,17.10201018197196,0.453000072330819,0.03000552400936396
2022-06-10,16.88842699460997,16.88842699460997,16.507484980296237,16.625394821166992,8787000,0.0,0.0,17.2657413482666,17.081719970703126,47.83978913591565,-0.2742750266496188,-0.36259525885762084,0.42765512281963897,-0.029131420472936265,0.0,0.0,0.0,0.0,0.0,0.0,0.0,0.0,0.0,5958200.0,3191500.0,11026400.0,0.0,0.0,0.0,0.0,0.0,0.0,0.0,0.0,0.0,0.0,0.9112,0.0,0.0,0.9112,0.0,0.0,1.0,0.0,0.0,191.0,0.0,0.0,1.0,0.0,17.042617797851562,0.38298874407678474,17.371731076921737,0.38107591203855345,17.091429574148997,0.4628846968019738,0.02689061255447389
2022-06-13,16.23538441109496,16.362366250382056,16.1084043017821,16.190034866333008,9535700,0.0,0.0,16.979127883911133,17.018908786773682,39.79407774706307,-0.33381599335832846,-0.35683940575776235,0.46215731168495733,-0.026186443059968534,0.0,0.0,0.0,0.0,0.0,0.0,0.0,0.0,0.0,8787000.0,5958200.0,3191500.0,0.0,0.0,0.0,0.0,0.0,0.0,0.0,0.0,0.0,0.0,0.0,0.9112,0.0,0.0,0.9112,0.0,0.0,1.0,0.0,0.0,191.0,0.0,0.0,1.0,16.64655939737956,0.4674662928637417,17.156641823904856,0.5536162357424331,17.03757871900286,0.521504599173154,-0.021381424783457392
2022-06-14,16.335153466303108,16.607254161188116,16.326083212477073,16.543764114379883,11567800,0.0,0.0,16.772330474853515,16.996656894683838,50.54518155095481,-0.3484430102419438,-0.3551601266545987,0.4742390768687705,0.021848578521745488,0.0,0.0,0.0,0.0,0.0,0.0,0.0,0.0,0.0,9535700.0,8787000.0,5958200.0,0.0,0.0,0.0,0.0,0.0,0.0,0.0,0.0,0.0,0.0,0.0,0.0,0.0,0.0,0.0,0.0,0.0,0.0,0.0,0.0,0.0,0.0,0.0,0.0,16.45306460062663,0.23141817974085394,17.0089293888637,0.5604312162330877,17.04038851601737,0.5185084483080338,-0.0027337822452817573
2022-06-15,16.380502767798177,16.62539442762602,16.23538216863516,16.589115142822266,16537200,0.0,0.0,16.614511489868164,16.946623706817626,54.64785857343082,-0.3523143173805181,-0.3545909647997826,0.4609704584062898,0.002741276297753892,0.0,0.0,0.0,0.0,0.0,0.0,0.0,0.0,0.0,11567800.0,9535700.0,8787000.0,0.0,0.0,0.0,0.0,0.0,0.0,0.0,0.0,0.0,0.0,0.0,0.0,0.0,0.0,0.0,0.0,0.0,0.0,0.0,0.0,0.0,0.0,0.0,0.0,16.44097137451172,0.2184972020367516,16.861216953822545,0.505107565830519,17.06309563773019,0.48831460461172604,0.0350876420460462
2022-06-16,16.108404015860764,16.135614780219495,15.963283399229297,16.02677345275879,5810400,0.0,0.0,16.395016479492188,16.905698204040526,42.94693848547061,-0.39619158095704776,-0.3629110880312356,0.5047009654213863,-0.03389823298120809,0.0,0.0,0.0,0.0,0.0,0.0,0.0,0.0,0.0,16537200.0,11567800.0,9535700.0,0.0,0.0,0.0,0.0,0.0,0.0,0.0,0.0,0.0,0.0,0.0,0.0,0.0,0.0,0.0,0.0,0.0,0.0,0.0,0.0,0.0,0.0,0.0,0.0,16.386550903320312,0.3124004471741485,16.639648709978378,0.4778474651872259,17.02577359335763,0.547042621938182,-0.005067467161576578
2022-06-17,15.890721351083332,16.280733614319388,15.890721351083332,16.108402252197266,13242000,0.0,0.0,16.291617965698244,16.875581359863283,35.8126286079751,-0.419541651542346,-0.37423720073345773,0.5340643335925916,0.005093277176412947,0.0,0.0,0.0,0.0,0.0,0.0,0.0,0.0,0.0,5810400.0,16537200.0,11567800.0,0.0,0.0,0.0,0.0,0.0,0.0,0.0,0.0,0.0,0.0,0.0,0.0,0.0,0.0,0.0,0.0,0.0,0.0,0.0,0.0,0.0,0.0,0.0,0.0,16.241430282592773,0.3038575106016689,16.458247593470983,0.38219422726698615,16.959043911525182,0.5993117679121549,-0.05380938029718574
2022-06-21,16.79772773364867,17.187740037816877,16.743306205178083,17.024478912353516,14786000,0.0,0.0,16.458506774902343,16.888129138946532,49.015335612331626,-0.3599774245349785,-0.3713852454937619,0.5344882077630985,0.056869492443379466,0.0,0.0,0.0,0.0,0.0,0.0,0.0,0.0,0.0,13242000.0,5810400.0,16537200.0,0.0,0.0,0.0,0.0,0.0,0.0,0.0,0.0,0.0,0.0,0.0,0.0,0.0,0.0,0.0,0.0,0.0,0.0,0.0,0.0,0.0,0.0,0.0,0.0,16.38655153910319,0.5539668901486683,16.443994794573104,0.354041725650512,16.95321328299386,0.5981669285814537,0.024563522851178243
2022-06-22,16.643534231001652,16.761444064093826,16.498413637977162,16.616323471069336,12715900,0.0,0.0,16.473018646240234,16.871747970581055,42.6803744655463,-0.3417673967024726,-0.36546167573550403,0.5376983644982742,-0.023974621683604536,0.0,0.0,0.0,0.0,0.0,0.0,0.0,0.0,0.0,14786000.0,13242000.0,5810400.0,0.0,0.0,0.0,0.0,0.0,0.0,0.0,0.0,0.0,0.0,0.0,0.0,0.0,0.0,0.0,0.0,0.0,0.0,0.0,0.0,0.0,0.0,0.0,0.0,16.58306821187337,0.4589428570300446,16.442698887416295,0.3532828678921751,16.907214982169016,0.5974959700458568,-0.006507728990179262
2022-06-23,16.7342365749467,16.82493565645771,16.589115968560176,16.72516632080078,12097800,0.0,0.0,16.500228881835938,16.882784938812257,38.0846577598263,-0.3149228752402813,-0.3553539156364595,0.5319970444898529,0.006550356937920165,0.0,0.0,0.0,0.0,0.0,0.0,0.0,0.0,0.0,12715900.0,14786000.0,13242000.0,0.0,0.0,0.0,0.0,0.0,0.0,0.0,0.0,0.0,0.0,0.0,0.0,0.0,0.0,0.0,0.0,0.0,0.0,0.0,0.0,0.0,0.0,0.0,0.0,16.78865623474121,0.21135501636250134,16.51914623805455,0.34734518611708726,16.8378940309797,0.5536758191815999,-0.012319308344494573
2022-06-24,16.661678029628433,16.960989528125985,16.60725649901123,16.933778762817383,6561500,0.0,0.0,16.681629943847657,16.915913105010986,42.265815668992396,-0.273660529714558,-0.33901523845207926,0.5121692699454556,0.012472966666833951,0.0,0.0,0.0,0.0,0.0,0.0,0.0,0.0,0.0,12097800.0,12715900.0,14786000.0,0.0,0.0,0.0,0.0,0.0,0.0,0.0,0.0,0.0,0.0,0.0,0.0,0.0,0.0,0.0,0.0,0.0,0.0,0.0,0.0,0.0,0.0,0.0,0.0,16.7584228515625,0.16131944456090289,16.57486261640276,0.38154858951274884,16.79189600263323,0.5127170246732647,-0.004797457676991579
2022-06-27,17.015409469604492,17.033549979960377,16.84307808117217,17.015409469604492,8163800,0.0,0.0,16.8630313873291,16.93921947479248,42.764591586373164,-0.2317019914568057,-0.3175525890530246,0.505165284918732,0.004820584225793123,0.0,0.0,0.0,0.0,0.0,0.0,0.0,0.0,0.0,6561500.0,12097800.0,12715900.0,0.0,0.0,0.0,0.0,0.0,0.0,0.0,0.0,0.0,0.0,0.0,0.0,0.0,0.0,0.0,0.0,0.0,0.0,0.0,0.0,0.0,0.0,0.0,0.0,16.891451517740887,0.14967955142135328,16.63576180594308,0.41661200440876306,16.748489379882812,0.4599414991754761,0.016251526204234645
2022-06-28,17.01540764249596,17.087967946153707,16.725166427864966,16.743305206298828,5168800,0.0,0.0,16.806796646118165,16.924253845214842,40.57376589999647,-0.21789433728543628,-0.29762093869950695,0.5063730226178869,-0.01599163768534273,0.0,0.0,0.0,0.0,0.0,0.0,0.0,0.0,0.0,8163800.0,6561500.0,12097800.0,0.0,0.0,0.0,0.0,0.0,0.0,0.0,0.0,0.0,0.0,0.0,0.0,0.0,0.0,0.0,0.0,0.0,0.0,0.0,0.0,0.0,0.0,0.0,0.0,16.897497812906902,0.13963313726363294,16.73812348502023,0.31852439690610773,16.688886097499303,0.3934772433142217,-0.008060323323703988
2022-06-29,16.661677367727545,16.933778090107033,16.580046805018856,16.879358291625977,5126600,0.0,0.0,16.859403610229492,16.912916374206542,44.28276509719706,-0.19374001068877078,-0.27684475309735973,0.5046224821135329,0.008125820060663091,0.0,0.0,0.0,0.0,0.0,0.0,0.0,0.0,0.0,5168800.0,8163800.0,6561500.0,0.0,0.0,0.0,0.0,0.0,0.0,0.0,0.0,0.0,0.0,0.0,0.0,0.0,0.0,0.0,0.0,0.0,0.0,0.0,0.0,0.0,0.0,0.0,0.0,16.879357655843098,0.13605213165394575,16.848260062081472,0.15664967753338424,16.65325382777623,0.34597168990629346,0.005402465686566327
2022-06-30,16.688887065926806,16.843077942735924,16.634467265280726,16.788658142089844,10376700,0.0,0.0,16.872101974487304,16.889334297180177,46.00434388449736,-0.17984315692858388,-0.25744443386360455,0.49851758126537565,-0.005373435883586297,0.0,0.0,0.0,0.0,0.0,0.0,0.0,0.0,0.0,5126600.0,5168800.0,8163800.0,0.0,0.0,0.0,0.0,0.0,0.0,0.0,0.0,0.0,0.0,0.0,0.0,0.0,0.0,0.0,0.0,0.0,0.0,0.0,0.0,0.0,0.0,0.0,0.0,16.803773880004883,0.06927463212674578,16.814571380615234,0.1364975846494744,16.629283087594168,0.32159546090005436,-0.018036940033385518
2022-07-01,16.870285220902563,17.151456151091665,16.77958441859107,17.097036361694336,9066900,0.0,0.0,16.904753494262696,16.859403133392334,55.88233614926265,-0.1423058419408605,-0.23441671547905574,0.4643579551499233,0.018368247003098803,0.0,0.0,0.0,0.0,0.0,0.0,0.0,0.0,0.0,10376700.0,5126600.0,5168800.0,0.0,0.0,0.0,0.0,0.0,0.0,0.0,0.0,0.0,0.0,0.0,0.0,0.0,0.0,0.0,0.0,0.0,0.0,0.0,0.0,0.0,0.0,0.0,0.0,16.92168426513672,0.1584862694583758,16.88324465070452,0.14098560766630838,16.66297176906041,0.3450079543475751,0.009640943180114547
2022-07-05,16.78865814112004,16.95191927302312,16.652607774525567,16.933778762817383,10265200,0.0,0.0,16.888427352905275,16.827204513549805,59.95144937300683,-0.12429794387580984,-0.21239296115840658,0.43320778560775686,-0.009548882942234882,0.0,0.0,0.0,0.0,0.0,0.0,0.0,0.0,0.0,9066900.0,10376700.0,5126600.0,0.0,0.0,0.0,0.0,0.0,0.0,0.0,0.0,0.0,0.0,0.0,0.0,0.0,0.0,0.0,0.0,0.0,0.0,0.0,0.0,0.0,0.0,0.0,0.0,16.93982442220052,0.15427797665137288,16.913046428135463,0.12288854431950164,16.716096333095006,0.3231518332078177,-0.013734676144163793
2022-07-06,16.960986979634296,17.251228179418472,16.960986979634296,17.169597625732422,8860200,0.0,0.0,16.973685836791994,16.80452928543091,58.64661297488686,-0.08996092990141236,-0.18790655490700775,0.39994784792958904,0.013925944481620434,0.0,0.0,0.0,0.0,0.0,0.0,0.0,0.0,0.0,10265200.0,9066900.0,10376700.0,0.0,0.0,0.0,0.0,0.0,0.0,0.0,0.0,0.0,0.0,0.0,0.0,0.0,0.0,0.0,0.0,0.0,0.0,0.0,0.0,0.0,0.0,0.0,0.0,17.06680425008138,0.12078128769006041,16.946734837123326,0.1570848448747379,16.760798726763046,0.3403099455805915,-0.012004253671887066
2022-07-07,17.224019198182365,17.396350577103735,17.142388636060357,17.378210067749023,9675500,0.0,0.0,17.0734561920166,16.79455223083496,60.431655764663994,-0.04539206682725094,-0.15940365729105638,0.3817173162544108,0.012150106634062796,0.0,0.0,0.0,0.0,0.0,0.0,0.0,0.0,0.0,8860200.0,10265200.0,9066900.0,0.0,0.0,0.0,0.0,0.0,0.0,0.0,0.0,0.0,0.0,0.0,0.0,0.0,0.0,0.0,0.0,0.0,0.0,0.0,0.0,0.0,0.0,0.0,0.0,17.160528818766277,0.22235439875489738,16.998563494001115,0.2275613809930161,16.817162649972097,0.3734234751205056,0.0052467928971520195
2022-07-08,17.278435850489636,17.37820690380163,17.015405432631486,17.287506103515625,15835100,0.0,0.0,17.173225784301756,16.79001703262329,69.04098934432605,-0.017191797271216558,-0.13096128528708842,0.37489575888605065,-0.005219407745664761,0.0,0.0,0.0,0.0,0.0,0.0,0.0,0.0,0.0,9675500.0,8860200.0,10265200.0,0.0,0.0,0.0,0.0,0.0,0.0,0.0,0.0,0.0,0.0,0.0,0.0,0.0,0.0,0.0,0.0,0.0,0.0,0.0,0.0,0.0,0.0,0.0,0.0,17.278437932332356,0.10460144137385895,17.0763064793178,0.21860479123575335,16.907214982169016,0.3157119133209729,0.03250259674010292
2022-07-11,16.77958622311475,16.86121678097648,16.534694549529565,16.743305206298828,7908800,0.0,0.0,17.102479553222658,16.7709698677063,58.413439179543595,-0.0383136884537727,-0.11243176592042528,0.3666064287624873,-0.03147943341035908,0.0,0.0,0.0,0.0,0.0,0.0,0.0,0.0,0.0,15835100.0,9675500.0,8860200.0,0.0,0.0,0.0,0.0,0.0,0.0,0.0,0.0,0.0,0.0,0.0,0.0,0.0,0.0,0.0,0.0,0.0,0.0,0.0,0.0,0.0,0.0,0.0,0.0,17.136340459187824,0.3433865675766181,17.056870324271067,0.243647709765393,16.95256519317627,0.2245908781094258,0.013728848203634625
2022-07-12,16.49841319527465,16.661674290539892,16.42585290070942,16.516551971435547,12463200,0.0,0.0,17.01903419494629,16.765527725219727,41.76465785756167,-0.07251413260636141,-0.10444823925761251,0.3696761906019019,-0.013542919517346985,0.0,0.0,0.0,0.0,0.0,0.0,0.0,0.0,0.0,7908800.0,15835100.0,9675500.0,0.0,0.0,0.0,0.0,0.0,0.0,0.0,0.0,0.0,0.0,0.0,0.0,0.0,0.0,0.0,0.0,0.0,0.0,0.0,0.0,0.0,0.0,0.0,0.0,16.84912109375,0.39622003983979037,17.017998014177596,0.30703256915730026,16.916284697396414,0.251494290832874,0.005521675992158803
2022-07-13,16.362363684547695,16.570974325698554,16.307942163398277,16.425853729248047,8601800,0.0,0.0,16.870285415649413,16.777318668365478,46.55740281982635,-0.10571816791344801,-0.10470222498877961,0.3537732769477896,-0.005491354511786617,0.0,0.0,0.0,0.0,0.0,0.0,0.0,0.0,0.0,12463200.0,7908800.0,15835100.0,0.0,0.0,0.0,0.0,0.0,0.0,0.0,0.0,0.0,0.0,0.0,0.0,0.0,0.0,0.0,0.0,0.0,0.0,0.0,0.0,0.0,0.0,0.0,0.0,16.56190363566081,0.1635128134319463,16.922114780970983,0.3754212354288396,16.902679715837753,0.27318581702038425,0.011731766983078096
2022-07-14,16.144683170295487,16.28073526097949,15.990492300164581,16.235383987426758,6778800,0.0,0.0,16.64172019958496,16.76189966201782,41.401274738492425,-0.145722127482653,-0.11290620548755428,0.37079897034341047,-0.011595728597177057,0.0,0.0,0.0,0.0,0.0,0.0,0.0,0.0,0.0,8601800.0,12463200.0,7908800.0,0.0,0.0,0.0,0.0,0.0,0.0,0.0,0.0,0.0,0.0,0.0,0.0,0.0,0.0,0.0,0.0,0.0,0.0,0.0,0.0,0.0,0.0,0.0,0.0,16.39259656270345,0.1435039656344806,16.822344098772323,0.45596608704489416,16.867695263453893,0.32425467140836,-0.0148595957830705
2022-07-15,16.434924660917677,16.516553486062065,16.280733804579974,16.480274200439453,4846900,0.0,0.0,16.480273818969728,16.756457614898682,42.13831736641385,-0.15586820841497584,-0.12149860607303861,0.3742509532910256,0.015083733972805824,0.0,0.0,0.0,0.0,0.0,0.0,0.0,0.0,0.0,6778800.0,8601800.0,12463200.0,0.0,0.0,0.0,0.0,0.0,0.0,0.0,0.0,0.0,0.0,0.0,0.0,0.0,0.0,0.0,0.0,0.0,0.0,0.0,0.0,0.0,0.0,0.0,0.0,16.380503972371418,0.12858948030040007,16.72386932373047,0.44271440555822766,16.835302080426896,0.33944205237625996,-0.014642133636468602
2022-07-18,16.85214641889547,16.997267025281992,16.679815050071188,16.72516632080078,7496500,0.0,0.0,16.47664604187012,16.79137725830078,45.23806394477354,-0.14250558748224407,-0.12570000235487971,0.33287932723021013,0.014859711518319108,0.0,0.0,0.0,0.0,0.0,0.0,0.0,0.0,0.0,4846900.0,6778800.0,8601800.0,0.0,0.0,0.0,0.0,0.0,0.0,0.0,0.0,0.0,0.0,0.0,0.0,0.0,0.0,0.0,0.0,0.0,0.0,0.0,0.0,0.0,0.0,0.0,0.0,16.480274836222332,0.2448911666876286,16.63057735988072,0.3383519884722434,16.814570426940918,0.33644587900612766,-0.014430724642828574
2022-07-19,16.87028719656348,17.033548313848712,16.81586740079311,16.970056533813477,5046400,0.0,0.0,16.5673469543457,16.83445997238159,53.753764563310654,-0.11087690067088829,-0.12273538201808144,0.29323183776769407,0.01464201959583078,0.0,0.0,0.0,0.0,0.0,0.0,0.0,0.0,0.0,7496500.0,4846900.0,6778800.0,0.0,0.0,0.0,0.0,0.0,0.0,0.0,0.0,0.0,0.0,0.0,0.0,0.0,0.0,0.0,0.0,0.0,0.0,0.0,0.0,0.0,0.0,0.0,0.0,16.725165685017902,0.2448911666876286,16.585227421351842,0.24364825242791582,16.830766950334823,0.33820458056298525,-0.0005342647843681325
2022-07-20,17.033549413167904,17.106109722202703,16.879358540222174,16.979127883911133,13431500,0.0,0.0,16.67800178527832,16.832192420959473,51.724126565155416,-0.08410939560382147,-0.11501018473522946,0.29185721763443745,0.0005345503758094061,0.0,0.0,0.0,0.0,0.0,0.0,0.0,0.0,0.0,5046400.0,7496500.0,4846900.0,0.0,0.0,0.0,0.0,0.0,0.0,0.0,0.0,0.0,0.0,0.0,0.0,0.0,0.0,0.0,0.0,0.0,0.0,0.0,0.0,0.0,0.0,0.0,0.0,16.89145024617513,0.1440775146460209,16.618916375296457,0.2823742181492948,16.837893349783762,0.34035154317884553,-0.025507385799743876
2022-07-21,17.32378795333156,17.487049055746276,17.18773761131062,17.42355728149414,15563600,0.0,0.0,16.915636444091795,16.872554111480714,59.77650349683211,-0.026726134611845254,-0.09735337471055262,0.3153080154668189,0.026175042712537344,0.0,0.0,0.0,0.0,0.0,0.0,0.0,0.0,0.0,13431500.0,5046400.0,7496500.0,0.0,0.0,0.0,0.0,0.0,0.0,0.0,0.0,0.0,0.0,0.0,0.0,0.0,0.0,0.0,0.0,0.0,0.0,0.0,0.0,0.0,0.0,0.0,0.0,17.124247233072918,0.25924978527008324,16.748488562447683,0.40781062791024014,16.883243288312638,0.3739287001720477,0.01747865179452357
2022-07-22,17.133318759516207,17.287509632485868,17.05168819559261,17.124248504638672,9935200,0.0,0.0,17.044431304931642,16.892508220672607,50.42020024233599,-0.0053396515369534825,-0.07895063007583279,0.31810518989856534,-0.017178396582273714,0.0,0.0,0.0,0.0,0.0,0.0,0.0,0.0,0.0,15563600.0,13431500.0,5046400.0,0.0,0.0,0.0,0.0,0.0,0.0,0.0,0.0,0.0,0.0,0.0,0.0,0.0,0.0,0.0,0.0,0.0,0.0,0.0,0.0,0.0,0.0,0.0,0.0,17.175644556681316,0.2266286345172989,16.848259244646346,0.4010984967968466,16.885187012808665,0.37519409230651013,0.017241363682303
2022-07-25,16.960989101455112,16.99726839097967,16.552836281964918,16.834007263183594,15146700,0.0,0.0,17.066199493408202,16.88751964569092,48.5175026456466,-0.011676156690796802,-0.0654957353988256,0.31820621514150016,-0.016949137439605355,0.0,0.0,0.0,0.0,0.0,0.0,0.0,0.0,0.0,9935200.0,15563600.0,13431500.0,0.0,0.0,0.0,0.0,0.0,0.0,0.0,0.0,0.0,0.0,0.0,0.0,0.0,0.0,0.0,0.0,0.0,0.0,0.0,0.0,0.0,0.0,0.0,0.0,17.1272710164388,0.2947866308123159,16.93377685546875,0.2996315043889569,16.878060477120535,0.37514767073700017,0.03629262354328611
2022-07-26,16.407714546856802,16.407714546856802,16.18096338034963,16.24445343017578,13040200,0.0,0.0,16.921078872680663,16.848971843719482,37.5609716065935,-0.06353752881262409,-0.0651040940815853,0.34726816586780884,-0.03502159787569903,0.0,0.0,0.0,0.0,0.0,0.0,0.0,0.0,0.0,15146700.0,9935200.0,15563600.0,0.0,0.0,0.0,0.0,0.0,0.0,0.0,0.0,0.0,0.0,0.0,0.0,0.0,0.0,0.0,0.0,0.0,0.0,0.0,0.0,0.0,0.0,0.0,0.0,16.734236399332683,0.4483029246139907,16.900088174002512,0.3652012838287097,16.81197874886649,0.4004702934111818,-0.04275784834257346
2022-07-27,16.543764961993016,17.04261856813946,16.50748567480414,16.970056533813477,9772700,0.0,0.0,16.919264602661134,16.860309410095216,45.18198970608764,-0.045562714899226364,-0.06119581824511351,0.3473382741547747,0.04466774500949411,0.0,0.0,0.0,0.0,0.0,0.0,0.0,0.0,0.0,13040200.0,15146700.0,9935200.0,0.0,0.0,0.0,0.0,0.0,0.0,0.0,0.0,0.0,0.0,0.0,0.0,0.0,0.0,0.0,0.0,0.0,0.0,0.0,0.0,0.0,0.0,0.0,0.0,16.682839075724285,0.3856991465857329,16.93507249014718,0.3572959712141433,16.78282492501395,0.3697572353419141,-0.022976402388202644
2022-07-28,17.106106390028778,17.387277316521324,17.024475842019026,17.369136810302734,9660300,0.0,0.0,16.90838050842285,16.884798336029053,50.898208871024615,0.0008748133841898209,-0.04878169191925285,0.36554083727583353,0.023516732292203857,0.0,0.0,0.0,0.0,0.0,0.0,0.0,0.0,0.0,9772700.0,13040200.0,15146700.0,0.0,0.0,0.0,0.0,0.0,0.0,0.0,0.0,0.0,0.0,0.0,0.0,0.0,0.0,0.0,0.0,0.0,0.0,0.0,0.0,0.0,0.0,0.0,0.0,16.861215591430664,0.5701867583849437,16.992083958217076,0.3937846840926278,16.78865568978446,0.3788594153293201,-0.017444976927339706
2022-07-29,17.56868116070035,17.777291818913262,17.523329889366604,17.677520751953125,7222000,0.0,0.0,17.019034957885744,16.929241466522218,60.842130148594016,0.06184795124918807,-0.026655763285564668,0.40512792167329803,0.017754707388076385,0.0,0.0,0.0,0.0,0.0,0.0,0.0,0.0,0.0,9660300.0,9772700.0,13040200.0,0.0,0.0,0.0,0.0,0.0,0.0,0.0,0.0,0.0,0.0,0.0,0.0,0.0,0.0,0.0,0.0,0.0,0.0,0.0,0.0,0.0,0.0,0.0,0.0,17.338904698689777,0.3546997186584999,17.091854367937362,0.4708812766701384,16.855385371616908,0.44649338541530326,-0.006625986127230088
2022-08-01,17.559611613919074,17.795433044433594,17.55054135928688,17.795433044433594,8471600,0.0,0.0,17.21132011413574,16.96416130065918,65.22686023759735,0.11832021705354734,0.002339432782257733,0.4481651981569964,0.0066701826650346074,0.0,0.0,0.0,0.0,0.0,0.0,0.0,0.0,0.0,7222000.0,9660300.0,9772700.0,0.0,0.0,0.0,0.0,0.0,0.0,0.0,0.0,0.0,0.0,0.0,0.0,0.0,0.0,0.0,0.0,0.0,0.0,0.0,0.0,0.0,0.0,0.0,0.0,17.614030202229817,0.2201258895193015,17.14497947692871,0.5316037451322346,16.946734019688197,0.49951437639142593,0.0066701826650346074
2022-08-02,17.668450497686376,17.79543232744676,17.632171210593487,17.677520751953125,6613000,0.0,0.0,17.49793357849121,17.001348400115965,64.80688419008148,0.15181038240548972,0.03223362270690413,0.4755323804773914,-0.006625986127230088,0.0,0.0,0.0,0.0,0.0,0.0,0.0,0.0,0.0,8471600.0,7222000.0,9660300.0,0.0,0.0,0.0,0.0,0.0,0.0,0.0,0.0,0.0,0.0,0.0,0.0,0.0,0.0,0.0,0.0,0.0,0.0,0.0,0.0,0.0,0.0,0.0,0.0,17.716824849446613,0.06807669380436442,17.224018369402206,0.5678990024291521,17.036138807024276,0.5109958532111726,-0.03034822716360619
2022-08-03,17.922411293600366,18.230792999267578,17.886130278828222,18.230792999267578,7339100,0.0,0.0,17.750080871582032,17.054408168792726,71.73912772438075,0.22045476094385918,0.06987785035429514,0.5488461241641069,0.031298068042336924,0.0,0.0,0.0,0.0,0.0,0.0,0.0,0.0,0.0,6613000.0,8471600.0,7222000.0,0.0,0.0,0.0,0.0,0.0,0.0,0.0,0.0,0.0,0.0,0.0,0.0,0.0,0.0,0.0,0.0,0.0,0.0,0.0,0.0,0.0,0.0,0.0,0.0,17.901248931884766,0.29141945103219463,17.423559188842773,0.6477945126562996,17.17866802215576,0.5474489216496005,-0.0024814330842228838
2022-08-04,18.294284536574928,18.38498535092561,18.212653976656725,18.27614402770996,8486500,0.0,0.0,17.931482315063477,17.09930486679077,70.45455434174801,0.27534141009104474,0.11097056230164506,0.6100425292147239,0.0024876059118330573,0.0,0.0,0.0,0.0,0.0,0.0,0.0,0.0,0.0,7339100.0,6613000.0,8471600.0,0.0,0.0,0.0,0.0,0.0,0.0,0.0,0.0,0.0,0.0,0.0,0.0,0.0,0.0,0.0,0.0,0.0,0.0,0.0,0.0,0.0,0.0,0.0,0.0,18.061485926310223,0.3332958449853551,17.71380070277623,0.4591216153768338,17.30694443838937,0.5806121498165913,-0.00787798860825828
2022-08-05,18.230796382804158,18.421266555786133,18.158236069767074,18.421266555786133,5790000,0.0,0.0,18.08023147583008,17.155992889404295,69.76745736940734,0.32678270257322595,0.15413299035596123,0.6774090820748883,0.007940544124413806,0.0,0.0,0.0,0.0,0.0,0.0,0.0,0.0,0.0,8486500.0,7339100.0,6613000.0,0.0,0.0,0.0,0.0,0.0,0.0,0.0,0.0,0.0,0.0,0.0,0.0,0.0,0.0,0.0,0.0,0.0,0.0,0.0,0.0,0.0,0.0,0.0,0.0,18.30940119425456,0.0994965993295119,17.921116420200892,0.389711398282354,17.428094455174037,0.6251277729065338,0.0019733317508778825
2022-08-08,18.421266168209485,18.484756224534333,18.321496821116558,18.384986877441406,9722500,0.0,0.0,18.19814224243164,17.238076972961426,67.33336666833341,0.36046758470614293,0.1953999092259976,0.7227191850537151,-0.0019694453817743485,0.0,0.0,0.0,0.0,0.0,0.0,0.0,0.0,0.0,5790000.0,8486500.0,7339100.0,0.0,0.0,0.0,0.0,0.0,0.0,0.0,0.0,0.0,0.0,0.0,0.0,0.0,0.0,0.0,0.0,0.0,0.0,0.0,0.0,0.0,0.0,0.0,0.0,18.360799153645832,0.07552431082514006,18.06623785836356,0.335241836182841,17.52916090829032,0.6588477062919074,0.00446008577536916
2022-08-09,18.30335235595703,18.375912651789438,18.25800108982808,18.30335235595703,5140100,0.0,0.0,18.323308563232423,17.3274169921875,65.93882192184623,0.3762388258633109,0.23156769255346027,0.7390861327745307,-0.0044402817379511905,0.0,0.0,0.0,0.0,0.0,0.0,0.0,0.0,0.0,9722500.0,5790000.0,8486500.0,0.0,0.0,0.0,0.0,0.0,0.0,0.0,0.0,0.0,0.0,0.0,0.0,0.0,0.0,0.0,0.0,0.0,0.0,0.0,0.0,0.0,0.0,0.0,0.0,18.369868596394856,0.060393389097529,18.155642373221262,0.29537903829309925,17.62374837057931,0.6687890859053888,-0.009813509677821464
2022-08-10,18.548244429067832,18.684294770631073,18.421262610964714,18.484752655029297,5828100,0.0,0.0,18.374100494384766,17.430361938476562,63.63634135509506,0.3987782685664172,0.26500980775605165,0.7502060840233336,0.00991076910636135,0.0,0.0,0.0,0.0,0.0,0.0,0.0,0.0,0.0,5140100.0,9722500.0,5790000.0,0.0,0.0,0.0,0.0,0.0,0.0,0.0,0.0,0.0,0.0,0.0,0.0,0.0,0.0,0.0,0.0,0.0,0.0,0.0,0.0,0.0,0.0,0.0,0.0,18.39103062947591,0.09085104473734575,18.25411660330636,0.2690028676079573,17.699548040117538,0.7035863396585115,0.01141425822662856
2022-08-11,18.403125859790574,18.521035707464563,18.23079448552169,18.27614402770996,7446900,0.0,0.0,18.374100494384766,17.532399940490723,65.15510060070837,0.39525175034461313,0.29105819627376395,0.7171770009623937,-0.011285443263022388,0.0,0.0,0.0,0.0,0.0,0.0,0.0,0.0,0.0,5828100.0,5140100.0,9722500.0,0.0,0.0,0.0,0.0,0.0,0.0,0.0,0.0,0.0,0.0,0.0,0.0,0.0,0.0,0.0,0.0,0.0,0.0,0.0,0.0,0.0,0.0,0.0,0.0,18.35474967956543,0.1134048213419237,18.33963421412877,0.09219983368610639,17.781826291765487,0.6984684351256231,0.0019889274672033608
2022-08-12,18.185444725593477,18.267075292299776,18.094745633674737,18.239866256713867,4842800,0.0,0.0,18.33782043457031,17.620379543304445,69.82097324252648,0.38509056202477154,0.3098646694239655,0.6886770677391296,-0.001984979486979843,0.0,0.0,0.0,0.0,0.0,0.0,0.0,0.0,0.0,7446900.0,5828100.0,5140100.0,0.0,0.0,0.0,0.0,0.0,0.0,0.0,0.0,0.0,0.0,0.0,0.0,0.0,0.0,0.0,0.0,0.0,0.0,0.0,0.0,0.0,0.0,0.0,0.0,18.333587646484375,0.13216339895523418,18.34093039376395,0.0904620829346275,17.88224479130336,0.6511777177441783,0.0
2022-08-15,18.158235690007572,18.276145547486507,18.158235690007572,18.239866256713867,2987500,0.0,0.0,18.308796310424803,17.696114540100098,83.742335839405,0.37274102061151027,0.3224399396614745,0.6680248675058592,0.0,0.0,0.0,0.0,0.0,0.0,0.0,0.0,0.0,0.0,4842800.0,7446900.0,5828100.0,0.0,0.0,0.0,0.0,0.0,0.0,0.0,0.0,0.0,0.0,0.0,0.0,0.0,0.0,0.0,0.0,0.0,0.0,0.0,0.0,0.0,0.0,0.0,0.0,18.2519588470459,0.020944980850180244,18.335747855050222,0.09568089874838479,18.024774278913224,0.4534948785501921,-0.001984979486979843
2022-08-16,18.185443213359278,18.285214282142444,18.131023416738525,18.27614402770996,7513200,0.0,0.0,18.30335464477539,17.761418914794923,78.79999663534736,0.3617116463003889,0.3302942809892574,0.6570615608199808,0.0019889274672033608,0.0,0.0,0.0,0.0,0.0,0.0,0.0,0.0,0.0,2987500.0,4842800.0,7446900.0,0.0,0.0,0.0,0.0,0.0,0.0,0.0,0.0,0.0,0.0,0.0,0.0,0.0,0.0,0.0,0.0,0.0,0.0,0.0,0.0,0.0,0.0,0.0,0.0,18.2519588470459,0.020944980850180244,18.315016065325057,0.08959122411764635,18.118066242762975,0.33996138070747417,0.0029866759896706174
2022-08-17,18.212651396022643,18.303352197521516,18.049390299319455,18.221721649169922,10568900,0.0,0.0,18.250748443603516,17.823548603057862,72.16975985239999,0.3446069422551439,0.33315681324243474,0.6376587681113112,-0.002977782318716926,0.0,0.0,0.0,0.0,0.0,0.0,0.0,0.0,0.0,7513200.0,2987500.0,4842800.0,0.0,0.0,0.0,0.0,0.0,0.0,0.0,0.0,0.0,0.0,0.0,0.0,0.0,0.0,0.0,0.0,0.0,0.0,0.0,0.0,0.0,0.0,0.0,0.0,18.24591064453125,0.027710102662267973,18.29169246128627,0.08959122411765555,18.178965159824916,0.2631738647189843,0.006008929520099571
2022-08-18,18.04032230982674,18.185442918444743,18.04032230982674,18.112882614135742,5370900,0.0,0.0,18.21809616088867,17.858014869689942,62.63155622897784,0.318596360026028,0.3302447225991534,0.6335168351671779,-0.005973037956001126,0.0,0.0,0.0,0.0,0.0,0.0,0.0,0.0,0.0,10568900.0,7513200.0,2987500.0,0.0,0.0,0.0,0.0,0.0,0.0,0.0,0.0,0.0,0.0,0.0,0.0,0.0,0.0,0.0,0.0,0.0,0.0,0.0,0.0,0.0,0.0,0.0,0.0,18.203582763671875,0.08312843476149347,18.264482498168945,0.11166457083437467,18.210062435695104,0.22183987999869453,0.009605553551519153
2022-08-19,18.176375095761895,18.176375095761895,17.913342901254598,17.940553665161133,2868500,0.0,0.0,18.158233642578125,17.898830127716064,54.081633747871614,0.28083993232118587,0.32036376454355986,0.6095990872734138,-0.009514164732681407,0.0,0.0,0.0,0.0,0.0,0.0,0.0,0.0,0.0,5370900.0,10568900.0,7513200.0,0.0,0.0,0.0,0.0,0.0,0.0,0.0,0.0,0.0,0.0,0.0,0.0,0.0,0.0,0.0,0.0,0.0,0.0,0.0,0.0,0.0,0.0,0.0,0.0,18.091719309488933,0.14177366788501833,18.186739785330637,0.12173557363679999,18.220428194318497,0.20361752996600854,0.013319754916250925
2022-08-22,17.66844997156219,17.79543179754136,17.64124093954627,17.704730987548828,9260400,0.0,0.0,18.051206588745117,17.942366313934325,50.71770671925623,0.22924616502414707,0.3021402446396773,0.5585002780030831,-0.01314467111849782,0.0,0.0,0.0,0.0,0.0,0.0,0.0,0.0,0.0,2868500.0,5370900.0,10568900.0,0.0,0.0,0.0,0.0,0.0,0.0,0.0,0.0,0.0,0.0,0.0,0.0,0.0,0.0,0.0,0.0,0.0,0.0,0.0,0.0,0.0,0.0,0.0,0.0,17.919389088948567,0.20489727190979998,18.105109351021902,0.21079688773704056,18.222371782575333,0.19809157036057032,0.014025913304424265
2022-08-23,17.614031645380354,17.64124240963788,17.459840774536133,17.459840774536133,6669000,0.0,0.0,17.887945938110352,18.003135681152344,25.714299447594797,0.16667580425167117,0.2750473565620761,0.41055758398328096,-0.013831908159741002,0.0,0.0,0.0,0.0,0.0,0.0,0.0,0.0,0.0,9260400.0,2868500.0,5370900.0,0.0,0.0,0.0,0.0,0.0,0.0,0.0,0.0,0.0,0.0,0.0,0.0,0.0,0.0,0.0,0.0,0.0,0.0,0.0,0.0,0.0,0.0,0.0,0.0,17.7017084757487,0.24037069806123781,17.993677139282227,0.3103503704830265,18.167303766523087,0.2840708640011393,0.0
2022-08-24,17.450770519783624,17.586820881122833,17.4144912307478,17.459840774536133,5528700,0.0,0.0,17.735569763183594,18.027624893188477,23.529382658627767,0.11575400245840584,0.24318868574134203,0.35677764462088374,0.0,0.0,0.0,0.0,0.0,0.0,0.0,0.0,0.0,0.0,6669000.0,9260400.0,2868500.0,0.0,0.0,0.0,0.0,0.0,0.0,0.0,0.0,0.0,0.0,0.0,0.0,0.0,0.0,0.0,0.0,0.0,0.0,0.0,0.0,0.0,0.0,0.0,0.0,17.541470845540363,0.1413874304047832,17.88224492754255,0.3452912617981481,18.108996391296387,0.3385617211722973,0.0036498311093802194
2022-08-25,17.35099578171731,17.41448755157089,17.2512264604665,17.396347045898438,3818500,0.0,0.0,17.59226264953613,18.02898540496826,14.906642459231591,0.0694738431853601,0.20844571723014566,0.3541768523190397,-0.0036365582858175483,0.0,0.0,0.0,0.0,0.0,0.0,0.0,0.0,0.0,5528700.0,6669000.0,9260400.0,0.0,0.0,0.0,0.0,0.0,0.0,0.0,0.0,0.0,0.0,0.0,0.0,0.0,0.0,0.0,0.0,0.0,0.0,0.0,0.0,0.0,0.0,0.0,0.0,17.438676198323567,0.03665812132081916,17.75655964442662,0.33806287639407623,18.03578785487584,0.3747241122745005,0.028969833854360028
2022-08-26,17.37820946694461,17.42355900878936,16.888427841119626,16.906566619873047,5710800,0.0,0.0,17.385465240478517,17.990437698364257,11.374268714432361,-0.006648068784837591,0.16542696002714902,0.4285816034058609,-0.02815421103828042,0.0,0.0,0.0,0.0,0.0,0.0,0.0,0.0,0.0,3818500.0,5528700.0,6669000.0,0.0,0.0,0.0,0.0,0.0,0.0,0.0,0.0,0.0,0.0,0.0,0.0,0.0,0.0,0.0,0.0,0.0,0.0,0.0,0.0,0.0,0.0,0.0,0.0,17.25425148010254,0.3027729098163835,17.568680354527064,0.3968083308298646,17.930186407906668,0.46595752579224425,0.013594238920675794
2022-08-29,16.661678419051622,16.75237751225161,16.57097759587732,16.67981719970703,5544000,0.0,0.0,17.180482482910158,17.93465690612793,10.572586831095776,-0.08430025477148462,0.11548151706742231,0.5184709790171217,-0.013411914155265547,0.0,0.0,0.0,0.0,0.0,0.0,0.0,0.0,0.0,5710800.0,3818500.0,5528700.0,0.0,0.0,0.0,0.0,0.0,0.0,0.0,0.0,0.0,0.0,0.0,0.0,0.0,0.0,0.0,0.0,0.0,0.0,0.0,0.0,0.0,0.0,0.0,0.0,16.994243621826172,0.3662228797117757,17.363956723894393,0.4368982266221474,17.814219611031668,0.5587353554299611,-0.002170343867315183
2022-08-30,17.033548868671637,17.033548868671637,16.652606825922618,16.716096878051758,6267500,0.0,0.0,17.03173370361328,17.88658571243286,3.7913345764809776,-0.1412840699668969,0.06412839966055847,0.5839963821333634,0.0021750645052251993,0.0,0.0,0.0,0.0,0.0,0.0,0.0,0.0,0.0,5544000.0,5710800.0,3818500.0,0.0,0.0,0.0,0.0,0.0,0.0,0.0,0.0,0.0,0.0,0.0,0.0,0.0,0.0,0.0,0.0,0.0,0.0,0.0,0.0,0.0,0.0,0.0,0.0,16.767493565877277,0.12179917703326654,17.18903432573591,0.41197770815260226,17.687887055533274,0.594282226127824,0.007103811321925502
2022-08-31,16.761447627272297,16.8249376839706,16.598186492919922,16.598186492919922,7419500,0.0,0.0,16.85940284729004,17.804955387115477,3.9799542798554057,-0.193725390999834,0.012557641528479976,0.6443359455919377,-0.007053703145657897,0.0,0.0,0.0,0.0,0.0,0.0,0.0,0.0,0.0,6267500.0,5544000.0,5710800.0,0.0,0.0,0.0,0.0,0.0,0.0,0.0,0.0,0.0,0.0,0.0,0.0,0.0,0.0,0.0,0.0,0.0,0.0,0.0,0.0,0.0,0.0,0.0,0.0,16.664700190226238,0.06039128838015978,17.030956540788925,0.39297832933683896,17.56803294590541,0.6343693828282414,-0.0065145668720066885
2022-09-01,16.625394972005257,16.7070255279541,16.498414876073298,16.7070255279541,4480300,0.0,0.0,16.721538543701172,17.726499462127684,9.569173865884252,-0.22392188313402883,-0.03473826340402179,0.6785639636356791,0.006557284741957048,0.0,0.0,0.0,0.0,0.0,0.0,0.0,0.0,0.0,7419500.0,6267500.0,5544000.0,0.0,0.0,0.0,0.0,0.0,0.0,0.0,0.0,0.0,0.0,0.0,0.0,0.0,0.0,0.0,0.0,0.0,0.0,0.0,0.0,0.0,0.0,0.0,0.0,16.67376963297526,0.06561387538940655,16.923411505562918,0.35744926839977625,17.458544322422572,0.6417322611586598,0.018242070090468188
2022-09-02,16.598184996674956,16.72516682859907,16.326084283932406,16.40771484375,5248800,0.0,0.0,16.621768188476562,17.62582187652588,8.264286142565538,-0.2689049229120428,-0.081571595305626,0.7182692660519406,-0.017915258685832325,0.0,0.0,0.0,0.0,0.0,0.0,0.0,0.0,0.0,4480300.0,7419500.0,6267500.0,0.0,0.0,0.0,0.0,0.0,0.0,0.0,0.0,0.0,0.0,0.0,0.0,0.0,0.0,0.0,0.0,0.0,0.0,0.0,0.0,0.0,0.0,0.0,0.0,16.57097562154134,0.15149932363072555,16.7731078011649,0.31269477620110653,17.327676364353724,0.6567795877267365,0.006117851804548824
2022-09-06,16.453065875395342,16.52562618736059,16.262595705226925,16.307945251464844,7158700,0.0,0.0,16.547393798828125,17.52196979522705,6.425628192903972,-0.3090424295538945,-0.1270657621552797,0.7520871393034146,-0.006080651281135663,0.0,0.0,0.0,0.0,0.0,0.0,0.0,0.0,0.0,5248800.0,4480300.0,7419500.0,0.0,0.0,0.0,0.0,0.0,0.0,0.0,0.0,0.0,0.0,0.0,0.0,0.0,0.0,0.0,0.0,0.0,0.0,0.0,0.0,0.0,0.0,0.0,0.0,16.474228541056316,0.2076880370115285,16.61762183053153,0.20223170308734506,17.187090737479075,0.6487403607997303,-0.02441668228920213
2022-09-07,16.453064684974834,16.734237387224134,16.425855651190442,16.716096878051758,4769300,0.0,0.0,16.547393798828125,17.44260702133179,21.180524370822923,-0.3044082388526377,-0.1625342574947513,0.7490334013992521,0.025027777582847355,0.0,0.0,0.0,0.0,0.0,0.0,0.0,0.0,0.0,7158700.0,5248800.0,4480300.0,0.0,0.0,0.0,0.0,0.0,0.0,0.0,0.0,0.0,0.0,0.0,0.0,0.0,0.0,0.0,0.0,0.0,0.0,0.0,0.0,0.0,0.0,0.0,0.0,16.4772523244222,0.21277578218646778,16.5904118674142,0.1665390542026275,17.079546110970632,0.5857726628478093,-0.005396522153011674
2022-09-08,16.64353402263713,16.806795120239258,16.580043980230506,16.806795120239258,3936900,0.0,0.0,16.58911552429199,17.358709144592286,24.825075587346035,-0.29007323549222264,-0.1880420530942456,0.7195532923144633,0.005425802617032405,0.0,0.0,0.0,0.0,0.0,0.0,0.0,0.0,0.0,4769300.0,7158700.0,5248800.0,0.0,0.0,0.0,0.0,0.0,0.0,0.0,0.0,0.0,0.0,0.0,0.0,0.0,0.0,0.0,0.0,0.0,0.0,0.0,0.0,0.0,0.0,0.0,0.0,16.610279083251953,0.2657270256603241,16.608551570347377,0.1839096682031064,16.986254147120885,0.5072888928050473,-0.02780684387892185
2022-09-09,17.024475685657475,17.323787115619577,17.0063351796055,17.287506103515625,5513600,0.0,0.0,16.705211639404297,17.309277248382568,38.74989567568314,-0.23718911470070836,-0.19787146541553816,0.6864053862110293,0.028602180239436725,0.0,0.0,0.0,0.0,0.0,0.0,0.0,0.0,0.0,3936900.0,4769300.0,7158700.0,0.0,0.0,0.0,0.0,0.0,0.0,0.0,0.0,0.0,0.0,0.0,0.0,0.0,0.0,0.0,0.0,0.0,0.0,0.0,0.0,0.0,0.0,0.0,0.0,16.93679936726888,0.3070878602625128,16.690181459699357,0.3177278157486875,16.939607892717635,0.43809458219445,-0.00935575999291749
2022-09-12,17.441701076612553,17.604962209806,17.40542178588861,17.45077133178711,3607400,0.0,0.0,16.91382293701172,17.26982250213623,45.512841251610894,-0.18002867006233103,-0.19430290634489675,0.6519115964992948,0.009444116883827514,0.0,0.0,0.0,0.0,0.0,0.0,0.0,0.0,0.0,5513600.0,3936900.0,4769300.0,0.0,0.0,0.0,0.0,0.0,0.0,0.0,0.0,0.0,0.0,0.0,0.0,0.0,0.0,0.0,0.0,0.0,0.0,0.0,0.0,0.0,0.0,0.0,0.0,17.181690851847332,0.33477453737418444,16.811979293823242,0.4226694299787495,16.92146791730608,0.40821535677704307,0.036637982802371294
2022-09-13,17.015408900729064,17.142389009026356,16.770517209034946,16.834007263183594,15227800,0.0,0.0,17.01903533935547,17.199529552459715,40.226614044232626,-0.18239378962100616,-0.19192108300011865,0.616651139307635,-0.035343083516317764,0.0,0.0,0.0,0.0,0.0,0.0,0.0,0.0,0.0,3607400.0,5513600.0,3936900.0,0.0,0.0,0.0,0.0,0.0,0.0,0.0,0.0,0.0,0.0,0.0,0.0,0.0,0.0,0.0,0.0,0.0,0.0,0.0,0.0,0.0,0.0,0.0,0.0,17.19076156616211,0.3195608051856479,16.83011954171317,0.42013155490092796,16.876765523638046,0.37786290597295685,0.026548886661655224
2022-09-14,16.66167372643096,16.725163765779236,16.29887053591423,16.39864158630371,16757300,0.0,0.0,16.95554428100586,17.105654430389404,35.411420318614375,-0.2168982673212625,-0.19691651986434744,0.5862901185787895,-0.025862272130061315,0.0,0.0,0.0,0.8519,0.8519,1.0,7.0,1.0,0.0,15227800.0,3607400.0,5513600.0,0.0,0.0,0.0,0.0,0.0,0.0,0.0,0.0,0.0,0.0,0.0,0.0,0.0,0.0,0.0,0.0,0.0,0.0,0.0,0.0,0.0,0.0,0.0,0.0,16.894473393758137,0.5286647000157405,16.828823362077987,0.42166315092979795,16.800965581621444,0.357806544049497,0.01630103352254797
2022-09-15,16.053983833987747,16.153753174306996,15.881652457110253,16.1356143951416,21950100,0.0,0.0,16.821308135986328,17.00134906768799,33.5697578169471,-0.26244214097033236,-0.2100216440855444,0.5623618154992706,-0.016039571922944695,0.0,0.0,0.0,0.0,0.0,0.0,0.0,0.0,0.0,16757300.0,15227800.0,3607400.0,0.0,0.0,0.0,0.0,0.0,0.0,0.0,0.0,0.0,0.8519,0.0,0.0,0.8519,0.0,0.0,1.0,0.0,0.0,7.0,0.0,0.0,1.0,0.0,0.0,16.456087748209637,0.3527225477216764,16.80420466831752,0.46039493594450626,16.710913249424525,0.35507453133201194,0.023590519701195634
2022-09-16,15.600480206921638,15.836299886514396,15.50070914480422,15.763739585876465,42686600,0.0,0.0,16.516554832458496,16.883891916275026,34.63412044601199,-0.32479909638069415,-0.2329771345445744,0.56330846814209,-0.023046832934797146,0.0,0.0,0.0,0.0,0.0,0.0,0.0,0.0,0.0,21950100.0,16757300.0,15227800.0,0.0,0.0,0.0,0.0,0.0,0.0,0.0,0.0,0.0,0.0,0.8519,0.0,0.0,0.8519,0.0,0.0,1.0,0.0,0.0,7.0,0.0,0.0,1.0,0.0,16.099331855773926,0.3190022798254808,16.668153626578196,0.6078673629481469,16.6292827469962,0.43007880842985546,-0.0017232141153177283
2022-09-19,15.790950775146484,15.890721839966785,15.682111186228042,15.790950775146484,15219300,0.0,0.0,16.18459072113037,16.776411771774292,37.37110873720843,-0.367782153511083,-0.25993813833787616,0.5561123907849024,0.0017261887080650684,0.0,0.0,0.0,0.0,0.0,0.0,0.0,0.0,0.0,42686600.0,21950100.0,16757300.0,0.0,0.0,0.0,0.0,0.0,0.0,0.0,0.0,0.0,0.0,0.0,0.8519,0.0,0.0,0.8519,0.0,0.0,1.0,0.0,0.0,7.0,0.0,0.0,1.0,15.89676825205485,0.2072938066029332,16.523033005850657,0.6855484182387851,16.565792288099015,0.48424353265263603,0.0229141120345282
2022-09-20,15.654901496144229,15.700251039637017,15.373730520545712,15.437220573425293,18634300,0.0,0.0,15.905233383178711,16.663036251068114,33.33333333333333,-0.4254848821293322,-0.29304748709616735,0.5871669339408614,-0.02240081719955267,0.0,0.0,0.0,0.0,0.0,0.0,0.0,0.0,0.0,15219300.0,42686600.0,21950100.0,0.0,0.0,0.0,0.0,0.0,0.0,0.0,0.0,0.0,0.0,0.0,0.0,0.0,0.0,0.0,0.0,0.0,0.0,0.0,0.0,0.0,0.0,0.0,0.0,15.663970311482748,0.19684180193042014,16.258706501552037,0.698253752553616,16.474443980625697,0.5672235243448225,0.0
2022-09-21,15.500710626304874,15.682112260224416,15.4190800640385,15.437220573425293,10736000,0.0,0.0,15.712949180603028,16.561905241012575,34.390242088507364,-0.46584474207663007,-0.32760693809225994,0.6161729149394869,0.0,0.0,0.0,0.0,0.9646,0.9646,1.0,7.0,1.0,0.0,18634300.0,15219300.0,42686600.0,0.0,0.0,0.0,0.0,0.0,0.0,0.0,0.0,0.0,0.0,0.0,0.0,0.0,0.0,0.0,0.0,0.0,0.0,0.0,0.0,0.0,0.0,0.0,0.0,15.55513064066569,0.204226227184229,15.971056393214635,0.5163933085308495,16.391517843518937,0.6292179892222333,0.02038372169180569
2022-09-22,15.328378948569775,15.400939254729694,15.056278232963617,15.128838539123535,17899000,0.0,0.0,15.511594009399413,16.445355129241943,29.86113257695149,-0.5167572192209313,-0.3654369943179942,0.6565229598590391,-0.019976525750537544,0.0,0.0,0.0,0.0,0.0,0.0,0.0,0.0,0.0,10736000.0,18634300.0,15219300.0,0.0,0.0,0.0,0.0,0.0,0.0,0.0,0.0,0.0,0.9646,0.0,0.0,0.9646,0.0,0.0,1.0,0.0,0.0,7.0,0.0,0.0,1.0,0.0,0.0,15.334426561991373,0.17804445051736204,15.727460861206055,0.4376542626778529,16.27879020145961,0.7051354066540106,0.0042143645801695495
2022-09-23,15.038136909432303,15.156046751815612,14.865805542896023,15.065347671508789,18057100,0.0,0.0,15.37191562652588,16.32880516052246,31.77340909326344,-0.5558217395372029,-0.403513943361836,0.6850963279677215,-0.0041966782480067355,0.0,0.0,0.0,0.9538,0.9538,1.0,10.0,1.0,0.0,17899000.0,10736000.0,18634300.0,0.0,0.0,0.0,0.0,0.0,0.0,0.0,0.0,0.0,0.0,0.9646,0.0,0.0,0.9646,0.0,0.0,1.0,0.0,0.0,7.0,0.0,0.0,1.0,0.0,15.210468928019205,0.19892210558003184,15.536990301949638,0.38366751979306396,16.18290683201381,0.7741455719257059,-0.004793347902080303
2022-09-26,15.174188223979847,15.35558985606723,15.092557662537942,15.137908935546875,10331500,0.0,0.0,15.241307258605957,16.240372276306154,33.99505321189004,-0.5743053313769746,-0.43767222096486375,0.7198611199331266,0.004816434749482124,0.0,0.0,0.0,0.0,0.0,0.0,0.0,0.0,0.0,18057100.0,17899000.0,10736000.0,0.0,0.0,0.0,0.0,0.0,0.0,0.0,0.0,0.0,0.9538,0.0,0.9646,0.9538,0.0,0.9646,1.0,0.0,1.0,10.0,0.0,7.0,1.0,0.0,1.0,15.110698382059732,0.03953584744791451,15.394460950578962,0.3005321431810616,16.099332809448242,0.8213272148798946,-0.005955842784788112
2022-09-27,15.328377461465468,15.455359282406626,15.128837071377925,15.228608131408691,12443100,0.0,0.0,15.199584770202637,16.167811822891235,27.7174001554894,-0.5750067243863732,-0.46513912164916565,0.7459030226241792,0.005991527379903605,0.0,0.0,0.0,0.0,0.0,0.0,0.0,0.0,0.0,10331500.0,18057100.0,17899000.0,0.0,0.0,0.0,0.0,0.0,0.0,0.0,0.0,0.0,0.0,0.9538,0.0,0.0,0.9538,0.0,0.0,1.0,0.0,0.0,10.0,0.0,0.0,1.0,0.0,15.143954912821451,0.08179798177574106,15.31801359994071,0.25565226373348554,15.993083613259452,0.8315526804944114,-0.01870261809737106
2022-09-28,15.29210010068843,15.600481843238969,15.228610047217591,15.518851280212402,8791800,0.0,0.0,15.215910911560059,16.10794954299927,31.7949506019565,-0.5458501660203741,-0.4812813305234074,0.7476249586524751,0.01905907265451856,0.0,0.0,0.0,0.0,0.0,0.0,0.0,0.0,0.0,12443100.0,10331500.0,18057100.0,0.0,0.0,0.0,0.0,0.0,0.0,0.0,0.0,0.0,0.0,0.0,0.9538,0.0,0.0,0.9538,0.0,0.0,1.0,0.0,0.0,10.0,0.0,0.0,1.0,15.295122782389322,0.19899099624385758,15.279142243521553,0.18176807814198945,15.901087624686104,0.8054393167235067,0.012426078538933405
2022-09-29,15.273959831493123,15.32837963104248,15.146979722553208,15.32837963104248,6037800,0.0,0.0,15.255819129943848,16.044459199905397,19.832549003367873,-0.5319805134905344,-0.4914211671168328,0.7576520172091034,-0.012273566240871614,0.0,0.0,0.0,0.0,0.0,0.0,0.0,0.0,0.0,8791800.0,12443100.0,10331500.0,0.0,0.0,0.0,0.0,0.0,0.0,0.0,0.0,0.0,0.0,0.0,0.0,0.0,0.0,0.0,0.0,0.0,0.0,0.0,0.0,0.0,0.0,0.0,0.0,15.358613014221191,0.14746462101363697,15.263593537466866,0.17028458117394094,15.761150019509452,0.7106446254990882,-0.0041247143196504465
2022-09-30,15.509778244959698,15.627688075985535,15.391866683959961,15.391866683959961,6245800,0.0,0.0,15.321122932434083,15.978701257705689,17.291024279799473,-0.5099870263641613,-0.4951343389662985,0.754184666692124,0.004141798053390433,0.0,0.0,0.0,0.0,0.0,0.0,0.0,0.0,0.0,6037800.0,8791800.0,12443100.0,0.0,0.0,0.0,0.0,0.0,0.0,0.0,0.0,0.0,0.0,0.0,0.0,0.0,0.0,0.0,0.0,0.0,0.0,0.0,0.0,0.0,0.0,0.0,0.0,15.413032531738281,0.09698379822685829,15.25711441040039,0.16329667806186146,15.614085401807513,0.5221231189063045,-0.004692140199565542
2022-10-03,15.301168570959334,15.573269262664528,15.25581730235913,15.464427947998047,9703100,0.0,0.0,15.386426734924317,15.93153691291809,23.693357962509637,-0.4811554808989911,-0.492338567352837,0.7554375027157538,0.004714260169216722,0.0,0.0,0.0,0.0,0.0,0.0,0.0,0.0,0.0,6245800.0,6037800.0,8791800.0,0.0,0.0,0.0,0.0,0.0,0.0,0.0,0.0,0.0,0.0,0.0,0.0,0.0,0.0,0.0,0.0,0.0,0.0,0.0,0.0,0.0,0.0,0.0,0.0,15.394891421000162,0.06807457610761607,15.305055754525322,0.16853804060216146,15.516258307865687,0.38671886112461956,-0.03672332997224281
2022-10-04,15.763740734676952,16.063052212867838,15.700250683238606,16.053983688354492,8648900,0.0,0.0,15.551501846313476,15.918838834762573,43.750073498028875,-0.4060533223334666,-0.47508151834896295,0.7508982600294289,0.038123346194177676,0.0,0.0,0.0,0.0,0.0,0.0,0.0,0.0,0.0,9703100.0,6245800.0,6037800.0,0.0,0.0,0.0,0.0,0.0,0.0,0.0,0.0,0.0,0.0,0.0,0.0,0.0,0.0,0.0,0.0,0.0,0.0,0.0,0.0,0.0,0.0,0.0,0.0,15.636759440104166,0.3631436895441495,15.446289471217565,0.2983942505789002,15.4916398865836,0.33353959626184304,0.003401372303278194
2022-10-05,15.917932651363333,16.09933429313484,15.781882285021837,15.999563217163086,6090900,0.0,0.0,15.647644233703613,15.88301215171814,47.33095752506834,-0.34692644569103415,-0.4494505038173772,0.7275894141237745,-0.003389842187947578,0.0,0.0,0.0,0.0,0.0,0.0,0.0,0.0,0.0,8648900.0,9703100.0,6245800.0,0.0,0.0,0.0,0.0,0.0,0.0,0.0,0.0,0.0,0.0,0.0,0.0,0.0,0.0,0.0,0.0,0.0,0.0,0.0,0.0,0.0,0.0,0.0,0.0,15.839324951171875,0.32580856213843,15.56938294001988,0.3263903699076565,15.48192194529942,0.31478850217051957,0.00915343094859633
2022-10-06,16.017701801052702,16.08119184904516,15.845370435091697,15.854440689086914,10827300,0.0,0.0,15.7528564453125,15.835394430160523,51.95313478677486,-0.3082251178468738,-0.42120542662327654,0.6943544204501647,-0.009070405617104371,0.0,0.0,0.0,0.0,0.0,0.0,0.0,0.0,0.0,6090900.0,8648900.0,9703100.0,0.0,0.0,0.0,0.0,0.0,0.0,0.0,0.0,0.0,0.0,0.0,0.0,0.0,0.0,0.0,0.0,0.0,0.0,0.0,0.0,0.0,0.0,0.0,0.0,15.969329198201498,0.10315000759138158,15.658787591116768,0.3023138959386348,15.48840059552874,0.32188803900321494,0.024618829221956906
2022-10-07,15.718392913501955,15.763742460931436,15.41908140253409,15.473501205444336,14041700,0.0,0.0,15.769183349609374,15.744694185256957,44.067837689680566,-0.3047793626145676,-0.39792021382153475,0.6077673060804298,-0.024027305101011254,0.0,0.0,0.0,0.0,0.0,0.0,0.0,0.0,0.0,10827300.0,6090900.0,8648900.0,0.0,0.0,0.0,0.0,0.0,0.0,0.0,0.0,0.0,0.0,0.0,0.0,0.0,0.0,0.0,0.0,0.0,0.0,0.0,0.0,0.0,0.0,0.0,0.0,15.775835037231445,0.27169734341931207,15.652309009007045,0.3062725418883592,15.4657256262643,0.30989353592378527,-0.02847370453117093
2022-10-10,15.927001953125,16.044913532211062,15.718391288556322,15.927001953125,23349600,0.0,0.0,15.861698150634766,15.668505716323853,58.82350515676462,-0.2624297299239675,-0.37082211704202134,0.46024502083187596,0.029308218072914283,0.0,0.0,0.0,0.9955,0.9955,1.0,10.0,1.0,0.0,14041700.0,10827300.0,6090900.0,0.0,0.0,0.0,0.0,0.0,0.0,0.0,0.0,0.0,0.0,0.0,0.0,0.0,0.0,0.0,0.0,0.0,0.0,0.0,0.0,0.0,0.0,0.0,0.0,15.75164794921875,0.24359904056447562,15.737826483590263,0.2834756079790463,15.500710010528564,0.33319786897778253,0.025102271320394554
2022-10-11,15.446289181047675,15.663970080554828,15.410008166142813,15.536988258361816,12839500,0.0,0.0,15.75829906463623,15.603654766082764,51.57588513425166,-0.2573713696497748,-0.34813196756357206,0.36988434720819724,-0.02448757750586328,0.0,0.0,0.0,0.0,0.0,0.0,0.0,0.0,0.0,23349600.0,14041700.0,10827300.0,0.0,0.0,0.0,0.0,0.0,0.0,0.0,0.0,0.0,0.9955,0.0,0.0,0.9955,0.0,0.0,1.0,0.0,0.0,10.0,0.0,0.0,1.0,0.0,0.0,15.645830472310385,0.2455620139387389,15.75855813707624,0.25813101372280056,15.507836273738317,0.3328021923983397,0.0017542075401717483
2022-10-12,15.546060172594983,15.70025104246208,15.446290830898056,15.509780883789062,11642700,0.0,0.0,15.660342597961426,15.559211730957031,56.60378107123409,-0.2526456486641191,-0.3290347037836815,0.31927374576085604,-0.0017511356847497161,0.0,0.0,0.0,0.0,0.0,0.0,0.0,0.0,0.0,12839500.0,23349600.0,14041700.0,0.0,0.0,0.0,0.0,0.0,0.0,0.0,0.0,0.0,0.0,0.9955,0.0,0.0,0.9955,0.0,0.0,1.0,0.0,0.0,10.0,0.0,0.0,1.0,0.0,15.657923698425293,0.23342534282285093,15.765037127903529,0.24995780772106277,15.535046441214424,0.3145013004883067,-0.052631566683719044
2022-10-13,15.419080862920486,16.53469629839679,15.337450296424729,16.371435165405273,16478500,0.0,0.0,15.763741493225098,15.571002769470216,67.7340057120422,-0.17732805393202256,-0.29869337381334976,0.34499924289120787,0.05555554189142797,0.0,0.0,0.0,-0.4201,0.0,1.0,0.0,0.0,0.0,11642700.0,12839500.0,23349600.0,0.0,0.0,0.0,0.0,0.0,0.0,0.0,0.0,0.0,0.0,0.0,0.9955,0.0,0.0,0.9955,0.0,0.0,1.0,0.0,0.0,10.0,0.0,0.0,1.0,15.806068102518717,0.48981118520866146,15.810387338910784,0.3277970427629987,15.628338405064174,0.3554980883363408,0.01347562272270908
2022-10-14,16.2625946062193,16.507486291292874,16.135614501354855,16.15375328063965,13607400,0.0,0.0,15.89979190826416,15.590503454208374,63.27013474072166,-0.13366264654279902,-0.26568722835923964,0.3668005494227149,-0.013296444848379108,0.0,0.0,0.0,0.8032,0.8032,1.0,10.0,1.0,0.0,16478500.0,11642700.0,12839500.0,0.0,0.0,0.0,0.0,0.0,0.0,0.0,0.0,0.0,-0.4201,0.0,0.0,0.0,0.0,0.0,1.0,0.0,0.0,0.0,0.0,0.0,0.0,0.0,0.0,16.011656443277996,0.44805765103167833,15.832414490836006,0.34723231813351674,15.700898715427943,0.35134415808698594,-0.01927311825217659
2022-10-17,16.434925470281186,16.670745163376587,16.425855215935343,16.47120475769043,9800800,0.0,0.0,16.008632469177247,15.624516153335572,65.32438789222849,-0.0726048716834562,-0.22707075702408297,0.41476871180306385,0.019651871087522865,0.0,0.0,0.0,0.0,0.0,0.0,0.0,0.0,0.0,13607400.0,16478500.0,11642700.0,0.0,0.0,0.0,0.0,0.0,0.0,0.0,0.0,0.0,0.8032,-0.4201,0.0,0.8032,0.0,0.0,1.0,1.0,0.0,10.0,0.0,0.0,1.0,0.0,0.0,16.332131067911785,0.16233443605798278,15.920523643493652,0.4236049631206001,15.789655617305211,0.3787407579623918,0.0049807654172255855
2022-10-18,16.5528332413612,16.67074307312484,16.226311045748176,16.389572143554688,7630100,0.0,0.0,16.17914924621582,15.672133731842042,61.320706289806175,-0.03045218114997361,-0.1877470418492611,0.44565215133404085,-0.004956080343645031,0.0,0.0,0.0,0.0,0.0,0.0,0.0,0.0,0.0,9800800.0,13607400.0,16478500.0,0.0,0.0,0.0,0.0,0.0,0.0,0.0,0.0,0.0,0.0,0.8032,-0.4201,0.0,0.8032,0.0,0.0,1.0,1.0,0.0,10.0,0.0,0.0,1.0,0.0,16.338176727294922,0.16484834448612448,16.05139092036656,0.4035138813967876,15.851849964686803,0.4016495062457512,0.013460270582976497
2022-10-19,16.190034583063408,16.30794443536601,16.081193255575133,16.171894073486328,6284000,0.0,0.0,16.311571884155274,15.708867406845092,60.889940180303704,-0.014444167875346636,-0.15308646705447823,0.4554407876056942,-0.013281498025801919,0.0,0.0,0.0,0.0,0.0,0.0,0.0,0.0,0.0,7630100.0,9800800.0,13607400.0,0.0,0.0,0.0,0.0,0.0,0.0,0.0,0.0,0.0,0.0,0.0,0.8032,0.0,0.0,0.8032,0.0,0.0,1.0,0.0,0.0,10.0,0.0,0.0,1.0,16.344223658243816,0.15472260746146366,16.086375508989608,0.40154320222775197,15.912100996289935,0.3797544411366523,-0.003353957671227481
2022-10-20,16.35329830928026,16.534698243968773,16.199107413309058,16.226316452026367,8674600,0.0,0.0,16.28254814147949,15.763741302490235,60.79818695742746,0.002603715090877756,-0.12194843062540704,0.44793074228443386,0.003365244559031755,0.0,0.0,0.0,0.0,0.0,0.0,0.0,0.0,0.0,6284000.0,7630100.0,9800800.0,0.0,0.0,0.0,0.0,0.0,0.0,0.0,0.0,0.0,0.0,0.0,0.0,0.0,0.0,0.0,0.0,0.0,0.0,0.0,0.0,0.0,0.0,0.0,0.0,16.26259422302246,0.11328280120346945,16.1848509652274,0.3207535054494904,15.97170455115182,0.35659998087567796,-0.022404257299565744
2022-10-21,16.262595698950523,16.65260802435358,16.19910564225222,16.598186492919922,7393300,0.0,0.0,16.37143478393555,15.84038324356079,63.6165923699655,0.04559549315460387,-0.08843964586940486,0.453249229523004,0.022917711607129077,0.0,0.0,0.0,0.0,0.0,0.0,0.0,0.0,0.0,8674600.0,6284000.0,7630100.0,0.0,0.0,0.0,0.0,0.0,0.0,0.0,0.0,0.0,0.0,0.0,0.0,0.0,0.0,0.0,0.0,0.0,0.0,0.0,0.0,0.0,0.0,0.0,0.0,16.33213233947754,0.2320109011327823,16.34033748081752,0.1649197357483965,16.052687304360525,0.3612437154629918,-0.007592141414040077
2022-10-24,16.589115968560176,16.81586713228588,16.525624189538743,16.72516632080078,9595200,0.0,0.0,16.422227096557616,15.919746112823486,59.06862656668215,0.08888834835565973,-0.05297404702439194,0.4626391146227335,0.00765022298882001,0.0,0.0,0.0,0.0,0.0,0.0,0.0,0.0,0.0,7393300.0,8674600.0,6284000.0,0.0,0.0,0.0,0.0,0.0,0.0,0.0,0.0,0.0,0.0,0.0,0.0,0.0,0.0,0.0,0.0,0.0,0.0,0.0,0.0,0.0,0.0,0.0,0.0,16.51655642191569,0.2592496851746959,16.39087050301688,0.22077219828133388,16.100628920963832,0.4034953104298121,-0.009667170032168215
2022-10-25,16.77958830772805,16.942849443734268,16.7614477970664,16.888429641723633,5701200,0.0,0.0,16.521998596191406,16.002737188339232,61.66669670824421,0.13481813403289067,-0.015415610812935424,0.4806568835678694,0.009761536464950149,0.0,0.0,0.0,0.0,0.0,0.0,0.0,0.0,0.0,9595200.0,7393300.0,8674600.0,0.0,0.0,0.0,0.0,0.0,0.0,0.0,0.0,0.0,0.0,0.0,0.0,0.0,0.0,0.0,0.0,0.0,0.0,0.0,0.0,0.0,0.0,0.0,0.0,16.737260818481445,0.1454990687684397,16.49582426888602,0.2603445312708061,16.164119379861013,0.4532354808193693,-0.003211777734173582
2022-10-26,16.870285999016637,17.124246181233612,16.824934730782182,16.942846298217773,7555000,0.0,0.0,16.676189041137697,16.073936939239502,64.6341751142241,0.17360754972218473,0.02238902129408861,0.5097915585666278,0.0032221264882852374,0.0,0.0,0.0,0.0,0.0,0.0,0.0,0.0,0.0,5701200.0,9595200.0,7393300.0,0.0,0.0,0.0,0.0,0.0,0.0,0.0,0.0,0.0,0.0,0.0,0.0,0.0,0.0,0.0,0.0,0.0,0.0,0.0,0.0,0.0,0.0,0.0,0.0,16.852147420247395,0.11328478643888089,16.563201631818497,0.3093326852279176,16.241862637656077,0.4880408036183644,-0.001674677606859687
2022-10-27,16.94376096448733,17.08129114544499,16.87958032995983,16.971267700195312,7597000,0.201,0.0,16.825179290771484,16.156081342697142,72.24718177980628,0.20428691830063883,0.05876860069539866,0.5156627807156916,0.0016774868565341272,0.0,0.0,0.0,0.0,0.0,0.0,0.0,0.0,0.0,7555000.0,5701200.0,9595200.0,0.0,0.0,0.0,0.0,0.0,0.0,0.0,0.0,0.0,0.0,0.0,0.0,0.0,0.0,0.0,0.0,0.0,0.0,0.0,0.0,0.0,0.0,0.0,0.0,16.934181213378906,0.04209333384619593,16.646300997052872,0.33220286130392906,16.348845958709717,0.4704994203323538,-0.014901746827625906
2022-10-28,16.87958320239662,17.246330996957727,16.842909297336227,17.227994918823242,8698000,0.0,0.0,16.95114097595215,16.247887754440306,70.52414741868063,0.24647506874923053,0.09630989430616504,0.5355105920720061,0.01512716805621861,0.0,0.0,0.0,0.0,0.0,0.0,0.0,0.0,0.0,7597000.0,7555000.0,5701200.0,0.0,0.0,0.0,0.0,0.0,0.0,0.0,0.0,0.0,0.0,0.0,0.0,0.0,0.0,0.0,0.0,0.0,0.0,0.0,0.0,0.0,0.0,0.0,0.0,17.047369639078777,0.15707024792960128,16.79717254638672,0.3204483226821909,16.44177402768816,0.507774777745934,0.003203500648852442
2022-10-31,17.10880061741493,17.264668647106355,17.062957799360973,17.17298126220703,8585500,0.0,0.0,17.040703964233398,16.333315420150758,78.85939426769916,0.272331076478892,0.13151413074071044,0.5402090871345325,-0.0031932710031219447,0.0,0.0,0.0,0.0,0.0,0.0,0.0,0.0,0.0,8698000.0,7597000.0,7555000.0,0.0,0.0,0.0,0.0,0.0,0.0,0.0,0.0,0.0,0.0,0.0,0.0,0.0,0.0,0.0,0.0,0.0,0.0,0.0,0.0,0.0,0.0,0.0,0.0,17.124081293741863,0.13516886247589788,16.932410376412527,0.2248901141989255,16.558630670819962,0.4704096418356232,-0.009518910429745842
2022-11-01,17.59474468404943,17.622249678727513,17.273839672069336,17.33802032470703,5474700,0.0,0.0,17.130622100830077,16.397517251968384,80.75512283772996,0.30265065360066146,0.16574143531270066,0.5800934372698813,0.009610390879724928,0.0,0.0,0.0,0.0,0.0,0.0,0.0,0.0,0.0,8585500.0,8698000.0,7597000.0,0.0,0.0,0.0,0.0,0.0,0.0,0.0,0.0,0.0,0.0,0.0,0.0,0.0,0.0,0.0,0.0,0.0,0.0,0.0,0.0,0.0,0.0,0.0,0.0,17.2463321685791,0.08403370802347854,17.038100923810685,0.21528034589797607,16.689219202314103,0.40623252698398027,0.02715937445549388
2022-11-02,17.154641831605968,17.31050984672461,16.879581451416016,16.879581451416016,6370600,0.0,0.0,17.117969131469728,16.44151816368103,59.88982229762085,0.28638567537256066,0.18987028332467265,0.5816924670055257,-0.026441246734365098,0.0,0.0,0.0,0.0,0.0,0.0,0.0,0.0,0.0,5474700.0,8585500.0,8698000.0,0.0,0.0,0.0,0.0,0.0,0.0,0.0,0.0,0.0,0.0,0.0,0.0,0.0,0.0,0.0,0.0,0.0,0.0,0.0,0.0,0.0,0.0,0.0,0.0,17.130194346110027,0.23219515558663634,17.06016022818429,0.1834247488667073,16.725515365600586,0.3982780811419889,0.012094453710472353
2022-11-03,16.687040617208005,16.75122126016174,16.577015408722062,16.677871704101562,11328700,0.0,0.0,17.059289932250977,16.482689714431764,60.26449694107241,0.2542879983383024,0.2027538263273986,0.5669056126913263,-0.011949925885012536,0.0,0.0,0.0,0.0,0.0,0.0,0.0,0.0,0.0,6370600.0,5474700.0,8585500.0,0.0,0.0,0.0,0.0,0.0,0.0,0.0,0.0,0.0,0.0,0.0,0.0,0.0,0.0,0.0,0.0,0.0,0.0,0.0,0.0,0.0,0.0,0.0,0.0,16.965157826741535,0.33829208878159645,17.03008052280971,0.22810356988737232,16.762952395847865,0.36351565285796095,-0.00763791255509394
2022-11-04,16.751224526515706,16.92542866313243,16.595356470895894,16.806236267089844,10899800,0.0,0.0,16.974938201904298,16.54932646751404,57.086182482723565,0.2364822849078152,0.20949951804348194,0.518280014143713,0.007696699271089402,0.0,0.0,0.0,0.0,0.0,0.0,0.0,0.0,0.0,11328700.0,6370600.0,5474700.0,0.0,0.0,0.0,0.0,0.0,0.0,0.0,0.0,0.0,0.0,0.0,0.0,0.0,0.0,0.0,0.0,0.0,0.0,0.0,0.0,0.0,0.0,0.0,0.0,16.787896474202473,0.10209782829608811,17.01056480407715,0.242218162513079,16.786883217947825,0.3537281026694506,-0.013455212309086861
2022-11-07,16.732884728286482,17.108801450772066,16.732884728286482,17.035451889038086,6280400,0.0,0.0,16.94743232727051,16.604748964309692,62.8581366225667,0.23812199169281456,0.21522401277334846,0.5073805977959867,0.013638724239352529,0.0,0.0,0.0,0.0,0.0,0.0,0.0,0.0,0.0,10899800.0,11328700.0,6370600.0,0.0,0.0,0.0,0.0,0.0,0.0,0.0,0.0,0.0,0.0,0.0,0.0,0.0,0.0,0.0,0.0,0.0,0.0,0.0,0.0,0.0,0.0,0.0,0.0,16.839853286743164,0.18114490103943565,17.01973397391183,0.24169692399208784,16.83301748548235,0.33976683446995953,-0.008537923954497595
2022-11-08,17.145477886293392,17.374695495742277,17.07212832122141,17.182151794433594,6187600,0.0,0.0,16.91625862121582,16.68700714111328,70.69706338389207,0.24839557787565525,0.22185832579380982,0.45590969208618193,0.008611447841304631,0.0,0.0,0.0,0.0,0.0,0.0,0.0,0.0,0.0,6280400.0,10899800.0,11328700.0,0.0,0.0,0.0,0.0,0.0,0.0,0.0,0.0,0.0,0.0,0.0,0.0,0.0,0.0,0.0,0.0,0.0,0.0,0.0,0.0,0.0,0.0,0.0,0.0,17.007946650187176,0.18946114257998944,17.01318495614188,0.235659046864608,16.905178751264298,0.29255487944902714,0.014069482994764071
2022-11-09,16.971268562667387,17.191317213140643,16.9345929131929,16.943761825561523,10196200,0.0,0.0,16.92909469604492,16.758706188201906,63.667969942297354,0.23459710140944878,0.22440608091693762,0.36465308238815286,-0.01387427906144445,0.0,0.0,0.0,0.0,0.0,0.0,0.0,0.0,0.0,6187600.0,6280400.0,10899800.0,0.0,0.0,0.0,0.0,0.0,0.0,0.0,0.0,0.0,0.0,0.0,0.0,0.0,0.0,0.0,0.0,0.0,0.0,0.0,0.0,0.0,0.0,0.0,0.0,17.053788503011067,0.12024815122778566,16.98043932233538,0.22545875236526525,16.956424849373953,0.2177714051402345,-0.03750011241105844
2022-11-10,17.503054153630256,17.68642891300772,17.3471861327968,17.603910446166992,9282800,0.0,0.0,17.11430244445801,16.82032995223999,67.26370042189396,0.2737742864325483,0.23427972202005978,0.39834573492384734,0.038961160302050546,0.0,0.0,0.0,0.0,0.0,0.0,0.0,0.0,0.0,10196200.0,6187600.0,6280400.0,0.0,0.0,0.0,0.0,0.0,0.0,0.0,0.0,0.0,0.0,0.0,0.0,0.0,0.0,0.0,0.0,0.0,0.0,0.0,0.0,0.0,0.0,0.0,0.0,17.243274688720703,0.3342918731832241,17.018423625401088,0.30434145082664926,17.028262274605886,0.25346388945992576,-0.027848074333156503
2022-11-11,17.888139964524534,18.1448642809837,17.750609767732293,18.10818862915039,6249900,0.0,0.0,17.374692916870117,16.918051719665527,71.01776606487982,0.34157604671505126,0.2557389869590581,0.46101557241106844,0.028645804835550015,0.0,0.0,0.0,0.0,0.0,0.0,0.0,0.0,0.0,9282800.0,10196200.0,6187600.0,0.0,0.0,0.0,0.0,0.0,0.0,0.0,0.0,0.0,0.0,0.0,0.0,0.0,0.0,0.0,0.0,0.0,0.0,0.0,0.0,0.0,0.0,0.0,0.0,17.5519536336263,0.5839495509083696,17.193938936505997,0.5014002983713992,17.127049582345144,0.3692945443184237,0.010230090853507123
2022-11-14,17.988998530406757,18.15403373812771,17.924816131591797,17.924816131591797,5670300,0.0,0.0,17.55256576538086,16.990732288360597,65.65426901609146,0.3761764739492044,0.2798264843570874,0.4998118000798798,-0.010126495880620645,0.0,0.0,0.0,0.0,0.0,0.0,0.0,0.0,0.0,6249900.0,9282800.0,10196200.0,0.0,0.0,0.0,0.0,0.0,0.0,0.0,0.0,0.0,0.0,0.0,0.0,0.0,0.0,0.0,0.0,0.0,0.0,0.0,0.0,0.0,0.0,0.0,0.0,17.878971735636394,0.2552457696782563,17.372073854718888,0.5089442172395375,17.201077188764298,0.41839351792009644,-0.01062754389699494
2022-11-15,18.319070018114388,18.392419579545408,18.099021333821327,18.117359161376953,5136400,0.0,0.0,17.73960723876953,17.077121639251708,67.03000937533706,0.4143577173326207,0.3067327309521941,0.5382748792418879,0.010741701804450221,0.0,0.0,0.0,0.0,0.0,0.0,0.0,0.0,0.0,5670300.0,6249900.0,9282800.0,0.0,0.0,0.0,0.0,0.0,0.0,0.0,0.0,0.0,0.0,0.0,0.0,0.0,0.0,0.0,0.0,0.0,0.0,0.0,0.0,0.0,0.0,0.0,0.0,18.050121307373047,0.10861429451736983,17.559377125331334,0.5072549825681054,17.28497096470424,0.4763681436266777,0.0035549672870744953
2022-11-16,18.01650503503834,18.17237309050733,17.9798311242883,18.053180694580078,4740800,0.0,0.0,17.96149101257324,17.171185970306396,65.5263477715333,0.43443012186480345,0.332272209134716,0.5361337928542891,-0.003542374262452741,0.0,0.0,0.0,0.0,0.0,0.0,0.0,0.0,0.0,5136400.0,5670300.0,6249900.0,0.0,0.0,0.0,0.0,0.0,0.0,0.0,0.0,0.0,0.0,0.0,0.0,0.0,0.0,0.0,0.0,0.0,0.0,0.0,0.0,0.0,0.0,0.0,0.0,18.03178532918294,0.09803838954750578,17.704766954694474,0.4770084902184828,17.362250464303152,0.5082528643460097,0.010780515747562225
2022-11-17,17.778115379379013,17.915647329771016,17.73227256177594,17.860633850097656,4115500,0.0,0.0,18.012835693359374,17.25290184020996,59.2492720435151,0.42984573187444397,0.3517869136826616,0.5083699304463336,-0.010665535771224421,0.0,0.0,0.0,0.0,0.0,0.0,0.0,0.0,0.0,4740800.0,5136400.0,5670300.0,0.0,0.0,0.0,0.0,0.0,0.0,0.0,0.0,0.0,0.0,0.0,0.0,0.0,0.0,0.0,0.0,0.0,0.0,0.0,0.0,0.0,0.0,0.0,0.0,18.010391235351562,0.13360454606286254,17.801692962646484,0.4184550801596621,17.40743895939418,0.5232991577122541,0.0005136062929431695
2022-11-18,18.04400890960435,18.04400890960435,17.750610675105325,17.851465225219727,2744300,0.0,0.0,17.96149101257324,17.31556577682495,60.05431326339163,0.42062404620086014,0.3655543401863013,0.5006022845330085,-0.0005133426369344773,0.0,0.0,0.0,0.0,0.0,0.0,0.0,0.0,0.0,4115500.0,4740800.0,5136400.0,0.0,0.0,0.0,0.0,0.0,0.0,0.0,0.0,0.0,0.0,0.0,0.0,0.0,0.0,0.0,0.0,0.0,0.0,0.0,0.0,0.0,0.0,0.0,0.0,17.921759923299152,0.11390601504570237,17.93136487688337,0.18227988068593048,17.455902099609375,0.5312723160597986,0.008808322938211655
2022-11-21,17.65892279106503,17.73227234761892,17.640584964728713,17.69559669494629,7430300,0.0,0.0,17.915647125244142,17.364087295532226,55.31329126301094,0.3961716855379045,0.37167780925662197,0.48721634251255846,-0.008731413825529222,0.0,0.0,0.0,0.0,0.0,0.0,0.0,0.0,0.0,2744300.0,4115500.0,4740800.0,0.0,0.0,0.0,0.0,0.0,0.0,0.0,0.0,0.0,0.0,0.0,0.0,0.0,0.0,0.0,0.0,0.0,0.0,0.0,0.0,0.0,0.0,0.0,0.0,17.80256525675456,0.09275085353803451,17.94446291242327,0.15626635972507188,17.48144326891218,0.5337586624855483,-0.0036139121764569015
2022-11-22,17.677260507232656,17.796452880093128,17.658922681010626,17.75977897644043,4605400,0.0,0.0,17.844131088256837,17.407654762268066,64.81481362581341,0.3776190301458051,0.3728660534344586,0.4813672819973425,0.003627019907866069,0.0,0.0,0.0,0.0,0.0,0.0,0.0,0.0,0.0,7430300.0,2744300.0,4115500.0,0.0,0.0,0.0,0.0,0.0,0.0,0.0,0.0,0.0,0.0,0.0,0.0,0.0,0.0,0.0,0.0,0.0,0.0,0.0,0.0,0.0,0.0,0.0,0.0,17.76894696553548,0.07833765825217505,17.894690104893275,0.15081764397043776,17.544314520699636,0.5086612916897779,-0.008192560154543727
2022-11-23,17.70476628204108,17.924814960078837,17.69559736852391,17.906478881835938,3328100,0.0,0.0,17.814790725708008,17.455836391448976,71.06913054968979,0.3704826797117988,0.37238937868992666,0.48062042959688606,0.008260232607067541,0.0,0.0,0.0,0.0,0.0,0.0,0.0,0.0,0.0,4605400.0,7430300.0,2744300.0,0.0,0.0,0.0,0.0,0.0,0.0,0.0,0.0,0.0,0.0,0.0,0.0,0.0,0.0,0.0,0.0,0.0,0.0,0.0,0.0,0.0,0.0,0.0,0.0,17.78728485107422,0.10809835355529851,17.892070497785294,0.15036573844248696,17.63207217625209,0.4503154629432798,-0.019578250027726618
2022-11-25,18.181538689297,18.35574454276379,18.13569587202271,18.264057159423828,3161100,0.0,0.0,17.895475387573242,17.5204758644104,73.1777552161609,0.38919426000883917,0.3757503549537092,0.49861770576369513,0.01996921225817383,0.0,0.0,0.0,0.0,0.0,0.0,0.0,0.0,0.0,3328100.0,4605400.0,7430300.0,0.0,0.0,0.0,0.0,0.0,0.0,0.0,0.0,0.0,0.0,0.0,0.0,0.0,0.0,0.0,0.0,0.0,0.0,0.0,0.0,0.0,0.0,0.0,0.0,17.97677167256673,0.2593837481026925,17.913027354649135,0.19157413592431993,17.736202239990234,0.41154393146286944,0.014773392865639723
2022-11-28,18.245718624027887,18.300730352377734,17.979827146344196,17.9981632232666,4043200,0.0,0.0,17.924814987182618,17.55898427963257,65.12960058703347,0.37820815553376264,0.3762419150697199,0.5045453848419524,-0.014558317127256193,0.0,0.0,0.0,0.0,0.0,0.0,0.0,0.0,0.0,3161100.0,3328100.0,4605400.0,0.0,0.0,0.0,0.0,0.0,0.0,0.0,0.0,0.0,0.0,0.0,0.0,0.0,0.0,0.0,0.0,0.0,0.0,0.0,0.0,0.0,0.0,0.0,0.0,18.056233088175457,0.18572732178809728,17.905167715890066,0.18591065834265408,17.80496733529227,0.3630173616916006,-0.004058924218849458
2022-11-29,18.08068304318165,18.2365510758294,18.034840224258204,18.071514129638672,5516500,0.0,0.0,17.999998474121092,17.60391092300415,64.30670990039224,0.3711420986267484,0.3752219517811256,0.5083552070381847,0.004075466227422941,0.0,0.0,0.0,0.0,0.0,0.0,0.0,0.0,0.0,4043200.0,3161100.0,3328100.0,0.0,0.0,0.0,0.0,0.0,0.0,0.0,0.0,0.0,0.0,0.0,0.0,0.0,0.0,0.0,0.0,0.0,0.0,0.0,0.0,0.0,0.0,0.0,0.0,18.111244837443035,0.13732732131033423,17.935293470110214,0.19438431607070464,17.868493216378347,0.32103334756766155,-0.03144956905963492
2022-11-30,18.190705899186906,18.667478848878023,18.126525261496027,18.658309936523438,6994600,0.0,0.0,18.179704666137695,17.66992540359497,74.80103539398661,0.4081863964866841,0.3818148407222373,0.5555450879625963,0.03247076048389186,0.0,0.0,0.0,0.0,0.0,0.0,0.0,0.0,0.0,5516500.0,4043200.0,3161100.0,0.0,0.0,0.0,0.0,0.0,0.0,0.0,0.0,0.0,0.0,0.0,0.0,0.0,0.0,0.0,0.0,0.0,0.0,0.0,0.0,0.0,0.0,0.0,0.0,18.24266242980957,0.3618248557582676,18.050557000296457,0.3289978318904911,17.990960938589915,0.26290051317262414,-0.007801208247043778
2022-12-01,18.704155447609676,18.8600234825394,18.566625240034384,18.805011749267578,5586800,0.0,0.0,18.359411239624023,17.766196918487548,70.40496726316424,0.4442607186586791,0.3943040163095257,0.5777629229792184,0.007862545602641768,0.0,0.0,0.0,0.0,0.0,0.0,0.0,0.0,0.0,6994600.0,5516500.0,4043200.0,0.0,0.0,0.0,0.0,0.0,0.0,0.0,0.0,0.0,0.0,0.0,0.0,0.0,0.0,0.0,0.0,0.0,0.0,0.0,0.0,0.0,0.0,0.0,0.0,18.511611938476562,0.38813002521518225,18.2090448651995,0.3908993406133877,18.076753888811385,0.3172406817587542,0.01584950093844517
2022-12-02,18.429093471163977,18.603299318689583,18.209044807927526,18.511611938476562,5674600,0.0,0.0,18.40892219543457,17.8578839302063,57.38253768581125,0.4440561631615729,0.4042544456799352,0.5402461196245824,-0.015602213638736151,0.0,0.0,0.0,0.0,0.0,0.0,0.0,0.0,0.0,5586800.0,6994600.0,5516500.0,0.0,0.0,0.0,0.0,0.0,0.0,0.0,0.0,0.0,0.0,0.0,0.0,0.0,0.0,0.0,0.0,0.0,0.0,0.0,0.0,0.0,0.0,0.0,0.0,18.65831120808919,0.14669990539963843,18.316449574061803,0.34779552459748053,18.10556983947754,0.3379610590216175,0.02227850159881517
2022-12-05,18.37408185856788,18.474936403526815,17.96148951939982,18.10818862915039,7650000,0.0,0.0,18.430927276611328,17.922981548309327,53.10555394761324,0.4066535133738718,0.4047342592187225,0.48217637976925937,-0.021792986513921697,0.0,0.0,0.0,0.0,0.0,0.0,0.0,0.0,0.0,5674600.0,5586800.0,6994600.0,0.0,0.0,0.0,0.0,0.0,0.0,0.0,0.0,0.0,0.0,0.0,0.0,0.0,0.0,0.0,0.0,0.0,0.0,0.0,0.0,0.0,0.0,0.0,0.0,18.474937438964844,0.34985622671075706,18.345265252249582,0.3149747638318269,18.11866787501744,0.3339464422801052,0.01751659187942134
2022-12-06,17.86980494971472,17.95232343052935,17.585575598459663,17.79645538330078,11673400,0.0,0.0,18.37591552734375,17.96103172302246,44.776143500653895,0.34784760559922034,0.39335692849482207,0.43629606204551385,-0.01721504299705512,0.0,0.0,0.0,0.0,0.0,0.0,0.0,0.0,0.0,7650000.0,5674600.0,5586800.0,0.0,0.0,0.0,0.0,0.0,0.0,0.0,0.0,0.0,0.0,0.0,0.0,0.0,0.0,0.0,0.0,0.0,0.0,0.0,0.0,0.0,0.0,0.0,0.0,18.138751983642578,0.3585565695689917,18.278464998517716,0.37828917768691256,18.095746176583425,0.34487750997324385,0.0010315579486126492
2022-12-07,17.741442320125238,17.814791881058817,17.63141710432913,17.77811622619629,8087400,0.0,0.0,18.19987678527832,17.990829944610596,45.454505339056404,0.2963475729514933,0.37395505738615636,0.3990631315967496,-0.0010304949333731495,0.0,0.0,0.0,0.0,0.0,0.0,0.0,0.0,0.0,11673400.0,7650000.0,5674600.0,0.0,0.0,0.0,0.0,0.0,0.0,0.0,0.0,0.0,0.0,0.0,0.0,0.0,0.0,0.0,0.0,0.0,0.0,0.0,0.0,0.0,0.0,0.0,0.0,17.894253412882488,0.1855001044218607,18.24702971322196,0.4130130708895131,18.076098714556014,0.35517050141030115,-0.009703696888267999
2022-12-08,17.915646196871855,18.17236875728139,17.86980163337638,17.952320098876953,6872000,0.0,0.0,18.029338455200197,18.041257858276367,51.524374774847914,0.26651796943334105,0.3524676397955933,0.3145630344120739,0.00979878129179812,0.0,0.0,0.0,0.0,0.0,0.0,0.0,0.0,0.0,8087400.0,11673400.0,7650000.0,0.0,0.0,0.0,0.0,0.0,0.0,0.0,0.0,0.0,0.0,0.0,0.0,0.0,0.0,0.0,0.0,0.0,0.0,0.0,0.0,0.0,0.0,0.0,0.0,17.842297236124676,0.09572279726888652,18.230001994541713,0.42377219010457157,18.082647732325963,0.35172046253407985,0.05895073017440278
2022-12-09,17.34718688335385,17.4388742670096,16.879582800621762,16.952932357788086,12510700,0.0,0.0,17.7176025390625,18.008708953857422,38.7614797086845,0.16038671702390062,0.3140514552412548,0.38743686496260143,-0.05566900186630397,0.0,0.0,0.0,0.0,0.0,0.0,0.0,0.0,0.0,6872000.0,8087400.0,11673400.0,0.0,0.0,0.0,0.0,0.0,0.0,0.0,0.0,0.0,0.0,0.0,0.0,0.0,0.0,0.0,0.0,0.0,0.0,0.0,0.0,0.0,0.0,0.0,0.0,17.56112289428711,0.5338619145710454,17.98637662615095,0.5929422593762064,18.018466813223704,0.46188056227918856,0.004345540591939034
2022-12-12,16.95293100271942,16.989606652766746,16.833738637648107,16.879581451416016,6741000,0.0,0.0,17.471881103515624,17.947278594970705,39.578458439965914,0.06955632768170972,0.2651524297293458,0.4612111112359838,-0.004326738573835809,0.0,0.0,0.0,0.0,0.0,0.0,0.0,0.0,0.0,12510700.0,6872000.0,8087400.0,0.0,0.0,0.0,0.0,0.0,0.0,0.0,0.0,0.0,0.0,0.0,0.0,0.0,0.0,0.0,0.0,0.0,0.0,0.0,0.0,0.0,0.0,0.0,0.0,17.261611302693684,0.5992946434852433,17.711315155029297,0.5964762556705024,17.960180010114396,0.5490263643506307,-0.01708496657110481
2022-12-13,17.429705590166854,17.55806687975106,17.081293877307708,17.17298126220703,13184600,0.0,0.0,17.347186279296874,17.909686851501466,42.920353371364406,0.021005365637034146,0.21632301691088346,0.49270291610055594,0.017381936372978135,0.0,0.0,0.0,0.0,0.0,0.0,0.0,0.0,0.0,6741000.0,12510700.0,6872000.0,0.0,0.0,0.0,0.0,0.0,0.0,0.0,0.0,0.0,0.0,0.0,0.0,0.0,0.0,0.0,0.0,0.0,0.0,0.0,0.0,0.0,0.0,0.0,0.0,17.00183169047038,0.15268994988416681,17.520082201276505,0.5046519727875736,17.918265887669154,0.5866145056391409,0.0005341834632934805
2022-12-14,17.191319377898658,17.393030229034416,17.053789172633756,17.1638126373291,7721700,0.0,0.0,17.224325561523436,17.862009525299072,40.73225847452181,-0.018003915050758934,0.16945763051855497,0.5170821533805096,-0.0005338982636700074,0.0,0.0,0.0,0.0,0.0,0.0,0.0,0.0,0.0,13184600.0,6741000.0,12510700.0,0.0,0.0,0.0,0.0,0.0,0.0,0.0,0.0,0.0,0.0,0.0,0.0,0.0,0.0,0.0,0.0,0.0,0.0,0.0,0.0,0.0,0.0,0.0,0.0,17.07212511698405,0.16681071093703012,17.385171345302037,0.4437893532035143,17.865218298775808,0.6203708343067504,0.03026964435082724
2022-12-15,16.806233571542172,16.833740311813294,16.512835337149234,16.659534454345703,6568600,0.0,0.0,16.96576843261719,17.792327213287354,30.684352256988447,-0.08858888841963619,0.11784832673091675,0.5800359563129617,-0.029380312733469083,0.0,0.0,0.0,0.0,0.0,0.0,0.0,0.0,0.0,7721700.0,13184600.0,6741000.0,0.0,0.0,0.0,0.0,0.0,0.0,0.0,0.0,0.0,0.0,0.0,0.0,0.0,0.0,0.0,0.0,0.0,0.0,0.0,0.0,0.0,0.0,0.0,0.0,16.998776117960613,0.29382766321382103,17.222754069737025,0.4751197529555655,17.75060953412737,0.6857835702339828,0.024816716970452735
2022-12-16,16.604522862898698,16.705377413828824,16.21943723980624,16.25611114501953,15368300,0.0,0.0,16.826404190063478,17.71210107803345,29.70088860855485,-0.1750628621629282,0.05926608895214775,0.6735202828938296,-0.024215761276626613,0.0,0.0,0.0,0.0,0.0,0.0,0.0,0.0,0.0,6568600.0,7721700.0,13184600.0,0.0,0.0,0.0,0.0,0.0,0.0,0.0,0.0,0.0,0.0,0.0,0.0,0.0,0.0,0.0,0.0,0.0,0.0,0.0,0.0,0.0,0.0,0.0,0.0,16.693152745564777,0.454783620982134,17.00532477242606,0.5243210850974799,17.62617724282401,0.787858023231378,-0.008389421233832572
2022-12-19,16.375308251338446,16.494500650958777,16.311127593943514,16.393644332885742,10765900,0.0,0.0,16.72921676635742,17.63921003341675,30.736896319306695,-0.22984679968572053,0.001443511224574097,0.7338293790476794,0.008460399085567838,0.0,0.0,0.0,0.0,0.0,0.0,0.0,0.0,0.0,15368300.0,6568600.0,7721700.0,0.0,0.0,0.0,0.0,0.0,0.0,0.0,0.0,0.0,0.0,0.0,0.0,0.0,0.0,0.0,0.0,0.0,0.0,0.0,0.0,0.0,0.0,0.0,0.0,16.436429977416992,0.20508668937886637,16.782656805855886,0.3604999422348194,17.5063294001988,0.8407454017801013,-0.009966577265998255
2022-12-20,16.457823126198477,16.696207873108158,16.41197856041479,16.558677673339844,6483900,0.0,0.0,16.606356048583983,17.582364082336426,23.310051003238243,-0.2569842985099662,-0.05024205072233396,0.7722607643865456,0.010066909901359944,0.0,0.0,0.0,0.0,0.0,0.0,0.0,0.0,0.0,10765900.0,15368300.0,6568600.0,0.0,0.0,0.0,0.0,0.0,0.0,0.0,0.0,0.0,0.0,0.0,0.0,0.0,0.0,0.0,0.0,0.0,0.0,0.0,0.0,0.0,0.0,0.0,0.0,16.40281105041504,0.15149141080485645,16.726334708077566,0.3602612217631462,17.356355667114258,0.8059958841620706,-0.00878171087740609
2022-12-21,16.522006439687747,16.751224059276783,16.522006439687747,16.705379486083984,4228200,0.0,0.0,16.51466941833496,17.529644107818605,23.310051003238243,-0.26361456695951446,-0.09291655396977007,0.7951625156353049,0.008859512555180471,0.0,0.0,0.0,0.0,0.0,0.0,0.0,0.0,0.0,6483900.0,10765900.0,15368300.0,0.0,0.0,0.0,0.0,0.0,0.0,0.0,0.0,0.0,0.0,0.0,0.0,0.0,0.0,0.0,0.0,0.0,0.0,0.0,0.0,0.0,0.0,0.0,0.0,16.55256716410319,0.15595738256725422,16.701448713030135,0.353871034694872,17.206381934029714,0.7046798293177685,0.016173985320383055
2022-12-22,16.540343766443726,16.5770176750921,16.25611266765871,16.43948745727539,7911000,0.0,0.0,16.4706600189209,17.456294536590576,23.474216232053905,-0.28701582725133434,-0.13173640862608293,0.8256486758583426,-0.015916551254049005,0.0,0.0,0.0,0.0,0.0,0.0,0.0,0.0,0.0,4228200.0,6483900.0,10765900.0,0.0,0.0,0.0,0.0,0.0,0.0,0.0,0.0,0.0,0.0,0.0,0.0,0.0,0.0,0.0,0.0,0.0,0.0,0.0,0.0,0.0,0.0,0.0,0.0,16.567848205566406,0.1331830197208855,16.596663883754186,0.2946099077975204,17.058373042515345,0.6222333553382079,0.0005581470076563289
2022-12-23,16.338629539268794,16.457823665420268,16.25611106694591,16.430316925048828,3685100,0.0,0.0,16.505501174926756,17.364607524871825,26.109691064788507,-0.30281086478292707,-0.16595129985745177,0.8330109756390155,-0.0005578356533557649,0.0,0.0,0.0,0.0,0.0,0.0,0.0,0.0,0.0,7911000.0,4228200.0,6483900.0,0.0,0.0,0.0,0.0,0.0,0.0,0.0,0.0,0.0,0.0,0.0,0.0,0.0,0.0,0.0,0.0,0.0,0.0,0.0,0.0,0.0,0.0,0.0,0.0,16.525061289469402,0.1562274421735144,16.491878781999862,0.1580739098102136,16.93852506365095,0.5632678498421714,-0.006101005457883502
2022-12-27,16.512835878605976,16.586185439609345,16.356967842874877,16.531173706054688,4943200,0.0,0.0,16.533007049560545,17.29125804901123,30.83335933680739,-0.30368950294216646,-0.1934989404743947,0.8388543133146532,0.006138456212740451,0.0,0.0,0.0,0.0,0.0,0.0,0.0,0.0,0.0,3685100.0,7911000.0,4228200.0,0.0,0.0,0.0,0.0,0.0,0.0,0.0,0.0,0.0,0.0,0.0,0.0,0.0,0.0,0.0,0.0,0.0,0.0,0.0,0.0,0.0,0.0,0.0,0.0,16.4669926961263,0.055771195001523735,16.473541532244003,0.14201293911859564,16.848147800990514,0.5144120407231823,0.0038976325328263783
2022-12-28,16.549509899862432,16.677872944105083,16.430317518199427,16.466991424560547,5872100,0.0,0.0,16.514669799804686,17.211031913757324,30.410988884475017,-0.30603699970529163,-0.2160065523205741,0.8370293927316328,-0.003882499974616649,0.0,0.0,0.0,0.0,0.0,0.0,0.0,0.0,0.0,4943200.0,3685100.0,7911000.0,0.0,0.0,0.0,0.0,0.0,0.0,0.0,0.0,0.0,0.0,0.0,0.0,0.0,0.0,0.0,0.0,0.0,0.0,0.0,0.0,0.0,0.0,0.0,0.0,16.476160685221355,0.0510497705627863,16.503667286464147,0.10600318581167734,16.754496029445104,0.4470163024351288,-0.015350972235084637
2022-12-29,16.58618651861054,16.852078038748314,16.58618651861054,16.723716735839844,4971600,0.0,0.0,16.51833724975586,17.114302253723146,32.085649541282365,-0.28390909342386195,-0.22958706054123168,0.770081190062636,0.015590298474097208,0.0,0.0,0.0,0.0,0.0,0.0,0.0,0.0,0.0,5872100.0,4943200.0,3685100.0,0.0,0.0,0.0,0.0,0.0,0.0,0.0,0.0,0.0,0.0,0.0,0.0,0.0,0.0,0.0,0.0,0.0,0.0,0.0,0.0,0.0,0.0,0.0,0.0,16.57396062215169,0.13360393521404962,16.55082048688616,0.12122485450564444,16.666738646371023,0.28501718139634086,0.012770687828169924
2022-12-30,16.586186019868293,16.668704497482885,16.366137329159898,16.512836456298828,4468300,0.0,0.0,16.533007049560545,16.99969348907471,41.66673287909202,-0.280159341931153,-0.23970151681921598,0.6691721073142213,-0.012609653874912086,0.0,0.0,0.0,0.0,0.0,0.0,0.0,0.0,0.0,4971600.0,5872100.0,4943200.0,0.0,0.0,0.0,0.0,0.0,0.0,0.0,0.0,0.0,0.0,0.0,0.0,0.0,0.0,0.0,0.0,0.0,0.0,0.0,0.0,0.0,0.0,0.0,0.0,16.567848205566406,0.13691855528367966,16.54427174159459,0.12196559681998115,16.635303224836075,0.27512189766324435,-0.012068029199712393
2023-01-03,16.66870528735549,16.8245733359256,16.558680062391804,16.714548110961914,11041400,0.0,0.0,16.589853286743164,16.909840297698974,47.01993688913443,-0.2579378451824752,-0.2433487824918678,0.5685611314606763,0.012215445553337645,0.0,0.0,0.0,0.0,0.0,0.0,0.0,0.0,0.0,4468300.0,4971600.0,5872100.0,0.0,0.0,0.0,0.0,0.0,0.0,0.0,0.0,0.0,0.0,0.0,0.0,0.0,0.0,0.0,0.0,0.0,0.0,0.0,0.0,0.0,0.0,0.0,0.0,16.650367101033527,0.11919322380652697,16.545581545148575,0.12401610673546373,16.623515129089355,0.2672738774879984,0.007182373463421765
2023-01-04,16.448654960607893,16.659534726422898,16.37530540081174,16.595354080200195,10440400,0.0,0.0,16.602689361572267,16.834198570251466,38.869315354267904,-0.2470967337144181,-0.24409837273637788,0.4968534085850178,-0.007131154846091725,0.0,0.0,0.0,0.0,0.0,0.0,0.0,0.0,0.0,11041400.0,4468300.0,4971600.0,0.0,0.0,0.0,0.0,0.0,0.0,0.0,0.0,0.0,0.0,0.0,0.0,0.0,0.0,0.0,0.0,0.0,0.0,0.0,0.0,0.0,0.0,0.0,0.0,16.607579549153645,0.10141003143218497,16.567848205566406,0.11549219957757742,16.582256044660294,0.21549707783087765,0.023755687387786217
2023-01-05,16.32946039631478,16.38447387628449,16.210268020629883,16.210268020629883,6420300,0.0,0.0,16.551344680786134,16.75488920211792,33.95067435598138,-0.26650618408306315,-0.24857993500571496,0.46043197805201186,-0.02320444973390212,0.0,0.0,0.0,0.0,0.0,0.0,0.0,0.0,0.0,10440400.0,11041400.0,4468300.0,0.0,0.0,0.0,0.0,0.0,0.0,0.0,0.0,0.0,0.0,0.0,0.0,0.0,0.0,0.0,0.0,0.0,0.0,0.0,0.0,0.0,0.0,0.0,0.0,16.506723403930664,0.26356431844677725,16.53641264779227,0.17419436676217598,16.514145714896067,0.16146627617760992,-0.007299207834287613
2023-01-06,16.072737569982685,16.356966883602876,16.017724090862874,16.32946014404297,8915600,0.0,0.0,16.472493362426757,16.682456398010252,43.6170228461408,-0.2691677073294443,-0.25269748947046083,0.40111821595694425,0.007352878019129427,0.0,0.0,0.0,0.0,0.0,0.0,0.0,0.0,0.0,6420300.0,10440400.0,11041400.0,0.0,0.0,0.0,0.0,0.0,0.0,0.0,0.0,0.0,0.0,0.0,0.0,0.0,0.0,0.0,0.0,0.0,0.0,0.0,0.0,0.0,0.0,0.0,0.0,16.378360748291016,0.1971453021015556,16.50759642464774,0.19107212152894584,16.49056897844587,0.16269756226111684,-0.010555580852809165
2023-01-09,16.586184393595936,16.72371459320493,16.49449701092615,16.503665924072266,10778100,0.0,0.0,16.470659255981445,16.61002368927002,55.252894980953755,-0.2542887506987199,-0.2530157417161127,0.26867147902227406,0.01066818979271944,0.0,0.0,0.0,0.0,0.0,0.0,0.0,0.0,0.0,8915600.0,6420300.0,10440400.0,0.0,0.0,0.0,0.0,0.0,0.0,0.0,0.0,0.0,0.0,0.0,0.0,0.0,0.0,0.0,0.0,0.0,0.0,0.0,0.0,0.0,0.0,0.0,0.0,16.347798029581707,0.14755606043337613,16.5128356388637,0.190274306812086,16.508251462663925,0.14804888195101482,0.009534527895027844
2023-01-10,16.43948477363982,16.44865368650305,16.21943611129623,16.347797393798828,9517600,0.0,0.0,16.39730911254883,16.579766941070556,49.034679569198104,-0.25216752782525376,-0.2528460989379409,0.26201343557554535,-0.009444479244219761,0.0,0.0,0.0,0.0,0.0,0.0,0.0,0.0,0.0,10778100.0,8915600.0,6420300.0,0.0,0.0,0.0,0.0,0.0,0.0,0.0,0.0,0.0,0.0,0.0,0.0,0.0,0.0,0.0,0.0,0.0,0.0,0.0,0.0,0.0,0.0,0.0,0.0,16.393641153971355,0.09572435013604824,16.45913287571498,0.1731111150294914,16.504976681300572,0.15125137103713635,-0.016004506817686837
2023-01-11,16.33862917868639,16.641196320929048,16.265279621439422,16.613691329956055,9032200,0.0,0.0,16.4009765625,16.566472434997557,51.11113508132709,-0.22642098476569217,-0.24756107610349118,0.25257588893272603,0.016264817195378756,0.0,0.0,0.0,0.0,0.0,0.0,0.0,0.0,0.0,9517600.0,10778100.0,8915600.0,0.0,0.0,0.0,0.0,0.0,0.0,0.0,0.0,0.0,0.0,0.0,0.0,0.0,0.0,0.0,0.0,0.0,0.0,0.0,0.0,0.0,0.0,0.0,0.0,16.48838488260905,0.1336040006603238,16.473540714808873,0.18227995377938708,16.50890622820173,0.1534524741436204,-0.015217484946506765
2023-01-12,16.980441869340602,17.062960353221623,16.558680535194092,16.87041664123535,10853600,0.0,0.0,16.533006286621095,16.551344203948975,53.191486222614344,-0.1831893836367371,-0.23468673761014036,0.22148409343649147,0.015452635189892927,0.0,0.0,0.0,0.0,0.0,0.0,0.0,0.0,0.0,9032200.0,9517600.0,10778100.0,0.0,0.0,0.0,0.0,0.0,0.0,0.0,0.0,0.0,0.0,0.0,0.0,0.0,0.0,0.0,0.0,0.0,0.0,0.0,0.0,0.0,0.0,0.0,0.0,16.61063512166341,0.2613230276011346,16.495807647705078,0.22185247018798407,16.52069459642683,0.17459009633193018,-0.00647942559966197
2023-01-13,16.861246009064555,17.035451873823988,16.723715799535107,16.980440139770508,10388700,0.0,0.0,16.6632022857666,16.542175579071046,61.132014152139426,-0.13845403946581314,-0.21544019798127495,0.19726729606921298,0.006521682355267622,0.0,0.0,0.0,0.0,0.0,0.0,0.0,0.0,0.0,10853600.0,9032200.0,9517600.0,0.0,0.0,0.0,0.0,0.0,0.0,0.0,0.0,0.0,0.0,0.0,0.0,0.0,0.0,0.0,0.0,0.0,0.0,0.0,0.0,0.0,0.0,0.0,0.0,16.821516036987305,0.18820102071175282,16.550819941929408,0.2884111081145901,16.55933407374791,0.21124745949344806,-0.00803421066178367
2023-01-17,17.072126694933285,17.310511447115047,17.072126694933285,17.117969512939453,7344100,0.0,0.0,16.78606300354004,16.565097332000732,63.44082173150567,-0.09085615270342728,-0.19052338892570542,0.23470370452049621,0.008099281999577324,0.0,0.0,0.0,0.0,0.0,0.0,0.0,0.0,0.0,10388700.0,10853600.0,9032200.0,0.0,0.0,0.0,0.0,0.0,0.0,0.0,0.0,0.0,0.0,0.0,0.0,0.0,0.0,0.0,0.0,0.0,0.0,0.0,0.0,0.0,0.0,0.0,0.0,16.989608764648438,0.12403085839358305,16.680491583687918,0.3128007048598499,16.608452115740096,0.2544652521882375,-0.004266630216431366
2023-01-18,17.255499154600937,17.411367179061052,17.19131851196289,17.19131851196289,6338300,0.0,0.0,16.95476722717285,16.6118577003479,63.04341599673185,-0.04667776112756883,-0.16175426336607812,0.26153198565839175,0.004284912352951364,0.0,0.0,0.0,0.0,0.0,0.0,0.0,0.0,0.0,7344100.0,10388700.0,10853600.0,0.0,0.0,0.0,0.0,0.0,0.0,0.0,0.0,0.0,0.0,0.0,0.0,0.0,0.0,0.0,0.0,0.0,0.0,0.0,0.0,0.0,0.0,0.0,0.0,17.09657605489095,0.10705457486758897,16.80361420767648,0.3211107028818633,16.65560531616211,0.29670195902072916,-0.0031898757416048973
2023-01-19,17.218827175113123,17.347188474731816,17.191320432855598,17.2463321685791,4594600,0.0,0.0,17.08129539489746,16.654492092132568,65.45453307603452,-0.007144567073083863,-0.13083232410747928,0.2918333663661258,0.0032000836106858,0.0,0.0,0.0,0.0,0.0,0.0,0.0,0.0,0.0,6338300.0,7344100.0,10388700.0,0.0,0.0,0.0,0.0,0.0,0.0,0.0,0.0,0.0,0.0,0.0,0.0,0.0,0.0,0.0,0.0,0.0,0.0,0.0,0.0,0.0,0.0,0.0,0.0,17.18520673116048,0.06439920992641578,16.90970938546317,0.3281029853194477,16.711272512163436,0.32985031365522965,0.0015974302873047463
2023-01-20,17.12713890657051,17.264669113236984,17.044620432812337,17.218826293945312,6126200,0.0,0.0,17.150977325439452,16.687499523162842,60.79997536949912,0.021715951854353932,-0.10032266891511264,0.31669929612786324,-0.0015948825735770944,0.0,0.0,0.0,0.0,0.0,0.0,0.0,0.0,0.0,4594600.0,6338300.0,7344100.0,0.0,0.0,0.0,0.0,0.0,0.0,0.0,0.0,0.0,0.0,0.0,0.0,0.0,0.0,0.0,0.0,0.0,0.0,0.0,0.0,0.0,0.0,0.0,0.0,17.218825658162434,0.02750682831358648,17.034142085484095,0.2299757642104358,16.74663748059954,0.3567333017215708,-0.014173107623299264
2023-01-23,17.338017878484532,17.52139264482697,17.25549940850957,17.466379165649414,4319100,0.0,0.0,17.248165130615234,16.725549507141114,70.472379358045,0.06382780172712543,-0.06749257478666504,0.36150622168197805,0.014376872585743383,0.0,0.0,0.0,0.0,0.0,0.0,0.0,0.0,0.0,6126200.0,4594600.0,6338300.0,0.0,0.0,0.0,0.0,0.0,0.0,0.0,0.0,0.0,0.0,0.0,0.0,0.0,0.0,0.0,0.0,0.0,0.0,0.0,0.0,0.0,0.0,0.0,0.0,17.31051254272461,0.13568325759403133,17.15595463344029,0.193009106224585,16.814747674124582,0.39737423041853054,0.007936328857939712
2023-01-24,17.39303235353943,17.420539097468847,17.273839960761915,17.3288516998291,7045800,0.0,0.0,17.290341567993163,16.7700177192688,63.562776564044945,0.08512318196967428,-0.03696942343539718,0.3787543169469392,-0.007873839478464095,0.0,0.0,0.0,0.0,0.0,0.0,0.0,0.0,0.0,4319100.0,6126200.0,4594600.0,0.0,0.0,0.0,0.0,0.0,0.0,0.0,0.0,0.0,0.0,0.0,0.0,0.0,0.0,0.0,0.0,0.0,0.0,0.0,0.0,0.0,0.0,0.0,0.0,17.338019053141277,0.12403078790081887,17.22144535609654,0.1537602559228812,16.858626501900808,0.4187977024419685,0.015037574664451325
2023-01-25,17.17298285472808,17.182151768947424,16.998778730935257,17.072128295898438,8245400,0.0,0.0,17.266503524780273,16.80210828781128,59.92371230774239,0.08035817208011409,-0.013503904332294925,0.37563419346088117,-0.01481479606252245,0.0,0.0,0.0,0.0,0.0,0.0,0.0,0.0,0.0,7045800.0,4319100.0,6126200.0,0.0,0.0,0.0,0.0,0.0,0.0,0.0,0.0,0.0,0.0,0.0,0.0,0.0,0.0,0.0,0.0,0.0,0.0,0.0,0.0,0.0,0.0,0.0,0.0,17.289119720458984,0.2001059961953895,17.234543664114817,0.13220212319781988,16.89268180302211,0.41511107512126766,-0.016895422578874664
2023-01-26,17.1363085949364,17.383862278611605,17.04462120341632,17.36552619934082,6245500,0.0,0.0,17.290342330932617,16.843825912475587,75.00008255102479,0.09911410053720004,0.00901969664160407,0.39001665888382797,0.01718578365609358,0.0,0.0,0.0,0.0,0.0,0.0,0.0,0.0,0.0,8245400.0,7045800.0,4319100.0,0.0,0.0,0.0,0.0,0.0,0.0,0.0,0.0,0.0,0.0,0.0,0.0,0.0,0.0,0.0,0.0,0.0,0.0,0.0,0.0,0.0,0.0,0.0,0.0,17.255502065022785,0.15986153111602455,17.269908905029297,0.128890391564213,16.975200244358607,0.3825709395685795,0.015005453214341768
2023-01-27,17.07212698279649,17.200488274411263,16.962101769418517,17.108800888061523,5411100,0.0,0.0,17.26833724975586,16.875916385650633,65.91763480353009,0.09219989884982027,0.025655737083247313,0.3837322549961235,-0.014783618321283165,0.0,0.0,0.0,0.0,0.0,0.0,0.0,0.0,0.0,6245500.0,8245400.0,7045800.0,0.0,0.0,0.0,0.0,0.0,0.0,0.0,0.0,0.0,0.0,0.0,0.0,0.0,0.0,0.0,0.0,0.0,0.0,0.0,0.0,0.0,0.0,0.0,0.0,17.182151794433594,0.15986196869580313,17.258120673043386,0.1405246150329434,17.030867440359934,0.33514313249073063,-0.0016052338057208626
2023-01-30,17.163813663466446,17.31051279102493,17.099633013758552,17.136308670043945,8848300,0.0,0.0,17.202323150634765,16.89654598236084,63.74507176145212,0.08792643114633947,0.038109875895865744,0.3862018990743677,0.0016078147242695184,0.0,0.0,0.0,0.0,0.0,0.0,0.0,0.0,0.0,5411100.0,6245500.0,8245400.0,0.0,0.0,0.0,0.0,0.0,0.0,0.0,0.0,0.0,0.0,0.0,0.0,0.0,0.0,0.0,0.0,0.0,0.0,0.0,0.0,0.0,0.0,0.0,0.0,17.203545252482098,0.140952260983402,17.242403030395508,0.14801626587717392,17.076056207929337,0.29932745363091345,-0.005850903323659673
2023-01-31,17.072126444674726,17.23716163635254,16.998776887665237,17.23716163635254,7983100,0.0,0.0,17.18398513793945,16.932762241363527,69.79595371747007,0.09162151295146614,0.048812203306985824,0.38226746665231376,0.005885337866543772,0.0,0.0,0.0,0.0,0.0,0.0,0.0,0.0,0.0,8848300.0,5411100.0,6245500.0,0.0,0.0,0.0,0.0,0.0,0.0,0.0,0.0,0.0,0.0,0.0,0.0,0.0,0.0,0.0,0.0,0.0,0.0,0.0,0.0,0.0,0.0,0.0,0.0,17.160757064819336,0.06758264149007426,17.24502236502511,0.14769138605997043,17.139582225254603,0.21552374648585176,-0.011566890623234682
2023-02-01,17.31051215487419,17.548898665594052,17.20965760137879,17.438875198364258,7845700,0.0,0.0,17.257334518432618,16.968978595733642,68.90760562690875,0.10956351061793868,0.0609624647691764,0.3946177589045826,0.01170224926047636,0.0,0.0,0.0,0.0,0.0,0.0,0.0,0.0,0.0,7983100.0,8848300.0,5411100.0,0.0,0.0,0.0,0.0,0.0,0.0,0.0,0.0,0.0,0.0,0.0,0.0,0.0,0.0,0.0,0.0,0.0,0.0,0.0,0.0,0.0,0.0,0.0,0.0,17.270781834920246,0.1540596129060092,17.241093226841517,0.14103693016418317,17.198523930140905,0.16830229552735895,-0.025115321812418934
2023-02-02,17.787285328927858,17.915648373519275,17.67726186075407,17.888141632080078,10416900,0.0,0.0,17.361857604980468,17.033617973327637,71.42859437712295,0.1582109620705019,0.0804121642294415,0.43410165940575907,0.02576235156255735,0.0,0.0,0.0,0.0,0.0,0.0,0.0,0.0,0.0,7845700.0,7983100.0,8848300.0,0.0,0.0,0.0,0.0,0.0,0.0,0.0,0.0,0.0,0.0,0.0,0.0,0.0,0.0,0.0,0.0,0.0,0.0,0.0,0.0,0.0,0.0,0.0,0.0,17.521392822265625,0.3332425654085941,17.32099178859166,0.28449725305447526,17.2712185723441,0.22569016245240675,0.011929465505737147
2023-02-03,17.69559743084654,17.86980329070343,17.60391179293481,17.677261352539062,5482200,0.0,0.0,17.475549697875977,17.106967639923095,64.07409205184686,0.1776997298027645,0.0998696773441061,0.41098142783495034,-0.011788831052345294,0.0,0.0,0.0,0.0,0.0,0.0,0.0,0.0,0.0,10416900.0,7845700.0,7983100.0,0.0,0.0,0.0,0.0,0.0,0.0,0.0,0.0,0.0,0.0,0.0,0.0,0.0,0.0,0.0,0.0,0.0,0.0,0.0,0.0,0.0,0.0,0.0,0.0,17.668092727661133,0.22477350795310783,17.407439368111746,0.28818824812346977,17.32099151611328,0.23333772849661968,0.024442206464989846
2023-02-06,17.338017353585155,17.411366908143236,17.191318244468995,17.2554988861084,7774000,0.0,0.0,17.499387741088867,17.153269577026368,52.49167368733149,0.1572987701079036,0.11135549589686561,0.36877287146434373,-0.023859038909897934,0.0,0.0,0.0,0.0,0.0,0.0,0.0,0.0,0.0,5482200.0,10416900.0,7845700.0,0.0,0.0,0.0,0.0,0.0,0.0,0.0,0.0,0.0,0.0,0.0,0.0,0.0,0.0,0.0,0.0,0.0,0.0,0.0,0.0,0.0,0.0,0.0,0.0,17.606967290242512,0.32212598840090295,17.391721180507115,0.29380111315389945,17.330815042768204,0.22694031227625758,-0.011035330899232587
2023-02-07,17.127138843016898,17.48471772878115,17.127138843016898,17.448043823242188,6590600,0.0,0.0,17.541564178466796,17.200488471984862,54.45862362297371,0.154882243735333,0.12006084546455909,0.3406023807216482,0.011158468289131696,0.0,0.0,0.0,0.0,0.0,0.0,0.0,0.0,0.0,7774000.0,5482200.0,10416900.0,0.0,0.0,0.0,0.0,0.0,0.0,0.0,0.0,0.0,0.0,0.0,0.0,0.0,0.0,0.0,0.0,0.0,0.0,0.0,0.0,0.0,0.0,0.0,0.0,17.460268020629883,0.2111467920043956,17.440184456961497,0.26602070364200053,17.34915256500244,0.22516666786552197,-0.006784910487627416
2023-02-08,17.649754418906724,17.73227289115817,17.539729206307648,17.567235946655273,5737300,0.0,0.0,17.567236328125,17.261460399627687,55.45169986909128,0.16073211760475914,0.12819509989259908,0.28444403477487945,0.006831259975075943,0.0,0.0,0.0,0.0,0.0,0.0,0.0,0.0,0.0,6590600.0,7774000.0,5482200.0,0.0,0.0,0.0,0.0,0.0,0.0,0.0,0.0,0.0,0.0,0.0,0.0,0.0,0.0,0.0,0.0,0.0,0.0,0.0,0.0,0.0,0.0,0.0,0.0,17.423592885335285,0.15730030197998734,17.5017454964774,0.231615825830829,17.372074263436453,0.2301726836587443,-0.009307269507989768
2023-02-09,17.89731197337069,17.961492626389656,17.695599350977787,17.732275009155273,4725100,0.0,0.0,17.53606300354004,17.317389583587648,58.33334881160896,0.17664915633317335,0.13788591118071394,0.2592255597792095,0.009394708592812107,0.0,0.0,0.0,0.0,0.0,0.0,0.0,0.0,0.0,5737300.0,6590600.0,7774000.0,0.0,0.0,0.0,0.0,0.0,0.0,0.0,0.0,0.0,0.0,0.0,0.0,0.0,0.0,0.0,0.0,0.0,0.0,0.0,0.0,0.0,0.0,0.0,0.0,17.582518259684246,0.14273052784889706,17.57247597830636,0.21213006010872168,17.408749171665736,0.24434559203137907,0.009394708592812107
2023-02-10,17.686430072703555,17.76894679616358,17.448043569398415,17.567235946655273,11739400,0.0,0.0,17.514057922363282,17.352230548858643,51.68197080487001,0.17394116566360296,0.14509696207729175,0.24226132722817625,-0.009307269507989768,0.0,0.0,0.0,0.0,0.0,0.0,0.0,0.0,0.0,4725100.0,5737300.0,6590600.0,0.0,0.0,0.0,0.0,0.0,0.0,0.0,0.0,0.0,0.0,0.0,0.0,0.0,0.0,0.0,0.0,0.0,0.0,0.0,0.0,0.0,0.0,0.0,0.0,17.622248967488606,0.09528534716116906,17.59081322806222,0.20405043528528136,17.41595322745187,0.24763997630716836,0.007360609375945071
2023-02-13,17.319681068608585,17.466380190775965,17.292176076196878,17.438875198364258,5610000,0.0,0.0,17.550733184814455,17.37515230178833,51.84046965732882,0.1595976811937021,0.14799710590057383,0.22640107803670037,-0.0073068266789833025,0.0,0.0,0.0,0.0,0.0,0.0,0.0,0.0,0.0,11739400.0,4725100.0,5737300.0,0.0,0.0,0.0,0.0,0.0,0.0,0.0,0.0,0.0,0.0,0.0,0.0,0.0,0.0,0.0,0.0,0.0,0.0,0.0,0.0,0.0,0.0,0.0,0.0,17.5794620513916,0.14708150961564456,17.52663230895996,0.16107251639956005,17.423812048775808,0.24640590931198456,-0.005230188800774305
2023-02-14,17.475549869677042,17.64058682653936,17.37469531176573,17.530563354492188,6225500,0.0,0.0,17.567237091064452,17.395781993865967,58.11685197767893,0.15385528637200707,0.1491687419948605,0.22045281618397797,0.005257687499049757,0.0,0.0,0.0,0.0,0.0,0.0,0.0,0.0,0.0,5610000.0,11739400.0,4725100.0,0.0,0.0,0.0,0.0,0.0,0.0,0.0,0.0,0.0,0.0,0.0,0.0,0.0,0.0,0.0,0.0,0.0,0.0,0.0,0.0,0.0,0.0,0.0,0.0,17.512224833170574,0.066116158756034,17.50567545209612,0.14714966793363202,17.456557410103933,0.2256629712076348,-0.00571996418409948
2023-02-15,17.5305598755554,17.6680900627173,17.49388422629025,17.63141441345215,8592700,0.0,0.0,17.580072784423827,17.41778678894043,55.05217363571525,0.15564802121367194,0.1504645978386228,0.22093372913354162,0.005752870396724452,0.0,0.0,0.0,0.0,0.0,0.0,0.0,0.0,0.0,6225500.0,5610000.0,11739400.0,0.0,0.0,0.0,0.0,0.0,0.0,0.0,0.0,0.0,0.0,0.0,0.0,0.0,0.0,0.0,0.0,0.0,0.0,0.0,0.0,0.0,0.0,0.0,0.0,17.5336176554362,0.09630593908142888,17.559377670288086,0.1024309712279196,17.4755494253976,0.2285821906925478,0.005752870396724452
2023-02-16,17.521394440356328,17.686431397218644,17.4847187838129,17.530563354492188,6542000,0.0,0.0,17.53973045349121,17.431998348236085,58.51856189339557,0.147233720204337,0.14981842231176562,0.2184520951038936,-0.00571996418409948,0.0,0.0,0.0,0.0,0.0,0.0,0.0,0.0,0.0,8592700.0,6225500.0,5610000.0,0.0,0.0,0.0,0.0,0.0,0.0,0.0,0.0,0.0,0.0,0.0,0.0,0.0,0.0,0.0,0.0,0.0,0.0,0.0,0.0,0.0,0.0,0.0,0.0,17.564180374145508,0.058226386038576106,17.57116617475237,0.09166504298657109,17.505675315856934,0.2028761853590983,0.0020966362888819035
2023-02-17,17.429704399874062,17.530560691254877,17.374692672207843,17.493885040283203,5695200,0.0,0.0,17.5250602722168,17.44575128555298,57.19550567317797,0.13603753656833817,0.14706224516308014,0.21291335172039835,-0.0020922496024399218,0.0,0.0,0.0,0.0,0.0,0.0,0.0,0.0,0.0,6542000.0,8592700.0,6225500.0,0.0,0.0,0.0,0.0,0.0,0.0,0.0,0.0,0.0,0.0,0.0,0.0,0.0,0.0,0.0,0.0,0.0,0.0,0.0,0.0,0.0,0.0,0.0,0.0,17.55195426940918,0.07121629414535953,17.560687473842076,0.09626628474961016,17.53121648515974,0.17312469462659347,0.01543360807295402
2023-02-21,17.246330996957727,17.429705768633994,17.218826005360288,17.227994918823242,11326500,0.0,0.0,17.482884216308594,17.43383207321167,49.82702722935484,0.10450470452545702,0.1385507370355555,0.21830215477789736,-0.015199032167394266,0.0,0.0,0.0,0.0,0.0,0.0,0.0,0.0,0.0,5695200.0,6542000.0,8592700.0,0.0,0.0,0.0,0.0,0.0,0.0,0.0,0.0,0.0,0.0,0.0,0.0,0.0,0.0,0.0,0.0,0.0,0.0,0.0,0.0,0.0,0.0,0.0,0.0,17.41748110453288,0.16512142687849862,17.4886474609375,0.12943266920941887,17.530561719621932,0.17433547251424958,0.009129888214479465
2023-02-22,17.145477860861618,17.200489597386113,17.044621553240404,17.072128295898438,7887000,0.0,0.0,17.391197204589844,17.420995903015136,42.95776659666466,0.06617475275398021,0.12407554017924045,0.23192264854490888,-0.009047287491042,0.0,0.0,0.0,0.0,0.0,0.0,0.0,0.0,0.0,11326500.0,5695200.0,6542000.0,0.0,0.0,0.0,0.0,0.0,0.0,0.0,0.0,0.0,0.0,0.0,0.0,0.0,0.0,0.0,0.0,0.0,0.0,0.0,0.0,0.0,0.0,0.0,0.0,17.26466941833496,0.2132567749084043,17.417917796543666,0.19698145510540313,17.504365512302943,0.21254041219601824,-0.00427792697588103
2023-02-23,17.08129299729634,17.21882494195552,16.998776278808684,17.145475387573242,7433600,0.0,0.0,17.294009399414062,17.424663257598876,33.33327626103386,0.04124108557085293,0.10750864925756295,0.22663535987814135,0.0042963062603287305,0.0,0.0,0.0,0.0,0.0,0.0,0.0,0.0,0.0,7887000.0,11326500.0,5695200.0,0.0,0.0,0.0,0.0,0.0,0.0,0.0,0.0,0.0,0.0,0.0,0.0,0.0,0.0,0.0,0.0,0.0,0.0,0.0,0.0,0.0,0.0,0.0,0.0,17.14853286743164,0.07797828013496827,17.376003537859237,0.22147166104633942,17.451317923409597,0.20179500384675458,0.020185311874241663
2023-02-24,16.934597578026736,16.962104322709656,16.7420556116214,16.806236267089844,11821700,0.0,0.0,17.149143981933594,17.39669876098633,31.51749303467848,-0.005825632922533686,0.08484179282154364,0.26549086911740455,-0.019785926771635265,0.0,0.0,0.0,0.0,0.0,0.0,0.0,0.0,0.0,7433600.0,7887000.0,11326500.0,0.0,0.0,0.0,0.0,0.0,0.0,0.0,0.0,0.0,0.0,0.0,0.0,0.0,0.0,0.0,0.0,0.0,0.0,0.0,0.0,0.0,0.0,0.0,0.0,17.007946650187176,0.17849441994426762,17.2725282396589,0.29441869971143697,17.389101845877512,0.254235513529124,0.009361497784660111
2023-02-27,16.677870659715968,16.760389123715193,16.604521108249017,16.65036392211914,6270100,0.0,0.0,16.980439758300783,17.37377691268921,35.52627136969515,-0.05506913922786438,0.05685960641166203,0.30803664460706015,-0.009274672954344587,0.0,0.0,0.0,0.0,0.0,0.0,0.0,0.0,0.0,11821700.0,7433600.0,7887000.0,0.0,0.0,0.0,0.0,0.0,0.0,0.0,0.0,0.0,0.0,0.0,0.0,0.0,0.0,0.0,0.0,0.0,0.0,0.0,0.0,0.0,0.0,0.0,0.0,16.867358525594074,0.2531517107773894,17.13237816946847,0.3268254073910046,17.34587791987828,0.32129446266975203,0.012262993991534188
2023-02-28,16.50366590482586,16.549508721711604,16.439485261669265,16.448654174804688,7969800,0.0,0.0,16.82457160949707,17.339394187927248,26.20075435498289,-0.10911347142689465,0.023664990843950698,0.3684006966562604,-0.01211443475097218,0.0,0.0,0.0,0.0,0.0,0.0,0.0,0.0,0.0,6270100.0,11821700.0,7433600.0,0.0,0.0,0.0,0.0,0.0,0.0,0.0,0.0,0.0,0.0,0.0,0.0,0.0,0.0,0.0,0.0,0.0,0.0,0.0,0.0,0.0,0.0,0.0,0.0,16.63508478800456,0.17928002436195845,16.9778197152274,0.3611550752707077,17.274492944989884,0.39857659090293696,-0.004439588658378901
2023-03-01,16.586185729577814,16.604523557347115,16.402810949467792,16.522005081176758,4293700,0.0,0.0,16.714546966552735,17.303636360168458,24.553527481161325,-0.1443610842206482,-0.00994022416896908,0.4110809502142453,0.004459386500108131,0.0,0.0,0.0,0.0,0.0,0.0,0.0,0.0,0.0,7969800.0,6270100.0,11821700.0,0.0,0.0,0.0,0.0,0.0,0.0,0.0,0.0,0.0,0.0,0.0,0.0,0.0,0.0,0.0,0.0,0.0,0.0,0.0,0.0,0.0,0.0,0.0,0.0,16.540341059366863,0.10209731442381148,16.838979721069336,0.3133437099543914,17.199833597455704,0.43568921089096474,-0.0038693932580238233
2023-03-02,16.356965977381172,16.586183547973633,16.311123162779193,16.586183547973633,6263000,0.0,0.0,16.602688598632813,17.261001777648925,20.65702113695363,-0.16521194493599722,-0.04099456832237471,0.4395487067669411,0.003884423620592603,0.0,0.0,0.0,0.0,0.0,0.0,0.0,0.0,0.0,4293700.0,7969800.0,6270100.0,0.0,0.0,0.0,0.0,0.0,0.0,0.0,0.0,0.0,0.0,0.0,0.0,0.0,0.0,0.0,0.0,0.0,0.0,0.0,0.0,0.0,0.0,0.0,0.0,16.51894760131836,0.06881564690077938,16.747292382376536,0.2716716117914758,17.117969921657018,0.4356229330025982,-0.004950566991192895
2023-03-03,16.632027426163685,16.668703079223633,16.430316580708137,16.668703079223633,6765200,0.0,0.0,16.57518196105957,17.200029850006104,25.98023719445662,-0.1730825775342204,-0.06741217016474385,0.43249703854903787,0.0049751970374209975,0.0,0.0,0.0,0.0,0.0,0.0,0.0,0.0,0.0,6263000.0,4293700.0,7969800.0,0.0,0.0,0.0,0.0,0.0,0.0,0.0,0.0,0.0,0.0,0.0,0.0,0.0,0.0,0.0,0.0,0.0,0.0,0.0,0.0,0.0,0.0,0.0,0.0,16.592297236124676,0.07353984324735073,16.689660208565847,0.2310268467695644,17.05378900255476,0.43050127187056103,-0.004381350426121644
2023-03-06,16.81540546453961,16.81540546453961,16.705380232750834,16.742055892944336,7383700,0.0,0.0,16.59352035522461,17.153269577026368,30.808056398995575,-0.17142507004189866,-0.08821475014017482,0.42872392383335156,0.004400631133212318,0.0,0.0,0.0,0.0,0.0,0.0,0.0,0.0,0.0,6765200.0,6263000.0,4293700.0,0.0,0.0,0.0,0.0,0.0,0.0,0.0,0.0,0.0,0.0,0.0,0.0,0.0,0.0,0.0,0.0,0.0,0.0,0.0,0.0,0.0,0.0,0.0,0.0,16.665647506713867,0.07798108343814399,16.63202885219029,0.12380673193455621,17.004016195024764,0.4227666192266889,0.0021954848072085476
2023-03-07,16.732886229999664,16.79706688367793,16.613693837281694,16.705379486083984,5435600,0.0,0.0,16.644865417480467,17.125763607025146,26.562384879754873,-0.17109864426279486,-0.10479152896469883,0.4393358018339835,-0.002190675213060822,0.0,0.0,0.0,0.0,0.0,0.0,0.0,0.0,0.0,7383700.0,6765200.0,6263000.0,0.0,0.0,0.0,0.0,0.0,0.0,0.0,0.0,0.0,0.0,0.0,0.0,0.0,0.0,0.0,0.0,0.0,0.0,0.0,0.0,0.0,0.0,0.0,0.0,16.705379486083984,0.03667640686033082,16.617620740618026,0.10452079343920515,16.945074490138463,0.40065381326179905,0.0033041658562042997
2023-03-08,16.714544561053817,16.714544561053817,16.567845458119915,16.65036392211914,4737800,0.0,0.0,16.670537185668945,17.085879611968995,21.390406455768442,-0.1732817614272122,-0.11848957545720151,0.4447133109685817,-0.0032932842986699296,0.0,0.0,0.0,0.0,0.0,0.0,0.0,0.0,0.0,5435600.0,7383700.0,6765200.0,0.0,0.0,0.0,0.0,0.0,0.0,0.0,0.0,0.0,0.0,0.0,0.0,0.0,0.0,0.0,0.0,0.0,0.0,0.0,0.0,0.0,0.0,0.0,0.0,16.69926643371582,0.046150638515545295,16.617620740618026,0.10452079343920515,16.87499945504325,0.3545148251227505,0.024830484059901847
2023-03-09,16.476162049627018,16.58618727772101,16.246944427490234,16.246944427490234,6733900,0.0,0.0,16.602689361572267,17.019865036010742,18.18183537421399,-0.20519907203722454,-0.13583147477320612,0.46693730493926816,-0.02422886950194436,0.0,0.0,0.0,0.0,0.0,0.0,0.0,0.0,0.0,4737800.0,5435600.0,7383700.0,0.0,0.0,0.0,0.0,0.0,0.0,0.0,0.0,0.0,0.0,0.0,0.0,0.0,0.0,0.0,0.0,0.0,0.0,0.0,0.0,0.0,0.0,0.0,0.0,16.534229278564453,0.25031203988650436,16.588805062430247,0.16762378667335423,16.783312388828822,0.3375075764201922,0.0022625416688777378
2023-03-10,16.301955405121326,16.457823434119362,16.16442345398846,16.210268020629883,6763900,0.0,0.0,16.511002349853516,16.943764686584473,18.181852566642306,-0.2307928142642801,-0.1548237426714209,0.468742583489781,-0.002257434130093716,0.0,0.0,0.0,0.0,0.0,0.0,0.0,0.0,0.0,6733900.0,4737800.0,5435600.0,0.0,0.0,0.0,0.0,0.0,0.0,0.0,0.0,0.0,0.0,0.0,0.0,0.0,0.0,0.0,0.0,0.0,0.0,0.0,0.0,0.0,0.0,0.0,0.0,16.369192123413086,0.24419147199634877,16.544271196637833,0.22118303176889956,16.691625458853586,0.3021236609998113,0.0237405668351911
2023-03-13,15.816013712698744,16.05440021619439,15.559289382290025,15.834351539611816,13321500,0.0,0.0,16.32946147918701,16.8571204662323,17.241396316200763,-0.2782024134776364,-0.179499476832664,0.5061001191822583,-0.023190022554818945,0.0,0.0,0.0,0.0,0.0,0.0,0.0,0.0,0.0,6763900.0,6733900.0,4737800.0,0.0,0.0,0.0,0.0,0.0,0.0,0.0,0.0,0.0,0.0,0.0,0.0,0.0,0.0,0.0,0.0,0.0,0.0,0.0,0.0,0.0,0.0,0.0,0.0,16.097187995910645,0.22836055214252599,16.43686662401472,0.3452078311080397,16.592079503195627,0.33912988185389886,-0.003462174554601516
2023-03-14,15.779338076072461,16.017724579827956,15.770170911397361,15.889363288879395,7397600,0.0,0.0,16.166258239746092,16.779644870758055,20.814462174926987,-0.3077878868402273,-0.20515715883417668,0.530375999207316,0.003474202851310837,0.0,0.0,0.0,0.0,0.0,0.0,0.0,0.0,0.0,13321500.0,6763900.0,6733900.0,0.0,0.0,0.0,0.0,0.0,0.0,0.0,0.0,0.0,0.0,0.0,0.0,0.0,0.0,0.0,0.0,0.0,0.0,0.0,0.0,0.0,0.0,0.0,0.0,15.977994283040365,0.2030268209368445,16.325532368251256,0.3817187499598769,16.507596288408553,0.35718530445242364,0.023626616372921516
2023-03-15,15.485940730439342,15.59596594957051,15.348410518119028,15.522616386413574,14925800,0.0,0.0,15.94070873260498,16.679247522354125,15.019855145214521,-0.3567159976561669,-0.23546892659857474,0.5693636706690556,-0.023081283736680502,0.0,0.0,0.0,0.0,0.0,0.0,0.0,0.0,0.0,7397600.0,13321500.0,6763900.0,0.0,0.0,0.0,0.0,0.0,0.0,0.0,0.0,0.0,0.0,0.0,0.0,0.0,0.0,0.0,0.0,0.0,0.0,0.0,0.0,0.0,0.0,0.0,0.0,15.748777071634928,0.19778287285357285,16.151326724461146,0.4345503820799518,16.39167778832572,0.395526302075968,-0.015125062860747773
2023-03-16,15.375916905692609,15.770171454370598,15.375916905692609,15.761002540588379,7402800,0.0,0.0,15.843520355224609,16.585726928710937,26.446317933994237,-0.3719682887298532,-0.2627687990248304,0.5582375852158256,0.01535734364881014,0.0,0.0,0.0,0.0,0.0,0.0,0.0,0.0,0.0,14925800.0,7397600.0,13321500.0,0.0,0.0,0.0,0.0,0.0,0.0,0.0,0.0,0.0,0.0,0.0,0.0,0.0,0.0,0.0,0.0,0.0,0.0,0.0,0.0,0.0,0.0,0.0,0.0,15.724327405293783,0.18610379302616228,16.016415732247488,0.3766023283935318,16.317018236432755,0.4096517824642615,0.017762083631883696
2023-03-17,15.65097692585186,15.696821493596728,15.458434987697748,15.485939979553223,15611100,0.0,0.0,15.698654747009277,16.48349575996399,25.098109598037198,-0.4016214471324986,-0.29053932864636406,0.563296035761676,-0.017452098007522343,0.0,0.0,0.0,0.0,0.0,0.0,0.0,0.0,0.0,7402800.0,14925800.0,7397600.0,0.0,0.0,0.0,0.0,0.0,0.0,0.0,0.0,0.0,0.0,0.0,0.0,0.0,0.0,0.0,0.0,0.0,0.0,0.0,0.0,0.0,0.0,0.0,0.0,15.589852968851725,0.1493499971016905,15.850069454738072,0.299107703838981,16.23384509767805,0.45271085237351305,-0.002362772225206422
2023-03-20,15.4951096444329,15.623472691551186,15.44009790926308,15.522616386413574,9583200,0.0,0.0,15.636307716369629,16.38493232727051,28.6920820084747,-0.41735134280232344,-0.31590173147755596,0.5494903725815214,0.0023683681396657885,0.0,0.0,0.0,0.0,0.0,0.0,0.0,0.0,0.0,15611100.0,7402800.0,14925800.0,0.0,0.0,0.0,0.0,0.0,0.0,0.0,0.0,0.0,0.0,0.0,0.0,0.0,0.0,0.0,0.0,0.0,0.0,0.0,0.0,0.0,0.0,0.0,0.0,15.589852968851725,0.1493499971016905,15.746594020298549,0.26190269191882687,16.167699541364396,0.4853834773873392,0.0023683681396657885
2023-03-21,15.4400971605998,15.50427780665117,15.293398041399112,15.485939979553223,13141400,0.0,0.0,15.555623054504395,16.297829580307006,25.75111970997581,-0.42784494773133197,-0.3382903747283112,0.5468834504450364,-0.002362772225206422,0.0,0.0,0.0,0.0,0.0,0.0,0.0,0.0,0.0,9583200.0,15611100.0,7402800.0,0.0,0.0,0.0,0.0,0.0,0.0,0.0,0.0,0.0,0.0,0.0,0.0,0.0,0.0,0.0,0.0,0.0,0.0,0.0,0.0,0.0,0.0,0.0,0.0,15.498165448506674,0.021175133373694737,15.643118585859026,0.17774275036902687,16.09369489124843,0.5057631408844061,0.01746972736219865
2023-03-22,15.375917904937513,15.504279208647507,15.210880943715177,15.220049858093262,8451200,0.0,0.0,15.495109748840331,16.205225658416747,20.784475764592827,-0.4524013151542121,-0.3611125628134914,0.5653647895828983,-0.017169776055636743,0.0,0.0,0.0,0.0,0.0,0.0,0.0,0.0,0.0,13141400.0,9583200.0,15611100.0,0.0,0.0,0.0,0.0,0.0,0.0,0.0,0.0,0.0,0.0,0.0,0.0,0.0,0.0,0.0,0.0,0.0,0.0,0.0,0.0,0.0,0.0,0.0,0.0,15.40953540802002,0.16512077376371906,15.555361202784947,0.21527598940149828,15.996113913399833,0.5344122952025581,-0.020070727121076826
2023-03-23,15.458434500329384,15.641807519153199,15.275059732714178,15.531784057617188,14192500,0.0,0.0,15.449266052246093,16.124541091918946,27.857187434526963,-0.44161737838499526,-0.37721352592779217,0.5386319714059259,0.020481811980278097,0.0,0.0,0.0,0.0,0.0,0.0,0.0,0.0,0.0,8451200.0,13141400.0,9583200.0,0.0,0.0,0.0,0.0,0.0,0.0,0.0,0.0,0.0,0.0,0.0,0.0,0.0,0.0,0.0,0.0,0.0,0.0,0.0,0.0,0.0,0.0,0.0,0.0,15.412591298421225,0.16831391670345255,15.504278455461774,0.15747744199144953,15.914905411856514,0.5101774242882794,0.008333448388607945
2023-03-24,15.35757763249886,15.41258936122236,15.26589025209881,15.403420448303223,6230000,0.0,0.0,15.432762145996094,16.054400300979616,24.475465980707952,-0.4383755804810541,-0.3894459368384446,0.5365227062207176,-0.008264575971297483,0.0,0.0,0.0,0.0,0.0,0.0,0.0,0.0,0.0,14192500.0,8451200.0,13141400.0,0.0,0.0,0.0,0.0,0.0,0.0,0.0,0.0,0.0,0.0,0.0,0.0,0.0,0.0,0.0,0.0,0.0,0.0,0.0,0.0,0.0,0.0,0.0,0.0,15.385084788004557,0.15667386545670317,15.487250464303154,0.1615555935961077,15.819288594382149,0.4668302231248906,-0.012926102517183513
2023-03-27,15.49510879719967,15.623471837299391,15.430928151545528,15.605134010314941,11983600,0.0,0.0,15.449265670776366,16.002138805389404,30.26316554811757,-0.41474886685758783,-0.3945065228422733,0.5262237844600162,0.01309537467270383,0.0,0.0,0.0,0.0,0.0,1.0,1.0,0.0,0.0,6230000.0,14192500.0,8451200.0,0.0,0.0,0.0,0.0,0.0,0.0,0.0,0.0,0.0,0.0,0.0,0.0,0.0,0.0,0.0,0.0,0.0,0.0,0.0,0.0,0.0,0.0,0.0,0.0,15.513446172078451,0.10209945548036076,15.464983531406947,0.12388628924593613,15.740699631827217,0.3929507613429913,0.014907694468986987
2023-03-28,15.421757386836186,15.504275849569321,15.2933961109363,15.375914573669434,9638200,0.0,0.0,15.427260589599609,15.948501825332642,28.48299596406332,-0.4097967372626883,-0.39756456572635634,0.53294416889251,-0.014688719526150473,0.0,0.0,0.0,0.0,0.0,0.0,0.0,0.0,0.0,11983600.0,6230000.0,14192500.0,0.0,0.0,0.0,0.0,0.0,0.0,0.0,0.0,0.0,0.0,0.0,0.0,0.0,0.0,0.0,1.0,0.0,0.0,1.0,0.0,0.0,0.0,0.0,0.0,15.4614896774292,0.12515755695315928,15.449265616280693,0.1277051372634759,15.649667535509382,0.30342875639584654,-0.011202857345593453
2023-03-29,15.430927977229132,15.568458180476027,15.412590150451836,15.55012035369873,7848700,0.0,0.0,15.493274688720703,15.89990758895874,37.248303055878125,-0.38735005797930455,-0.395521664176946,0.5220976956509292,0.01132978329156531,0.0,0.0,0.0,0.0,0.0,0.0,0.0,0.0,0.0,9638200.0,11983600.0,6230000.0,0.0,0.0,0.0,0.0,0.0,0.0,0.0,0.0,0.0,0.0,0.0,0.0,0.0,0.0,0.0,0.0,1.0,0.0,0.0,1.0,0.0,0.0,0.0,0.0,15.510389645894369,0.11966321235449141,15.453194754464286,0.1307254681851831,15.599894387381417,0.2504432932239708,-0.01050184185029035
2023-03-30,15.687653469110154,15.715158462524414,15.605134991284288,15.715158462524414,6290700,0.0,0.0,15.529949569702149,15.856356334686279,41.34617949059875,-0.35218394948367227,-0.38685412123829127,0.49759195844632603,0.01061330105952707,0.0,0.0,0.0,0.0,0.0,0.0,0.0,0.0,0.0,7848700.0,9638200.0,11983600.0,0.0,0.0,0.0,0.0,0.0,0.0,0.0,0.0,0.0,0.0,0.0,0.0,0.0,0.0,0.0,0.0,0.0,1.0,0.0,0.0,1.0,0.0,0.0,0.0,15.547064463297525,0.16964258864144124,15.485940252031599,0.16461153741023618,15.564529418945312,0.18368121664577014,-0.017201806409748666
2023-03-31,15.98105020301506,16.00855519381131,15.816013263072035,15.990219116210938,8384400,0.0,0.0,15.647309303283691,15.822432136535644,52.823907292892336,-0.29867650236841214,-0.36921859746431546,0.46108295700747465,0.017502887695498126,0.0,0.0,0.0,0.0,0.0,0.0,0.0,0.0,0.0,6290700.0,7848700.0,9638200.0,0.0,0.0,0.0,0.0,0.0,0.0,0.0,0.0,0.0,0.0,0.0,0.0,0.0,0.0,0.0,0.0,0.0,0.0,0.0,0.0,0.0,0.0,0.0,0.0,15.751832644144693,0.22232965814153244,15.595964431762695,0.20874385415389793,15.575662817273821,0.20480322024031977,0.0011482153103734571
2023-04-03,15.779336295617753,15.990217783970365,15.779336295617753,15.971879959106445,8446400,0.0,0.0,15.720658493041991,15.78392333984375,51.515116493678086,-0.25481394519677636,-0.3463376670108077,0.4095132297508938,-0.0011468984240434743,0.0,0.0,0.0,0.0,0.0,0.0,0.0,0.0,0.0,8384400.0,6290700.0,7848700.0,0.0,0.0,0.0,0.0,0.0,0.0,0.0,0.0,0.0,0.0,0.0,0.0,0.0,0.0,0.0,0.0,0.0,0.0,0.0,0.0,0.0,0.0,0.0,0.0,15.8924191792806,0.15378589808403073,15.658835274832589,0.24865241563159252,15.581556865147181,0.21543700626012882,0.0028784416641751687
2023-04-04,15.981049516411494,16.00855450602603,15.898531049985273,15.926037788391113,7522300,0.0,0.0,15.830683135986328,15.744956254959106,58.39688625740303,-0.22120175652738183,-0.32131048491412256,0.34996744468390406,-0.002870180018426427,0.0,0.0,0.0,0.0,0.0,0.0,0.0,0.0,0.0,8446400.0,8384400.0,6290700.0,0.0,0.0,0.0,0.0,0.0,0.0,0.0,0.0,0.0,0.0,0.0,0.0,0.0,0.0,0.0,0.0,0.0,0.0,0.0,0.0,0.0,0.0,0.0,0.0,15.962712287902832,0.033058211637213494,15.733494894845146,0.23738512324019043,15.61037267957415,0.23319495934858278,0.00230811636973427
2023-04-05,15.944375020887145,15.990219588219796,15.806844816472053,15.889363288879395,5559700,0.0,0.0,15.898531723022462,15.70690622329712,52.91663127311055,-0.19527220403773704,-0.2961028287388455,0.28090092690043755,-0.0023028012365041706,0.0,0.0,0.0,0.0,0.0,0.0,0.0,0.0,0.0,7522300.0,8446400.0,8384400.0,0.0,0.0,0.0,0.0,0.0,0.0,0.0,0.0,0.0,0.0,0.0,0.0,0.0,0.0,0.0,0.0,0.0,0.0,0.0,0.0,0.0,0.0,0.0,0.0,15.929093678792318,0.04134312598179777,15.77409907749721,0.23607474891585065,15.61954130445208,0.24193261480036543,0.004637580592818713
2023-04-06,15.86185806645865,15.926040466866612,15.724327848881924,15.816015243530273,6830800,0.0,0.0,15.918703079223633,15.685359764099122,58.256909405379616,-0.17858282944791526,-0.27259882888065945,0.25237605630921767,-0.004616172719800304,0.0,0.0,0.0,0.0,0.0,0.0,0.0,0.0,0.0,5559700.0,7522300.0,8446400.0,0.0,0.0,0.0,0.0,0.0,0.0,0.0,0.0,0.0,0.0,0.0,0.0,0.0,0.0,0.0,0.0,0.0,0.0,0.0,0.0,0.0,0.0,0.0,0.0,15.87713877360026,0.056020703090642464,15.836970601763044,0.15807381629892672,15.643118109021868,0.24398591480214335,-0.008050415793203425
2023-04-10,15.916869094479866,15.953542997400696,15.770169985213894,15.944374084472656,9204200,0.0,0.0,15.909534072875976,15.67206506729126,60.087654669616164,-0.15323252495680428,-0.24872556809588842,0.22920969062891094,0.008115750962929047,0.0,0.0,0.0,0.25,0.25,1.0,5.0,1.0,0.0,6830800.0,5559700.0,7522300.0,0.0,0.0,0.0,0.0,0.0,0.0,0.0,0.0,0.0,0.0,0.0,0.0,0.0,0.0,0.0,0.0,0.0,0.0,0.0,0.0,0.0,0.0,0.0,0.0,15.883250872294107,0.06439735428882737,15.893292563302177,0.09744339230044143,15.673243658883232,0.25380299160430636,-0.0034386039201323992
2023-04-11,15.797677035299008,15.9993896484375,15.751834213472018,15.9993896484375,11708400,0.0,0.0,15.915036010742188,15.680316972732545,62.17395571084292,-0.12723622972632675,-0.2244277004219761,0.23815598235984692,0.00345046871538357,0.0,0.0,0.0,0.0,0.0,0.0,0.0,0.0,0.0,9204200.0,6830800.0,5559700.0,0.0,0.0,0.0,0.0,0.0,0.0,0.0,0.0,0.0,0.25,0.0,0.0,0.25,0.0,0.0,1.0,0.0,0.0,5.0,0.0,0.0,1.0,0.0,0.0,15.919926325480143,0.09410001479057062,15.933897018432617,0.06449169119263973,15.709918635232109,0.2616317501409976,0.022261328211640397
2023-04-12,16.23777460876787,16.32029308804652,15.595966351790334,15.650978088378906,16959200,0.0,0.0,15.860024070739746,15.66839771270752,59.832594283764564,-0.13321229119172173,-0.20618461857592524,0.23305366440863476,-0.021776553213242122,0.0,0.0,0.0,0.0,0.0,0.0,0.0,0.0,0.0,11708400.0,9204200.0,6830800.0,0.0,0.0,0.0,0.0,0.0,0.0,0.0,0.0,0.0,0.0,0.25,0.0,0.0,0.25,0.0,0.0,1.0,0.0,0.0,5.0,0.0,0.0,1.0,0.0,15.864913940429688,0.18730480416719578,15.885434014456612,0.11929331666197042,15.740699223109655,0.22189803442304698,0.10844171624334065
2023-04-13,14.550731767054744,14.642419148142451,14.05562183285159,14.119802474975586,40415000,0.0,0.0,15.506111907958985,15.59825701713562,29.301111046490817,-0.2585213650193854,-0.2166519678646173,0.4174147799009484,-0.09783258303455433,0.0,0.0,0.0,0.0,0.0,0.0,0.0,0.0,0.0,16959200.0,11708400.0,9204200.0,0.0,0.0,0.0,0.0,0.0,0.0,0.0,0.0,0.0,0.0,0.0,0.25,0.0,0.0,0.25,0.0,0.0,1.0,0.0,0.0,5.0,0.0,0.0,1.0,15.256723403930664,0.9998947708722518,15.620851516723633,0.6714834221729741,15.639843395778112,0.48685472014801373,0.014492698012364746
2023-04-14,14.1656463063517,14.257333688350949,13.808067440225127,13.918091773986816,26028600,0.0,0.0,15.126527214050293,15.506111478805542,28.68426800767952,-0.36984275952142376,-0.2472901261959786,0.5589991057950662,-0.014285660252419285,0.0,0.0,0.0,0.0,0.0,0.0,0.0,0.0,0.0,40415000.0,16959200.0,11708400.0,0.0,0.0,0.0,0.0,0.0,0.0,0.0,0.0,0.0,0.0,0.0,0.0,0.0,0.0,0.0,0.0,0.0,0.0,0.0,0.0,0.0,0.0,0.0,0.0,14.562957445780436,0.9476357373820568,15.334002086094447,0.9069742579610265,15.533748490469796,0.6698050676755574,-0.0006583222123625054
2023-04-17,13.817236060472162,14.018947784723089,13.79889910793792,13.927260398864746,17173000,0.0,0.0,14.723104476928711,15.428177499771119,24.5125541075371,-0.4521142437191248,-0.28825494970060783,0.6612591556146336,0.0006587558859947329,0.0,0.0,0.0,0.0,0.0,0.0,0.0,0.0,0.0,26028600.0,40415000.0,16959200.0,0.0,0.0,0.0,0.0,0.0,0.0,0.0,0.0,0.0,0.0,0.0,0.0,0.0,0.0,0.0,0.0,0.0,0.0,0.0,0.0,0.0,0.0,0.0,0.0,13.988384882609049,0.11390326425567829,15.053701673235212,1.0046667512589738,15.413900375366211,0.7945450018334689,0.015374268529315893
2023-04-18,13.908923889924722,13.92726084304378,13.698043245483248,13.716381072998047,20768400,0.0,0.0,14.26650276184082,15.337865734100342,24.6498995259349,-0.5282419425902312,-0.3362523482785325,0.7631725248085591,-0.015141479359708776,0.0,0.0,0.0,0.0,0.0,0.0,0.0,0.0,0.0,17173000.0,26028600.0,40415000.0,0.0,0.0,0.0,0.0,0.0,0.0,0.0,0.0,0.0,0.0,0.0,0.0,0.0,0.0,0.0,0.0,0.0,0.0,0.0,0.0,0.0,0.0,0.0,0.0,13.85391108194987,0.11919267360979982,14.75375393458775,1.0514795586407675,15.295362268175397,0.9152693500147613,0.009446753139197073
2023-04-19,13.597187330787705,13.679705802860036,13.533006685573984,13.588018417358398,19107300,0.0,0.0,13.853910827636719,15.242969655990601,19.602300010135465,-0.5921060559153144,-0.3874230898058889,0.8561280058852831,-0.009358347143937462,0.0,0.0,0.0,0.0,0.0,0.0,0.0,0.0,0.0,20768400.0,17173000.0,26028600.0,0.0,0.0,0.0,0.0,0.0,0.0,0.0,0.0,0.0,0.0,0.0,0.0,0.0,0.0,0.0,0.0,0.0,0.0,0.0,0.0,0.0,0.0,0.0,0.0,13.743886629740397,0.17128542624189025,14.417131696428571,0.9816497007326834,15.155212129865374,1.0177451042914751,-0.0020202546586927106
2023-04-20,13.588018505200763,13.74388653692376,13.560512639130739,13.615525245666504,16901400,0.0,0.0,13.753055381774903,15.162743425369262,16.023749771215392,-0.633200117875738,-0.4365784954198587,0.9303500506098844,0.0020243443497962588,0.0,0.0,0.0,0.0,0.0,0.0,0.0,0.0,0.0,19107300.0,20768400.0,17173000.0,0.0,0.0,0.0,0.0,0.0,0.0,0.0,0.0,0.0,0.0,0.0,0.0,0.0,0.0,0.0,0.0,0.0,0.0,0.0,0.0,0.0,0.0,0.0,0.0,13.63997491200765,0.06758389215529426,14.076579638889857,0.7198402088475904,15.005238328661237,1.0815826045579109,-0.0013449084857870552
2023-04-21,13.670536319540682,13.716380010380393,13.60635567700249,13.633861541748047,6908400,0.0,0.0,13.696209335327149,15.067847299575806,8.414233163858853,-0.6567176400333761,-0.48060632434256223,0.9858647406085889,0.0013467197005403442,0.0,0.0,0.0,0.0,0.0,0.0,0.0,0.0,0.0,16901400.0,19107300.0,20768400.0,0.0,0.0,0.0,0.0,0.0,0.0,0.0,0.0,0.0,0.0,0.0,0.0,0.0,0.0,0.0,0.0,0.0,0.0,0.0,0.0,0.0,0.0,0.0,0.0,13.612468401590982,0.023073929774216108,13.788420132228307,0.20208788701532868,14.83692707334246,1.0997047762843575,0.0033737902747530413
2023-04-24,13.588018417358398,13.624693196679912,13.487162992823166,13.588018417358398,11751900,0.0,0.0,13.628360939025878,14.977077198028564,8.333333333333329,-0.6713160887972709,-0.518748277233504,1.0356578485126113,-0.0033624460868457717,0.0,0.0,0.0,0.0,0.0,0.0,0.0,0.0,0.0,6908400.0,16901400.0,19107300.0,0.0,0.0,0.0,0.0,0.0,0.0,0.0,0.0,0.0,0.0,0.0,0.0,0.0,0.0,0.0,0.0,0.0,0.0,0.0,0.0,0.0,0.0,0.0,0.0,13.612468401590982,0.023073929774216108,13.712450981140137,0.1499913838018033,14.666651248931885,1.094999070022799,0.0020283096924593735
2023-04-25,13.643031974221365,13.643031974221365,13.551344582330705,13.560513496398926,14700200,0.0,0.0,13.597187423706055,14.874846172332763,8.387096341252274,-0.6772974188307384,-0.5504581055529509,1.070718649799694,-0.002024203979907435,0.0,0.0,0.0,0.0,0.0,0.0,0.0,0.0,0.0,11751900.0,6908400.0,16901400.0,0.0,0.0,0.0,0.0,0.0,0.0,0.0,0.0,0.0,0.0,0.0,0.0,0.0,0.0,0.0,0.0,0.0,0.0,0.0,0.0,0.0,0.0,0.0,0.0,13.594131151835123,0.037054123673608864,13.661368370056152,0.1274855042671344,14.4976852280753,1.0678912206382203,-0.0040403692310795325
2023-04-26,13.597187418689344,13.707211757365156,13.551343725642159,13.615525245666504,11181600,0.0,0.0,13.602688789367676,14.786826705932617,10.256394869702277,-0.6698767553104776,-0.5743418355044563,1.0993347566827307,0.004056760039521157,0.0,0.0,0.0,0.0,0.0,0.0,0.0,0.0,0.0,14700200.0,11751900.0,6908400.0,0.0,0.0,0.0,0.0,0.0,0.0,0.0,0.0,0.0,0.0,0.0,0.0,0.0,0.0,0.0,0.0,0.0,0.0,0.0,0.0,0.0,0.0,0.0,0.0,13.588019053141275,0.027505874639258254,13.616834776742119,0.05005939359921897,14.335268224988665,1.0113669355293937,-0.03004566836694489
2023-04-27,13.826404224784406,14.064790715583092,13.826404224784406,14.037284851074219,11606400,0.0,0.0,13.687040710449219,14.711184930801391,22.285677435000096,-0.6227842811203637,-0.5840303246276378,1.0960926649821876,0.030976374234402027,0.0,0.0,0.0,0.0,0.0,0.0,0.0,0.0,0.0,11181600.0,14700200.0,11751900.0,0.0,0.0,0.0,0.0,0.0,0.0,0.0,0.0,0.0,0.0,0.0,0.0,0.0,0.0,0.0,0.0,0.0,0.0,0.0,0.0,0.0,0.0,0.0,0.0,13.737774531046549,0.26083787491787924,13.662678173610143,0.16692969477093733,14.208216054098946,0.9185025781165639,-0.014800587806725218
2023-04-28,13.991442615259727,14.257334998210984,13.991442615259727,14.24816608428955,11666900,0.0,0.0,13.80990161895752,14.63783531188965,24.23404131412252,-0.5619687766850596,-0.5796180150391222,1.0742386224735163,0.01502293609146177,0.0,0.0,0.0,0.0,0.0,0.0,0.0,0.0,0.0,11606400.0,11181600.0,14700200.0,0.0,0.0,0.0,0.0,0.0,0.0,0.0,0.0,0.0,0.0,0.0,0.0,0.0,0.0,0.0,0.0,0.0,0.0,0.0,0.0,0.0,0.0,0.0,0.0,13.966992060343424,0.32212484380276923,13.756984983171735,0.27146477120068113,14.087058339800153,0.7720728060672727,0.0032279283657890012
2023-05-01,14.211490919899852,14.238996786526917,14.147310272971456,14.202322006225586,7691400,0.0,0.0,13.932762336730956,14.54844045639038,22.625675437745258,-0.5115741765692245,-0.5660092473451427,1.0292226198673955,-0.003217542369506332,0.0,0.0,0.0,0.0,0.0,0.0,0.0,0.0,0.0,11666900.0,11606400.0,11181600.0,0.0,0.0,0.0,0.0,0.0,0.0,0.0,0.0,0.0,0.0,0.0,0.0,0.0,0.0,0.0,0.0,0.0,0.0,0.0,0.0,0.0,0.0,0.0,0.0,14.162590980529785,0.11091275595139315,13.840813091823033,0.3085673552039141,13.958696365356445,0.5459538554980716,-0.003217542369506332
2023-05-02,14.19315347515671,14.275671951658094,14.083129131286785,14.24816608428955,10433300,0.0,0.0,14.070292854309082,14.462254762649536,26.46153383321966,-0.46260424516203713,-0.5453282469085217,0.9744663864534057,0.0032279283657890012,0.0,0.0,0.0,0.9201,0.9201,1.0,4.0,1.0,0.0,7691400.0,11666900.0,11606400.0,0.0,0.0,0.0,0.0,0.0,0.0,0.0,0.0,0.0,0.0,0.0,0.0,0.0,0.0,0.0,0.0,0.0,0.0,0.0,0.0,0.0,0.0,0.0,0.0,14.232884724934896,0.026468090810946112,13.928570883614677,0.326721181447107,13.858495507921491,0.2709336113409573,0.010403235176402514
2023-05-03,14.229827381149166,14.28483910912203,14.073959361233294,14.101465225219727,9372300,0.0,0.0,14.167480850219727,14.371026134490966,49.425292166063905,-0.4306682791686782,-0.522396253360553,0.9137305004090991,-0.010296122195794788,0.0,0.0,0.0,0.0,0.0,0.0,0.0,0.0,0.0,10433300.0,7691400.0,11666900.0,0.0,0.0,0.0,0.0,0.0,0.0,0.0,0.0,0.0,0.9201,0.0,0.0,0.9201,0.0,0.0,1.0,0.0,0.0,4.0,0.0,0.0,1.0,0.0,0.0,14.183984438578287,0.0750498854320824,14.001920427594866,0.29346656944991883,13.8571857043675,0.26961428533018195,0.005228645042570035
2023-05-04,14.101466741317594,14.165647388984773,14.018948266090796,14.028117179870605,12316300,0.0,0.0,14.165647315979005,14.277963829040527,53.75003575486981,-0.4065904486983847,-0.49923509242811936,0.8429956640653578,-0.005201448514580043,0.0,0.0,0.0,0.0,0.0,0.0,0.0,0.0,0.0,9372300.0,10433300.0,7691400.0,0.0,0.0,0.0,0.0,0.0,0.0,0.0,0.0,0.0,0.0,0.9201,0.0,0.0,0.9201,0.0,0.0,1.0,0.0,0.0,4.0,0.0,0.0,1.0,0.0,14.125916163126627,0.11204359132671528,14.068720953805107,0.22035795996378876,13.865044661930629,0.27310712917895974,0.003278660124078847
2023-05-05,13.973105141327293,14.009779923546166,13.90892449104321,13.982274055480957,11268800,0.0,0.0,14.112468910217284,14.186276769638061,51.82931779378299,-0.3867495435952115,-0.47673798266153783,0.762816528067401,-0.0032679456410180663,0.0,0.0,0.0,0.0,0.0,0.0,0.0,0.0,0.0,12316300.0,9372300.0,10433300.0,0.0,0.0,0.0,0.0,0.0,0.0,0.0,0.0,0.0,0.0,0.0,0.9201,0.0,0.0,0.9201,0.0,0.0,1.0,0.0,0.0,4.0,0.0,0.0,1.0,14.037285486857096,0.06012218497086558,14.121113640921456,0.11121866137486812,13.868974208831787,0.2744635755789958,-0.0006552342055020643
2023-05-08,14.07396019794533,14.092297150227887,13.98227281334544,13.99144172668457,12112600,0.0,0.0,14.070292854309082,14.088630151748657,60.56337615496067,-0.3660659485198412,-0.4546035758331985,0.6412261831092625,0.0006556638188635056,0.0,0.0,0.0,0.0,0.0,0.0,0.0,0.0,0.0,11268800.0,12316300.0,9372300.0,0.0,0.0,0.0,0.0,0.0,0.0,0.0,0.0,0.0,0.0,0.0,0.0,0.0,0.0,0.0,0.0,0.0,0.0,0.0,0.0,0.0,0.0,0.0,0.0,14.000610987345377,0.024258081524485043,14.114564623151507,0.11811354404869426,13.888621398380824,0.2725383198434071,-0.0006550093708027616
2023-05-09,13.982274430112476,14.018949213313988,13.945599646910964,14.000612258911133,12613800,0.0,0.0,14.020782089233398,13.988691282272338,67.44196172279666,-0.34495760851371493,-0.4326743823693018,0.45706380314842227,0.0006554386892863029,0.0,0.0,0.0,0.0,0.0,0.0,0.0,0.0,0.0,12112600.0,11268800.0,12316300.0,0.0,0.0,0.0,0.0,0.0,0.0,0.0,0.0,0.0,0.0,0.0,0.0,0.0,0.0,0.0,0.0,0.0,0.0,0.0,0.0,0.0,0.0,0.0,0.0,13.991442680358887,0.009169101752174702,14.07919979095459,0.1080786342823384,13.918092387063163,0.2595296066388949,-0.0019606994015519685
2023-05-10,14.000611312926921,14.0647919605941,13.918092837700122,14.028117179870605,15541600,0.0,0.0,14.006112480163575,13.907548236846925,67.44190921889287,-0.32229446970287867,-0.4105983998360172,0.23796419257933465,0.0019645512961026235,0.0,0.0,0.0,0.0,0.0,0.0,0.0,0.0,0.0,12613800.0,12112600.0,11268800.0,0.0,0.0,0.0,0.0,0.0,0.0,0.0,0.0,0.0,0.0,0.0,0.0,0.0,0.0,0.0,0.0,0.0,0.0,0.0,0.0,0.0,0.0,0.0,0.0,14.006723721822103,0.01908624375780528,14.054313387189593,0.0941638366053762,13.947563239506312,0.24557971623753672,0.017964054866007606
2023-05-11,13.93643044480548,13.93643044480548,13.762225446793568,13.780562400817871,15960000,0.0,0.0,13.956601524353028,13.890586233139038,55.19486791209043,-0.3206135373999839,-0.39260142734881054,0.23409754282770978,-0.017647042427615167,0.0,0.0,0.0,0.0,0.0,0.0,0.0,0.0,0.0,15541600.0,12613800.0,12112600.0,0.0,0.0,0.0,0.0,0.0,0.0,0.0,0.0,0.0,0.0,0.0,0.0,0.0,0.0,0.0,0.0,0.0,0.0,0.0,0.0,0.0,0.0,0.0,0.0,13.93643061319987,0.13568457868385225,13.987512860979352,0.09943635401460382,13.958041872297015,0.23402259290487415,-0.003315621280315373
2023-05-12,13.75305596335462,13.853911392303418,13.734718135693521,13.82640552520752,10854900,0.0,0.0,13.92542781829834,13.886001920700073,58.44159703681089,-0.3119858507452662,-0.37647831202810167,0.23442806344534503,0.0033266511958123246,0.0,0.0,0.0,0.0,0.0,0.0,0.0,0.0,0.0,15960000.0,15541600.0,12613800.0,0.0,0.0,0.0,0.0,0.0,0.0,0.0,0.0,0.0,0.0,0.0,0.0,0.0,0.0,0.0,0.0,0.0,0.0,0.0,0.0,0.0,0.0,0.0,0.0,13.878361701965332,0.13170203257894958,13.948218618120466,0.10123215947257191,13.975069522857666,0.2127325985233933,-0.016949142199116696
2023-05-15,13.872248865834749,14.101466459372542,13.826405172248045,14.064791679382324,8921200,0.0,0.0,13.94009780883789,13.892878484725951,65.5367128716595,-0.2826543135659989,-0.35771351233568116,0.23769635592905736,0.01724136860735004,0.0,0.0,0.0,0.0,0.0,0.0,0.0,0.0,0.0,10854900.0,15960000.0,15541600.0,0.0,0.0,0.0,0.0,0.0,0.0,0.0,0.0,0.0,0.0,0.0,0.0,0.0,0.0,0.0,0.0,0.0,0.0,0.0,0.0,0.0,0.0,0.0,0.0,13.890586535135904,0.15259741880151823,13.953457832336426,0.10684962451337374,14.011089393070765,0.1767976661359413,0.015221784061241417
2023-05-16,13.982272607841097,14.009778473058516,13.844742407358313,13.853910446166992,13214600,0.0,0.0,13.910757446289063,13.899754953384399,56.70099665814717,-0.2732750672738806,-0.34082582332332106,0.23428649241960794,-0.014993555398652991,0.0,0.0,0.0,0.0,0.0,0.0,0.0,0.0,0.0,8921200.0,10854900.0,15960000.0,0.0,0.0,0.0,0.0,0.0,0.0,0.0,0.0,0.0,0.0,0.0,0.0,0.0,0.0,0.0,0.0,0.0,0.0,0.0,0.0,0.0,0.0,0.0,0.0,13.915035883585611,0.13041943471076162,13.935120173863002,0.11197207456976244,14.02811690739223,0.14425445226753175,-0.0052666461742707504
2023-05-17,13.753055415008749,13.954767139259678,13.753055415008749,13.927260398864746,7723900,0.0,0.0,13.89058609008789,13.916717052459717,46.15385128273855,-0.25696113087796846,-0.32405288483425054,0.22251382873786982,0.005294530593565883,0.0,0.0,0.0,0.0,0.0,0.0,0.0,0.0,0.0,13214600.0,8921200.0,10854900.0,0.0,0.0,0.0,0.0,0.0,0.0,0.0,0.0,0.0,0.0,0.0,0.0,0.0,0.0,0.0,0.0,0.0,0.0,0.0,0.0,0.0,0.0,0.0,0.0,13.948654174804688,0.10705603143835071,13.925951412745885,0.10918460543850687,14.020258017948695,0.1466929879038514,0.0026402413676032133
2023-05-18,13.83557416624588,13.908923726652565,13.817236338946342,13.890585899353027,9384700,0.0,0.0,13.912590789794923,13.930470085144043,35.76640119046715,-0.24417682590343937,-0.3080776730480883,0.2111271866777954,-0.0026332888494501328,0.0,0.0,0.0,0.0,0.0,0.0,0.0,0.0,0.0,7723900.0,13214600.0,8921200.0,0.0,0.0,0.0,0.0,0.0,0.0,0.0,0.0,0.0,0.0,0.0,0.0,0.0,0.0,0.0,0.0,0.0,0.0,0.0,0.0,0.0,0.0,0.0,0.0,13.890585581461588,0.036674976349883086,13.91023336138044,0.10446270945886649,13.994716576167516,0.13458897064889613,-0.006557456660062244
2023-05-19,14.01894883769983,14.119804270202785,13.973105141327293,13.982274055480957,7375200,0.0,0.0,13.94376449584961,13.947890710830688,41.549339621052134,-0.22406383575189892,-0.29127490558885044,0.1994144783684179,0.006600740731332211,0.0,0.0,0.0,0.0,0.0,0.0,0.0,0.0,0.0,9384700.0,7723900.0,13214600.0,0.0,0.0,0.0,0.0,0.0,0.0,0.0,0.0,0.0,0.0,0.0,0.0,0.0,0.0,0.0,0.0,0.0,0.0,0.0,0.0,0.0,0.0,0.0,0.0,13.93337345123291,0.04614874375836102,13.903684343610491,0.09701184250160141,13.978998865400042,0.12060126129935761,-0.025559019220939172
2023-05-22,14.202321838474194,14.422370517683069,14.183984885737985,14.349020957946777,10336400,0.0,0.0,14.0006103515625,13.985940837860108,53.10731906831553,-0.1764961978495485,-0.26831916404099004,0.1997363675183806,0.02622941740453566,0.0,0.0,0.0,0.0,0.0,0.0,0.0,0.0,0.0,7375200.0,9384700.0,7723900.0,0.0,0.0,0.0,0.0,0.0,0.0,0.0,0.0,0.0,0.0,0.0,0.0,0.0,0.0,0.0,0.0,0.0,0.0,0.0,0.0,0.0,0.0,0.0,0.0,14.073960304260254,0.24258081519027036,13.98489270891462,0.17956887379553726,13.986202784946986,0.1394548291364388,0.007726980771793901
2023-05-23,14.26650324621768,14.339852805373905,14.220659553146108,14.238996505737305,7113800,0.0,0.0,14.077627563476563,14.019864988327026,54.33528896114437,-0.14599363217240224,-0.2438540576672725,0.18035484061957094,-0.007667732351351764,0.0,0.0,0.0,0.0,0.0,0.0,0.0,0.0,0.0,10336400.0,7375200.0,9384700.0,0.0,0.0,0.0,0.0,0.0,0.0,0.0,0.0,0.0,0.0,0.0,0.0,0.0,0.0,0.0,0.0,0.0,0.0,0.0,0.0,0.0,0.0,0.0,0.0,14.190097173055014,0.188199843702503,14.043834277561732,0.18645896562665615,13.9960264478411,0.152438541461882,-0.0019280707867963542
2023-05-24,14.3031781138493,14.339852893653193,14.202321813591807,14.26650333404541,6913200,0.0,0.0,14.145476150512696,14.052413892745971,57.738090078666836,-0.11823758863242517,-0.21873076386030305,0.16127464718523946,0.001931795425121674,0.0,0.0,0.0,0.0,0.0,0.0,0.0,0.0,0.0,7113800.0,10336400.0,7375200.0,0.0,0.0,0.0,0.0,0.0,0.0,0.0,0.0,0.0,0.0,0.0,0.0,0.0,0.0,0.0,0.0,0.0,0.0,0.0,0.0,0.0,0.0,0.0,0.0,14.28484026590983,0.05725842578736197,14.072650228227888,0.2049111425756954,14.013054030282158,0.16874113241542144,-0.006385641326882352
2023-05-25,14.43153914108622,14.449876967849454,14.229828293064912,14.358189582824707,9303400,0.0,0.0,14.238996887207032,14.068459129333496,61.8496713635347,-0.08782996101463603,-0.19255060329116966,0.17506414118800318,0.006426679799001578,0.0,0.0,0.0,0.0,0.0,0.0,0.0,0.0,0.0,6913200.0,7113800.0,10336400.0,0.0,0.0,0.0,0.0,0.0,0.0,0.0,0.0,0.0,0.0,0.0,0.0,0.0,0.0,0.0,0.0,0.0,0.0,0.0,0.0,0.0,0.0,0.0,0.0,14.287896474202475,0.062409913000448375,14.144690104893275,0.20383362581109885,14.039905139378138,0.19179993601896042,-0.013232531647121015
2023-05-26,14.495720880276997,14.614913258463448,14.47738305323556,14.550732612609863,6331800,0.0,0.0,14.352688598632813,14.083587455749512,65.80309875565811,-0.04764585197493432,-0.1635696530279226,0.20235682591284623,0.013409979626921587,0.0,0.0,0.0,0.0,0.0,0.0,0.0,0.0,0.0,9303400.0,6913200.0,7113800.0,0.0,0.0,0.0,0.0,0.0,0.0,0.0,0.0,0.0,0.0,0.0,0.0,0.0,0.0,0.0,0.0,0.0,0.0,0.0,0.0,0.0,0.0,0.0,0.0,14.39180850982666,0.14506634650354708,14.23375756399972,0.22779838936185148,14.079854488372803,0.23443655844901343,-0.001886841577790288
2023-05-30,14.569071401187895,14.624083137151453,14.514058790828559,14.578239440917969,6573500,0.0,0.0,14.398532295227051,14.10238332748413,66.15381497013462,-0.013425326087627809,-0.13354078763986366,0.22959167552600937,0.001890408479107597,0.0,0.0,0.0,0.0,0.0,0.0,0.0,0.0,0.0,6331800.0,9303400.0,6913200.0,0.0,0.0,0.0,0.0,0.0,0.0,0.0,0.0,0.0,0.0,0.0,0.0,0.0,0.0,0.0,0.0,0.0,0.0,0.0,0.0,0.0,0.0,0.0,0.0,14.495720545450846,0.11989675000409793,14.331993784223284,0.20194930244045586,14.121113572801862,0.267863679524445,-0.003759366155381416
2023-05-31,14.486552070387512,14.679094883721366,14.486552070387512,14.633251190185547,9041000,0.0,0.0,14.477383232116699,14.12163758277893,66.66664915588396,0.01792702406294744,-0.10324722529930144,0.2569751125031573,0.0037735523202597765,0.0,0.0,0.0,0.0,0.0,0.0,0.0,0.0,0.0,6573500.0,6331800.0,9303400.0,0.0,0.0,0.0,0.0,0.0,0.0,0.0,0.0,0.0,0.0,0.0,0.0,0.0,0.0,0.0,0.0,0.0,0.0,0.0,0.0,0.0,0.0,0.0,0.0,14.587407747904459,0.04201633374088429,14.42499051775251,0.1594858997857561,14.1643374306815,0.29874645077905637,-0.005243192977196998
2023-06-01,14.673209697354784,14.775429332121195,14.561697126821482,14.710380554199219,7995900,0.213,0.0,14.566158676147461,14.152083349227905,78.26231893720451,0.04843930436932631,-0.07290991936557589,0.28858643045096577,0.005270828950534323,0.0,0.0,0.0,0.0,0.0,0.0,0.0,0.0,0.0,9041000.0,6573500.0,6331800.0,0.0,0.0,0.0,0.0,0.0,0.0,0.0,0.0,0.0,0.0,0.0,0.0,0.0,0.0,0.0,0.0,0.0,0.0,0.0,0.0,0.0,0.0,0.0,0.0,14.640623728434244,0.06637834130928107,14.476613317217145,0.18692075785245682,14.230753013065883,0.3100084551099837,0.0018986444350348464
2023-06-02,14.598869044721962,14.747552482906116,14.589576108279653,14.682503700256348,7581500,0.0,0.0,14.631021499633789,14.184802675247193,76.30890374585445,0.06956912760686684,-0.04441410997108734,0.31008721020358887,-0.001895046415703594,0.0,0.0,0.0,0.0,0.0,0.0,0.0,0.0,0.0,7995900.0,9041000.0,6573500.0,0.0,0.0,0.0,0.0,0.0,0.0,0.0,0.0,0.0,0.0,0.0,0.0,0.0,0.0,0.0,0.0,0.0,0.0,0.0,0.0,0.0,0.0,0.0,0.0,14.675378481547037,0.039055233382070814,14.539971487862724,0.16706561311557142,14.291902882712227,0.3085449287501659,0.025974088286950137
2023-06-05,14.56169783725631,14.598868695914232,14.255038031772653,14.31079387664795,14055500,0.0,0.0,14.583033752441406,14.201228666305543,56.98736514313762,0.05567895615062923,-0.02439549674674403,0.3074844590053169,-0.025316514893976017,0.0,0.0,0.0,0.0,0.0,0.0,0.0,0.0,0.0,7581500.0,7995900.0,9041000.0,0.0,0.0,0.0,0.0,0.0,0.0,0.0,0.0,0.0,0.0,0.0,0.0,0.0,0.0,0.0,0.0,0.0,0.0,0.0,0.0,0.0,0.0,0.0,0.0,14.567892710367838,0.2230899761789656,14.546298708234515,0.15541494180661183,14.309474468231201,0.3015414720901198,-0.015345201414216803
2023-06-06,14.227158474684552,14.561696164168655,14.180694685144882,14.533818244934082,12480900,0.0,0.0,14.57414951324463,14.228347492218017,69.1795721354863,0.06195294286557029,-0.007125808824281167,0.31189436567575946,0.015584346347833344,0.0,0.0,0.0,0.0,0.0,0.0,0.0,0.0,0.0,14055500.0,7581500.0,7995900.0,0.0,0.0,0.0,0.0,0.0,0.0,0.0,0.0,0.0,0.0,0.0,0.0,0.0,0.0,0.0,0.0,0.0,0.0,0.0,0.0,0.0,0.0,0.0,0.0,14.509038607279459,0.18708974069538212,14.571388517107282,0.1324682692555395,14.35803931100028,0.2762142853592788,0.0
2023-06-07,14.533818244934082,14.58957408340323,14.43159773070219,14.533818244934082,7357300,0.0,0.0,14.554262924194337,14.255007791519166,67.84908057963726,0.06616244307966213,0.007531841556507492,0.3141837732890232,0.0,0.0,0.0,0.0,0.0,0.0,0.0,0.0,0.0,0.0,12480900.0,14055500.0,7581500.0,0.0,0.0,0.0,0.0,0.0,0.0,0.0,0.0,0.0,0.0,0.0,0.0,0.0,0.0,0.0,0.0,0.0,0.0,0.0,0.0,0.0,0.0,0.0,0.0,14.459476788838705,0.1287631790658363,14.568972178867885,0.13306078954404107,14.401364871433803,0.24974981520481332,0.012953400248455704
2023-06-08,14.46876883351803,14.543110543568721,14.301500429015517,14.347963333129883,10270800,0.0,0.0,14.481779479980469,14.271000099182128,62.37285826841127,0.0538804637521384,0.016801565995633674,0.31014120124961936,-0.012787755335318063,0.0,0.0,0.0,0.0,0.0,0.0,0.0,0.0,0.0,7357300.0,12480900.0,14055500.0,0.0,0.0,0.0,0.0,0.0,0.0,0.0,0.0,0.0,0.0,0.0,0.0,0.0,0.0,0.0,0.0,0.0,0.0,0.0,0.0,0.0,0.0,0.0,0.0,14.471866607666016,0.1073033833603578,14.536075592041016,0.15674542633362193,14.434034688132149,0.20341105438207827,-0.0006472408502502525
2023-06-09,14.236450438080833,14.422305595122893,14.217865454110468,14.357255935668945,8376100,0.0,0.0,14.416729927062988,14.299834775924683,60.61721827838819,0.0443850982279681,0.022318272442100558,0.2881744620732408,0.0006476600422866685,0.0,0.0,0.0,0.0,0.0,0.0,0.0,0.0,0.0,10270800.0,7357300.0,12480900.0,0.0,0.0,0.0,0.0,0.0,0.0,0.0,0.0,0.0,0.0,0.0,0.0,0.0,0.0,0.0,0.0,0.0,0.0,0.0,0.0,0.0,0.0,0.0,0.0,14.413012504577637,0.1047239623619475,14.496647698538643,0.16282210803364058,14.460819108145577,0.1592415622744239,-0.022770555773551804
2023-06-12,14.533819931759307,14.719674225265553,14.515234059297095,14.69179630279541,9468800,0.0,0.0,14.49293041229248,14.343104314804076,59.88561678045947,0.06312687705270292,0.030479993364221032,0.2781422784767319,0.023301135580883425,0.0,0.0,0.0,0.0,0.0,0.0,0.0,0.0,0.0,8376100.0,10270800.0,7357300.0,0.0,0.0,0.0,0.0,0.0,0.0,0.0,0.0,0.0,0.0,0.0,0.0,0.0,0.0,0.0,0.0,0.0,0.0,0.0,0.0,0.0,0.0,0.0,0.0,14.46567185719808,0.19588462621658181,14.493992805480957,0.15885954915250236,14.485303061349052,0.16689737048687692,-0.0025236264621036897
2023-06-13,14.803308428090212,14.812600477815169,14.589575332399514,14.72896671295166,5843500,0.0,0.0,14.531960105895996,14.376313066482544,64.75055568921829,0.08005637321500103,0.04039526933437704,0.2827752369449595,0.00253001126548269,0.0,0.0,0.0,0.0,0.0,0.0,0.0,0.0,0.0,9468800.0,8376100.0,10270800.0,0.0,0.0,0.0,0.0,0.0,0.0,0.0,0.0,0.0,0.0,0.0,0.0,0.0,0.0,0.0,0.0,0.0,0.0,0.0,0.0,0.0,0.0,0.0,0.0,14.592672983805338,0.20472249452059055,14.500630378723145,0.1687138189532938,14.520300933292933,0.16259166900486138,0.018637553793693362
2023-06-14,14.682502564648084,14.766137213713804,14.39442776077984,14.459477424621582,15595900,0.0,0.0,14.517091941833495,14.406591415405273,55.0706972697402,0.07091017913673703,0.04649825129484904,0.25494592847139236,-0.018296550843115655,0.0,0.0,0.0,0.0,0.0,0.0,0.0,0.0,0.0,5843500.0,9468800.0,8376100.0,0.0,0.0,0.0,0.0,0.0,0.0,0.0,0.0,0.0,0.0,0.0,0.0,0.0,0.0,0.0,0.0,0.0,0.0,0.0,0.0,0.0,0.0,0.0,0.0,14.626746813456217,0.1460468971893204,14.52187088557652,0.14904343350527005,14.534084796905518,0.14683717043175193,-0.003841179475471135
2023-06-15,14.375842551071809,14.552403895946604,14.32008582382428,14.515233039855957,9532800,0.0,0.0,14.55054588317871,14.435990047454833,54.20598367790632,0.06738400574213088,0.05067540218430541,0.22938249947659317,0.0038559910290696386,0.0,0.0,0.0,0.0,0.0,0.0,0.0,0.0,0.0,15595900.0,5843500.0,9468800.0,0.0,0.0,0.0,0.0,0.0,0.0,0.0,0.0,0.0,0.0,0.0,0.0,0.0,0.0,0.0,0.0,0.0,0.0,0.0,0.0,0.0,0.0,0.0,0.0,14.5678923924764,0.14225285478669208,14.519215856279645,0.1489606479143966,14.545302186693464,0.1381052148520765,-0.013265973210159765
2023-06-16,14.626745904743458,14.73825847527676,14.533819205743939,14.710380554199219,18245800,0.0,0.0,14.621170806884766,14.476979780197144,54.26978105138796,0.07942074846328673,0.05642447144010168,0.19787444076797062,0.013444325269007074,0.0,0.0,0.0,0.0,0.0,0.0,0.0,0.0,0.0,9532800.0,15595900.0,5843500.0,0.0,0.0,0.0,0.0,0.0,0.0,0.0,0.0,0.0,0.0,0.0,0.0,0.0,0.0,0.0,0.0,0.0,0.0,0.0,0.0,0.0,0.0,0.0,0.0,14.561697006225586,0.13174699327141884,14.544439043317523,0.1658377196680941,14.556705611092704,0.14500676362520193,0.012148377411192568
2023-06-20,14.691794597635122,14.719672516869695,14.468768585089313,14.533818244934082,7622000,0.0,0.0,14.5895751953125,14.5045569896698,48.899683882644915,0.07386142252323324,0.059911861656727995,0.16013454856467027,-0.012002565713008395,0.0,0.0,0.0,0.0,0.0,0.0,0.0,0.0,0.0,18245800.0,9532800.0,15595900.0,0.0,0.0,0.0,0.0,0.0,0.0,0.0,0.0,0.0,0.0,0.0,0.0,0.0,0.0,0.0,0.0,0.0,0.0,0.0,0.0,0.0,0.0,0.0,0.0,14.586477279663086,0.10770500704483937,14.570989745003837,0.14235426110738728,14.553532668522426,0.14498532532127137,0.016244236627505515
2023-06-21,14.273622466525167,14.347964180968804,14.05059732319426,14.301501274108887,15032000,0.0,0.0,14.504082107543946,14.502181005477905,42.446049726888205,0.05013169173487597,0.057955827672357595,0.16289254767555264,-0.015984579338342297,0.0,0.0,0.0,0.0,0.0,0.0,0.0,0.0,0.0,7622000.0,18245800.0,9532800.0,0.0,0.0,0.0,0.0,0.0,0.0,0.0,0.0,0.0,0.0,0.0,0.0,0.0,0.0,0.0,0.0,0.0,0.0,0.0,0.0,0.0,0.0,0.0,0.0,14.515233357747396,0.20507221885375213,14.5630247933524,0.15710199735703093,14.529836245945521,0.1575224462963377,-0.0051712983884214525
2023-06-22,14.13423203204159,14.413013905471479,14.106354110565546,14.375843048095703,11712900,0.0,0.0,14.48735523223877,14.509023332595826,42.37289388566951,0.03689911890836228,0.053744485919558535,0.1538804234052897,0.005198179726865648,0.0,0.0,0.0,0.0,0.0,0.0,0.0,0.0,0.0,15032000.0,7622000.0,18245800.0,0.0,0.0,0.0,0.0,0.0,0.0,0.0,0.0,0.0,0.0,0.0,0.0,0.0,0.0,0.0,0.0,0.0,0.0,0.0,0.0,0.0,0.0,0.0,0.0,14.40372085571289,0.11864094087414434,14.517888614109584,0.15931112475178258,14.50594070979527,0.15334648520059088,0.017763197694265376
2023-06-23,14.162109821874004,14.18998862931405,14.078475172000148,14.12493896484375,8482700,0.0,0.0,14.409296417236328,14.501945114135742,38.46152024393372,0.0060960752218104375,0.044214803780008916,0.1682115425296187,-0.017453173522591348,0.0,0.0,0.0,0.0,0.0,0.0,0.0,0.0,0.0,11712900.0,15032000.0,7622000.0,0.0,0.0,0.0,0.0,0.0,0.0,0.0,0.0,0.0,0.0,0.0,0.0,0.0,0.0,0.0,0.0,0.0,0.0,0.0,0.0,0.0,0.0,0.0,0.0,14.267427762349447,0.12887578477293246,14.431598935808454,0.1870892433199907,14.4661146572658,0.17485798994487542,-0.01935485237889545
2023-06-26,14.227159506129428,14.440891712794837,14.217866570303158,14.40372085571289,8509100,0.0,0.0,14.347964477539062,14.504221677780151,51.999993431944475,0.004132176730774262,0.03619827837016199,0.16646258234262676,0.01973685631938049,0.0,0.0,0.0,0.0,0.0,0.0,0.0,0.0,0.0,8482700.0,11712900.0,15032000.0,0.0,0.0,0.0,0.0,0.0,0.0,0.0,0.0,0.0,0.0,0.0,0.0,0.0,0.0,0.0,0.0,0.0,0.0,0.0,0.0,0.0,0.0,0.0,0.0,14.301500956217447,0.1535411854772769,14.423633711678642,0.186891311301305,14.472752298627581,0.170210444865924,-0.007682424652561637
2023-06-27,14.505940104277517,14.533818911012837,14.36654961549337,14.515233039855957,7913600,0.0,0.0,14.344247436523437,14.502446699142457,49.579837730433816,0.011441978337749958,0.031247018363679588,0.16612946871516648,0.0077419012253932,0.0,0.0,0.0,0.0,0.0,0.0,0.0,0.0,0.0,8509100.0,8482700.0,11712900.0,0.0,0.0,0.0,0.0,0.0,0.0,0.0,0.0,0.0,0.0,0.0,0.0,0.0,0.0,0.0,0.0,0.0,0.0,0.0,0.0,0.0,0.0,0.0,0.0,14.3479642868042,0.20103224238852527,14.423633711678642,0.186891311301305,14.471424783979144,0.16976944399434632,-0.008253991545839057
2023-06-28,14.570990002558416,14.654624651669614,14.450184496755918,14.636038780212402,7520300,0.0,0.0,14.41115493774414,14.505336666107178,52.19124548507673,0.02667556311993735,0.03033272731493114,0.16800944105265583,0.008322686933426082,0.0,0.0,0.0,0.0,0.0,0.0,0.0,0.0,0.0,7913600.0,8509100.0,8482700.0,0.0,0.0,0.0,0.0,0.0,0.0,0.0,0.0,0.0,0.0,0.0,0.0,0.0,0.0,0.0,0.0,0.0,0.0,0.0,0.0,0.0,0.0,0.0,0.0,14.518330891927084,0.11618993943766841,14.413013458251953,0.16915121755543372,14.478726250784737,0.17478340385585475,-0.009433968962176298
2023-06-29,14.663917152143666,14.794015597675768,14.580282500460397,14.775429725646973,7992900,0.0,0.0,14.491072273254394,14.51244559288025,59.34961079356895,0.04942621848970852,0.03415142554988662,0.17650013745600165,0.009523816350023973,0.0,0.0,0.0,0.0,0.0,0.0,0.0,0.0,0.0,7520300.0,7913600.0,8509100.0,0.0,0.0,0.0,0.0,0.0,0.0,0.0,0.0,0.0,0.0,0.0,0.0,0.0,0.0,0.0,0.0,0.0,0.0,0.0,0.0,0.0,0.0,0.0,0.0,14.642233848571777,0.1302089205013926,14.44752938406808,0.21605752198797656,14.509259564535958,0.1870874216274273,-0.010578645503713235
2023-06-30,15.026332502899146,15.109967148026945,14.886942018501541,14.933404922485352,12763900,0.0,0.0,14.652765464782714,14.523596811294556,61.8320601716751,0.07928955428515572,0.04317905129694044,0.1956682459170061,0.010691749733963363,0.0,0.0,0.0,0.0,0.0,0.0,0.0,0.0,0.0,7992900.0,7520300.0,7913600.0,0.0,0.0,0.0,0.0,0.0,0.0,0.0,0.0,0.0,0.0,0.0,0.0,0.0,0.0,0.0,0.0,0.0,0.0,0.0,0.0,0.0,0.0,0.0,0.0,14.781624476114908,0.14877982673263163,14.537801333836146,0.27012119883951663,14.550413063594274,0.21269439578896934,-0.004337058408844019
2023-07-03,15.044918771592647,15.147137517551197,14.914819446592153,14.998454093933105,7111800,0.0,0.0,14.771712112426759,14.539394330978393,57.08150177503325,0.10697227772431361,0.055937696582415077,0.22036835116359185,0.004355950420242616,0.0,0.0,0.0,0.0,0.0,0.0,0.0,0.0,0.0,12763900.0,7992900.0,7520300.0,0.0,0.0,0.0,0.0,0.0,0.0,0.0,0.0,0.0,0.0,0.0,0.0,0.0,0.0,0.0,0.0,0.0,0.0,0.0,0.0,0.0,0.0,0.0,0.0,14.902429580688477,0.11469337845721549,14.626745768955775,0.3077838699663169,14.57231719153268,0.24212842286213,-0.007380167193155707
2023-07-05,15.007747662706908,15.212188708142701,14.989161790858875,15.109968185424805,13415500,0.0,0.0,14.890659141540528,14.579353046417236,58.50621823547322,0.13633767486573767,0.0720176922390796,0.24751867240185155,0.0074350390242423625,0.0,0.0,0.0,0.0,0.0,0.0,0.0,0.0,0.0,7111800.0,12763900.0,7992900.0,0.0,0.0,0.0,0.0,0.0,0.0,0.0,0.0,0.0,0.0,0.0,0.0,0.0,0.0,0.0,0.0,0.0,0.0,0.0,0.0,0.0,0.0,0.0,0.0,15.01394240061442,0.08929480493200877,14.767464229038783,0.26187385759072973,14.59953158242362,0.27960150856870025,0.01182337610584705
2023-07-06,14.998453697041157,15.035625438185143,14.868356147929548,14.933404922485352,6464100,0.0,0.0,14.950132369995117,14.5993323802948,61.038920074015,0.14370622800568889,0.08635539939240146,0.2594873699108077,-0.011685217385816071,0.0,0.0,0.0,0.0,0.0,0.0,0.0,0.0,0.0,13415500.0,7111800.0,12763900.0,0.0,0.0,0.0,0.0,0.0,0.0,0.0,0.0,0.0,0.0,0.0,0.0,0.0,0.0,0.0,0.0,0.0,0.0,0.0,0.0,0.0,0.0,0.0,0.0,15.01394240061442,0.08929480493200877,14.84313338143485,0.21079762469776397,14.633383546556745,0.28984265096607537,0.0012461538451702392
2023-07-07,14.868355860646844,15.035625147670503,14.868355860646844,14.91481876373291,5208600,0.0,0.0,14.978010177612305,14.61838240623474,59.47131903504648,0.14635897659941044,0.09835611483380327,0.26826162545641874,-0.0012446028785073615,0.0,0.0,0.0,0.0,0.0,0.0,0.0,0.0,0.0,6464100.0,13415500.0,7111800.0,0.0,0.0,0.0,0.0,0.0,0.0,0.0,0.0,0.0,0.0,0.0,0.0,0.0,0.0,0.0,0.0,0.0,0.0,0.0,0.0,0.0,0.0,0.0,0.0,14.986063957214355,0.10770587101273117,14.900217056274414,0.15352750565975037,14.661925383976527,0.29690133541357283,0.002498213501391122
2023-07-10,14.90553002445154,14.933407061857043,14.849772404747679,14.87765121459961,6775000,0.0,0.0,14.966859436035156,14.644866800308227,54.28575757013018,0.14380449962260933,0.1074457917915645,0.2662989091683809,-0.0024919879833658065,0.0,0.0,0.0,0.0,0.0,0.0,0.0,0.0,0.0,5208600.0,6464100.0,13415500.0,0.0,0.0,0.0,0.0,0.0,0.0,0.0,0.0,0.0,0.0,0.0,0.0,0.0,0.0,0.0,0.0,0.0,0.0,0.0,0.0,0.0,0.0,0.0,0.0,14.908624966939291,0.028388225108144906,14.93473311832973,0.10312105819000819,14.67387328829084,0.30231751460068573,-0.014162379000610459
2023-07-11,15.109966943318241,15.128552813638434,15.007746429003326,15.091381072998047,7631500,0.0,0.0,14.985444831848145,14.681573057174683,64.01870481033589,0.1572140063691787,0.11739943470708736,0.27502105870138166,0.014365833377563142,0.0,0.0,0.0,0.0,0.0,0.0,0.0,0.0,0.0,6775000.0,5208600.0,6464100.0,0.0,0.0,0.0,0.0,0.0,0.0,0.0,0.0,0.0,0.0,0.0,0.0,0.0,0.0,0.0,0.0,0.0,0.0,0.0,0.0,0.0,0.0,0.0,0.0,14.961283683776855,0.1141899938206924,14.97986902509417,0.0900962227091431,14.713699204581124,0.31872803934615296,0.010578709365526517
2023-07-12,15.109967148026945,15.137845953884934,14.896234953787538,14.933404922485352,7102600,0.0,0.0,14.950132179260255,14.69365348815918,66.50483961685599,0.1533263314844895,0.1245848140625678,0.2807406659867269,-0.010467971734896442,0.0,0.0,0.0,0.0,0.0,0.0,0.0,0.0,0.0,7631500.0,6775000.0,5208600.0,0.0,0.0,0.0,0.0,0.0,0.0,0.0,0.0,0.0,0.0,0.0,0.0,0.0,0.0,0.0,0.0,0.0,0.0,0.0,0.0,0.0,0.0,0.0,0.0,14.96747907002767,0.11086432582577607,14.97986902509417,0.0900962227091431,14.758835179465157,0.3000615579462509,-0.04288278231037168
2023-07-13,15.407334690693808,15.65823863753023,15.407334690693808,15.602482795715332,13295300,0.0,0.0,15.08394775390625,14.737329292297364,74.44446091527922,0.2019068572144409,0.14004922269294243,0.3467186997461947,0.044804107080933964,0.0,0.0,0.0,0.0,0.0,0.0,0.0,0.0,0.0,7102600.0,7631500.0,6775000.0,0.0,0.0,0.0,0.0,0.0,0.0,0.0,0.0,0.0,0.0,0.0,0.0,0.0,0.0,0.0,0.0,0.0,0.0,0.0,0.0,0.0,0.0,0.0,0.0,15.209089597066244,0.34972528160003136,15.066158839634486,0.25294431337359163,14.84645230429513,0.3538865399518026,-0.014671291980343781
2023-07-14,15.946311442391584,15.983483182639358,15.788335091230813,15.834799766540527,11539700,0.0,0.0,15.267943954467773,14.806095409393311,84.32839107260678,0.2561999977557061,0.16327937770549517,0.41780929183789917,0.014889743758537799,0.0,0.0,0.0,0.0,0.0,0.0,0.0,0.0,0.0,13295300.0,7102600.0,7631500.0,0.0,0.0,0.0,0.0,0.0,0.0,0.0,0.0,0.0,0.0,0.0,0.0,0.0,0.0,0.0,0.0,0.0,0.0,0.0,0.0,0.0,0.0,0.0,0.0,15.45689582824707,0.4680008974828627,15.169706208365303,0.38680748156049666,14.968585218702044,0.37982615509719964,-0.014459332951716086
2023-07-17,15.844092677188394,16.085703698116756,15.82550857746031,16.067119598388672,12658400,0.0,0.0,15.505837631225585,14.883689737319946,84.03046157496145,0.3143503366433773,0.19349356949307162,0.4974615020950403,0.01467147265979607,0.0,0.0,0.0,0.0,0.0,0.0,0.0,0.0,0.0,11539700.0,13295300.0,7102600.0,0.0,0.0,0.0,0.0,0.0,0.0,0.0,0.0,0.0,0.0,0.0,0.0,0.0,0.0,0.0,0.0,0.0,0.0,0.0,0.0,0.0,0.0,0.0,0.0,15.834800720214844,0.23231840133813328,15.331665447780065,0.49389895981010506,15.087399414607457,0.4442412248338289,-0.032997679207654396
2023-07-18,16.541047152993418,16.856999894399827,16.503877180593673,16.615388870239258,25345300,0.0,0.0,15.810639190673829,14.978940153121949,86.4516464355507,0.4000639590346946,0.23480764740139623,0.6278276647153567,0.03412368150328393,0.0,0.0,0.0,0.0,0.0,0.0,0.0,0.0,0.0,12658400.0,11539700.0,13295300.0,0.0,0.0,0.0,0.0,0.0,0.0,0.0,0.0,0.0,0.0,0.0,0.0,0.0,0.0,0.0,0.0,0.0,0.0,0.0,0.0,0.0,0.0,0.0,0.0,16.172436078389484,0.40080981515316766,15.574604034423828,0.6486739890236146,15.237410545349121,0.5723019725513614,0.009599087851964727
2023-07-19,16.550340310638767,16.680439646894403,16.39236393782193,16.457412719726562,21117700,0.0,0.0,16.11544075012207,15.075119876861573,81.21022220493631,0.450057286975202,0.2778575753161574,0.6993200000503428,-0.009507821438693775,0.0,0.0,0.0,0.0,0.0,0.0,0.0,0.0,0.0,25345300.0,12658400.0,11539700.0,0.0,0.0,0.0,0.0,0.0,0.0,0.0,0.0,0.0,0.0,0.0,0.0,0.0,0.0,0.0,0.0,0.0,0.0,0.0,0.0,0.0,0.0,0.0,0.0,16.379973729451496,0.28221870335788823,15.800284249441964,0.640540746797231,15.367508683885847,0.6292659990137608,0.09186197862292955
2023-07-20,14.868356602713256,15.072795867919922,14.24574409907679,15.072795867919922,39518000,0.0,0.0,16.00950336456299,15.113684606552123,53.571417935765766,0.37364322482464196,0.29701470521785434,0.675265861011648,-0.08413332492700865,0.0,0.0,0.0,0.0,0.0,0.0,0.0,0.0,0.0,21117700.0,25345300.0,12658400.0,0.0,0.0,0.0,0.0,0.0,0.0,0.0,0.0,0.0,0.0,0.0,0.0,0.0,0.0,0.0,0.0,0.0,0.0,0.0,0.0,0.0,0.0,0.0,0.0,16.048532485961914,0.8486963985276005,15.797629220145089,0.6439980560605549,15.388749122619629,0.6125398593919671,-0.00490797507386076
2023-07-21,15.044918895108989,15.305114002353697,14.951991311473206,15.147137641906738,15268200,0.0,0.0,15.871970939636231,15.152249336242676,52.61959136174802,0.31544701308939516,0.3007011667921625,0.6525520689277222,0.004932182100670701,0.0,0.0,0.0,0.0,0.0,0.0,0.0,0.0,0.0,39518000.0,21117700.0,25345300.0,0.0,0.0,0.0,0.0,0.0,0.0,0.0,0.0,0.0,0.0,0.0,0.0,0.0,0.0,0.0,0.0,0.0,0.0,0.0,0.0,0.0,0.0,0.0,0.0,15.559115409851074,0.7788358091003712,15.828162465776716,0.5997403160716829,15.404015745435442,0.6029058366123852,0.004932182100670701
2023-07-24,15.147137580035638,15.18430932231661,15.026332962514934,15.072795867919922,10331400,0.0,0.0,15.67310619354248,15.199642181396484,50.909090909090914,0.2603264548239199,0.29262622439851405,0.6068332151676922,-0.00490797507386076,0.0,0.0,0.0,0.0,0.0,0.0,0.0,0.0,0.0,15268200.0,39518000.0,21117700.0,0.0,0.0,0.0,0.0,0.0,0.0,0.0,0.0,0.0,0.0,0.0,0.0,0.0,0.0,0.0,0.0,0.0,0.0,0.0,0.0,0.0,0.0,0.0,0.0,15.097576459248861,0.042921243223309966,15.752492904663086,0.6630355554387003,15.409325872148786,0.5993761122732131,-0.009767946961811713
2023-07-25,15.08208798115814,15.277236072600582,15.08208798115814,15.221478462219238,7717900,0.0,0.0,15.394324111938477,15.240530061721802,51.35132323977339,0.22603486877856227,0.27930795327452373,0.5772089907439207,0.00986430093011248,0.0,0.0,0.0,0.0,0.0,0.0,0.0,0.0,0.0,10331400.0,15268200.0,39518000.0,0.0,0.0,0.0,0.0,0.0,0.0,0.0,0.0,0.0,0.0,0.0,0.0,0.0,0.0,0.0,0.0,0.0,0.0,0.0,0.0,0.0,0.0,0.0,0.0,15.147137324015299,0.0743412971501607,15.66487557547433,0.6903092580633841,15.417290891919817,0.5958223699409033,-0.014440676417157627
2023-07-26,15.240066542719442,15.490970508487448,15.240066542719442,15.444507598876953,10006100,0.0,0.0,15.191743087768554,15.286993789672852,56.12475749192249,0.21438384367550967,0.26632313135472097,0.5526304402511265,0.01465226503531114,0.0,0.0,0.0,0.0,0.0,0.0,0.0,0.0,0.0,7717900.0,10331400.0,15268200.0,0.0,0.0,0.0,0.0,0.0,0.0,0.0,0.0,0.0,0.0,0.0,0.0,0.0,0.0,0.0,0.0,0.0,0.0,0.0,0.0,0.0,0.0,0.0,0.0,15.246260643005371,0.18709094071107357,15.575931004115514,0.6696448143516136,15.45379822594779,0.5793226798716926,-0.0006011916949890672
2023-07-27,15.463091230196868,15.59319056356333,15.435214194254746,15.453798294067383,11839800,0.0,0.0,15.267943572998046,15.3278817653656,56.47323877842975,0.2035535650068212,0.253769218085141,0.5317920276896219,0.0006015533438634701,0.0,0.0,0.0,0.0,0.0,0.0,0.0,0.0,0.0,10006100.0,7717900.0,10331400.0,0.0,0.0,0.0,0.0,0.0,0.0,0.0,0.0,0.0,0.0,0.0,0.0,0.0,0.0,0.0,0.0,0.0,0.0,0.0,0.0,0.0,0.0,0.0,0.0,15.373261451721191,0.1315299820607142,15.409989493233818,0.4885749196232837,15.492296763828822,0.5582764129149386,0.01032818478654618
2023-07-28,15.202894430062235,15.314406106413275,15.044918078193149,15.295820236206055,9072200,0.0,0.0,15.29768009185791,15.353901290893555,54.88065121356781,0.18014636696114117,0.23904464786034108,0.5158302875160704,-0.010222603845034928,0.0,0.0,0.0,0.0,0.0,0.0,0.0,0.0,0.0,11839800.0,10006100.0,7717900.0,0.0,0.0,0.0,0.0,0.0,0.0,0.0,0.0,0.0,0.0,0.0,0.0,0.0,0.0,0.0,0.0,0.0,0.0,0.0,0.0,0.0,0.0,0.0,0.0,15.39804204305013,0.08864847770903882,15.244047709873744,0.160942633729234,15.522165979657855,0.5334983732787003,-0.012004893026943853
2023-07-31,15.444506132015716,15.56531074899727,15.42592026095818,15.48167610168457,6604000,0.0,0.0,15.37945613861084,15.381314849853515,54.585154306160064,0.17458055300955166,0.2261518288901832,0.5067967498229229,0.012150761620392414,0.0,0.0,0.0,0.0,0.0,0.0,0.0,0.0,0.0,9072200.0,11839800.0,10006100.0,0.0,0.0,0.0,0.0,0.0,0.0,0.0,0.0,0.0,0.0,0.0,0.0,0.0,0.0,0.0,0.0,0.0,0.0,0.0,0.0,0.0,0.0,0.0,0.0,15.410431543986002,0.1002302695928566,15.302459171840123,0.16262018894183128,15.550044195992607,0.5192635132830354,-0.008333347586934492
2023-08-01,15.537432729032414,15.648946188577066,15.472383949483996,15.611774444580078,7462200,0.0,0.0,15.457515335083007,15.411980867385864,58.02197499810537,0.17860856597920716,0.21664317630798802,0.5009326638613941,0.008403375838702098,0.0,0.0,0.0,0.0,0.0,0.0,0.0,0.0,0.0,6604000.0,9072200.0,11839800.0,0.0,0.0,0.0,0.0,0.0,0.0,0.0,0.0,0.0,0.0,0.0,0.0,0.0,0.0,0.0,0.0,0.0,0.0,0.0,0.0,0.0,0.0,0.0,0.0,15.463090260823568,0.1587949638927374,15.368835857936315,0.18229191982384974,15.598499161856514,0.4880058329470456,0.016949118848959444
2023-08-02,15.370164583718607,15.425920425038054,15.26794406426109,15.351578712463379,11896400,0.0,0.0,15.438929557800293,15.424061393737793,46.71532445740653,0.15897263664436423,0.20510906837526327,0.496156549926127,-0.01666663408700675,0.0,0.0,0.0,0.0,0.0,0.0,0.0,0.0,0.0,7462200.0,6604000.0,9072200.0,0.0,0.0,0.0,0.0,0.0,0.0,0.0,0.0,0.0,0.0,0.0,0.0,0.0,0.0,0.0,0.0,0.0,0.0,0.0,0.0,0.0,0.0,0.0,0.0,15.48167641957601,0.13009786605863674,15.40866197858538,0.12970309581094627,15.580577441624232,0.49243533078575846,0.000605810045295252
2023-08-03,15.351577137249755,15.388747103499993,15.277235432303227,15.342284202575684,10134400,0.0,0.0,15.416626739501954,15.44450535774231,43.15245039491019,0.14103526516141685,0.192294307732494,0.4831279519735757,-0.0006054432616854344,0.0,0.0,0.0,0.0,0.0,0.0,0.0,0.0,0.0,11896400.0,7462200.0,6604000.0,0.0,0.0,0.0,0.0,0.0,0.0,0.0,0.0,0.0,0.0,0.0,0.0,0.0,0.0,0.0,0.0,0.0,0.0,0.0,0.0,0.0,0.0,0.0,0.0,15.43521245320638,0.15297777478083674,15.425919941493444,0.10663085680694555,15.545397758483887,0.49046534817515397,-0.011968971471404632
2023-08-04,15.500263032009034,15.686116437946717,15.463091287353693,15.5281400680542,7013000,0.0,0.0,15.463090705871583,15.475171422958374,42.40836824265238,0.1402006384233605,0.1818755738706673,0.46693054072451107,0.01211396315076163,0.0,0.0,0.0,0.0,0.0,0.0,0.0,0.0,0.0,10134400.0,11896400.0,7462200.0,0.0,0.0,0.0,0.0,0.0,0.0,0.0,0.0,0.0,0.0,0.0,0.0,0.0,0.0,0.0,0.0,0.0,0.0,0.0,0.0,0.0,0.0,0.0,0.0,15.407334327697754,0.1047240046780766,15.437867437090192,0.11352319326180604,15.506899220602852,0.46695293591432807,-0.004171700871739348
2023-08-07,15.686116007371176,15.695408943279926,15.528139641815025,15.59319019317627,5533700,0.0,0.0,15.485393524169922,15.510948371887206,33.33339553068491,0.14313818428307457,0.17412809595314876,0.4456666618731462,0.004189176864516808,0.0,0.0,0.0,0.0,0.0,0.0,0.0,0.0,0.0,7013000.0,10134400.0,11896400.0,0.0,0.0,0.0,0.0,0.0,0.0,0.0,0.0,0.0,0.0,0.0,0.0,0.0,0.0,0.0,0.0,0.0,0.0,0.0,0.0,0.0,0.0,0.0,0.0,15.487871487935385,0.1302099187404838,15.45778056553432,0.12807597355557912,15.433885029384069,0.3440312369083681,0.0005962951492086699
2023-08-08,15.518848810330736,15.583897590637207,15.407335349486551,15.583897590637207,6330600,0.0,0.0,15.479818153381348,15.535574197769165,35.03190708786747,0.14306718571667787,0.1679159139058546,0.4347360324810318,-0.0005959397932008281,0.0,0.0,0.0,0.0,0.0,0.0,0.0,0.0,0.0,5533700.0,7013000.0,10134400.0,0.0,0.0,0.0,0.0,0.0,0.0,0.0,0.0,0.0,0.0,0.0,0.0,0.0,0.0,0.0,0.0,0.0,0.0,0.0,0.0,0.0,0.0,0.0,0.0,15.568409283955893,0.03518231697158419,15.498934473310198,0.1127235385662207,15.371491091591972,0.1879116368861815,0.003590740574121787
2023-08-09,15.621067657246211,15.658239401901552,15.453798351189858,15.5281400680542,7998100,0.0,0.0,15.515130424499512,15.565310955047607,64.32742887493211,0.1369332712410376,0.1617193853728912,0.411075282920145,-0.0035778932875243363,0.0,0.0,0.0,0.0,0.0,0.0,0.0,0.0,0.0,6330600.0,5533700.0,7013000.0,0.0,0.0,0.0,0.0,0.0,0.0,0.0,0.0,0.0,0.0,0.0,0.0,0.0,0.0,0.0,0.0,0.0,0.0,0.0,0.0,0.0,0.0,0.0,0.0,15.568409283955893,0.03518231697158419,15.505572182791573,0.11290577040494652,15.404015677315849,0.1708689030345942,-0.00948447118517537
2023-08-10,15.593191817605645,15.797631111556825,15.593191817605645,15.676826477050781,9033300,0.0,0.0,15.582038879394531,15.56902813911438,65.92178354568341,0.14242802875140548,0.1578611140485941,0.4117646551311968,0.0095752877256996,0.0,0.0,0.0,0.0,0.0,0.0,0.0,0.0,0.0,7998100.0,6330600.0,5533700.0,0.0,0.0,0.0,0.0,0.0,0.0,0.0,0.0,0.0,0.0,0.0,0.0,0.0,0.0,0.0,0.0,0.0,0.0,0.0,0.0,0.0,0.0,0.0,0.0,15.596288045247396,0.07511361114444554,15.514865330287389,0.12512051037897773,15.441850594111852,0.16823725021667868,0.011390984817516658
2023-08-11,15.435214432646607,15.518849086657351,15.388749751281548,15.500263214111328,6831100,0.0,0.0,15.576463508605958,15.55230131149292,62.1052307499522,0.1310251080620617,0.15249391285128763,0.4071693566442224,-0.0112626916677252,0.0,0.0,0.0,0.0,0.0,0.0,0.0,0.0,0.0,9033300.0,7998100.0,6330600.0,0.0,0.0,0.0,0.0,0.0,0.0,0.0,0.0,0.0,0.0,0.0,0.0,0.0,0.0,0.0,0.0,0.0,0.0,0.0,0.0,0.0,0.0,0.0,0.0,15.56840991973877,0.09492045180559598,15.536105973379952,0.10354016974784938,15.472383975982666,0.13071038456130293,-0.010676139254244377
2023-08-14,15.611774351500042,15.751166618211354,15.556018508283296,15.667531967163086,5407200,0.0,0.0,15.59133186340332,15.53232192993164,62.49997995603155,0.13394140852824954,0.14878341198668002,0.3900207509016471,0.010791349201056066,0.0,0.0,0.0,0.0,0.0,0.0,0.0,0.0,0.0,6831100.0,9033300.0,7998100.0,0.0,0.0,0.0,0.0,0.0,0.0,0.0,0.0,0.0,0.0,0.0,0.0,0.0,0.0,0.0,0.0,0.0,0.0,0.0,0.0,0.0,0.0,0.0,0.0,15.614873886108398,0.09936448852697341,15.58256993974958,0.06942263357754794,15.504244940621513,0.11865435480838765,-0.01576167825337249
2023-08-15,15.583896377788212,15.964897866313594,15.583896377788212,15.91843318939209,13343900,0.0,0.0,15.658238983154297,15.497474145889282,63.0767749075976,0.1547147738174246,0.14996968435282892,0.31136102610663763,0.01601408714243302,0.0,0.0,0.0,0.0,0.0,0.0,0.0,0.0,0.0,5407200.0,6831100.0,9033300.0,0.0,0.0,0.0,0.0,0.0,0.0,0.0,0.0,0.0,0.0,0.0,0.0,0.0,0.0,0.0,0.0,0.0,0.0,0.0,0.0,0.0,0.0,0.0,0.0,15.695409456888834,0.21047422141828703,15.63832609994071,0.13964077607076247,15.53809676851545,0.160519645284931,0.0
2023-08-16,15.992774900020304,16.085702481417123,15.862677349532476,15.91843318939209,8748900,0.0,0.0,15.736297607421875,15.470525169372559,62.886491593449115,0.1692270711372359,0.15382116170971033,0.23876519924564732,0.0,0.0,0.0,0.0,0.0,0.0,0.0,0.0,0.0,0.0,13343900.0,5407200.0,6831100.0,0.0,0.0,0.0,0.0,0.0,0.0,0.0,0.0,0.0,0.0,0.0,0.0,0.0,0.0,0.0,0.0,0.0,0.0,0.0,0.0,0.0,0.0,0.0,0.0,15.834799448649088,0.14485788819391843,15.684789385114398,0.1723891679927538,15.571284975324359,0.18751295258758888,0.009428341520225647
2023-08-17,15.955605767632553,15.955605767632553,15.751166495795824,15.769750595092773,6166600,0.0,0.0,15.754882431030273,15.505372905731202,63.21242311062711,0.16680787124555074,0.15641850361687842,0.22829200491135407,-0.00934027818757921,0.0,0.0,0.0,0.0,0.0,0.0,0.0,0.0,0.0,8748900.0,13343900.0,5407200.0,0.0,0.0,0.0,0.0,0.0,0.0,0.0,0.0,0.0,0.0,0.0,0.0,0.0,0.0,0.0,0.0,0.0,0.0,0.0,0.0,0.0,0.0,0.0,0.0,15.86887232462565,0.08584193584251722,15.711339814322335,0.16852938785153232,15.605137143816266,0.17640831251467362,0.014952019008382056
2023-08-18,15.528141640836816,15.574606326362211,15.425922877573985,15.537434577941895,5445600,0.0,0.0,15.762316703796387,15.524887752532958,51.515206487603805,0.14447921046087586,0.15403064498567792,0.21217004256592586,-0.014731749608213218,0.0,0.0,0.0,0.0,0.0,0.0,0.0,0.0,0.0,6166600.0,8748900.0,13343900.0,0.0,0.0,0.0,0.0,0.0,0.0,0.0,0.0,0.0,0.0,0.0,0.0,0.0,0.0,0.0,0.0,0.0,0.0,0.0,0.0,0.0,0.0,0.0,0.0,15.741872787475586,0.1920230835079445,15.71266760144915,0.1668739396944698,15.609119892120361,0.1740197915226327,-0.009478610459599968
2023-08-21,15.713995982037773,15.751167728433186,15.556019604750105,15.686117172241211,6993300,0.0,0.0,15.766033744812011,15.555553817749024,52.000022577672325,0.1371994785029056,0.15066441168912345,0.18611062285016935,0.00956931426185359,0.0,0.0,0.0,0.0,0.0,0.0,0.0,0.0,0.0,5445600.0,6166600.0,8748900.0,0.0,0.0,0.0,0.0,0.0,0.0,0.0,0.0,0.0,0.0,0.0,0.0,0.0,0.0,0.0,0.0,0.0,0.0,0.0,0.0,0.0,0.0,0.0,0.0,15.664434115091959,0.11766604940132162,15.71399484361921,0.1665780490668269,15.6144300869533,0.17523704869723006,-0.006474313013318467
2023-08-22,15.760456993733234,15.890556317996127,15.741872895221,15.788335800170898,4037600,0.0,0.0,15.740014266967773,15.583896684646607,62.84149021661899,0.1380866505244942,0.1481488594561976,0.1754124254292249,0.006516502892798481,0.0,0.0,0.0,0.0,0.0,0.0,0.0,0.0,0.0,6993300.0,5445600.0,6166600.0,0.0,0.0,0.0,0.0,0.0,0.0,0.0,0.0,0.0,0.0,0.0,0.0,0.0,0.0,0.0,0.0,0.0,0.0,0.0,0.0,0.0,0.0,0.0,0.0,15.670629183451334,0.126165622007612,15.75514807019915,0.138130210640051,15.64562702178955,0.16331450820743876,-0.016213113941640267
2023-08-23,15.87197025884263,16.067118356699982,15.87197025884263,16.048532485961914,6097000,0.0,0.0,15.766034126281738,15.614097929000854,68.09526811506026,0.15796452205152178,0.15011199197526245,0.2003727668655311,0.016480311103352685,0.0,0.0,0.0,0.0,0.0,0.0,0.0,0.0,0.0,4037600.0,6993300.0,5445600.0,0.0,0.0,0.0,0.0,0.0,0.0,0.0,0.0,0.0,0.0,0.0,0.0,0.0,0.0,0.0,0.0,0.0,0.0,0.0,0.0,0.0,0.0,0.0,0.0,15.840995152791342,0.18685815601311362,15.809576715741839,0.16938133617211928,15.69607332774571,0.17128911721461046,0.008172870723013093
2023-08-24,16.07640954603282,16.113581287570025,15.881263220301078,15.91843318939209,4708800,0.0,0.0,15.795770645141602,15.63732967376709,60.294083615973825,0.16135989606226708,0.15236157279266338,0.20761368056352647,-0.008106616395214039,0.0,0.0,0.0,0.0,0.0,0.0,0.0,0.0,0.0,6097000.0,4037600.0,6993300.0,0.0,0.0,0.0,0.0,0.0,0.0,0.0,0.0,0.0,0.0,0.0,0.0,0.0,0.0,0.0,0.0,0.0,0.0,0.0,0.0,0.0,0.0,0.0,0.0,15.918433825174967,0.1300983428966692,15.809576715741839,0.16938133617211928,15.723951407841273,0.17360016112484838,-0.006956609996134122
2023-08-25,15.964898503045518,16.08570312296713,15.85338504643258,16.02994728088379,4662000,0.0,0.0,15.89427318572998,15.674036026000977,61.243992825025785,0.1710769411633315,0.156104646466797,0.20894951925915015,0.007005343438323486,0.0,0.0,0.0,0.0,0.0,0.0,0.0,0.0,0.0,4708800.0,6097000.0,4037600.0,0.0,0.0,0.0,0.0,0.0,0.0,0.0,0.0,0.0,0.0,0.0,0.0,0.0,0.0,0.0,0.0,0.0,0.0,0.0,0.0,0.0,0.0,0.0,0.0,15.998970985412598,0.07036408816170907,15.825507300240654,0.18577638517350453,15.755148342677526,0.18701927171517,-0.0046162127655290375
2023-08-28,16.039239326966175,16.169336875426403,16.029946391726707,16.10428810119629,5356600,0.0,0.0,15.977907371520995,15.705166625976563,62.96291545095311,0.18267073776415543,0.16141786472626868,0.22457800813315193,0.0046376210108409754,0.0,0.0,0.0,0.0,0.0,0.0,0.0,0.0,0.0,4662000.0,4708800.0,6097000.0,0.0,0.0,0.0,0.0,0.0,0.0,0.0,0.0,0.0,0.0,0.0,0.0,0.0,0.0,0.0,0.0,0.0,0.0,0.0,0.0,0.0,0.0,0.0,0.0,16.017556190490723,0.09354499666621731,15.873298372541155,0.2104357425280066,15.792319093431745,0.2015171588129642,-0.005166408962838265
2023-08-29,16.05782398540733,16.197214458585893,16.039238116331248,16.18792152404785,7928100,0.0,0.0,16.057824516296385,15.733973979949951,66.21001977074557,0.19634409090949312,0.16840310996291358,0.2477268521461839,0.005193239361220181,0.0,0.0,0.0,0.0,0.0,0.0,0.0,0.0,0.0,5356600.0,4662000.0,4708800.0,0.0,0.0,0.0,0.0,0.0,0.0,0.0,0.0,0.0,0.0,0.0,0.0,0.0,0.0,0.0,0.0,0.0,0.0,0.0,0.0,0.0,0.0,0.0,0.0,16.107385635375977,0.07903266042788525,15.966225079127721,0.17862196569013836,15.839446340288434,0.21186646573880633,-0.007407429065302895
2023-08-30,16.234385555366497,16.345899005146276,16.21580145744166,16.308727264404297,4613400,0.0,0.0,16.109863471984863,15.781831407546997,65.74067123226492,0.21445621763687406,0.17761373149770568,0.2620076135978618,0.007462708549518471,0.0,0.0,0.0,0.0,0.0,0.0,0.0,0.0,0.0,7928100.0,5356600.0,4662000.0,0.0,0.0,0.0,0.0,0.0,0.0,0.0,0.0,0.0,0.0,0.0,0.0,0.0,0.0,0.0,0.0,0.0,0.0,0.0,0.0,0.0,0.0,0.0,0.0,16.20031229654948,0.10278127891638106,16.055169378008163,0.17073592136082213,15.884582110813685,0.23999907497375578,0.010362559605160193
2023-08-31,16.262265036236876,16.32731381279043,16.132167483129773,16.141460418701172,6511500,0.0,0.0,16.15446891784668,15.821790218353271,66.04656468946213,0.2128594606562313,0.1846628773294108,0.25220177293152446,-0.010256278309847322,0.0,0.0,0.0,0.0,0.0,0.0,0.0,0.0,0.0,4613400.0,7928100.0,5356600.0,0.0,0.0,0.0,0.0,0.0,0.0,0.0,0.0,0.0,0.0,0.0,0.0,0.0,0.0,0.0,0.0,0.0,0.0,0.0,0.0,0.0,0.0,0.0,0.0,16.212703069051106,0.08634317082102305,16.105615752083914,0.12472413419106473,15.930381911141533,0.2214832819888141,-0.008561533503267493
2023-09-01,16.28084945678711,16.336605292801526,16.21580068602928,16.28084945678711,5315100,0.0,0.0,16.204649353027342,15.859425687789917,65.56606239688945,0.22030204485595917,0.1917907108347205,0.262045130057755,0.008635466337633568,0.0,0.0,0.0,0.0,0.0,0.0,0.0,0.0,0.0,6511500.0,4613400.0,7928100.0,0.0,0.0,0.0,0.0,0.0,0.0,0.0,0.0,0.0,0.0,0.0,0.0,0.0,0.0,0.0,0.0,0.0,0.0,0.0,0.0,0.0,0.0,0.0,0.0,16.24367904663086,0.08961461354742878,16.13880389077323,0.1372800313492298,15.974190303257533,0.22610105450563317,-0.014068704046453218
2023-09-05,16.55963123855865,16.680437623826567,16.503875399752165,16.513168334960938,5746400,0.0,0.0,16.286425399780274,15.90542459487915,65.23817366227833,0.24215512481142554,0.2018635936300615,0.29189629328371186,0.014269456811234038,0.0,0.0,0.0,0.0,0.0,0.0,0.0,0.0,0.0,5315100.0,6511500.0,4613400.0,0.0,0.0,0.0,0.0,0.0,0.0,0.0,0.0,0.0,0.0,0.0,0.0,0.0,0.0,0.0,0.0,0.0,0.0,0.0,0.0,0.0,0.0,0.0,0.0,16.31182607014974,0.18778007531180374,16.22376605442592,0.16027598505929422,16.016671385083878,0.2669925668166715,0.010807594738081017
2023-09-06,16.4388294189379,16.494585267218135,16.308730076355403,16.33660888671875,5049300,0.0,0.0,16.316162872314454,15.943060159683228,59.825445517266104,0.24243236679924962,0.20997734826389916,0.29674346877330177,-0.010692039508153228,0.0,0.0,0.0,0.0,0.0,0.0,0.0,0.0,0.0,5746400.0,5315100.0,6511500.0,0.0,0.0,0.0,0.0,0.0,0.0,0.0,0.0,0.0,0.0,0.0,0.0,0.0,0.0,0.0,0.0,0.0,0.0,0.0,0.0,0.0,0.0,0.0,0.0,16.376875559488933,0.12128095065166428,16.267574855259486,0.1389626202314301,16.04654107775007,0.27830861147288793,0.00342484770709528
2023-09-07,16.30872648857128,16.355191162288353,16.24367771781345,16.28084945678711,5920700,0.0,0.0,16.310587310791014,15.980695629119873,62.55708875244968,0.23543877147551484,0.21506963290622233,0.28898109522385296,-0.0034131581601963834,0.0,0.0,0.0,0.0,0.0,0.0,0.0,0.0,0.0,5049300.0,5746400.0,5315100.0,0.0,0.0,0.0,0.0,0.0,0.0,0.0,0.0,0.0,0.0,0.0,0.0,0.0,0.0,0.0,0.0,0.0,0.0,0.0,0.0,0.0,0.0,0.0,0.0,16.376875559488933,0.12128095065166428,16.292797906058176,0.11897051026869698,16.083048139299667,0.2726723321631886,-0.012957809931460895
2023-09-08,16.37377851218818,16.503876065466436,16.33660676985369,16.494583129882812,5796800,0.0,0.0,16.381211853027345,16.021583461761473,73.73269840759376,0.2443263755973124,0.22092098144444036,0.3013128291535148,0.013127919010798461,0.0,0.0,0.0,0.0,0.0,0.0,0.0,0.0,0.0,5920700.0,5049300.0,5746400.0,0.0,0.0,0.0,0.0,0.0,0.0,0.0,0.0,0.0,0.0,0.0,0.0,0.0,0.0,0.0,0.0,0.0,0.0,0.0,0.0,0.0,0.0,0.0,0.0,16.37068049112956,0.1108655781750556,16.33660670689174,0.12987663230838303,16.15141589300973,0.24381288587274544,-0.0111421447319342
2023-09-11,16.57821847210597,16.680438995361328,16.48529088482349,16.680438995361328,5196600,0.0,0.0,16.46112976074219,16.080592250823976,74.2081550923819,0.26333136096626575,0.22940305734880545,0.3093009153976015,0.011267690975578892,0.0,0.0,0.0,0.0,0.0,0.0,0.0,0.0,0.0,5796800.0,5920700.0,5049300.0,0.0,0.0,0.0,0.0,0.0,0.0,0.0,0.0,0.0,0.0,0.0,0.0,0.0,0.0,0.0,0.0,0.0,0.0,0.0,0.0,0.0,0.0,0.0,0.0,16.48529052734375,0.19995678078262363,16.389708382742747,0.18207713619603796,16.222438880375453,0.2426653663160112,-0.0060907295032837094
2023-09-12,16.76407352392763,16.894171081702773,16.73619471621312,16.782657623291016,6680000,0.0,0.0,16.515027618408205,16.136348533630372,74.2081550923819,0.2833745721190546,0.2401973603028553,0.33069112611091706,0.006128053821492063,0.0,0.0,0.0,0.0,0.0,0.0,0.0,0.0,0.0,5196600.0,5796800.0,5920700.0,0.0,0.0,0.0,0.0,0.0,0.0,0.0,0.0,0.0,0.0,0.0,0.0,0.0,0.0,0.0,0.0,0.0,0.0,0.0,0.0,0.0,0.0,0.0,0.0,16.652559916178387,0.146046775829403,16.481307983398438,0.19704531935012723,16.293461867741176,0.2511977598979235,0.003333175593505544
2023-09-13,16.76407566376939,16.773366828413902,16.661855128214583,16.726903915405273,4102400,0.0,0.0,16.593086624145506,16.17677206993103,68.3418098704642,0.291401013594097,0.25043809096110364,0.3514154171519437,-0.0033221024427243506,0.0,0.0,0.0,0.0,0.0,0.0,0.0,0.0,0.0,6680000.0,5196600.0,5796800.0,0.0,0.0,0.0,0.0,0.0,0.0,0.0,0.0,0.0,0.0,0.0,0.0,0.0,0.0,0.0,0.0,0.0,0.0,0.0,0.0,0.0,0.0,0.0,0.0,16.730000178019207,0.0511796063445856,16.54503004891532,0.1935076987089023,16.341916969844274,0.2653466729883041,-0.006073800455294154
2023-09-14,16.829120635986328,16.894169408431186,16.754778928557045,16.829120635986328,2914100,0.0,0.0,16.70274085998535,16.22230644226074,75.00011781085442,0.302522767233782,0.26085502621563933,0.37442694502093443,0.006110916945419653,0.0,0.0,0.0,0.0,0.0,0.0,0.0,0.0,0.0,4102400.0,6680000.0,5196600.0,0.0,0.0,0.0,0.0,0.0,0.0,0.0,0.0,0.0,0.0,0.0,0.0,0.0,0.0,0.0,0.0,0.0,0.0,0.0,0.0,0.0,0.0,0.0,0.0,16.779560724894207,0.051178682831285675,16.590166091918945,0.21988740791510214,16.406966073172434,0.2651711548068097,0.020281658740283204
2023-09-15,16.80124291435743,16.847705819829315,16.44812022441093,16.494583129882812,16969900,0.0,0.0,16.70274085998535,16.258548069000245,61.363680891618124,0.2811020863536662,0.2649044382432447,0.3632292226563003,-0.019878489990033166,0.0,0.0,0.0,0.0,0.0,0.0,0.0,0.0,0.0,2914100.0,4102400.0,6680000.0,0.0,0.0,0.0,0.0,0.0,0.0,0.0,0.0,0.0,0.0,0.0,0.0,0.0,0.0,0.0,0.0,0.0,0.0,0.0,0.0,0.0,0.0,0.0,0.0,16.683535893758137,0.17143344108918318,16.612733840942383,0.19637657540573153,16.440154348100936,0.24245820480906916,-0.0005631712795359789
2023-09-18,16.494584703300433,16.61538933251861,16.457412957420132,16.503877639770508,3944300,0.0,0.0,16.66742858886719,16.306870222091675,60.093992171494754,0.2618575014232114,0.26429505087923805,0.3244635424624713,0.0005634886201433265,0.0,0.0,0.0,0.0,0.0,0.0,0.0,0.0,0.0,16969900.0,2914100.0,4102400.0,0.0,0.0,0.0,0.0,0.0,0.0,0.0,0.0,0.0,0.0,0.0,0.0,0.0,0.0,0.0,0.0,0.0,0.0,0.0,0.0,0.0,0.0,0.0,0.0,16.609193801879883,0.1905189130993947,16.644595009940012,0.144901717074403,16.468696457999094,0.22258397682280565,-0.001686318655384711
2023-09-19,16.48529076785299,16.559632482662227,16.43882786076458,16.531755447387695,3171400,0.0,0.0,16.617248153686525,16.349152135849,58.93730776171674,0.2460195747899121,0.2606399556613729,0.29287495341300884,0.001689167129427016,0.0,0.0,0.0,0.0,0.0,0.0,0.0,0.0,0.0,3944300.0,16969900.0,2914100.0,0.0,0.0,0.0,0.0,0.0,0.0,0.0,0.0,0.0,0.0,0.0,0.0,0.0,0.0,0.0,0.0,0.0,0.0,0.0,0.0,0.0,0.0,0.0,0.0,16.510072072347004,0.01934485831889721,16.649905341012136,0.13905086064260416,16.49325602395194,0.2076914516754282,-0.0055896424567764
2023-09-20,16.689730252507047,16.829122520435824,16.615388536753315,16.62468147277832,4888100,0.0,0.0,16.596803665161133,16.39096941947937,58.33340879386898,0.23822020324467275,0.2561560051780329,0.2671651152513037,0.005621062184615555,0.0,0.0,0.0,0.0,0.0,0.0,0.0,0.0,0.0,3171400.0,3944300.0,16969900.0,0.0,0.0,0.0,0.0,0.0,0.0,0.0,0.0,0.0,0.0,0.0,0.0,0.0,0.0,0.0,0.0,0.0,0.0,0.0,0.0,0.0,0.0,0.0,0.0,16.553438186645508,0.0632534378799703,16.641939980643137,0.13860655455449047,16.515824181692942,0.20321566591888113,0.008455473999888996
2023-09-21,16.643266890564394,16.699022732746307,16.48529052734375,16.48529052734375,5630200,0.0,0.0,16.52803764343262,16.412807321548463,59.203988228109985,0.2182753187430002,0.24857986789102635,0.255287486649231,-0.008384578415099986,0.0,0.0,0.0,0.0,0.0,0.0,0.0,0.0,0.0,4888100.0,3171400.0,3944300.0,0.0,0.0,0.0,0.0,0.0,0.0,0.0,0.0,0.0,0.0,0.0,0.0,0.0,0.0,0.0,0.0,0.0,0.0,0.0,0.0,0.0,0.0,0.0,0.0,16.547242482503254,0.07097425666949539,16.599458966936385,0.13377580896196337,16.54038347516741,0.17302639679365614,-0.002249920057996957
2023-09-22,16.62468351614357,16.68044113914686,16.485293003528405,16.522464752197266,5319300,0.0,0.0,16.53361396789551,16.44300889968872,56.84223262164953,0.20312698194233647,0.23948929070128838,0.22799337237156606,0.002254993613358236,0.0,0.0,0.0,0.0,0.0,0.0,0.0,0.0,0.0,5630200.0,4888100.0,3171400.0,0.0,0.0,0.0,0.0,0.0,0.0,0.0,0.0,0.0,0.0,0.0,0.0,0.0,0.0,0.0,0.0,0.0,0.0,0.0,0.0,0.0,0.0,0.0,0.0,16.544145584106445,0.07218034892884671,16.570253372192383,0.12321453461556253,16.55764171055385,0.15639915948309502,0.009653830674558384
2023-09-25,16.318020111311203,16.429533560487705,16.17862962917518,16.364484786987305,4992900,0.0,0.0,16.505735397338867,16.459735774993895,45.60440365979225,0.17634139911090685,0.2268597123832121,0.20743914101276067,-0.009561525328050768,0.0,0.0,0.0,0.0,0.0,0.0,0.0,0.0,0.0,5319300.0,5630200.0,4888100.0,0.0,0.0,0.0,0.0,0.0,0.0,0.0,0.0,0.0,0.0,0.0,0.0,0.0,0.0,0.0,0.0,0.0,0.0,0.0,0.0,0.0,0.0,0.0,0.0,16.45741335550944,0.08259703314310736,16.50387682233538,0.07700482132081607,16.547021457127162,0.16449028990664785,0.019687301708225524
2023-09-26,16.19721590697409,16.262264682111145,16.029946615223842,16.048532485961914,5946500,0.0,0.0,16.40909080505371,16.456947994232177,42.13194637627254,0.12814178286077293,0.20711612647872427,0.21277349074707422,-0.01930719513251211,0.0,0.0,0.0,0.0,0.0,0.0,0.0,0.0,0.0,4992900.0,5319300.0,5630200.0,0.0,0.0,0.0,0.0,0.0,0.0,0.0,0.0,0.0,0.0,0.0,0.0,0.0,0.0,0.0,0.0,0.0,0.0,0.0,0.0,0.0,0.0,0.0,0.0,16.311827341715496,0.24131422078207132,16.440155301775253,0.18903594089945483,16.526444571358816,0.20569428595201822,-0.009747697919165188
2023-09-27,16.187922765972633,16.271557410785363,16.104288121159907,16.20650863647461,10292100,0.0,0.0,16.32545623779297,16.457877349853515,48.076949644263316,0.10152033161896412,0.18599696750677225,0.21157379764467119,0.009843650854112651,0.0,0.0,0.0,0.0,0.0,0.0,0.0,0.0,0.0,5946500.0,4992900.0,5319300.0,0.0,0.0,0.0,0.0,0.0,0.0,0.0,0.0,0.0,0.0,0.0,0.0,0.0,0.0,0.0,0.0,0.0,0.0,0.0,0.0,0.0,0.0,0.0,0.0,16.20650863647461,0.15797615051269268,16.397674015590123,0.20506305202116032,16.521134512765066,0.2133395809808345,0.02830200781361003
2023-09-28,15.834799564753244,15.937018304239755,15.537430963898904,15.760456085205078,18047500,0.0,0.0,16.180489349365235,16.430463790893555,33.047184969591044,0.043923602691556596,0.1575822945437291,0.2615366104233807,-0.027523050230920165,0.0,0.0,0.0,0.0,0.0,0.0,0.0,0.0,0.0,10292100.0,5946500.0,4992900.0,0.0,0.0,0.0,0.0,0.0,0.0,0.0,0.0,0.0,0.0,0.0,0.0,0.0,0.0,0.0,0.0,0.0,0.0,0.0,0.0,0.0,0.0,0.0,0.0,16.005165735880535,0.2261663677096564,16.287488392421178,0.30424438954149324,16.46869686671666,0.294971954164724,-0.00876686992519704
2023-09-29,15.918432081342775,16.067117264695728,15.844090375889332,15.899847984313965,9559900,0.0,0.0,16.055965995788576,16.418383169174195,31.578911833162806,0.009416988187982867,0.12794923327257984,0.28048247246807545,0.008844407697042422,0.0,0.0,0.0,0.0,0.0,0.0,0.0,0.0,0.0,18047500.0,10292100.0,5946500.0,0.0,0.0,0.0,0.0,0.0,0.0,0.0,0.0,0.0,0.0,0.0,0.0,0.0,0.0,0.0,0.0,0.0,0.0,0.0,0.0,0.0,0.0,0.0,0.0,15.955604235331217,0.22819353467865422,16.183940751211985,0.2935129202044802,16.41294036592756,0.3241961890955765,-0.00407463138596964
2023-10-02,15.825508566788915,15.974191999191289,15.825508566788915,15.964899063110352,4529900,0.0,0.0,15.976048851013184,16.402585649490355,30.357219760937184,-0.012536164903004021,0.09985215363746307,0.29704500896954433,0.004091301933236258,0.0,0.0,0.0,0.0,0.0,0.0,0.0,0.0,0.0,9559900.0,18047500.0,10292100.0,0.0,0.0,0.0,0.0,0.0,0.0,0.0,0.0,0.0,0.0,0.0,0.0,0.0,0.0,0.0,0.0,0.0,0.0,0.0,0.0,0.0,0.0,0.0,0.0,15.875067710876465,0.10444988878606712,16.109599113464355,0.2693757678388281,16.35452904020037,0.3261223218277416,0.010588278972279763
2023-10-03,15.881264006537307,16.020654499310265,15.77904348469554,15.797629356384277,6775000,0.0,0.0,15.925868225097656,16.366808700561524,28.813592488855775,-0.04293651883103422,0.07129441914376362,0.32481758398654437,-0.010477341952795705,0.0,0.0,0.0,0.0,0.0,0.0,0.0,0.0,0.0,4529900.0,9559900.0,18047500.0,0.0,0.0,0.0,0.0,0.0,0.0,0.0,0.0,0.0,0.0,0.0,0.0,0.0,0.0,0.0,0.0,0.0,0.0,0.0,0.0,0.0,0.0,0.0,0.0,15.887458801269531,0.08432026796350811,16.006051199776785,0.21878136974139267,16.288152285984584,0.3388234138982471,-0.025229325406343373
2023-10-04,15.974190572538404,16.2158015717256,15.94631176678544,16.20650863647461,7318800,0.0,0.0,15.925868225097656,16.360303688049317,37.54653434977045,-0.03364800433631743,0.05030593444774742,0.3267511988062181,0.02588231885090364,0.0,0.0,0.0,0.0,0.0,0.0,0.0,0.0,0.0,6775000.0,4529900.0,9559900.0,0.0,0.0,0.0,0.0,0.0,0.0,0.0,0.0,0.0,0.0,0.0,0.0,0.0,0.0,0.0,0.0,0.0,0.0,0.0,0.0,0.0,0.0,0.0,0.0,15.989679018656412,0.20556288835644562,15.983483178274971,0.1804323810558245,16.243680000305176,0.30111931274006215,-0.009653597566256056
2023-10-05,16.280850143216462,16.401654755082046,16.22509253240514,16.364484786987305,5069500,0.0,0.0,16.0466739654541,16.364485454559325,47.200009523637505,-0.013385139043592176,0.0375677197494795,0.3262155677175744,0.009747697919165077,0.0,0.0,0.0,0.0,0.0,0.0,0.0,0.0,0.0,7318800.0,6775000.0,4529900.0,0.0,0.0,0.0,0.0,0.0,0.0,0.0,0.0,0.0,0.0,0.0,0.0,0.0,0.0,0.0,0.0,0.0,0.0,0.0,0.0,0.0,0.0,0.0,0.0,16.12287425994873,0.2925359832630645,16.0286192212786,0.2316624849378528,16.234387261526926,0.2947201244339958,-0.010118142681987408
2023-10-06,16.34590027414146,16.59680422628999,16.29943736705305,16.531755447387695,5476600,0.0,0.0,16.17305545806885,16.36634407043457,50.56178781978203,0.01598639087915643,0.03325145397541489,0.3271005070167337,0.010221565944648736,0.0,0.0,0.0,0.0,0.0,0.0,0.0,0.0,0.0,5069500.0,7318800.0,6775000.0,0.0,0.0,0.0,0.0,0.0,0.0,0.0,0.0,0.0,0.0,0.0,0.0,0.0,0.0,0.0,0.0,0.0,0.0,0.0,0.0,0.0,0.0,0.0,0.0,16.36758295694987,0.16264553788873337,16.07508305140904,0.2967586693418457,16.236378533499582,0.2967680568548646,0.0022536075760253294
2023-10-09,16.33660676985369,16.541046035354693,16.290143864381808,16.494583129882812,8642700,0.0,0.0,16.27899227142334,16.357051277160643,49.25370676714763,0.03585077912731194,0.033771319005794304,0.32027641075929436,-0.0022485402486858153,0.0,0.0,0.0,0.0,0.0,0.0,0.0,0.0,0.0,5476600.0,5069500.0,7318800.0,0.0,0.0,0.0,0.0,0.0,0.0,0.0,0.0,0.0,0.0,0.0,0.0,0.0,0.0,0.0,0.0,0.0,0.0,0.0,0.0,0.0,0.0,0.0,0.0,16.463607788085938,0.0878320687862003,16.17995834350586,0.29675821996682034,16.233723367963517,0.29407613196394533,-0.005602397433305817
2023-10-10,16.587512969970703,16.726903477796377,16.52246418448182,16.587512969970703,11060900,0.0,0.0,16.436968994140624,16.347294044494628,49.25378449624039,0.05841869700250868,0.03870079460513718,0.30941628956274286,0.005633961122638587,0.0,0.0,0.0,0.0,0.0,0.0,0.0,0.0,0.0,8642700.0,5476600.0,5069500.0,0.0,0.0,0.0,0.0,0.0,0.0,0.0,0.0,0.0,0.0,0.0,0.0,0.0,0.0,0.0,0.0,0.0,0.0,0.0,0.0,0.0,0.0,0.0,0.0,16.53795051574707,0.04677363518762998,16.27819619859968,0.30234551805273496,16.231068474905832,0.2904201455781631,0.0136287934442485
2023-10-11,16.59680284802939,16.66185162152979,16.30872717617598,16.364484786987305,15897100,0.0,0.0,16.468564224243163,16.32917308807373,47.65344123914841,0.05764295200004099,0.04248922608411794,0.29635104104061094,-0.013445546863303681,0.0,0.0,0.0,0.0,0.0,0.0,0.0,0.0,0.0,11060900.0,8642700.0,5476600.0,0.0,0.0,0.0,0.0,0.0,0.0,0.0,0.0,0.0,0.0,0.0,0.0,0.0,0.0,0.0,0.0,0.0,0.0,0.0,0.0,0.0,0.0,0.0,0.0,16.48219362894694,0.11202909176322068,16.335279873439244,0.269245141574001,16.222439493451798,0.28400959116252206,0.06986644287644417
2023-10-12,15.240064398030535,15.695407583430578,15.06350217595423,15.295820236206055,26816400,0.0,0.0,16.254831314086914,16.252508068084715,32.98970571898623,-0.028871318955950187,0.028217117076104317,0.3531046446200029,-0.06530389222097777,0.0,0.0,0.0,0.0,0.0,0.0,0.0,0.0,0.0,15897100.0,11060900.0,8642700.0,0.0,0.0,0.0,0.0,0.0,0.0,0.0,0.0,0.0,0.0,0.0,0.0,0.0,0.0,0.0,0.0,0.0,0.0,0.0,0.0,0.0,0.0,0.0,0.0,16.082605997721355,0.6904413577514206,16.263592856270925,0.44541979029175305,16.134822028023855,0.3626538327047842,-0.026035650424282242
2023-10-13,15.648946532544638,15.974192209882014,15.583897751566433,15.704702377319336,13208800,0.0,0.0,16.08942070007324,16.21301403045654,41.44583229265325,-0.06370675851692553,0.009832341957498348,0.36844410203184697,0.026731625685913585,0.0,0.0,0.0,0.0,0.0,0.0,0.0,0.0,0.0,26816400.0,15897100.0,11060900.0,0.0,0.0,0.0,0.0,0.0,0.0,0.0,0.0,0.0,0.0,0.0,0.0,0.0,0.0,0.0,0.0,0.0,0.0,0.0,0.0,0.0,0.0,0.0,0.0,15.788335800170898,0.5392187798913599,16.191906247820175,0.4938825616136061,16.087694713047572,0.3732286975231101,-0.018012729073925926
2023-10-16,15.769750770985675,16.07641056838434,15.769750770985675,15.992775917053223,7474100,0.0,0.0,15.989059257507325,16.187458944320678,49.27184472065316,-0.06729325348174697,-0.0055927771303507165,0.3649161409753946,0.018343139068329073,0.0,0.0,0.0,0.0,0.0,0.0,0.0,0.0,0.0,13208800.0,26816400.0,15897100.0,0.0,0.0,0.0,0.0,0.0,0.0,0.0,0.0,0.0,0.0,0.0,0.0,0.0,0.0,0.0,0.0,0.0,0.0,0.0,0.0,0.0,0.0,0.0,0.0,15.664432843526205,0.3502185485953408,16.138804980686732,0.4922145928434365,16.083712100982666,0.3739754650046774,-0.008069236711569672
2023-10-17,15.881264196124027,16.16933812095327,15.881264196124027,16.122875213623047,7210500,0.0,0.0,15.896131706237792,16.167014932632448,48.89977482620166,-0.05895801928642541,-0.016265825561565656,0.3559556324298079,0.008134878975644133,0.0,0.0,0.0,0.0,0.0,0.0,0.0,0.0,0.0,7474100.0,13208800.0,26816400.0,0.0,0.0,0.0,0.0,0.0,0.0,0.0,0.0,0.0,0.0,0.0,0.0,0.0,0.0,0.0,0.0,0.0,0.0,0.0,0.0,0.0,0.0,0.0,0.0,15.940117835998535,0.21400183499410785,16.080393518720353,0.46108777696931946,16.077738285064697,0.3725282208330198,0.012252123051484487
2023-10-18,15.964898488591547,16.057826073610485,15.89055677506565,15.927726745605469,6115500,0.0,0.0,15.808780097961426,16.132167196273805,52.35603289816924,-0.06732307804321991,-0.026477276057896508,0.3426596218749907,-0.012103825492160825,0.0,0.0,0.0,0.0,0.0,0.0,0.0,0.0,0.0,7210500.0,7474100.0,13208800.0,0.0,0.0,0.0,0.0,0.0,0.0,0.0,0.0,0.0,0.0,0.0,0.0,0.0,0.0,0.0,0.0,0.0,0.0,0.0,0.0,0.0,0.0,0.0,0.0,16.014459292093914,0.0993647709566548,15.999414035252162,0.4245511356798026,16.089686189379012,0.364157775706683,0.0029255893619255513
2023-10-19,15.881264686584473,16.039241057810827,15.862678814099876,15.881264686584473,4830900,0.0,0.0,15.92586898803711,16.10196590423584,49.73121498111636,-0.07681605952052095,-0.0365450327504214,0.33646070658312854,-0.0029170552561001983,0.0,0.0,0.0,0.0,0.0,0.0,0.0,0.0,0.0,6115500.0,7210500.0,7474100.0,0.0,0.0,0.0,0.0,0.0,0.0,0.0,0.0,0.0,0.0,0.0,0.0,0.0,0.0,0.0,0.0,0.0,0.0,0.0,0.0,0.0,0.0,0.0,0.0,15.977288881937662,0.1282038053738004,15.898521423339844,0.33623049595136045,16.088358810969762,0.3649360138388795,0.007071392208726435
2023-10-20,15.797629402707626,15.96489870350417,15.732580624052588,15.769750595092773,5910200,0.0,0.0,15.938878631591797,16.064330196380617,47.214846674197986,-0.09227389493346294,-0.047690805187029714,0.3289640145726072,-0.00702173874010803,0.0,0.0,0.0,0.0,0.0,0.0,0.0,0.0,0.0,4830900.0,6115500.0,7210500.0,0.0,0.0,0.0,0.0,0.0,0.0,0.0,0.0,0.0,0.0,0.0,0.0,0.0,0.0,0.0,0.0,0.0,0.0,0.0,0.0,0.0,0.0,0.0,0.0,15.859580675760904,0.08118967469298187,15.813559395926339,0.26684450081039957,16.07441963468279,0.37363767944781495,0.011322917230482288
2023-10-23,15.574604321358771,15.806922401738623,15.528139641815025,15.59319019317627,8505800,0.0,0.0,15.858961486816407,16.025765466690064,47.08996734442994,-0.11741777075251747,-0.061636198300127266,0.3370354105732898,-0.011196144216221504,0.0,0.0,0.0,0.0,0.0,0.0,0.0,0.0,0.0,5910200.0,4830900.0,6115500.0,0.0,0.0,0.0,0.0,0.0,0.0,0.0,0.0,0.0,0.0,0.0,0.0,0.0,0.0,0.0,0.0,0.0,0.0,0.0,0.0,0.0,0.0,0.0,0.0,15.748068491617838,0.14525602791769252,15.856040818350655,0.1803293167748818,16.05981683731079,0.3889680662270967,-0.012872480290376687
2023-10-24,15.692977210465369,15.834185403890729,15.674148972526094,15.796530723571777,5602500,0.216,0.0,15.793692588806152,16.013165378570555,43.801591167116385,-0.11955839729426998,-0.07322063809895582,0.3408286710743166,0.013040341833609581,0.0,0.0,0.0,0.0,0.0,0.0,0.0,0.0,0.0,8505800.0,5910200.0,4830900.0,0.0,0.0,0.0,0.0,0.0,0.0,0.0,0.0,0.0,0.0,0.0,0.0,0.0,0.0,0.0,0.0,0.0,0.0,0.0,0.0,0.0,0.0,0.0,0.0,15.719823837280273,0.11048236820704431,15.869159153529576,0.170560579439635,16.030532700674875,0.3924915755690266,0.02442023050016906
2023-10-25,15.495282614052142,15.561181439655844,15.41055914368047,15.419971466064453,4727100,0.0,0.0,15.69214153289795,15.973838520050048,36.60532814710425,-0.14991195262193457,-0.08855890100355157,0.36206170191912623,-0.02383809863677333,0.0,0.0,0.0,0.0,0.0,0.0,0.0,0.0,0.0,5602500.0,8505800.0,5910200.0,0.0,0.0,0.0,0.0,0.0,0.0,0.0,0.0,0.0,0.0,0.0,0.0,0.0,0.0,0.0,0.0,0.0,0.0,0.0,0.0,0.0,0.0,0.0,0.0,15.603230794270834,0.18848031424097803,15.787329946245466,0.22882373410761717,15.9630674634661,0.4113939240434447,0.0036763989291974664
2023-10-26,15.42938618360609,15.504697334520428,15.316420355014316,15.363489151000977,6991300,0.0,0.0,15.58858642578125,15.953990173339843,32.89466041108132,-0.17649054158602873,-0.10614522912004701,0.38455716126957545,-0.0036629325279738945,0.0,0.0,0.0,0.0,0.0,0.0,0.0,0.0,0.0,4727100.0,5602500.0,8505800.0,0.0,0.0,0.0,0.0,0.0,0.0,0.0,0.0,0.0,0.0,0.0,0.0,0.0,0.0,0.0,0.0,0.0,0.0,0.0,0.0,0.0,0.0,0.0,0.0,15.526663780212402,0.23541174209741236,15.67884622301374,0.22317077674441554,15.879619870867048,0.40561288947353213,-0.007299251181890343
2023-10-27,15.542352716454731,15.636492097377548,15.438799217883698,15.476455688476562,5591700,0.0,0.0,15.529927444458007,15.932820558547974,35.4166188560644,-0.1862913585360726,-0.12217445500325214,0.3990742412913438,0.007352922006536922,0.0,0.0,0.0,0.0,0.0,0.0,0.0,0.0,0.0,6991300.0,4727100.0,5602500.0,0.0,0.0,0.0,0.0,0.0,0.0,0.0,0.0,0.0,0.0,0.0,0.0,0.0,0.0,0.0,0.0,0.0,0.0,0.0,0.0,0.0,0.0,0.0,0.0,15.41997210184733,0.05648326874055355,15.614378929138184,0.20361702762928638,15.806896482195173,0.37714550138316927,-0.003636415433018847
2023-10-30,15.532939910888672,15.58942282598979,15.429386403570374,15.532939910888672,5559700,0.0,0.0,15.517877388000489,15.91122260093689,34.73520593253562,-0.18734121893373512,-0.13520780778934874,0.40881670179350227,0.003649687211921826,0.0,0.0,0.0,0.0,0.0,0.0,0.0,0.0,0.0,5591700.0,6991300.0,4727100.0,0.0,0.0,0.0,0.0,0.0,0.0,0.0,0.0,0.0,0.0,0.0,0.0,0.0,0.0,0.0,0.0,0.0,0.0,0.0,0.0,0.0,0.0,0.0,0.0,15.45762825012207,0.08628003438155095,15.564618246895927,0.16674870880499332,15.731569835117885,0.30826513676886447,0.00487213559208266
2023-10-31,15.448214131988495,15.542353517764814,15.36348886434575,15.45762825012207,4663500,0.0,0.0,15.450096893310548,15.89422254562378,36.286963885222754,-0.19203658427586134,-0.14657356308665126,0.42068585541077275,-0.0048485129794269,0.0,0.0,0.0,0.0,0.0,0.0,0.0,0.0,0.0,5559700.0,5591700.0,6991300.0,0.0,0.0,0.0,0.0,0.0,0.0,0.0,0.0,0.0,0.0,0.0,0.0,0.0,0.0,0.0,0.0,0.0,0.0,0.0,0.0,0.0,0.0,0.0,0.0,15.489007949829102,0.03919350725133435,15.52002934047154,0.14275922412046982,15.66679436819894,0.255866060093177,0.001219488390584278
2023-11-01,15.344661421125918,15.448214930387696,15.316420860825092,15.438800811767578,5943300,0.0,0.0,15.453862762451172,15.855837154388428,53.167895994394705,-0.19502874212744814,-0.15626459889481065,0.4256866142718909,-0.0012180030500049677,0.0,0.0,0.0,0.0,0.0,0.0,0.0,0.0,0.0,4663500.0,5559700.0,5591700.0,0.0,0.0,0.0,0.0,0.0,0.0,0.0,0.0,0.0,0.0,0.0,0.0,0.0,0.0,0.0,0.0,0.0,0.0,0.0,0.0,0.0,0.0,0.0,0.0,15.47645632425944,0.04981380107592992,15.497973714556013,0.1414929830381041,15.677007266453334,0.24241981042027824,-0.01737569864099109
2023-11-02,15.645907357165012,15.758873186071336,15.580008528816935,15.711804389953613,9262500,0.0,0.0,15.523525810241699,15.823203134536744,50.16743447751764,-0.1733724123595497,-0.15968616158775845,0.40934454769878476,0.017682952291083964,0.0,0.0,0.0,0.0,0.0,0.0,0.0,0.0,0.0,5943300.0,4663500.0,5559700.0,0.0,0.0,0.0,0.0,0.0,0.0,0.0,0.0,0.0,0.0,0.0,0.0,0.0,0.0,0.0,0.0,0.0,0.0,0.0,0.0,0.0,0.0,0.0,0.0,15.536077817281088,0.1524745531758645,15.48586995261056,0.11231158164533583,15.677514553070068,0.24248964389888417,0.0005994478884523424
2023-11-03,15.815357463089528,15.862428058822072,15.692977505304174,15.702391624450684,8674200,0.0,0.0,15.568712997436524,15.781734943389893,42.11842883160477,-0.1551803243210088,-0.15878499413440852,0.37429604377078235,-0.0005990887659566013,0.0,0.0,0.0,0.0,0.0,0.0,0.0,0.0,0.0,9262500.0,5943300.0,4663500.0,0.0,0.0,0.0,0.0,0.0,0.0,0.0,0.0,0.0,0.0,0.0,0.0,0.0,0.0,0.0,0.0,0.0,0.0,0.0,0.0,0.0,0.0,0.0,0.0,15.617665608723959,0.15497293870639026,15.52621568952288,0.13343408027214132,15.656772817884173,0.22525575603289347,-0.010676127716725103
2023-11-06,15.815356718444518,15.88125554936732,15.740045564378002,15.871841430664062,3979000,0.0,0.0,15.636493301391601,15.750597858428955,43.32897431218701,-0.12564146368893603,-0.15215628804531403,0.3357967211002635,0.0107913374131825,0.0,0.0,0.0,0.0,0.0,0.0,0.0,0.0,0.0,8674200.0,9262500.0,5943300.0,0.0,0.0,0.0,0.0,0.0,0.0,0.0,0.0,0.0,0.0,0.0,0.0,0.0,0.0,0.0,0.0,0.0,0.0,0.0,0.0,0.0,0.0,0.0,0.0,15.762012481689453,0.0952310273138841,15.598837443760463,0.1647663572803766,15.638841833387103,0.19297744092079955,0.004169126884744356
2023-11-07,15.81535676592099,15.86242735957858,15.730631492896878,15.805944442749023,2875500,0.0,0.0,15.706156539916993,15.71151943206787,46.5250164635706,-0.1063234099369268,-0.1429897124236366,0.2728526875019651,-0.004151817431071847,0.0,0.0,0.0,0.0,0.0,0.0,0.0,0.0,0.0,3979000.0,8674200.0,9262500.0,0.0,0.0,0.0,0.0,0.0,0.0,0.0,0.0,0.0,0.0,0.0,0.0,0.0,0.0,0.0,0.0,0.0,0.0,0.0,0.0,0.0,0.0,0.0,0.0,15.793392499287924,0.0854193928211234,15.645907265799385,0.17092627695632295,15.630143097468785,0.181348207900311,0.007198540529240516
2023-11-08,15.702392024659884,15.749460826032447,15.645909103900873,15.692977905273438,3314000,0.0,0.0,15.756991958618164,15.677944087982178,44.82380546634332,-0.09898809548612064,-0.1341893890361334,0.22547693911085487,-0.007147091898542568,0.0,0.0,0.0,0.0,0.0,0.0,0.0,0.0,0.0,2875500.0,3979000.0,8674200.0,0.0,0.0,0.0,0.0,0.0,0.0,0.0,0.0,0.0,0.0,0.0,0.0,0.0,0.0,0.0,0.0,0.0,0.0,0.0,0.0,0.0,0.0,0.0,0.0,15.790254592895508,0.09045810477847574,15.668769836425781,0.1638545568486136,15.616694041660853,0.16776520307918943,0.018948781031663975
2023-11-09,15.570595512758434,15.608250188864139,15.382316745551726,15.401144981384277,7329500,0.0,0.0,15.694860076904297,15.683210325241088,40.780687748276286,-0.11539310407010994,-0.13043013204292872,0.21715887872404874,-0.018596401884379943,0.0,0.0,0.0,0.0,0.0,0.0,0.0,0.0,0.0,3314000.0,2875500.0,3979000.0,0.0,0.0,0.0,0.0,0.0,0.0,0.0,0.0,0.0,0.0,0.0,0.0,0.0,0.0,0.0,0.0,0.0,0.0,0.0,0.0,0.0,0.0,0.0,0.0,15.633355776468912,0.20888214299621333,15.660700798034668,0.1768598422035437,15.590365069253105,0.17079389413055115,-0.01623576660379633
2023-11-10,15.438801766245728,15.702391717226476,15.419973527841465,15.65532112121582,5099500,0.0,0.0,15.685445976257324,15.680741262435912,51.49589752703564,-0.1066548505915712,-0.12567507575265724,0.21718238364405387,0.016503717102771986,0.0,0.0,0.0,0.0,0.0,0.0,0.0,0.0,0.0,7329500.0,3314000.0,2875500.0,0.0,0.0,0.0,0.0,0.0,0.0,0.0,0.0,0.0,0.0,0.0,0.0,0.0,0.0,0.0,0.0,0.0,0.0,0.0,0.0,0.0,0.0,0.0,0.0,15.583148002624512,0.15873982849879534,15.691632270812988,0.1481938300926925,15.594802992684501,0.17167786932321208,0.004833987907807202
2023-11-13,15.48586996676062,15.636492259575803,15.45762761352301,15.580007553100586,4579800,0.0,0.0,15.627079200744628,15.660102844238281,44.44437375418616,-0.1046011206720916,-0.12146028473654412,0.20525444234454698,-0.004810732883222091,0.0,0.0,0.0,0.0,0.0,0.0,0.0,0.0,0.0,5099500.0,7329500.0,3314000.0,0.0,0.0,0.0,0.0,0.0,0.0,0.0,0.0,0.0,0.0,0.0,0.0,0.0,0.0,0.0,0.0,0.0,0.0,0.0,0.0,0.0,0.0,0.0,0.0,15.545491218566895,0.1305561585186789,15.672804151262556,0.15348189050523767,15.579337051936559,0.16156181805644368,-0.0218678414518928
2023-11-14,15.76828921312062,15.994222693841454,15.749460974170628,15.928325653076172,6902000,0.0,0.0,15.651555442810059,15.650375366210938,63.23533939505296,-0.07401397819385203,-0.1119710234280057,0.18586229603783994,0.022356734987992066,0.0,0.0,0.0,0.0,0.0,0.0,0.0,0.0,0.0,4579800.0,5099500.0,7329500.0,0.0,0.0,0.0,0.0,0.0,0.0,0.0,0.0,0.0,0.0,0.0,0.0,0.0,0.0,0.0,0.0,0.0,0.0,0.0,0.0,0.0,0.0,0.0,0.0,15.72121810913086,0.18327079542267813,15.705080441066197,0.18187158996270122,15.615648065294538,0.1791573592356927,-0.025345592000930006
2023-11-15,15.975393471581683,16.34253692626953,15.975393471581683,16.34253692626953,10004100,0.0,0.0,15.781467247009278,15.67111587524414,71.48757805056522,-0.016163733909793976,-0.09280956552436337,0.23507126936675674,0.02600469642666825,0.0,0.0,0.0,0.0,0.0,0.0,0.0,0.0,0.0,6902000.0,4579800.0,5099500.0,0.0,0.0,0.0,0.0,0.0,0.0,0.0,0.0,0.0,0.0,0.0,0.0,0.0,0.0,0.0,0.0,0.0,0.0,0.0,0.0,0.0,0.0,0.0,0.0,15.950290044148764,0.38173889910873615,15.772322654724121,0.3014837163115515,15.685580049242292,0.2501664394628292,0.005211423342357024
2023-11-16,16.427261130613093,16.483744044747176,16.257810592651367,16.257810592651367,5859600,0.0,0.0,15.952800369262695,15.689943170547485,67.36397222137448,0.022585937806580247,-0.06973046485817465,0.2658521907801277,-0.0051844052120189055,0.0,0.0,0.0,0.0,0.0,0.0,0.0,0.0,0.0,10004100.0,6902000.0,4579800.0,0.0,0.0,0.0,0.0,0.0,0.0,0.0,0.0,0.0,0.0,0.0,0.0,0.0,0.0,0.0,0.0,0.0,0.0,0.0,0.0,0.0,0.0,0.0,0.0,16.17622439066569,0.21882636033154243,15.836874961853027,0.35373099429729693,15.741391113826207,0.28469805383684316,-0.013706417638319923
2023-11-17,16.295464897384075,16.493157785669403,16.25781022067604,16.48374366760254,4249400,0.0,0.0,16.118484878540038,15.725642824172974,69.64973842131984,0.0707111288875204,-0.04164214610903564,0.31963227706076813,0.013896894275130522,0.0,0.0,0.0,0.0,0.0,0.0,0.0,0.0,0.0,5859600.0,10004100.0,6902000.0,0.0,0.0,0.0,0.0,0.0,0.0,0.0,0.0,0.0,0.0,0.0,0.0,0.0,0.0,0.0,0.0,0.0,0.0,0.0,0.0,0.0,0.0,0.0,0.0,16.361363728841145,0.11413708845297157,15.949841499328613,0.4201500500655494,15.809305667877197,0.3393150069370767,-0.0017104006498298574
2023-11-20,16.389604041299766,16.549640454962496,16.351949365145863,16.511985778808594,5052400,0.0,0.0,16.30488052368164,15.77158260345459,72.22216415522435,0.10986315779201661,-0.01134108532882519,0.36271732757067565,0.0017133311325121525,0.0,0.0,0.0,0.0,0.0,0.0,0.0,0.0,0.0,4249400.0,5859600.0,10004100.0,0.0,0.0,0.0,0.0,0.0,0.0,0.0,0.0,0.0,0.0,0.0,0.0,0.0,0.0,0.0,0.0,0.0,0.0,0.0,0.0,0.0,0.0,0.0,0.0,16.4178466796875,0.13931283529063695,16.1085330418178,0.38682762525554976,15.884616919926234,0.37080246738787026,0.0057339492174430795
2023-11-21,16.446087238402626,16.521398387575342,16.389604325412943,16.4178466796875,4702200,0.0,0.0,16.402784729003905,15.802648401260376,69.99993765872672,0.13177615078967264,0.01728236189487438,0.39050887895733954,-0.005701258490781402,0.0,0.0,0.0,0.0,0.0,0.0,0.0,0.0,0.0,5052400.0,4249400.0,5859600.0,0.0,0.0,0.0,0.0,0.0,0.0,0.0,0.0,0.0,0.0,0.0,0.0,0.0,0.0,0.0,0.0,0.0,0.0,0.0,0.0,0.0,0.0,0.0,0.0,16.47119204203288,0.048308384097977664,16.217465264456614,0.34278855184556634,15.954548767634801,0.37257354416362215,-0.007963669467667689
2023-11-22,16.60612548207091,16.643781958580462,16.474331405406737,16.54964256286621,5435700,0.0,0.0,16.444205856323244,15.859131956100464,68.16321686897936,0.15795635933725194,0.04541716138334989,0.41327939496439864,0.008027598609613662,0.0,0.0,0.0,0.0,0.0,0.0,0.0,0.0,0.0,4702200.0,5052400.0,4249400.0,0.0,0.0,0.0,0.0,0.0,0.0,0.0,0.0,0.0,0.0,0.0,0.0,0.0,0.0,0.0,0.0,0.0,0.0,0.0,0.0,0.0,0.0,0.0,0.0,16.4931583404541,0.06788514588591693,16.35598455156599,0.21397048907137067,16.01439435141427,0.3970675657671018,0.006296675923857631
2023-11-24,16.370775735997196,16.446086883544922,16.276638148232077,16.446086883544922,2743400,0.0,0.0,16.481861114501953,15.91326184272766,65.4900529047139,0.16840699435787698,0.07001512797825532,0.41583465285714577,-0.006257275885440894,0.0,0.0,0.0,0.0,0.0,0.0,0.0,0.0,0.0,5435700.0,4702200.0,5052400.0,0.0,0.0,0.0,0.0,0.0,0.0,0.0,0.0,0.0,0.0,0.0,0.0,0.0,0.0,0.0,0.0,0.0,0.0,0.0,0.0,0.0,0.0,0.0,0.0,16.47119204203288,0.0693919335566995,16.42995044163295,0.10134910596329721,16.067515441349574,0.40183438141340216,0.005756939909118408
2023-11-27,16.32370733742335,16.399018486794876,16.257810306168192,16.35194969177246,3757400,0.0,0.0,16.455502319335938,15.957036542892457,60.323821382694426,0.16716612622001747,0.08944532762660776,0.41350705695226864,-0.00572398725843104,0.0,0.0,0.0,0.0,0.0,0.0,0.0,0.0,0.0,2743400.0,5435700.0,4702200.0,0.0,0.0,0.0,0.0,0.0,0.0,0.0,0.0,0.0,0.0,0.0,0.0,0.0,0.0,0.0,0.0,0.0,0.0,0.0,0.0,0.0,0.0,0.0,0.0,16.44922637939453,0.09888382145709826,16.431295122419083,0.10005014144838342,16.101808888571604,0.4043295750288634,-0.014747531907303824
2023-11-28,16.35195030708017,16.634366678960582,16.323707951668325,16.596710205078125,6783900,0.0,0.0,16.472447204589844,16.01022505760193,65.7893674488184,0.18381396419656326,0.10831905494059887,0.42435819748702447,0.014968277050706469,0.0,0.0,0.0,0.0,0.0,0.0,0.0,0.0,0.0,3757400.0,2743400.0,5435700.0,0.0,0.0,0.0,0.0,0.0,0.0,0.0,0.0,0.0,0.0,0.0,0.0,0.0,0.0,0.0,0.0,0.0,0.0,0.0,0.0,0.0,0.0,0.0,0.0,16.464915593465168,0.12346180565807675,16.479709352765763,0.08258116050788543,16.158292157309397,0.4149140574472084,0.0005675833551812559
2023-11-29,16.700261346750935,16.70967546388784,16.56846729795275,16.587295532226562,6039100,0.0,0.0,16.506336975097657,16.066708421707155,68.62729752427929,0.1940113680339408,0.12545751755926726,0.4221098265884441,-0.0005672613870598697,0.0,0.0,0.0,0.0,0.0,0.0,0.0,0.0,0.0,6783900.0,3757400.0,2743400.0,0.0,0.0,0.0,0.0,0.0,0.0,0.0,0.0,0.0,0.0,0.0,0.0,0.0,0.0,0.0,0.0,0.0,0.0,0.0,0.0,0.0,0.0,0.0,0.0,16.511985143025715,0.1386746849990782,16.494502476283483,0.09214530483233704,16.222171987806046,0.4065232948191053,0.003988584122482042
2023-11-30,16.577883253396497,16.65319440328368,16.44608739442434,16.521398544311523,5541400,0.0,0.0,16.50068817138672,16.12083830833435,75.75744818013774,0.19453309145708175,0.13927263233883017,0.40647597564771604,-0.0039727385206956844,0.0,0.0,0.0,0.0,0.0,0.0,0.0,0.0,0.0,6039100.0,6783900.0,3757400.0,0.0,0.0,0.0,0.0,0.0,0.0,0.0,0.0,0.0,0.0,0.0,0.0,0.0,0.0,0.0,0.0,0.0,0.0,0.0,0.0,0.0,0.0,0.0,0.0,16.56846809387207,0.04103432572971549,16.495847157069615,0.09251091706670246,16.30219009944371,0.33674985833826804,-0.010152315008024382
2023-12-01,16.446087614894818,16.70967754081328,16.408432937226163,16.69084930419922,4766000,0.0,0.0,16.549640655517578,16.16979055404663,74.77464322122611,0.20624238733283917,0.15266658333763197,0.41351567135147416,0.010256441634357794,0.0,0.0,0.0,0.0,0.0,0.0,0.0,0.0,0.0,5541400.0,6039100.0,6783900.0,0.0,0.0,0.0,0.0,0.0,0.0,0.0,0.0,0.0,0.0,0.0,0.0,0.0,0.0,0.0,0.0,0.0,0.0,0.0,0.0,0.0,0.0,0.0,0.0,16.5998477935791,0.08541990081601657,16.534847531999862,0.11003346222819492,16.376156398228236,0.29485699110510066,0.0022611203437836735
2023-12-04,16.79440260928903,16.832057286507634,16.606123836517668,16.653194427490234,5588600,0.0,0.0,16.609889602661134,16.21733069419861,76.14676341100949,0.21006218866802584,0.16414570440371076,0.41160310760241897,-0.0022560192128455725,0.0,0.0,0.0,0.0,0.0,0.0,0.0,0.0,0.0,4766000.0,5541400.0,6039100.0,0.0,0.0,0.0,0.0,0.0,0.0,0.0,0.0,0.0,0.0,0.0,0.0,0.0,0.0,0.0,0.0,0.0,0.0,0.0,0.0,0.0,0.0,0.0,0.0,16.621814092000324,0.08897715492313389,16.549640655517578,0.11895336345919855,16.452812603541783,0.19431517623981684,0.01317311764944784
2023-12-05,16.559053943550975,16.672019763278726,16.37077518325895,16.43667221069336,5016100,0.0,0.0,16.57788200378418,16.245572233200072,63.23515390360565,0.19338861186515288,0.1699942858959992,0.40598946218555143,-0.013001842844004186,0.0,0.0,0.0,0.0,0.0,0.0,0.0,0.0,0.0,5588600.0,4766000.0,5541400.0,0.0,0.0,0.0,0.0,0.0,0.0,0.0,0.0,0.0,0.0,0.0,0.0,0.0,0.0,0.0,0.0,0.0,0.0,0.0,0.0,0.0,0.0,0.0,0.0,16.59357198079427,0.13717735173224993,16.548295702253068,0.12036419706512193,16.48912307194301,0.12328038392149024,-0.013001842844004186
2023-12-06,16.75674613651098,16.813230845678056,16.624952072906694,16.653194427490234,6891300,0.0,0.0,16.591061782836913,16.287934732437133,59.0163172124559,0.19539383694225165,0.17507419610524969,0.40188457736921435,0.01317311764944784,0.0,0.0,0.0,0.0,0.0,0.0,0.0,0.0,0.0,5016100.0,5588600.0,4766000.0,0.0,0.0,0.0,0.0,0.0,0.0,0.0,0.0,0.0,0.0,0.0,0.0,0.0,0.0,0.0,0.0,0.0,0.0,0.0,0.0,0.0,0.0,0.0,0.0,16.58102035522461,0.12500916015317984,16.591330664498464,0.08795185283937043,16.511312893458776,0.12282356541643302,0.0028345843874919563
2023-12-07,16.634365323691878,16.672019998946954,16.54964005991876,16.606122970581055,3340000,0.0,0.0,16.60800666809082,16.333591985702515,60.33508550317156,0.19098318382252444,0.17825599364870465,0.3821195383513457,-0.00282657222997873,0.0,0.0,0.0,0.0,0.0,0.0,0.0,0.0,0.0,6891300.0,5016100.0,5588600.0,0.0,0.0,0.0,0.0,0.0,0.0,0.0,0.0,0.0,0.0,0.0,0.0,0.0,0.0,0.0,0.0,0.0,0.0,0.0,0.0,0.0,0.0,0.0,0.0,16.565329869588215,0.11387943364852884,16.592675345284597,0.08811960262880017,16.536192349025182,0.10083225932218358,-0.013974410693265105
2023-12-08,16.841472625732422,16.879129101240622,16.700264433695835,16.841472625732422,4581100,0.0,0.0,16.63813133239746,16.40560836791992,60.55550740477683,0.20412542883968499,0.18342988068690072,0.3291975596817944,0.01417246250484272,0.0,0.0,0.0,0.0,0.0,0.0,0.0,0.0,0.0,3340000.0,6891300.0,5016100.0,0.0,0.0,0.0,0.0,0.0,0.0,0.0,0.0,0.0,0.0,0.0,0.0,0.0,0.0,0.0,0.0,0.0,0.0,0.0,0.0,0.0,0.0,0.0,0.0,16.700263341267902,0.12453504337380086,16.628986358642578,0.1286028140806965,16.56174441746303,0.12814575448513654,0.02757040631230101
2023-12-11,16.766160319929604,16.841471470219236,16.304879299960678,16.389604568481445,8516800,0.0,0.0,16.5854133605957,16.442322540283204,47.11111511325826,0.17604938912838364,0.1819537823751973,0.27809655580786635,-0.02683067373577286,0.0,0.0,0.0,0.0,0.0,0.0,0.0,0.0,0.0,4581100.0,3340000.0,6891300.0,0.0,0.0,0.0,0.0,0.0,0.0,0.0,0.0,0.0,0.0,0.0,0.0,0.0,0.0,0.0,0.0,0.0,0.0,0.0,0.0,0.0,0.0,0.0,0.0,16.61240005493164,0.22599941732644488,16.61015864780971,0.15409911720416755,16.553002902439662,0.13574970049587376,-0.007977168244964083
2023-12-12,16.474329748966827,16.53081266249235,16.323707449192458,16.521398544311523,5521000,0.0,0.0,16.602358627319337,16.48939208984375,52.401710407456,0.16255971062730623,0.1780749680256191,0.19025899523218304,0.00804131516897777,0.0,0.0,0.0,0.0,0.0,0.0,0.0,0.0,0.0,8516800.0,4581100.0,3340000.0,0.0,0.0,0.0,0.0,0.0,0.0,0.0,0.0,0.0,0.0,0.0,0.0,0.0,0.0,0.0,0.0,0.0,0.0,0.0,0.0,0.0,0.0,0.0,0.0,16.584158579508465,0.23237965015116016,16.58595139639718,0.15261316256930055,16.56039946419852,0.1305401378131157,0.004579305782578258
2023-12-13,16.370775735997196,16.446086883544922,16.276638148232077,16.446086883544922,9025600,0.0,0.0,16.560937118530273,16.515280151367186,47.53357809934738,0.14413057406954977,0.17128608923440522,0.13792583436209704,-0.004558431331621815,0.0,0.0,0.0,0.0,0.0,0.0,0.0,0.0,0.0,5521000.0,8516800.0,4581100.0,0.0,0.0,0.0,0.0,0.0,0.0,0.0,0.0,0.0,0.0,0.0,0.0,0.0,0.0,0.0,0.0,0.0,0.0,0.0,0.0,0.0,0.0,0.0,0.0,16.45236333211263,0.06612078622669096,16.556364604404994,0.15740471892466984,16.553002629961288,0.13408238842610185,-0.048992962150465
2023-12-14,16.945023611355253,17.3874763592504,16.90736714146155,17.293338775634766,14029200,0.0,0.0,16.698380279541016,16.56282024383545,64.90063426081846,0.19563632372440765,0.17615613613240572,0.2166468109312986,0.05151692910838013,0.0,0.0,0.0,0.0,0.0,0.0,0.0,0.0,0.0,9025600.0,5521000.0,8516800.0,0.0,0.0,0.0,0.0,0.0,0.0,0.0,0.0,0.0,0.0,0.0,0.0,0.0,0.0,0.0,0.0,0.0,0.0,0.0,0.0,0.0,0.0,0.0,0.0,16.753608067830402,0.4689348454445382,16.67874554225377,0.3089289226625517,16.613520622253418,0.23519350098989947,-0.016068571741113535
2023-12-15,17.820517753934148,17.86758654830057,17.538099601057382,17.575756072998047,8262300,0.0,0.0,16.84523696899414,16.628717517852785,70.18625567635897,0.2562893726883999,0.19218278344360457,0.30244095250364356,0.01633098738348826,0.0,0.0,0.0,0.0,0.0,0.0,0.0,0.0,0.0,14029200.0,9025600.0,5521000.0,0.0,0.0,0.0,0.0,0.0,0.0,0.0,0.0,0.0,0.0,0.0,0.0,0.0,0.0,0.0,0.0,0.0,0.0,0.0,0.0,0.0,0.0,0.0,0.0,17.105060577392578,0.5878984855822453,16.810540063040598,0.45734905312738683,16.70093536376953,0.33622414345183144,-0.006914813361899919
2023-12-18,17.594583673001488,17.745205964201,17.46278782153241,17.698135375976562,4898200,0.0,0.0,17.106943130493164,16.689437103271484,68.93195480439367,0.31065134265347893,0.21587649528557945,0.38298274265258414,0.006962960937227036,0.0,0.0,0.0,0.0,0.0,0.0,0.0,0.0,0.0,8262300.0,14029200.0,9025600.0,0.0,0.0,0.0,0.0,0.0,0.0,0.0,0.0,0.0,0.0,0.0,0.0,0.0,0.0,0.0,0.0,0.0,0.0,0.0,0.0,0.0,0.0,0.0,0.0,17.522410074869793,0.20760399454074244,16.966541835239955,0.5523724829813621,16.779608590262278,0.42665957236919666,0.00053202581931866
2023-12-19,17.585171010717687,17.839346821487386,17.585171010717687,17.688724517822266,5257800,0.0,0.0,17.340408325195312,16.748274040222167,68.93204520091115,0.34895171969467853,0.2424915401673993,0.44037606557860837,-0.0005317429183568922,0.0,0.0,0.0,0.0,0.0,0.0,0.0,0.0,0.0,4898200.0,8262300.0,14029200.0,0.0,0.0,0.0,0.0,0.0,0.0,0.0,0.0,0.0,0.0,0.0,0.0,0.0,0.0,0.0,0.0,0.0,0.0,0.0,0.0,0.0,0.0,0.0,0.0,17.654205322265625,0.06810179583360368,17.08757781982422,0.6101980160345383,16.8582820892334,0.4859054406515906,0.020086966009955853
2023-12-20,17.443961826368835,17.585170003522208,17.340408325195312,17.340408325195312,6181000,0.0,0.0,17.51927261352539,16.79440212249756,62.831832490522494,0.3471965727260127,0.26343254667912197,0.4521047430407002,-0.01969142502479515,0.0,0.0,0.0,0.0,0.0,0.0,0.0,0.0,0.0,5257800.0,4898200.0,8262300.0,0.0,0.0,0.0,0.0,0.0,0.0,0.0,0.0,0.0,0.0,0.0,0.0,0.0,0.0,0.0,0.0,0.0,0.0,0.0,0.0,0.0,0.0,0.0,0.0,17.575756072998047,0.20387143708632277,17.2234069279262,0.5294115430105144,16.916782787867955,0.4914966002312993,0.0005431174147214612
2023-12-21,17.415720831707617,17.472203747864594,17.11447621812436,17.330995559692383,7763900,0.0,0.0,17.526803970336914,16.833469772338866,60.559000544276756,0.3411139255996041,0.2789688224632184,0.46345810714245184,-0.0005428225983152846,0.0,0.0,0.0,0.0,0.0,0.0,0.0,0.0,0.0,6181000.0,5257800.0,4898200.0,0.0,0.0,0.0,0.0,0.0,0.0,0.0,0.0,0.0,0.0,0.0,0.0,0.0,0.0,0.0,0.0,0.0,0.0,0.0,0.0,0.0,0.0,0.0,0.0,17.453376134236652,0.20387200955710688,17.33906364440918,0.42949266617395715,16.962507520403182,0.49858658452515325,-0.018656729716533205
2023-12-22,17.603999490851077,17.782862356700587,17.547514779526423,17.66048240661621,7018100,0.0,0.0,17.543749237060545,16.89418954849243,65.15578248823803,0.35874483172981897,0.2949240243165385,0.48888818519524285,0.01901142065318706,0.0,0.0,0.0,0.0,0.0,0.0,0.0,0.0,0.0,7763900.0,6181000.0,5257800.0,0.0,0.0,0.0,0.0,0.0,0.0,0.0,0.0,0.0,0.0,0.0,0.0,0.0,0.0,0.0,0.0,0.0,0.0,0.0,0.0,0.0,0.0,0.0,0.0,17.44396209716797,0.18757114208015918,17.51254871913365,0.183487842001067,17.034456661769322,0.5226171136045156,0.016802224863897264
2023-12-26,17.54751328703785,17.57575564029805,17.29333928993354,17.368650436401367,3866200,0.0,0.0,17.477852249145506,16.94502458572388,63.71191742065258,0.3451899163249017,0.30497720271821116,0.4823531435402283,-0.016524575235018157,0.0,0.0,0.0,0.0,0.0,0.0,0.0,0.0,0.0,7018100.0,7763900.0,6181000.0,0.0,0.0,0.0,0.0,0.0,0.0,0.0,0.0,0.0,0.0,0.0,0.0,0.0,0.0,0.0,0.0,0.0,0.0,0.0,0.0,0.0,0.0,0.0,0.0,17.453376134236652,0.18034474896483355,17.52330752781459,0.17022053424314657,17.10102653503418,0.49945893596538055,-0.008064522278305453
2023-12-27,17.547513761555493,17.585170233587387,17.36865090608222,17.509859085083008,4338000,0.0,0.0,17.442079162597658,16.99068202972412,62.88949971502646,0.34190068772500126,0.3123618997195692,0.4907914985874512,0.008130087550480836,0.0,0.0,0.0,0.0,0.0,0.0,0.0,0.0,0.0,3866200.0,7018100.0,7763900.0,0.0,0.0,0.0,0.0,0.0,0.0,0.0,0.0,0.0,0.0,0.0,0.0,0.0,0.0,0.0,0.0,0.0,0.0,0.0,0.0,0.0,0.0,0.0,0.0,17.512997309366863,0.1459412931578665,17.513893672398158,0.1686514392030539,17.162216867719376,0.492805222510579,0.0021551303006712708
2023-12-28,17.519274802711738,17.585171839224962,17.443963647330975,17.472204208374023,3308700,0.0,0.0,17.468438339233398,17.034927463531496,63.06821386840727,0.33242354480840675,0.31637422873733667,0.4923968970647542,-0.002150495702222033,0.0,0.0,0.0,0.0,0.0,0.0,0.0,0.0,0.0,4338000.0,3866200.0,7018100.0,0.0,0.0,0.0,0.0,0.0,0.0,0.0,0.0,0.0,0.0,0.0,0.0,0.0,0.0,0.0,0.0,0.0,0.0,0.0,0.0,0.0,0.0,0.0,0.0,17.4502379099528,0.07312222176159229,17.481617791312082,0.1478516859590173,17.224079813276017,0.47152895561701424,0.00979328292414161
2023-12-29,17.41572107795712,17.443963434214705,17.246270531530712,17.302753448486328,2864800,0.0,0.0,17.462789916992186,17.073995208740236,57.101445870869995,0.30769269079657846,0.31463792114918504,0.48035800320226446,-0.009698304682501435,0.0,0.0,0.0,0.0,0.0,0.0,0.0,0.0,0.0,3308700.0,4338000.0,3866200.0,0.0,0.0,0.0,0.0,0.0,0.0,0.0,0.0,0.0,0.0,0.0,0.0,0.0,0.0,0.0,0.0,0.0,0.0,0.0,0.0,0.0,0.0,0.0,0.0,17.428272247314453,0.11032089140055894,17.42647906712123,0.12843807254634143,17.257028443472727,0.45867844757268617,0.01659281907588661
2024-01-02,17.17096037615694,17.208616853358087,16.96385513822962,17.02033805847168,8963600,0.0,0.0,17.33476104736328,17.090469646453858,60.244693414493,0.2622813331417362,0.30416660354769526,0.47210517211503994,-0.01632199122847433,0.0,0.0,0.0,0.0,0.0,0.0,0.0,0.0,0.0,2864800.0,3308700.0,4338000.0,0.0,0.0,0.0,0.0,0.0,0.0,0.0,0.0,0.0,0.0,0.0,0.0,0.0,0.0,0.0,0.0,0.0,0.0,0.0,0.0,0.0,0.0,0.0,0.0,17.265098571777344,0.22827433421620294,17.380754743303573,0.20078403847901072,17.302080835614884,0.39323109709556625,0.0022173638808349327
2024-01-03,16.530812581738896,17.001507715124305,16.521398463604058,16.982681274414062,12408800,0.0,0.0,17.25756721496582,17.106943988800047,57.72873666657506,0.22070971308116327,0.28747522545438886,0.4616767617312365,-0.0022124580562531415,0.0,0.0,0.0,0.0,0.0,0.0,0.0,0.0,0.0,8963600.0,2864800.0,3308700.0,0.0,0.0,0.0,0.0,0.0,0.0,0.0,0.0,0.0,0.0,0.0,0.0,0.0,0.0,0.0,0.0,0.0,0.0,0.0,0.0,0.0,0.0,0.0,0.0,17.101924260457356,0.17493936212201344,17.330995559692383,0.2518399149103002,17.33502960205078,0.3382706685031426,-0.0016602338724263088
2024-01-04,17.133305136981765,17.19920217437976,16.954440467216067,17.010923385620117,6707600,0.0,0.0,17.15778007507324,17.135656547546386,59.61543082203123,0.1878770770264211,0.2675555957687953,0.43487630989462056,0.0016629948327773203,0.0,0.0,0.0,0.0,0.0,0.0,0.0,0.0,0.0,12408800.0,8963600.0,2864800.0,0.0,0.0,0.0,0.0,0.0,0.0,0.0,0.0,0.0,0.0,0.0,0.0,0.0,0.0,0.0,0.0,0.0,0.0,0.0,0.0,0.0,0.0,0.0,0.0,17.004647572835285,0.01959713540187038,17.2382014138358,0.22881921402239055,17.375375066484725,0.24488438071610863,-0.0016574820645597343
2024-01-05,17.18037368857929,17.246270725026775,17.010923140251716,17.039165496826172,10479200,0.0,0.0,17.071172332763673,17.154955101013183,44.000043223461695,0.16226538440708183,0.24649755349645258,0.42067132034813864,0.0016602338724263088,0.0,0.0,0.0,0.0,0.0,0.0,0.0,0.0,0.0,6707600.0,12408800.0,8963600.0,0.0,0.0,0.0,0.0,0.0,0.0,0.0,0.0,0.0,0.0,0.0,0.0,0.0,0.0,0.0,0.0,0.0,0.0,0.0,0.0,0.0,0.0,0.0,0.0,17.010923385620117,0.02824211120580691,17.191132136753627,0.2313868071330052,17.35721983228411,0.26036675689562977,-0.016304250279441823
2024-01-08,17.039164519532772,17.340409123477215,17.029750401214574,17.32158088684082,7538600,0.0,0.0,17.07493782043457,17.190727996826173,43.99999279608323,0.16287892831723028,0.22977382846060812,0.4015284140903655,0.01657448482833579,0.0,0.0,0.0,0.0,0.0,0.0,0.0,0.0,0.0,10479200.0,6707600.0,12408800.0,0.0,0.0,0.0,0.0,0.0,0.0,0.0,0.0,0.0,0.0,0.0,0.0,0.0,0.0,0.0,0.0,0.0,0.0,0.0,0.0,0.0,0.0,0.0,0.0,17.123889923095703,0.17178676337594617,17.164235251290457,0.19647096425250876,17.33906446184431,0.25270512254985256,0.008219184469589358
2024-01-09,17.274511623233582,17.340408654117834,17.14271576590565,17.18037223815918,6106100,0.0,0.0,17.10694465637207,17.20767297744751,37.88548339445848,0.1502389474025172,0.21386685224898994,0.39307569642306983,-0.008152180196723036,0.0,0.0,0.0,0.0,0.0,0.0,0.0,0.0,0.0,7538600.0,10479200.0,6707600.0,0.0,0.0,0.0,0.0,0.0,0.0,0.0,0.0,0.0,0.0,0.0,0.0,0.0,0.0,0.0,0.0,0.0,0.0,0.0,0.0,0.0,0.0,0.0,0.0,17.18037287394206,0.14120769500834066,17.122544969831193,0.14425325276914042,17.30208138057164,0.23325147386699654,0.00828718644462434
2024-01-10,17.208616045153747,17.236856606168626,16.92619786608793,17.039165496826172,13572600,0.0,0.0,17.11824150085449,17.240151023864748,35.684644861023074,0.1273593482615496,0.1965653514515019,0.34593305851875233,-0.008219073450537628,0.0,0.0,0.0,0.0,0.0,0.0,0.0,0.0,0.0,6106100.0,7538600.0,10479200.0,0.0,0.0,0.0,0.0,0.0,0.0,0.0,0.0,0.0,0.0,0.0,0.0,0.0,0.0,0.0,0.0,0.0,0.0,0.0,0.0,0.0,0.0,0.0,0.0,17.18037287394206,0.14120769500834066,17.084889548165457,0.12206933199381549,17.255684307643346,0.21425639921668843,-0.03825707368622311
2024-01-11,17.547514184570066,18.018209322959258,17.538100066335147,17.716964721679688,17927300,0.0,0.0,17.259449768066407,17.299929332733154,57.24639596189168,0.16205180164925892,0.1896626414910533,0.31730785233233016,0.039778897914910516,0.0,0.0,0.0,0.0,0.0,0.0,0.0,0.0,0.0,13572600.0,6106100.0,7538600.0,0.0,0.0,0.0,0.0,0.0,0.0,0.0,0.0,0.0,0.0,0.0,0.0,0.0,0.0,0.0,0.0,0.0,0.0,0.0,0.0,0.0,0.0,0.0,0.0,17.312167485555012,0.3576037440101613,17.18440764290946,0.26313200196907005,17.282581193106516,0.24686476005258087,-0.03979596783838857
2024-01-12,18.272385418115626,18.884288748604153,18.272385418115626,18.451250076293945,21182400,0.0,0.0,17.54186668395996,17.400187492370605,66.8555396885891,0.24596122445331403,0.20092235808350548,0.3485654620178947,0.04144532464501305,0.0,0.0,0.0,0.0,0.0,0.0,0.0,0.0,0.0,17927300.0,13572600.0,6106100.0,0.0,0.0,0.0,0.0,0.0,0.0,0.0,0.0,0.0,0.0,0.0,0.0,0.0,0.0,0.0,0.0,0.0,0.0,0.0,0.0,0.0,0.0,0.0,0.0,17.735793431599934,0.7062305608868751,17.394203186035156,0.5278143197234543,17.36259937286377,0.3986564944314619,0.006676964695534915
2024-01-16,18.25355771226327,18.42300825698609,18.084107167540445,18.328868865966797,13410000,0.0,0.0,17.743324279785156,17.45196399688721,60.72507423419872,0.29913664463605016,0.22056521539401444,0.4043107235205492,-0.006632678535119063,0.0,0.0,0.0,0.0,0.0,0.0,0.0,0.0,0.0,21182400.0,17927300.0,13572600.0,0.0,0.0,0.0,0.0,0.0,0.0,0.0,0.0,0.0,0.0,0.0,0.0,0.0,0.0,0.0,0.0,0.0,0.0,0.0,0.0,0.0,0.0,0.0,0.0,18.16569455464681,0.39339946289525946,17.582481111798966,0.5986212245871297,17.410341262817383,0.4706038188324721,-0.0035824804161193047
2024-01-17,18.413594203052874,18.5548023922984,18.32886893039365,18.39476776123047,11273100,0.0,0.0,17.986203384399413,17.492914581298827,67.7524885710194,0.3426462259440015,0.24498141750401187,0.45571756688588466,0.0035953607255074793,0.0,0.0,0.0,0.0,0.0,0.0,0.0,0.0,0.0,13410000.0,21182400.0,17927300.0,0.0,0.0,0.0,0.0,0.0,0.0,0.0,0.0,0.0,0.0,0.0,0.0,0.0,0.0,0.0,0.0,0.0,0.0,0.0,0.0,0.0,0.0,0.0,0.0,18.391628901163738,0.06125095503041339,17.77613857814244,0.6126689517505215,17.483635357448033,0.5386044982072864,-0.014624175218321489
2024-01-18,18.65835436048053,18.790148420144096,18.498317947077886,18.667768478393555,9891800,0.0,0.0,18.31192398071289,17.54139623641968,69.15889679131288,0.3946079639396629,0.2749067267911421,0.5250086817269537,0.014841215758019777,0.0,0.0,0.0,0.0,0.0,0.0,0.0,0.0,0.0,11273100.0,13410000.0,21182400.0,0.0,0.0,0.0,0.0,0.0,0.0,0.0,0.0,0.0,0.0,0.0,0.0,0.0,0.0,0.0,0.0,0.0,0.0,0.0,0.0,0.0,0.0,0.0,0.0,18.463801701863606,0.17968722977779908,17.9684510912214,0.6559562907348304,17.56634317125593,0.6249275577142677,-0.008004048546475073
2024-01-19,18.639527140945745,18.85604827363202,18.57363010752103,18.818391799926758,7921000,0.0,0.0,18.532209396362305,17.5978796005249,71.47148371332334,0.44283730609344474,0.30849284265160265,0.5974618613763987,0.008068630254737696,0.0,0.0,0.0,0.0,0.0,0.0,0.0,0.0,0.0,9891800.0,11273100.0,13410000.0,0.0,0.0,0.0,0.0,0.0,0.0,0.0,0.0,0.0,0.0,0.0,0.0,0.0,0.0,0.0,0.0,0.0,0.0,0.0,0.0,0.0,0.0,0.0,0.0,18.626976013183594,0.21473786450863547,18.202453885759628,0.6190990371548447,17.66249942779541,0.7074475868544144,0.006039239198819546
2024-01-22,18.76190817531327,18.82780520624562,18.67718290824041,18.705425262451172,5823300,0.0,0.0,18.58304443359375,17.666130447387694,72.78290739792979,0.4665656730980068,0.3401074087408835,0.6427512907669801,-0.006002985732076471,0.0,0.0,0.0,0.0,0.0,0.0,0.0,0.0,0.0,7921000.0,9891800.0,11273100.0,0.0,0.0,0.0,0.0,0.0,0.0,0.0,0.0,0.0,0.0,0.0,0.0,0.0,0.0,0.0,0.0,0.0,0.0,0.0,0.0,0.0,0.0,0.0,0.0,18.730528513590496,0.07838670908200106,18.440490995134628,0.3657891876255682,17.76269027165004,0.7505899935881645,0.0040424692182119415
2024-01-23,18.54538833693909,18.78073589555223,18.46066307219361,18.63011360168457,8984900,0.0,0.0,18.643293380737305,17.731086349487306,78.0327709857336,0.4738315184894475,0.36685223069059636,0.6720752604447575,-0.004026193455103133,0.0,0.0,0.0,0.9966,0.0,1.0,0.0,1.0,0.0,5823300.0,7921000.0,9891800.0,0.0,0.0,0.0,0.0,0.0,0.0,0.0,0.0,0.0,0.0,0.0,0.0,0.0,0.0,0.0,0.0,0.0,0.0,0.0,0.0,0.0,0.0,0.0,0.0,18.717976888020832,0.09476458970323123,18.570940835135325,0.18081146624055724,17.87767423902239,0.7514215986899361,-0.010005010005314063
2024-01-24,18.92194530705674,18.99725645890777,18.79014944464781,18.818391799926758,10476100,0.0,0.0,18.72801818847656,17.78898181915283,80.37385006232938,0.48914368646514816,0.39131052184550674,0.7142249563056537,0.01010612185559423,0.0,0.0,0.0,0.0,0.0,0.0,0.0,0.0,0.0,8984900.0,5823300.0,7921000.0,0.0,0.0,0.0,0.0,0.0,0.0,0.0,0.0,0.0,0.9966,0.0,0.0,0.0,0.0,0.0,1.0,0.0,0.0,0.0,0.0,0.0,1.0,0.0,0.0,18.717976888020832,0.09476458970323123,18.623389652797155,0.1931349574993565,18.008796419416154,0.7433542587865357,-0.004977704860233523
2024-01-25,18.82780752887179,18.978429845457992,18.696013450748776,18.912532806396484,7290500,0.0,0.0,18.776971054077148,17.86617593765259,80.79271098756853,0.5030759361193056,0.41366360470026653,0.7489901336915277,0.005002606358216699,0.0,0.0,0.0,0.0,0.0,0.0,0.0,0.0,0.0,10476100.0,8984900.0,5823300.0,0.0,0.0,0.0,0.0,0.0,0.0,0.0,0.0,0.0,0.0,0.9966,0.0,0.0,0.0,0.0,0.0,1.0,0.0,0.0,0.0,0.0,0.0,1.0,0.0,18.787012736002605,0.1438006816293077,18.706770215715682,0.16931317744521618,18.144625663757324,0.7203726011130985,-0.0064292024189721575
2024-01-26,18.978429191491397,19.176122097423384,18.94077451142219,19.034912109375,5696300,0.0,0.0,18.820275115966798,17.942428588867188,81.3609634163155,0.5180209087512573,0.4345350655104647,0.787448624566439,0.00647080453111637,0.0,0.0,0.0,0.0,0.0,0.0,0.0,0.0,0.0,7290500.0,10476100.0,8984900.0,0.0,0.0,0.0,0.0,0.0,0.0,0.0,0.0,0.0,0.0,0.0,0.9966,0.0,0.0,0.0,0.0,0.0,1.0,0.0,0.0,0.0,0.0,0.0,1.0,18.921945571899414,0.10856662109809624,18.798219408307755,0.14363878267427171,18.287178993225098,0.6811892512270272,0.002478930895507103
2024-01-29,18.969014322744332,18.987842559814453,18.893703170023365,18.987842559814453,5283800,0.0,0.0,18.876758575439453,18.01821050643921,78.27478685508734,0.5200717248512206,0.4516423973786159,0.8123504821884281,-0.0024728009927277306,0.0,0.0,0.0,0.0,0.0,0.0,0.0,0.0,0.0,5696300.0,7290500.0,10476100.0,0.0,0.0,0.0,0.0,0.0,0.0,0.0,0.0,0.0,0.0,0.0,0.0,0.0,0.0,0.0,0.0,0.0,0.0,0.0,0.0,0.0,0.0,0.0,0.0,18.978429158528645,0.0617303210923039,18.84394427708217,0.14611453750948225,18.406197684151785,0.644054333306907,0.01102765912890602
2024-01-30,18.856046159275422,18.893700833198917,18.696009755092163,18.78073501586914,6409700,0.0,0.0,18.90688285827637,18.092109584808348,76.56248516041943,0.49923034678174716,0.4611599872592422,0.8110648024714913,-0.010907376301067084,0.0,0.0,0.0,0.0,0.0,0.0,0.0,0.0,0.0,5283800.0,5696300.0,7290500.0,0.0,0.0,0.0,0.0,0.0,0.0,0.0,0.0,0.0,0.0,0.0,0.0,0.0,0.0,0.0,0.0,0.0,0.0,0.0,0.0,0.0,0.0,0.0,0.0,18.9344965616862,0.13522516538334645,18.838564736502512,0.1478944746804528,18.520509311131068,0.5439999937215861,0.004531684760419541
2024-01-31,18.865461118717093,18.96901282329826,18.68659647180871,18.69601058959961,6594300,0.0,0.0,18.882406616210936,18.175893211364745,78.02543332012714,0.47045375335787654,0.46301874047896907,0.7804959442120353,-0.004511241237254104,0.0,0.0,0.0,0.0,0.0,0.0,0.0,0.0,0.0,6409700.0,5283800.0,5696300.0,0.0,0.0,0.0,0.0,0.0,0.0,0.0,0.0,0.0,0.0,0.0,0.0,0.0,0.0,0.0,0.0,0.0,0.0,0.0,0.0,0.0,0.0,0.0,0.0,18.821529388427734,0.15013197638799275,18.837219783238,0.14934275833330748,18.638855389186315,0.3382657120221411,-0.01634485603067548
2024-02-01,18.696013157978342,19.03491246721048,18.667770800725823,19.006671905517578,8251300,0.0,0.0,18.901234436035157,18.277092742919923,74.90908367543608,0.46732879222028956,0.4638807508272332,0.7481878482156682,0.016616449505585162,0.0,0.0,0.0,0.0,0.0,0.0,0.0,0.0,0.0,6594300.0,6409700.0,5283800.0,0.0,0.0,0.0,0.0,0.0,0.0,0.0,0.0,0.0,0.0,0.0,0.0,0.0,0.0,0.0,0.0,0.0,0.0,0.0,0.0,0.0,0.0,0.0,0.0,18.82780583699544,0.16059065960714305,18.891013826642716,0.12870121364760498,18.730977330889022,0.22431163966080853,-0.007862254824751003
2024-02-02,19.138463176944338,19.289085469099035,19.01608323790341,19.157291412353516,6117900,0.0,0.0,18.92571029663086,18.384411144256593,67.60558289252276,0.47157000791741055,0.4654186022452687,0.709971687320319,0.007924559732743752,0.0,0.0,0.0,0.0,0.0,0.0,0.0,0.0,0.0,8251300.0,6594300.0,6409700.0,0.0,0.0,0.0,0.0,0.0,0.0,0.0,0.0,0.0,0.0,0.0,0.0,0.0,0.0,0.0,0.0,0.0,0.0,0.0,0.0,0.0,0.0,0.0,0.0,18.953324635823567,0.2352221242739303,18.939428056989396,0.15737759494995546,18.781408854893275,0.23566499535100993,0.002463056153847676
2024-02-05,19.129050099225775,19.157292453874987,19.01608427174784,19.11022186279297,3604800,0.0,0.0,18.95018615722656,18.487963962554932,70.2438629054416,0.46576404466198085,0.4654876907286112,0.652113477483385,-0.002457004414005759,0.0,0.0,0.0,0.0,0.0,0.0,0.0,0.0,0.0,6117900.0,8251300.0,6594300.0,0.0,0.0,0.0,0.0,0.0,0.0,0.0,0.0,0.0,0.0,0.0,0.0,0.0,0.0,0.0,0.0,0.0,0.0,0.0,0.0,0.0,0.0,0.0,0.0,19.091395060221355,0.07705449585281843,18.967669350760325,0.16905148093249006,18.837219783238,0.21153493745041135,-0.01504129267584875
2024-02-06,19.439708509716578,19.524433776760585,19.298500329829707,19.402053833007812,7549400,0.0,0.0,19.074449920654295,18.59198760986328,73.3624005973889,0.47918740389879844,0.46822763336264867,0.6214787200811177,0.015270988076963699,0.0,0.0,0.0,0.0,0.0,0.0,0.0,0.0,0.0,3604800.0,6117900.0,8251300.0,0.0,0.0,0.0,0.0,0.0,0.0,0.0,0.0,0.0,0.0,0.0,0.0,0.0,0.0,0.0,0.0,0.0,0.0,0.0,0.0,0.0,0.0,0.0,0.0,19.223189036051433,0.15667912214649246,19.020118168422155,0.2367778704979389,18.909168788364955,0.22057823802383972,0.008810599337149672
2024-02-07,19.11963545320126,19.27967186734332,18.95018492110267,19.232603073120117,5739100,0.0,0.0,19.1817684173584,18.694599151611328,63.76145254200427,0.470726016142887,0.4687273099186963,0.540254707711965,-0.008733650640604718,0.0,0.0,0.0,0.0,0.0,0.0,0.0,0.0,0.0,7549400.0,3604800.0,6117900.0,0.0,0.0,0.0,0.0,0.0,0.0,0.0,0.0,0.0,0.0,0.0,0.0,0.0,0.0,0.0,0.0,0.0,0.0,0.0,0.0,0.0,0.0,0.0,0.0,19.248292922973633,0.14654727309349827,19.055083956037247,0.24897537878068712,18.94951411655971,0.22464656993168236,0.011886939950647157
2024-02-08,19.232605376858874,19.30791653397264,18.98784366734923,19.006671905517578,6885700,0.0,0.0,19.1817684173584,18.7929744720459,54.42482596631837,0.440709325572179,0.4631237130493929,0.37759645542333686,-0.011747300495079882,0.0,0.0,0.0,0.0,0.0,0.0,0.0,0.0,0.0,5739100.0,7549400.0,3604800.0,0.0,0.0,0.0,0.0,0.0,0.0,0.0,0.0,0.0,0.0,0.0,0.0,0.0,0.0,0.0,0.0,0.0,0.0,0.0,0.0,0.0,0.0,0.0,0.0,19.213776270548504,0.19836217763910632,19.087360654558456,0.22049804391651806,18.962962695530482,0.22181088774997326,0.0044776755802526935
2024-02-09,18.969014369130303,19.063153759151596,18.874874979109006,18.921945571899414,5895300,0.0,0.0,19.134699249267577,18.853223514556884,55.15695882119387,0.40541085106921315,0.45158114065335697,0.2805295930596044,-0.004457715376965488,0.0,0.0,0.0,0.0,0.0,0.0,0.0,0.0,0.0,6885700.0,5739100.0,7549400.0,0.0,0.0,0.0,0.0,0.0,0.0,0.0,0.0,0.0,0.0,0.0,0.0,0.0,0.0,0.0,0.0,0.0,0.0,0.0,0.0,0.0,0.0,0.0,0.0,19.05374018351237,0.16058825567635238,19.119637080601283,0.16259931667915736,18.978428431919642,0.20969008963461772,-0.0019860585570382616
2024-02-12,18.912531650885867,19.053739839612994,18.912531650885867,18.9596004486084,4253200,0.0,0.0,19.104574966430665,18.878641033172606,57.99087053703594,0.3761390922522807,0.4364927309731418,0.26477921299385115,0.001990010835085876,0.0,0.0,0.0,0.0,0.0,0.0,0.0,0.0,0.0,5895300.0,6885700.0,5739100.0,0.0,0.0,0.0,0.0,0.0,0.0,0.0,0.0,0.0,0.0,0.0,0.0,0.0,0.0,0.0,0.0,0.0,0.0,0.0,0.0,0.0,0.0,0.0,0.0,18.96273930867513,0.042450291329256915,19.112912586757115,0.16890100048198242,19.001963206699916,0.184575607030982,0.014098722170997391
2024-02-13,18.752493500785647,18.837218765344385,18.6489400006451,18.69601058959961,6914100,0.0,0.0,18.963366317749024,18.896998119354247,47.136554439962836,0.3278917814377209,0.41477254106605765,0.23579846344116978,-0.01390271170129731,0.0,0.0,0.0,0.0,0.0,0.0,0.0,0.0,0.0,4253200.0,5895300.0,6885700.0,0.0,0.0,0.0,0.0,0.0,0.0,0.0,0.0,0.0,0.0,0.0,0.0,0.0,0.0,0.0,0.0,0.0,0.0,0.0,0.0,0.0,0.0,0.0,0.0,18.859185536702473,0.14256233708966273,19.0470153263637,0.22825641296723262,18.99322169167655,0.19645409653271756,-0.01585737558727207
2024-02-14,18.88428960250855,19.01608547028552,18.818392566399844,18.997257232666016,7591100,0.0,0.0,18.916297149658202,18.927122592926025,51.80721323000512,0.3103855945605254,0.39389515176495127,0.20469287274308384,0.016112883634864072,0.0,0.0,0.0,0.0,0.0,0.0,0.0,0.0,0.0,6914100.0,4253200.0,5895300.0,0.0,0.0,0.0,0.0,0.0,0.0,0.0,0.0,0.0,0.0,0.0,0.0,0.0,0.0,0.0,0.0,0.0,0.0,0.0,0.0,0.0,0.0,0.0,0.0,18.884289423624676,0.1641377404886705,19.03087752205985,0.2270329421437962,18.999273436410085,0.19507742355697957,-0.006400712835223921
2024-02-15,19.081981857246056,19.13846477262352,19.006670704889604,19.11963653564453,5247500,0.0,0.0,18.938890075683595,18.949715995788573,51.80721323000512,0.30289521482812276,0.3756951643775856,0.1994297258160757,0.00644194588090774,0.0,0.0,0.0,0.0,0.0,0.0,0.0,0.0,0.0,7591100.0,6914100.0,4253200.0,0.0,0.0,0.0,0.0,0.0,0.0,0.0,0.0,0.0,0.0,0.0,0.0,0.0,0.0,0.0,0.0,0.0,0.0,0.0,0.0,0.0,0.0,0.0,0.0,18.93763478597005,0.2180157394618098,18.990532193865096,0.16731996844589594,19.005325181143625,0.19756635602078673,-0.007816361722652099
2024-02-16,19.15729402046202,19.37381337046681,19.072568745145432,19.270259857177734,5516600,0.0,0.0,19.008552932739256,18.972309398651124,55.76923076923077,0.30559042199965347,0.3616742159019992,0.20912916945725732,0.007877938539908813,0.0,0.0,0.0,0.0,0.0,0.0,0.0,0.0,0.0,5247500.0,7591100.0,6914100.0,0.0,0.0,0.0,0.0,0.0,0.0,0.0,0.0,0.0,0.0,0.0,0.0,0.0,0.0,0.0,0.0,0.0,0.0,0.0,0.0,0.0,0.0,0.0,0.0,19.129051208496094,0.13674459878255335,18.995911734444753,0.17674016233137457,19.025497845241002,0.20969018843725515,0.022477435377664223
2024-02-20,19.091397532488177,19.204363372454573,18.81839346071002,18.846635818481445,7587200,0.0,0.0,18.985960006713867,18.979369926452637,51.23681514462263,0.2704261690101255,0.3434246065236245,0.20190342485306065,-0.021983307014850628,0.0,0.0,0.0,0.0,0.0,0.0,0.0,0.0,0.0,5516600.0,5247500.0,7591100.0,0.0,0.0,0.0,0.0,0.0,0.0,0.0,0.0,0.0,0.0,0.0,0.0,0.0,0.0,0.0,0.0,0.0,0.0,0.0,0.0,0.0,0.0,0.0,0.0,19.07884407043457,0.2147378645086194,18.973049436296737,0.18526163254275435,19.030205045427596,0.20444714388454688,0.012133538060006499
2024-02-21,18.63011495467698,18.771323140988084,18.526561446787735,18.62070083618164,6191500,0.0,0.0,18.970898056030272,18.97889928817749,48.657744586648974,0.221770745213675,0.3190938342616346,0.20276950516834844,-0.011988080232242182,0.0,0.0,0.0,0.0,0.0,0.0,0.0,0.0,0.0,7587200.0,5516600.0,5247500.0,0.0,0.0,0.0,0.0,0.0,0.0,0.0,0.0,0.0,0.0,0.0,0.0,0.0,0.0,0.0,0.0,0.0,0.0,0.0,0.0,0.0,0.0,0.0,0.0,18.912532170613606,0.3297551779086295,18.93001447405134,0.22894872430777502,19.02482577732631,0.2146526536026999,-0.026095459426371925
2024-02-22,19.0160848233791,19.166707128092003,18.959600112442132,19.11963653564453,6590200,0.0,0.0,18.995373916625976,18.993961524963378,51.88675759054691,0.22092423541333872,0.29945991449197545,0.20140308780864513,0.026794678881979284,0.0,0.0,0.0,0.0,0.0,0.0,0.0,0.0,0.0,6191500.0,7587200.0,5516600.0,0.0,0.0,0.0,0.0,0.0,0.0,0.0,0.0,0.0,0.0,0.0,0.0,0.0,0.0,0.0,0.0,0.0,0.0,0.0,0.0,0.0,0.0,0.0,0.0,18.862324396769207,0.24983756055907005,18.952876772199357,0.2401136931362012,19.032894679478236,0.21603648523178637,0.009945104955062067
2024-02-23,19.025499758802084,19.072570357713072,18.921948032317413,18.93136215209961,4228200,0.0,0.0,18.95771903991699,18.994902992248534,46.27335992852019,0.20272432123669049,0.28011279584091847,0.201046104932333,-0.009847173778326002,0.0,0.0,0.0,0.0,0.0,0.0,0.0,0.0,0.0,6590200.0,6191500.0,7587200.0,0.0,0.0,0.0,0.0,0.0,0.0,0.0,0.0,0.0,0.0,0.0,0.0,0.0,0.0,0.0,0.0,0.0,0.0,0.0,0.0,0.0,0.0,0.0,0.0,18.89056650797526,0.2519571818468936,18.986498423985072,0.21311078833245814,19.016756875174387,0.2144619785460127,0.006003188443195917
2024-02-26,18.761908884928356,18.85604827363202,18.667769496224693,18.818391799926758,5145700,0.0,0.0,18.8673454284668,18.984076976776123,45.28876821255676,0.17714300059747146,0.2595188367922291,0.20457692018847454,-0.0059673652252393294,0.0,0.0,0.0,0.0,0.0,0.0,0.0,0.0,0.0,4228200.0,6590200.0,6191500.0,0.0,0.0,0.0,0.0,0.0,0.0,0.0,0.0,0.0,0.0,0.0,0.0,0.0,0.0,0.0,0.0,0.0,0.0,0.0,0.0,0.0,0.0,0.0,0.0,18.9564634958903,0.15218296814837032,18.960946219308035,0.22213769287056712,18.995911870683944,0.21881692793131705,-0.0005000408765181152
2024-02-27,18.808978235371253,18.88428938943998,18.761909437413124,18.82780647277832,2751500,0.0,0.0,18.863579559326173,18.976075172424316,39.79934175530563,0.15583295974753142,0.23878166138328955,0.2075303811048099,0.000500291042489609,0.0,0.0,0.0,0.0,0.0,0.0,0.0,0.0,0.0,5145700.0,4228200.0,6590200.0,0.0,0.0,0.0,0.0,0.0,0.0,0.0,0.0,0.0,0.0,0.0,0.0,0.0,0.0,0.0,0.0,0.0,0.0,0.0,0.0,0.0,0.0,0.0,0.0,18.85918680826823,0.06268268667715689,18.91925621032715,0.2146501437333167,18.95489420209612,0.188558268218507,0.0025063692592119935
2024-02-28,18.78073501586914,18.790147337680544,18.64893916823868,18.78073501586914,4344500,0.0,0.0,18.89558639526367,18.976075172424316,41.60838095723872,0.13360619659601625,0.2177465684258349,0.2075303811048099,-0.0025001030777130895,0.0,0.0,0.0,0.0,0.0,0.0,0.0,0.0,0.0,2751500.0,5145700.0,4228200.0,0.0,0.0,0.0,0.0,0.0,0.0,0.0,0.0,0.0,0.0,0.0,0.0,0.0,0.0,0.0,0.0,0.0,0.0,0.0,0.0,0.0,0.0,0.0,0.0,18.808977762858074,0.024907801675268404,18.849324090140207,0.15176690262988013,18.92261791229248,0.17559337805310565,-0.0005010429936709304
2024-02-29,18.8560485185609,18.91253143429298,18.76190912863442,18.790149688720703,6256900,0.0,0.0,18.829689025878906,18.980782127380373,45.627334245460936,0.11542051621650984,0.1972813579839699,0.20183335087551335,0.0005012941635993418,0.0,0.0,0.0,0.0,0.0,0.0,0.0,0.0,0.0,4344500.0,2751500.0,5145700.0,0.0,0.0,0.0,0.0,0.0,0.0,0.0,0.0,0.0,0.0,0.0,0.0,0.0,0.0,0.0,0.0,0.0,0.0,0.0,0.0,0.0,0.0,0.0,0.0,18.799563725789387,0.024907801675271256,18.84125464303153,0.1534262730356046,18.907152039664133,0.17714911121649216,0.006555749310304337
2024-03-01,18.75249374405139,18.75249374405139,18.60187144856177,18.667768478393555,6151800,0.0,0.0,18.776970291137694,18.96383695602417,44.94379294069082,0.09009453884217677,0.17584399415561128,0.21343824648402712,-0.0065130513782235555,0.0,0.0,0.0,0.0,0.0,0.0,0.0,0.0,0.0,6256900.0,4344500.0,2751500.0,0.0,0.0,0.0,0.0,0.0,0.0,0.0,0.0,0.0,0.0,0.0,0.0,0.0,0.0,0.0,0.0,0.0,0.0,0.0,0.0,0.0,0.0,0.0,0.0,18.746217727661133,0.06810192764650412,18.847978591918945,0.14281381511715732,18.888996532985143,0.1881967926143186,0.001515173221127153
2024-03-04,18.488904069738023,18.64894048522302,18.357110008359584,18.6395263671875,6821800,0.0,0.0,18.741197204589845,18.93794870376587,43.60900652082345,0.06697259853710591,0.1540697150319102,0.220037139860221,-0.001512880944433359,0.0,0.0,0.0,0.0,0.0,0.0,0.0,0.0,0.0,6151800.0,6256900.0,4344500.0,0.0,0.0,0.0,0.0,0.0,0.0,0.0,0.0,0.0,0.0,0.0,0.0,0.0,0.0,0.0,0.0,0.0,0.0,0.0,0.0,0.0,0.0,0.0,0.0,18.699148178100586,0.08006472639471823,18.77939142499651,0.0992468388002794,18.866134098597936,0.19813887976917202,0.026438418925536
2024-03-05,18.253557608351596,18.347696998834987,18.093521183197694,18.159420013427734,7522600,0.0,0.0,18.607519912719727,18.89040861129761,40.13844760331691,0.009794815393753709,0.1252147351042789,0.27636152789989027,-0.025757433118307693,0.0,0.0,0.0,0.0,0.0,0.0,0.0,0.0,0.0,6821800.0,6151800.0,6256900.0,0.0,0.0,0.0,0.0,0.0,0.0,0.0,0.0,0.0,0.0,0.0,0.0,0.0,0.0,0.0,0.0,0.0,0.0,0.0,0.0,0.0,0.0,0.0,0.0,18.48890495300293,0.285691526416971,18.669113976614817,0.23637584831028352,18.827806200299943,0.27178945536562654,-0.002069177246031062
2024-03-06,18.375937628347394,18.470077009986998,18.168830629628395,18.197072982788086,9226500,0.0,0.0,18.490787506103516,18.83015956878662,33.71640341595837,-0.03211055920426986,0.09374967624256916,0.2899612230292787,0.0020734676180467204,0.0,0.0,0.0,0.0,0.0,0.0,0.0,0.0,0.0,7522600.0,6821800.0,6151800.0,0.0,0.0,0.0,0.0,0.0,0.0,0.0,0.0,0.0,0.0,0.0,0.0,0.0,0.0,0.0,0.0,0.0,0.0,0.0,0.0,0.0,0.0,0.0,0.0,18.332006454467773,0.2669846607292982,18.580354145595006,0.2830288348348977,18.770650182451522,0.31423643703161264,-0.0030944227350939713
2024-03-07,18.357110712000775,18.375938948793515,18.206488408777833,18.253557205200195,11084100,0.0,0.0,18.383469009399413,18.781207275390624,31.889751531738355,-0.060070609204561976,0.06298561915314294,0.30088078398793894,0.0031040279096279377,0.0,0.0,0.0,0.0,0.0,0.0,0.0,0.0,0.0,9226500.0,7522600.0,6821800.0,0.0,0.0,0.0,0.0,0.0,0.0,0.0,0.0,0.0,0.0,0.0,0.0,0.0,0.0,0.0,0.0,0.0,0.0,0.0,0.0,0.0,0.0,0.0,0.0,18.203350067138672,0.047381473801745996,18.49831853594099,0.2825734787484095,18.70878737313407,0.3253039490636005,0.006749660923216716
2024-03-08,18.262971973340736,18.31004256699722,18.121763783490383,18.13117790222168,8183300,0.0,0.0,18.27615089416504,18.73743257522583,25.896387971582925,-0.09105451745715598,0.03217759183108315,0.328748430161912,-0.006704408439558884,0.0,0.0,0.0,0.0,0.0,0.0,0.0,0.0,0.0,11084100.0,9226500.0,7522600.0,0.0,0.0,0.0,0.0,0.0,0.0,0.0,0.0,0.0,0.0,0.0,0.0,0.0,0.0,0.0,0.0,0.0,0.0,0.0,0.0,0.0,0.0,0.0,0.0,18.193936030069988,0.06124992900901753,18.40552466256278,0.2810233921428972,18.62742437635149,0.31639760765728075,0.002081230281916424
2024-03-11,18.084106999593608,18.168832271168178,18.04645232087131,18.093521118164062,8544100,0.0,0.0,18.166949844360353,18.696011352539063,30.952314334643873,-0.11729596091369743,0.0022828812821270375,0.3553869382104312,-0.00207690775859648,0.0,0.0,0.0,0.0,0.0,0.0,0.0,0.0,0.0,8183300.0,11084100.0,9226500.0,0.0,0.0,0.0,0.0,0.0,0.0,0.0,0.0,0.0,0.0,0.0,0.0,0.0,0.0,0.0,0.0,0.0,0.0,0.0,0.0,0.0,0.0,0.0,0.0,18.15941874186198,0.08367225380087272,18.306006295340403,0.24287422830797833,18.573630469185964,0.33944330558395236,-0.010298772166178805
2024-03-12,18.291215343007796,18.42300942142925,18.215904184544158,18.281801223754883,11415900,0.0,0.0,18.191426086425782,18.662121391296388,41.26216027216585,-0.12149929467538456,-0.022473553909375284,0.36119814294863184,0.010405940577359774,0.0,0.0,0.0,0.0,0.0,0.0,0.0,0.0,0.0,8544100.0,8183300.0,11084100.0,0.0,0.0,0.0,0.0,0.0,0.0,0.0,0.0,0.0,0.0,0.0,0.0,0.0,0.0,0.0,0.0,0.0,0.0,0.0,0.0,0.0,0.0,0.0,0.0,18.168833414713543,0.09962832306155571,18.250868116106307,0.18364813339441716,18.549423354012625,0.347809381620766,0.0015473158594336844
2024-03-13,18.215902527174205,18.310041915578413,18.159419612355475,18.253557205200195,7171000,0.0,0.0,18.2027229309082,18.639998722076417,20.512887116779552,-0.1256609816420351,-0.043111039455907246,0.37238956946298696,-0.0015449253719042044,0.0,0.0,0.0,0.0,0.0,0.0,0.0,0.0,0.0,11415900.0,8544100.0,8183300.0,0.0,0.0,0.0,0.0,0.0,0.0,0.0,0.0,0.0,0.0,0.0,0.0,0.0,0.0,0.0,0.0,0.0,0.0,0.0,0.0,0.0,0.0,0.0,0.0,18.20962651570638,0.10153708017192543,18.195729664393834,0.07074611233308492,18.487560544695175,0.31396268302235564,-0.01373345911765611
2024-03-14,18.639526453345052,18.743079956655006,18.423007124205537,18.507732391357422,8476900,0.0,0.0,18.25355796813965,18.615522480010988,36.19624962399286,-0.10721344539376787,-0.05593152064347937,0.363657216257867,0.013924693324149251,0.0,0.0,0.0,0.0,0.0,0.0,0.0,0.0,0.0,7171000.0,11415900.0,8544100.0,0.0,0.0,0.0,0.0,0.0,0.0,0.0,0.0,0.0,0.0,0.0,0.0,0.0,0.0,0.0,0.0,0.0,0.0,0.0,0.0,0.0,0.0,0.0,0.0,18.347696940104168,0.1393123841923897,18.245488575526647,0.13461410319936684,18.45730127607073,0.28717077098869864,0.02236093388462579
2024-03-15,18.470077298235232,18.507731974143105,18.093519765800178,18.102933883666992,13296100,0.0,0.0,18.247909164428712,18.56468734741211,30.41238297747904,-0.12383006068004576,-0.06951122865079265,0.3605271521769553,-0.02187185869833841,0.0,0.0,0.0,0.0,0.0,0.0,0.0,0.0,0.0,8476900.0,7171000.0,11415900.0,0.0,0.0,0.0,0.0,0.0,0.0,0.0,0.0,0.0,0.0,0.0,0.0,0.0,0.0,0.0,0.0,0.0,0.0,0.0,0.0,0.0,0.0,0.0,0.0,18.288074493408203,0.20459481993928938,18.23204013279506,0.14458992988717453,18.406197139195033,0.2815750610859543,0.0031298294209671784
2024-03-18,18.065279804959566,18.102934482112225,17.9523121823827,18.046451568603516,6324200,0.0,0.0,18.2384952545166,18.5034969329834,29.145731201352092,-0.13994331932045156,-0.08359764678472444,0.33759732641284446,-0.003120064152387858,0.0,0.0,0.0,0.0,0.0,0.0,0.0,0.0,0.0,13296100.0,8476900.0,7171000.0,0.0,0.0,0.0,0.0,0.0,0.0,0.0,0.0,0.0,0.0,0.0,0.0,0.0,0.0,0.0,0.0,0.0,0.0,0.0,0.0,0.0,0.0,0.0,0.0,18.21903928120931,0.2516055382219171,18.20245361328125,0.1598385032587004,18.35038607461112,0.2687224607296985,0.01697611859668502
2024-03-19,17.594584534312787,17.745206832885742,17.538099825678355,17.745206832885742,9561000,0.0,0.0,18.131176376342772,18.448425483703613,25.663748548785463,-0.17500379068491867,-0.10187887556476329,0.36721350679426246,-0.01669274065167836,0.0,0.0,0.0,0.0,0.0,0.0,0.0,0.0,0.0,6324200.0,13296100.0,8476900.0,0.0,0.0,0.0,0.0,0.0,0.0,0.0,0.0,0.0,0.0,0.0,0.0,0.0,0.0,0.0,0.0,0.0,0.0,0.0,0.0,0.0,0.0,0.0,0.0,17.964864095052082,0.19231366980927736,18.147314889090403,0.23664407929813433,18.27641977582659,0.28327757630705763,-0.004226227204397692
2024-03-20,17.57575868370788,17.820520401000977,17.547516325557247,17.820520401000977,9677300,0.0,0.0,18.04456901550293,18.40841646194458,27.8970778133818,-0.19447055579962225,-0.12039721161173508,0.3903197738454654,0.004244164005778872,0.0,0.0,0.0,0.0,0.0,0.0,0.0,0.0,0.0,9561000.0,6324200.0,13296100.0,0.0,0.0,0.0,0.0,0.0,0.0,0.0,0.0,0.0,0.0,0.0,0.0,0.0,0.0,0.0,0.0,0.0,0.0,0.0,0.0,0.0,0.0,0.0,0.0,17.870726267496746,0.15677234919567987,18.108314786638534,0.2674747132339653,18.207160540989467,0.2660205952293503,0.03953883303676209
2024-03-21,17.27451323104492,17.406307305080052,17.067406205493032,17.142717361450195,22905000,0.0,0.0,17.771566009521486,18.309570503234863,22.260331002861506,-0.2615758643203314,-0.14863294215345435,0.4469422863916184,-0.038034974529290944,0.0,0.0,0.0,0.0,0.0,0.0,0.0,0.0,0.0,9677300.0,9561000.0,6324200.0,0.0,0.0,0.0,0.0,0.0,0.0,0.0,0.0,0.0,0.0,0.0,0.0,0.0,0.0,0.0,0.0,0.0,0.0,0.0,0.0,0.0,0.0,0.0,0.0,17.569481531778973,0.3715020540896698,17.945588520595006,0.4370694668969278,18.098228318350657,0.3589217661468822,0.027652344070240087
2024-03-22,17.04858000020663,17.057994119277115,16.653195977044458,16.68143653869629,15028500,0.0,0.0,17.487266540527344,18.197074222564698,19.230826868908593,-0.34796765754831327,-0.18849988523242614,0.5528147033485278,-0.026908267401713926,0.0,0.0,0.0,0.0,0.0,0.0,0.0,0.0,0.0,22905000.0,9677300.0,9561000.0,0.0,0.0,0.0,0.0,0.0,0.0,0.0,0.0,0.0,0.0,0.0,0.0,0.0,0.0,0.0,0.0,0.0,0.0,0.0,0.0,0.0,0.0,0.0,0.0,17.21489143371582,0.5729614593245115,17.72099985395159,0.6186454762503122,17.958364759172714,0.489517250532899,0.0051050077136516325
2024-03-25,16.747334305048447,16.747334305048447,16.55905552675517,16.596710205078125,12454500,0.0,0.0,17.197318267822265,18.085990142822265,21.959491834024675,-0.4184468878868053,-0.23448928576330197,0.6380403315749968,-0.005079078976299334,0.0,0.0,0.0,0.0,0.0,0.0,0.0,0.0,0.0,15028500.0,22905000.0,9677300.0,0.0,0.0,0.0,0.0,0.0,0.0,0.0,0.0,0.0,0.0,0.0,0.0,0.0,0.0,0.0,0.0,0.0,0.0,0.0,0.0,0.0,0.0,0.0,0.0,16.806954701741535,0.29384870366066634,17.44799668448312,0.6350455845950743,17.846742630004883,0.6047504071766605,-0.006760659327513685
2024-03-26,16.672022174174806,16.775575686865945,16.606125137211205,16.709678649902344,10500900,0.0,0.0,16.990212631225585,17.980083751678468,24.01329754796467,-0.4598853047997977,-0.27956848957060115,0.682658595957637,0.006806676951535362,0.0,0.0,0.0,0.0,0.0,0.0,0.0,0.0,0.0,12454500.0,15028500.0,22905000.0,0.0,0.0,0.0,0.0,0.0,0.0,0.0,0.0,0.0,0.0,0.0,0.0,0.0,0.0,0.0,0.0,0.0,0.0,0.0,0.0,0.0,0.0,0.0,0.0,16.662608464558918,0.05879064265068198,17.24896022251674,0.6135361385783867,17.7405001776559,0.6660190821922167,-0.002248523904361366
2024-03-27,16.78499011482116,16.794404233926365,16.64378191936233,16.74733543395996,6074600,0.0,0.0,16.775575637817383,17.87841377258301,23.510086169187872,-0.48410648280054147,-0.32047608821658924,0.7080857325829976,0.002253591157950652,0.0,0.0,0.0,0.0,0.0,0.0,0.0,0.0,0.0,10500900.0,12454500.0,15028500.0,0.0,0.0,0.0,0.0,0.0,0.0,0.0,0.0,0.0,0.0,0.0,0.0,0.0,0.0,0.0,0.0,0.0,0.0,0.0,0.0,0.0,0.0,0.0,0.0,16.684574762980144,0.07838777805159342,17.063372203281947,0.5217109913986628,17.6329129082816,0.6976695734946318,-0.007808102694777386
2024-03-28,16.747335334221315,16.935612328525263,16.747335334221315,16.87912940979004,7019600,0.0,0.0,16.722858047485353,17.782862758636476,28.05290834053274,-0.48705282666310623,-0.3537914359058927,0.7075171420905367,0.007869548941070947,0.0,0.0,0.0,0.0,0.0,0.0,0.0,0.0,0.0,6074600.0,10500900.0,12454500.0,0.0,0.0,0.0,0.0,0.0,0.0,0.0,0.0,0.0,0.0,0.0,0.0,0.0,0.0,0.0,0.0,0.0,0.0,0.0,0.0,0.0,0.0,0.0,0.0,16.778714497884113,0.08897681858879052,16.939646857125418,0.4271973328437757,17.54348087310791,0.7090408012964345,0.019909000793958187
2024-04-01,16.841473073576722,16.869715430958884,16.474331405406737,16.54964256286621,14601600,0.0,0.0,16.696499252319335,17.676956462860108,25.44921276679638,-0.5100946072027632,-0.38505207016526677,0.7263637145101484,-0.019520369737358823,0.0,0.0,0.0,0.0,0.0,0.0,0.0,0.0,0.0,7019600.0,6074600.0,10500900.0,0.0,0.0,0.0,0.0,0.0,0.0,0.0,0.0,0.0,0.0,0.0,0.0,0.0,0.0,0.0,0.0,0.0,0.0,0.0,0.0,0.0,0.0,0.0,0.0,16.725369135538738,0.1658381267190571,16.758092880249023,0.20017392051930566,17.433203833443777,0.7364426507403783,0.0
2024-04-02,16.40843436707465,16.577884920248373,16.3707778905651,16.54964256286621,12687000,0.0,0.0,16.687085723876955,17.572462272644042,20.70071790742182,-0.5223342403070248,-0.4125085041936184,0.7309113187624763,0.0,0.0,0.0,0.0,0.0,0.0,0.0,0.0,0.0,0.0,14601600.0,7019600.0,6074600.0,0.0,0.0,0.0,0.0,0.0,0.0,0.0,0.0,0.0,0.0,0.0,0.0,0.0,0.0,0.0,0.0,0.0,0.0,0.0,0.0,0.0,0.0,0.0,0.0,16.65947151184082,0.19022931976588067,16.67336790902274,0.11950236313502278,17.309478214808873,0.728368656546592,-0.007900637065899718
2024-04-03,16.521400105617325,16.775575933841495,16.493159543965493,16.68143653869629,8871400,0.0,0.0,16.681437301635743,17.49856309890747,24.307761746355524,-0.5154576899343759,-0.43309834134176994,0.7430584546503222,0.007963554217526925,0.0,0.0,0.0,0.0,0.0,0.0,0.0,0.0,0.0,12687000.0,14601600.0,7019600.0,0.0,0.0,0.0,0.0,0.0,0.0,0.0,0.0,0.0,0.0,0.0,0.0,0.0,0.0,0.0,0.0,0.0,0.0,0.0,0.0,0.0,0.0,0.0,0.0,16.593573888142902,0.07609128742298976,16.67336790902274,0.11950236313502278,17.197183881487167,0.6918972057156754,-0.001690164831878449
2024-04-04,16.70026453097046,16.963854474384455,16.615539256143087,16.709678649902344,12716500,0.0,0.0,16.67390594482422,17.424193382263184,18.272530354371042,-0.5019429855868403,-0.446867270190784,0.7439010614197542,0.0016930263254331113,0.0,0.0,0.0,0.0,0.0,0.0,0.0,0.0,0.0,8871400.0,12687000.0,14601600.0,0.0,0.0,0.0,0.0,0.0,0.0,0.0,0.0,0.0,0.0,0.0,0.0,0.0,0.0,0.0,0.0,0.0,0.0,0.0,0.0,0.0,0.0,0.0,0.0,16.64691925048828,0.08541937530427587,16.68950625828334,0.11496653924822668,17.06875147138323,0.5891700969741643,-0.004486845650350624
2024-04-05,16.662610351992594,16.80381854909904,16.615539755917347,16.784990310668945,5967200,0.0,0.0,16.655078125,17.350765037536622,23.684334801869483,-0.4796266262153708,-0.4534191413957014,0.7300788989158136,0.004507068169562922,0.0,0.0,0.0,0.0,0.0,0.0,0.0,0.0,0.0,12716500.0,8871400.0,12687000.0,0.0,0.0,0.0,0.0,0.0,0.0,0.0,0.0,0.0,0.0,0.0,0.0,0.0,0.0,0.0,0.0,0.0,0.0,0.0,0.0,0.0,0.0,0.0,0.0,16.72536849975586,0.05353012669279985,16.700265066964285,0.12055693399592833,16.974612644740514,0.5113703846679389,-0.0016797549987657145
2024-04-08,16.70026478850987,16.907370021526386,16.69085066943281,16.813232421875,8716600,0.0,0.0,16.707796096801758,17.284867763519287,25.095180060181846,-0.4544235366262406,-0.45362002044180927,0.7152598656681264,0.001682581323154242,0.0,0.0,0.0,0.0,0.0,0.0,0.0,0.0,0.0,5967200.0,12716500.0,8871400.0,0.0,0.0,0.0,0.0,0.0,0.0,0.0,0.0,0.0,0.0,0.0,0.0,0.0,0.0,0.0,0.0,0.0,0.0,0.0,0.0,0.0,0.0,0.0,0.0,16.76930046081543,0.05353012669279475,16.70967892238072,0.12723305723277453,16.886525562831334,0.40838047264918115,-0.018141759998217877
2024-04-09,16.97326761994254,17.199201074672285,16.95443938315852,17.123889923095703,13467900,0.0,0.0,16.822645568847655,17.236386203765868,37.50004796619496,-0.40471711549320233,-0.4438394394520879,0.6899779255692025,0.01847696465651172,0.0,0.0,0.0,0.0,0.0,0.0,0.0,0.0,0.0,8716600.0,5967200.0,12716500.0,0.0,0.0,0.0,0.0,0.0,0.0,0.0,0.0,0.0,0.0,0.0,0.0,0.0,0.0,0.0,0.0,0.0,0.0,0.0,0.0,0.0,0.0,0.0,0.0,16.907370885213215,0.18804194887177728,16.744644709995814,0.19639609060179672,16.842145783560618,0.33506650825482276,0.010555403910930572
2024-04-10,16.94502830505371,17.02033947014267,16.813234215037987,16.94502830505371,11553000,0.0,0.0,16.875363922119142,17.16954755783081,33.09093856139809,-0.37542934065450595,-0.43015741969257154,0.6467721467734769,-0.010445151121927898,0.0,0.0,0.0,0.0,0.0,0.0,0.0,0.0,0.0,13467900.0,8716600.0,5967200.0,0.0,0.0,0.0,0.0,0.0,0.0,0.0,0.0,0.0,0.0,0.0,0.0,0.0,0.0,0.0,0.0,0.0,0.0,0.0,0.0,0.0,0.0,0.0,0.0,16.960716883341473,0.15592183741437324,16.801128387451172,0.18762704738966796,16.779610633850098,0.18772386354795595,0.003344528819992476
2024-04-11,17.076821083119455,17.076821083119455,16.803818803980683,16.8885440826416,13389200,0.0,0.0,16.91113700866699,17.10129690170288,43.54072551718789,-0.35271054516812583,-0.41466804478768243,0.5964232417740949,-0.0033333802337328633,0.0,0.0,0.0,0.0,0.0,0.0,0.0,0.0,0.0,11553000.0,13467900.0,8716600.0,0.0,0.0,0.0,0.0,0.0,0.0,0.0,0.0,0.0,0.0,0.0,0.0,0.0,0.0,0.0,0.0,0.0,0.0,0.0,0.0,0.0,0.0,0.0,0.0,16.985820770263672,0.12286144663064114,16.84954289027623,0.1523220758157032,16.761455399649485,0.16017506324756314,0.012415450160115471
2024-04-12,16.737921253119183,16.813232410123426,16.502573663035975,16.68143653869629,17657700,0.0,0.0,16.890426254272462,17.009982109069824,50.0,-0.3474128251995836,-0.4012170008700627,0.502108558928188,-0.012263197048357877,0.0,0.0,0.0,0.0,0.0,0.0,0.0,0.0,0.0,13389200.0,11553000.0,13467900.0,0.0,0.0,0.0,0.0,0.0,0.0,0.0,0.0,0.0,0.0,0.0,0.0,0.0,0.0,0.0,0.0,0.0,0.0,0.0,0.0,0.0,0.0,0.0,0.0,16.8383363087972,0.13878317707362461,16.84954289027623,0.1523220758157032,16.761455399649485,0.16017506324756314,0.026056764755052697
2024-04-15,16.653194582708903,16.672021023713956,16.24839647436911,16.257810592651367,11374300,0.0,0.0,16.779341888427734,16.91772594451904,41.74314868289836,-0.3730965921429146,-0.3955929191246331,0.4583231165773061,-0.025395051862723395,0.0,0.0,0.0,0.0,0.0,0.0,0.0,0.0,0.0,17657700.0,13389200.0,11553000.0,0.0,0.0,0.0,0.0,0.0,0.0,0.0,0.0,0.0,0.0,0.0,0.0,0.0,0.0,0.0,0.0,0.0,0.0,0.0,0.0,0.0,0.0,0.0,0.0,16.609263737996418,0.3215009622372086,16.784990310668945,0.2709944483638658,16.737248284476145,0.20603248288601786,0.012903211239862378
2024-04-16,15.984807917995283,16.18250082773312,15.984807917995283,16.050704956054688,13033300,0.0,0.0,16.56470489501953,16.817938613891602,34.64911189390358,-0.405488635919415,-0.39757206248358956,0.4148363746860935,-0.012738839305354688,0.0,0.0,0.0,0.0,0.0,0.0,0.0,0.0,0.0,11374300.0,17657700.0,13389200.0,0.0,0.0,0.0,0.0,0.0,0.0,0.0,0.0,0.0,0.0,0.0,0.0,0.0,0.0,0.0,0.0,0.0,0.0,0.0,0.0,0.0,0.0,0.0,0.0,16.329984029134113,0.32150013380352516,16.680092402866908,0.3878955896536565,16.690178734915598,0.2761557606973268,0.005899709246033558
2024-04-17,16.135428716128125,16.17308518894347,15.881254706862356,15.956565856933594,17034100,0.0,0.0,16.367012405395506,16.728506565093994,32.05123431830009,-0.43375573640446063,-0.4048087972677638,0.3968209185727419,-0.005865106821092092,0.0,0.0,0.0,0.0,0.0,0.0,0.0,0.0,0.0,13033300.0,11374300.0,17657700.0,0.0,0.0,0.0,0.0,0.0,0.0,0.0,0.0,0.0,0.0,0.0,0.0,0.0,0.0,0.0,0.0,0.0,0.0,0.0,0.0,0.0,0.0,0.0,0.0,16.08836046854655,0.15411213746873723,16.557711465018137,0.4661370812690393,16.633695193699428,0.3376003047142617,0.02665061005668523
2024-04-18,15.307005122470878,15.909494285928938,15.099899921422006,15.542352676391602,31702900,0.0,0.0,16.09777412414551,16.614598178863524,23.106021651606525,-0.48400188666926525,-0.42064741514806414,0.39382299040907803,-0.0259587924028154,0.0,0.0,0.0,0.0,0.0,0.0,0.0,0.0,0.0,17034100.0,13033300.0,11374300.0,0.0,0.0,0.0,0.0,0.0,0.0,0.0,0.0,0.0,0.0,0.0,0.0,0.0,0.0,0.0,0.0,0.0,0.0,0.0,0.0,0.0,0.0,0.0,0.0,15.849874496459961,0.2704492463650993,16.331777572631836,0.5254799755703526,16.538211141313827,0.4371948369282425,-0.017846534125403712
2024-04-19,15.777701178366195,15.956565832850217,15.702390028408626,15.824769973754883,16182300,0.0,0.0,15.926440811157226,16.54870080947876,35.135099192690404,-0.4953238224241723,-0.4355826966032858,0.41070567412767267,0.01817082028979211,0.0,0.0,0.0,0.0,0.0,0.0,0.0,0.0,0.0,31702900.0,17034100.0,13033300.0,0.0,0.0,0.0,0.0,0.0,0.0,0.0,0.0,0.0,0.0,0.0,0.0,0.0,0.0,0.0,0.0,0.0,0.0,0.0,0.0,0.0,0.0,0.0,0.0,15.77456283569336,0.21162161342340757,16.171740668160574,0.47582783954325175,16.486434527805873,0.4768605186294018,-0.028323789594103532
2024-04-22,16.05070511105278,16.370777980911864,15.965979833998338,16.286052703857422,19944700,0.0,0.0,15.932089233398438,16.528931617736816,45.45453947433338,-0.4617520862419262,-0.44081657453101386,0.4134866318201588,0.029149411389079782,0.0,0.0,0.0,0.0,0.0,0.0,0.0,0.0,0.0,16182300.0,31702900.0,17034100.0,0.0,0.0,0.0,0.0,0.0,0.0,0.0,0.0,0.0,0.0,0.0,0.0,0.0,0.0,0.0,0.0,0.0,0.0,0.0,0.0,0.0,0.0,0.0,0.0,15.884391784667969,0.37541777124369313,16.085670471191406,0.36648700571683546,16.467606680733816,0.47936995469815896,0.008158466324512892
2024-04-23,16.286052806247444,16.351951640917147,16.126016370311756,16.154258728027344,8832400,0.0,0.0,15.952799987792968,16.506809043884278,40.90911183983318,-0.44070079145035024,-0.44079341791488114,0.42142929550516645,-0.008092444389478204,0.0,0.0,0.0,0.0,0.0,0.0,0.0,0.0,0.0,19944700.0,16182300.0,31702900.0,0.0,0.0,0.0,0.0,0.0,0.0,0.0,0.0,0.0,0.0,0.0,0.0,0.0,0.0,0.0,0.0,0.0,0.0,0.0,0.0,0.0,0.0,0.0,0.0,16.08836046854655,0.23759708484040387,16.010359355381556,0.2632936082239991,16.429951122828893,0.48197947225744653,0.007042354002066098
2024-04-24,16.154256104600694,16.220153133009166,15.937736783955891,16.041290283203125,10685000,0.0,0.0,15.969744873046874,16.473389625549316,38.80125477282809,-0.4281971083209868,-0.4382741559961023,0.43089044035229235,-0.006993106073522326,0.0,0.0,0.0,0.0,0.0,0.0,0.0,0.0,0.0,8832400.0,19944700.0,16182300.0,0.0,0.0,0.0,0.0,0.0,0.0,0.0,0.0,0.0,0.0,0.0,0.0,0.0,0.0,0.0,0.0,0.0,0.0,0.0,0.0,0.0,0.0,0.0,0.0,16.160533905029297,0.122501812337359,15.979427882603236,0.2411667680954347,16.382209096636092,0.48523224382005997,0.0017635743170407725
2024-04-25,16.022464198318957,16.097775354545384,15.84359952894634,16.013050079345703,10657300,0.0,0.0,16.063884353637697,16.436675357818604,36.85897914614325,-0.41577381605360486,-0.4337740880076028,0.4375513385160146,-0.0017604695980716345,0.0,0.0,0.0,0.0,0.0,0.0,0.0,0.0,0.0,10685000.0,8832400.0,19944700.0,0.0,0.0,0.0,0.0,0.0,0.0,0.0,0.0,0.0,0.0,0.0,0.0,0.0,0.0,0.0,0.0,0.0,0.0,0.0,0.0,0.0,0.0,0.0,0.0,16.06953303019206,0.07472088184524434,15.974048614501953,0.23972760077444594,16.327070508684432,0.47977047998818906,0.0041322702022348334
2024-04-26,16.10718856010706,16.126015001426353,15.89066742711998,15.947152137756348,8845000,0.0,0.0,16.08836078643799,16.39007649421692,35.44302742378977,-0.4065591201184411,-0.42833109442977046,0.43757769932596785,-0.004115264816061059,0.0,0.0,0.0,0.0,0.0,0.0,0.0,0.0,0.0,10657300.0,10685000.0,8832400.0,0.0,0.0,0.0,0.0,0.0,0.0,0.0,0.0,0.0,0.0,0.0,0.0,0.0,0.0,0.0,0.0,0.0,0.0,0.0,0.0,0.0,0.0,0.0,0.0,16.000497500101726,0.04830810533745316,15.972703797476631,0.2398683838266815,16.265207631247385,0.4679532043788598,-0.001767791065279578
2024-04-29,15.95656685326434,16.088360925228386,15.937738615681027,15.975393295288086,7426500,0.0,0.0,16.02622890472412,16.36136403083801,28.67134179948455,-0.39245362076365,-0.4211555996965464,0.4453279885388245,0.0017709216848114107,0.0,0.0,0.0,0.0,0.0,0.0,0.0,0.0,0.0,8845000.0,10657300.0,10685000.0,0.0,0.0,0.0,0.0,0.0,0.0,0.0,0.0,0.0,0.0,0.0,0.0,0.0,0.0,0.0,0.0,0.0,0.0,0.0,0.0,0.0,0.0,0.0,0.0,15.978531837463379,0.0330608909690282,16.034566743033274,0.14901735195743868,16.183172157832555,0.4018402118107986,0.015559544565751038
2024-04-30,15.937738853698372,15.956567091562867,15.730631828308105,15.730631828308105,11349100,0.0,0.0,15.941503524780273,16.320413494110106,27.986335968522937,-0.39645502893976214,-0.4162154855451896,0.4643534671519161,-0.015321154381355506,0.0,0.0,0.0,0.0,0.0,0.0,0.0,0.0,0.0,7426500.0,8845000.0,10657300.0,0.0,0.0,0.0,0.0,0.0,0.0,0.0,0.0,0.0,0.0,0.0,0.0,0.0,0.0,0.0,0.0,0.0,0.0,0.0,0.0,0.0,0.0,0.0,0.0,15.884392420450846,0.13390717126706497,16.021118436540878,0.17336511397587082,16.096429552350724,0.3528139924044228,-0.003577928514161388
2024-05-01,15.740046408354331,15.900082843771722,15.702391727081816,15.787117004394531,6966200,0.0,0.0,15.890668869018555,16.27569751739502,30.034166981875103,-0.39056608934503956,-0.41108560630515967,0.4707740458354375,0.0035907760541937783,0.0,0.0,0.0,0.0,0.0,0.0,0.0,0.0,0.0,11349100.0,7426500.0,8845000.0,0.0,0.0,0.0,0.0,0.0,0.0,0.0,0.0,0.0,0.0,0.0,0.0,0.0,0.0,0.0,0.0,0.0,0.0,0.0,0.0,0.0,0.0,0.0,0.0,15.831047375996908,0.12815791856686085,15.949841908046178,0.14682011448902896,16.01775618961879,0.27732043715751714,-0.0059277456725499444
2024-05-02,15.862428817995808,15.918911740018494,15.655321777979758,15.881257057189941,8716700,0.0,0.0,15.864310264587402,16.234276437759398,34.87551963706251,-0.37399160437581,-0.4036668059192898,0.4670098262757422,0.0059630933734895475,0.0,0.0,0.0,0.0,0.0,0.0,0.0,0.0,0.0,6966200.0,11349100.0,7426500.0,0.0,0.0,0.0,0.0,0.0,0.0,0.0,0.0,0.0,0.0,0.0,0.0,0.0,0.0,0.0,0.0,0.0,0.0,0.0,0.0,0.0,0.0,0.0,0.0,15.799668629964193,0.07609301789426862,15.91084166935512,0.1166243194060101,15.96060051236834,0.20233478169054533,-0.003543935168234036
2024-05-03,15.92832525301487,15.994222292125059,15.87184233314323,15.937739372253418,4035300,0.0,0.0,15.862427711486816,16.191913890838624,42.97525193263824,-0.35223817245040223,-0.3933810792255123,0.45263102974634034,0.0035565393129823875,0.0,0.0,0.0,0.0,0.0,0.0,0.0,0.0,0.0,8716700.0,6966200.0,11349100.0,0.0,0.0,0.0,0.0,0.0,0.0,0.0,0.0,0.0,0.0,0.0,0.0,0.0,0.0,0.0,0.0,0.0,0.0,0.0,0.0,0.0,0.0,0.0,0.0,15.868704477945963,0.07609172004305816,15.896048682076591,0.10310367720525869,15.937738282339913,0.1833623962166793,-0.002356995057253064
2024-05-06,16.003635651663053,16.041292126829674,15.95656685326434,15.975393295288086,4209700,0.0,0.0,15.862427711486816,16.150021934509276,48.214277638332995,-0.328177043349946,-0.3803402720503991,0.4303222699254319,0.0023625636079995793,0.0,0.0,0.0,0.0,0.0,0.0,0.0,0.0,0.0,4035300.0,8716700.0,6966200.0,0.0,0.0,0.0,0.0,0.0,0.0,0.0,0.0,0.0,0.0,0.0,0.0,0.0,0.0,0.0,0.0,0.0,0.0,0.0,0.0,0.0,0.0,0.0,0.0,15.931463241577148,0.047380905362976865,15.89066914149693,0.0967693770469245,15.932358877999443,0.18088123754750618,-0.009340275132955989
2024-05-07,16.060117677149425,16.182499419086394,15.994220644826195,16.126014709472656,8843200,0.0,0.0,15.941504287719727,16.100128173828125,53.913008241806644,-0.2935704385830107,-0.36298630535692145,0.3642394819811576,0.00942833840773094,0.0,0.0,0.0,0.0,0.0,0.0,0.0,0.0,0.0,4209700.0,4035300.0,8716700.0,0.0,0.0,0.0,0.0,0.0,0.0,0.0,0.0,0.0,0.0,0.0,0.0,0.0,0.0,0.0,0.0,0.0,0.0,0.0,0.0,0.0,0.0,0.0,0.0,16.013049125671387,0.09962616033273515,15.916220937456403,0.13153758750916128,15.944462367466517,0.18814887069917405,0.0023403855512815763
2024-05-08,15.994222342987106,16.135430540895076,15.909497065130392,16.088361740112305,4739100,0.0,0.0,16.00175323486328,16.057294845581055,65.2632544291622,-0.2661151254116483,-0.34361206936786687,0.3052458837592253,-0.0023349209360594703,0.0,0.0,0.0,0.0,0.0,0.0,0.0,0.0,0.0,8843200.0,4209700.0,4035300.0,0.0,0.0,0.0,0.0,0.0,0.0,0.0,0.0,0.0,0.0,0.0,0.0,0.0,0.0,0.0,0.0,0.0,0.0,0.0,0.0,0.0,0.0,0.0,0.0,16.063256581624348,0.07838625096128639,15.932359286717006,0.1461282458185454,15.98346301487514,0.15138338667747725,0.007071403046930769
2024-05-09,16.041292126829674,16.06011856885342,15.900082140514407,15.975393295288086,12308400,0.0,0.0,16.02058048248291,16.01163730621338,54.65119292467388,-0.25058362920454513,-0.32500638133520254,0.23444966840526768,-0.007021749426640467,0.0,0.0,0.0,0.0,0.0,0.0,0.0,0.0,0.0,4739100.0,8843200.0,4209700.0,0.0,0.0,0.0,0.0,0.0,0.0,0.0,0.0,0.0,0.0,0.0,0.0,0.0,0.0,0.0,0.0,0.0,0.0,0.0,0.0,0.0,0.0,0.0,0.0,16.063256581624348,0.07838625096128639,15.967325210571289,0.11598881624012454,15.994221823556083,0.14443023295274732,0.00592750547133325
2024-05-10,15.947154098809698,15.965980542444115,15.80594589597312,15.881257057189941,10340700,0.0,0.0,16.009284019470215,15.971628332138062,33.834604219937646,-0.2430688676460715,-0.30861887859737636,0.17482621907738205,-0.005892577187812331,0.0,0.0,0.0,0.0,0.0,0.0,0.0,0.0,0.0,12308400.0,4739100.0,8843200.0,0.0,0.0,0.0,0.0,0.0,0.0,0.0,0.0,0.0,0.0,0.0,0.0,0.0,0.0,0.0,0.0,0.0,0.0,0.0,0.0,0.0,0.0,0.0,0.0,15.981670697530111,0.1036949456640594,15.980773789542061,0.09520776620581321,15.96530784879412,0.1199591991891804,-0.002955024709526799
2024-05-13,15.947153892026165,16.041293291216437,15.900083294651182,15.928325653076172,5923300,0.0,0.0,15.999870491027831,15.955154085159302,40.32255956183794,-0.23065645857490757,-0.2930263945928826,0.16145176078843598,0.002963782760818656,0.0,0.0,0.0,0.0,0.0,0.0,0.0,0.0,0.0,10340700.0,12308400.0,4739100.0,0.0,0.0,0.0,0.0,0.0,0.0,0.0,0.0,0.0,0.0,0.0,0.0,0.0,0.0,0.0,0.0,0.0,0.0,0.0,0.0,0.0,0.0,0.0,0.0,15.928325335184732,0.04706811904986307,15.987497874668666,0.08842873423513994,15.949169772011894,0.10709156608225011,-0.0017698171467860346
2024-05-14,16.003634652393323,16.01304877059716,15.87184058865852,15.956565856933594,9395500,0.0,0.0,15.965980720520019,15.950447130203248,46.08695728775575,-0.21605029322768132,-0.27763117431984236,0.15988411359869162,0.0017729549528620048,0.0,0.0,0.0,0.0,0.0,0.0,0.0,0.0,0.0,5923300.0,10340700.0,12308400.0,0.0,0.0,0.0,0.0,0.0,0.0,0.0,0.0,0.0,0.0,0.0,0.0,0.0,0.0,0.0,0.0,0.0,0.0,0.0,0.0,0.0,0.0,0.0,0.0,15.922049522399902,0.03804466049139245,15.99018737248012,0.08693684834386278,15.943118027278356,0.10382960476254263,-0.005865106821092092
2024-05-15,16.02246439434901,16.126016113202525,15.871842080053337,16.050704956054688,4019700,0.0,0.0,15.958449363708496,15.955154085159302,51.63932248201827,-0.19463493306019153,-0.2610319260679122,0.16145176078843598,0.005899709246033558,0.0,0.0,0.0,0.0,0.0,0.0,0.0,0.0,0.0,9395500.0,5923300.0,10340700.0,0.0,0.0,0.0,0.0,0.0,0.0,0.0,0.0,0.0,0.0,0.0,0.0,0.0,0.0,0.0,0.0,0.0,0.0,0.0,0.0,0.0,0.0,0.0,0.0,15.978532155354818,0.06407856232097026,16.000946181161062,0.08942533482547232,15.945807661328997,0.10624022352324523,-0.011020726722761998
2024-05-16,16.201324222145054,16.276637160682725,16.14484131380108,16.22956657409668,10753400,0.0,0.0,16.009284019470215,15.989514780044555,61.194016310219254,-0.16137029179672524,-0.24109959921367483,0.14077806612132082,0.011143536594292902,0.0,0.0,0.0,0.0,0.0,0.0,0.0,0.0,0.0,4019700.0,9395500.0,5923300.0,0.0,0.0,0.0,0.0,0.0,0.0,0.0,0.0,0.0,0.0,0.0,0.0,0.0,0.0,0.0,0.0,0.0,0.0,0.0,0.0,0.0,0.0,0.0,0.0,16.078945795694988,0.13867410234278849,16.01573930467878,0.11766806053472041,15.965980121067592,0.13054652142702236,0.0064214169768304075
2024-05-17,16.14484294601057,16.16367118254848,16.022462999633063,16.126014709472656,7986000,0.0,0.0,16.058235549926756,16.004577016830446,55.633809850624026,-0.1417298208418316,-0.22122564353930618,0.13831785935432636,-0.006380445475931418,0.0,0.0,0.0,0.0,0.0,0.0,0.0,0.0,0.0,10753400.0,4019700.0,9395500.0,0.0,0.0,0.0,0.0,0.0,0.0,0.0,0.0,0.0,0.0,0.0,0.0,0.0,0.0,0.0,0.0,0.0,0.0,0.0,0.0,0.0,0.0,0.0,0.0,16.13542874654134,0.08980165740449084,16.021118300301687,0.12231022472712015,15.976738793509346,0.13740817927625193,0.0
2024-05-20,16.154257064279523,16.210739978333798,16.107188268494205,16.126014709472656,6096100,0.0,0.0,16.097773361206055,15.996575117111206,68.10358002771939,-0.12472683281914598,-0.20192588139527415,0.12518254396039247,0.0,0.0,0.0,0.0,0.0,0.0,0.0,0.0,0.0,0.0,7986000.0,10753400.0,4019700.0,0.0,0.0,0.0,0.0,0.0,0.0,0.0,0.0,0.0,0.0,0.0,0.0,0.0,0.0,0.0,0.0,0.0,0.0,0.0,0.0,0.0,0.0,0.0,0.0,16.160531997680664,0.05978569691572811,16.042635645185197,0.1261151947588667,16.004980427878245,0.1227885933429187,0.0070545354924393955
2024-05-21,16.06011887865237,16.107189473518638,16.00363596037245,16.013050079345703,7889700,0.0,0.0,16.109070205688475,15.989514684677124,59.836166308219916,-0.11899543853435546,-0.1853397928230904,0.11968226048945792,-0.00700511764140932,0.0,0.0,0.0,0.0,0.0,0.0,0.0,0.0,0.0,6096100.0,7986000.0,10753400.0,0.0,0.0,0.0,0.0,0.0,0.0,0.0,0.0,0.0,0.0,0.0,0.0,0.0,0.0,0.0,0.0,0.0,0.0,0.0,0.0,0.0,0.0,0.0,0.0,16.088359832763672,0.06522015961267356,16.06146321977888,0.10628669419823149,16.02111850466047,0.10559575500947452,-0.015054949244906135
2024-05-22,16.24839647436911,16.295465270220934,16.182499441952764,16.257810592651367,8385600,0.0,0.0,16.150491333007814,16.000340700149536,64.49284139635165,-0.09362390134058884,-0.1669966145265901,0.1335962013827861,0.015285065124561514,0.0,0.0,0.0,0.0,0.0,0.0,0.0,0.0,0.0,7889700.0,6096100.0,7986000.0,0.0,0.0,0.0,0.0,0.0,0.0,0.0,0.0,0.0,0.0,0.0,0.0,0.0,0.0,0.0,0.0,0.0,0.0,0.0,0.0,0.0,0.0,0.0,0.0,16.132291793823242,0.12250093289182308,16.10853249686105,0.11037755616719559,16.048015185764857,0.11478739707528954,-0.0074711773036993945
2024-05-23,16.41784636727941,16.493157515019064,16.351949337452137,16.380189895629883,9249300,0.0,0.0,16.180615997314455,16.018697690963744,66.2069929190494,-0.06291652579344742,-0.14618059677996156,0.15836255142896752,0.007527415962997663,0.0,0.0,0.0,0.0,0.0,0.0,0.0,0.0,0.0,8385600.0,7889700.0,6096100.0,0.0,0.0,0.0,0.0,0.0,0.0,0.0,0.0,0.0,0.0,0.0,0.0,0.0,0.0,0.0,0.0,0.0,0.0,0.0,0.0,0.0,0.0,0.0,0.0,16.217016855875652,0.18693851367597997,16.169050216674805,0.1279103535081277,16.079618794577463,0.14018837722692173,0.002303985576427081
2024-05-24,16.38019160629212,16.45550276189688,16.314294569582902,16.34253692626953,9241000,0.0,0.0,16.22392044067383,16.038466930389404,63.44850569830029,-0.04114469890869188,-0.12517341720570763,0.17296666606102695,-0.0022986894291376903,0.0,0.0,0.0,0.0,0.0,0.0,0.0,0.0,0.0,9249300.0,8385600.0,7889700.0,0.0,0.0,0.0,0.0,0.0,0.0,0.0,0.0,0.0,0.0,0.0,0.0,0.0,0.0,0.0,0.0,0.0,0.0,0.0,0.0,0.0,0.0,0.0,0.0,16.32684580485026,0.06268039500446233,16.21074049813407,0.13044272812561686,16.105843339647567,0.15295071327722964,0.002309657935729126
2024-05-28,16.29546411724711,16.37077526261713,16.25780944234177,16.30487823486328,11508000,0.0,0.0,16.259693145751953,16.054941177368164,57.14291154995148,-0.026622226459785736,-0.10546317905652326,0.18209317557565696,-0.0023043357084735483,0.0,0.0,0.0,0.0,0.0,0.0,0.0,0.0,0.0,9241000.0,9249300.0,8385600.0,0.0,0.0,0.0,0.0,0.0,0.0,0.0,0.0,0.0,0.0,0.0,0.0,0.0,0.0,0.0,0.0,0.0,0.0,0.0,0.0,0.0,0.0,0.0,0.0,16.3425350189209,0.03765583041943194,16.221499306815012,0.13527075350066978,16.118619305746897,0.16196956504524135,0.01702861794332433
2024-05-29,16.11660278867419,16.14484334862585,16.003635162189028,16.031877517700195,8563800,0.0,0.0,16.26345863342285,16.070003461837768,48.10122118394444,-0.036718668771115404,-0.0917142769994417,0.1655641865472465,-0.016743499290865715,0.0,0.0,0.0,0.0,0.0,0.0,0.0,0.0,0.0,11508000.0,9241000.0,9249300.0,0.0,0.0,0.0,0.0,0.0,0.0,0.0,0.0,0.0,0.0,0.0,0.0,0.0,0.0,0.0,0.0,0.0,0.0,0.0,0.0,0.0,0.0,0.0,0.0,16.226430892944336,0.16953703466725906,16.208051136561803,0.15020108860635042,16.114584718431747,0.16347772066517177,0.009484164884924207
2024-05-30,15.918911740018494,15.965980542444115,15.787117656778983,15.881257057189941,11351200,0.0,0.0,16.188147926330565,16.07471046447754,46.91363660524728,-0.056225847844672217,-0.0846165911684878,0.15827621383612234,-0.00939506058126749,0.0,0.0,0.0,0.0,0.0,0.0,0.0,0.0,0.0,8563800.0,11508000.0,9241000.0,0.0,0.0,0.0,0.0,0.0,0.0,0.0,0.0,0.0,0.0,0.0,0.0,0.0,0.0,0.0,0.0,0.0,0.0,0.0,0.0,0.0,0.0,0.0,0.0,16.072670936584473,0.21473658936365247,16.17308575766427,0.19445160194935593,16.107860701424734,0.17138780105549778,-0.012835733975828378
2024-05-31,16.06854550363783,16.15498731994164,15.780407337250306,16.08775520324707,14253800,0.335,0.0,16.129660987854002,16.085035371780396,56.30568425712097,-0.054395713269887125,-0.07857241558876767,0.15158629775283244,0.01300263230508203,0.0,0.0,0.0,0.0,0.0,0.0,0.0,0.0,0.0,11351200.0,8563800.0,11508000.0,0.0,0.0,0.0,0.0,0.0,0.0,0.0,0.0,0.0,0.0,0.0,0.0,0.0,0.0,0.0,0.0,0.0,0.0,0.0,0.0,0.0,0.0,0.0,0.0,16.000296592712402,0.10681005195471087,16.18375791822161,0.18607398757373897,16.122610569000244,0.15881007469636702,-0.00593472719359267
2024-06-03,16.20301135035104,16.231824067438374,16.020522870400956,16.183801651000977,8585300,0.0,0.0,16.097913932800292,16.097338485717774,57.57471051161233,-0.04468012808967359,-0.07179395808894885,0.14896503331232613,0.005970158455327557,0.0,0.0,0.0,0.0,0.0,0.0,0.0,0.0,0.0,14253800.0,11351200.0,8563800.0,0.0,0.0,0.0,0.0,0.0,0.0,0.0,0.0,0.0,0.0,0.0,0.0,0.0,0.0,0.0,0.0,0.0,0.0,0.0,0.0,0.0,0.0,0.0,0.0,16.05093797047933,0.15459605196308507,16.173185212271555,0.18324614668716677,16.1408588545663,0.1491524874650718,0.0029761950496436373
2024-06-04,16.03012873786625,16.135778427124023,15.905267516100865,16.135778427124023,8822800,0.0,0.0,16.06409397125244,16.10535774230957,55.25193456140625,-0.04038993957581738,-0.06551315438632256,0.14634887515900075,-0.0029673635967963907,0.0,0.0,0.0,0.0,0.0,0.0,0.0,0.0,0.0,8585300.0,14253800.0,11351200.0,0.0,0.0,0.0,0.0,0.0,0.0,0.0,0.0,0.0,0.0,0.0,0.0,0.0,0.0,0.0,0.0,0.0,0.0,0.0,0.0,0.0,0.0,0.0,0.0,16.135778427124023,0.048023223876908584,16.13826928819929,0.1588969152313487,16.153659752437047,0.1394968592642363,-0.020408080555439745
2024-06-05,16.414311823343603,16.500753634668133,16.327870012019076,16.471939086914062,7513200,0.0,0.0,16.152106285095215,16.12265396118164,60.81096957432248,-0.009752161587972097,-0.05436095582665247,0.1677896333476829,0.0208332471413315,0.0,0.0,0.0,0.0,0.0,0.0,0.0,0.0,0.0,8822800.0,8585300.0,14253800.0,0.0,0.0,0.0,0.0,0.0,0.0,0.0,0.0,0.0,0.0,0.0,0.0,0.0,0.0,0.0,0.0,0.0,0.0,0.0,0.0,0.0,0.0,0.0,0.0,16.263839721679688,0.18181189968231032,16.15675531114851,0.1909221103488858,16.183747904641287,0.15956665997769598,-0.022234882639292408
2024-06-06,16.74086796922874,16.85612248672492,16.70244857543833,16.846519470214844,7386000,0.0,0.0,16.345158767700195,16.16056184768677,64.38857849504458,0.04424398748733438,-0.034639967163855104,0.23271611593215102,0.02274051532878496,0.0,0.0,0.0,0.0,0.0,0.0,0.0,0.0,0.0,7513200.0,8822800.0,8585300.0,0.0,0.0,0.0,0.0,0.0,0.0,0.0,0.0,0.0,0.0,0.0,0.0,0.0,0.0,0.0,0.0,0.0,0.0,0.0,0.0,0.0,0.0,0.0,0.0,16.484745661417644,0.3555435470463987,16.234132630484446,0.32419925999549865,16.22781596864973,0.2387432841809383,-0.026096740338789837
2024-06-07,17.345961719013236,17.45161323798612,17.20189263164702,17.29793930053711,11158200,0.0,0.0,16.587195587158202,16.22668914794922,73.5159441611815,0.12205515641833742,-0.003300942447416598,0.3403452351217347,0.02679602935908454,0.0,0.0,0.0,0.0,0.0,0.0,0.0,0.0,0.0,7386000.0,7513200.0,8822800.0,0.0,0.0,0.0,0.0,0.0,0.0,0.0,0.0,0.0,0.0,0.0,0.0,0.0,0.0,0.0,0.0,0.0,0.0,0.0,0.0,0.0,0.0,0.0,0.0,16.872132619222004,0.41359534968113726,16.414998599461146,0.4987352287793781,16.311524868011475,0.36978981099103536,0.009529252308900782
2024-06-10,17.009797606722653,17.163473360866924,16.952170343879583,17.134658813476562,6404300,0.0,0.0,16.77736701965332,16.28935923576355,68.99484845284765,0.1686021569672178,0.031079677435510288,0.3857595029623702,-0.009439302810796524,0.0,0.0,0.0,0.0,0.0,0.0,0.0,0.0,0.0,11158200.0,7386000.0,7513200.0,0.0,0.0,0.0,0.0,0.0,0.0,0.0,0.0,0.0,0.0,0.0,0.0,0.0,0.0,0.0,0.0,0.0,0.0,0.0,0.0,0.0,0.0,0.0,0.0,17.09303919474284,0.22856970555977632,16.59405599321638,0.5001701224642481,16.383570875440324,0.42500183245866313,0.0028104603106899884
2024-06-11,17.105845364504223,17.1154502142511,16.904149015633127,17.086637496948242,5756500,0.0,0.0,16.967538833618164,16.347274827957154,70.72480043594804,0.19931845229565326,0.06472743240753889,0.41457781632178325,-0.002802583760264432,0.0,0.0,0.0,0.0,0.0,0.0,0.0,0.0,0.0,6404300.0,11158200.0,7386000.0,0.0,0.0,0.0,0.0,0.0,0.0,0.0,0.0,0.0,0.0,0.0,0.0,0.0,0.0,0.0,0.0,0.0,0.0,0.0,0.0,0.0,0.0,0.0,0.0,17.173078536987305,0.11076628284789063,16.736753463745117,0.47342352069147176,16.460255690983363,0.4491731214613768,-0.003919356589064504
2024-06-12,17.096240530372352,17.201892045746725,17.04821811353188,17.15386962890625,6033900,0.0,0.0,17.1039249420166,16.407140016555786,68.57059619696352,0.2264757374835753,0.09707709342274617,0.44080580559610966,0.003934778388668736,0.0,0.0,0.0,0.0,0.0,0.0,0.0,0.0,0.0,5756500.0,6404300.0,11158200.0,0.0,0.0,0.0,0.0,0.0,0.0,0.0,0.0,0.0,0.0,0.0,0.0,0.0,0.0,0.0,0.0,0.0,0.0,0.0,0.0,0.0,0.0,0.0,0.0,17.12505531311035,0.03462961602947182,16.87533460344587,0.4239842846379609,16.524259907858713,0.48083254159332695,0.002807527639579366
2024-06-13,17.144263894721302,17.19228630908442,17.038612384797226,17.105844497680664,6851000,0.0,0.0,17.155789947509767,16.459896993637084,65.51723997288525,0.24134082808878077,0.12592984035595312,0.45868011061901215,-0.002799667495703595,0.0,0.0,0.0,0.0,0.0,0.0,0.0,0.0,0.0,6033900.0,5756500.0,6404300.0,0.0,0.0,0.0,0.0,0.0,0.0,0.0,0.0,0.0,0.0,0.0,0.0,0.0,0.0,0.0,0.0,0.0,0.0,0.0,0.0,0.0,0.0,0.0,0.0,17.115450541178387,0.03463014504223171,17.01391547066825,0.27396317203939796,16.576092379433767,0.5027211434458015,0.0011240948218074198
2024-06-14,16.98098598167037,17.105845364504223,16.92335871512688,17.086637496948242,6694600,0.0,0.0,17.11352958679199,16.50275053977966,66.03820823364002,0.24870476137530417,0.15048482455982334,0.47574785790137053,-0.0011228326514383102,0.0,0.0,0.0,0.0,0.0,0.0,0.0,0.0,0.0,6851000.0,6033900.0,5756500.0,0.0,0.0,0.0,0.0,0.0,0.0,0.0,0.0,0.0,0.0,0.0,0.0,0.0,0.0,0.0,0.0,0.0,0.0,0.0,0.0,0.0,0.0,0.0,0.0,17.115450541178387,0.03463014504223171,17.101729529244558,0.13410558537759135,16.629242420196533,0.5153065044991575,-0.008361106646422756
2024-06-17,17.067426491898953,17.278727674353654,17.0290070958503,17.23070526123047,6348700,0.0,0.0,17.132738876342774,16.557985067367554,69.07990368068401,0.26313256766645665,0.17301437318115,0.4935028177568676,0.00843160418824107,0.0,0.0,0.0,0.0,0.0,0.0,0.0,0.0,0.0,6694600.0,6851000.0,6033900.0,0.0,0.0,0.0,0.0,0.0,0.0,0.0,0.0,0.0,0.0,0.0,0.0,0.0,0.0,0.0,0.0,0.0,0.0,0.0,0.0,0.0,0.0,0.0,0.0,17.141062418619793,0.07822471887297898,17.156613213675364,0.07991962803470204,16.695372922079905,0.529684255370459,0.001674955697832159
2024-06-18,17.26912497228921,17.355566792207746,17.173078302164406,17.201892852783203,10828100,0.0,0.0,17.155789947509767,16.61177897453308,76.81067383220541,0.2691393170193841,0.19223936194879684,0.5024937155198423,-0.0016721549124337765,0.0,0.0,0.0,0.0,0.0,0.0,0.0,0.0,0.0,6348700.0,6694600.0,6851000.0,0.0,0.0,0.0,0.0,0.0,0.0,0.0,0.0,0.0,0.0,0.0,0.0,0.0,0.0,0.0,0.0,0.0,0.0,0.0,0.0,0.0,0.0,0.0,0.0,17.173078536987305,0.07623371152180315,17.142892292567662,0.05639476753064251,16.778945446014404,0.508837701872334,-0.019704398693612513
2024-06-20,17.69172799955426,17.74935526487318,17.442007407255282,17.547658920288086,17345600,0.0,0.0,17.234547805786132,16.6885094165802,85.05054735733144,0.2983608232704249,0.21346365421312247,0.5230046048303363,0.020100466295425168,0.0,0.0,0.0,0.0,0.0,0.0,0.0,0.0,0.0,10828100.0,6348700.0,6694600.0,0.0,0.0,0.0,0.0,0.0,0.0,0.0,0.0,0.0,0.0,0.0,0.0,0.0,0.0,0.0,0.0,0.0,0.0,0.0,0.0,0.0,0.0,0.0,0.0,17.326752344767254,0.19185235221744745,17.20189230782645,0.1625235567353511,16.897974150521414,0.4765768802418966,0.011627969627938661
2024-06-21,17.49002969527928,17.51884424369714,17.19228668937896,17.34596061706543,22822100,0.0,0.0,17.282571029663085,16.742916917800905,76.5182225295267,0.3017651492981166,0.2311239532301213,0.5323572008729904,-0.011494314092773905,0.0,0.0,0.0,0.0,0.0,0.0,0.0,0.0,0.0,17345600.0,10828100.0,6348700.0,0.0,0.0,0.0,0.0,0.0,0.0,0.0,0.0,0.0,0.0,0.0,0.0,0.0,0.0,0.0,0.0,0.0,0.0,0.0,0.0,0.0,0.0,0.0,0.0,17.36517079671224,0.17368165306379535,17.23893846784319,0.1614251733032708,16.987845965794154,0.42821559301474765,-0.004410172176800065
2024-06-24,17.278729073762896,17.470822405688597,17.249914524392707,17.42279815673828,5758800,0.0,0.0,17.349803161621093,16.795047330856324,76.32653789071904,0.307122927563821,0.24632374809686125,0.5458453417090826,0.004429707951559392,0.0,0.0,0.0,0.0,0.0,0.0,0.0,0.0,0.0,22822100.0,17345600.0,10828100.0,0.0,0.0,0.0,0.0,0.0,0.0,0.0,0.0,0.0,0.0,0.0,0.0,0.0,0.0,0.0,0.0,0.0,0.0,0.0,0.0,0.0,0.0,0.0,0.0,17.438805898030598,0.10179753050375308,17.277356828962052,0.1695997268084661,17.076345716203964,0.3738404626875845,-0.01090514241263607
2024-06-25,17.538054087767044,17.63410075135029,17.4420074241838,17.614891052246094,8733100,0.0,0.0,17.42664031982422,16.858665037155152,79.6153990099698,0.3231442904898394,0.2616878565754569,0.564168200674468,0.011025375704850182,0.0,0.0,0.0,0.0,0.0,0.0,0.0,0.0,0.0,5758800.0,22822100.0,17345600.0,0.0,0.0,0.0,0.0,0.0,0.0,0.0,0.0,0.0,0.0,0.0,0.0,0.0,0.0,0.0,0.0,0.0,0.0,0.0,0.0,0.0,0.0,0.0,0.0,17.46121660868327,0.13852031558215075,17.350077765328543,0.19151977008708712,17.181996617998397,0.286347242271967,0.006586267151237779
2024-06-26,17.566867732467465,17.624494994876933,17.44200652665303,17.4996337890625,8693400,0.0,0.0,17.48618850708008,16.91840281486511,72.5738120854407,0.3228197727506803,0.2739142398105016,0.5656955891088798,-0.006543172071955428,0.0,0.0,0.0,0.0,0.0,0.0,0.0,0.0,0.0,8733100.0,5758800.0,22822100.0,0.0,0.0,0.0,0.0,0.0,0.0,0.0,0.0,0.0,0.0,0.0,0.0,0.0,0.0,0.0,0.0,0.0,0.0,0.0,0.0,0.0,0.0,0.0,0.0,17.512440999348957,0.0966847382093505,17.40907723563058,0.15741590387919596,17.25540338243757,0.2125311910346479,-0.022007592118284625
2024-06-27,17.883821969842494,17.96065893701091,17.816588020624554,17.89342498779297,8949300,0.0,0.0,17.555341720581055,17.011480188369752,72.8033382412082,0.35030020607028334,0.289191433062458,0.565298788123535,0.022502825114922853,0.0,0.0,0.0,0.0,0.0,0.0,0.0,0.0,0.0,8693400.0,8733100.0,5758800.0,0.0,0.0,0.0,0.0,0.0,0.0,0.0,0.0,0.0,0.0,0.0,0.0,0.0,0.0,0.0,0.0,0.0,0.0,0.0,0.0,0.0,0.0,0.0,0.0,17.66931660970052,0.2024585958351407,17.503751482282365,0.21935978577228668,17.330182347978866,0.2400004161399581,0.0005371004595429163
2024-06-28,17.95105168837423,17.999074099460714,17.806982623177213,17.883819580078125,9520300,0.0,0.0,17.662913513183593,17.11160831451416,65.80303950116786,0.3670721916047448,0.30476758477091537,0.5308756684847392,-0.0005368121374972334,0.0,0.0,0.0,0.0,0.0,0.0,0.0,0.0,0.0,8949300.0,8693400.0,8733100.0,0.0,0.0,0.0,0.0,0.0,0.0,0.0,0.0,0.0,0.0,0.0,0.0,0.0,0.0,0.0,0.0,0.0,0.0,0.0,0.0,0.0,0.0,0.0,0.0,17.7589594523112,0.2246339593179239,17.60116958618164,0.21432584681275138,17.37203093937465,0.281446661560807,-0.007462656548216984
2024-07-01,18.13353836367944,18.200772304089682,17.970259600843967,18.01828384399414,8064200,0.0,0.0,17.782010650634767,17.208134746551515,74.21051421356617,0.38675597122071537,0.32116526206087537,0.5100149024170784,0.0075187665204252685,0.0,0.0,0.0,0.0,0.0,0.0,0.0,0.0,0.0,9520300.0,8949300.0,8693400.0,0.0,0.0,0.0,0.0,0.0,0.0,0.0,0.0,0.0,0.0,0.0,0.0,0.0,0.0,0.0,0.0,0.0,0.0,0.0,0.0,0.0,0.0,0.0,0.0,17.931842803955078,0.07501403879666536,17.66840171813965,0.2630250962059088,17.435147012983048,0.3204906396155922,-0.024440996864441678
2024-07-02,18.344842391696254,18.4985163144632,18.287215128643066,18.469701766967773,10531700,0.0,0.0,17.9529727935791,17.322429752349855,81.03441191928495,0.43378080698359156,0.3436883710454186,0.5243148362344461,0.025053325104771318,0.0,0.0,0.0,0.0,0.0,0.0,0.0,0.0,0.0,8064200.0,9520300.0,8949300.0,0.0,0.0,0.0,0.0,0.0,0.0,0.0,0.0,0.0,0.0,0.0,0.0,0.0,0.0,0.0,0.0,0.0,0.0,0.0,0.0,0.0,0.0,0.0,0.0,18.123935063680012,0.30689757150301794,17.828936168125697,0.3588889207374279,17.533937317984446,0.40643824076306817,-0.007227744433993988
2024-07-03,18.527330976374444,18.66179520164149,18.517726127149984,18.604167938232422,7252400,0.0,0.0,18.173879623413086,17.445849227905274,81.58990218594309,0.47640690214674564,0.370232077265684,0.5207928658344623,0.007280365051975934,0.0,0.0,0.0,0.0,0.0,0.0,0.0,0.0,0.0,10531700.0,8064200.0,9520300.0,0.0,0.0,0.0,0.0,0.0,0.0,0.0,0.0,0.0,0.0,0.0,0.0,0.0,0.0,0.0,0.0,0.0,0.0,0.0,0.0,0.0,0.0,0.0,0.0,18.364051183064777,0.30689831765521,17.997703279767716,0.4101762612693792,17.637530054364884,0.48024019054680084,-0.003087951897736696
2024-07-05,18.681004360369506,18.79625888385777,18.584957702837535,18.661794662475586,7709600,0.0,0.0,18.32755355834961,17.55534200668335,83.75000620582487,0.508971280608538,0.39797991793425486,0.5352583212073927,0.003097516880867346,0.0,0.0,0.0,0.0,0.0,0.0,0.0,0.0,0.0,7252400.0,10531700.0,8064200.0,0.0,0.0,0.0,0.0,0.0,0.0,0.0,0.0,0.0,0.0,0.0,0.0,0.0,0.0,0.0,0.0,0.0,0.0,0.0,0.0,0.0,0.0,0.0,0.0,18.57855478922526,0.09857456658616538,18.147260938371932,0.43729606716923436,17.748669351850236,0.5256277987041582,-0.0035897290711330854
2024-07-08,18.83467830103249,18.853886167010597,18.70021224756,18.729026794433594,10910900,0.0,0.0,18.496595001220705,17.649467372894286,84.8978820981405,0.5340476870170363,0.4251934717508112,0.5685365719624389,0.003602661650392802,0.0,0.0,0.0,0.0,0.0,0.0,0.0,0.0,0.0,7709600.0,7252400.0,10531700.0,0.0,0.0,0.0,0.0,0.0,0.0,0.0,0.0,0.0,0.0,0.0,0.0,0.0,0.0,0.0,0.0,0.0,0.0,0.0,0.0,0.0,0.0,0.0,0.0,18.6649964650472,0.06249097653025483,18.3228885105678,0.376493111959705,17.865982873099192,0.5492540145570497,0.010362711360746957
2024-07-09,18.805864180023146,18.815469029198514,18.527330881688076,18.53693389892578,12586700,0.0,0.0,18.60032501220703,17.71141710281372,77.19993645245849,0.532284780863332,0.4466117335733154,0.5950989439159052,-0.010256426968479948,0.0,0.0,0.0,0.0,0.0,0.0,0.0,0.0,0.0,10910900.0,7709600.0,7252400.0,0.0,0.0,0.0,0.0,0.0,0.0,0.0,0.0,0.0,0.0,0.0,0.0,0.0,0.0,0.0,0.0,0.0,0.0,0.0,0.0,0.0,0.0,0.0,0.0,18.642585118611652,0.09747653593402562,18.414818355015345,0.32982349241695236,17.959284918648855,0.5439572574876294,-0.0036139234783229
2024-07-10,18.681004900090404,18.73863216349947,18.402469768394177,18.604167938232422,16768700,0.0,0.0,18.62721824645996,17.784892559051514,78.74005898155184,0.5302010623016926,0.46332959931899087,0.6106551005351093,0.003627031291865146,0.0,0.0,0.0,0.0,0.0,0.0,0.0,0.0,0.0,12586700.0,10910900.0,7709600.0,0.0,0.0,0.0,0.0,0.0,0.0,0.0,0.0,0.0,0.0,0.0,0.0,0.0,0.0,0.0,0.0,0.0,0.0,0.0,0.0,0.0,0.0,0.0,0.0,18.623376210530598,0.0974763480010055,18.517725263323104,0.23539539790817443,18.05944742475237,0.5224453931244749,-0.026143713847092687
2024-07-11,18.86349144415023,19.276490799024984,18.81546903020847,19.103607177734375,14459300,0.0,0.0,18.72710609436035,17.88574104309082,79.99989702952237,0.5623676487757585,0.4831372092103444,0.6542626691046913,0.026845556391456915,0.0,0.0,0.0,0.0,0.0,0.0,0.0,0.0,0.0,16768700.0,12586700.0,10910900.0,0.0,0.0,0.0,0.0,0.0,0.0,0.0,0.0,0.0,0.0,0.0,0.0,0.0,0.0,0.0,0.0,0.0,0.0,0.0,0.0,0.0,0.0,0.0,0.0,18.748236338297527,0.30959074461596336,18.672771453857422,0.20736706506277905,18.170586585998535,0.5686525765439817,-0.025000077877010418
2024-07-12,19.362933924161798,19.65107209124854,19.334119374678007,19.59344482421875,10583500,0.0,0.0,18.913436126708984,18.007719802856446,88.99992784711002,0.620236009991789,0.5105569693666334,0.7332757521091968,0.025641107562936583,0.0,0.0,0.0,0.0,0.0,0.0,0.0,0.0,0.0,14459300.0,16768700.0,12586700.0,0.0,0.0,0.0,0.0,0.0,0.0,0.0,0.0,0.0,0.0,0.0,0.0,0.0,0.0,0.0,0.0,0.0,0.0,0.0,0.0,0.0,0.0,0.0,0.0,19.100406646728516,0.49464620875499854,18.833306176321848,0.38384219313375406,18.33112117222377,0.6316932931975824,0.00443138048242897
2024-07-15,19.37253765091087,19.60304853760448,19.37253765091087,19.507001876831055,11641700,0.0,0.0,19.069031143188475,18.127777671813966,86.04640576044208,0.6516105193011512,0.538767679353537,0.7733169526982002,-0.004411829985141114,0.0,0.0,0.0,0.0,0.0,0.0,0.0,0.0,0.0,10583500.0,14459300.0,16768700.0,0.0,0.0,0.0,0.0,0.0,0.0,0.0,0.0,0.0,0.0,0.0,0.0,0.0,0.0,0.0,0.0,0.0,0.0,0.0,0.0,0.0,0.0,0.0,0.0,19.40135129292806,0.26145126579836847,18.96228245326451,0.44138539093976226,18.479992866516113,0.6465791169786073,-0.016940881231489513
2024-07-16,19.699093474040716,19.843162536621094,19.66067408031927,19.843162536621094,7137500,0.0,0.0,19.330276870727538,18.265603923797606,86.70875098193244,0.6955821616287636,0.5701305758085824,0.822096611471035,0.017232820395086224,0.0,0.0,0.0,0.0,0.0,0.0,0.0,0.0,0.0,11641700.0,10583500.0,14459300.0,0.0,0.0,0.0,0.0,0.0,0.0,0.0,0.0,0.0,0.0,0.0,0.0,0.0,0.0,0.0,0.0,0.0,0.0,0.0,0.0,0.0,0.0,0.0,0.0,19.6478697458903,0.17456388908299159,19.131049292428152,0.5252312929942259,18.63915511540004,0.6900397373468692,0.006332129691518862
2024-07-17,19.72790852909847,19.862372746723025,19.651069739670074,19.718303680419922,14389200,0.0,0.0,19.55310401916504,18.38998384475708,86.43530850400055,0.7121457656741903,0.598533613781704,0.8451386675258692,-0.0062922861197524105,0.0,0.0,0.0,0.0,0.0,0.0,0.0,0.0,0.0,7137500.0,11641700.0,10583500.0,0.0,0.0,0.0,0.0,0.0,0.0,0.0,0.0,0.0,0.0,0.0,0.0,0.0,0.0,0.0,0.0,0.0,0.0,0.0,0.0,0.0,0.0,0.0,0.0,19.689489364624023,0.16992261736935438,19.27237456185477,0.5320782009746527,18.797631536211288,0.662423221524456,-0.07730338787482405
2024-07-18,20.80362701504962,21.716067535614364,20.66916279043751,21.37030029296875,42176100,0.0,0.0,20.006442642211915,18.598404216766358,90.40176493586283,0.8487905326290708,0.6485849975511774,1.0304029073109557,0.08377985446026193,0.0,0.0,0.0,0.0,0.0,0.0,0.0,0.0,0.0,14389200.0,7137500.0,11641700.0,0.0,0.0,0.0,0.0,0.0,0.0,0.0,0.0,0.0,0.0,0.0,0.0,0.0,0.0,0.0,0.0,0.0,0.0,0.0,0.0,0.0,0.0,0.0,0.0,20.310588836669922,0.9198579843927757,19.677141189575195,0.8575362495624675,19.045979772295272,0.9047744307948483,0.026291443455461527
2024-07-19,20.46746571871723,21.005326309872416,20.46746571871723,20.822837829589844,16443500,0.0,0.0,20.252321243286133,18.762163162231445,80.35716396539237,0.9025033525933601,0.699368668559614,1.1116742293518027,-0.025617911581665154,0.0,0.0,0.0,0.0,0.0,0.0,0.0,0.0,0.0,42176100.0,14389200.0,7137500.0,0.0,0.0,0.0,0.0,0.0,0.0,0.0,0.0,0.0,0.0,0.0,0.0,0.0,0.0,0.0,0.0,0.0,0.0,0.0,0.0,0.0,0.0,0.0,0.0,20.637147267659504,0.8415069462343352,19.994094031197683,0.8031548192428074,19.255909647260392,0.954005262355265,-0.005048140565255821
2024-07-22,20.82283627093821,20.92848777770996,20.611533257394708,20.92848777770996,8459600,0.0,0.0,20.536618423461913,18.941289520263673,80.23954042105872,0.9427290238958363,0.7480407396268585,1.1590872066494313,0.005073753586554153,0.0,0.0,0.0,0.0,0.0,0.0,0.0,0.0,0.0,16443500.0,42176100.0,14389200.0,0.0,0.0,0.0,0.0,0.0,0.0,0.0,0.0,0.0,0.0,0.0,0.0,0.0,0.0,0.0,0.0,0.0,0.0,0.0,0.0,0.0,0.0,0.0,0.0,21.040541966756184,0.2904236442927052,20.254791259765625,0.7610003837588655,19.463781356811523,0.9802860428122966,-0.01313404302183363
2024-07-23,20.99572052524364,21.226231411786493,20.870859316738546,21.207021713256836,9992300,0.0,0.0,20.809390258789062,19.130500698089598,79.503122700118,0.9857207438613962,0.795576740473766,1.2060786579203526,0.013308841924237313,0.0,0.0,0.0,0.0,0.0,0.0,0.0,0.0,0.0,8459600.0,16443500.0,42176100.0,0.0,0.0,0.0,0.0,0.0,0.0,0.0,0.0,0.0,0.0,0.0,0.0,0.0,0.0,0.0,0.0,0.0,0.0,0.0,0.0,0.0,0.0,0.0,0.0,20.98611577351888,0.19846927606812156,20.485302243913925,0.7715942410080996,19.659304210117885,1.03804452022535,0.010064041837954285
2024-07-24,21.00532475865119,21.23583563843567,20.966905362718297,20.99571990966797,7859100,0.0,0.0,21.064873504638673,19.299542140960693,75.35642437493782,0.9913144461821801,0.834724281615449,1.219325930548182,-0.009963766079268854,0.0,0.0,0.0,0.0,0.0,0.0,0.0,0.0,0.0,9992300.0,8459600.0,16443500.0,0.0,0.0,0.0,0.0,0.0,0.0,0.0,0.0,0.0,0.0,0.0,0.0,0.0,0.0,0.0,0.0,0.0,0.0,0.0,0.0,0.0,0.0,0.0,0.0,21.043743133544922,0.14534428381049264,20.69797624860491,0.6530682705406026,19.83012935093471,1.0477863370375249,-0.006815094874847216
2024-07-25,20.928488393475966,21.255044108497597,20.928488393475966,21.139789581298828,11403500,0.0,0.0,21.018771362304687,19.48154993057251,75.800015489744,0.9958926831028379,0.8669579619129268,1.2081447854608207,0.006861859095601552,0.0,0.0,0.0,0.0,0.0,0.0,0.0,0.0,0.0,7859100.0,9992300.0,8459600.0,0.0,0.0,0.0,0.0,0.0,0.0,0.0,0.0,0.0,0.0,0.0,0.0,0.0,0.0,0.0,0.0,0.0,0.0,0.0,0.0,0.0,0.0,0.0,0.0,21.114177068074543,0.10795422027484426,20.883208683558873,0.5451764469660346,20.007128987993514,1.044536352003857,-0.03422552268128387
2024-07-26,21.57199583256508,22.033019416365242,21.552787966857338,21.88895034790039,15980100,0.0,0.0,21.231993865966796,19.68132619857788,78.80912120451205,1.0478925289307952,0.9031448753165006,1.2609079314524907,0.03543842116878504,0.0,0.0,0.0,0.0,0.0,0.0,0.0,0.0,0.0,11403500.0,7859100.0,9992300.0,0.0,0.0,0.0,0.0,0.0,0.0,0.0,0.0,0.0,0.0,0.0,0.0,0.0,0.0,0.0,0.0,0.0,0.0,0.0,0.0,0.0,0.0,0.0,0.0,21.34148661295573,0.4795585713763712,21.193301064627512,0.3570050852661994,20.23283781324114,1.0876302489230534,0.008406969186337987
2024-07-29,21.735277485813715,21.82171930476238,21.62002294850739,21.706464767456055,8940800,0.0,0.0,21.387589263916016,19.872458457946777,78.94742159750686,1.0621340993995219,0.9349427201331049,1.2638165420780978,-0.008336881282287711,0.0,0.0,0.0,0.0,0.0,0.0,0.0,0.0,0.0,15980100.0,11403500.0,7859100.0,0.0,0.0,0.0,0.0,0.0,0.0,0.0,0.0,0.0,0.0,0.0,0.0,0.0,0.0,0.0,0.0,0.0,0.0,0.0,0.0,0.0,0.0,0.0,0.0,21.578401565551758,0.39065406860183066,21.24132456098284,0.40426481648533347,20.459232875279017,1.0361220018313873,-0.0004422301609928736
2024-07-30,21.658439170813118,21.783300382395208,21.610416755243225,21.716068267822266,6682900,0.0,0.0,21.489398574829103,20.057347679138182,78.7234469572933,1.0619540238768863,0.9603449808818613,1.2486764769644367,0.00044242581503217693,0.0,0.0,0.0,0.0,0.0,0.0,0.0,0.0,0.0,8940800.0,15980100.0,11403500.0,0.0,0.0,0.0,0.0,0.0,0.0,0.0,0.0,0.0,0.0,0.0,0.0,0.0,0.0,0.0,0.0,0.0,0.0,0.0,0.0,0.0,0.0,0.0,0.0,21.77049446105957,0.1026981238882705,21.368928909301758,0.39090719400514684,20.68151147024972,0.9365564948735371,0.021690157831770307
2024-07-31,21.67764721592102,21.754484174133214,20.89006793626163,21.255043029785156,18250700,0.0,0.0,21.54126319885254,20.196614742279053,70.0,1.0129339568419269,0.9708627760738745,1.21721455643125,-0.021229682664068217,0.0,0.0,0.0,0.0,0.0,0.0,0.0,0.0,0.0,6682900.0,8940800.0,15980100.0,0.0,0.0,0.0,0.0,0.0,0.0,0.0,0.0,0.0,0.0,0.0,0.0,0.0,0.0,0.0,0.0,0.0,0.0,0.0,0.0,0.0,0.0,0.0,0.0,21.559192021687824,0.2634445174250117,21.415579659598215,0.34655402695267795,20.83518545968192,0.8279414531614434,-0.007623490220422857
2024-08-01,21.40872240573602,21.552791497803394,21.293466032919387,21.418325424194336,10759600,0.0,0.0,21.59697036743164,20.337322616577147,68.06084899089032,0.9760098906922821,0.9718921989975561,1.1856894574393193,0.0076820542861459895,0.0,0.0,0.0,0.0,0.0,0.0,0.0,0.0,0.0,18250700.0,6682900.0,8940800.0,0.0,0.0,0.0,0.0,0.0,0.0,0.0,0.0,0.0,0.0,0.0,0.0,0.0,0.0,0.0,0.0,0.0,0.0,0.0,0.0,0.0,0.0,0.0,0.0,21.463145573933918,0.23375778466977892,21.445765904017858,0.33434782745883196,20.96553407396589,0.7581147367613013,0.024345485931838162
2024-08-02,20.966906133709678,20.986115832382502,20.630743734686064,20.909278869628906,10940900,0.0,0.0,21.401036071777344,20.449696826934815,62.80702940158945,0.8953504568411326,0.9565838505662714,1.1233997054882647,-0.023766869934210955,0.0,0.0,0.0,0.0,0.0,0.0,0.0,0.0,0.0,10759600.0,18250700.0,6682900.0,0.0,0.0,0.0,0.0,0.0,0.0,0.0,0.0,0.0,0.0,0.0,0.0,0.0,0.0,0.0,0.0,0.0,0.0,0.0,0.0,0.0,0.0,0.0,0.0,21.194215774536133,0.25991741941336927,21.433417184012278,0.3547159246484634,21.065696716308594,0.6328802361044727,0.046634671980634756
2024-08-05,19.72790995198266,20.198536579550318,19.574234193979503,19.977628707885742,14844400,0.0,0.0,21.055268859863283,20.512126922607422,51.10760582498951,0.74763264867806,0.9147936101886291,1.0553797939203602,-0.044556781109099,0.0,0.0,0.0,0.0,0.0,0.0,0.0,0.0,0.0,10940900.0,10759600.0,18250700.0,0.0,0.0,0.0,0.0,0.0,0.0,0.0,0.0,0.0,0.0,0.0,0.0,0.0,0.0,0.0,0.0,0.0,0.0,0.0,0.0,0.0,0.0,0.0,0.0,20.76841100056966,0.730605621724533,21.26739420209612,0.657659717948496,21.0753014428275,0.6136270962274879,-0.009052000301238206
2024-08-06,20.14090840340719,20.256164769190317,20.06407143686437,20.160118103027344,9996700,0.0,0.0,20.744078826904296,20.5932861328125,53.60502504116462,0.6379368515965993,0.8594222584702232,0.952931489754022,0.009134687495196525,0.0,0.0,0.0,0.0,0.0,0.0,0.0,0.0,0.0,14844400.0,10940900.0,10759600.0,0.0,0.0,0.0,0.0,0.0,0.0,0.0,0.0,0.0,0.0,0.0,0.0,0.0,0.0,0.0,0.0,0.0,0.0,0.0,0.0,0.0,0.0,0.0,0.0,20.349008560180664,0.4937131855355353,21.020418167114258,0.7080308387665757,21.106859615870885,0.5461171707318712,0.0009538207567003631
2024-08-07,20.448256968679505,20.582721194695658,20.121699420979407,20.140907287597656,8944600,0.0,0.0,20.521251678466797,20.67012310028076,36.32479865572463,0.5431904287025269,0.796175892516684,0.8392812430986044,-0.000952911849598892,0.0,0.0,0.0,0.0,0.0,0.0,0.0,0.0,0.0,9996700.0,14844400.0,10940900.0,0.0,0.0,0.0,0.0,0.0,0.0,0.0,0.0,0.0,0.0,0.0,0.0,0.0,0.0,0.0,0.0,0.0,0.0,0.0,0.0,0.0,0.0,0.0,0.0,20.092884699503582,0.10027572767209024,20.79676709856306,0.702446541022391,21.01904582977295,0.5969716389300749,-0.008041714786756415
2024-08-08,20.073676868350212,20.33300232492339,20.05446716817342,20.304187774658203,8243300,0.0,0.0,20.29842414855957,20.730152130126953,43.691601577180805,0.4757939205173862,0.7320994981168244,0.7605861290301155,0.008106908230548937,0.0,0.0,0.0,0.0,0.0,0.0,0.0,0.0,0.0,8944600.0,9996700.0,14844400.0,0.0,0.0,0.0,0.0,0.0,0.0,0.0,0.0,0.0,0.0,0.0,0.0,0.0,0.0,0.0,0.0,0.0,0.0,0.0,0.0,0.0,0.0,0.0,0.0,20.201737721761067,0.08924278044344258,20.595069885253906,0.587839865879936,20.981999397277832,0.625495933412789,-0.007511693055191837
2024-08-09,20.390628830490193,20.573117311465246,20.304187014867157,20.457860946655273,7794500,0.0,0.0,20.208140563964843,20.77337293624878,44.341813672253366,0.4298270640585109,0.6716450113051617,0.715836358889017,0.007568545646966074,0.0,0.0,0.0,0.0,0.0,0.0,0.0,0.0,0.0,8243300.0,8944600.0,9996700.0,0.0,0.0,0.0,0.0,0.0,0.0,0.0,0.0,0.0,0.0,0.0,0.0,0.0,0.0,0.0,0.0,0.0,0.0,0.0,0.0,0.0,0.0,0.0,0.0,20.30098533630371,0.15850109528328576,20.481186730521067,0.5108506595721881,20.94838319505964,0.6410462632157495,-0.0004692081127620762
2024-08-12,20.467464447021484,20.60193050242444,20.371417788001555,20.467464447021484,11669500,0.0,0.0,20.30610771179199,20.8213960647583,40.49383672506729,0.38968092225745465,0.6152521934956204,0.6561359008642533,0.0004694283723627457,0.0,0.0,0.0,0.0,0.0,0.0,0.0,0.0,0.0,7794500.0,8243300.0,8944600.0,0.0,0.0,0.0,0.0,0.0,0.0,0.0,0.0,0.0,0.0,0.0,0.0,0.0,0.0,0.0,0.0,0.0,0.0,0.0,0.0,0.0,0.0,0.0,0.0,20.40983772277832,0.09162145195364794,20.3453494480678,0.30512494082120156,20.89555767604283,0.6485217221476282,-0.012969006266922767
2024-08-13,20.53469671354612,20.813231843609763,20.53469671354612,20.73639488220215,7691800,0.0,0.0,20.421363067626952,20.866057682037354,46.71533552083872,0.3752397242538592,0.5672496996472682,0.6151663554194335,0.013139411375393983,0.0,0.0,0.0,0.0,0.0,0.0,0.0,0.0,0.0,11669500.0,7794500.0,8243300.0,0.0,0.0,0.0,0.0,0.0,0.0,0.0,0.0,0.0,0.0,0.0,0.0,0.0,0.0,0.0,0.0,0.0,0.0,0.0,0.0,0.0,0.0,0.0,0.0,20.5539067586263,0.1581122804826682,20.320651735578263,0.25470168076478006,20.877034459795272,0.6491439511802912,-0.00735636977897014
2024-08-14,20.75560572962464,20.90927966094767,20.70758148112509,20.89006996154785,5350300,0.0,0.0,20.571195602416992,20.92464599609375,46.84467739191167,0.3719081398483759,0.5281813876874898,0.5527323889655456,0.007410887004162925,0.0,0.0,0.0,0.0,0.0,0.0,0.0,0.0,0.0,7691800.0,11669500.0,7794500.0,0.0,0.0,0.0,0.0,0.0,0.0,0.0,0.0,0.0,0.0,0.0,0.0,0.0,0.0,0.0,0.0,0.0,0.0,0.0,0.0,0.0,0.0,0.0,0.0,20.69797643025716,0.21390614370406125,20.451000486101425,0.2819203251230034,20.85919734409877,0.6447848594258103,-0.0036646147892550607
2024-08-15,21.024532856469108,21.130184364511713,20.947695895693844,20.96690559387207,6838200,0.0,0.0,20.703739166259766,20.904476261138917,35.96494436982958,0.3711889929371992,0.4967829087374317,0.5428865607752827,0.003678093585404385,0.0,0.0,0.0,0.0,0.0,0.0,0.0,0.0,0.0,5350300.0,7691800.0,11669500.0,0.0,0.0,0.0,0.0,0.0,0.0,0.0,0.0,0.0,0.0,0.0,0.0,0.0,0.0,0.0,0.0,0.0,0.0,0.0,0.0,0.0,0.0,0.0,0.0,20.86445681254069,0.11737044815506094,20.566255841936385,0.30698353875661843,20.79333700452532,0.5748044036493227,-0.008178131894921892
2024-08-16,21.13018473204265,21.197416844898214,21.034138071418557,21.139789581298828,5219100,0.0,0.0,20.840124893188477,20.920323848724365,41.34897326547644,0.38018679999026617,0.4734636869879986,0.5450000069546698,0.008245565214796802,0.0,0.0,0.0,0.0,0.0,0.0,0.0,0.0,0.0,6838200.0,5350300.0,7691800.0,0.0,0.0,0.0,0.0,0.0,0.0,0.0,0.0,0.0,0.0,0.0,0.0,0.0,0.0,0.0,0.0,0.0,0.0,0.0,0.0,0.0,0.0,0.0,0.0,20.998921712239582,0.12790131351382633,20.708953312465123,0.30846797220216904,20.75286020551409,0.5231922143338248,-0.011230836881080175
2024-08-19,21.21662503149073,21.42792620425604,21.178205637203828,21.37990379333496,5276900,0.0,0.0,21.02261276245117,20.942894649505615,45.20546007420034,0.4020581608923841,0.4591825817688757,0.5546185696790982,0.01135840123255294,0.0,0.0,0.0,0.0,0.0,0.0,0.0,0.0,0.0,5219100.0,6838200.0,5350300.0,0.0,0.0,0.0,0.0,0.0,0.0,0.0,0.0,0.0,0.0,0.0,0.0,0.0,0.0,0.0,0.0,0.0,0.0,0.0,0.0,0.0,0.0,0.0,0.0,21.16219965616862,0.20740910486662414,20.862627029418945,0.33959413703556857,20.728848457336426,0.4816504640566685,-0.0022412399907926206
2024-08-20,21.389511357334033,21.504765890951358,21.312674390943222,21.427928924560547,5588900,0.0,0.0,21.16091957092285,20.953940010070802,52.79506323290158,0.4184430477266581,0.45103467496043226,0.5623020606679396,0.0022462744308773264,0.0,0.0,0.0,0.0,0.0,0.0,0.0,0.0,0.0,5276900.0,5219100.0,6838200.0,0.0,0.0,0.0,0.0,0.0,0.0,0.0,0.0,0.0,0.0,0.0,0.0,0.0,0.0,0.0,0.0,0.0,0.0,0.0,0.0,0.0,0.0,0.0,0.0,21.315874099731445,0.15437267093292864,21.0012081691197,0.3447807497485628,20.741197449820383,0.4981142137179969,-0.011519682092848815
2024-08-21,21.495160070398207,21.687253393668826,21.485557052978603,21.677648544311523,7843700,0.0,0.0,21.318435287475587,20.98803644180298,54.078512872693764,0.446432281463256,0.450114196260997,0.5851785912991369,0.011653931680945195,0.0,0.0,0.0,0.0,0.0,0.0,0.0,0.0,0.0,5588900.0,5276900.0,5219100.0,0.0,0.0,0.0,0.0,0.0,0.0,0.0,0.0,0.0,0.0,0.0,0.0,0.0,0.0,0.0,0.0,0.0,0.0,0.0,0.0,0.0,0.0,0.0,0.0,21.495160420735676,0.1598531818322792,21.174091611589706,0.33583503389101954,20.75972052982875,0.5290896321181974,0.010295379008851357
2024-08-22,21.523975356224295,21.620022021151694,21.4279286912969,21.456743240356445,4273000,0.0,0.0,21.41640281677246,21.00388412475586,59.46843568876735,0.4456515453976415,0.4492216660883259,0.5937339363875083,-0.010190464316437442,0.0,0.0,0.0,0.0,0.0,0.0,0.0,0.0,0.0,7843700.0,5588900.0,5276900.0,0.0,0.0,0.0,0.0,0.0,0.0,0.0,0.0,0.0,0.0,0.0,0.0,0.0,0.0,0.0,0.0,0.0,0.0,0.0,0.0,0.0,0.0,0.0,0.0,21.52077356974284,0.13661948774995505,21.27699851989746,0.2860348795214706,20.798825127737864,0.5603042094389656,0.0
2024-08-23,21.466348090042963,21.523975356224295,21.274254760188168,21.456743240356445,4428500,0.0,0.0,21.479793548583984,20.98227376937866,87.74509326734562,0.439961207506947,0.44736957437205016,0.5670922493965221,0.0,0.0,0.0,0.0,0.0,0.0,0.0,0.0,0.0,0.0,4273000.0,7843700.0,5588900.0,0.0,0.0,0.0,0.0,0.0,0.0,0.0,0.0,0.0,0.0,0.0,0.0,0.0,0.0,0.0,0.0,0.0,0.0,0.0,0.0,0.0,0.0,0.0,0.0,21.530378341674805,0.1275397367035642,21.357951845441544,0.23367216446230932,20.904476165771484,0.5322993077715393,-0.004456334847775634
2024-08-26,21.427928475381552,21.610416953711013,21.427928475381552,21.55278968811035,4569000,0.0,0.0,21.514370727539063,20.974590015411376,87.1794741231907,0.4381509875272869,0.4455258570030975,0.5577272384426238,0.0044762826621915774,0.0,0.0,0.0,0.0,0.0,0.0,0.0,0.0,0.0,4428500.0,4273000.0,7843700.0,0.0,0.0,0.0,0.0,0.0,0.0,0.0,0.0,0.0,0.0,0.0,0.0,0.0,0.0,0.0,0.0,0.0,0.0,0.0,0.0,0.0,0.0,0.0,0.0,21.488758722941082,0.055452442464701865,21.44164957318987,0.16513808834056384,21.003952707563126,0.5122466754213103,-0.015789446179171995
2024-08-27,21.668044854517344,22.004207272261773,21.639232136841233,21.898555755615234,8258200,0.0,0.0,21.60849609375,20.983714389801026,89.95638034947751,0.45932202868290517,0.4482850913390591,0.5718111292720416,0.01604275235403163,0.0,0.0,0.0,0.0,0.0,0.0,0.0,0.0,0.0,4569000.0,4428500.0,4273000.0,0.0,0.0,0.0,0.0,0.0,0.0,0.0,0.0,0.0,0.0,0.0,0.0,0.0,0.0,0.0,0.0,0.0,0.0,0.0,0.0,0.0,0.0,0.0,0.0,21.636029561360676,0.2323708932585783,21.550044740949357,0.1821266717623769,21.12949902670724,0.49968893827092353,-0.008695665688297827
2024-08-28,22.109858350484735,22.551670444177073,22.06183410208051,22.090648651123047,7492200,0.0,0.0,21.691096115112305,21.02549467086792,90.08624821956832,0.4859982374500902,0.4558277205612653,0.6210841020226487,0.008771943577080776,0.0,0.0,0.0,0.0,0.0,0.0,0.0,0.0,0.0,8258200.0,4569000.0,4428500.0,0.0,0.0,0.0,0.0,0.0,0.0,0.0,0.0,0.0,0.0,0.0,0.0,0.0,0.0,0.0,0.0,0.0,0.0,0.0,0.0,0.0,0.0,0.0,0.0,21.847331364949543,0.2725637900978237,21.65157972063337,0.2550032445373174,21.25710337502616,0.5008198829620433,-0.00862070293755468
2024-08-29,22.100253070126545,22.39799607667947,22.100253070126545,22.28274154663086,5756200,0.0,0.0,21.856295776367187,21.068715476989745,90.25428328364464,0.5166836093457938,0.46799889831817104,0.6773849375254425,0.008695665688297716,0.0,0.0,0.0,0.0,0.0,0.0,0.0,0.0,0.0,7492200.0,8258200.0,4569000.0,0.0,0.0,0.0,0.0,0.0,0.0,0.0,0.0,0.0,0.0,0.0,0.0,0.0,0.0,0.0,0.0,0.0,0.0,0.0,0.0,0.0,0.0,0.0,0.0,22.090648651123047,0.19209289550757963,21.77369580950056,0.32509463397557525,21.38745198931013,0.5141042815134024,-0.0034363633851062225
2024-08-30,22.369182027876704,22.446018987312115,22.215506277068275,22.359577178955078,6375000,0.0,0.0,22.036862564086913,21.141230392456055,90.53502314391066,0.540966061023898,0.48259233085931647,0.7346281680541387,0.0034482126969621607,0.0,0.0,0.0,0.0,0.0,0.0,0.0,0.0,0.0,5756200.0,7492200.0,8258200.0,0.0,0.0,0.0,0.0,0.0,0.0,0.0,0.0,0.0,0.0,0.0,0.0,0.0,0.0,0.0,0.0,0.0,0.0,0.0,0.0,0.0,0.0,0.0,0.0,22.244322458902996,0.13851952207817292,21.87111418587821,0.3876679523702108,21.522602898733957,0.5022159594803492,0.013054851496613784
2024-09-03,22.263531155721328,22.40760022977347,21.98499602487454,22.07143783569336,5793200,0.0,0.0,22.140592193603517,21.245920848846435,78.36735917984565,0.5308404438046814,0.4922419534483895,0.7088169363029369,-0.012886618604439293,0.0,0.0,0.0,0.0,0.0,0.0,0.0,0.0,0.0,6375000.0,5756200.0,7492200.0,0.0,0.0,0.0,0.0,0.0,0.0,0.0,0.0,0.0,0.0,0.0,0.0,0.0,0.0,0.0,0.0,0.0,0.0,0.0,0.0,0.0,0.0,0.0,0.0,22.237918853759766,0.14920749187254106,21.958927699497767,0.3454867194101275,21.617963109697616,0.4669589073104841,-0.003469233534919458
2024-09-04,21.9561838822625,22.186694773149583,21.927369333924972,22.14827537536621,5558000,0.0,0.0,22.190536117553712,21.345328712463377,77.63713787272694,0.5229872945178968,0.498391021662291,0.6876215741820937,0.0034813110158411487,0.0,0.0,0.0,0.0,0.0,0.0,0.0,0.0,0.0,5793200.0,6375000.0,5756200.0,0.0,0.0,0.0,0.0,0.0,0.0,0.0,0.0,0.0,0.0,0.0,0.0,0.0,0.0,0.0,0.0,0.0,0.0,0.0,0.0,0.0,0.0,0.0,0.0,22.19309679667155,0.14920720538769466,22.05771800449916,0.26817689452749033,21.707834924970353,0.43615307245763973,0.006986858438091215
2024-09-05,22.119463418514925,22.282742200825563,21.946579786428625,21.99460220336914,6270100,0.0,0.0,22.17132682800293,21.43801345825195,71.83677968808132,0.4986157445240025,0.4984359662346333,0.6400148440553267,-0.006938380952586032,0.0,0.0,0.0,0.0,0.0,0.0,0.0,0.0,0.0,5558000.0,5793200.0,6375000.0,0.0,0.0,0.0,0.0,0.0,0.0,0.0,0.0,0.0,0.0,0.0,0.0,0.0,0.0,0.0,0.0,0.0,0.0,0.0,0.0,0.0,0.0,0.0,0.0,22.071438471476238,0.07683658599992742,22.12083407810756,0.15950893860914694,21.781241825648717,0.38538718885364764,0.015971577655949476
2024-09-06,21.917764593940067,22.013811256940453,21.600811888395203,21.648836135864258,7517300,0.0,0.0,22.04454574584961,21.505245876312255,60.07608208952406,0.44625651627171337,0.48800007624204933,0.5826998221286402,-0.01572049652491181,0.0,0.0,0.0,0.0,0.0,0.0,0.0,0.0,0.0,6270100.0,5558000.0,5793200.0,0.0,0.0,0.0,0.0,0.0,0.0,0.0,0.0,0.0,0.0,0.0,0.0,0.0,0.0,0.0,0.0,0.0,0.0,0.0,0.0,0.0,0.0,0.0,0.0,21.93057123819987,0.2558023883075887,22.085159846714564,0.2299001443782529,21.81760229383196,0.3417560784645885,-0.0035366286089585364
2024-09-09,21.86013598898431,21.86013598898431,21.66804267475802,21.725671768188477,4585000,0.0,0.0,21.91776466369629,21.568636417388916,57.31711058047038,0.4062781227406944,0.4716556855417784,0.5292719796516566,0.003549180743112945,0.0,0.0,0.0,0.0,0.0,0.0,0.0,0.0,0.0,7517300.0,6270100.0,5558000.0,0.0,0.0,0.0,0.0,0.0,0.0,0.0,0.0,0.0,0.0,0.0,0.0,0.0,0.0,0.0,0.0,0.0,0.0,0.0,0.0,0.0,0.0,0.0,0.0,21.789703369140625,0.18155874476249803,22.033020292009628,0.26686334760997044,21.842300006321498,0.31945812165099335,-0.013519462373944635
2024-09-10,21.86974258825958,22.02341651916504,21.754486224111606,22.02341651916504,6484400,0.0,0.0,21.908160400390624,21.646434020996093,61.3970864706256,0.3940777874567942,0.4561401059247816,0.4699184492828484,0.013704743133076791,0.0,0.0,0.0,0.0,0.0,0.0,0.0,0.0,0.0,4585000.0,7517300.0,6270100.0,0.0,0.0,0.0,0.0,0.0,0.0,0.0,0.0,0.0,0.0,0.0,0.0,0.0,0.0,0.0,0.0,0.0,0.0,0.0,0.0,0.0,0.0,0.0,0.0,21.79930814107259,0.19784931752978208,21.99597385951451,0.24338609180495777,21.884834834507533,0.299032571502938,0.0004364222009194396
2024-09-11,21.98499465830715,22.04262374989597,21.66804198231886,22.013809204101562,5590600,0.0,0.0,21.881267166137697,21.710304737091064,57.08499257511913,0.37926180975116,0.44076444669005727,0.42431663661684726,-0.0004362318196686754,0.0,0.0,0.0,0.0,0.0,0.0,0.0,0.0,0.0,6484400.0,4585000.0,7517300.0,0.0,0.0,0.0,0.0,0.0,0.0,0.0,0.0,0.0,0.0,0.0,0.0,0.0,0.0,0.0,0.0,0.0,0.0,0.0,0.0,0.0,0.0,0.0,0.0,21.920965830485027,0.16919782268637792,21.946578434535436,0.1854957805678492,21.908846310206822,0.2945795883456953,-0.01419358850388941
2024-09-12,22.33076286315918,22.40759982338932,22.16748409367793,22.33076286315918,5643300,0.0,0.0,21.948499298095705,21.78233938217163,67.7042347552212,0.38861583067867755,0.43033472348778135,0.39929219952592354,0.014397947039468395,0.0,0.0,0.0,0.0,0.0,0.0,0.0,0.0,0.0,5590600.0,6484400.0,4585000.0,0.0,0.0,0.0,0.0,0.0,0.0,0.0,0.0,0.0,0.0,0.0,0.0,0.0,0.0,0.0,0.0,0.0,0.0,0.0,0.0,0.0,0.0,0.0,0.0,22.122662862141926,0.18028389540701334,21.983624867030553,0.23411280958332054,21.97127628326416,0.2838138759947097,0.0021550901368139197
2024-09-13,22.349973661148837,22.407600926173142,22.2347172991625,22.28274154663086,5273400,0.0,0.0,22.075280380249023,21.84813117980957,66.41221836924186,0.3876850488255741,0.42180478855533987,0.36477460970397513,-0.0021504557109217615,0.0,0.0,0.0,0.0,0.0,0.0,0.0,0.0,0.0,5643300.0,5590600.0,6484400.0,0.0,0.0,0.0,0.0,0.0,0.0,0.0,0.0,0.0,0.0,0.0,0.0,0.0,0.0,0.0,0.0,0.0,0.0,0.0,0.0,0.0,0.0,0.0,0.0,22.209104537963867,0.17082655613656245,22.00283432006836,0.25450305243218974,22.030276162283762,0.2527824647935643,0.00043125528685927783
2024-09-16,22.282740988168964,22.369182799507836,22.138670081312394,22.273136138916016,6747300,0.0,0.0,22.184773254394532,21.90479850769043,64.82211608274693,0.38177149719901493,0.4137981302840749,0.3358263551858054,-0.0004310693859076453,0.0,0.0,0.0,0.0,0.0,0.0,0.0,0.0,0.0,5273400.0,5643300.0,5590600.0,0.0,0.0,0.0,0.0,0.0,0.0,0.0,0.0,0.0,0.0,0.0,0.0,0.0,0.0,0.0,0.0,0.0,0.0,0.0,0.0,0.0,0.0,0.0,0.0,22.295546849568684,0.030873802392215006,22.042624882289342,0.27402649075645086,22.08172948019845,0.2191960992216155,0.009577795118665078
2024-09-17,22.359577249677894,22.49404147113076,21.91776335757364,22.061832427978516,10352700,0.0,0.0,22.192456436157226,21.938894939422607,53.55643668342877,0.35593156388747715,0.4022248170047554,0.3136123431492492,-0.009486931234991447,0.0,0.0,0.0,0.0,0.0,0.0,0.0,0.0,0.0,6747300.0,5273400.0,5643300.0,0.0,0.0,0.0,0.0,0.0,0.0,0.0,0.0,0.0,0.0,0.0,0.0,0.0,0.0,0.0,0.0,0.0,0.0,0.0,0.0,0.0,0.0,0.0,0.0,22.20590337117513,0.12486149714552582,22.10162435259138,0.21271103103611227,22.09339209965297,0.21295523807299102,0.021797063624761526
2024-09-18,21.59120750427246,21.80251053381522,21.504765688902744,21.59120750427246,7051700,0.0,0.0,22.107936096191406,21.947058868408202,40.29850193288227,0.29408767277638503,0.38059738815908134,0.3015022582810883,-0.02133208677214027,0.0,0.0,0.0,0.0,0.0,0.0,0.0,0.0,0.0,10352700.0,6747300.0,5273400.0,0.0,0.0,0.0,0.0,0.0,0.0,0.0,0.0,0.0,0.0,0.0,0.0,0.0,0.0,0.0,0.0,0.0,0.0,0.0,0.0,0.0,0.0,0.0,0.0,21.975392023722332,0.3490854097532536,22.082415172031947,0.2543219617436792,22.057717732020787,0.2517498344266045,-0.009255140884307234
2024-09-19,21.83132146386718,21.908158423246192,21.725671789682053,21.792903900146484,6281100,0.0,0.0,22.000364303588867,21.95282163619995,40.52041453623058,0.25837279624595055,0.3561524697764552,0.29715194278178453,0.009341598696326336,0.0,0.0,0.0,0.0,0.0,0.0,0.0,0.0,0.0,7051700.0,10352700.0,6747300.0,0.0,0.0,0.0,0.0,0.0,0.0,0.0,0.0,0.0,0.0,0.0,0.0,0.0,0.0,0.0,0.0,0.0,0.0,0.0,0.0,0.0,0.0,0.0,0.0,21.815314610799152,0.2361114877917099,22.04948479788644,0.2771350543417456,22.022729328700475,0.25210891114347467,-0.007002233901206356
2024-09-20,21.744880805494994,21.994601394667004,21.71606808916519,21.946578979492188,21841100,0.0,0.0,21.933131790161134,21.977313423156737,42.23828914729794,0.23970561673263546,0.3328630991676913,0.27334521341627355,0.007051610930320695,0.0,0.0,0.0,0.0,0.0,0.0,0.0,0.0,0.0,6281100.0,7051700.0,10352700.0,0.0,0.0,0.0,0.0,0.0,0.0,0.0,0.0,0.0,0.0,0.0,0.0,0.0,0.0,0.0,0.0,0.0,0.0,0.0,0.0,0.0,0.0,0.0,0.0,21.776896794637043,0.1782256769378886,22.0398804800851,0.279730283515657,21.993229457310267,0.23310854977360604,0.007051610930320695
2024-09-23,21.821716614952603,21.83132146386718,21.60081058573015,21.792903900146484,4900300,0.0,0.0,21.837085342407228,21.99412145614624,44.48670378642698,0.21008966500964021,0.3083084123360811,0.2488920571093968,-0.007002233901206356,0.0,0.0,0.0,0.0,0.0,0.0,0.0,0.0,0.0,21841100.0,6281100.0,7051700.0,0.0,0.0,0.0,0.0,0.0,0.0,0.0,0.0,0.0,0.0,0.0,0.0,0.0,0.0,0.0,0.0,0.0,0.0,0.0,0.0,0.0,0.0,0.0,0.0,21.84412892659505,0.08872434842749198,21.963043485369003,0.2596637547068712,21.973334176199778,0.2377599007346181,0.004871522616640256
2024-09-24,21.725673350444712,21.821718182615083,21.57199758870908,21.687253952026367,7015300,0.0,0.0,21.762169647216798,22.00084466934204,40.97746269414424,0.1760641837240975,0.2818595666136844,0.23791725335595082,-0.004847905933243135,0.0,0.0,0.0,0.0,0.0,0.0,0.0,0.0,0.0,4900300.0,21841100.0,6281100.0,0.0,0.0,0.0,0.0,0.0,0.0,0.0,0.0,0.0,0.0,0.0,0.0,0.0,0.0,0.0,0.0,0.0,0.0,0.0,0.0,0.0,0.0,0.0,0.0,21.80891227722168,0.1304015665929183,21.877973828996932,0.2337187356385026,21.940404074532644,0.24352270535767753,0.0008865966948921056
2024-09-25,21.620020722985352,21.71606738214566,21.562393460264225,21.66804313659668,9151500,0.0,0.0,21.77753677368164,21.989319038391113,43.25394354953738,0.14586712697067128,0.2546610786850818,0.2484822141675188,-0.0008858113374879961,0.0,0.0,0.0,0.0,0.0,0.0,0.0,0.0,0.0,7015300.0,4900300.0,21841100.0,0.0,0.0,0.0,0.0,0.0,0.0,0.0,0.0,0.0,0.0,0.0,0.0,0.0,0.0,0.0,0.0,0.0,0.0,0.0,0.0,0.0,0.0,0.0,0.0,21.71606699625651,0.0672324044403542,21.79153197152274,0.16500452806752736,21.91707842690604,0.2533724600942219,-0.017421630814587363
2024-09-26,22.138670741529033,22.340368917980637,21.956184096093928,22.052228927612305,10927900,0.0,0.0,21.829401779174805,21.987398052215575,58.20307591105208,0.1511934603990568,0.23396755502787683,0.24780520409789059,0.017730525483713233,0.0,0.0,0.0,0.0,0.0,0.0,0.0,0.0,0.0,9151500.0,7015300.0,4900300.0,0.0,0.0,0.0,0.0,0.0,0.0,0.0,0.0,0.0,0.0,0.0,0.0,0.0,0.0,0.0,0.0,0.0,0.0,0.0,0.0,0.0,0.0,0.0,0.0,21.80250867207845,0.21647729297827556,21.790160042898997,0.16240194812760503,21.945892197745188,0.24325632407350092,0.02545781746549136
2024-09-27,21.72567242449969,21.802509386123855,21.456742142846288,21.504764556884766,9702000,0.0,0.0,21.74103889465332,21.94849920272827,46.22950414067958,0.10997113980315376,0.20916827198293222,0.25977580067141504,-0.024825806612321255,0.0,0.0,0.0,0.0,0.0,0.0,0.0,0.0,0.0,10927900.0,9151500.0,7015300.0,0.0,0.0,0.0,0.0,0.0,0.0,0.0,0.0,0.0,0.0,0.0,0.0,0.0,0.0,0.0,0.0,0.0,0.0,0.0,0.0,0.0,0.0,0.0,0.0,21.741678873697918,0.2810622273407998,21.77781105041504,0.18213884083194345,21.930113111223495,0.26484656712886795,0.005388316165911622
2024-09-30,21.39911595807773,21.53358018971228,21.207022628367433,21.389511108398438,11576900,0.0,0.0,21.66036033630371,21.89999589920044,38.46155448516541,0.06722721022850209,0.1807800596320462,0.26936739181357544,-0.005359437820463331,0.0,0.0,0.0,0.0,0.0,0.0,0.0,0.0,0.0,9702000.0,10927900.0,9151500.0,0.0,0.0,0.0,0.0,0.0,0.0,0.0,0.0,0.0,0.0,0.0,0.0,0.0,0.0,0.0,0.0,0.0,0.0,0.0,0.0,0.0,0.0,0.0,0.0,21.648834864298504,0.3540704973370815,21.720183508736746,0.2332201606406602,21.884834153311594,0.29957798222859716,-0.005359437820463331
2024-10-01,21.53357910447045,21.629625764485073,21.389510030417355,21.504764556884766,8366500,0.0,0.0,21.62386245727539,21.87166223526001,41.077448731921606,0.042166261748938894,0.15305730005542476,0.2799790020125503,0.005388316165911622,0.0,0.0,0.0,0.0,0.0,0.0,0.0,0.0,0.0,11576900.0,9702000.0,10927900.0,0.0,0.0,0.0,0.0,0.0,0.0,0.0,0.0,0.0,0.0,0.0,0.0,0.0,0.0,0.0,0.0,0.0,0.0,0.0,0.0,0.0,0.0,0.0,0.0,21.466346740722656,0.06654160950800102,21.657067162649973,0.22121428661313652,21.848473821367538,0.3132975826375224,0.0031361880008089482
2024-10-02,21.475951821672677,21.55278878322684,21.293463351004906,21.437532424926758,5273100,0.0,0.0,21.577760314941408,21.836125087738036,32.84131245951325,0.016687841311050278,0.12578340830654985,0.28801248836698595,-0.0031263830757208844,0.0,0.0,0.0,0.0,0.0,0.0,0.0,0.0,0.0,8366500.0,11576900.0,9702000.0,0.0,0.0,0.0,0.0,0.0,0.0,0.0,0.0,0.0,0.0,0.0,0.0,0.0,0.0,0.0,0.0,0.0,0.0,0.0,0.0,0.0,0.0,0.0,0.0,21.443936030069988,0.05789295264571626,21.606299809047155,0.2255796888319921,21.78467164720808,0.29810942056908885,-0.004016123689626783
2024-10-03,21.31267417486643,21.543185071701846,21.31267417486643,21.523975372314453,7816800,0.0,0.0,21.472109603881837,21.812593746185303,35.63635733411901,0.003431674761735337,0.10131306159758696,0.2935553963328283,0.004032317977379796,0.0,0.0,0.0,0.0,0.0,0.0,0.0,0.0,0.0,5273100.0,8366500.0,11576900.0,0.0,0.0,0.0,0.0,0.0,0.0,0.0,0.0,0.0,0.0,0.0,0.0,0.0,0.0,0.0,0.0,0.0,0.0,0.0,0.0,0.0,0.0,0.0,0.0,21.488757451375324,0.04539015706382538,21.58297429765974,0.22425148060778402,21.730474063328334,0.2680507380029858,-0.016673936839595727
2024-10-04,21.71606673296753,21.975390323429224,21.69685703532219,21.88895034790039,9261000,0.0,0.0,21.54894676208496,21.82459945678711,43.58973053343381,0.02212149475118963,0.0854747482283075,0.2914078059093106,0.016956671305961013,0.0,0.0,0.0,0.0,0.0,0.0,0.0,0.0,0.0,7816800.0,5273100.0,8366500.0,0.0,0.0,0.0,0.0,0.0,0.0,0.0,0.0,0.0,0.0,0.0,0.0,0.0,0.0,0.0,0.0,0.0,0.0,0.0,0.0,0.0,0.0,0.0,0.0,21.616819381713867,0.23960288574304042,21.614532470703125,0.252040197617573,21.70303222111293,0.224320412066087,-0.005237878494082415
2024-10-07,21.831322082251152,22.157879626846267,21.82171723306451,22.00420570373535,7549400,0.0,0.0,21.671885681152343,21.83852615356445,49.006639500192996,0.04570657874399231,0.07752111433144447,0.29308201979915555,0.005265458325004468,0.0,0.0,0.0,0.0,0.0,0.0,0.0,0.0,0.0,9261000.0,7816800.0,5273100.0,0.0,0.0,0.0,0.0,0.0,0.0,0.0,0.0,0.0,0.0,0.0,0.0,0.0,0.0,0.0,0.0,0.0,0.0,0.0,0.0,0.0,0.0,0.0,0.0,21.805710474650066,0.2507029121851561,21.607672010149276,0.23842648972254665,21.698916026524135,0.21765994823986007,-0.017581452780379814
2024-10-08,22.225111376454812,22.436414391236667,22.167484114213234,22.397994995117188,7722500,0.0,0.0,21.850531768798827,21.857255077362062,64.2856998114779,0.09507743897685828,0.08103237926052723,0.3165479777309576,0.017896092078206083,0.0,0.0,0.0,0.0,0.0,0.0,0.0,0.0,0.0,7549400.0,9261000.0,7816800.0,0.0,0.0,0.0,0.0,0.0,0.0,0.0,0.0,0.0,0.0,0.0,0.0,0.0,0.0,0.0,0.0,0.0,0.0,0.0,0.0,0.0,0.0,0.0,0.0,22.097050348917644,0.26692079221970944,21.73527635846819,0.37441588611916693,21.756543704441615,0.2837256365378252,0.0021486928202185673
2024-10-09,22.397994182710104,22.45562144286146,22.292342679151307,22.349971771240234,4269500,0.0,0.0,22.033019638061525,21.874063205718993,60.43164696755611,0.12884389635456728,0.09059468267933524,0.3337553551043222,-0.0021440858383717787,0.0,0.0,0.0,0.0,0.0,0.0,0.0,0.0,0.0,7722500.0,7549400.0,9261000.0,0.0,0.0,0.0,0.0,0.0,0.0,0.0,0.0,0.0,0.0,0.0,0.0,0.0,0.0,0.0,0.0,0.0,0.0,0.0,0.0,0.0,0.0,0.0,0.0,22.25072415669759,0.2148373064576156,21.87248502458845,0.40158785891924775,21.796334266662598,0.3252421395751979,0.02737300642069651
2024-10-10,21.73527638476049,21.831323048942174,21.562394587558753,21.754486083984375,7665900,0.0,0.0,22.079121780395507,21.845249366760253,46.91357192328673,0.10632765974570191,0.09374127809260857,0.3166917369487715,-0.026643688562601464,0.0,0.0,0.0,0.0,0.0,0.0,0.0,0.0,0.0,4269500.0,7722500.0,7549400.0,0.0,0.0,0.0,0.0,0.0,0.0,0.0,0.0,0.0,0.0,0.0,0.0,0.0,0.0,0.0,0.0,0.0,0.0,0.0,0.0,0.0,0.0,0.0,0.0,22.167484283447266,0.35847202412110807,21.908159528459823,0.37359371127341345,21.782613345554896,0.32245619223231187,-0.012211113336872081
2024-10-11,21.927369854364688,22.081043785270147,21.87934743793339,22.02341651916504,5065600,0.0,0.0,22.106015014648438,21.832283115386964,53.57145601217997,0.10892816253384296,0.09677865498085546,0.3028427698741196,0.012362067949683642,0.0,0.0,0.0,0.0,0.0,0.0,0.0,0.0,0.0,7665900.0,4269500.0,7722500.0,0.0,0.0,0.0,0.0,0.0,0.0,0.0,0.0,0.0,0.0,0.0,0.0,0.0,0.0,0.0,0.0,0.0,0.0,0.0,0.0,0.0,0.0,0.0,0.0,22.042624791463215,0.29820717500601185,21.991857256208146,0.31096374454618697,21.79907853262765,0.32884398759765365,-0.018407495343718883
2024-10-14,22.359577757205408,22.522856529220473,22.28274079578289,22.43641471862793,7100000,0.0,0.0,22.192456817626955,21.84044704437256,60.597831952580975,0.14266997222491185,0.10595691842966673,0.31721250829735664,0.01875268531126828,0.0,0.0,0.0,0.0,0.0,0.0,0.0,0.0,0.0,5065600.0,7665900.0,4269500.0,0.0,0.0,0.0,0.0,0.0,0.0,0.0,0.0,0.0,0.0,0.0,0.0,0.0,0.0,0.0,0.0,0.0,0.0,0.0,0.0,0.0,0.0,0.0,0.0,22.071439107259113,0.3434913280012391,22.12220573425293,0.27079312600524846,21.852590015956334,0.36788404941846226,0.014769841645033699
2024-10-15,22.263529564116734,22.359576217264408,22.061831409312862,22.10985565185547,10562700,0.0,0.0,22.134828948974608,21.842848205566405,55.749999379417005,0.1414296984542993,0.11305147443459325,0.319152325551663,-0.014554868541511445,0.0,0.0,0.0,0.0,0.0,0.0,0.0,0.0,0.0,7100000.0,5065600.0,7665900.0,0.0,0.0,0.0,0.0,0.0,0.0,0.0,0.0,0.0,0.0,0.0,0.0,0.0,0.0,0.0,0.0,0.0,0.0,0.0,0.0,0.0,0.0,0.0,0.0,22.189895629882812,0.2178225809042025,22.153763634817942,0.25124577747908367,21.884148052760533,0.3697804006050206,0.005240078789361835
2024-10-16,21.860137970385477,22.023416752696114,21.802510703669302,21.99460220336914,13868500,0.0,0.0,22.06375503540039,21.86301794052124,49.19356173297879,0.1296522322481657,0.11637162599730774,0.3151337059870994,-0.005212763497922546,0.0,0.0,0.0,0.0,0.0,0.0,0.0,0.0,0.0,10562700.0,7100000.0,5065600.0,0.0,0.0,0.0,0.0,0.0,0.0,0.0,0.0,0.0,0.0,0.0,0.0,0.0,0.0,0.0,0.0,0.0,0.0,0.0,0.0,0.0,0.0,0.0,0.0,22.180290857950848,0.22917332600677082,22.152391706194198,0.2522228695025168,21.880031858171737,0.36808232950462405,0.010591420244121075
2024-10-17,21.30306782318443,21.831321695528445,21.149393902795712,21.764089584350586,16539000,0.0,0.0,22.065675735473633,21.861577224731445,53.9823076242646,0.10055888333591767,0.11320907746502973,0.31553672970714547,-0.010480417735549863,0.0,0.0,0.0,0.0,0.0,0.0,0.0,0.0,0.0,13868500.0,10562700.0,7100000.0,0.0,0.0,0.0,0.0,0.0,0.0,0.0,0.0,0.0,0.0,0.0,0.0,0.0,0.0,0.0,0.0,0.0,0.0,0.0,0.0,0.0,0.0,0.0,0.0,21.9561824798584,0.17605567223279034,22.061833790370397,0.2629165472383849,21.898555074419296,0.35400058090973713,0.006663627145301776
2024-10-18,21.504765456839905,21.648836368859907,21.341486677563278,21.62002182006836,11307600,0.0,0.0,21.984996795654297,21.845249366760253,53.50877091111795,0.0651263936375841,0.10359254069954062,0.3193329284273958,-0.006619517151124854,0.0,0.0,0.0,0.0,0.0,0.0,0.0,0.0,0.0,16539000.0,13868500.0,10562700.0,0.0,0.0,0.0,0.0,0.0,0.0,0.0,0.0,0.0,0.0,0.0,0.0,0.0,0.0,0.0,0.0,0.0,0.0,0.0,0.0,0.0,0.0,0.0,0.0,21.792904535929363,0.18894534120802803,21.95755522591727,0.2741066863230835,21.91502012525286,0.33325584887813836,0.013964022229509654
2024-10-21,21.120578907897468,21.399114027656875,21.110974059084633,21.322277069091797,10411900,0.0,0.0,21.76216926574707,21.82171802520752,47.36842684316841,0.012871996859992407,0.08544843193163097,0.34006054878278147,-0.013771713713081724,0.0,0.0,0.0,0.0,0.0,0.0,0.0,0.0,0.0,11307600.0,16539000.0,13868500.0,0.0,0.0,0.0,0.0,0.0,0.0,0.0,0.0,0.0,0.0,0.0,0.0,0.0,0.0,0.0,0.0,0.0,0.0,0.0,0.0,0.0,0.0,0.0,0.0,21.568796157836914,0.22531672377572792,21.895811080932617,0.3620455167003969,21.90198530469622,0.3534912683223943,0.001805110929232967
2024-10-22,21.17820584220693,21.370299151625783,21.17820584220693,21.283857345581055,5733800,0.0,0.0,21.596969604492188,21.801548194885253,47.76534856346609,-0.0312795682670135,0.062102831891902084,0.3598434924810093,-0.001801858374987253,0.0,0.0,0.0,0.0,0.0,0.0,0.0,0.0,0.0,10411900.0,11307600.0,16539000.0,0.0,0.0,0.0,0.0,0.0,0.0,0.0,0.0,0.0,0.0,0.0,0.0,0.0,0.0,0.0,0.0,0.0,0.0,0.0,0.0,0.0,0.0,0.0,0.0,21.408718744913738,0.1839993504497454,21.79015977042062,0.42161012152443317,21.891008513314382,0.3709766564467623,-0.002251241924995151
2024-10-23,21.303067854304054,21.48555632200885,21.23583574302798,21.331880569458008,4532000,0.0,0.0,21.46442527770996,21.78474006652832,47.17510780607416,-0.06168387558411581,0.03734549039669851,0.3739809491873417,0.002256321450440746,0.0,0.0,0.0,0.0,0.0,0.0,0.0,0.0,0.0,5733800.0,10411900.0,11307600.0,0.0,0.0,0.0,0.0,0.0,0.0,0.0,0.0,0.0,0.0,0.0,0.0,0.0,0.0,0.0,0.0,0.0,0.0,0.0,0.0,0.0,0.0,0.0,0.0,21.312671661376953,0.02541171778588403,21.632369177682058,0.33779180898054656,21.877287455967494,0.38872402929547367,0.007256193553732748
2024-10-24,21.331881323506273,21.43753283463908,21.149394681288502,21.178207397460938,7199600,0.0,0.0,21.347248840332032,21.74103899002075,38.85541231810199,-0.09706079246669574,0.010464233824019658,0.3917242023098053,-0.0072039205121507965,0.0,0.0,0.0,0.0,0.0,0.0,0.0,0.0,0.0,4532000.0,5733800.0,10411900.0,0.0,0.0,0.0,0.0,0.0,0.0,0.0,0.0,0.0,0.0,0.0,0.0,0.0,0.0,0.0,0.0,0.0,0.0,0.0,0.0,0.0,0.0,0.0,0.0,21.2646484375,0.07861677658159123,21.499276569911412,0.29969260117072205,21.826520102364675,0.43117702850541384,0.00730932213000024
2024-10-25,21.17820623573079,21.21662563110348,21.00532445236649,21.024532318115234,6572800,0.0,0.0,21.228150939941408,21.717027378082275,34.82141115712615,-0.13593062492972408,-0.01881473792672909,0.420621984046653,-0.007256283615587167,0.0,0.0,0.0,0.0,0.0,0.0,0.0,0.0,0.0,7199600.0,4532000.0,5733800.0,0.0,0.0,0.0,0.0,0.0,0.0,0.0,0.0,0.0,0.0,0.0,0.0,0.0,0.0,0.0,0.0,0.0,0.0,0.0,0.0,0.0,0.0,0.0,0.0,21.17820676167806,0.15367412567211633,21.360695157732284,0.25314518167155015,21.75654343196324,0.4771659234386819,-0.008155899046128456
2024-10-28,21.33188052783175,21.341485376843536,21.17820660751842,21.197416305541992,3887200,0.0,0.0,21.203178787231444,21.70742263793945,30.031957800729757,-0.15104381518517584,-0.045260553378418444,0.43056987665297075,0.008222964716213754,0.0,0.0,0.0,0.0,0.0,0.0,0.0,0.0,0.0,6572800.0,7199600.0,4532000.0,0.0,0.0,0.0,0.0,0.0,0.0,0.0,0.0,0.0,0.0,0.0,0.0,0.0,0.0,0.0,0.0,0.0,0.0,0.0,0.0,0.0,0.0,0.0,0.0,21.133385340372723,0.09475748455019359,21.279741832188197,0.18373610230911885,21.670787811279297,0.46061345426984823,0.002296609171321462
2024-10-29,21.061413458663043,21.343138040207254,21.012838977067826,21.148845672607422,8789300,0.25,0.0,21.176176452636717,21.689626693725586,30.02649026787141,-0.16503791712727534,-0.06921602612818983,0.4464492645608552,-0.002291346843146691,0.0,0.0,0.0,0.0,0.0,0.0,0.0,0.0,0.0,3887200.0,6572800.0,7199600.0,0.0,0.0,0.0,0.0,0.0,0.0,0.0,0.0,0.0,0.0,0.0,0.0,0.0,0.0,0.0,0.0,0.0,0.0,0.0,0.0,0.0,0.0,0.0,0.0,21.123598098754883,0.08916444507843592,21.212430953979492,0.10968271355381666,21.58499308994838,0.4355566086183843,0.030776547635581686
2024-10-30,20.90597777344455,20.94483550384215,20.507676309002857,20.517391204833984,8486700,0.0,0.0,21.013278579711915,21.64361963272095,29.671544788834098,-0.22449361930170397,-0.10027154476289267,0.5158168533869186,-0.029857632778100718,0.0,0.0,0.0,0.0,0.0,0.0,0.0,0.0,0.0,8789300.0,3887200.0,6572800.0,0.0,0.0,0.0,0.0,0.0,0.0,0.0,0.0,0.0,0.0,0.0,0.0,0.0,0.0,0.0,0.0,0.0,0.0,0.0,0.0,0.0,0.0,0.0,0.0,20.954551060994465,0.3793696501758291,21.09744725908552,0.274058120101641,21.49662917000907,0.5164937730102647,0.010043134021191724
2024-10-31,20.43967298233098,20.4785307110009,20.27452346639844,20.31338119506836,8615100,0.0,0.0,20.840313339233397,21.583089923858644,21.287379527544942,-0.2847916930743466,-0.13717557442518347,0.5954748718629048,-0.00994327240383075,0.0,0.0,0.0,0.0,0.0,0.0,0.0,0.0,0.0,8486700.0,8789300.0,3887200.0,0.0,0.0,0.0,0.0,0.0,0.0,0.0,0.0,0.0,0.0,0.0,0.0,0.0,0.0,0.0,0.0,0.0,0.0,0.0,0.0,0.0,0.0,0.0,0.0,20.65987269083659,0.43557542825263534,20.958807809012278,0.38646080261385996,21.374483789716447,0.5805603110691956,0.00722540523563131
2024-11-01,20.284236706945062,20.439673181923077,20.167661666870117,20.167661666870117,9285500,0.0,0.0,20.668939208984376,21.49702548980713,8.149851032778429,-0.34041263411346634,-0.17782298636284005,0.6688151720490546,-0.007173573261826993,0.0,0.0,0.0,0.0,0.0,0.0,0.0,0.0,0.0,8615100.0,8486700.0,8789300.0,0.0,0.0,0.0,0.0,0.0,0.0,0.0,0.0,0.0,0.0,0.0,0.0,0.0,0.0,0.0,0.0,0.0,0.0,0.0,0.0,0.0,0.0,0.0,0.0,20.33281135559082,0.17567252427310676,20.792490822928293,0.4451986946598686,21.212430000305176,0.5779749716028268,0.001930488027904076
2024-11-04,20.167662837405462,20.284237884246448,20.060800833695428,20.128803253173828,11936900,0.0,0.0,20.45521659851074,21.40325536727905,9.117596120540355,-0.3832107646912455,-0.21890054202852116,0.723220304018079,-0.0019267684245279915,0.0,0.0,0.0,0.0,0.0,0.0,0.0,0.0,0.0,9285500.0,8615100.0,8486700.0,0.0,0.0,0.0,0.0,0.0,0.0,0.0,0.0,0.0,0.0,0.0,0.0,0.0,0.0,0.0,0.0,0.0,0.0,0.0,0.0,0.0,0.0,0.0,0.0,20.20328203837077,0.09730807935533432,20.64257594517299,0.46967965798186995,21.0709262575422,0.5838376802480026,0.00048292617998368925
2024-11-05,20.187091487797517,20.216234321396048,20.070514594622825,20.11908721923828,9558400,0.0,0.0,20.249264907836913,21.289309978485107,9.532835973226824,-0.41315005756965206,-0.25775044513674733,0.7376282913371706,-0.0004826930748610403,0.0,0.0,0.0,0.0,0.0,0.0,0.0,0.0,0.0,11936900.0,9285500.0,8615100.0,0.0,0.0,0.0,0.0,0.0,0.0,0.0,0.0,0.0,0.0,0.0,0.0,0.0,0.0,0.0,0.0,0.0,0.0,0.0,0.0,0.0,0.0,0.0,0.0,20.138517379760742,0.02570296543457286,20.513226645333425,0.4716327972230199,20.936960901532853,0.5706157233669036,-0.03224310100687788
2024-11-06,20.896264015089113,20.983696229401673,20.59510963963863,20.78940200805664,17779900,0.0,0.0,20.303667068481445,21.211281490325927,32.32424624584323,-0.37842610094391915,-0.28188557629818173,0.7011625709993561,0.03331735587772555,0.0,0.0,0.0,0.0,0.0,0.0,0.0,0.0,0.0,9558400.0,11936900.0,9285500.0,0.0,0.0,0.0,0.0,0.0,0.0,0.0,0.0,0.0,0.0,0.0,0.0,0.0,0.0,0.0,0.0,0.0,0.0,0.0,0.0,0.0,0.0,0.0,0.0,20.34576416015625,0.3842323586009651,20.454938888549805,0.3913651479546491,20.867340360369003,0.5190674657034069,-0.011547328612421581
2024-11-07,20.828261262632676,21.04198342037555,20.731114153503373,21.032268524169922,12341100,0.0,0.0,20.44744453430176,21.175170612335204,39.7099503783401,-0.32753420656493404,-0.29101530235153217,0.6902266816714797,0.011682227127993494,0.0,0.0,0.0,0.0,0.0,0.0,0.0,0.0,0.0,17779900.0,9558400.0,11936900.0,0.0,0.0,0.0,0.0,0.0,0.0,0.0,0.0,0.0,0.0,0.0,0.0,0.0,0.0,0.0,0.0,0.0,0.0,0.0,0.0,0.0,0.0,0.0,0.0,20.64691925048828,0.47297042832750813,20.43828501020159,0.35797148297902187,20.82535798209054,0.4754431195947336,-0.004597712977885027
2024-11-08,21.041983299662864,21.372282357051454,21.041983299662864,21.12941551208496,7743000,0.0,0.0,20.639795303344727,21.130470561981202,46.36841050483458,-0.2761794389236165,-0.28804812966594906,0.6607195077475666,0.004618949582323895,0.0,0.0,0.0,0.0,0.0,0.0,0.0,0.0,0.0,12341100.0,17779900.0,9558400.0,0.0,0.0,0.0,0.0,0.0,0.0,0.0,0.0,0.0,0.0,0.0,0.0,0.0,0.0,0.0,0.0,0.0,0.0,0.0,0.0,0.0,0.0,0.0,0.0,20.98369534810384,0.17513369408880086,20.52571705409459,0.4447386011779638,20.811582156590053,0.46255691167305724,-0.013157866605663315
2024-11-11,21.255703967310797,21.498570795265536,21.14884382300097,21.41114044189453,6092100,0.0,0.0,20.89626274108887,21.07920684814453,52.19556747587222,-0.21032309450275122,-0.2725031226333095,0.5900571410567753,0.013333304446989436,0.0,0.0,0.0,0.0,0.0,0.0,0.0,0.0,0.0,7743000.0,12341100.0,17779900.0,0.0,0.0,0.0,0.0,0.0,0.0,0.0,0.0,0.0,0.0,0.0,0.0,0.0,0.0,0.0,0.0,0.0,0.0,0.0,0.0,0.0,0.0,0.0,0.0,21.190941492716473,0.1967868573596954,20.682539803641184,0.5405998174055731,20.82067380632673,0.4736709930049945,0.000908214031790866
2024-11-12,21.391712188720703,21.537431925383387,21.362567500217374,21.391712188720703,3848800,0.0,0.0,21.15078773498535,21.043299674987793,51.04234716018631,-0.15787923124097958,-0.24957834435484355,0.544098350926872,-0.0009073899275263697,0.0,0.0,0.0,0.0,0.0,0.0,0.0,0.0,0.0,6092100.0,7743000.0,12341100.0,0.0,0.0,0.0,0.0,0.0,0.0,0.0,0.0,0.0,0.0,0.0,0.0,0.0,0.0,0.0,0.0,0.0,0.0,0.0,0.0,0.0,0.0,0.0,0.0,21.31075604756673,0.15734565965376648,20.857404163905553,0.5442536387986595,20.82494749341692,0.47887942137898454,-0.0009073899275263697
2024-11-13,21.352851069078064,21.430568379906504,21.177986656482354,21.41114044189453,5432100,0.0,0.0,21.27513542175293,21.014126586914063,54.25713182175013,-0.11344170870303572,-0.22235101722448197,0.5046169074333378,0.000908214031790866,0.0,0.0,0.0,0.0,0.0,0.0,0.0,0.0,0.0,3848800.0,6092100.0,7743000.0,0.0,0.0,0.0,0.0,0.0,0.0,0.0,0.0,0.0,0.0,0.0,0.0,0.0,0.0,0.0,0.0,0.0,0.0,0.0,0.0,0.0,0.0,0.0,0.0,21.404664357503254,0.01121690719619589,21.040595190865652,0.4687081629337889,20.841585568019322,0.49584314816222574,0.010082465084070291
2024-11-14,21.313995115306053,21.401427328885873,21.187703316612087,21.197418212890625,6169200,0.0,0.0,21.30816535949707,20.985793018341063,53.09183614994392,-0.09438226961290397,-0.1967572677021664,0.4753514900383365,-0.009981823695188297,0.0,0.0,0.0,0.0,0.0,0.0,0.0,0.0,0.0,5432100.0,3848800.0,6092100.0,0.0,0.0,0.0,0.0,0.0,0.0,0.0,0.0,0.0,0.0,0.0,0.0,0.0,0.0,0.0,0.0,0.0,0.0,0.0,0.0,0.0,0.0,0.0,0.0,21.333423614501953,0.11818403532567655,21.19464247567313,0.23360458356410646,20.85393456050328,0.502853239769191,0.013469547769543011
2024-11-15,21.09055585439225,21.129415438857162,20.760258651075343,20.915693283081055,7650200,0.0,0.0,21.26542091369629,20.9505765914917,45.15054252041511,-0.10084786279361424,-0.17757538672045597,0.4513771680030148,-0.01329053033629568,0.0,0.0,0.0,0.0,0.0,0.0,0.0,0.0,0.0,6169200.0,5432100.0,3848800.0,0.0,0.0,0.0,0.0,0.0,0.0,0.0,0.0,0.0,0.0,0.0,0.0,0.0,0.0,0.0,0.0,0.0,0.0,0.0,0.0,0.0,0.0,0.0,0.0,21.174750645955402,0.2485001725091579,21.212684086390905,0.19947469605844542,20.833811487470353,0.4936023974030424,-0.003240739899104672
2024-11-18,20.72139934401797,21.051698404683727,20.66311181946725,20.98369598388672,4816400,0.0,0.0,21.179932022094725,20.933647537231444,47.17607691705586,-0.09933951820945808,-0.1619282130182564,0.44297376657715937,0.003251276440388029,0.0,0.0,0.0,0.0,0.0,0.0,0.0,0.0,0.0,7650200.0,6169200.0,5432100.0,0.0,0.0,0.0,0.0,0.0,0.0,0.0,0.0,0.0,0.0,0.0,0.0,0.0,0.0,0.0,0.0,0.0,0.0,0.0,0.0,0.0,0.0,0.0,0.0,21.0322691599528,0.1470093503619295,21.205745152064733,0.20748078647412507,20.822015081133163,0.48742919793646483,-0.005982446959227006
2024-11-19,20.818545883857094,21.323709357278283,20.818545883857094,21.1099853515625,6033100,0.0,0.0,21.123586654663086,20.924953937530518,62.248980467234595,-0.08695132696044894,-0.14693283580669492,0.43741019776208995,0.0060184520292687615,0.0,0.0,0.0,0.0,0.0,0.0,0.0,0.0,0.0,4816400.0,7650200.0,6169200.0,0.0,0.0,0.0,0.0,0.0,0.0,0.0,0.0,0.0,0.0,0.0,0.0,0.0,0.0,0.0,0.0,0.0,0.0,0.0,0.0,0.0,0.0,0.0,0.0,21.003124872843426,0.09859240976461588,21.20296941484724,0.20879792981437445,20.864343234470912,0.48466337673629967,-0.011823516087347885
2024-11-20,21.37228088974562,21.401425576194395,21.17798668594083,21.362565994262695,7812600,0.0,0.0,21.113871765136718,20.926488208770753,71.25987386497415,-0.05610569762448492,-0.12876740817025292,0.4389637252534827,0.011964984271365164,0.0,0.0,0.0,0.0,0.0,0.0,0.0,0.0,0.0,6033100.0,4816400.0,7650200.0,0.0,0.0,0.0,0.0,0.0,0.0,0.0,0.0,0.0,0.0,0.0,0.0,0.0,0.0,0.0,0.0,0.0,0.0,0.0,0.0,0.0,0.0,0.0,0.0,21.152082443237305,0.19291123615825015,21.19603020804269,0.20140269631191876,20.939285005841935,0.4739133835098927,0.0013661327990157623
2024-11-21,21.19741687370021,21.411140872471538,21.148844248303206,21.33342170715332,6121500,0.0,0.0,21.141072463989257,20.93424892425537,74.79339982832674,-0.03362441324036425,-0.10973880918427519,0.44497910286440767,-0.0013642690263521162,0.0,0.0,0.0,0.0,0.0,0.0,0.0,0.0,0.0,7812600.0,6033100.0,4816400.0,0.0,0.0,0.0,0.0,0.0,0.0,0.0,0.0,0.0,0.0,0.0,0.0,0.0,0.0,0.0,0.0,0.0,0.0,0.0,0.0,0.0,0.0,0.0,0.0,21.268657684326172,0.13818476492073709,21.187702996390207,0.19299303345748228,21.02255358014788,0.4281076986572304,-0.03641958402946488
2024-11-22,21.770583265248547,22.15916983644777,21.663721263321165,22.139741897583008,8678600,0.0,0.0,21.38588218688965,20.99000940322876,82.24301123279376,0.04869415140529654,-0.07805221706636085,0.5203743204839162,0.03779610235517539,0.0,0.0,0.0,0.0,0.0,0.0,0.0,0.0,0.0,6121500.0,7812600.0,6033100.0,0.0,0.0,0.0,0.0,0.0,0.0,0.0,0.0,0.0,0.0,0.0,0.0,0.0,0.0,0.0,0.0,0.0,0.0,0.0,0.0,0.0,0.0,0.0,0.0,21.611909866333008,0.4573481576193587,21.29178891863142,0.40908322067927955,21.166192054748535,0.4422897198490072,-0.0021891045585828994
2024-11-25,21.838585598683206,22.227172168371588,21.809442764035904,22.18831443786621,11805800,0.0,0.0,21.62680587768555,21.03955430984497,82.76928225832273,0.11650856678952692,-0.0391400602951833,0.5843945410441097,0.002193907250946925,0.0,0.0,0.0,0.0,0.0,0.0,0.0,0.0,0.0,8678600.0,6121500.0,7812600.0,0.0,0.0,0.0,0.0,0.0,0.0,0.0,0.0,0.0,0.0,0.0,0.0,0.0,0.0,0.0,0.0,0.0,0.0,0.0,0.0,0.0,0.0,0.0,0.0,21.88715934753418,0.4801654440900829,21.433345522199357,0.5257817609822135,21.313993998936244,0.4100217982324729,-0.014667837911802373
2024-11-26,22.285461870078116,22.538043607308477,22.246602286076392,22.518613815307617,7339500,0.0,0.0,21.90853157043457,21.10804271697998,80.68969859537687,0.19466045434469947,0.007620042632793256,0.671631234694506,0.014886186076294328,0.0,0.0,0.0,0.0,0.0,0.0,0.0,0.0,0.0,11805800.0,8678600.0,6121500.0,0.0,0.0,0.0,0.0,0.0,0.0,0.0,0.0,0.0,0.0,0.0,0.0,0.0,0.0,0.0,0.0,0.0,0.0,0.0,0.0,0.0,0.0,0.0,0.0,22.282223383585613,0.2061556452648991,21.662334169660294,0.6057325570179907,21.4375091280256,0.49208041094296495,0.01934919765217713
2024-11-27,22.353464080736384,22.460326082817822,21.92601792533755,22.091167449951172,9141100,0.0,0.0,22.054251861572265,21.18673152923584,67.637550323289,0.2195739273655306,0.050010819579340726,0.6907093318589087,-0.018981912868272444,0.0,0.0,0.0,0.0,0.0,0.0,0.0,0.0,0.0,7339500.0,11805800.0,8678600.0,0.0,0.0,0.0,0.0,0.0,0.0,0.0,0.0,0.0,0.0,0.0,0.0,0.0,0.0,0.0,0.0,0.0,0.0,0.0,0.0,0.0,0.0,0.0,0.0,22.266031901041668,0.2240705287980538,21.820544379098074,0.5400010009700396,21.513144765581405,0.506178705163271,0.03035793270351328
2024-11-29,21.508287148973427,21.60543425732716,21.372282309034386,21.440284729003906,5620900,0.0,0.0,22.075624465942383,21.243076705932616,54.371584552885224,0.18466849484343228,0.07694235463215904,0.6610422823249011,-0.029463482290914556,0.0,0.0,0.0,0.0,0.0,0.0,0.0,0.0,0.0,9141100.0,7339500.0,11805800.0,0.0,0.0,0.0,0.0,0.0,0.0,0.0,0.0,0.0,0.0,0.0,0.0,0.0,0.0,0.0,0.0,0.0,0.0,0.0,0.0,0.0,0.0,0.0,0.0,22.01668866475423,0.5430089517451543,21.867730004446848,0.47849144427955703,21.535349709647043,0.49473979731833756,-0.005855879718728918
2024-12-02,21.479143793917714,21.644293318245865,21.381996687914054,21.56657600402832,5836200,0.0,0.0,21.960991287231444,21.313022422790528,52.28572758854939,0.16529096714466363,0.09461207713465997,0.6135679649607841,0.005890373034718621,0.0,0.0,0.0,0.0,0.0,0.0,0.0,0.0,0.0,5620900.0,9141100.0,7339500.0,0.0,0.0,0.0,0.0,0.0,0.0,0.0,0.0,0.0,0.0,0.0,0.0,0.0,0.0,0.0,0.0,0.0,0.0,0.0,0.0,0.0,0.0,0.0,0.0,21.699342727661133,0.34515551753519874,21.896874291556223,0.44782468704791334,21.546452249799454,0.49348045564549653,0.003616610205025461
2024-12-03,21.654008704705312,21.760868856095996,21.40142696454438,21.488859176635742,8215700,0.0,0.0,21.82110023498535,21.38102521896362,51.40449887464711,0.14202585274941626,0.10409483225761124,0.5471891437377315,-0.003603577469973085,0.0,0.0,0.0,0.0,0.0,0.0,0.0,0.0,0.0,5836200.0,5620900.0,9141100.0,0.0,0.0,0.0,0.0,0.0,0.0,0.0,0.0,0.0,0.0,0.0,0.0,0.0,0.0,0.0,0.0,0.0,0.0,0.0,0.0,0.0,0.0,0.0,0.0,21.498573303222656,0.06370356919556133,21.919079644339426,0.4180964157673533,21.553391320364817,0.49181741821084507,-0.017761947996535632
2024-12-04,21.702580801045386,21.964877430898206,21.63457838284508,21.877445220947266,5866400,0.0,0.0,21.69286651611328,21.468943119049072,56.09137941172661,0.153177987709622,0.11391146334801339,0.4695046315322328,0.018083139785011193,0.0,0.0,0.0,0.0,0.0,0.0,0.0,0.0,0.0,8215700.0,5836200.0,5620900.0,0.0,0.0,0.0,0.0,0.0,0.0,0.0,0.0,0.0,0.0,0.0,0.0,0.0,0.0,0.0,0.0,0.0,0.0,0.0,0.0,0.0,0.0,0.0,0.0,21.644293467203777,0.20562047933063285,21.881608690534318,0.40662037287381864,21.58669880458287,0.49720302509372544,-0.014873161746707608
2024-12-05,22.110597491121514,22.43118164805427,22.100882595102103,22.207744598388672,5984600,0.0,0.0,21.71618194580078,21.539860248565674,62.80788868180557,0.18651846557736107,0.1284328637938829,0.4685770228626795,0.015097712466223046,0.0,0.0,0.0,0.0,0.0,0.0,0.0,0.0,0.0,5866400.0,8215700.0,5836200.0,0.0,0.0,0.0,0.0,0.0,0.0,0.0,0.0,0.0,0.0,0.0,0.0,0.0,0.0,0.0,0.0,0.0,0.0,0.0,0.0,0.0,0.0,0.0,0.0,21.85801633199056,0.3598363151444087,21.884384427751815,0.4091216297838831,21.658864974975586,0.5095237700319214,0.0
2024-12-06,22.22717253750054,22.324319644767698,22.149455222272206,22.207744598388672,4709600,0.0,0.0,21.869673919677734,21.598634052276612,67.63925466977125,0.21051435603695978,0.1448491622424983,0.4752316358617342,0.0,0.0,0.0,0.0,0.0,0.0,0.0,0.0,0.0,0.0,5984600.0,5866400.0,8215700.0,0.0,0.0,0.0,0.0,0.0,0.0,0.0,0.0,0.0,0.0,0.0,0.0,0.0,0.0,0.0,0.0,0.0,0.0,0.0,0.0,0.0,0.0,0.0,0.0,22.097644805908203,0.19069843447873017,21.839974539620535,0.33980196794363143,21.751154354640416,0.4807614314763819,-0.012953316923323133
2024-12-09,22.35346392301938,22.74205049203709,22.35346392301938,22.499183654785156,6292000,0.0,0.0,22.0561954498291,21.667122459411623,69.49998871062586,0.2501642307701317,0.165912175948025,0.5019995468981738,0.013123307281624141,0.0,0.0,0.0,0.0,0.0,0.0,0.0,0.0,0.0,4709600.0,5984600.0,5866400.0,0.0,0.0,0.0,0.0,0.0,0.0,0.0,0.0,0.0,0.0,0.0,0.0,0.0,0.0,0.0,0.0,0.0,0.0,0.0,0.0,0.0,0.0,0.0,0.0,22.304890950520832,0.1682624176626097,21.898262568882533,0.4164269810621465,21.859403473990305,0.4650240257823372,-0.003442316072302609
2024-12-10,22.47003848315257,22.71290531517203,22.30488896326226,22.576900482177734,6600900,0.0,0.0,22.2738037109375,21.72541046142578,69.11391914299688,0.2845777059710848,0.18964528195263697,0.5371605067621044,0.003454206543002769,0.0,0.0,0.0,0.0,0.0,0.0,0.0,0.0,0.0,6292000.0,4709600.0,5984600.0,0.0,0.0,0.0,0.0,0.0,0.0,0.0,0.0,0.0,0.0,0.0,0.0,0.0,0.0,0.0,0.0,0.0,0.0,0.0,0.0,0.0,0.0,0.0,0.0,22.427942911783855,0.19461615871109228,22.060636247907365,0.4294798826100685,21.964183126177108,0.4481317677591116,-0.005137033218753029
2024-12-11,22.57690073465439,22.83919736087111,22.528328108878064,22.693477630615234,6193400,0.0,0.0,22.437010192871092,21.790498733520508,67.97901412130523,0.31759638122073497,0.21523550180625659,0.5723155475804576,0.005163558590760786,0.0,0.0,0.0,0.0,0.0,0.0,0.0,0.0,0.0,6600900.0,6292000.0,4709600.0,0.0,0.0,0.0,0.0,0.0,0.0,0.0,0.0,0.0,0.0,0.0,0.0,0.0,0.0,0.0,0.0,0.0,0.0,0.0,0.0,0.0,0.0,0.0,0.0,22.589853922526043,0.09779254047989674,22.221622194562638,0.4245969036122901,22.059248243059432,0.4518416236397758,0.004731169647552935
2024-12-12,22.703193416645604,22.80033867200774,22.489469407824174,22.58661651611328,5750900,0.0,0.0,22.512784576416017,21.849272537231446,66.58099853176392,0.33132184835098144,0.23845277111520158,0.5913481583958927,-0.004708891084978073,0.0,0.0,0.0,0.0,0.0,0.0,0.0,0.0,0.0,6193400.0,6600900.0,6292000.0,0.0,0.0,0.0,0.0,0.0,0.0,0.0,0.0,0.0,0.0,0.0,0.0,0.0,0.0,0.0,0.0,0.0,0.0,0.0,0.0,0.0,0.0,0.0,0.0,22.618998209635418,0.06468375716422226,22.37844467163086,0.2903507569788231,22.148762157985143,0.4200005356020659,-0.00641014776448634
2024-12-13,22.848911026648366,22.95577116818935,22.615759100204215,22.73233413696289,4443500,0.0,0.0,22.61770248413086,21.92601833343506,59.501523906338015,0.3499238695794773,0.26074699080805674,0.601806299856215,0.006451502851064772,0.0,0.0,0.0,0.0,0.0,0.0,0.0,0.0,0.0,5750900.0,6193400.0,6600900.0,0.0,0.0,0.0,0.0,0.0,0.0,0.0,0.0,0.0,0.0,0.0,0.0,0.0,0.0,0.0,0.0,0.0,0.0,0.0,0.0,0.0,0.0,0.0,0.0,22.670809427897137,0.07545721845703518,22.500571659633092,0.21434149861350332,22.191090175083705,0.4479523913480443,0.0021412912526075356
2024-12-16,22.683761596679688,22.907198628722508,22.64490201566695,22.683761596679688,9862100,0.0,0.0,22.654618072509766,22.01442174911499,57.943916087594495,0.35663563377204355,0.2799247194008541,0.5748391306282843,-0.0021367159214954468,0.0,0.0,0.0,0.0,0.0,0.0,0.0,0.0,0.0,4443500.0,5750900.0,6193400.0,0.0,0.0,0.0,0.0,0.0,0.0,0.0,0.0,0.0,0.0,0.0,0.0,0.0,0.0,0.0,0.0,0.0,0.0,0.0,0.0,0.0,0.0,0.0,0.0,22.66757074991862,0.07419578084737324,22.56857408796038,0.1784629847692644,22.226479257856095,0.466886700826731,0.00951143099959828
2024-12-17,22.66433358211041,22.71290620925559,22.46032632458831,22.47003936767578,3890600,0.0,0.0,22.633245849609374,22.088738918304443,49.19091918214438,0.3407808480334573,0.2920959451273748,0.5288065746485473,-0.009421816046382259,0.0,0.0,0.0,0.0,0.0,0.0,0.0,0.0,0.0,9862100.0,4443500.0,5750900.0,0.0,0.0,0.0,0.0,0.0,0.0,0.0,0.0,0.0,0.0,0.0,0.0,0.0,0.0,0.0,0.0,0.0,0.0,0.0,0.0,0.0,0.0,0.0,0.0,22.628711700439453,0.13954391712215136,22.60604476928711,0.10064544073121759,22.223009654453822,0.4647242260560821,0.021191985815203207
2024-12-18,22.47004040870616,22.62547689921136,21.974593659505175,22.00373649597168,6071000,0.0,0.0,22.495297622680663,22.133426475524903,48.562315149652335,0.2872775150478155,0.29113225911146295,0.47696511990008694,-0.020752205373298138,0.0,0.0,0.0,0.0,0.0,0.0,0.0,0.0,0.0,3890600.0,9862100.0,4443500.0,0.0,0.0,0.0,0.0,0.0,0.0,0.0,0.0,0.0,0.0,0.0,0.0,0.0,0.0,0.0,0.0,0.0,0.0,0.0,0.0,0.0,0.0,0.0,0.0,22.38584582010905,0.34774264835801344,22.535266603742325,0.25068776918918834,22.21676458631243,0.4672130316743076,-0.03287779320025519
2024-12-19,22.51861236724868,22.94605849914599,22.44089505716979,22.75176429748535,9178400,0.0,0.0,22.528327178955077,22.202886390686036,70.89786989089596,0.30175686493710785,0.293257180276592,0.45963606717053446,0.033995489886484265,0.0,0.0,0.0,0.0,0.0,0.0,0.0,0.0,0.0,6071000.0,3890600.0,9862100.0,0.0,0.0,0.0,0.0,0.0,0.0,0.0,0.0,0.0,0.0,0.0,0.0,0.0,0.0,0.0,0.0,0.0,0.0,0.0,0.0,0.0,0.0,0.0,0.0,22.40851338704427,0.3777902628162255,22.56024714878627,0.26389259932591774,22.310441698346818,0.4295070810058022,0.03035628879607488
2024-12-20,21.984306213808043,22.31460527454298,21.799728743870926,22.081453323364258,12356700,0.0,0.0,22.398151016235353,22.24028797149658,56.99209987826041,0.256190159764504,0.2858437761741744,0.41325667821024115,-0.029461933824410313,0.0,0.0,0.0,0.0,0.0,0.0,0.0,0.0,0.0,9178400.0,6071000.0,3890600.0,0.0,0.0,0.0,0.0,0.0,0.0,0.0,0.0,0.0,0.0,0.0,0.0,0.0,0.0,0.0,0.0,0.0,0.0,0.0,0.0,0.0,0.0,0.0,0.0,22.278984705607098,0.41127896030228395,22.472815104893275,0.30978983568237045,22.347218649727957,0.3801170073701343,-0.002194956469756315
2024-12-23,22.081453289828257,22.1883152954705,21.867731131470766,22.130027770996094,3622600,0.0,0.0,22.287404251098632,22.239802265167235,58.77661977023306,0.22144508846013622,0.27296403863136676,0.41338675915470047,0.0021997849018586813,0.0,0.0,0.0,0.0,0.0,0.0,0.0,0.0,0.0,12356700.0,9178400.0,6071000.0,0.0,0.0,0.0,0.0,0.0,0.0,0.0,0.0,0.0,0.0,0.0,0.0,0.0,0.0,0.0,0.0,0.0,0.0,0.0,0.0,0.0,0.0,0.0,0.0,22.321081797281902,0.3737718973206972,22.407588141305105,0.32928937410348996,22.393016406467982,0.2986357467705483,0.0004392358503368943
2024-12-24,21.93573242397013,22.168884362803176,21.90658773676841,22.120311737060547,2051600,0.0,0.0,22.217458724975586,22.236402130126955,53.709201752004454,0.19092450751216816,0.25655613240752706,0.41411156720872705,-0.00043904300690855713,0.0,0.0,0.0,0.0,0.0,0.0,0.0,0.0,0.0,3622600.0,12356700.0,9178400.0,0.0,0.0,0.0,0.0,0.0,0.0,0.0,0.0,0.0,0.0,0.0,0.0,0.0,0.0,0.0,0.0,0.0,0.0,0.0,0.0,0.0,0.0,0.0,0.0,22.110597610473633,0.025702965434078205,22.320156369890487,0.30933975915268364,22.41036401476179,0.27227306096126225,0.005742073180408536
2024-12-26,21.994020462036133,22.110597360654232,21.95516273111473,21.994020462036133,3440300,0.0,0.0,22.215515518188475,22.21017246246338,46.51895804532534,0.15476207591267155,0.23619732110855596,0.4119034723588606,-0.005709290019309532,0.0,0.0,0.0,0.0,0.0,0.0,0.0,0.0,0.0,2051600.0,3622600.0,12356700.0,0.0,0.0,0.0,0.0,0.0,0.0,0.0,0.0,0.0,0.0,0.0,0.0,0.0,0.0,0.0,0.0,0.0,0.0,0.0,0.0,0.0,0.0,0.0,0.0,22.081453323364258,0.0758747603540721,22.221621922084264,0.2829426111328538,22.395098005022323,0.2899268697826463,0.007117386127455383
2024-12-27,21.94544881467672,22.052310822102466,21.663722377982314,21.838586807250977,4339900,0.0,0.0,22.0328800201416,22.19754343032837,44.27709115553408,0.11226675019330301,0.21141120692550538,0.4195454179910057,-0.007067086940900635,0.0,0.0,0.0,0.0,0.0,0.0,0.0,0.0,0.0,3440300.0,2051600.0,3622600.0,0.0,0.0,0.0,0.0,0.0,0.0,0.0,0.0,0.0,0.0,0.0,0.0,0.0,0.0,0.0,0.0,0.0,0.0,0.0,0.0,0.0,0.0,0.0,0.0,21.98430633544922,0.14111345510076043,22.13141441345215,0.2910847633691122,22.36872959136963,0.32315963864192887,0.01719457889917031
2024-12-30,21.586004061617334,21.586004061617334,21.26541990709078,21.46942901611328,4830800,0.0,0.0,21.910475158691405,22.19900064468384,34.411744664534666,0.04824481365355027,0.17877792827111438,0.4168185385418,-0.01690392306040267,0.0,0.0,0.0,0.0,0.0,0.0,0.0,0.0,0.0,4339900.0,3440300.0,2051600.0,0.0,0.0,0.0,0.0,0.0,0.0,0.0,0.0,0.0,0.0,0.0,0.0,0.0,0.0,0.0,0.0,0.0,0.0,0.0,0.0,0.0,0.0,0.0,0.0,21.767345428466797,0.2694541646033245,22.055084773472377,0.38503713130371664,22.29517568860735,0.39938402244979276,0.008211664040034039
2024-12-31,21.51800225515147,21.556861840043084,21.265420512136952,21.294565200805664,2304300,0.0,0.0,21.74338264465332,22.185400104522706,31.14284544276012,-0.016413871906731714,0.13973956823554518,0.442204956026387,-0.008144781827983283,0.0,0.0,0.0,0.0,0.0,0.0,0.0,0.0,0.0,4830800.0,4339900.0,3440300.0,0.0,0.0,0.0,0.0,0.0,0.0,0.0,0.0,0.0,0.0,0.0,0.0,0.0,0.0,0.0,0.0,0.0,0.0,0.0,0.0,0.0,0.0,0.0,0.0,21.53419367472331,0.277733186391918,21.846913473946707,0.3364526183834198,22.20358031136649,0.47051487928620417,-0.030946058138106802
2025-01-02,22.10088214870995,22.168884566545366,21.848300416087746,21.974592208862305,6556200,0.0,0.0,21.714238739013673,22.209686756134033,40.93136040060499,-0.012638164829425591,0.10926402162255103,0.4144008430234902,0.03193429880554266,0.0,0.0,0.0,0.0,0.0,0.0,0.0,0.0,0.0,2304300.0,4830800.0,4339900.0,0.0,0.0,0.0,0.0,0.0,0.0,0.0,0.0,0.0,0.0,0.0,0.0,0.0,0.0,0.0,0.0,0.0,0.0,0.0,0.0,0.0,0.0,0.0,0.0,21.57952880859375,0.35312980071032857,21.831647600446427,0.3263085903024696,22.15223135266985,0.4517927895565215,-0.0004418664131899952
2025-01-03,21.87744618198041,22.013451024355444,21.809443760792895,21.98430633544922,3810700,0.0,0.0,21.712295913696288,22.215029811859132,42.21103395746881,-0.008761049017429912,0.08565900749455485,0.4105627746545094,0.00044206174542771315,0.0,0.0,0.0,0.0,0.0,0.0,0.0,0.0,0.0,6556200.0,2304300.0,4830800.0,0.0,0.0,0.0,0.0,0.0,0.0,0.0,0.0,0.0,0.0,0.0,0.0,0.0,0.0,0.0,0.0,0.0,0.0,0.0,0.0,0.0,0.0,0.0,0.0,21.75115458170573,0.395447832370821,21.81083025251116,0.3082488729368715,22.109209196908132,0.43563508721951605,-0.0052747732244502465
2025-01-06,21.935733950769166,22.15917100942026,21.935733950769166,22.10088348388672,4862600,0.0,0.0,21.764755249023438,22.209686756134033,41.77218335797074,0.003676019930203722,0.06926240998168462,0.4113571499620319,0.005302743996498993,0.0,0.0,0.0,0.0,0.0,0.0,0.0,0.0,0.0,3810700.0,6556200.0,2304300.0,0.0,0.0,0.0,0.0,0.0,0.0,0.0,0.0,0.0,0.0,0.0,0.0,0.0,0.0,0.0,0.0,0.0,0.0,0.0,0.0,0.0,0.0,0.0,0.0,22.019927342732746,0.07027811648482592,21.808054787772043,0.30506894612037955,22.064105578831263,0.39714529382603436,0.006191948851338225
2025-01-07,22.023165606328917,22.227172866979743,21.887160765895032,21.96487808227539,5150400,0.0,0.0,21.86384506225586,22.19754343032837,40.841605570529225,0.002528836556304981,0.05591569529660869,0.4149862203964759,-0.006153844560579991,0.0,0.0,0.0,0.0,0.0,0.0,0.0,0.0,0.0,4862600.0,3810700.0,6556200.0,0.0,0.0,0.0,0.0,0.0,0.0,0.0,0.0,0.0,0.0,0.0,0.0,0.0,0.0,0.0,0.0,0.0,0.0,0.0,0.0,0.0,0.0,0.0,0.0,22.01668930053711,0.07355854564691375,21.803891590663365,0.30229438178295137,22.012756756373815,0.35511381609654324,-0.007462696858299922
2025-01-08,21.945448448412307,22.1591706067698,21.906588863478042,22.130027770996094,6199700,0.0,0.0,22.030937576293944,22.179085636138915,45.6140575331411,0.014775561656396263,0.047687668568566204,0.4090306535403987,0.007518807438952724,0.0,0.0,0.0,0.0,0.0,0.0,0.0,0.0,0.0,5150400.0,4862600.0,3810700.0,0.0,0.0,0.0,0.0,0.0,0.0,0.0,0.0,0.0,0.0,0.0,0.0,0.0,0.0,0.0,0.0,0.0,0.0,0.0,0.0,0.0,0.0,0.0,0.0,22.065263112386067,0.08814881207611723,21.845526014055526,0.3269348643422208,21.988470213753835,0.33233012885843144,0.003524203317798902
2025-01-10,22.19803068448793,22.528329752053683,22.052310943603516,22.052310943603516,7409000,0.0,0.0,22.046481323242187,22.152856159210206,50.696394673416144,0.01800255877578749,0.04175064661001047,0.39887149341462913,-0.003511826925695738,0.0,0.0,0.0,0.0,0.0,0.0,0.0,0.0,0.0,6199700.0,5150400.0,4862600.0,0.0,0.0,0.0,0.0,0.0,0.0,0.0,0.0,0.0,0.0,0.0,0.0,0.0,0.0,0.0,0.0,0.0,0.0,0.0,0.0,0.0,0.0,0.0,0.0,22.049072265625,0.08262246484663838,21.928794860839844,0.2869650334240115,21.991939817156112,0.33275506520539627,0.00044078448909323775
2025-01-13,21.87744538440747,22.13002712027217,21.83858580061585,22.04259490966797,11561800,0.0,0.0,22.058139038085937,22.120312023162843,37.102513457393194,0.01955060727303959,0.037310638742616295,0.37847161117917216,-0.00044059028373011344,0.0,0.0,0.0,0.0,0.0,0.0,0.0,0.0,0.0,7409000.0,6199700.0,5150400.0,0.0,0.0,0.0,0.0,0.0,0.0,0.0,0.0,0.0,0.0,0.0,0.0,0.0,0.0,0.0,0.0,0.0,0.0,0.0,0.0,0.0,0.0,0.0,0.0,22.07497787475586,0.04792148407359269,22.035656247820175,0.06437038618153283,21.94128486088344,0.25248714934824185,0.007996431570933105
2025-01-14,21.935733514952922,22.052310416630895,21.84830130192619,21.86773109436035,13923400,0.0,0.0,22.011508560180665,22.084367752075195,45.25863965796805,0.00659141661503071,0.03116679431709918,0.36577904474171985,-0.007932995911970497,0.0,0.0,0.0,0.0,0.0,0.0,0.0,0.0,0.0,11561800.0,7409000.0,6199700.0,0.0,0.0,0.0,0.0,0.0,0.0,0.0,0.0,0.0,0.0,0.0,0.0,0.0,0.0,0.0,0.0,0.0,0.0,0.0,0.0,0.0,0.0,0.0,0.0,21.987545649210613,0.10387610887131798,22.020390374319895,0.08916276479705433,21.926018987383163,0.24980718561466408,-0.016601059498652204
2025-01-15,22.071737455055292,22.314604291786242,21.994020141418464,22.236886978149414,9229900,0.0,0.0,22.06591033935547,22.059595394134522,52.075428921977206,0.025811421312127436,0.030095719716104835,0.33507423889813903,0.01688130708193447,0.0,0.0,0.0,0.0,0.0,0.0,0.0,0.0,0.0,13923400.0,11561800.0,7409000.0,0.0,0.0,0.0,0.0,0.0,0.0,0.0,0.0,0.0,0.0,0.0,0.0,0.0,0.0,0.0,0.0,0.0,0.0,0.0,0.0,0.0,0.0,0.0,0.0,22.049070994059246,0.18466312947016378,22.056473323277064,0.11843061184219805,21.933651787894114,0.25801772131777273,0.06119602556657333
2025-01-16,21.955163794199322,21.955163794199322,20.701969948313728,20.954551696777344,22922700,0.0,0.0,21.83081512451172,21.973134899139403,34.848483346058885,-0.06171887006099652,0.011732801760684565,0.3849299284602156,-0.057667032378773575,0.0,0.0,0.0,0.0,0.0,0.0,0.0,0.0,0.0,9229900.0,13923400.0,11561800.0,0.0,0.0,0.0,0.0,0.0,0.0,0.0,0.0,0.0,0.0,0.0,0.0,0.0,0.0,0.0,0.0,0.0,0.0,0.0,0.0,0.0,0.0,0.0,0.0,21.686389923095703,0.6601207531653117,21.892711639404297,0.42986211816046477,21.85038321358817,0.3607870407389366,0.01793299622197453
2025-01-17,20.633966532535933,20.886548268835877,20.507676590849428,20.58539390563965,13512700,0.0,0.0,21.537431716918945,21.878902626037597,32.77909705485125,-0.15904186948897348,-0.022422132489247043,0.4766421218975491,-0.017617069383282002,0.0,0.0,0.0,0.0,0.0,0.0,0.0,0.0,0.0,22922700.0,9229900.0,13923400.0,0.0,0.0,0.0,0.0,0.0,0.0,0.0,0.0,0.0,0.0,0.0,0.0,0.0,0.0,0.0,0.0,0.0,0.0,0.0,0.0,0.0,0.0,0.0,0.0,21.258944193522137,0.8668035741693468,21.695642471313477,0.6507311920999871,21.74976703098842,0.49068322988824203,0.001891239217021612
2025-01-21,20.49796286228078,20.565965284979214,20.332813327330133,20.54653549194336,18004300,0.0,0.0,21.238219833374025,21.80604257583618,33.74082460577789,-0.236579456236079,-0.06525359723861343,0.5605454806468093,-0.0018876691830338466,0.0,0.0,0.0,0.0,0.0,0.0,0.0,0.0,0.0,13512700.0,22922700.0,9229900.0,0.0,0.0,0.0,0.0,0.0,0.0,0.0,0.0,0.0,0.0,0.0,0.0,0.0,0.0,0.0,0.0,0.0,0.0,0.0,0.0,0.0,0.0,0.0,0.0,20.695493698120117,0.22519053949909473,21.46942928859166,0.7432200144672322,21.657477651323592,0.5851130716976416,-0.021286423509981667
2025-01-22,20.82826058619546,21.07112742466766,20.721398584331073,20.993410110473633,9311600,0.0,0.0,21.06335563659668,21.718124866485596,44.124697078345065,-0.25898409786474375,-0.1039996973638395,0.5419946085481874,0.021749390241751376,0.0,0.0,0.0,0.0,0.0,0.0,0.0,0.0,0.0,18004300.0,13512700.0,22922700.0,0.0,0.0,0.0,0.0,0.0,0.0,0.0,0.0,0.0,0.0,0.0,0.0,0.0,0.0,0.0,0.0,0.0,0.0,0.0,0.0,0.0,0.0,0.0,0.0,20.708446502685547,0.24754936356488383,21.318157741001674,0.7119126357733976,21.62347630092076,0.6101754546361667,-0.007805336955258757
2025-01-23,20.964265585735767,21.177987738198638,20.90597806286897,21.158559799194336,10751800,0.0,0.0,20.847690200805665,21.6719801902771,48.317307011590486,-0.26041187214464045,-0.1352821323199997,0.5486789796899199,0.00786673950785688,0.0,0.0,0.0,0.0,0.0,0.0,0.0,0.0,0.0,9311600.0,18004300.0,13512700.0,0.0,0.0,0.0,0.0,0.0,0.0,0.0,0.0,0.0,0.0,0.0,0.0,0.0,0.0,0.0,0.0,0.0,0.0,0.0,0.0,0.0,0.0,0.0,0.0,20.89950180053711,0.3166346730425889,21.19186701093401,0.6363875205695168,21.61376162937709,0.6168609558276413,0.0046125579886555634
2025-01-24,21.11970033447491,21.226562337772663,21.05169791525887,21.061412811279297,7612600,0.0,0.0,20.869062423706055,21.61854944229126,36.79774366882142,-0.2663124593241726,-0.16148819772083428,0.5537343023225915,-0.004591379982239574,0.0,0.0,0.0,0.0,0.0,0.0,0.0,0.0,0.0,10751800.0,9311600.0,18004300.0,0.0,0.0,0.0,0.0,0.0,0.0,0.0,0.0,0.0,0.0,0.0,0.0,0.0,0.0,0.0,0.0,0.0,0.0,0.0,0.0,0.0,0.0,0.0,0.0,21.07112757364909,0.08300233356350539,21.076678684779576,0.5623287952176655,21.548534529549734,0.6240101805601774,0.006499534224050141
2025-01-27,20.624251199920785,21.01283776564484,20.624251199920785,20.92540740966797,9588900,0.0,0.0,20.93706512451172,21.55880422592163,35.230352736107164,-0.2787499604130339,-0.18494055025927422,0.5611596326574664,-0.006457563071860517,0.0,0.0,0.0,0.0,0.0,0.0,0.0,0.0,0.0,7612600.0,10751800.0,9311600.0,0.0,0.0,0.0,0.0,0.0,0.0,0.0,0.0,0.0,0.0,0.0,0.0,0.0,0.0,0.0,0.0,0.0,0.0,0.0,0.0,0.0,0.0,0.0,0.0,21.048460006713867,0.1171146470129658,20.8893244607108,0.2339410614237957,21.472898891993932,0.6312596086770518,0.0004644420079908951
2025-01-28,20.799116382613285,20.944836118502767,20.711684170494202,20.915693283081055,14719300,0.0,0.0,21.010896682739258,21.504887866973878,32.96087792277592,-0.2860927196786136,-0.2051709841431421,0.5688928106668878,-0.00046422640174859087,0.0,0.0,0.0,0.0,0.0,0.0,0.0,0.0,0.0,9588900.0,7612600.0,10751800.0,0.0,0.0,0.0,0.0,0.0,0.0,0.0,0.0,0.0,0.0,0.0,0.0,0.0,0.0,0.0,0.0,0.0,0.0,0.0,0.0,0.0,0.0,0.0,0.0,20.967504501342773,0.08147189128842823,20.883773258754186,0.23259246651841664,21.38824244907924,0.6199337726715453,-0.007834112181453579
2025-01-29,21.119700703635726,21.19741802023065,20.973980966636116,21.080842971801758,8351400,0.0,0.0,21.028383255004883,21.467000675201415,37.396114049519355,-0.2754109437103516,-0.21921897605658403,0.5707286144142217,0.007895970096974736,0.0,0.0,0.0,0.0,0.0,0.0,0.0,0.0,0.0,14719300.0,9588900.0,7612600.0,0.0,0.0,0.0,0.0,0.0,0.0,0.0,0.0,0.0,0.0,0.0,0.0,0.0,0.0,0.0,0.0,0.0,0.0,0.0,0.0,0.0,0.0,0.0,0.0,20.973981221516926,0.09267236006067682,20.954551696777344,0.19972258063763548,21.32509708404541,0.6014275030093934,-0.0054995018694292686
2025-01-30,21.109985999310805,21.440285061073013,21.0808431634022,21.197418212890625,6800600,0.0,0.0,21.03615493774414,21.453400135040283,36.516825427639844,-0.25460399523000987,-0.2262959798912692,0.5738999173799174,0.0055299136398292426,0.0,0.0,0.0,0.0,0.0,0.0,0.0,0.0,0.0,8351400.0,14719300.0,9588900.0,0.0,0.0,0.0,0.0,0.0,0.0,0.0,0.0,0.0,0.0,0.0,0.0,0.0,0.0,0.0,0.0,0.0,0.0,0.0,0.0,0.0,0.0,0.0,0.0,21.064651489257812,0.14155867016613544,21.047534942626953,0.10902628771700995,21.258482115609304,0.5552932880613337,-0.005922575295634558
2025-01-31,21.294564799795168,21.42085474246069,21.19741769232256,21.32370948791504,9751700,0.0,0.0,21.08861427307129,21.454857349395752,39.612166369804335,-0.2253262672707521,-0.22610203736716578,0.5735122559306102,0.005957861177056545,0.0,0.0,0.0,0.0,0.0,0.0,0.0,0.0,0.0,6800600.0,8351400.0,14719300.0,0.0,0.0,0.0,0.0,0.0,0.0,0.0,0.0,0.0,0.0,0.0,0.0,0.0,0.0,0.0,0.0,0.0,0.0,0.0,0.0,0.0,0.0,0.0,0.0,21.20065689086914,0.12146564509547587,21.094720567975724,0.14667304217924462,21.2064391544887,0.5072345906724213,-0.0018189063223066348
2025-02-03,20.964264544097038,21.459713096165093,20.964264544097038,21.362565994262695,10983000,0.0,0.0,21.176045989990236,21.42425603866577,40.38457285594619,-0.1967203913858171,-0.22022570817089604,0.5605013926490732,0.0018222207711879879,0.0,0.0,0.0,0.0,0.0,0.0,0.0,0.0,0.0,9751700.0,6800600.0,8351400.0,0.0,0.0,0.0,0.0,0.0,0.0,0.0,0.0,0.0,0.0,0.0,0.0,0.0,0.0,0.0,0.0,0.0,0.0,0.0,0.0,0.0,0.0,0.0,0.0,21.294564565022785,0.08634533757388145,21.123864310128347,0.17832466122512913,21.15786566053118,0.4503774359386798,-0.017426344723328158
2025-02-04,21.372283018843802,21.760869612237375,21.372283018843802,21.741439819335938,9778200,0.0,0.0,21.34119529724121,21.412112712860107,48.31167930448725,-0.14184299954549928,-0.20454916644581672,0.550266654050083,0.017735408057955038,0.0,0.0,0.0,0.0,0.0,0.0,0.0,0.0,0.0,10983000.0,9751700.0,6800600.0,0.0,0.0,0.0,0.0,0.0,0.0,0.0,0.0,0.0,0.0,0.0,0.0,0.0,0.0,0.0,0.0,0.0,0.0,0.0,0.0,0.0,0.0,0.0,0.0,21.47590510050456,0.23077905494206044,21.221011025565012,0.28931961519800814,21.148844855172293,0.43610412201531923,0.00313760574447719
2025-02-05,21.488859647120176,21.692866911181973,21.391712536788695,21.673437118530273,9910900,0.0,0.0,21.459714126586913,21.390740394592285,41.80792025832186,-0.10265616441241932,-0.18417056603913726,0.5300359556247328,-0.0031277919664356446,0.0,0.0,0.0,0.0,0.0,0.0,0.0,0.0,0.0,9778200.0,10983000.0,9751700.0,0.0,0.0,0.0,0.0,0.0,0.0,0.0,0.0,0.0,0.0,0.0,0.0,0.0,0.0,0.0,0.0,0.0,0.0,0.0,0.0,0.0,0.0,0.0,0.0,21.5924809773763,0.20199447127144618,21.32787241254534,0.2998909296457728,21.108598436628068,0.3443067740600588,0.003147569858721333
2025-02-06,21.74143733931807,21.760867130003177,21.45971278609133,21.605432510375977,9375200,0.0,0.0,21.541316986083984,21.372768115997314,64.62876480135259,-0.07620922626163562,-0.16257829808363694,0.5154365924069216,-0.003137693748452741,0.0,0.0,0.0,0.0,0.0,0.0,0.0,0.0,0.0,9910900.0,9778200.0,10983000.0,0.0,0.0,0.0,0.0,0.0,0.0,0.0,0.0,0.0,0.0,0.0,0.0,0.0,0.0,0.0,0.0,0.0,0.0,0.0,0.0,0.0,0.0,0.0,0.0,21.673436482747395,0.06800365448159235,21.426406587873185,0.25126098824790627,21.155089923313685,0.3652150359957934,0.018781425254606132
2025-02-07,21.556861181103763,21.556861181103763,21.032267918664427,21.20713233947754,9618000,0.0,0.0,21.518001556396484,21.326623344421385,63.79309469365511,-0.08639344246859793,-0.14734132696062913,0.4844546017266095,-0.018435186183250685,0.0,0.0,0.0,0.0,0.0,0.0,0.0,0.0,0.0,9375200.0,9910900.0,9778200.0,0.0,0.0,0.0,0.0,0.0,0.0,0.0,0.0,0.0,0.0,0.0,0.0,0.0,0.0,0.0,0.0,0.0,0.0,0.0,0.0,0.0,0.0,0.0,0.0,21.495333989461262,0.2518954147508038,21.444447926112584,0.22552939917400447,21.199499811444962,0.3263445346632145,-0.001829065916845951
2025-02-10,21.17798838668077,21.25570570385856,21.090556173239886,21.24599266052246,9249900,0.0,0.0,21.494686889648438,21.286307430267335,65.5172501339237,-0.09028801995516034,-0.13593066555953537,0.45344298767990054,0.0018324175292943057,0.0,0.0,0.0,0.0,0.0,0.0,0.0,0.0,0.0,9618000.0,9375200.0,9910900.0,0.0,0.0,0.0,0.0,0.0,0.0,0.0,0.0,0.0,0.0,0.0,0.0,0.0,0.0,0.0,0.0,0.0,0.0,0.0,0.0,0.0,0.0,0.0,0.0,21.35285250345866,0.21960197189145156,21.45138713291713,0.21725745266814758,21.249461037772043,0.2667991557371601,-0.004551583827310801
2025-02-11,21.129415583846207,21.36256753345465,21.022553578761386,21.343137741088867,8557800,0.0,0.0,21.415026473999024,21.251334571838377,59.18365915911704,-0.08456093868200654,-0.1256567201840296,0.41759948292475857,0.0045723954685776835,0.0,0.0,0.0,0.0,0.0,0.0,0.0,0.0,0.0,9249900.0,9618000.0,9375200.0,0.0,0.0,0.0,0.0,0.0,0.0,0.0,0.0,0.0,0.0,0.0,0.0,0.0,0.0,0.0,0.0,0.0,0.0,0.0,0.0,0.0,0.0,0.0,0.0,21.26542091369629,0.07005326603968465,21.45416259765625,0.2154712787532624,21.27444158281599,0.25717999145630177,0.010114914389452334
2025-02-12,20.973980879540562,21.12941551208496,20.896263563268363,21.12941551208496,5914200,0.0,0.0,21.30622215270996,21.214418792724608,49.253724053724056,-0.0961593184747791,-0.1197572398421795,0.39209701564280824,-0.0100136274055177,0.0,0.0,0.0,0.0,0.0,0.0,0.0,0.0,0.0,8557800.0,9249900.0,9618000.0,0.0,0.0,0.0,0.0,0.0,0.0,0.0,0.0,0.0,0.0,0.0,0.0,0.0,0.0,0.0,0.0,0.0,0.0,0.0,0.0,0.0,0.0,0.0,0.0,21.23951530456543,0.10700824686755607,21.420855385916575,0.24761272556221936,21.27235984802246,0.25830563691560054,0.00046004603169658154
2025-02-13,20.964264853978776,21.139129269402464,20.886547541893457,21.119699478149414,9916700,0.0,0.0,21.20907554626465,21.15855941772461,51.56246325074572,-0.10492560371497817,-0.11679091261673924,0.3096846007323061,-0.00045983448666575555,0.0,0.0,0.0,0.0,0.0,0.0,0.0,0.0,0.0,5914200.0,8557800.0,9249900.0,0.0,0.0,0.0,0.0,0.0,0.0,0.0,0.0,0.0,0.0,0.0,0.0,0.0,0.0,0.0,0.0,0.0,0.0,0.0,0.0,0.0,0.0,0.0,0.0,21.197417577107746,0.12629083486855208,21.332035337175643,0.2238190733553793,21.276523181370326,0.2550938433967448,0.007881236676491099
2025-02-14,21.109986333843104,21.129416126708083,20.92540886040691,20.954551696777344,7038100,0.0,0.0,21.15855941772461,21.15855941772461,50.769238514282264,-0.12377222452584036,-0.11818717499855946,0.3096846007323061,-0.007819608491254071,0.0,0.0,0.0,0.0,0.0,0.0,0.0,0.0,0.0,9916700.0,5914200.0,8557800.0,0.0,0.0,0.0,0.0,0.0,0.0,0.0,0.0,0.0,0.0,0.0,0.0,0.0,0.0,0.0,0.0,0.0,0.0,0.0,0.0,0.0,0.0,0.0,0.0,21.067888895670574,0.09827304217590431,21.229337419782365,0.20521555837045566,21.278604916163854,0.25210955757709735,0.007473181125946526
2025-02-18,20.85740365771904,20.85740365771904,20.565964189414654,20.799116134643555,10779700,0.0,0.0,21.06918411254883,21.169245529174805,47.142830430351815,-0.14952700391224738,-0.12445514078129706,0.29205113076433253,-0.007417746959372695,0.0,0.0,0.0,0.0,0.0,0.0,0.0,0.0,0.0,7038100.0,9916700.0,5914200.0,0.0,0.0,0.0,0.0,0.0,0.0,0.0,0.0,0.0,0.0,0.0,0.0,0.0,0.0,0.0,0.0,0.0,0.0,0.0,0.0,0.0,0.0,0.0,0.0,20.957789103190105,0.16031618955516286,21.114149366106307,0.1841400623773051,21.270277976989746,0.2665309744786822,0.00942953908228561
2025-02-19,20.585394219514903,20.604822158813477,20.400814899226162,20.604822158813477,11414600,0.0,0.0,20.92152099609375,21.17215986251831,38.49760800833279,-0.183500472968813,-0.13626420721880025,0.28573262072657796,-0.009341453481595652,0.0,0.0,0.0,0.0,0.0,0.0,0.0,0.0,0.0,10779700.0,7038100.0,9916700.0,0.0,0.0,0.0,0.0,0.0,0.0,0.0,0.0,0.0,0.0,0.0,0.0,0.0,0.0,0.0,0.0,0.0,0.0,0.0,0.0,0.0,0.0,0.0,0.0,20.786163330078125,0.1752241957910404,21.02810505458287,0.25896858926868127,21.236276490347727,0.317957942801242,-0.006557467201168898
2025-02-20,20.663112149488878,20.760259260576333,20.527105452795627,20.740829467773438,10776600,0.0,0.0,20.843803787231444,21.1595308303833,39.06980269538234,-0.19717710387423182,-0.14844678654988658,0.29930833133459395,0.006600751412056516,0.0,0.0,0.0,0.0,0.0,0.0,0.0,0.0,0.0,11414600.0,10779700.0,7038100.0,0.0,0.0,0.0,0.0,0.0,0.0,0.0,0.0,0.0,0.0,0.0,0.0,0.0,0.0,0.0,0.0,0.0,0.0,0.0,0.0,0.0,0.0,0.0,0.0,20.714922587076824,0.09970412284086486,20.95593888419015,0.25851658305204345,21.20366300855364,0.34455446502579085,0.008502582288746119
2025-02-21,20.585395445848857,20.67282766314544,20.497963228552273,20.56596565246582,13778200,0.0,0.0,20.733057022094727,21.129901123046874,32.27275810245921,-0.21959463068935037,-0.16267635537777936,0.32742089067175945,-0.008430897885704947,0.0,0.0,0.0,0.0,0.0,0.0,0.0,0.0,0.0,10776600.0,11414600.0,10779700.0,0.0,0.0,0.0,0.0,0.0,0.0,0.0,0.0,0.0,0.0,0.0,0.0,0.0,0.0,0.0,0.0,0.0,0.0,0.0,0.0,0.0,0.0,0.0,0.0,20.637205759684246,0.09181972380667015,20.844914300101145,0.22980277814186262,21.149538448878697,0.38175357951210603,0.016322729947906067
2025-02-24,20.070514847802354,20.2550941589378,20.031657118205192,20.23566436767578,12509400,0.0,0.0,20.589279556274413,21.0886137008667,26.800070681090844,-0.26100453759967124,-0.18234199182215774,0.3837323666114762,-0.01606057747891043,0.0,0.0,0.0,0.0,0.0,0.0,0.0,0.0,0.0,13778200.0,10776600.0,11414600.0,0.0,0.0,0.0,0.0,0.0,0.0,0.0,0.0,0.0,0.0,0.0,0.0,0.0,0.0,0.0,0.0,0.0,0.0,0.0,0.0,0.0,0.0,0.0,0.0,20.514153162638348,0.2565372198447883,20.717235565185547,0.2866436307051031,21.06904547555106,0.4466665233227841,0.002888713674016774
2025-02-25,20.157947908721294,20.22595032808963,20.02194306998462,20.177377700805664,9215000,0.0,0.0,20.464931869506835,21.051212215423583,12.903292935050587,-0.29512343481420444,-0.20489828042056707,0.4336805388988899,-0.0028803930432461655,0.0,0.0,0.0,0.0,0.0,0.0,0.0,0.0,0.0,12509400.0,13778200.0,10776600.0,0.0,0.0,0.0,0.0,0.0,0.0,0.0,0.0,0.0,0.0,0.0,0.0,0.0,0.0,0.0,0.0,0.0,0.0,0.0,0.0,0.0,0.0,0.0,0.0,20.326335906982422,0.20956179297279162,20.582618168422155,0.2874032689613341,20.9573267527989,0.46092424077338134,0.0
2025-02-26,20.187092596847847,20.37167006286849,20.128803220594737,20.177377700805664,9233300,0.0,0.0,20.379442977905274,21.014296436309813,13.333401895302131,-0.3184915345143189,-0.22761693123931742,0.47525412977721954,0.0,0.0,0.0,0.0,0.0,0.0,0.0,0.0,0.0,0.0,9215000.0,12509400.0,13778200.0,0.0,0.0,0.0,0.0,0.0,0.0,0.0,0.0,0.0,0.0,0.0,0.0,0.0,0.0,0.0,0.0,0.0,0.0,0.0,0.0,0.0,0.0,0.0,0.0,20.19680658976237,0.03365182280669319,20.47159331185477,0.26932121147636934,20.850465365818568,0.4555217218443857,0.013170756188107147
2025-02-27,20.167662761949654,20.206520493108943,19.905366128148362,19.915081024169922,10206600,0.0,0.0,20.21429328918457,20.95600833892822,12.173985045972657,-0.35409429299088657,-0.25291240358963124,0.5344628047965209,-0.012999542384800056,0.0,0.0,0.0,0.0,0.0,0.0,0.0,0.0,0.0,9233300.0,9215000.0,12509400.0,0.0,0.0,0.0,0.0,0.0,0.0,0.0,0.0,0.0,0.0,0.0,0.0,0.0,0.0,0.0,0.0,0.0,0.0,0.0,0.0,0.0,0.0,0.0,0.0,20.089945475260418,0.1514370568629872,20.34530258178711,0.2960835403215679,20.729725973946707,0.4639609544814255,0.019900450373318446
2025-02-28,19.273913235198155,19.5264949798584,19.137908393045333,19.5264949798584,17385600,0.0,0.0,20.006399154663086,20.87246217727661,12.227143498942013,-0.40895124640916336,-0.2841201721535377,0.618699391273701,-0.019512149804458034,0.0,0.0,0.0,0.0,0.0,0.0,0.0,0.0,0.0,10206600.0,9233300.0,9215000.0,0.0,0.0,0.0,0.0,0.0,0.0,0.0,0.0,0.0,0.0,0.0,0.0,0.0,0.0,0.0,0.0,0.0,0.0,0.0,0.0,0.0,0.0,0.0,0.0,19.872984568277996,0.3274769653057546,20.191255841936385,0.4006194097481962,20.609680448259628,0.5418254023806006,0.013615859109521677
2025-03-03,19.497348324445543,19.613925215194712,19.225338667575514,19.264196395874023,9916000,0.0,0.0,19.812105560302733,20.769486522674562,9.523805813745128,-0.4681940314688582,-0.32093494401660183,0.7050123096328906,-0.013432957848038551,0.0,0.0,0.0,0.0,0.0,0.0,0.0,0.0,0.0,17385600.0,10206600.0,9233300.0,0.0,0.0,0.0,0.0,0.0,0.0,0.0,0.0,0.0,0.0,0.0,0.0,0.0,0.0,0.0,0.0,0.0,0.0,0.0,0.0,0.0,0.0,0.0,0.0,19.56859079996745,0.3274778517562807,19.980308260236466,0.44886734111992366,20.468123572213308,0.6165268215644678,0.006088236243369183
2025-03-04,19.099048526995546,19.361345164084188,19.00190141848935,19.147621154785156,13778200,0.0,0.0,19.606154251098634,20.658739280700683,5.5118779745179864,-0.5185732238222158,-0.3604625999777247,0.7772153314638744,-0.00605139392753673,0.0,0.0,0.0,0.0,0.0,0.0,0.0,0.0,0.0,9916000.0,17385600.0,10206600.0,0.0,0.0,0.0,0.0,0.0,0.0,0.0,0.0,0.0,0.0,0.0,0.0,0.0,0.0,0.0,0.0,0.0,0.0,0.0,0.0,0.0,0.0,0.0,0.0,19.31277084350586,0.19405141471633336,19.777687617710658,0.46041262301936126,20.3113009589059,0.6548716475701263,-0.017447750024615516
2025-03-05,19.507066359902485,19.613928372547438,19.35163171583371,19.48763656616211,12466000,0.0,0.0,19.468206024169923,20.546049118041992,18.352156869089242,-0.5250106981336948,-0.3933722196089187,0.7753596589639509,0.01775757983868309,0.0,0.0,0.0,0.0,0.0,0.0,0.0,0.0,0.0,13778200.0,9916000.0,17385600.0,0.0,0.0,0.0,0.0,0.0,0.0,0.0,0.0,0.0,0.0,0.0,0.0,0.0,0.0,0.0,0.0,0.0,0.0,0.0,0.0,0.0,0.0,0.0,0.0,19.29981803894043,0.17278395783310482,19.670826503208705,0.42157058030279565,20.194031034197128,0.6440090592207762,0.015696313469376166
2025-03-06,19.409916607361314,19.45849108511359,19.118477152555126,19.186479568481445,11306000,0.0,0.0,19.322485733032227,20.42170124053955,16.498403527444125,-0.5480951955074289,-0.42431681478862077,0.784408834657474,-0.015453746618180775,0.0,0.0,0.0,0.0,0.0,0.0,0.0,0.0,0.0,12466000.0,13778200.0,9916000.0,0.0,0.0,0.0,0.0,0.0,0.0,0.0,0.0,0.0,0.0,0.0,0.0,0.0,0.0,0.0,0.0,0.0,0.0,0.0,0.0,0.0,0.0,0.0,0.0,19.27391242980957,0.18610749292660675,19.52926962716239,0.3881709070246093,20.05594389779227,0.6374869395482351,-0.005538854729306264
2025-03-07,19.04076085139858,19.303057486397968,18.953328639732117,19.29334259033203,15923200,0.0,0.0,19.275855255126952,20.306096744537353,20.618667990867337,-0.5514105555756146,-0.4497355629460196,0.7710325514418742,0.005569704513491702,0.0,0.0,0.0,0.0,0.0,0.0,0.0,0.0,0.0,11306000.0,12466000.0,13778200.0,0.0,0.0,0.0,0.0,0.0,0.0,0.0,0.0,0.0,0.0,0.0,0.0,0.0,0.0,0.0,0.0,0.0,0.0,0.0,0.0,0.0,0.0,0.0,0.0,19.322486241658527,0.1526790706758383,19.402978897094727,0.2670929833224889,19.937286104474747,0.6114304882916276,0.02160493266069774
2025-03-10,19.186480754470175,19.22534033907405,18.80760906921727,18.885326385498047,14185200,0.0,0.0,19.200081253051756,20.190006446838378,18.927558115840867,-0.5802724801676327,-0.4758429463903422,0.8023818764566267,-0.021148030877679136,0.0,0.0,0.0,0.0,0.0,0.0,0.0,0.0,0.0,15923200.0,11306000.0,12466000.0,0.0,0.0,0.0,0.0,0.0,0.0,0.0,0.0,0.0,0.0,0.0,0.0,0.0,0.0,0.0,0.0,0.0,0.0,0.0,0.0,0.0,0.0,0.0,0.0,19.121716181437176,0.21157747535552762,19.255871091570175,0.21689573513722918,19.80058683667864,0.6178292481427278,0.024776016058845274
2025-03-11,18.584170367297475,18.652174641099645,18.27330109876698,18.428735733032227,17695000,0.0,0.0,19.05630416870117,20.049143600463868,17.441966650229205,-0.6326954933048903,-0.5072134557732518,0.8529403524434532,-0.024177006165825854,0.0,0.0,0.0,0.0,0.0,0.0,0.0,0.0,0.0,14185200.0,15923200.0,11306000.0,0.0,0.0,0.0,0.0,0.0,0.0,0.0,0.0,0.0,0.0,0.0,0.0,0.0,0.0,0.0,0.0,0.0,0.0,0.0,0.0,0.0,0.0,0.0,0.0,18.8691349029541,0.43253078214462953,19.099048342023575,0.3466565419663255,19.64515209197998,0.6713482586648916,0.02540546219825135
2025-03-12,17.962430185198663,18.117864805228876,17.816710460536193,17.972145080566406,15292400,0.0,0.0,18.753205871582033,19.880593967437743,12.201654641714754,-0.7029806354945478,-0.5463668917175111,0.9146169773971955,-0.024776016058845163,0.0,0.0,0.0,0.0,0.0,0.0,0.0,0.0,0.0,17695000.0,14185200.0,15923200.0,0.0,0.0,0.0,0.0,0.0,0.0,0.0,0.0,0.0,0.0,0.0,0.0,0.0,0.0,0.0,0.0,0.0,0.0,0.0,0.0,0.0,0.0,0.0,0.0,18.428735733032227,0.4565906524657777,18.91446958269392,0.5362176797953736,19.447388921465194,0.7290726482322748,0.011481573640493403
2025-03-13,17.972146141482924,18.059578352026993,17.738994197674376,17.768138885498047,10913500,0.0,0.0,18.46953773498535,19.7125301361084,12.105331413369385,-0.7663101654720172,-0.5903555464684123,0.9795799928738592,-0.011351243502310426,0.0,0.0,0.0,0.0,0.0,0.0,0.0,0.0,0.0,15292400.0,17695000.0,14185200.0,0.0,0.0,0.0,0.0,0.0,0.0,0.0,0.0,0.0,0.0,0.0,0.0,0.0,0.0,0.0,0.0,0.0,0.0,0.0,0.0,0.0,0.0,0.0,0.0,18.056339899698894,0.33825083062655464,18.717400687081472,0.67243807214127,19.247544152396067,0.7805149079158248,-0.005978138101018993
2025-03-14,17.855568301793234,17.933285612298928,17.738993262498113,17.874998092651367,7767300,0.0,0.0,18.18586883544922,19.550295066833495,15.966408275839314,-0.7986700580122559,-0.632018448777181,1.0026794729973547,0.006014091168576874,0.0,0.0,0.0,0.0,0.0,0.0,0.0,0.0,0.0,10913500.0,15292400.0,17695000.0,0.0,0.0,0.0,0.0,0.0,0.0,0.0,0.0,0.0,0.0,0.0,0.0,0.0,0.0,0.0,0.0,0.0,0.0,0.0,0.0,0.0,0.0,0.0,0.0,17.871760686238606,0.10204162144314934,18.487023762294225,0.6400393079789273,19.078925132751465,0.8052278068729578,-0.009154564071322868
2025-03-17,18.059577572415755,18.166439570229166,17.86528336783262,18.04014778137207,10044500,0.0,0.0,18.016833114624024,19.404574871063232,20.108710730009406,-0.8017472629476856,-0.665964211611282,0.9996282734826866,0.009239144410795763,0.0,0.0,0.0,0.0,0.0,0.0,0.0,0.0,0.0,7767300.0,10913500.0,15292400.0,0.0,0.0,0.0,0.0,0.0,0.0,0.0,0.0,0.0,0.0,0.0,0.0,0.0,0.0,0.0,0.0,0.0,0.0,0.0,0.0,0.0,0.0,0.0,0.0,17.894428253173828,0.13704144705915164,18.323262078421457,0.5745485747278881,18.92626585279192,0.7832519013880466,0.006504018148550728
2025-03-18,18.15672447141637,18.15672447141637,17.865283167804783,17.923572540283203,13070400,0.0,0.0,17.915800476074217,19.260797691345214,19.473704061740648,-0.8043209069817046,-0.6936355506853666,0.9952799668955324,-0.006461989253172318,0.0,0.0,0.0,0.0,0.0,0.0,0.0,0.0,0.0,10044500.0,7767300.0,10913500.0,0.0,0.0,0.0,0.0,0.0,0.0,0.0,0.0,0.0,0.0,0.0,0.0,0.0,0.0,0.0,0.0,0.0,0.0,0.0,0.0,0.0,0.0,0.0,0.0,17.946239471435547,0.08487606993141787,18.127580642700195,0.39397405702195876,18.76527976989746,0.7365495331232718,-0.006461989253172318
2025-03-19,18.0110049477334,18.13729488366364,17.913857845441836,18.04014778137207,9710800,0.0,0.0,17.929401016235353,19.132563972473143,23.56164516196705,-0.7878717951040421,-0.7124827995691018,0.9780692241677162,0.006504018148550728,0.0,0.0,0.0,0.0,0.0,0.0,0.0,0.0,0.0,13070400.0,10044500.0,7767300.0,0.0,0.0,0.0,0.0,0.0,0.0,0.0,0.0,0.0,0.0,0.0,0.0,0.0,0.0,0.0,0.0,0.0,0.0,0.0,0.0,0.0,0.0,0.0,0.0,18.00128936767578,0.06730474682325896,18.00684084211077,0.2092496690659265,18.63135596684047,0.6796629864966589,0.028239134395741106
2025-03-20,17.806997263726863,17.865284788566363,17.38926598770192,17.544700622558594,19376100,0.0,0.0,17.88471336364746,18.9727575302124,22.872344036297235,-0.8055285686083273,-0.7310919533769469,0.9624475070548096,-0.02746358648597469,0.0,0.0,0.0,0.0,0.0,0.0,0.0,0.0,0.0,9710800.0,13070400.0,10044500.0,0.0,0.0,0.0,0.0,0.0,0.0,0.0,0.0,0.0,0.0,0.0,0.0,0.0,0.0,0.0,0.0,0.0,0.0,0.0,0.0,0.0,0.0,0.0,0.0,17.836140314737957,0.2590371929702418,17.880550112043107,0.17637336725450778,18.48979922703334,0.6852429504151966,-0.0141920914175383
2025-03-21,17.88471347356693,17.90414326495249,17.651561535720855,17.79728126525879,18677600,0.0,0.0,17.869169998168946,18.83432331085205,29.866668900544624,-0.790033527137215,-0.7428802681290005,0.9193805277050512,0.014396406535169604,0.0,0.0,0.0,0.0,0.0,0.0,0.0,0.0,0.0,19376100.0,9710800.0,13070400.0,0.0,0.0,0.0,0.0,0.0,0.0,0.0,0.0,0.0,0.0,0.0,0.0,0.0,0.0,0.0,0.0,0.0,0.0,0.0,0.0,0.0,0.0,0.0,0.0,17.794043223063152,0.24773945079862064,17.85556956699916,0.17359975865542088,18.38501957484654,0.6696979806838831,-0.014523964927622535
2025-03-24,18.098435671850027,18.098435671850027,17.972145733336042,18.05957794189453,7515800,0.0,0.0,17.87305603027344,18.72551898956299,35.64102977171561,-0.7479663548896198,-0.7438974854811244,0.8723729454255619,0.01473801940455699,0.0,0.0,0.0,0.0,0.0,0.0,0.0,0.0,0.0,18677600.0,19376100.0,9710800.0,0.0,0.0,0.0,0.0,0.0,0.0,0.0,0.0,0.0,0.0,0.0,0.0,0.0,0.0,0.0,0.0,0.0,0.0,0.0,0.0,0.0,0.0,0.0,0.0,17.800519943237305,0.25745393814796624,17.897203717912948,0.18378553286137397,18.30730220249721,0.6367121820814601,-0.012745630931096597
2025-03-25,18.35101785425469,18.47730964880933,18.253872600507353,18.2927303314209,11605900,0.0,0.0,17.946887588500978,18.63128662109375,33.77306246778443,-0.6878848600338223,-0.732694960391664,0.8066002101790762,0.012910179311859782,0.0,0.0,0.0,0.0,0.0,0.0,0.0,0.0,0.0,7515800.0,18677600.0,19376100.0,0.0,0.0,0.0,0.0,0.0,0.0,0.0,0.0,0.0,0.0,0.0,0.0,0.0,0.0,0.0,0.0,0.0,0.0,0.0,0.0,0.0,0.0,0.0,0.0,18.04986317952474,0.24786735716128366,17.95687975202288,0.23582562110063768,18.221951757158553,0.5388926385616727,0.009110409821136756
2025-03-26,18.088722912136593,18.253872436117486,18.06929312039133,18.127580642700195,7391100,0.0,0.0,17.964374160766603,18.528796768188478,35.06848666629372,-0.6461476542181508,-0.7153854991569615,0.7260097421809534,-0.009028159587365137,0.0,0.0,0.0,0.0,0.0,0.0,0.0,0.0,0.0,11605900.0,7515800.0,18677600.0,0.0,0.0,0.0,0.0,0.0,0.0,0.0,0.0,0.0,0.0,0.0,0.0,0.0,0.0,0.0,0.0,0.0,0.0,0.0,0.0,0.0,0.0,0.0,0.0,18.159962972005207,0.11990192085134559,17.96937016078404,0.24317192086882097,18.146316119602748,0.4619165841875709,-0.0005355885048173858
2025-03-27,18.166439455668847,18.24415676642663,18.069292353989905,18.13729476928711,6249500,0.0,0.0,18.082892990112306,18.439907455444335,33.23938645461514,-0.6053091420796441,-0.693370227741498,0.6524519077840814,0.0005358755135824733,0.0,0.0,0.0,0.0,0.0,0.0,0.0,0.0,0.0,7391100.0,11605900.0,7515800.0,0.0,0.0,0.0,0.0,0.0,0.0,0.0,0.0,0.0,0.0,0.0,0.0,0.0,0.0,0.0,0.0,0.0,0.0,0.0,0.0,0.0,0.0,0.0,0.0,18.185868581136067,0.09267236006088479,17.999901907784597,0.2497903913508339,18.063741275242396,0.3237664508478084,0.027517850231163266
2025-03-28,17.84585594727857,17.95271609526426,17.593274215165906,17.651561737060547,7866100,0.0,0.0,18.053749084472656,18.346160793304442,32.50684205402247,-0.6051629810994044,-0.6757287784130794,0.6221027220003649,-0.02678089750457613,0.0,0.0,0.0,0.0,0.0,0.0,0.0,0.0,0.0,6249500.0,7391100.0,11605900.0,0.0,0.0,0.0,0.0,0.0,0.0,0.0,0.0,0.0,0.0,0.0,0.0,0.0,0.0,0.0,0.0,0.0,0.0,0.0,0.0,0.0,0.0,0.0,0.0,17.972145716349285,0.2776763527854961,17.944389615740096,0.28063062314788656,17.97561522892543,0.2400135202568669,-0.004383530165090854
2025-03-31,17.48641173480308,17.768138146602027,17.36012179867288,17.729278564453125,12408200,0.0,0.0,17.987689208984374,18.2694149017334,38.888851856811904,-0.5919523903274531,-0.6589735007959542,0.5970620974894523,0.004402830103662048,0.0,0.0,0.0,0.0,0.0,0.0,0.0,0.0,0.0,7866100.0,6249500.0,7391100.0,0.0,0.0,0.0,0.0,0.0,0.0,0.0,0.0,0.0,0.0,0.0,0.0,0.0,0.0,0.0,0.0,0.0,0.0,0.0,0.0,0.0,0.0,0.0,0.0,17.839378356933594,0.26091304658286796,17.9707578931536,0.2429594447053794,17.925654002598353,0.20926651977710728,0.002747205921347362
2025-04-01,17.67099112858628,17.690419066826692,17.437839193359494,17.680706024169922,13574900,0.0,0.0,17.86528434753418,18.196069145202635,44.68085402652088,-0.5787310487443555,-0.6429250103856345,0.573122552179265,-0.00273967945771858,0.0,0.0,0.0,0.0,0.0,0.0,0.0,0.0,0.0,12408200.0,7866100.0,6249500.0,0.0,0.0,0.0,0.0,0.0,0.0,0.0,0.0,0.0,0.0,0.0,0.0,0.0,0.0,0.0,0.0,0.0,0.0,0.0,0.0,0.0,0.0,0.0,0.0,17.6871821085612,0.03926106298542404,17.954104287283762,0.2602147506660522,17.904836927141464,0.21857464397819817,-0.01033165452310425
2025-04-02,17.63213202451355,17.904143549453064,17.60298918989901,17.865283966064453,9782300,0.0,0.0,17.812825012207032,18.114951515197752,51.78568924267031,-0.5470530558572477,-0.6237506194799572,0.48939225309584855,0.010439511954002834,0.0,0.0,0.0,0.0,0.0,0.0,0.0,0.0,0.0,13574900.0,12408200.0,7866100.0,0.0,0.0,0.0,0.0,0.0,0.0,0.0,0.0,0.0,0.0,0.0,0.0,0.0,0.0,0.0,0.0,0.0,0.0,0.0,0.0,0.0,0.0,0.0,0.0,17.7584228515625,0.09567808663330843,17.926348005022323,0.257436651753038,17.911775861467635,0.21542040716115313,0.05994226677755088
2025-04-03,17.058966749209752,17.243546071043294,16.786957067483467,16.85495948791504,16271300,0.0,0.0,17.55635795593262,17.998375511169435,35.92493283475244,-0.5965955775689231,-0.6183196110977505,0.49832345318827304,-0.05655238842374688,0.0,0.0,0.0,0.0,0.0,0.0,0.0,0.0,0.0,9782300.0,13574900.0,12408200.0,0.0,0.0,0.0,0.0,0.0,0.0,0.0,0.0,0.0,0.0,0.0,0.0,0.0,0.0,0.0,0.0,0.0,0.0,0.0,0.0,0.0,0.0,0.0,0.0,17.466983159383137,0.5380027741438226,17.72095217023577,0.43127079290034875,17.838915961129324,0.3556646763160122,0.0464414832077511
2025-04-04,16.320651944791354,16.417799057555115,16.02921245942714,16.106929779052734,19389000,0.0,0.0,17.247431564331055,17.83905487060547,27.02076595104083,-0.6882840191888135,-0.6323124927159631,0.5671333690349398,-0.044380391978909195,0.0,0.0,0.0,0.0,0.0,0.0,0.0,0.0,0.0,16271300.0,9782300.0,13574900.0,0.0,0.0,0.0,0.0,0.0,0.0,0.0,0.0,0.0,0.0,0.0,0.0,0.0,0.0,0.0,0.0,0.0,0.0,0.0,0.0,0.0,0.0,0.0,0.0,16.94239107767741,0.8824316256298133,17.432287761143275,0.7038464034548345,17.70082896096366,0.5775808515195203,-0.011918980976620253
2025-04-07,15.941779999040882,16.93267719878423,15.883492473446282,16.301223754882812,23309900,0.0,0.0,16.961820602416992,17.709849739074706,31.06575024842664,-0.73677676575711,-0.6532053473241926,0.6090340084064537,0.012062756744786851,0.0,0.0,0.0,0.0,0.0,0.0,0.0,0.0,0.0,19389000.0,16271300.0,9782300.0,0.0,0.0,0.0,0.0,0.0,0.0,0.0,0.0,0.0,0.0,0.0,0.0,0.0,0.0,0.0,0.0,0.0,0.0,0.0,0.0,0.0,0.0,0.0,0.0,16.421037673950195,0.38814126646990277,17.169991901942662,0.7385882522745001,17.58494690486363,0.6826461093727705,0.021924623975112745
2025-04-08,16.55380380918159,16.680093743868603,15.766913956000373,15.951493263244629,12944700,0.0,0.0,16.615978050231934,17.585987615585328,26.881705674752297,-0.7942720706264055,-0.6814186919846352,0.7002146270814058,-0.021454247662444748,0.0,0.0,0.0,0.7639,0.7639,1.0,1.0,1.0,0.0,23309900.0,19389000.0,16271300.0,0.0,0.0,0.0,0.0,0.0,0.0,0.0,0.0,0.0,0.0,0.0,0.0,0.0,0.0,0.0,0.0,0.0,0.0,0.0,0.0,0.0,0.0,0.0,0.0,16.119882265726726,0.17522465402632473,16.927124977111816,0.8279507495984081,17.435757296425955,0.7945696295173049,-0.07021517232730579
2025-04-09,15.689196799799184,17.262974668710715,15.689196799799184,17.156112670898438,20797800,0.0,0.0,16.47414379119873,17.545185995101928,46.28251648518878,-0.7341717206043086,-0.69196929770857,0.7003040464204328,0.07551765767468854,0.0,0.0,0.0,0.0,0.0,0.0,0.0,0.0,0.0,12944700.0,23309900.0,19389000.0,0.0,0.0,0.0,0.0,0.0,0.0,0.0,0.0,0.0,0.7639,0.0,0.0,0.7639,0.0,0.0,1.0,0.0,0.0,1.0,0.0,0.0,1.0,0.0,0.0,16.46960989634196,0.6197115448341002,16.84524413517543,0.7610374873433321,17.408001014164515,0.7972538617690867,0.040047056097421985
2025-04-10,16.76752735938492,16.816099987672505,16.029211921266263,16.495515823364258,25884800,0.0,0.0,16.402255058288574,17.48155484199524,38.448277904813814,-0.7314151069076225,-0.6998584595483804,0.7358922402666912,-0.038505042500375786,0.0,0.0,0.0,0.0,0.0,0.0,0.0,0.0,0.0,20797800.0,12944700.0,23309900.0,0.0,0.0,0.0,0.0,0.0,0.0,0.0,0.0,0.0,0.0,0.7639,0.0,0.0,0.7639,0.0,0.0,1.0,0.0,0.0,1.0,0.0,0.0,1.0,0.0,16.53437391916911,0.6032490721345747,16.675931249346053,0.670660581543313,17.315017768314906,0.8238290568945977,0.005924186051055935
2025-04-11,16.281793785523863,16.466373109653855,16.00978224748635,16.39836883544922,15133500,0.0,0.0,16.46054286956787,17.40772337913513,34.813492081482295,-0.7286697692079116,-0.7056207214802868,0.7677267548294718,-0.005889296761331986,0.0,0.0,0.0,0.0,0.0,0.0,0.0,0.0,0.0,25884800.0,20797800.0,12944700.0,0.0,0.0,0.0,0.0,0.0,0.0,0.0,0.0,0.0,0.0,0.0,0.7639,0.0,0.0,0.7639,0.0,0.0,1.0,0.0,0.0,1.0,0.0,0.0,1.0,16.683332443237305,0.41231085610945434,16.466371944972447,0.4190841181099712,17.196359974997385,0.8279625642792845,-0.007642594412236581
2025-04-14,16.680094740728574,16.680094740728574,16.398368315312144,16.524660110473633,20142000,0.0,0.0,16.505230140686034,17.33194899559021,33.51448856532811,-0.708140416943138,-0.706124660572857,0.7767573623529581,0.007701453497704236,0.0,0.0,0.0,0.0,0.0,0.0,0.0,0.0,0.0,15133500.0,25884800.0,20797800.0,0.0,0.0,0.0,0.0,0.0,0.0,0.0,0.0,0.0,0.0,0.0,0.0,0.0,0.0,0.0,0.0,0.0,0.0,0.0,0.0,0.0,0.0,0.0,0.0,16.472848256429035,0.06612666239788001,16.419186319623673,0.3852706488826028,17.070069244929723,0.7814015008828566,-0.001174447201640616
2025-04-15,16.408083576798344,16.573233106738687,16.37894074105575,16.544090270996094,16826200,0.0,0.0,16.62374954223633,17.262974882125853,34.8230993157822,-0.6824362060166003,-0.7013869696616057,0.7826823777423872,0.0011758281497207257,0.0,0.0,0.0,0.0,0.0,0.0,0.0,0.0,0.0,20142000.0,15133500.0,25884800.0,0.0,0.0,0.0,0.0,0.0,0.0,0.0,0.0,0.0,0.0,0.0,0.0,0.0,0.0,0.0,0.0,0.0,0.0,0.0,0.0,0.0,0.0,0.0,0.0,16.48903973897298,0.07912200922519373,16.481637818472727,0.3608777168982547,16.956962789808,0.7294290978624066,0.027141143466825834
2025-04-16,16.126359572190896,16.369226427636764,16.058357149134384,16.106929779052734,21244700,0.0,0.0,16.413912963867187,17.16631398200989,32.01378143206996,-0.6893937300779953,-0.6989883217448838,0.8008159771834391,-0.02642396679313086,0.0,0.0,0.0,0.0,0.0,0.0,0.0,0.0,0.0,16826200.0,20142000.0,15133500.0,0.0,0.0,0.0,0.0,0.0,0.0,0.0,0.0,0.0,0.0,0.0,0.0,0.0,0.0,0.0,0.0,0.0,0.0,0.0,0.0,0.0,0.0,0.0,0.0,16.39189338684082,0.24697687362822573,16.453881536211288,0.38380992721056983,16.811936719076975,0.6766310888636093,0.027261570662209467
2025-04-17,15.75719977402365,15.98063867308953,15.368613204015265,15.679482460021973,20714100,0.0,0.0,16.250706291198732,17.073053073883056,32.347824869593936,-0.721086804520823,-0.7034080183000716,0.8607939402017007,-0.026538100363898143,0.0,0.0,0.0,0.0,0.0,0.0,0.0,0.0,0.0,21244700.0,16826200.0,20142000.0,0.0,0.0,0.0,0.0,0.0,0.0,0.0,0.0,0.0,0.0,0.0,0.0,0.0,0.0,0.0,0.0,0.0,0.0,0.0,0.0,0.0,0.0,0.0,0.0,16.110167503356934,0.43231299869811946,16.41502285003662,0.4510340584520192,16.67107391357422,0.6934570617181608,-0.026538100363898143
2025-04-21,16.378941324205844,16.39836926441695,15.9223504500943,16.106929779052734,20614300,0.0,0.0,16.192418479919432,16.988535499572755,36.33390102827764,-0.7036016857767606,-0.7034467517954095,0.8688886211270089,0.027261570662209467,0.0,0.0,0.0,0.0,0.0,0.0,0.0,0.0,0.0,20714100.0,21244700.0,16826200.0,0.0,0.0,0.0,0.0,0.0,0.0,0.0,0.0,0.0,0.0,0.0,0.0,0.0,0.0,0.0,0.0,0.0,0.0,0.0,0.0,0.0,0.0,0.0,0.0,15.964447339375814,0.24678682470678165,16.26513957977295,0.31860178545507545,16.555191857474192,0.6362108662420446,-0.016607350265194554
2025-04-22,16.184646365548982,16.44694300225154,16.184646365548982,16.37894058227539,10459300,0.0,0.0,16.163274574279786,16.904503631591798,39.43219043053488,-0.6601853983466768,-0.694794481105663,0.8406647819236714,0.016887812075545794,0.0,0.0,0.0,0.0,0.0,0.0,0.0,0.0,0.0,20614300.0,20714100.0,21244700.0,0.0,0.0,0.0,0.0,0.0,0.0,0.0,0.0,0.0,0.0,0.0,0.0,0.0,0.0,0.0,0.0,0.0,0.0,0.0,0.0,0.0,0.0,0.0,0.0,16.0551176071167,0.35259579133493507,16.24848597390311,0.30740273329163736,16.462208611624582,0.5480858620741342,-0.021474103644675613
2025-04-23,16.864674135209697,17.04925160139214,16.689809712150993,16.73838233947754,12569300,0.0,0.0,16.202132987976075,16.826786231994628,41.10430390038619,-0.5899728916847984,-0.6738301632214901,0.774842981218949,0.021945360592559915,0.0,0.0,0.0,0.0,0.0,0.0,0.0,0.0,0.0,10459300.0,20614300.0,20714100.0,0.0,0.0,0.0,0.0,0.0,0.0,0.0,0.0,0.0,0.0,0.0,0.0,0.0,0.0,0.0,0.0,0.0,0.0,0.0,0.0,0.0,0.0,0.0,0.0,16.408084233601887,0.31673348153649394,16.297059331621444,0.3577700895520664,16.381715638296946,0.3845196077645273,-0.007488509882326855
2025-04-24,16.77724140567213,16.952105823331777,16.748096718419887,16.864673614501953,10165700,0.0,0.0,16.353681755065917,16.763640880584717,50.089121444197865,-0.5181652375553405,-0.6426971780882602,0.7121824837142251,0.00754501077004055,0.0,0.0,0.0,0.0,0.0,0.0,0.0,0.0,0.0,12569300.0,10459300.0,20614300.0,0.0,0.0,0.0,0.0,0.0,0.0,0.0,0.0,0.0,0.0,0.0,0.0,0.0,0.0,0.0,0.0,0.0,0.0,0.0,0.0,0.0,0.0,0.0,0.0,16.66066551208496,0.25201998649702895,16.345632689339773,0.4126873077573694,16.382409504481725,0.3854469133451302,-0.0022988339733651664
2025-04-25,16.903532028198242,16.94239161277281,16.767527188041214,16.903532028198242,7574000,0.0,0.0,16.598491668701172,16.701952743530274,58.40161865069259,-0.4529008460473136,-0.604737911680071,0.6363303475995181,0.0023041307874986927,0.0,0.0,0.0,0.0,0.0,0.0,0.0,0.0,0.0,10165700.0,12569300.0,10459300.0,0.0,0.0,0.0,0.0,0.0,0.0,0.0,0.0,0.0,0.0,0.0,0.0,0.0,0.0,0.0,0.0,0.0,0.0,0.0,0.0,0.0,0.0,0.0,0.0,16.835529327392578,0.0863460886459456,16.396981511797225,0.46102679486692516,16.439309665134974,0.4001686191463892,0.004039237465199186
2025-04-28,16.864674015337524,16.95210622624542,16.66066490557679,16.835529327392578,7546900,0.0,0.0,16.74421157836914,16.661151123046874,55.78945105926722,-0.4020312294480597,-0.5641965752336687,0.5971951956626146,-0.00402298766270992,0.0,0.0,0.0,0.0,0.0,0.0,0.0,0.0,0.0,7574000.0,10165700.0,12569300.0,0.0,0.0,0.0,0.0,0.0,0.0,0.0,0.0,0.0,0.0,0.0,0.0,0.0,0.0,0.0,0.0,0.0,0.0,0.0,0.0,0.0,0.0,0.0,0.0,16.86791165669759,0.03411679230442572,16.50106716156006,0.46683895420889304,16.47747434888567,0.4113097941279174,-0.013659549817497174
2025-04-29,16.932674983335264,17.146397117837026,16.86467257021774,17.068679809570312,7769600,0.0,0.0,16.882159423828124,16.628121185302735,62.418992512273704,-0.3389956653923214,-0.5191563932653993,0.5515320192181657,0.013848717058060123,0.0,0.0,0.0,0.0,0.0,0.0,0.0,0.0,0.0,7546900.0,7574000.0,10165700.0,0.0,0.0,0.0,0.0,0.0,0.0,0.0,0.0,0.0,0.0,0.0,0.0,0.0,0.0,0.0,0.0,0.0,0.0,0.0,0.0,0.0,0.0,0.0,0.0,16.93591372172038,0.11990086484854592,16.69952392578125,0.33643194966314144,16.557273387908936,0.40978437943507195,-0.001704672538551999
2025-04-30,17.049251523995324,17.11725579604152,16.796671639531542,17.09782600402832,7085500,0.0,0.0,16.95404815673828,16.598977184295656,49.122828671581594,-0.28342057644155005,-0.4720092299006295,0.5065499463118087,0.0017075834090967135,0.0,0.0,0.0,0.0,0.0,0.0,0.0,0.0,0.0,7769600.0,7546900.0,7574000.0,0.0,0.0,0.0,0.0,0.0,0.0,0.0,0.0,0.0,0.0,0.0,0.0,0.0,0.0,0.0,0.0,0.0,0.0,0.0,0.0,0.0,0.0,0.0,0.0,17.000678380330402,0.1437638077804047,16.841080529349192,0.24025249191494108,16.55311005456107,0.4034798695097674,0.0
2025-05-01,17.21440105025361,17.25326063428001,17.08811110802172,17.09782600402832,7752700,0.0,0.0,17.000678634643556,16.560604286193847,61.31385684487193,-0.23664897596511736,-0.42493717911352713,0.4286534489895322,0.0,0.0,0.0,0.0,0.0,0.0,0.0,0.0,0.0,0.0,7085500.0,7769600.0,7546900.0,0.0,0.0,0.0,0.0,0.0,0.0,0.0,0.0,0.0,0.0,0.0,0.0,0.0,0.0,0.0,0.0,0.0,0.0,0.0,0.0,0.0,0.0,0.0,0.0,17.088110605875652,0.016827563215537432,16.943778446742467,0.1442477219094762,16.59613221032279,0.42821936811930816,-0.015659951572435382
2025-05-02,17.360123763541264,17.505843507238893,17.360123763541264,17.369836807250977,8940500,0.0,0.0,17.093939590454102,16.586348152160646,67.12327247347775,-0.1756088377169256,-0.37507151083420687,0.4614672915899343,0.0159090871060783,0.0,0.0,0.0,0.0,0.0,0.0,0.0,0.0,0.0,7752700.0,7085500.0,7769600.0,0.0,0.0,0.0,0.0,0.0,0.0,0.0,0.0,0.0,0.0,0.0,0.0,0.0,0.0,0.0,0.0,0.0,0.0,0.0,0.0,0.0,0.0,0.0,0.0,17.188496271769207,0.15704551046301307,17.033986227852957,0.1858406534847762,16.6655227797372,0.47034614824188586,0.001680577434923336
2025-05-05,17.330979530597297,17.466984381244185,17.330979530597297,17.340694427490234,5659500,0.0,0.0,17.194972610473634,16.648036384582518,64.89363701935797,-0.12810887550661576,-0.32567898376868865,0.4762339500919323,-0.0016777578329680853,0.0,0.0,0.0,0.0,0.0,0.0,0.0,0.0,0.0,8940500.0,7752700.0,7085500.0,0.0,0.0,0.0,0.0,0.0,0.0,0.0,0.0,0.0,0.0,0.0,0.0,0.0,0.0,0.0,0.0,0.0,0.0,0.0,0.0,0.0,0.0,0.0,0.0,17.269452412923176,0.14934536399605397,17.101989201137,0.2001053135154015,16.723810945238387,0.5011049949991503,0.004502047394636222
2025-05-06,17.340693008606266,17.476697848124704,17.23383100445494,17.262975692749023,8333400,0.0,0.0,17.233831787109374,16.69612398147583,62.847202338588076,-0.09563366030118203,-0.27966991907518735,0.4877876879767708,-0.004481869804360494,0.0,0.0,0.0,0.0,0.0,0.0,0.0,0.0,0.0,5659500.0,8940500.0,7752700.0,0.0,0.0,0.0,0.0,0.0,0.0,0.0,0.0,0.0,0.0,0.0,0.0,0.0,0.0,0.0,0.0,0.0,0.0,0.0,0.0,0.0,0.0,0.0,0.0,17.32450230916341,0.05524004860657689,17.153338296072825,0.18633621633943429,16.775159903935023,0.5178257721955675,0.00338794735511172
2025-05-07,17.185259178355135,17.253261601285757,17.126969799048553,17.204687118530273,5479000,0.0,0.0,17.255204010009766,16.758783674240114,72.69071856051347,-0.07375007413429913,-0.23848595008700973,0.4671546885800202,-0.0033765079240211104,0.0,0.0,0.0,0.0,0.0,0.0,0.0,0.0,0.0,8333400.0,5659500.0,8940500.0,0.0,0.0,0.0,0.0,0.0,0.0,0.0,0.0,0.0,0.0,0.0,0.0,0.0,0.0,0.0,0.0,0.0,0.0,0.0,0.0,0.0,0.0,0.0,0.0,17.269452412923176,0.06823458031503442,17.20607512337821,0.12280951607582297,16.853571142469132,0.4912896302455526,0.01257869472005324
2025-05-08,17.165827393958505,17.262974495273024,16.95210525340803,16.990962982177734,11433300,0.0,0.0,17.23383140563965,16.750526189804077,79.73563747780942,-0.0728135764859843,-0.20535147536680465,0.46118324572709996,-0.012422436681359228,0.0,0.0,0.0,0.0,0.0,0.0,0.0,0.0,0.0,5479000.0,8333400.0,5659500.0,0.0,0.0,0.0,0.0,0.0,0.0,0.0,0.0,0.0,0.0,0.0,0.0,0.0,0.0,0.0,0.0,0.0,0.0,0.0,0.0,0.0,0.0,0.0,0.0,17.152875264485676,0.14321689789517278,17.19497271946498,0.13965790397705466,16.947248322623118,0.3568330784569802,0.0
2025-05-09,17.214400018152347,17.25325959984889,16.913245671711483,16.990962982177734,8642400,0.0,0.0,17.158056640625,16.77529854774475,74.8633152803646,-0.07125006890982988,-0.1785311940754097,0.4600695546055837,0.0,0.0,0.0,0.0,0.0,0.0,0.0,0.0,0.0,0.0,11433300.0,5479000.0,8333400.0,0.0,0.0,0.0,0.0,0.0,0.0,0.0,0.0,0.0,0.0,0.0,0.0,0.0,0.0,0.0,0.0,0.0,0.0,0.0,0.0,0.0,0.0,0.0,0.0,17.062204360961914,0.12339368765537273,17.179706573486328,0.15683169479635292,17.01039355141776,0.262420864902814,-0.062198368898383705
2025-05-12,18.32187370342136,18.38016122206893,17.972144885682315,18.11786460876465,16249500,0.0,0.0,17.313490676879884,16.861273336410523,83.02577518635698,0.020682154462008384,-0.13868852436792609,0.5396972953177918,0.06632358788427406,0.0,0.0,0.0,0.0,0.0,0.0,0.0,0.0,0.0,8642400.0,11433300.0,5479000.0,0.0,0.0,0.0,0.0,0.0,0.0,0.0,0.0,0.0,0.0,0.0,0.0,0.0,0.0,0.0,0.0,0.0,0.0,0.0,0.0,0.0,0.0,0.0,0.0,17.366596857706707,0.6506169574601622,17.325426374162948,0.3813076912184398,17.134602410452707,0.3404759966368385,0.01468980108980844
2025-05-13,17.758424582674603,17.92357411333739,17.748709686408912,17.85556983947754,8599700,0.0,0.0,17.432009506225587,16.92781882286072,72.03064961168934,0.07154933186761525,-0.09664095312081783,0.576785159204437,-0.014477134858388419,0.0,0.0,0.0,0.0,0.0,0.0,0.0,0.0,0.0,16249500.0,8642400.0,11433300.0,0.0,0.0,0.0,0.0,0.0,0.0,0.0,0.0,0.0,0.0,0.0,0.0,0.0,0.0,0.0,0.0,0.0,0.0,0.0,0.0,0.0,0.0,0.0,0.0,17.65479914347331,0.5896681043447629,17.39481680733817,0.43161478079976795,17.214401517595565,0.37010018184020155,-0.004333663362229734
2025-05-14,18.001290938872593,18.011005834872947,17.86528424779459,17.933286666870117,8648200,0.0,0.0,17.577729415893554,16.99727864265442,71.48436091943974,0.11678678949173005,-0.053955404598308256,0.6107874955720606,0.0043525257435779174,0.0,0.0,0.0,0.0,0.0,0.0,0.0,0.0,0.0,8599700.0,16249500.0,8642400.0,0.0,0.0,0.0,0.0,0.0,0.0,0.0,0.0,0.0,0.0,0.0,0.0,0.0,0.0,0.0,0.0,0.0,0.0,0.0,0.0,0.0,0.0,0.0,0.0,17.96890703837077,0.1347265550965867,17.479472841535294,0.47514944364396694,17.290731021336146,0.40130397335946283,-0.01388884227519216
2025-05-15,18.12757979000321,18.25387157747991,18.079007165851767,18.185867309570312,8079100,0.0,0.0,17.81671028137207,17.101225519180296,73.74098915697283,0.17104722164064512,-0.008954879350517586,0.6279494107854887,0.014084459106250335,0.0,0.0,0.0,0.0,0.0,0.0,0.0,0.0,0.0,8648200.0,8599700.0,16249500.0,0.0,0.0,0.0,0.0,0.0,0.0,0.0,0.0,0.0,0.0,0.0,0.0,0.0,0.0,0.0,0.0,0.0,0.0,0.0,0.0,0.0,0.0,0.0,0.0,17.99157460530599,0.17269110432420953,17.611314501081193,0.5299447344560515,17.38232639857701,0.44957016717879994,0.022392054393570948
2025-05-16,17.816711827010387,17.874999350760444,17.59327477519604,17.787567138671875,12914100,0.0,0.0,17.9760311126709,17.206629753112793,65.70513949999497,0.1798364671370365,0.028803389946993233,0.5486634108341245,-0.021901631861617754,0.0,0.0,0.0,0.0,0.0,0.0,0.0,0.0,0.0,8079100.0,8648200.0,8599700.0,0.0,0.0,0.0,0.0,0.0,0.0,0.0,0.0,0.0,0.0,0.0,0.0,0.0,0.0,0.0,0.0,0.0,0.0,0.0,0.0,0.0,0.0,0.0,0.0,17.96890703837077,0.20152509690800294,17.694583075387136,0.5003718792416629,17.450329099382675,0.4321649645647168,-0.0010911531122285156
2025-05-19,17.583560242758704,17.865284824149935,17.573845346444937,17.806997299194336,9394400,0.0,0.0,17.913857650756835,17.291633129119873,63.103490531483985,0.18622319402475185,0.06028735076254496,0.4987452101425645,0.0010923450279054503,0.0,0.0,0.0,0.0,0.0,0.0,0.0,0.0,0.0,12914100.0,8079100.0,8648200.0,0.0,0.0,0.0,0.0,0.0,0.0,0.0,0.0,0.0,0.0,0.0,0.0,0.0,0.0,0.0,0.0,0.0,0.0,0.0,0.0,0.0,0.0,0.0,0.0,17.92681058247884,0.2245599556309121,17.81115940638951,0.39256794331497946,17.503066062927246,0.42702770920469,0.0049342556717300035
2025-05-20,17.748709125742636,17.777851960692118,17.641847123122684,17.71956443786621,7065500,0.0,0.0,17.88665657043457,17.358664321899415,60.81080543269754,0.18213013704707492,0.08465590801945096,0.45805324971953,-0.004910028336561845,0.0,0.0,0.0,0.0,0.0,0.0,0.0,0.0,0.0,9394400.0,12914100.0,8079100.0,0.0,0.0,0.0,0.0,0.0,0.0,0.0,0.0,0.0,0.0,0.0,0.0,0.0,0.0,0.0,0.0,0.0,0.0,0.0,0.0,0.0,0.0,0.0,0.0,17.77137629191081,0.04591006370181559,17.91524532863072,0.1753510052336331,17.547475951058523,0.41376557319453267,0.004405254433012873
2025-05-21,17.641847610473633,17.82642693293606,17.56413029358319,17.641847610473633,7863200,0.0,0.0,17.828368759155275,17.403837585449217,59.2105314145695,0.17064813595294126,0.10185435360614903,0.4377618539324738,-0.004385933280984022,0.0,0.0,0.0,0.0,0.0,0.0,0.0,0.0,0.0,7065500.0,9394400.0,12914100.0,0.0,0.0,0.0,0.0,0.0,0.0,0.0,0.0,0.0,0.0,0.0,0.0,0.0,0.0,0.0,0.0,0.0,0.0,0.0,0.0,0.0,0.0,0.0,0.0,17.722803115844727,0.08262246484698936,17.84724290030343,0.1759778764605289,17.58633463723319,0.3933296048483813,0.006651836195853633
2025-05-22,17.39898057274359,17.62241762473709,17.30183346446429,17.525272369384766,8345000,0.0,0.0,17.696249771118165,17.43686752319336,52.777794820927625,0.15040810861622234,0.1115651046081637,0.4194797816998271,-0.00660788164951942,0.0,0.0,0.0,0.0,0.0,0.0,0.0,0.0,0.0,7863200.0,7065500.0,9394400.0,0.0,0.0,0.0,0.0,0.0,0.0,0.0,0.0,0.0,0.0,0.0,0.0,0.0,0.0,0.0,0.0,0.0,0.0,0.0,0.0,0.0,0.0,0.0,0.0,17.628894805908203,0.09779152994126233,17.800057547433035,0.21362730794808046,17.597437177385604,0.3889174200709598,-0.0038652667302909727
2025-05-23,17.43784043563273,17.69042032709374,17.43784043563273,17.59327507019043,10086500,0.0,0.0,17.657391357421876,17.471354675292968,54.4520416691601,0.1382612016945579,0.11690432402544255,0.40128292651791647,0.00388026498945937,0.0,0.0,0.0,0.0,0.0,0.0,0.0,0.0,0.0,8345000.0,7863200.0,7065500.0,0.0,0.0,0.0,0.0,0.0,0.0,0.0,0.0,0.0,0.0,0.0,0.0,0.0,0.0,0.0,0.0,0.0,0.0,0.0,0.0,0.0,0.0,0.0,0.0,17.586798350016277,0.058556875231381644,17.75148446219308,0.2169152455712392,17.615478651864187,0.3818861521391975,-0.02055155478313908
2025-05-27,17.76813859708955,17.98186074554656,17.748708805522483,17.962430953979492,9014400,0.0,0.0,17.688478088378908,17.527699756622315,61.18012043638067,0.15661710065711887,0.12484687935177782,0.3861359475513799,0.02098278361000272,0.0,0.0,0.0,0.0,0.0,0.0,0.0,0.0,0.0,10086500.0,8345000.0,7863200.0,0.0,0.0,0.0,0.0,0.0,0.0,0.0,0.0,0.0,0.0,0.0,0.0,0.0,0.0,0.0,0.0,0.0,0.0,0.0,0.0,0.0,0.0,0.0,0.0,17.69365946451823,0.23523323955088704,17.719564982822963,0.1477561813292536,17.665439741952078,0.3779553746535153,0.007080531799139589
2025-05-28,17.84585648239861,17.923573798230844,17.79728200192411,17.83614158630371,6625900,0.0,0.0,17.711793518066408,17.566072845458983,59.878449926239256,0.1591393272017143,0.13170536892176513,0.37612327216408104,-0.007030750347730819,0.0,0.0,0.0,0.0,0.0,0.0,0.0,0.0,0.0,9014400.0,10086500.0,8345000.0,0.0,0.0,0.0,0.0,0.0,0.0,0.0,0.0,0.0,0.0,0.0,0.0,0.0,0.0,0.0,0.0,0.0,0.0,0.0,0.0,0.0,0.0,0.0,0.0,17.797282536824543,0.18762072361231094,17.726504189627512,0.15254511784359184,17.710543632507324,0.3557677001870647,-0.005417026023783578
2025-05-29,18.001290938872593,18.059578461947766,17.86528424779459,17.933286666870117,8526600,0.0,0.0,17.770081329345704,17.607845878601076,65.29973670959458,0.1670513421499109,0.1387745635673943,0.36768098025416956,0.005446530018633933,0.0,0.0,0.0,0.0,0.0,0.0,0.0,0.0,0.0,6625900.0,9014400.0,10086500.0,0.0,0.0,0.0,0.0,0.0,0.0,0.0,0.0,0.0,0.0,0.0,0.0,0.0,0.0,0.0,0.0,0.0,0.0,0.0,0.0,0.0,0.0,0.0,0.0,17.910619735717773,0.06612558826091595,17.744545527866908,0.1701085442083285,17.77785246712821,0.29270751645090914,0.0007145979460576601
2025-05-30,17.999295299283897,17.999295299283897,17.81210998818165,17.920480728149414,12638500,0.257,0.0,17.849123001098633,17.648978614807127,65.02931940854177,0.17032493889627887,0.14508463863317123,0.35335824958976053,-0.0007140876604823099,0.0,0.0,0.0,0.0,0.0,0.0,0.0,0.0,0.0,8526600.0,6625900.0,9014400.0,0.0,0.0,0.0,0.0,0.0,0.0,0.0,0.0,0.0,0.0,0.0,0.0,0.0,0.0,0.0,0.0,0.0,0.0,0.0,0.0,0.0,0.0,0.0,0.0,17.896636327107746,0.05277980925795962,17.773247855050222,0.18174335183471882,17.84424659184047,0.1867213503092749,0.0
2025-06-02,17.80225793190389,17.940182961617335,17.733295417047167,17.920480728149414,8475400,0.0,0.0,17.91456413269043,17.67651081085205,44.978650311511366,0.17094869772723698,0.15025745045198438,0.3519129535726388,0.0,0.0,0.0,0.0,0.0,0.0,0.0,0.0,0.0,0.0,12638500.0,8526600.0,6625900.0,0.0,0.0,0.0,0.0,0.0,0.0,0.0,0.0,0.0,0.0,0.0,0.0,0.0,0.0,0.0,0.0,0.0,0.0,0.0,0.0,0.0,0.0,0.0,0.0,17.92474937438965,0.0073935121653161545,17.813052586146764,0.17865444016279025,17.830147743225098,0.1712858953954548,0.00831486105141499
2025-06-03,17.752999058743455,17.85151773982047,17.664332433682898,17.772703170776367,11219600,0.0,0.0,17.876618576049804,17.698111248016357,47.761484717957174,0.15770074126329803,0.15174610861424712,0.34337033559853536,-0.008246294260450204,0.0,0.0,0.0,0.0,0.0,0.0,0.0,0.0,0.0,8475400.0,12638500.0,8526600.0,0.0,0.0,0.0,0.0,0.0,0.0,0.0,0.0,0.0,0.0,0.0,0.0,0.0,0.0,0.0,0.0,0.0,0.0,0.0,0.0,0.0,0.0,0.0,0.0,17.8712215423584,0.0853194125293179,17.84839984348842,0.13010833683856166,17.82422869546073,0.17177092474803357,0.010644286322288865
2025-06-04,17.772703189636992,17.831813646710913,17.555961715220047,17.58551788330078,7541700,0.0,0.0,17.82649383544922,17.714238357543945,41.13014721549542,0.13059196906400317,0.14751528070419834,0.3291370855895949,-0.010532178795591096,0.0,0.0,0.0,0.0,0.0,0.0,0.0,0.0,0.0,11219600.0,8475400.0,12638500.0,0.0,0.0,0.0,0.0,0.0,0.0,0.0,0.0,0.0,0.0,0.0,0.0,0.0,0.0,0.0,0.0,0.0,0.0,0.0,0.0,0.0,0.0,0.0,0.0,17.759567260742188,0.16786733141549548,17.847291673932755,0.13265164570707724,17.799388068062918,0.1797474025906772,-0.004461841761724594
2025-06-05,17.7332958600855,17.7332958600855,17.58551877040232,17.66433334350586,9590900,0.0,0.0,17.772703170776367,17.737220668792723,35.4045542377043,0.11415194813717022,0.14084261419079272,0.3069868430008461,0.004481839018225298,0.0,0.0,0.0,0.0,0.0,0.0,0.0,0.0,0.0,7541700.0,11219600.0,8475400.0,0.0,0.0,0.0,0.0,0.0,0.0,0.0,0.0,0.0,0.0,0.0,0.0,0.0,0.0,0.0,0.0,0.0,0.0,0.0,0.0,0.0,0.0,0.0,0.0,17.674184799194336,0.09398069666790591,17.80470630100795,0.13729582028457848,17.762135641915457,0.1439721774804727,-0.01483513175354323
2025-06-06,17.920480127890134,17.989442640436906,17.881071904099098,17.93033218383789,6425900,0.0,0.0,17.774673461914062,17.78418912887573,54.31488702317184,0.12118999366955663,0.1369120900865455,0.25410817332870866,0.01505852698538579,0.0,0.0,0.0,0.0,0.0,0.0,0.0,0.0,0.0,9590900.0,7541700.0,11219600.0,0.0,0.0,0.0,0.0,0.0,0.0,0.0,0.0,0.0,0.0,0.0,0.0,0.0,0.0,0.0,0.0,0.0,0.0,0.0,0.0,0.0,0.0,0.0,0.0,17.726727803548176,0.18067658106869097,17.81816210065569,0.14527395331564852,17.7723331451416,0.1508058637986706,-0.004920745897305512
2025-06-09,17.95988676308877,18.087961613393666,17.950034706981658,18.018999099731445,5386700,0.0,0.0,17.79437713623047,17.83559093475342,56.15008532102173,0.1323961936460485,0.13600891079844613,0.17769480058660908,0.004945079376358574,0.0,0.0,0.0,0.0,0.0,0.0,0.0,0.0,0.0,6425900.0,9590900.0,7541700.0,0.0,0.0,0.0,0.0,0.0,0.0,0.0,0.0,0.0,0.0,0.0,0.0,0.0,0.0,0.0,0.0,0.0,0.0,0.0,0.0,0.0,0.0,0.0,0.0,17.8712215423584,0.18457383512247996,17.830406733921595,0.15950937601319845,17.78747613089425,0.1645701768854185,-0.011885433184890104
2025-06-10,18.29484921201378,18.393367894307698,18.17662829653114,18.23573875427246,9545800,0.0,0.0,17.886984252929686,17.84148464202881,63.92901259985177,0.1569569644326556,0.14019852152528803,0.18913633841503255,0.012028395880448572,0.0,0.0,0.0,0.0,0.0,0.0,0.0,0.0,0.0,5386700.0,6425900.0,9590900.0,0.0,0.0,0.0,0.0,0.0,0.0,0.0,0.0,0.0,0.0,0.0,0.0,0.0,0.0,0.0,0.0,0.0,0.0,0.0,0.0,0.0,0.0,0.0,0.0,18.061690012613933,0.15711517701409378,17.875443594796316,0.2216009689509979,17.82434572492327,0.20179572773840346,-0.005373458597518144
2025-06-11,18.600255120726334,18.649515400582263,18.324405069883305,18.334257125854492,15531200,0.0,0.0,18.03673210144043,17.865419006347658,68.47729822282577,0.18227006560896086,0.1486128303420226,0.21895058175827942,0.005402488646584214,0.0,0.0,0.0,0.0,0.0,0.0,0.0,0.0,0.0,9545800.0,5386700.0,6425900.0,0.0,0.0,0.0,0.0,0.0,0.0,0.0,0.0,0.0,0.0,0.0,0.0,0.0,0.0,0.0,0.0,0.0,0.0,0.0,0.0,0.0,0.0,0.0,0.0,18.1963316599528,0.16128110574630386,17.934554508754186,0.282449036258159,17.873803547450475,0.2356396715700334,0.0026939672595251984
2025-06-12,18.20618336666574,18.353960456900538,18.117516736707334,18.284997940063477,11362600,0.0,0.0,18.160865020751952,17.883004570007323,71.0291821049086,0.1960956079420093,0.15810938586201995,0.23798531678304982,-0.0026867292987591274,0.0,0.0,0.0,0.0,0.0,0.0,0.0,0.0,0.0,15531200.0,9545800.0,5386700.0,0.0,0.0,0.0,0.0,0.0,0.0,0.0,0.0,0.0,0.0,0.0,0.0,0.0,0.0,0.0,0.0,0.0,0.0,0.0,0.0,0.0,0.0,0.0,0.0,18.284997940063477,0.04925918579061201,18.0077394757952,0.2993847067002634,17.92806965964181,0.23667865361622253,0.0076004604441402
2025-06-13,18.206182295176465,18.284996863935724,18.0978134375622,18.147071838378906,10471900,0.0,0.0,18.204212951660157,17.881064796447752,64.75781045894485,0.1936902257843265,0.16522555384648127,0.23553227936813392,-0.007543129189113373,0.0,0.0,0.0,0.0,0.0,0.0,0.0,0.0,0.0,11362600.0,15531200.0,9545800.0,0.0,0.0,0.0,0.0,0.0,0.0,0.0,0.0,0.0,0.0,0.0,0.0,0.0,0.0,0.0,0.0,0.0,0.0,0.0,0.0,0.0,0.0,0.0,0.0,18.255442301432293,0.0970295562855104,18.08796146937779,0.23589569444639238,17.967626571655273,0.22225872884852968,-0.01760005220581984
2025-06-16,18.45247911444865,18.54114574426785,18.422924823900683,18.472183227539062,9604100,0.0,0.0,18.29484977722168,17.915295600891113,63.91063697337452,0.21553318276433586,0.1752870796300522,0.26864943562511023,0.017915363539399376,0.0,0.0,0.0,0.0,0.0,0.0,0.0,0.0,0.0,10471900.0,11362600.0,15531200.0,0.0,0.0,0.0,0.0,0.0,0.0,0.0,0.0,0.0,0.0,0.0,0.0,0.0,0.0,0.0,0.0,0.0,0.0,0.0,0.0,0.0,0.0,0.0,0.0,18.30141766866048,0.16317646722420184,18.20336859566825,0.1865541068852264,18.0040374483381,0.2599076981906575,0.004284993439050977
2025-06-17,18.472182336807528,18.580553074491483,18.393367767333984,18.393367767333984,10128900,0.0,0.0,18.326375579833986,17.944614124298095,65.61062955058665,0.22390311881192204,0.18501028746642617,0.2875404615787763,-0.0042667106120719556,0.0,0.0,0.0,0.0,0.0,0.0,0.0,0.0,0.0,9604100.0,10471900.0,11362600.0,0.0,0.0,0.0,0.0,0.0,0.0,0.0,0.0,0.0,0.0,0.0,0.0,0.0,0.0,0.0,0.0,0.0,0.0,0.0,0.0,0.0,0.0,0.0,0.0,18.337540944417317,0.16959312915946095,18.26951653616769,0.15260873806169364,18.043839318411692,0.2744766465148009,0.013022276375637798
2025-06-18,18.373662881217754,18.38351493687288,18.156923294067383,18.156923294067383,10915900,0.0,0.0,18.290908813476562,17.966482067108153,55.81156742310392,0.209047491137774,0.18981772820069576,0.2861518282682462,-0.01285487661952367,0.0,0.0,0.0,0.0,0.0,0.0,0.0,0.0,0.0,10128900.0,9604100.0,10471900.0,0.0,0.0,0.0,0.0,0.0,0.0,0.0,0.0,0.0,0.0,0.0,0.0,0.0,0.0,0.0,0.0,0.0,0.0,0.0,0.0,0.0,0.0,0.0,0.0,18.340824762980144,0.16406639477052243,18.289219992501394,0.12037249856473442,18.059813363211497,0.2740550616421168,0.042420730988862454
2025-06-20,18.05840605027358,18.097814276022735,17.41803741455078,17.41803741455078,37327100,0.0,0.0,18.117516708374023,17.955291557312012,40.52045465831894,0.1360836956921716,0.17907092169899091,0.30337348563136635,-0.04069444297085434,0.0,0.0,0.0,0.0,0.0,0.0,0.0,0.0,0.0,10915900.0,10128900.0,9604100.0,0.0,0.0,0.0,0.0,0.0,0.0,0.0,0.0,0.0,0.0,0.0,0.0,0.0,0.0,0.0,0.0,0.0,0.0,0.0,0.0,0.0,0.0,0.0,0.0,17.989442825317383,0.508777559277682,18.1724055153983,0.35296758994757943,18.023924555097306,0.32234847268703876,-0.023204391996325624
2025-06-23,17.59537010267757,17.83181381225586,17.56581393432245,17.83181381225586,15272800,0.0,0.0,18.054465103149415,17.970618629455565,48.55304825704053,0.11037532134867334,0.1653318016289274,0.2878510061076959,0.02375562687443855,0.0,0.0,0.0,0.0,0.0,0.0,0.0,0.0,0.0,37327100.0,10915900.0,10128900.0,0.0,0.0,0.0,0.0,0.0,0.0,0.0,0.0,0.0,0.0,0.0,0.0,0.0,0.0,0.0,0.0,0.0,0.0,0.0,0.0,0.0,0.0,0.0,0.0,17.802258173624676,0.37032855354184374,18.100627899169922,0.3654356528908656,18.017591203962052,0.32539388503505673,-0.010928864047927367
2025-06-24,17.881071569792837,18.038700703834852,17.881071569792837,18.02884864807129,8763700,0.0,0.0,17.96579818725586,17.99239730834961,54.11389031504679,0.10469347283863328,0.1532041358708686,0.27394027286875516,0.011049623885148963,0.0,0.0,0.0,0.0,0.0,0.0,0.0,0.0,0.0,15272800.0,37327100.0,10915900.0,0.0,0.0,0.0,0.0,0.0,0.0,0.0,0.0,0.0,0.0,0.0,0.0,0.0,0.0,0.0,0.0,0.0,0.0,0.0,0.0,0.0,0.0,0.0,0.0,17.75956662495931,0.31174882967362416,18.064035143171036,0.3566151143718489,18.03588730948312,0.31767490179617014,-0.011345309833016737
2025-06-25,18.29484921201378,18.36381172589325,18.216034641996163,18.23573875427246,10846500,0.0,0.0,17.934272384643556,18.006062698364257,60.377356193148024,0.11555284817201539,0.14567387833109796,0.2791344147174386,0.01147550296969757,0.0,0.0,0.0,0.0,0.0,0.0,0.0,0.0,0.0,8763700.0,15272800.0,37327100.0,0.0,0.0,0.0,0.0,0.0,0.0,0.0,0.0,0.0,0.0,0.0,0.0,0.0,0.0,0.0,0.0,0.0,0.0,0.0,0.0,0.0,0.0,0.0,0.0,18.03213373819987,0.20198250805108214,18.076701845441544,0.3615959897178143,18.082331657409668,0.2933669738621861,-0.004838733516902782
2025-06-26,18.35395995996019,18.39336818513589,18.245591098902214,18.324405670166016,14327700,0.0,0.0,17.96776885986328,18.030475902557374,60.50156035875506,0.1298172084825886,0.1425025443613961,0.2847855500386472,0.004862260700723153,0.0,0.0,0.0,0.0,0.0,0.0,0.0,0.0,0.0,10846500.0,8763700.0,15272800.0,0.0,0.0,0.0,0.0,0.0,0.0,0.0,0.0,0.0,0.0,0.0,0.0,0.0,0.0,0.0,0.0,0.0,0.0,0.0,0.0,0.0,0.0,0.0,0.0,18.196331024169922,0.15166810878102036,18.055590765816824,0.33821636962575685,18.129479680742538,0.27338202199577805,0.004319699132673049
2025-06-27,18.36381112155301,18.38351523318086,18.13721947509528,18.245590209960938,13502100,0.0,0.0,18.133279418945314,18.046091079711914,55.333320426443635,0.13322631778667926,0.14064729904645273,0.2877229225698308,-0.004301119590110258,0.0,0.0,0.0,0.0,0.0,0.0,0.0,0.0,0.0,14327700.0,10846500.0,8763700.0,0.0,0.0,0.0,0.0,0.0,0.0,0.0,0.0,0.0,0.0,0.0,0.0,0.0,0.0,0.0,0.0,0.0,0.0,0.0,0.0,0.0,0.0,0.0,0.0,18.268578211466473,0.048598268008144575,18.034479686192103,0.3176026391414448,18.151998111179896,0.2686595361730607,-0.000539749308073989
2025-06-30,18.275145806949208,18.284997863468615,18.18647917736222,18.255443572998047,12743100,0.0,0.0,18.21800537109375,18.062839221954345,54.10959403648891,0.13516504699612497,0.13955084863638717,0.2897681127279449,0.0005400407947193653,0.0,0.0,0.0,0.0,0.0,0.0,0.0,0.0,0.0,13502100.0,14327700.0,10846500.0,0.0,0.0,0.0,0.0,0.0,0.0,0.0,0.0,0.0,0.0,0.0,0.0,0.0,0.0,0.0,0.0,0.0,0.0,0.0,0.0,0.0,0.0,0.0,0.0,18.275146484375,0.042943250102192514,18.048554011753627,0.3260047581504634,18.168887002127512,0.26708285152130196,-0.01957659020421687
2025-07-01,18.432773575855887,18.69877344474233,18.284996497281476,18.619958877563477,15010100,0.0,0.0,18.336227416992188,18.09781312942505,56.351767907998656,0.16422179592047215,0.14448503809320418,0.3129653175468346,0.019967485484964742,0.0,0.0,0.0,0.0,0.0,0.0,0.0,0.0,0.0,12743100.0,13502100.0,14327700.0,0.0,0.0,0.0,0.0,0.0,0.0,0.0,0.0,0.0,0.0,0.0,0.0,0.0,0.0,0.0,0.0,0.0,0.0,0.0,0.0,0.0,0.0,0.0,0.0,18.373664220174152,0.21335432005149418,18.2202570778983,0.245035152198942,18.1963312966483,0.29296682331435997,0.0010592817331531723
2025-07-02,18.472182990914735,18.610108022605527,18.393368418650336,18.600255966186523,9428300,0.0,0.0,18.409130859375,18.139190769195558,54.51503955596823,0.18354383937334973,0.1522967983492333,0.3222869469487556,-0.0010581608427017164,0.0,0.0,0.0,0.0,0.0,0.0,0.0,0.0,0.0,15010100.0,12743100.0,13502100.0,0.0,0.0,0.0,0.0,0.0,0.0,0.0,0.0,0.0,0.0,0.0,0.0,0.0,0.0,0.0,0.0,0.0,0.0,0.0,0.0,0.0,0.0,0.0,0.0,18.491886138916016,0.20500211319043093,18.330034528459823,0.21189884331670047,18.21533121381487,0.3106892985065536,-0.00421935111789673
2025-07-03,18.619959062842522,18.698773630805626,18.580552718404732,18.67906951904297,4267300,0.0,0.0,18.48006362915039,18.193868350982665,56.622490446435606,0.20287764584636392,0.16241296784865944,0.3161138442711236,0.004237229476826698,0.0,0.0,0.0,0.0,0.0,0.0,0.0,0.0,0.0,9428300.0,15010100.0,12743100.0,0.0,0.0,0.0,0.0,0.0,0.0,0.0,0.0,0.0,0.0,0.0,0.0,0.0,0.0,0.0,0.0,0.0,0.0,0.0,0.0,0.0,0.0,0.0,0.0,18.633094787597656,0.04101594967493989,18.422923224312918,0.20005042705055043,18.24347918374198,0.3344305574370822,0.0074388173934512025
2025-07-07,18.580553549996097,18.679070355043553,18.482034865861035,18.54114532470703,8790400,0.0,0.0,18.53917465209961,18.237708950042723,56.62252674550993,0.20471071922325024,0.17087251812357762,0.2991554162246474,-0.007383889984205361,0.0,0.0,0.0,0.0,0.0,0.0,0.0,0.0,0.0,4267300.0,9428300.0,15010100.0,0.0,0.0,0.0,0.0,0.0,0.0,0.0,0.0,0.0,0.0,0.0,0.0,0.0,0.0,0.0,0.0,0.0,0.0,0.0,0.0,0.0,0.0,0.0,0.0,18.606823603312176,0.06919625162405223,18.466552734375,0.18517322535853675,18.271627289908274,0.34218615082643905,-0.0037056259593057916
2025-07-08,18.610107421875,18.77758861741654,18.541144908255703,18.610107421875,10832400,0.0,0.0,18.610107421875,18.27169771194458,52.53620951857193,0.20931525205075374,0.17856106490901286,0.3010053964179972,0.0037194086967256013,0.0,0.0,0.0,0.0,0.0,0.0,0.0,0.0,0.0,8790400.0,4267300.0,9428300.0,0.0,0.0,0.0,0.0,0.0,0.0,0.0,0.0,0.0,0.0,0.0,0.0,0.0,0.0,0.0,0.0,0.0,0.0,0.0,0.0,0.0,0.0,0.0,0.0,18.610107421875,0.06896209716763574,18.507367270333425,0.18003523560661042,18.281479018075125,0.350293835731947,0.0037194086967256013
2025-07-09,18.708626524010352,18.71847858033262,18.44262664057197,18.54114532470703,13092800,0.0,0.0,18.594344711303712,18.29780502319336,52.72728040742707,0.20503618310106475,0.18385608854742325,0.30057789236371857,-0.0037056259593057916,0.0,0.0,0.0,0.0,0.0,0.0,0.0,0.0,0.0,10832400.0,8790400.0,4267300.0,0.0,0.0,0.0,0.0,0.0,0.0,0.0,0.0,0.0,0.0,0.0,0.0,0.0,0.0,0.0,0.0,0.0,0.0,0.0,0.0,0.0,0.0,0.0,0.0,18.564132690429688,0.039815285363238265,18.54958942958287,0.13820930314669,18.292034557887487,0.3561031240301389,0.03977898826891324
2025-07-10,18.087961634070897,18.147072091693577,17.792405587782362,17.83181381225586,27407300,0.0,0.0,18.44065628051758,18.277608776092528,44.891644763854224,0.1427621915278401,0.17563730914350664,0.318031125352996,-0.038257157259101504,0.0,0.0,0.0,0.0,0.0,0.0,0.0,0.0,0.0,13092800.0,10832400.0,8790400.0,0.0,0.0,0.0,0.0,0.0,0.0,0.0,0.0,0.0,0.0,0.0,0.0,0.0,0.0,0.0,0.0,0.0,0.0,0.0,0.0,0.0,0.0,0.0,0.0,18.327688852945965,0.4308224514762067,18.489070892333984,0.29372704656015874,18.268812452043807,0.3756554280980194,-0.004947797843072199
2025-07-11,18.02884958902958,18.07810987041838,17.910628671871653,17.920480728149414,16461200,0.0,0.0,18.288938522338867,18.256919956207277,59.92219686874036,0.09941825191607379,0.16039349769802008,0.3274706092802016,0.004972400274424915,0.0,0.0,0.0,0.0,0.0,0.0,0.0,0.0,0.0,27407300.0,13092800.0,10832400.0,0.0,0.0,0.0,0.0,0.0,0.0,0.0,0.0,0.0,0.0,0.0,0.0,0.0,0.0,0.0,0.0,0.0,0.0,0.0,0.0,0.0,0.0,0.0,0.0,18.09781328837077,0.3864879381365261,18.38914544241769,0.35447635290875196,18.304701260157994,0.30558968749635407,0.00999449718941725
2025-07-14,17.743146896362305,17.851517632806125,17.634776159918484,17.743146896362305,14495200,0.0,0.0,18.129338836669923,18.229827404022217,48.06865704630454,0.05018006476240089,0.13835081111089625,0.34686545663090895,-0.009895595686144398,0.0,0.0,0.0,0.0,0.0,0.0,0.0,0.0,0.0,16461200.0,27407300.0,13092800.0,0.0,0.0,0.0,0.0,0.0,0.0,0.0,0.0,0.0,0.0,0.0,0.0,0.0,0.0,0.0,0.0,0.0,0.0,0.0,0.0,0.0,0.0,0.0,0.0,17.83181381225586,0.08866691589335746,18.266701289585658,0.4126579259203731,18.29836790902274,0.31685533568245144,-0.011525782415193864
2025-07-15,17.979591264175436,18.048553779329215,17.930332861662052,17.950035095214844,14013600,0.0,0.0,17.99732437133789,18.219975566864015,48.290620565835574,0.027535186818131052,0.11618768625234321,0.35209832161415483,0.011660175055810074,0.0,0.0,0.0,0.0,0.0,0.0,0.0,0.0,0.0,14495200.0,16461200.0,27407300.0,0.0,0.0,0.0,0.0,0.0,0.0,0.0,0.0,0.0,0.0,0.0,0.0,0.0,0.0,0.0,0.0,0.0,0.0,0.0,0.0,0.0,0.0,0.0,0.0,17.87122090657552,0.1118953941062597,18.162553514753068,0.3821042597518247,18.292738369532994,0.3226591893217608,-0.015135186498743014
2025-07-16,18.196331129195812,18.235739355046707,18.068258153355675,18.225887298583984,15715300,0.0,0.0,17.93427276611328,18.20766077041626,49.79253878701265,0.031484985998726955,0.09924714620161997,0.3470844348831038,0.015367780726104341,0.0,0.0,0.0,0.0,0.0,0.0,0.0,0.0,0.0,14013600.0,14495200.0,16461200.0,0.0,0.0,0.0,0.0,0.0,0.0,0.0,0.0,0.0,0.0,0.0,0.0,0.0,0.0,0.0,0.0,0.0,0.0,0.0,0.0,0.0,0.0,0.0,0.0,17.97302309672038,0.24218982254455718,18.117516653878347,0.347011808077414,18.292034694126674,0.32280376978296116,0.0016242985673762256
2025-07-17,18.087962161880714,18.24559130619922,18.009147589721465,18.196331024169922,13528000,0.0,0.0,18.007176208496094,18.197808933258056,47.234021518841345,0.0318629892667488,0.08577031481464574,0.34432119294897634,-0.001621664500051967,0.0,0.0,0.0,0.0,0.0,0.0,0.0,0.0,0.0,15715300.0,14013600.0,14495200.0,0.0,0.0,0.0,0.0,0.0,0.0,0.0,0.0,0.0,0.0,0.0,0.0,0.0,0.0,0.0,0.0,0.0,0.0,0.0,0.0,0.0,0.0,0.0,0.0,18.12408447265625,0.15145389621953137,18.05840573992048,0.2773717447990872,18.282886505126953,0.3236295627488308,0.014277965285756089
2025-07-18,18.078108631526657,18.107662919246984,17.871219222047007,17.940181732177734,9706800,0.0,0.0,18.011116409301756,18.186971855163574,43.873479676215226,0.011362472930159129,0.07088874643774841,0.34905405164109726,-0.014076974729243408,0.0,0.0,0.0,0.0,0.0,0.0,0.0,0.0,0.0,13528000.0,15715300.0,14013600.0,0.0,0.0,0.0,0.0,0.0,0.0,0.0,0.0,0.0,0.0,0.0,0.0,0.0,0.0,0.0,0.0,0.0,0.0,0.0,0.0,0.0,0.0,0.0,0.0,18.120800018310547,0.15711657233861961,17.97255379813058,0.1783984430054238,18.261071613856725,0.3363791719906178,0.0010993568937787135
2025-07-21,17.920480728149414,18.06825781414062,17.900776615593895,17.920480728149414,11469300,0.0,0.0,18.04658317565918,18.212094020843505,43.307059606374295,-0.006400262104243382,0.05543094472935005,0.3062567525375452,-0.0010981496354066644,0.0,0.0,0.0,0.0,0.0,0.0,0.0,0.0,0.0,9706800.0,13528000.0,15715300.0,0.0,0.0,0.0,0.0,0.0,0.0,0.0,0.0,0.0,0.0,0.0,0.0,0.0,0.0,0.0,0.0,0.0,0.0,0.0,0.0,0.0,0.0,0.0,0.0,18.01899782816569,0.15389064037068578,17.985220500401088,0.16967457596279797,18.237145696367538,0.34850433158475913,-0.003833475991313895
2025-07-22,17.851517798806356,18.028849170425868,17.831813686708337,17.989442825317383,18870500,0.0,0.0,18.054464721679686,18.219975471496582,35.71428571428572,-0.014742747475580131,0.04139620628836402,0.2978686520457801,0.003848228081272609,0.0,0.0,0.0,0.0,0.0,0.0,0.0,0.0,0.0,11469300.0,9706800.0,13528000.0,0.0,0.0,0.0,0.0,0.0,0.0,0.0,0.0,0.0,0.0,0.0,0.0,0.0,0.0,0.0,0.0,0.0,0.0,0.0,0.0,0.0,0.0,0.0,0.0,17.950035095214844,0.0355212511571625,17.995072228567942,0.1672742082382069,18.192108835492814,0.33573487887804015,-0.010298130451590337
2025-07-23,18.186478289743974,18.55099684682046,18.12736783260017,18.17662811279297,24739700,0.0,0.0,18.044612884521484,18.227364444732665,41.07884650762244,-0.006178714535124641,0.03188122212366629,0.2946940015037987,0.010405285438421119,0.0,0.0,0.0,0.0,0.0,0.0,0.0,0.0,0.0,18870500.0,11469300.0,9706800.0,0.0,0.0,0.0,0.0,0.0,0.0,0.0,0.0,0.0,0.0,0.0,0.0,0.0,0.0,0.0,0.0,0.0,0.0,0.0,0.0,0.0,0.0,0.0,0.0,18.028850555419922,0.13254281405935048,18.056998116629465,0.13573038302375315,18.16184970310756,0.3145411525995112,0.04355201910454465
2025-07-24,17.61507290603369,17.61507290603369,17.329370785702803,17.41803741455078,14675700,0.0,0.0,17.888954162597656,18.186479377746583,29.35486288494326,-0.05991294711066786,0.013522388276799462,0.3457680143039106,-0.04173440164671027,0.0,0.0,0.0,0.0,0.0,0.0,0.0,0.0,0.0,24739700.0,18870500.0,11469300.0,0.0,0.0,0.0,0.0,0.0,0.0,0.0,0.0,0.0,0.0,0.0,0.0,0.0,0.0,0.0,0.0,0.0,0.0,0.0,0.0,0.0,0.0,0.0,0.0,17.861369450887043,0.3951797740185318,17.98099844796317,0.27896668398565216,18.07177598135812,0.33493102671547703,0.017846850856341412
2025-07-25,17.201295592129295,17.201295592129295,16.994408048286115,17.11263084411621,19087800,0.0,0.0,17.72344398498535,18.12589063644409,27.828757402965877,-0.12569256574884236,-0.014320602528328903,0.4187865914372406,-0.017533925502963843,0.0,0.0,0.0,0.0,0.0,0.0,0.0,0.0,0.0,14675700.0,24739700.0,18870500.0,0.0,0.0,0.0,0.0,0.0,0.0,0.0,0.0,0.0,0.0,0.0,0.0,0.0,0.0,0.0,0.0,0.0,0.0,0.0,0.0,0.0,0.0,0.0,0.0,17.569098790486652,0.5478477903693683,17.82196181161063,0.4049645352743803,17.96973923274449,0.3934282404912917,0.012237861056106913
2025-07-28,17.063369873259294,17.083073984949202,16.807222058553002,16.90574073791504,21715200,0.0,0.0,17.520495986938478,18.058898162841796,24.633445237215227,-0.19230096414239028,-0.049916674851141186,0.49825695816189075,-0.012089906460660105,0.0,0.0,0.0,0.0,0.0,0.0,0.0,0.0,0.0,19087800.0,14675700.0,24739700.0,0.0,0.0,0.0,0.0,0.0,0.0,0.0,0.0,0.0,0.0,0.0,0.0,0.0,0.0,0.0,0.0,0.0,0.0,0.0,0.0,0.0,0.0,0.0,0.0,17.145469665527344,0.2577222581903568,17.637591770717076,0.49080549672588014,17.847998755318777,0.44086855802750635,-0.002905289649818399
2025-07-29,17.023964317816386,17.033816374117862,16.856483118866503,16.954999923706055,11563700,0.0,0.0,17.31360740661621,17.993875980377197,26.253695738956466,-0.2383660595825816,-0.08760655179742928,0.5530938566322485,0.002913754951922476,0.0,0.0,0.0,0.0,0.0,0.0,0.0,0.0,0.0,21715200.0,19087800.0,14675700.0,0.0,0.0,0.0,0.0,0.0,0.0,0.0,0.0,0.0,0.0,0.0,0.0,0.0,0.0,0.0,0.0,0.0,0.0,0.0,0.0,0.0,0.0,0.0,0.0,16.99112383524577,0.10807211365406881,17.49685151236398,0.5293166059927569,17.73470265524728,0.4526874256525861,0.015339104734215514
2025-07-30,16.866335650076817,16.876185827568044,16.639742106937838,16.698854446411133,13278800,0.0,0.0,17.018052673339845,17.89782075881958,30.375451878977373,-0.2921737814400771,-0.12851999772595885,0.6031894325019874,-0.015107371185344887,0.0,0.0,0.0,0.0,0.0,0.0,0.0,0.0,0.0,11563700.0,21715200.0,19087800.0,0.0,0.0,0.0,0.0,0.0,0.0,0.0,0.0,0.0,0.0,0.0,0.0,0.0,0.0,0.0,0.0,0.0,0.0,0.0,0.0,0.0,0.0,0.0,0.0,16.853198369344074,0.13591597314490414,17.322333472115652,0.5664506740037408,17.65377698625837,0.5288523285078921,0.01375615316351797
2025-07-31,16.7579635010425,16.767815556794933,16.46240746573194,16.472259521484375,15926400,0.0,0.0,16.828897094726564,17.791420936584473,26.0586220618181,-0.3490771611637271,-0.17263143041351253,0.657959505855637,-0.013569489191844308,0.0,0.0,0.0,0.0,0.0,0.0,0.0,0.0,0.0,13278800.0,11563700.0,21715200.0,0.0,0.0,0.0,0.0,0.0,0.0,0.0,0.0,0.0,0.0,0.0,0.0,0.0,0.0,0.0,0.0,0.0,0.0,0.0,0.0,0.0,0.0,0.0,0.0,16.708704630533855,0.2415208967764658,17.10559300013951,0.5588610446764861,17.550332614353724,0.6083359718439826,0.018890910392967974
2025-08-01,16.403296646603213,16.403296646603213,16.1274466080013,16.166852951049805,20078400,0.0,0.0,16.639741516113283,17.665810108184814,25.000000000000014,-0.4140444111680459,-0.22091402656441922,0.7167559610028283,-0.01854066043800706,0.0,0.0,0.0,0.0,0.0,0.0,0.0,0.0,0.0,15926400.0,13278800.0,11563700.0,0.0,0.0,0.0,0.0,0.0,0.0,0.0,0.0,0.0,0.0,0.0,0.0,0.0,0.0,0.0,0.0,0.0,0.0,0.0,0.0,0.0,0.0,0.0,0.0,16.44598897298177,0.2669719162302084,16.81848226274763,0.41453641619078635,17.437740189688547,0.7076670438546115,-0.004247646096610991
2025-08-04,16.30477947156641,16.432854326212958,16.196410608889675,16.235816955566406,18306000,0.0,0.0,16.505756759643553,17.550543689727782,21.568667149198504,-0.4547248213676234,-0.26767618552506006,0.7530284392407537,0.004265765559036794,0.0,0.0,0.0,0.0,0.0,0.0,0.0,0.0,0.0,20078400.0,15926400.0,13278800.0,0.0,0.0,0.0,0.0,0.0,0.0,0.0,0.0,0.0,0.0,0.0,0.0,0.0,0.0,0.0,0.0,0.0,0.0,0.0,0.0,0.0,0.0,0.0,0.0,16.291643142700195,0.1601740169114918,16.649593625749862,0.36774346136946895,17.315296036856516,0.7586720071216004,0.017283889240176986
2025-08-05,16.225964663237836,16.245668775833565,15.950114603248034,15.959966659545898,22539900,0.0,0.0,16.306750106811524,17.418036651611327,12.418327532613617,-0.5034200401937916,-0.31482495645880637,0.7890728223099123,-0.016990231952937473,0.0,0.0,0.0,0.0,0.0,0.0,0.0,0.0,0.0,18306000.0,20078400.0,15926400.0,0.0,0.0,0.0,0.0,0.0,0.0,0.0,0.0,0.0,0.0,0.0,0.0,0.0,0.0,0.0,0.0,0.0,0.0,0.0,0.0,0.0,0.0,0.0,0.0,16.12087885538737,0.14355681647913987,16.484927313668386,0.38357712107251546,17.15344456263951,0.7905003511043198,0.008089722142859301
2025-08-06,15.900853571619562,15.95011385078498,15.733373320175922,15.831891059875488,16992500,0.0,0.0,16.133357429504393,17.28257393836975,12.025338752183771,-0.5460514413538888,-0.3610702534378229,0.8181353726705008,-0.008024803710589556,0.0,0.0,0.0,0.0,0.0,0.0,0.0,0.0,0.0,22539900.0,18306000.0,20078400.0,0.0,0.0,0.0,0.0,0.0,0.0,0.0,0.0,0.0,0.0,0.0,0.0,0.0,0.0,0.0,0.0,0.0,0.0,0.0,0.0,0.0,0.0,0.0,0.0,16.009224891662598,0.2064190213518777,16.331520216805593,0.4015438323994647,16.984555993761337,0.8030300824667456,0.0031210402379799884
2025-08-07,15.930409908652685,16.08803904548451,15.743224604007064,15.782632827758789,19616500,0.0,0.0,15.995432090759277,17.180114889144896,12.881390637336082,-0.5771587349518335,-0.404287949740625,0.872255576776985,-0.0031113296529395873,0.0,0.0,0.0,0.0,0.0,0.0,0.0,0.0,0.0,16992500.0,22539900.0,18306000.0,0.0,0.0,0.0,0.0,0.0,0.0,0.0,0.0,0.0,0.0,0.0,0.0,0.0,0.0,0.0,0.0,0.0,0.0,0.0,0.0,0.0,0.0,0.0,0.0,15.858163515726725,0.09153962762874923,16.16403920309884,0.33754651217785003,16.83044535773141,0.812500536550318,0.0018762223565649272
2025-08-08,15.85159523296983,15.881151400583617,15.7235213252747,15.753076553344727,13909900,0.0,0.0,15.912676811218262,17.071744680404663,12.837857283013932,-0.5973110041347987,-0.44289256061945975,0.9092848788321414,-0.0018727087385621566,0.0,0.0,0.0,0.0,0.0,0.0,0.0,0.0,0.0,19616500.0,16992500.0,22539900.0,0.0,0.0,0.0,0.0,0.0,0.0,0.0,0.0,0.0,0.0,0.0,0.0,0.0,0.0,0.0,0.0,0.0,0.0,0.0,0.0,0.0,0.0,0.0,0.0,15.789200146993002,0.0398155606686559,16.02892807551793,0.2704020847864225,16.67563077381679,0.7951314957063755,0.0006257584216300405
2025-08-11,15.753077153903105,15.930410408171307,15.684114639262713,15.74322509765625,20161800,0.0,0.0,15.81415843963623,16.97174859046936,10.68970144381268,-0.6070787271207081,-0.47572979391970943,0.9409787685028324,-0.0006253670929050603,0.0,0.0,0.0,0.0,0.0,0.0,0.0,0.0,0.0,13909900.0,19616500.0,16992500.0,0.0,0.0,0.0,0.0,0.0,0.0,0.0,0.0,0.0,0.0,0.0,0.0,0.0,0.0,0.0,0.0,0.0,0.0,0.0,0.0,0.0,0.0,0.0,0.0,15.759644826253256,0.020508509324279084,15.924780300685338,0.2032485474730224,16.515186650412424,0.7339004881722825,-0.005600465660350218
2025-08-12,15.74322443646525,15.881151339040908,15.674261924721176,15.831891059875488,18403100,0.0,0.0,15.788543319702148,16.865841388702393,7.500018150307369,-0.6007401572361033,-0.5007318665829882,0.9442703618654107,0.005632007525093297,0.0,0.0,0.0,0.0,0.0,0.0,0.0,0.0,0.0,20161800.0,13909900.0,19616500.0,0.0,0.0,0.0,0.0,0.0,0.0,0.0,0.0,0.0,0.0,0.0,0.0,0.0,0.0,0.0,0.0,0.0,0.0,0.0,0.0,0.0,0.0,0.0,0.0,15.776064236958822,0.04859772023991196,15.87692860194615,0.17409795125998484,16.34770543234689,0.5761767062334118,-0.018925566910684255
2025-08-13,15.900854862064154,16.17670681051491,15.841744401356017,16.137298583984375,27608700,0.0,0.0,15.849624824523925,16.761411952972413,22.22224980101899,-0.5645650061755347,-0.5134984945014975,0.9004157931356613,0.019290653463559737,0.0,0.0,0.0,0.0,0.0,0.0,0.0,0.0,0.0,18403100.0,20161800.0,13909900.0,0.0,0.0,0.0,0.0,0.0,0.0,0.0,0.0,0.0,0.0,0.0,0.0,0.0,0.0,0.0,0.0,0.0,0.0,0.0,0.0,0.0,0.0,0.0,0.0,15.904138247172037,0.20673224279461425,15.862854548863002,0.14110616817876587,16.256224087306432,0.48810713966705577,0.0012224473040007844
2025-08-14,16.088039503951357,16.166854074613276,15.871299904402969,16.117595672607422,18675100,0.0,0.0,15.916617393493652,16.657475185394286,25.36588636722081,-0.5313606043299401,-0.5170709164671861,0.8442895811184814,-0.0012209547511569108,0.0,0.0,0.0,0.0,0.0,0.0,0.0,0.0,0.0,27608700.0,18403100.0,20161800.0,0.0,0.0,0.0,0.0,0.0,0.0,0.0,0.0,0.0,0.0,0.0,0.0,0.0,0.0,0.0,0.0,0.0,0.0,0.0,0.0,0.0,0.0,0.0,0.0,16.02892843882243,0.17092351419826582,15.885372979300362,0.16900612627372716,16.185150146484375,0.42174507162122404,-0.012077186529827033
2025-08-15,16.157001373391715,16.41314918758919,16.157001373391715,16.31463050842285,9000900,0.0,0.0,16.028928184509276,16.576197624206543,35.29410648192085,-0.4835724894362343,-0.5103712310609957,0.7908609095633883,0.012224828058585713,0.0,0.0,0.0,0.0,0.0,0.0,0.0,0.0,0.0,18675100.0,27608700.0,18403100.0,0.0,0.0,0.0,0.0,0.0,0.0,0.0,0.0,0.0,0.0,0.0,0.0,0.0,0.0,0.0,0.0,0.0,0.0,0.0,0.0,0.0,0.0,0.0,0.0,16.189841588338215,0.1085184643786107,15.954335757664271,0.230755672127316,16.142927987234934,0.3705351830179657,0.009140774510691063
2025-08-18,16.11759455246731,16.186557062117785,16.019075876214856,16.166852951049805,11116100,0.0,0.0,16.11365375518799,16.48851623535156,31.3083976868907,-0.45240938417393295,-0.49877886168358315,0.7287503386691604,-0.0090579775801084,0.0,0.0,0.0,0.0,0.0,0.0,0.0,0.0,0.0,9000900.0,18675100.0,27608700.0,0.0,0.0,0.0,0.0,0.0,0.0,0.0,0.0,0.0,0.0,0.0,0.0,0.0,0.0,0.0,0.0,0.0,0.0,0.0,0.0,0.0,0.0,0.0,0.0,16.19969304402669,0.10254040867503882,16.009224346705846,0.22879446460782052,16.086631774902344,0.2884433111444581,-0.01144581446768489
2025-08-19,16.2358154512736,16.432852803664098,16.216111340217058,16.35403823852539,18923300,0.0,0.0,16.21808319091797,16.406746006011964,41.5458516999206,-0.40790602368063844,-0.4806042940829942,0.6375132758632862,0.011578337976002384,0.0,0.0,0.0,0.0,0.0,0.0,0.0,0.0,0.0,11116100.0,9000900.0,18675100.0,0.0,0.0,0.0,0.0,0.0,0.0,0.0,0.0,0.0,0.0,0.0,0.0,0.0,0.0,0.0,0.0,0.0,0.0,0.0,0.0,0.0,0.0,0.0,0.0,16.278507232666016,0.09868257825156107,16.09507601601737,0.22940967950154073,16.06200204576765,0.24334068491414126,-0.024103462793473973
2025-08-20,16.8170736348386,16.935296422519283,16.718554958285946,16.757963180541992,22949600,0.0,0.0,16.342216110229494,16.335812759399413,56.44445859423199,-0.33616828406000465,-0.45171709207839633,0.4926983000952469,0.024698789138518196,0.0,0.0,0.0,0.0,0.0,0.0,0.0,0.0,0.0,18923300.0,11116100.0,9000900.0,0.0,0.0,0.0,0.0,0.0,0.0,0.0,0.0,0.0,0.0,0.0,0.0,0.0,0.0,0.0,0.0,0.0,0.0,0.0,0.0,0.0,0.0,0.0,0.0,16.426284790039062,0.3021051125134803,16.24003859928676,0.28410504999528724,16.08240944998605,0.28823217015056274,-0.0023460653641675933
2025-08-21,16.659445879535024,16.807222967022014,16.63974176678006,16.79737091064453,19974100,0.0,0.0,16.478171157836915,16.3047794342041,66.16163542121953,-0.272988888120441,-0.4159714512868053,0.4373872823655871,0.002351582330023083,0.0,0.0,0.0,0.0,0.0,0.0,0.0,0.0,0.0,22949600.0,18923300.0,11116100.0,0.0,0.0,0.0,0.0,0.0,0.0,0.0,0.0,0.0,0.0,0.0,0.0,0.0,0.0,0.0,0.0,0.0,0.0,0.0,0.0,0.0,0.0,0.0,0.0,16.636457443237305,0.24537460685762472,16.37796429225377,0.28727585189437516,16.12744644709996,0.34592726454855355,-0.01672436995412585
2025-08-22,16.748112175857983,17.12248091534333,16.7284080634936,17.08307456970215,33953400,0.0,0.0,16.631859970092773,16.3033016204834,69.54546294560708,-0.1975872018256446,-0.3722946013945732,0.434554872042585,0.017008831952181724,0.0,0.0,0.0,0.0,0.0,0.0,0.0,0.0,0.0,19974100.0,22949600.0,18923300.0,0.0,0.0,0.0,0.0,0.0,0.0,0.0,0.0,0.0,0.0,0.0,0.0,0.0,0.0,0.0,0.0,0.0,0.0,0.0,0.0,0.0,0.0,0.0,0.0,16.87946955362956,0.17742461561291673,16.513075147356307,0.3666606988644393,16.187964848109655,0.4301931593175218,0.0005770120628476594
2025-08-25,17.171741800213066,17.191445913270474,17.04366694442756,17.073223114013672,17187400,0.0,0.0,16.813134002685548,16.31167573928833,79.27459892484876,-0.13704597168577237,-0.32524487545281305,0.4481755118005428,-0.0005766793119283964,0.0,0.0,0.0,0.0,0.0,0.0,0.0,0.0,0.0,33953400.0,19974100.0,22949600.0,0.0,0.0,0.0,0.0,0.0,0.0,0.0,0.0,0.0,0.0,0.0,0.0,0.0,0.0,0.0,0.0,0.0,0.0,0.0,0.0,0.0,0.0,0.0,0.0,16.984556198120117,0.1621820325445339,16.649593353271484,0.37272456191517644,16.267483166285924,0.4842944708631085,0.00638801556203239
2025-08-26,16.915592978718667,17.07322211578647,16.87618475490795,16.96485137939453,14770200,0.0,0.0,16.935296630859376,16.312168312072753,80.10470806165915,-0.09669664517332066,-0.27953522939691455,0.4489245661747374,-0.006347467838699328,0.0,0.0,0.0,0.0,0.0,0.0,0.0,0.0,0.0,17187400.0,33953400.0,19974100.0,0.0,0.0,0.0,0.0,0.0,0.0,0.0,0.0,0.0,0.0,0.0,0.0,0.0,0.0,0.0,0.0,0.0,0.0,0.0,0.0,0.0,0.0,0.0,0.0,17.040383021036785,0.06559751871578878,16.742482049124582,0.3559800886786666,16.348408903394425,0.5003022963958832,-0.008064654633066826
2025-08-27,16.97470453185722,17.132333679107347,16.905742014821246,17.102779388427734,10264900,0.0,0.0,17.004259872436524,16.332364559173584,83.49997725162893,-0.05297916476150277,-0.2342240164698322,0.4755337165430029,0.00813022206612013,0.0,0.0,0.0,0.0,0.0,0.0,0.0,0.0,0.0,14770200.0,17187400.0,33953400.0,0.0,0.0,0.0,0.0,0.0,0.0,0.0,0.0,0.0,0.0,0.0,0.0,0.0,0.0,0.0,0.0,0.0,0.0,0.0,0.0,0.0,0.0,0.0,0.0,17.046951293945312,0.07262017843710225,16.876185825892858,0.2688430012472722,16.442705086299352,0.5097826475385554,0.021176576165771843
2025-08-28,16.738259668936628,16.78751994852107,16.63974098885528,16.748111724853516,28336300,0.0,0.0,16.99440803527832,16.346157169342042,71.67378622060951,-0.046416403530113115,-0.19666249388188842,0.483734615106944,-0.020737428433076688,0.0,0.0,0.0,0.0,0.0,0.0,0.0,0.0,0.0,10264900.0,14770200.0,17187400.0,0.0,0.0,0.0,0.0,0.0,0.0,0.0,0.0,0.0,0.0,0.0,0.0,0.0,0.0,0.0,0.0,0.0,0.0,0.0,0.0,0.0,0.0,0.0,0.0,16.938580830891926,0.17878728753818582,16.932482038225448,0.16085157942454856,16.51377902712141,0.47437271544158754,0.010701599703494269
2025-08-29,16.482111272023904,16.63974040296892,16.403296706551394,16.570777893066406,17333200,0.0,0.0,16.891948699951172,16.36635341644287,66.79994300326338,-0.05489196574460564,-0.16830838825443187,0.48428629408268725,-0.010588288082885922,0.0,0.0,0.0,0.0,0.0,0.0,0.0,0.0,0.0,28336300.0,10264900.0,14770200.0,0.0,0.0,0.0,0.0,0.0,0.0,0.0,0.0,0.0,0.0,0.0,0.0,0.0,0.0,0.0,0.0,0.0,0.0,0.0,0.0,0.0,0.0,0.0,0.0,16.807223002115887,0.2708819024803179,16.90574128287179,0.20437178726532673,16.572889941079275,0.4193365879063509,-0.004144535711014807
2025-09-02,16.521520978299144,16.649593954037936,16.452558462202283,16.639741897583008,13503100,0.0,0.0,16.805252456665038,16.3865496635437,66.53222454033947,-0.055405411954126293,-0.14572779299437075,0.48697102497578276,0.004161784374978383,0.0,0.0,0.0,0.0,0.0,0.0,0.0,0.0,0.0,17333200.0,28336300.0,10264900.0,0.0,0.0,0.0,0.0,0.0,0.0,0.0,0.0,0.0,0.0,0.0,0.0,0.0,0.0,0.0,0.0,0.0,0.0,0.0,0.0,0.0,0.0,0.0,0.0,16.65287717183431,0.08939364376906346,16.883222852434432,0.2258572344099803,16.6305935723441,0.36105989027256236,0.015024048600057238
2025-09-03,16.551075112242614,16.60033539405196,16.255520937736986,16.39344596862793,19263600,0.0,0.0,16.69097137451172,16.408223628997803,55.37188165260112,-0.07482382241151697,-0.1315469988778,0.47651995530685204,-0.014801667626278103,0.0,0.0,0.0,0.0,0.0,0.0,0.0,0.0,0.0,13503100.0,17333200.0,28336300.0,0.0,0.0,0.0,0.0,0.0,0.0,0.0,0.0,0.0,0.0,0.0,0.0,0.0,0.0,0.0,0.0,0.0,0.0,0.0,0.0,0.0,0.0,0.0,0.0,16.53465525309245,0.12705925780505037,16.7847044808524,0.27020626141711807,16.648889814104354,0.340016705772734,0.003013865813302097
2025-09-04,16.324482671057222,16.35403883872676,16.03878056660179,16.344186782836914,15167700,0.0,0.0,16.539252853393556,16.433838415145875,54.69384271701501,-0.09311449132400895,-0.1238604973670418,0.45729025852838134,-0.003004809720011492,0.0,0.0,0.0,0.0,0.0,0.0,0.0,0.0,0.0,19263600.0,13503100.0,17333200.0,0.0,0.0,0.0,0.0,0.0,0.0,0.0,0.0,0.0,0.0,0.0,0.0,0.0,0.0,0.0,0.0,0.0,0.0,0.0,0.0,0.0,0.0,0.0,0.0,16.45912488301595,0.15834612817978433,16.680556433541433,0.2807589928885991,16.66507489340646,0.31742361407545744,0.012820497667302755
2025-09-05,16.245669327855683,16.393446419169862,16.078188123276234,16.137298583984375,23404000,0.0,0.0,16.417090225219727,16.451571702957153,46.34149796599045,-0.1228875555790232,-0.12366590900943808,0.4371408899008784,-0.012658213076088498,0.0,0.0,0.0,0.0,0.0,0.0,0.0,0.0,0.0,15167700.0,19263600.0,13503100.0,0.0,0.0,0.0,0.0,0.0,0.0,0.0,0.0,0.0,0.0,0.0,0.0,0.0,0.0,0.0,0.0,0.0,0.0,0.0,0.0,0.0,0.0,0.0,0.0,16.291643778483074,0.13591705612181973,16.562334605625697,0.31342844564177924,16.652408327375138,0.3355066363364892,-0.024419402963389736
2025-09-08,16.363892171668198,16.560927667579357,16.25552142751008,16.54122543334961,25547900,0.0,0.0,16.411179733276366,16.490979146957397,56.98532107087924,-0.11259151758924446,-0.12145103072539937,0.405218224464941,0.025030636154065755,0.0,0.0,0.0,0.0,0.0,0.0,0.0,0.0,0.0,23404000.0,15167700.0,19263600.0,0.0,0.0,0.0,0.0,0.0,0.0,0.0,0.0,0.0,0.0,0.0,0.0,0.0,0.0,0.0,0.0,0.0,0.0,0.0,0.0,0.0,0.0,0.0,0.0,16.340903600056965,0.20198343837156338,16.482112612043107,0.20523985940854508,16.679149218967982,0.3075870980860096,-0.012933418271502184
2025-09-09,16.738259069413967,16.886036144699222,16.67914861511736,16.757963180541992,14879900,0.0,0.0,16.434823989868164,16.541716051101684,57.45452267019986,-0.08595210608230985,-0.11435124579678146,0.36853151450129806,0.013102883342331229,0.0,0.0,0.0,0.0,0.0,0.0,0.0,0.0,0.0,25547900.0,23404000.0,15167700.0,0.0,0.0,0.0,0.0,0.0,0.0,0.0,0.0,0.0,0.0,0.0,0.0,0.0,0.0,0.0,0.0,0.0,0.0,0.0,0.0,0.0,0.0,0.0,0.0,16.47882906595866,0.31500177039612026,16.48351996285575,0.20739034974788523,16.708001000540598,0.2933609268923073,0.0017667171692754557
2025-09-10,16.945150301026747,16.994408705058518,16.659446296197018,16.728408813476562,17812800,0.0,0.0,16.50181655883789,16.58654193878174,49.367114458544876,-0.0664588744273118,-0.10477277152288754,0.33017615168267217,-0.0017636013844298803,0.0,0.0,0.0,0.0,0.0,0.0,0.0,0.0,0.0,14879900.0,25547900.0,23404000.0,0.0,0.0,0.0,0.0,0.0,0.0,0.0,0.0,0.0,0.0,0.0,0.0,0.0,0.0,0.0,0.0,0.0,0.0,0.0,0.0,0.0,0.0,0.0,0.0,16.675865809122723,0.11753462572533926,16.506038665771484,0.2261531567758085,16.70588997432164,0.29307994497525186,-0.0052723208260415655
2025-09-11,16.63974057807038,16.886036332649695,16.314630257189187,16.817073822021484,30237600,0.0,0.0,16.596393966674803,16.620530700683595,50.41320661130578,-0.043356041258959976,-0.09248942547010203,0.31618866539054785,0.005300265526359649,0.0,0.0,0.0,0.0,0.0,0.0,0.0,0.0,0.0,17812800.0,14879900.0,25547900.0,0.0,0.0,0.0,0.0,0.0,0.0,0.0,0.0,0.0,0.0,0.0,0.0,0.0,0.0,0.0,0.0,0.0,0.0,0.0,0.0,0.0,0.0,0.0,0.0,16.767815272013348,0.045146081943287134,16.531371797834122,0.25207321789639775,16.707297325134277,0.2935998665475419,0.006485830816354898
2025-09-12,16.78752044441427,16.81707473395042,16.64959353659109,16.708703994750977,12966900,0.0,0.0,16.710675048828126,16.65008611679077,41.51784865419886,-0.03340633150751415,-0.08067280667758445,0.293516842985114,-0.006444035889799138,0.0,0.0,0.0,0.0,0.0,0.0,0.0,0.0,0.0,30237600.0,17812800.0,14879900.0,0.0,0.0,0.0,0.0,0.0,0.0,0.0,0.0,0.0,0.0,0.0,0.0,0.0,0.0,0.0,0.0,0.0,0.0,0.0,0.0,0.0,0.0,0.0,0.0,16.75139554341634,0.05772605287602294,16.576408658708846,0.25148571361771144,16.680556569780624,0.2730728207337849,0.002363976116289246
2025-09-15,16.73826068852853,16.846631431128046,16.590483598948598,16.66929817199707,18852800,0.0,0.0,16.73628959655762,16.667819499969482,40.96917614569198,-0.0283737603662928,-0.07021299741532612,0.2826975122769095,-0.0023584009128586603,0.0,0.0,0.0,0.0,0.0,0.0,0.0,0.0,0.0,12966900.0,30237600.0,17812800.0,0.0,0.0,0.0,0.0,0.0,0.0,0.0,0.0,0.0,0.0,0.0,0.0,0.0,0.0,0.0,0.0,0.0,0.0,0.0,0.0,0.0,0.0,0.0,0.0,16.73169199625651,0.07652285178259274,16.622853142874582,0.23060507951992404,16.651704788208008,0.2486393329963836,-0.008206245584768235
2025-09-16,16.73825985324297,16.826926478383747,16.62988911605145,16.807222366333008,17749400,0.0,0.0,16.74614143371582,16.699837970733643,46.52174462013729,-0.013105015218979332,-0.058791400976056764,0.2581718941973888,0.00827414525271597,0.0,0.0,0.0,0.0,0.0,0.0,0.0,0.0,0.0,18852800.0,12966900.0,30237600.0,0.0,0.0,0.0,0.0,0.0,0.0,0.0,0.0,0.0,0.0,0.0,0.0,0.0,0.0,0.0,0.0,0.0,0.0,0.0,0.0,0.0,0.0,0.0,0.0,16.728408177693684,0.07104197326142207,16.718556540352957,0.09415148704755326,16.64044557298933,0.23664804821618535,-0.03506796051014949
2025-09-17,16.94514998008665,17.51655609983605,16.94514998008665,17.41803741455078,32050800,0.0,0.0,16.884067153930665,16.753037929534912,55.75538816817603,0.047733008503200836,-0.03748651908020525,0.2907368213142807,0.03634241488000489,0.0,0.0,0.0,0.0,0.0,0.0,0.0,0.0,0.0,17749400.0,18852800.0,12966900.0,0.0,0.0,0.0,0.0,0.0,0.0,0.0,0.0,0.0,0.0,0.0,0.0,0.0,0.0,0.0,0.0,0.0,0.0,0.0,0.0,0.0,0.0,0.0,0.0,16.964852650960285,0.3984822371307493,16.843815394810267,0.2585812968866135,16.662964003426687,0.2924468765240705,0.006260764166276411
2025-09-18,17.270259335530493,17.339221847548146,17.181592711768502,17.30966567993164,13245800,0.0,0.0,16.982585525512697,16.780623054504396,61.26482062207203,0.08620912223610588,-0.012747390816943024,0.3162794815143979,-0.00622181087569651,0.0,0.0,0.0,0.0,0.0,0.0,0.0,0.0,0.0,32050800.0,17749400.0,18852800.0,0.0,0.0,0.0,0.0,0.0,0.0,0.0,0.0,0.0,0.0,0.0,0.0,0.0,0.0,0.0,0.0,0.0,0.0,0.0,0.0,0.0,0.0,0.0,0.0,17.178308486938477,0.3259061059501584,16.922630037580216,0.3075032175022927,16.703075000217982,0.3397143276900504,0.035356537306376445
2025-09-19,17.28996153636071,17.349073871484904,15.999372284882744,16.718555450439453,54720200,0.0,0.0,16.984555816650392,16.77668228149414,52.5423762183901,0.06821769306751335,0.00344562595994825,0.31655071939696744,-0.03414914189691742,0.0,0.0,0.0,0.0,0.0,0.0,0.0,0.0,0.0,13245800.0,32050800.0,17749400.0,0.0,0.0,0.0,0.0,0.0,0.0,0.0,0.0,0.0,0.0,0.0,0.0,0.0,0.0,0.0,0.0,0.0,0.0,0.0,0.0,0.0,0.0,0.0,0.0,17.148752848307293,0.37648168490017997,16.9212224142892,0.308561192214937,16.713630540030344,0.3375765401050543,-0.010495679086489629
2025-09-22,16.620039225119445,16.92544545081129,16.54122465464776,16.895889282226562,14994200,0.0,0.0,17.02987403869629,16.76732301712036,54.248365599548,0.06749072297180447,0.016254645362319495,0.30970826333842233,0.010607006826205634,0.0,0.0,0.0,0.0,0.0,0.0,0.0,0.0,0.0,54720200.0,13245800.0,32050800.0,0.0,0.0,0.0,0.0,0.0,0.0,0.0,0.0,0.0,0.0,0.0,0.0,0.0,0.0,0.0,0.0,0.0,0.0,0.0,0.0,0.0,0.0,0.0,0.0,16.974703470865887,0.30333411133719623,16.93248176574707,0.30555072775471354,16.731926781790598,0.3401950965966694,0.0159953415880143
2025-09-23,16.856482057030895,16.886036344986014,16.6298885345459,16.6298885345459,11524400,0.0,0.0,16.99440727233887,16.745156288146973,53.89608267122599,0.04493260159497936,0.02199023660885147,0.3024419082520343,-0.015743518629734443,0.0,0.0,0.0,0.0,0.0,0.0,0.0,0.0,0.0,14994200.0,54720200.0,13245800.0,0.0,0.0,0.0,0.0,0.0,0.0,0.0,0.0,0.0,0.0,0.0,0.0,0.0,0.0,0.0,0.0,0.0,0.0,0.0,0.0,0.0,0.0,0.0,0.0,16.748111089070637,0.1354409512401437,16.9212224142892,0.3164296249296296,16.748815536499023,0.3277398676779762,-0.008808105198418015
2025-09-24,16.64959315062133,16.7875200552471,16.5707785818727,16.777667999267578,17049600,0.0,0.0,16.866333389282225,16.735797119140624,56.91824760902825,0.03853548258415174,0.025299285803911525,0.2981513433094565,0.008886377344904828,0.0,0.0,0.0,0.0,0.0,0.0,0.0,0.0,0.0,11524400.0,14994200.0,54720200.0,0.0,0.0,0.0,0.0,0.0,0.0,0.0,0.0,0.0,0.0,0.0,0.0,0.0,0.0,0.0,0.0,0.0,0.0,0.0,0.0,0.0,0.0,0.0,0.0,16.767815272013348,0.13327380319260726,16.936703818184988,0.3044751151162378,16.779778480529785,0.3063508110907414,0.029625074152229924
2025-09-25,16.5018170550631,16.610187798225294,16.24566922155369,16.29492950439453,17831200,0.0,0.0,16.663386154174805,16.695404624938966,52.31216266273044,-0.005424709765588176,0.019154486690011584,0.3005300092583452,-0.028772681334147343,0.0,0.0,0.0,0.0,0.0,0.0,0.0,0.0,0.0,17049600.0,11524400.0,14994200.0,0.0,0.0,0.0,0.0,0.0,0.0,0.0,0.0,0.0,0.0,0.0,0.0,0.0,0.0,0.0,0.0,0.0,0.0,0.0,0.0,0.0,0.0,0.0,0.0,16.567495346069336,0.24734347794973635,16.86351912362235,0.39026644769742913,16.791037831987655,0.28292210713691374,0.001210724835211563
2025-09-26,16.225964404963715,16.354039255709743,16.11759554558735,16.275224685668945,19463500,0.0,0.0,16.574720001220705,16.671760272979736,45.60258306189952,-0.04137653022551291,0.007048283306906685,0.3144451653496593,-0.0012092607531852817,0.0,0.0,0.0,0.0,0.0,0.0,0.0,0.0,0.0,17831200.0,17049600.0,11524400.0,0.0,0.0,0.0,0.0,0.0,0.0,0.0,0.0,0.0,0.0,0.0,0.0,0.0,0.0,0.0,0.0,0.0,0.0,0.0,0.0,0.0,0.0,0.0,0.0,16.44927406311035,0.28456809896556157,16.700260162353516,0.35727505578123947,16.772037778581893,0.3087427211447576,0.012254909811270975
2025-09-29,16.196410741679614,16.23581708867943,15.97966925637388,16.078187942504883,19370300,0.0,0.0,16.411179733276366,16.64713077545166,38.68854998076662,-0.08479041431147039,-0.01131945621676873,0.34094589057552294,-0.012106545191819196,0.0,0.0,0.0,0.0,0.0,0.0,0.0,0.0,0.0,19463500.0,17831200.0,17049600.0,0.0,0.0,0.0,0.0,0.0,0.0,0.0,0.0,0.0,0.0,0.0,0.0,0.0,0.0,0.0,0.0,0.0,0.0,0.0,0.0,0.0,0.0,0.0,0.0,16.216114044189453,0.11985314812166185,16.52433477129255,0.3068179026214157,16.723482404436385,0.36027870001246076,0.0030731427245493936
2025-09-30,16.06833510179051,16.196409951236593,15.969816420467573,16.028928756713867,13331200,0.0,0.0,16.29098777770996,16.616590118408205,38.43649276636373,-0.12176737633010504,-0.03340904023943599,0.3679318022841213,-0.0030637274528177993,0.0,0.0,0.0,0.0,0.0,0.0,0.0,0.0,0.0,19370300.0,19463500.0,17831200.0,0.0,0.0,0.0,0.0,0.0,0.0,0.0,0.0,0.0,0.0,0.0,0.0,0.0,0.0,0.0,0.0,0.0,0.0,0.0,0.0,0.0,0.0,0.0,0.0,16.1274471282959,0.13032755538853139,16.425816672188894,0.342682576234798,16.67351954323905,0.4052389719419135,-0.006108739393054896
2025-10-01,15.979668169605933,16.15700141676388,15.969816113754101,16.1274471282959,15899200,0.0,0.0,16.160943603515626,16.603290176391603,38.6364050656145,-0.14149125281302943,-0.055025482754154684,0.38099814860378584,0.006146285449098787,0.0,0.0,0.0,0.0,0.0,0.0,0.0,0.0,0.0,13331200.0,19370300.0,19463500.0,0.0,0.0,0.0,0.0,0.0,0.0,0.0,0.0,0.0,0.0,0.0,0.0,0.0,0.0,0.0,0.0,0.0,0.0,0.0,0.0,0.0,0.0,0.0,0.0,16.078187942504883,0.04925918579095618,16.31603922162737,0.28527372638172716,16.62426049368722,0.4277363505778589,0.013622311991097868
2025-10-02,16.07818772046405,16.18655846162031,15.792485601626119,15.910706520080566,13738800,0.0,0.0,16.08409900665283,16.581616163253784,37.30410957573904,-0.17262184555257676,-0.0785447553138391,0.4078941097804658,-0.013439238491444572,0.0,0.0,0.0,0.0,0.0,0.0,0.0,0.0,0.0,15899200.0,13331200.0,19370300.0,0.0,0.0,0.0,0.0,0.0,0.0,0.0,0.0,0.0,0.0,0.0,0.0,0.0,0.0,0.0,0.0,0.0,0.0,0.0,0.0,0.0,0.0,0.0,0.0,16.022360801696777,0.1085194744606333,16.21329893384661,0.2828989320037566,16.567260674067906,0.4669872234406704,-0.004929134925279577
2025-10-03,15.999373082956797,16.009225139302266,15.831891883259054,15.989521026611328,15110100,0.0,0.0,16.02695827484131,16.57422728538513,39.3188948201889,-0.18875751346797287,-0.10058730694466586,0.41758964498296886,0.004953551649720334,0.0,0.0,0.0,0.0,0.0,0.0,0.0,0.0,0.0,13738800.0,15899200.0,13331200.0,0.0,0.0,0.0,0.0,0.0,0.0,0.0,0.0,0.0,0.0,0.0,0.0,0.0,0.0,0.0,0.0,0.0,0.0,0.0,0.0,0.0,0.0,0.0,0.0,16.009224891662598,0.10970553557524405,16.100706509181432,0.14318726985535937,16.51870516368321,0.4903190791684951,-0.027561409363703437
2025-10-06,16.245667798490665,16.472259442446944,16.147149120526528,16.442705154418945,21090500,0.0,0.0,16.099861717224123,16.569301271438597,44.788751827639864,-0.1630968953604217,-0.11308922462781704,0.4185793489996924,0.028342570553138158,0.0,0.0,0.0,0.0,0.0,0.0,0.0,0.0,0.0,15110100.0,13738800.0,15899200.0,0.0,0.0,0.0,0.0,0.0,0.0,0.0,0.0,0.0,0.0,0.0,0.0,0.0,0.0,0.0,0.0,0.0,0.0,0.0,0.0,0.0,0.0,0.0,0.0,16.11431090037028,0.28711499643705524,16.121817316327775,0.18217958343254956,16.492668219975062,0.48344988629101965,0.018303856347400504
2025-10-07,16.22596461071304,16.22596461071304,16.0190770663904,16.14715003967285,15178500,0.0,0.0,16.123505973815917,16.53876061439514,30.030982484616658,-0.16471081459652837,-0.12341354262155932,0.42630162713450426,-0.017974847324113474,0.0,0.0,0.0,0.0,0.0,0.0,0.0,0.0,0.0,21090500.0,15110100.0,13738800.0,0.0,0.0,0.0,0.0,0.0,0.0,0.0,0.0,0.0,0.0,0.0,0.0,0.0,0.0,0.0,0.0,0.0,0.0,0.0,0.0,0.0,0.0,0.0,0.0,16.193125406901043,0.23006360906933238,16.103520938328334,0.17024542455259312,16.401890550340926,0.4100765196514908,-0.020908018803824313
2025-10-08,16.43285388224803,16.541224621084552,16.344187255761344,16.49196434020996,13231300,0.0,0.0,16.19640941619873,16.52693839073181,38.04037323567253,-0.13659168102531183,-0.12604917030230983,0.4240380209534879,0.02135449907196718,0.0,0.0,0.0,0.0,0.0,0.0,0.0,0.0,0.0,15178500.0,21090500.0,15110100.0,0.0,0.0,0.0,0.0,0.0,0.0,0.0,0.0,0.0,0.0,0.0,0.0,0.0,0.0,0.0,0.0,0.0,0.0,0.0,0.0,0.0,0.0,0.0,0.0,16.360606511433918,0.18649226753059958,16.162631852286204,0.22349080601223387,16.343483311789377,0.3189422060147434,-0.018757294884998332
2025-10-09,16.71855574119223,16.925445159549895,16.62988911605145,16.807222366333008,21105900,0.0,0.0,16.375712585449218,16.526445817947387,51.41066334891061,-0.08785563205769975,-0.11841046265338782,0.42368883238074806,0.019115856645069096,0.0,0.0,0.0,0.0,0.0,0.0,0.0,0.0,0.0,13231300.0,15178500.0,21090500.0,0.0,0.0,0.0,0.0,0.0,0.0,0.0,0.0,0.0,0.0,0.0,0.0,0.0,0.0,0.0,0.0,0.0,0.0,0.0,0.0,0.0,0.0,0.0,0.0,16.482112248738606,0.3301464324892847,16.273816653660365,0.31905454989943643,16.34981666292463,0.32772255420063,0.028950491692099067
2025-10-10,16.748112294288482,16.817074808963888,16.334335327148438,16.334335327148438,15132700,0.0,0.0,16.44467544555664,16.50772738456726,41.83382288901649,-0.086394096738168,-0.11200718947034387,0.4234826231256465,-0.028135942327497387,0.0,0.0,0.0,0.0,0.0,0.0,0.0,0.0,0.0,21105900.0,13231300.0,15178500.0,0.0,0.0,0.0,0.0,0.0,0.0,0.0,0.0,0.0,0.0,0.0,0.0,0.0,0.0,0.0,0.0,0.0,0.0,0.0,0.0,0.0,0.0,0.0,0.0,16.5445073445638,0.24078229469185883,16.303372110639298,0.312756196712895,16.309705666133336,0.28766257212616014,-0.011918958833302518
2025-10-13,16.42300133471829,16.61018663826624,16.393445167077815,16.5313720703125,9959800,0.0,0.0,16.462408828735352,16.50083107948303,48.53803966944769,-0.06854644030392976,-0.10331503963706104,0.4218328355013577,0.012062734064028913,0.0,0.0,0.0,0.0,0.0,0.0,0.0,0.0,0.0,15132700.0,21105900.0,13231300.0,0.0,0.0,0.0,0.0,0.0,0.0,0.0,0.0,0.0,0.0,0.0,0.0,0.0,0.0,0.0,0.0,0.0,0.0,0.0,0.0,0.0,0.0,0.0,0.0,16.55764325459798,0.23753561690829156,16.39203861781529,0.2676017254031619,16.30266877583095,0.28033942286973057,0.01820389547104151
2025-10-14,16.45255843909514,16.45255843909514,16.166854439566404,16.235816955566406,19181600,0.0,0.0,16.480142211914064,16.472260808944704,42.2969129191014,-0.07735912387162358,-0.09812385648397356,0.4193320213889199,-0.017878438249953832,0.0,0.0,0.0,0.0,0.0,0.0,0.0,0.0,0.0,9959800.0,15132700.0,21105900.0,0.0,0.0,0.0,0.0,0.0,0.0,0.0,0.0,0.0,0.0,0.0,0.0,0.0,0.0,0.0,0.0,0.0,0.0,0.0,0.0,0.0,0.0,0.0,0.0,16.36717478434245,0.15048929837279457,16.427223750523158,0.21732577014471685,16.263965129852295,0.24487764430313333,0.002433115238937189
2025-10-15,16.304778078884212,16.4230008669916,16.196409225463867,16.196409225463867,23613300,0.0,0.0,16.421031188964843,16.411179399490358,48.39740447347943,-0.08652569916649355,-0.09580422502047756,0.35894065451861323,-0.0024272095583726117,0.0,0.0,0.0,0.0,0.0,0.0,0.0,0.0,0.0,19181600.0,9959800.0,15132700.0,0.0,0.0,0.0,0.0,0.0,0.0,0.0,0.0,0.0,0.0,0.0,0.0,0.0,0.0,0.0,0.0,0.0,0.0,0.0,0.0,0.0,0.0,0.0,0.0,16.321199417114258,0.18307826307960195,16.39203861781529,0.23372086569953418,16.256927967071533,0.24533454291574147,0.0230242972371264
2025-10-16,15.959965906618065,16.048632530028303,15.585595301310935,15.831891059875488,30758900,0.0,0.0,16.22596492767334,16.337290668487547,43.51583293975669,-0.12179981325737188,-0.10100334266785642,0.3134725681565983,-0.02250610987374202,0.0,0.0,0.0,0.8749,0.0,1.0,0.0,1.0,0.0,23613300.0,19181600.0,9959800.0,0.0,0.0,0.0,0.0,0.0,0.0,0.0,0.0,0.0,0.0,0.0,0.0,0.0,0.0,0.0,0.0,0.0,0.0,0.0,0.0,0.0,0.0,0.0,0.0,16.08803908030192,0.22270406052480882,16.34700162070138,0.3075031738530164,16.225261279514857,0.2701481343599054,-0.01592166279420204
2025-10-17,15.900854089443952,16.14714985602933,15.900854089443952,16.08803939819336,12874600,0.0,0.0,16.176705741882323,16.305764865875243,50.14163762158486,-0.12761470969344302,-0.10632561607297375,0.3046932716447971,0.016179263573070868,0.0,0.0,0.0,0.0,0.0,0.0,0.0,0.0,0.0,30758900.0,23613300.0,19181600.0,0.0,0.0,0.0,0.0,0.0,0.0,0.0,0.0,0.0,0.8749,0.0,0.0,0.0,0.0,0.0,1.0,0.0,0.0,0.0,0.0,0.0,1.0,0.0,0.0,16.038779894510906,0.1871850616054996,16.289298057556152,0.3136049919403538,16.225964954921178,0.26974810678780486,-0.034299186876820875
2025-10-20,16.127446952376708,16.669296864704325,16.10774284088798,16.65944480895996,19872900,0.0,0.0,16.202320289611816,16.293942642211913,57.881758834945906,-0.08513404353868737,-0.10208730156611648,0.28450965961273156,0.03551740498787992,0.0,0.0,0.0,0.0,0.0,0.0,0.0,0.0,0.0,12874600.0,30758900.0,23613300.0,0.0,0.0,0.0,0.0,0.0,0.0,0.0,0.0,0.0,0.0,0.8749,0.0,0.0,0.0,0.0,0.0,1.0,0.0,0.0,0.0,0.0,0.0,1.0,0.0,16.1931250890096,0.4236667956267993,16.268186977931432,0.2755999002152146,16.2710018157959,0.28643936010585025,-0.028719146739093593
2025-10-21,16.511668063297726,17.152036666870117,16.4722598395271,17.152036666870117,24526800,0.0,0.0,16.385564231872557,16.320050048828126,61.659181534919384,-0.011586204825874802,-0.08398708221806815,0.3362175799921406,0.02956832376822227,0.0,0.0,0.0,0.0,0.0,0.0,0.0,0.0,0.0,19872900.0,12874600.0,30758900.0,0.0,0.0,0.0,0.0,0.0,0.0,0.0,0.0,0.0,0.0,0.0,0.8749,0.0,0.0,0.0,0.0,0.0,1.0,0.0,0.0,0.0,0.0,0.0,1.0,16.63317362467448,0.5324849089699275,16.38500145503453,0.4353211734069832,16.344186782836914,0.36661103891695546,-0.0034344393444831756
2025-10-22,17.152036851146143,17.29981393369859,17.112630506039682,17.21114730834961,23013100,0.0,0.0,16.588511848449706,16.341724014282228,65.34882731447891,0.050884161062310085,-0.05701283356199251,0.3785740477253424,0.003446275368199636,0.0,0.0,0.0,0.0,0.0,0.0,0.0,0.0,0.0,24526800.0,19872900.0,12874600.0,0.0,0.0,0.0,0.0,0.0,0.0,0.0,0.0,0.0,0.0,0.0,0.0,0.0,0.0,0.0,0.0,0.0,0.0,0.0,0.0,0.0,0.0,0.0,0.0,17.007542928059895,0.30290715140898183,16.482112203325546,0.5372935690408541,16.43707541057042,0.4104562896668382,-0.0034227944059311843
2025-10-23,17.24070368866849,17.38848077303956,17.092926604297418,17.270259857177734,14138800,0.0,0.0,16.876185607910156,16.390490531921387,65.18692000968016,0.10396383440187762,-0.024817499969218483,0.4313670743080653,0.0034345501650228094,0.0,0.0,0.0,0.0,0.0,0.0,0.0,0.0,0.0,23013100.0,24526800.0,19872900.0,0.0,0.0,0.0,0.0,0.0,0.0,0.0,0.0,0.0,0.0,0.0,0.0,0.0,0.0,0.0,0.0,0.0,0.0,0.0,0.0,0.0,0.0,0.0,0.0,17.211147944132488,0.05911159515629256,16.629889760698592,0.5971814640400229,16.528556755610875,0.44435730936794776,0.0028605247474100537
2025-10-24,17.27025904256329,17.329369497706043,17.152036253190293,17.220998764038086,8492500,0.0,0.0,17.1027774810791,16.437779235839844,60.20669527192757,0.14043604016502442,0.008233208057630097,0.46832325661710034,-0.0028523654853505054,0.0,0.0,0.0,0.0,0.0,0.0,0.0,0.0,0.0,14138800.0,23013100.0,24526800.0,0.0,0.0,0.0,0.0,0.0,0.0,0.0,0.0,0.0,0.0,0.0,0.0,0.0,0.0,0.0,0.0,0.0,0.0,0.0,0.0,0.0,0.0,0.0,0.0,17.234135309855144,0.03167017499529416,16.776259694780624,0.5987889976356836,16.584149156297958,0.4800426797101314,0.01062193889589591
2025-10-27,17.200000762939453,17.270000457763672,16.889999389648438,17.040000915527344,11499700,0.259,0.0,17.178888702392577,16.485869884490967,62.07173552457305,0.15297214462628972,0.037180995371362026,0.4787218522477113,-0.010510299140646384,0.0,0.0,0.0,0.0,0.0,0.0,0.0,0.0,0.0,8492500.0,14138800.0,23013100.0,0.0,0.0,0.0,0.0,0.0,0.0,0.0,0.0,0.0,0.0,0.0,0.0,0.0,0.0,0.0,0.0,0.0,0.0,0.0,0.0,0.0,0.0,0.0,0.0,17.177086512247723,0.12124771934125333,16.9488468170166,0.4321482561447665,16.647924218858993,0.4768182724669485,0.008881085334487393
2025-10-28,16.989999771118164,17.110000610351562,16.889999389648438,16.889999389648438,15833300,0.0,0.0,17.12648124694824,16.528923416137694,55.68087159055148,0.1490846728990327,0.05956173087689616,0.4741624724606329,-0.008802905975328956,0.0,0.0,0.0,0.0,0.0,0.0,0.0,0.0,0.0,11499700.0,8492500.0,14138800.0,0.0,0.0,0.0,0.0,0.0,0.0,0.0,0.0,0.0,0.0,0.0,0.0,0.0,0.0,0.0,0.0,0.0,0.0,0.0,0.0,0.0,0.0,0.0,0.0,17.05033302307129,0.16574139735232124,17.063412530081614,0.2202684653136669,16.676355293818883,0.4786667368604329,0.0005924306504161425
2025-10-29,17.100000381469727,17.190000534057617,16.780000686645508,16.8799991607666,13848200,0.0,0.0,17.06025161743164,16.56655101776123,51.13783636937278,0.14354222325435373,0.07635782935238768,0.4704714990080287,-0.0005920798841452246,0.128,0.0,1.0,0.0,0.0,0.0,0.0,0.0,0.0,15833300.0,11499700.0,8492500.0,0.0,0.0,0.0,0.0,0.0,0.0,0.0,0.0,0.0,0.0,0.0,0.0,0.0,0.0,0.0,0.0,0.0,0.0,0.0,0.0,0.0,0.0,0.0,0.0,16.93666648864746,0.08962981634678441,17.094920294625418,0.16052546559100594,16.681553636278426,0.48058860544388043,0.014423063697193816
2025-10-30,16.739999771118164,16.790000915527344,16.56999969482422,16.639999389648438,14127400,0.0,0.0,16.93419952392578,16.603015661239624,55.15428173712572,0.11841875847767724,0.08477001517744559,0.44451004665178917,-0.014217996626207485,0.0,0.0,0.0,0.0,0.0,0.0,0.0,0.0,0.0,13848200.0,15833300.0,11499700.0,0.128,0.0,0.0,0.0,0.0,0.0,1.0,0.0,0.0,0.0,0.0,0.0,0.0,0.0,0.0,0.0,0.0,0.0,0.0,0.0,0.0,0.0,0.0,0.0,16.803332646687824,0.14153909631523676,17.021772112165177,0.23124543391718586,16.703386783599854,0.4704370220732463,0.004224483772687249
2025-10-31,16.549999237060547,16.649999618530273,16.399999618530273,16.56999969482422,13459400,0.0,0.0,16.80399971008301,16.63203959465027,50.680516698062554,0.09180160946749538,0.08617633403545555,0.4206549444191495,-0.004206712583641359,0.0,0.0,0.0,0.0,0.0,0.0,0.0,0.0,0.0,14127400.0,13848200.0,15833300.0,0.0,0.128,0.0,0.0,0.0,0.0,0.0,1.0,0.0,0.0,0.0,0.0,0.0,0.0,0.0,0.0,0.0,0.0,0.0,0.0,0.0,0.0,0.0,0.0,16.696666081746418,0.16258306405073855,16.930179595947266,0.2678176410655815,16.706145899636404,0.4694628164475562,0.00975014313832201
2025-11-03,16.639999389648438,16.65999984741211,16.329999923706055,16.40999984741211,12273800,0.0,0.0,16.67799949645996,16.630404329299928,53.2225599664624,0.05713802501390575,0.0803686722311456,0.4214924423535364,-0.009655995797156591,0.34,0.0,1.0,0.0,0.0,0.0,0.0,0.0,0.0,13459400.0,14127400.0,13848200.0,0.0,0.0,0.128,0.0,0.0,0.0,0.0,0.0,1.0,0.0,0.0,0.0,0.0,0.0,0.0,0.0,0.0,0.0,0.0,0.0,0.0,0.0,0.0,0.0,16.53999964396159,0.11789804767696827,16.80728530883789,0.282715722730529,16.71858753476824,0.4582126997686696,0.0067485040184209755
2025-11-04,16.360000610351562,16.399999618530273,16.270000457763672,16.299999237060547,10752700,0.0,0.0,16.559999465942383,16.638046789169312,51.86773347786135,0.020553822977905867,0.06840570238049766,0.4135804111300472,-0.0067032669941742284,-0.1027,0.0,1.0,0.0,0.0,0.0,0.0,0.0,0.0,12273800.0,13459400.0,14127400.0,0.34,0.0,0.0,0.0,0.0,0.0,1.0,0.0,0.0,0.0,0.0,0.0,0.0,0.0,0.0,0.0,0.0,0.0,0.0,0.0,0.0,0.0,0.0,0.0,16.426666259765625,0.13576961653363945,16.6757139478411,0.27220465757650525,16.725986821310862,0.44989271379808693,-0.007308211856018598
2025-11-05,16.350000381469727,16.5,16.31999969482422,16.420000076293945,9322900,0.0,0.0,16.46799964904785,16.63444857597351,61.62900378319726,0.0012294715440681614,0.05497045621321176,0.4152280107475016,0.007362015021482815,0.0,0.0,0.0,0.0,0.0,0.0,0.0,0.0,0.0,10752700.0,12273800.0,13459400.0,-0.1027,0.34,0.0,0.0,0.0,0.0,1.0,1.0,0.0,0.0,0.0,0.0,0.0,0.0,0.0,0.0,0.0,0.0,0.0,0.0,0.0,0.0,0.0,0.0,16.3766663869222,0.06658370705619064,16.587142399379186,0.2317838103833941,16.767994608197892,0.38237722014877523,0.014833112891931899
2025-11-06,16.450000762939453,16.450000762939453,16.170000076293945,16.18000030517578,10341600,0.0,0.0,16.37599983215332,16.60308747291565,51.830081137873655,-0.03306998179436604,0.0373623686116962,0.42506184006893255,-0.014616307551950536,0.2732,0.0,1.0,0.0,0.0,0.0,0.0,0.0,0.0,9322900.0,10752700.0,12273800.0,0.0,-0.1027,0.34,0.0,0.0,0.0,0.0,1.0,1.0,0.0,0.0,0.0,0.0,0.0,0.0,0.0,0.0,0.0,0.0,0.0,0.0,0.0,0.0,0.0,16.299999872843426,0.1199998855603055,16.485713958740234,0.23251187670716283,16.774563244410924,0.3704004647138969,-0.0193939208984375
2025-11-07,16.270000457763672,16.510000228881836,16.270000457763672,16.5,8094500,0.0,0.0,16.361999893188475,16.611370706558226,46.47413862187936,-0.03403886579953053,0.023082121729450858,0.4211451094962185,0.01977748385590905,0.0,0.0,0.0,0.0,0.0,0.0,0.0,0.0,0.0,10341600.0,9322900.0,10752700.0,0.2732,0.0,-0.1027,0.0,0.0,0.0,1.0,0.0,1.0,0.0,0.0,0.0,0.0,0.0,0.0,0.0,0.0,0.0,0.0,0.0,0.0,0.0,0.0,0.0,16.366666793823242,0.16653312113875007,16.431428364345006,0.15731360768929378,16.763174329485214,0.37661154982694667,-0.015513139936226716
2025-11-10,16.770000457763672,16.889999389648438,16.6200008392334,16.760000228881836,9889900,0.0,0.0,16.431999969482423,16.622802114486696,40.33671521659411,-0.013669296652899732,0.01573183805298074,0.4219614769869705,0.01575758962920215,0.0,0.0,0.0,0.0,0.0,0.0,0.0,0.0,0.0,8094500.0,10341600.0,9322900.0,0.0,0.2732,0.0,0.0,0.0,0.0,0.0,1.0,0.0,0.0,0.0,0.0,0.0,0.0,0.0,0.0,0.0,0.0,0.0,0.0,0.0,0.0,0.0,0.0,16.480000178019207,0.2905167336560755,16.448571341378347,0.18747704433852228,16.735171726771764,0.35966752701688437,-0.014697236721697204
2025-11-11,16.90999984741211,17.09000015258789,16.8799991607666,17.010000228881836,9370300,0.0,0.0,16.57400016784668,16.661511278152467,45.468381931451866,0.02238856289677571,0.017063183021739734,0.4200986821846319,0.014916467576723935,0.0,0.0,0.0,0.0,0.0,0.0,0.0,0.0,0.0,9889900.0,8094500.0,10341600.0,0.0,0.0,0.2732,0.0,0.0,0.0,0.0,0.0,1.0,0.0,0.0,0.0,0.0,0.0,0.0,0.0,0.0,0.0,0.0,0.0,0.0,0.0,0.0,0.0,16.75666681925456,0.2550164545273077,16.511428560529435,0.283926690547172,16.720804078238352,0.3428138573906935,-0.004681095552473757
2025-11-12,17.149999618530273,17.280000686645508,17.049999237060547,17.09000015258789,10919500,0.0,0.0,16.70800018310547,16.706190824508667,45.976814792489336,0.05676564263564643,0.025003674944521076,0.4155233042764719,0.004703111265702331,0.0,0.0,0.0,0.0,0.0,0.0,0.0,0.0,0.0,9370300.0,9889900.0,8094500.0,0.0,0.0,0.0,0.0,0.0,0.0,0.0,0.0,0.0,0.0,0.0,0.0,0.0,0.0,0.0,0.0,0.0,0.0,0.0,0.0,0.0,0.0,0.0,0.0,16.953333536783855,0.17214332083030534,16.608571461268834,0.351683165831211,16.70792838505336,0.32342643323582826,0.007665157731892469
2025-11-13,17.059999465942383,17.170000076293945,16.950000762939453,16.959999084472656,10304900,0.0,0.0,16.863999938964845,16.762596225738527,44.37743297780458,0.07268189463114183,0.03453931888184523,0.3639635522650316,-0.0076068500265957795,0.0,0.0,0.0,0.0,0.0,1.0,5.0,0.0,0.0,10919500.0,9370300.0,9889900.0,0.0,0.0,0.0,0.0,0.0,0.0,0.0,0.0,0.0,0.0,0.0,0.0,0.0,0.0,0.0,0.0,0.0,0.0,0.0,0.0,0.0,0.0,0.0,0.0,17.019999821980793,0.06557486808506088,16.702857153756277,0.3435458021179884,16.68928555079869,0.2981085502155473,0.018618586969658235
2025-11-14,16.65999984741211,16.739999771118164,16.579999923706055,16.649999618530273,11248600,0.0,0.0,16.8939998626709,16.79069423675537,42.0407985320438,0.059594306807355224,0.039550316466947226,0.32917608454372355,-0.018278271384235878,0.0,0.0,0.0,0.0,0.0,0.0,0.0,0.0,0.0,10304900.0,10919500.0,9370300.0,0.0,0.0,0.0,0.0,0.0,0.0,0.0,0.0,0.0,0.0,0.0,0.0,0.0,0.0,0.0,1.0,0.0,0.0,5.0,0.0,0.0,0.0,0.0,0.0,16.899999618530273,0.22605324467426827,16.735714231218612,0.32232772889856104,16.6614283152989,0.28051751072352415,-0.0071556849110188114
2025-11-17,16.729999542236328,16.889999389648438,16.65999984741211,16.770000457763672,10426600,0.0,0.0,16.895999908447266,16.796222019195557,47.52068525778348,0.05823407780383505,0.04328706873432479,0.32778135288581217,0.007207257776741693,0.3818,0.0,1.0,0.0,0.0,0.0,0.0,0.0,0.0,11248600.0,10304900.0,10919500.0,0.0,0.0,0.0,0.0,0.0,0.0,0.0,0.0,0.0,0.0,0.0,0.0,0.0,0.0,0.0,0.0,1.0,0.0,0.0,5.0,0.0,0.0,0.0,0.0,16.793333053588867,0.15631130714726374,16.819999967302596,0.21055481055363004,16.652856963021414,0.27477061491427296,-0.010619486553023916
2025-11-18,16.639999389648438,16.989999771118164,16.610000610351562,16.950000762939453,14371300,0.0,0.0,16.88400001525879,16.786120223999024,51.35138120651855,0.07086373380878896,0.048802401749217635,0.31924043108086503,0.010733470498651698,0.0,0.0,0.0,0.0,0.0,0.0,0.0,0.0,0.0,10426600.0,11248600.0,10304900.0,0.3818,0.0,0.0,0.0,0.0,0.0,1.0,0.0,0.0,0.0,0.0,0.0,0.0,0.0,0.0,0.0,0.0,1.0,0.0,0.0,5.0,0.0,0.0,0.0,16.790000279744465,0.15099723944874374,16.88428579057966,0.15893999274114434,16.65785707746233,0.2798126329797911,-0.020797152750422154
2025-11-19,17.290000915527344,17.3700008392334,17.229999542236328,17.309999465942383,7807700,0.0,0.0,16.927999877929686,16.791062831878662,62.361620499697004,0.1086690447780434,0.06077573035498279,0.3268419426598628,0.021238860578109975,0.4588,0.0,1.0,0.0,0.0,0.0,0.0,0.0,0.0,14371300.0,10426600.0,11248600.0,0.0,0.3818,0.0,0.0,0.0,0.0,0.0,1.0,0.0,0.0,0.0,0.0,0.0,0.0,0.0,0.0,0.0,0.0,0.0,0.0,0.0,0.0,0.0,0.0,17.010000228881836,0.2749539673172869,16.96285711015974,0.21375320444995125,16.705714225769043,0.32942174619939346,0.010507899240768337
2025-11-20,17.270000457763672,17.280000686645508,17.0,17.1299991607666,12455000,0.0,0.0,16.961999893188477,16.784049797058106,59.92906290391635,0.12269119803305983,0.0731588238905982,0.3173866848754596,-0.010398631469049624,0.0,0.0,0.0,0.0,0.0,0.0,0.0,0.0,0.0,7807700.0,14371300.0,10426600.0,0.4588,0.0,0.3818,0.0,0.0,0.0,1.0,0.0,1.0,0.0,0.0,0.0,0.0,0.0,0.0,0.0,0.0,0.0,0.0,0.0,0.0,0.0,0.0,0.0,17.12999979654948,0.17999935150227755,16.979999814714706,0.22278520285907086,16.74571418762207,0.3452916542218742,-0.03220347896065234
2025-11-21,17.219999313354492,17.760000228881836,17.100000381469727,17.700000762939453,16657000,0.0,0.0,17.172000122070312,16.807999897003175,69.96903366614465,0.17774923852832458,0.09407690681814349,0.3663850055391824,0.03327505137760567,0.0,0.0,0.0,0.0,0.0,0.0,0.0,0.0,0.0,12455000.0,7807700.0,14371300.0,0.0,0.4588,0.0,0.0,0.0,0.0,0.0,1.0,0.0,0.0,0.0,0.0,0.0,0.0,0.0,0.0,0.0,0.0,0.0,0.0,0.0,0.0,0.0,0.0,17.37999979654948,0.2913768888119312,17.067142759050643,0.3537757108577189,16.83785711015974,0.4140825390922379,0.024898685221659944
2025-11-24,17.520000457763672,17.579999923706055,17.260000228881836,17.270000457763672,12775000,0.0,0.0,17.272000122070313,16.81949987411499,63.661977279467706,0.18455822894759066,0.11217317124403292,0.3774914798250982,-0.024293801505145818,0.0,0.0,0.0,0.0,0.0,0.0,0.0,0.0,0.0,16657000.0,12455000.0,7807700.0,0.0,0.0,0.4588,0.0,0.0,0.0,0.0,0.0,1.0,0.0,0.0,0.0,0.0,0.0,0.0,0.0,0.0,0.0,0.0,0.0,0.0,0.0,0.0,0.0,17.366666793823242,0.2970416503039257,17.111428669520787,0.3575113768397652,16.907142911638534,0.39800328647325467,-0.000578716926184164
2025-11-25,17.34000015258789,17.34000015258789,17.059999465942383,17.280000686645508,10433200,0.0,0.0,17.338000106811524,16.838999938964843,62.50000000000001,0.18858741942679202,0.12745602088058475,0.39115095319610177,0.0005790520333970317,0.0,0.0,0.0,0.0,0.0,0.0,0.0,0.0,0.0,12775000.0,16657000.0,12455000.0,0.0,0.0,0.0,0.0,0.0,0.0,0.0,0.0,0.0,0.0,0.0,0.0,0.0,0.0,0.0,0.0,0.0,0.0,0.0,0.0,0.0,0.0,0.0,0.0,17.416667302449543,0.2454249142187914,17.201428822108678,0.2959971483583823,16.968571526663645,0.38312200712913635,-0.00803670430742165
2025-11-26,17.3799991607666,17.700000762939453,17.350000381469727,17.420000076293945,8260000,0.0,0.0,17.360000228881837,16.86599998474121,68.56285937652581,0.2007630906924014,0.1421174348429481,0.41220092631779615,0.008101816208643697,0.6486,0.0,1.0,0.0,0.0,0.0,0.0,0.0,0.0,10433200.0,12775000.0,16657000.0,0.0,0.0,0.0,0.0,0.0,0.0,0.0,0.0,0.0,0.0,0.0,0.0,0.0,0.0,0.0,0.0,0.0,0.0,0.0,0.0,0.0,0.0,0.0,0.0,17.323333740234375,0.08386469185418349,17.294285910470144,0.23344226930859685,17.05714293888637,0.32584644492166775,-0.0034324638165698085
2025-11-28,17.610000610351562,17.610000610351562,17.40999984741211,17.479999542236328,3688900,0.0,0.0,17.43000030517578,16.907999992370605,65.90907401994541,0.21280081799057626,0.15625411147247373,0.43035613430178077,0.003444286204340008,0.0,0.0,1.0,0.0,0.0,0.0,0.0,0.0,0.0,8260000.0,10433200.0,12775000.0,0.6486,0.0,0.0,0.0,0.0,0.0,1.0,0.0,0.0,0.0,0.0,0.0,0.0,0.0,0.0,0.0,0.0,0.0,0.0,0.0,0.0,0.0,0.0,0.0,17.393333435058594,0.10263146630288003,17.37000002179827,0.18384806328133202,17.127142906188965,0.3012903391973801,0.0017191276782397846
2025-12-01,17.510000228881836,17.579999923706055,17.399999618530273,17.450000762939453,5508400,0.0,0.0,17.38000030517578,16.952000045776366,62.10527090704789,0.21741394025474747,0.16848607722892847,0.4388814840894057,-0.0017161773502561983,0.0,0.0,0.0,0.0,0.0,0.0,0.0,0.0,0.0,3688900.0,8260000.0,10433200.0,0.0,0.6486,0.0,0.0,0.0,0.0,1.0,1.0,0.0,0.0,0.0,0.0,0.0,0.0,0.0,0.0,0.0,0.0,0.0,0.0,0.0,0.0,0.0,0.0,17.450000127156574,0.02999973297605315,17.390000207083567,0.1838480632813313,17.176428658621653,0.29293246072234136,0.0022975827615121514
2025-12-02,17.5,17.510000228881836,17.34000015258789,17.40999984741211,6642800,0.0,0.0,17.408000183105468,17.002000045776366,57.575746629088066,0.21535960186973568,0.17786078215708992,0.430771754664955,-0.0022923159758421185,0.0,0.0,0.0,0.0,0.0,0.0,0.0,0.0,0.0,5508400.0,3688900.0,8260000.0,0.0,0.0,0.6486,0.0,0.0,0.0,0.0,1.0,1.0,0.0,0.0,0.0,0.0,0.0,0.0,0.0,0.0,0.0,0.0,0.0,0.0,0.0,0.0,0.0,17.446666717529297,0.035118744467267635,17.43000030517578,0.1439907687026166,17.20500005994524,0.29495124414045115,-0.014156285513028166
2025-12-03,17.6200008392334,17.719999313354492,17.510000228881836,17.65999984741211,7412700,0.0,0.0,17.48400001525879,17.070000076293944,60.14233836755473,0.23123885695988733,0.1885363971176494,0.42136372013240353,0.014359563595123248,0.0,0.0,0.0,0.0,0.0,0.0,0.0,0.0,0.0,6642800.0,5508400.0,3688900.0,0.0,0.0,0.0,0.0,0.0,0.0,0.0,0.0,1.0,0.0,0.0,0.0,0.0,0.0,0.0,0.0,0.0,0.0,0.0,0.0,0.0,0.0,0.0,0.0,17.50666681925456,0.1342880540246166,17.424285888671875,0.131764315587776,17.245714323861257,0.31641547459916025,-0.034445108615625775
2025-12-04,17.799999237060547,18.31999969482422,17.790000915527344,18.290000915527344,18299700,0.0,0.0,17.658000183105468,17.163500118255616,70.0906537650816,0.2913011635957261,0.20908935041326476,0.47375638859883995,0.03567389997500792,0.0,0.0,0.0,0.0,0.0,0.0,0.0,0.0,0.0,7412700.0,6642800.0,5508400.0,0.0,0.0,0.0,0.0,0.0,0.0,0.0,0.0,0.0,0.0,0.0,0.0,0.0,0.0,0.0,0.0,0.0,0.0,0.0,0.0,0.0,0.0,0.0,0.0,17.786666870117188,0.45346871000291,17.57000023978097,0.33694728021672904,17.34071445465088,0.4098869190182505,0.012174943243974612
2025-12-05,18.149999618530273,18.229999542236328,18.030000686645508,18.06999969482422,9198300,0.0,0.0,17.776000213623046,17.258000087738036,72.04966920564931,0.31748890003671093,0.230769260337954,0.4553958321223376,-0.01202849697598185,0.0,0.0,0.0,0.0,0.0,0.0,0.0,0.0,0.0,18299700.0,7412700.0,6642800.0,0.0,0.0,0.0,0.0,0.0,0.0,0.0,0.0,0.0,0.0,0.0,0.0,0.0,0.0,0.0,0.0,0.0,0.0,0.0,0.0,0.0,0.0,0.0,0.0,18.00666681925456,0.31973993542020057,17.682857240949357,0.3554207865587928,17.442143031529017,0.401424014532278,0.019751715295268202
2025-12-08,18.059999465942383,18.06999969482422,17.700000762939453,17.719999313354492,7209500,0.0,0.0,17.829999923706055,17.319000053405762,63.76808869993559,0.30646799188848206,0.24590900664805962,0.42949058868456125,-0.019369141526326517,0.5859,0.0,1.0,0.0,0.0,0.0,0.0,0.0,0.0,9198300.0,18299700.0,7412700.0,0.0,0.0,0.0,0.0,0.0,0.0,0.0,0.0,0.0,0.0,0.0,0.0,0.0,0.0,0.0,0.0,0.0,0.0,0.0,0.0,0.0,0.0,0.0,0.0,18.02666664123535,0.28746090476775127,17.72571427481515,0.3359990526221446,17.51000009264265,0.35688831007020566,-0.001690179529324376
2025-12-09,17.739999771118164,18.020000457763672,17.729999542236328,17.75,16529000,0.0,0.0,17.897999954223632,17.36850004196167,62.12118935214941,0.29673408168266135,0.25607402165497994,0.41858510562742807,0.00169304107268764,0.0,0.0,0.0,0.0,0.0,0.0,0.0,0.0,0.0,7209500.0,9198300.0,18299700.0,0.5859,0.0,0.0,0.0,0.0,0.0,1.0,0.0,0.0,0.0,0.0,0.0,0.0,0.0,0.0,0.0,0.0,0.0,0.0,0.0,0.0,0.0,0.0,0.0,17.84666633605957,0.1939931755310296,17.764285768781388,0.31811212011695567,17.56714289528983,0.322739113977673,-0.017708893205785503
2025-12-10,17.639999389648438,18.1299991607666,17.6200008392334,18.06999969482422,10143600,0.0,0.0,17.979999923706053,17.42150001525879,61.656430770058876,0.3112532549639937,0.2671098683167827,0.4374841967676621,0.01802815182108275,0.5106,0.0,1.0,0.0,0.0,0.0,0.0,0.0,0.0,16529000.0,7209500.0,9198300.0,0.0,0.5859,0.0,0.0,0.0,0.0,0.0,1.0,0.0,0.0,0.0,0.0,0.0,0.0,0.0,0.0,0.0,0.0,0.0,0.0,0.0,0.0,0.0,0.0,17.84666633605957,0.1939931755310296,17.852857044764928,0.3019226636535163,17.621428625924246,0.33963464689828793,0.01516856569305447
2025-12-11,17.950000762939453,17.989999771118164,17.770000457763672,17.799999237060547,12986500,0.0,0.0,17.881999588012697,17.45699996948242,59.999988612858246,0.2975431319301691,0.27319652103946,0.43797504092330247,-0.014941918224880113,0.0,0.0,0.0,0.0,0.0,0.0,0.0,0.0,0.0,10143600.0,16529000.0,7209500.0,0.5106,0.0,0.5859,0.0,0.0,0.0,1.0,0.0,1.0,0.0,0.0,0.0,0.0,0.0,0.0,0.0,0.0,0.0,0.0,0.0,0.0,0.0,0.0,0.0,17.873332977294922,0.17214333929739592,17.908571243286133,0.23519024786184556,17.669285774230957,0.31106421112766064,0.0011247778201752823
2025-12-12,17.809999465942383,17.889999389648438,17.65999984741211,17.780000686645508,7955900,0.0,0.0,17.82399978637695,17.498000049591063,51.42856948229811,0.28181545166337685,0.2749203071642434,0.4272506995573519,-0.0011235141164164242,0.0,0.0,0.0,0.0,0.0,0.0,0.0,0.0,0.0,12986500.0,10143600.0,16529000.0,0.0,0.5106,0.0,0.0,0.0,0.0,0.0,1.0,0.0,0.0,0.0,0.0,0.0,0.0,0.0,0.0,0.0,0.0,0.0,0.0,0.0,0.0,0.0,0.0,17.883333206176758,0.16196687622055075,17.925714220319474,0.2177813099162613,17.675000054495676,0.3124037703028349,0.0
2025-12-15,17.75,17.920000076293945,17.690000534057617,17.780000686645508,8091200,0.0,0.0,17.836000061035158,17.554500102996826,60.759494689605276,0.2662816229453675,0.2731925703204683,0.38147184159691155,0.0,0.0,0.0,0.0,0.0,0.0,0.0,0.0,0.0,0.0,7955900.0,12986500.0,10143600.0,0.0,0.0,0.5106,0.0,0.0,0.0,0.0,0.0,1.0,0.0,0.0,0.0,0.0,0.0,0.0,0.0,0.0,0.0,0.0,0.0,0.0,0.0,0.0,0.0,17.786666870117188,0.011546168465005266,17.852857044764928,0.15052278624560614,17.71142864227295,0.29051299128730285,0.000562759067204599
2025-12-16,17.75,17.889999389648438,17.670000076293945,17.770000457763672,14058800,0.0,0.0,17.84000015258789,17.604500102996827,60.33754425328938,0.25027895685441237,0.26860984762725715,0.33606823102875594,-0.0005624425475611039,0.0,0.0,2.0,0.0,0.0,0.0,0.0,0.0,0.0,8091200.0,7955900.0,12986500.0,0.0,0.0,0.0,0.0,0.0,0.0,0.0,0.0,0.0,0.0,0.0,0.0,0.0,0.0,0.0,0.0,0.0,0.0,0.0,0.0,0.0,0.0,0.0,0.0,17.77666727701823,0.005773634835846783,17.810000010899135,0.11747330274517392,17.746428625924246,0.26272564925320974,-0.02469807203894847
2025-12-17,17.899999618530273,18.280000686645508,17.8700008392334,18.219999313354492,15974900,0.0,0.0,17.870000076293945,17.66800003051758,64.92535720080963,0.27078641826214067,0.2690451617542339,0.3257154342562266,0.025323514012303594,0.0,0.0,0.0,0.0,0.0,0.0,0.0,0.0,0.0,14058800.0,8091200.0,7955900.0,0.0,0.0,0.0,0.0,0.0,0.0,2.0,0.0,0.0,0.0,0.0,0.0,0.0,0.0,0.0,0.0,0.0,0.0,0.0,0.0,0.0,0.0,0.0,0.0,17.923333485921223,0.25696879386300936,17.881428582327707,0.18577983290632813,17.803571428571427,0.2730625974359258,-0.05005218855821547
2025-12-18,18.280000686645508,19.309999465942383,18.209999084472656,19.18000030517578,29526500,0.0,0.0,18.14600028991699,17.761500072479247,73.74301527156794,0.36034890824809906,0.2873059110530069,0.4587658276366337,0.05268940878157169,0.0,0.0,0.0,0.0,0.0,0.0,0.0,0.0,0.0,15974900.0,14058800.0,8091200.0,0.0,0.0,0.0,0.0,0.0,0.0,0.0,2.0,0.0,0.0,0.0,0.0,0.0,0.0,0.0,0.0,0.0,0.0,0.0,0.0,0.0,0.0,0.0,0.0,18.390000025431316,0.7202083545790765,18.08571434020996,0.5138046368191993,17.925000054495676,0.4431313659670585,-0.05143417623618973
2025-12-19,19.079999923706055,30.0,18.989999771118164,20.219999313354492,118705800,0.0,0.0,18.63400001525879,17.916000080108642,80.17426260646761,0.5093752938382785,0.33171978761006127,0.6945985465408283,0.05422309653968371,0.08618333333333333,0.2603748867818605,6.0,0.0,0.0,0.0,0.0,0.0,0.0,29526500.0,15974900.0,14058800.0,0.0,0.0,0.0,0.0,0.0,0.0,0.0,0.0,2.0,0.0,0.0,0.0,0.0,0.0,0.0,0.0,0.0,0.0,0.0,0.0,0.0,0.0,0.0,0.0,19.206666310628254,1.0002666178999886,18.392857142857142,0.9555574042486595,18.122857093811035,0.7362108736705784,0.05532356338121547
2025-12-22,19.780000686645508,19.799999237060547,18.780000686645508,19.15999984741211,23938800,0.0,0.0,18.90999984741211,17.989000034332275,65.5971462531653,0.5357706494381596,0.37252995997568095,0.7455543866630029,-0.05242331859241445,0.0,0.0,0.0,0.0,0.0,0.0,0.0,0.0,0.0,118705800.0,29526500.0,15974900.0,0.08618333333333333,0.0,0.0,0.2603748867818605,0.0,0.0,6.0,0.0,0.0,0.0,0.0,0.0,0.0,0.0,0.0,0.0,0.0,0.0,0.0,0.0,0.0,0.0,0.0,0.0,19.519999821980793,0.6062998190006778,18.587142944335938,0.9531822439403688,18.247857093811035,0.7542104120940526,0.031771683483243995
2025-12-23,18.790000915527344,19.020000457763672,18.489999771118164,18.56999969482422,13291700,0.0,0.0,19.06999969482422,18.053999996185304,57.6470565607335,0.5032795836824704,0.39867988471703886,0.7361806071147328,-0.03079332762456055,-0.296,0.0,1.0,0.0,0.0,0.0,0.0,0.0,0.0,23938800.0,118705800.0,29526500.0,0.0,0.08618333333333333,0.0,0.0,0.2603748867818605,0.0,0.0,6.0,0.0,0.0,0.0,0.0,0.0,0.0,0.0,0.0,0.0,0.0,0.0,0.0,0.0,0.0,0.0,0.0,19.31666628519694,0.8360819127535548,18.699999945504324,0.8860959963837943,18.3128570829119,0.7387038142441045,-0.005356206805628316
2025-12-24,18.520000457763672,18.729999542236328,18.450000762939453,18.670000076293945,13262500,0.0,0.0,19.15999984741211,18.123499965667726,53.50552726399992,0.4800654790203893,0.414957003577709,0.72478861135721,0.005385050248417622,0.0,0.0,0.0,-0.3094,0.0,1.0,0.0,0.0,0.0,13291700.0,23938800.0,118705800.0,-0.296,0.0,0.08618333333333333,0.0,0.0,0.2603748867818605,1.0,0.0,6.0,0.0,0.0,0.0,0.0,0.0,0.0,0.0,0.0,0.0,0.0,0.0,0.0,0.0,0.0,0.0,18.799999872843426,0.31575307653386964,18.8271427154541,0.7908161456203197,18.339999880109513,0.7447559073798125,-0.0063864200844309105
2025-12-26,18.610000610351562,18.829999923706055,18.520000457763672,18.790000915527344,6204000,0.0,0.0,19.08199996948242,18.192000007629396,56.76692915418405,0.4659796750328695,0.4251615378687411,0.719521712438895,0.006427468598983577,0.0,0.0,0.0,0.0,0.0,0.0,0.0,0.0,0.0,13262500.0,13291700.0,23938800.0,0.0,-0.296,0.0,0.0,0.0,0.0,0.0,1.0,0.0,-0.3094,0.0,0.0,0.0,0.0,0.0,1.0,0.0,0.0,0.0,0.0,0.0,0.0,0.0,0.0,18.676666895548504,0.11015202738459645,18.972857066563197,0.6438869093916539,18.391428538731166,0.7495213772975875,0.019533402300078162
2025-12-29,18.559999465942383,18.559999465942383,18.280000686645508,18.43000030517578,6075600,0.0,0.0,18.72400016784668,18.239500045776367,56.660422157451094,0.4209154816239149,0.4243123266197759,0.7011679281246603,-0.019159158744589067,0.0,0.0,0.0,0.0,0.0,0.0,0.0,0.0,0.0,6204000.0,13262500.0,13291700.0,0.0,0.0,-0.296,0.0,0.0,0.0,0.0,0.0,1.0,0.0,-0.3094,0.0,0.0,0.0,0.0,0.0,1.0,0.0,0.0,0.0,0.0,0.0,0.0,0.0,18.630000432332356,0.18330326920476733,19.002857208251953,0.6067867170354238,18.44214289528983,0.7241883078719352,0.02161859034678648
2025-12-30,18.34000015258789,18.3799991607666,18.030000686645508,18.040000915527344,6867400,0.0,0.0,18.500000381469725,18.26900005340576,52.548339064319556,0.34970095733869044,0.4093900527635589,0.6782399273331782,-0.021161116830742066,0.0,0.0,0.0,0.0,0.0,0.0,0.0,0.0,0.0,6075600.0,6204000.0,13262500.0,0.0,0.0,0.0,0.0,0.0,0.0,0.0,0.0,0.0,0.0,0.0,-0.3094,0.0,0.0,0.0,0.0,0.0,1.0,0.0,0.0,0.0,0.0,0.0,0.0,18.420000712076824,0.3750999785345228,18.84000015258789,0.6975189769722435,18.462857246398926,0.7068065980689984,0.01234574772563124
2025-12-31,18.1299991607666,18.139999389648438,17.81999969482422,17.81999969482422,4524100,0.0,0.0,18.350000381469727,18.289500045776368,47.76386410397268,0.27237095110655574,0.3819862324321583,0.6567661426267145,-0.0121951889987858,0.0,0.0,0.0,0.0,0.0,0.0,0.0,0.0,0.0,6867400.0,6075600.0,6204000.0,0.0,0.0,0.0,0.0,0.0,0.0,0.0,0.0,0.0,0.0,0.0,0.0,0.0,0.0,0.0,0.0,0.0,0.0,0.0,0.0,0.0,0.0,0.0,0.0,18.09666697184245,0.3089230771746279,18.497143064226425,0.4532002332049512,18.445000103541783,0.7205204775840542,-0.018181814360433424
2026-01-02,18.1200008392334,18.31999969482422,18.030000686645508,18.149999618530273,8327700,0.0,0.0,18.246000289916992,18.314000034332274,53.09734871770461,0.23500560166354845,0.35259010627843634,0.6409975136084102,0.018518514554290544,0.0,0.0,0.0,0.0,0.0,0.0,0.0,0.0,0.0,4524100.0,6867400.0,6075600.0,0.0,0.0,0.0,0.0,0.0,0.0,0.0,0.0,0.0,0.0,0.0,0.0,0.0,0.0,0.0,0.0,0.0,0.0,0.0,0.0,0.0,0.0,0.0,0.0,18.003333409627277,0.16802787537545932,18.352857317243302,0.3577111329129819,18.47000013078962,0.7022598692438666,0.026583671110961493
2026-01-05,17.899999618530273,18.100000381469727,17.670000076293945,17.68000030517578,16098800,0.0,0.0,18.02400016784668,18.283500003814698,49.180324793310646,0.16555980600142206,0.31518404622303353,0.6565240645057057,-0.02589527951695636,0.0,0.0,0.0,0.0,0.0,0.0,0.0,0.0,0.0,8327700.0,4524100.0,6867400.0,0.0,0.0,0.0,0.0,0.0,0.0,0.0,0.0,0.0,0.0,0.0,0.0,0.0,0.0,0.0,0.0,0.0,0.0,0.0,0.0,0.0,0.0,0.0,0.0,17.883333206176758,0.24131553800697766,18.225714547293528,0.42035149707373404,18.462857246398926,0.7102806710536886,-0.023204423615588943
2026-01-06,17.84000015258789,18.229999542236328,17.84000015258789,18.100000381469727,11906900,0.0,0.0,17.95800018310547,18.285000038146972,52.45398521746405,0.14276826499042627,0.2807008899765121,0.6560446801868758,0.02375566001381757,0.0,0.0,0.0,0.0,0.0,0.0,0.0,0.0,0.0,16098800.0,8327700.0,4524100.0,0.0,0.0,0.0,0.0,0.0,0.0,0.0,0.0,0.0,0.0,0.0,0.0,0.0,0.0,0.0,0.0,0.0,0.0,0.0,0.0,0.0,0.0,0.0,0.0,17.976666768391926,0.2581341196442923,18.144286019461497,0.37241832902175454,18.4857143674578,0.6915167256004273,-0.007131056721390028
2026-01-07,18.389999389648438,18.540000915527344,18.15999984741211,18.229999542236328,8960000,0.0,0.0,17.995999908447267,18.310500049591063,53.46384884605398,0.1336549591883731,0.2512917038188843,0.6427036662449752,0.007182273924131621,0.17,0.2404163056034262,2.0,0.0,0.0,0.0,0.0,0.0,0.0,11906900.0,16098800.0,8327700.0,0.0,0.0,0.0,0.0,0.0,0.0,0.0,0.0,0.0,0.0,0.0,0.0,0.0,0.0,0.0,0.0,0.0,0.0,0.0,0.0,0.0,0.0,0.0,0.0,18.003333409627277,0.2874598541982505,18.064285823277064,0.25092207688392526,18.51857144492013,0.6653263750257656,0.010532074116772927
2026-01-08,18.06999969482422,18.229999542236328,17.969999313354492,18.040000915527344,7461600,0.0,0.0,18.04000015258789,18.325000095367432,48.589354063445356,0.10983518574059659,0.22300040020322678,0.6325843608761733,-0.010422305621499595,0.0,0.0,2.0,0.0,0.0,0.0,0.0,0.0,0.0,8960000.0,11906900.0,16098800.0,0.17,0.0,0.0,0.2404163056034262,0.0,0.0,2.0,0.0,0.0,0.0,0.0,0.0,0.0,0.0,0.0,0.0,0.0,0.0,0.0,0.0,0.0,0.0,0.0,0.0,18.1233336130778,0.09712465861342515,18.00857162475586,0.19273708476506157,18.505714416503906,0.6732321349741426,0.01177795808860771
2026-01-09,18.079999923706055,18.100000381469727,17.700000762939453,17.829999923706055,6356300,0.0,0.0,17.976000213623045,18.313000106811522,38.01065201858835,0.07316907117621696,0.19303413439782485,0.639910210397068,-0.011640852614399733,0.0,0.0,0.0,0.0,0.0,0.0,0.0,0.0,0.0,7461600.0,8960000.0,11906900.0,0.0,0.17,0.0,0.0,0.2404163056034262,0.0,2.0,2.0,0.0,0.0,0.0,0.0,0.0,0.0,0.0,0.0,0.0,0.0,0.0,0.0,0.0,0.0,0.0,0.0,18.03333346048991,0.2000831450262385,17.978571483067103,0.20309500882198628,18.4092858178275,0.665864941804804,0.001685431906257806
2026-01-12,17.700000762939453,17.84000015258789,17.549999237060547,17.799999237060547,12811600,0.0,0.0,18.0,18.313000106811522,23.809527741389985,0.041215005603614685,0.16267030863898282,0.639910210397068,-0.0016825960052652134,0.3182,0.0,1.0,0.0,0.0,0.0,0.0,0.0,0.0,6356300.0,7461600.0,8960000.0,0.0,0.0,0.17,0.0,0.0,0.2404163056034262,0.0,2.0,2.0,0.0,0.0,0.0,0.0,0.0,0.0,0.0,0.0,0.0,0.0,0.0,0.0,0.0,0.0,0.0,17.890000025431316,0.1307677734458836,17.97571427481515,0.20582006105444436,18.236428669520787,0.433067949185299,0.015981665067411388
2026-01-13,17.739999771118164,17.799999237060547,17.459999084472656,17.520000457763672,19913500,0.0,0.0,17.88400001525879,18.30000009536743,28.6458421291573,-0.006626002587818647,0.12881104639362254,0.6537984771431667,-0.015730269174051625,0.0,0.0,0.0,0.0,0.0,0.0,0.0,0.0,0.0,12811600.0,6356300.0,7461600.0,0.3182,0.0,0.0,0.0,0.0,0.0,1.0,0.0,2.0,0.0,0.0,0.0,0.0,0.0,0.0,0.0,0.0,0.0,0.0,0.0,0.0,0.0,0.0,0.0,17.71666653951009,0.17097710689419857,17.885714394705637,0.24992373445859567,18.11928585597447,0.3829333695006545,-0.09457363760356974
2026-01-14,18.3799991607666,19.450000762939453,18.06999969482422,19.350000381469727,37606900,0.0,0.0,18.108000183105467,18.378500080108644,57.67717222795219,0.10195013593490643,0.12343886430187932,0.6817335792798302,0.10445204771071359,0.3925181818181818,0.32212807334407173,11.0,0.0,0.0,0.0,0.0,0.0,0.0,19913500.0,12811600.0,6356300.0,0.0,0.3182,0.0,0.0,0.0,0.0,0.0,1.0,0.0,0.0,0.0,0.0,0.0,0.0,0.0,0.0,0.0,0.0,0.0,0.0,0.0,0.0,0.0,0.0,18.22333335876465,0.9857148493049456,18.1242858341762,0.5885252869899394,18.175000190734863,0.49414663119422575,0.0281615672284663
2026-01-15,18.90999984741211,19.100000381469727,18.5,18.81999969482422,19077800,0.0,0.0,18.263999938964844,18.43100004196167,51.36115800634652,0.14357582916549205,0.12746625727460187,0.6727781361342298,-0.027390215824132813,0.33485000000000004,0.2409549542964411,4.0,0.0,0.0,0.0,0.0,0.0,0.0,37606900.0,19913500.0,12811600.0,0.3925181818181818,0.0,0.3182,0.32212807334407173,0.0,0.0,11.0,0.0,1.0,0.0,0.0,0.0,0.0,0.0,0.0,0.0,0.0,0.0,0.0,0.0,0.0,0.0,0.0,0.0,18.56333351135254,0.9416119569623532,18.227142878941127,0.643887033523703,18.18571444920131,0.5071598101537188,0.010198633527463752
2026-01-16,18.850000381469727,18.8799991607666,18.549999237060547,18.6299991607666,12792700,0.0,0.0,18.423999786376953,18.451500034332277,48.5662925004623,0.1593956222371098,0.13385213026710346,0.6722566997498718,-0.010095671473888013,0.11199999999999999,0.40998051173196026,2.0,0.0,0.0,0.0,0.0,0.0,0.0,19077800.0,37606900.0,19913500.0,0.33485000000000004,0.3925181818181818,0.0,0.2409549542964411,0.32212807334407173,0.0,4.0,11.0,0.0,0.0,0.0,0.0,0.0,0.0,0.0,0.0,0.0,0.0,0.0,0.0,0.0,0.0,0.0,0.0,18.933333079020183,0.3731404312500494,18.284285681588308,0.6616861032821327,18.174285752432688,0.4941303245614209,0.023064255761114927
2026-01-20,18.510000228881836,18.559999465942383,18.200000762939453,18.209999084472656,8885400,0.0,0.0,18.505999755859374,18.40299997329712,48.04963435716933,0.13646929309042832,0.13437556283176844,0.651606003113157,-0.022544288524630418,0.4767,0.0,1.0,0.0,0.0,0.0,0.0,0.0,0.0,12792700.0,19077800.0,37606900.0,0.11199999999999999,0.33485000000000004,0.3925181818181818,0.40998051173196026,0.2409549542964411,0.32212807334407173,2.0,4.0,11.0,0.0,0.0,0.0,0.0,0.0,0.0,0.0,0.0,0.0,0.0,0.0,0.0,0.0,0.0,0.0,18.553332646687824,0.31214339964679066,18.308571134294784,0.6543044608271201,18.15857137952532,0.4888424661966484,-0.005461517443281938
2026-01-21,18.260000228881836,18.43000030517578,18.049999237060547,18.309999465942383,9311900,0.0,0.0,18.663999557495117,18.307499980926515,52.52335075853645,0.12492910218858455,0.13248627070313168,0.4916125348661323,0.005491509417757001,0.0,0.0,0.0,0.0,0.0,0.0,0.0,0.0,0.0,8885400.0,12792700.0,19077800.0,0.4767,0.11199999999999999,0.33485000000000004,0.0,0.40998051173196026,0.2409549542964411,1.0,2.0,4.0,0.0,0.0,0.0,0.0,0.0,0.0,0.0,0.0,0.0,0.0,0.0,0.0,0.0,0.0,0.0,18.38333257039388,0.21939308142713465,18.3771424974714,0.6200461512851603,18.17785699026925,0.4891306936661576,0.0010934144020768866
2026-01-22,18.389999389648438,18.530000686645508,18.209999084472656,18.290000915527344,7346300,0.0,0.0,18.45199966430664,18.264000034332277,54.5631206755943,0.11286862264903519,0.1285627410923124,0.448839444519239,-0.0010922201528316133,0.2023,0.0,1.0,0.0,0.0,0.0,0.0,0.0,0.0,9311900.0,8885400.0,12792700.0,0.0,0.4767,0.11199999999999999,0.0,0.0,0.40998051173196026,0.0,1.0,2.0,0.0,0.0,0.0,0.0,0.0,0.0,0.0,0.0,0.0,0.0,0.0,0.0,0.0,0.0,0.0,18.269999821980793,0.05291551644658277,18.44714273725237,0.5696405965784503,18.211428506033762,0.478697802858582,0.0027412908463053665
2026-01-23,18.3799991607666,18.3799991607666,18.110000610351562,18.239999771118164,4347600,0.0,0.0,18.33599967956543,18.247500038146974,50.924026409930434,0.09814458160222372,0.12247910919429467,0.44302639312498293,-0.0027337967143966635,0.1027,0.0,1.0,0.0,0.0,0.0,0.0,0.0,0.0,7346300.0,9311900.0,8885400.0,0.2023,0.0,0.4767,0.0,0.0,0.0,1.0,0.0,1.0,0.0,0.0,0.0,0.0,0.0,0.0,0.0,0.0,0.0,0.0,0.0,0.0,0.0,0.0,0.0,18.28000005086263,0.03605554450282078,18.5499997820173,0.4195634350171733,18.217857088361466,0.4784136333582402,-0.01671156219365466
2026-01-26,18.25,18.700000762939453,18.229999542236328,18.549999237060547,5162400,0.0,0.0,18.31999969482422,18.241499996185304,59.23565924622863,0.11021949736320735,0.12002718682807721,0.43778478178808794,0.01699558496887965,0.0,0.0,0.0,0.0,0.0,0.0,0.0,0.0,0.0,4347600.0,7346300.0,9311900.0,0.1027,0.2023,0.0,0.0,0.0,0.0,1.0,1.0,0.0,0.0,0.0,0.0,0.0,0.0,0.0,0.0,0.0,0.0,0.0,0.0,0.0,0.0,0.0,0.0,18.359999974568684,0.16643262426921643,18.435713904244558,0.23265534734471144,18.27999986921038,0.4592970543994435,0.016438314359481954
2026-01-27,18.6200008392334,18.719999313354492,18.149999618530273,18.25,7960200,0.0,0.0,18.327999877929688,18.214499950408936,51.63398339733412,0.09449227573107777,0.11492020460867733,0.41839881064582046,-0.01617246627488733,0.0,0.0,1.0,0.0,0.0,0.0,0.0,0.0,0.0,5162400.0,4347600.0,7346300.0,0.0,0.1027,0.2023,0.0,0.0,0.0,0.0,1.0,1.0,0.0,0.0,0.0,0.0,0.0,0.0,0.0,0.0,0.0,0.0,0.0,0.0,0.0,0.0,0.0,18.34666633605957,0.17616243247786884,18.354285376412527,0.16591710443402158,18.29071412767683,0.4565162593972718,0.017847166167188844
2026-01-28,18.200000762939453,18.200000762939453,17.8799991607666,17.93000030517578,8729200,0.0,0.0,18.252000045776366,18.189499950408937,46.86193186533956,0.05556650220732706,0.10304946412840728,0.41978022918515384,-0.017534229853381822,0.0,0.0,1.0,0.0,0.0,0.0,0.0,0.0,0.0,7960200.0,5162400.0,4347600.0,0.0,0.0,0.1027,0.0,0.0,0.0,1.0,0.0,1.0,0.0,0.0,0.0,0.0,0.0,0.0,0.0,0.0,0.0,0.0,0.0,0.0,0.0,0.0,0.0,18.24333318074544,0.3100532272752288,18.254285539899552,0.18219534980152904,18.269285610743932,0.46651670745495155,0.010140862263424255
2026-01-29,18.1299991607666,18.18000030517578,17.649999618530273,17.75,15133900,0.0,0.0,18.1439998626709,18.174999904632568,46.96015840988718,0.010076866102529891,0.08445494452323181,0.430097822037625,-0.010039057563419052,0.0,0.0,0.0,0.0,0.0,0.0,0.0,0.0,0.0,8729200.0,7960200.0,5162400.0,0.0,0.0,0.0,0.0,0.0,0.0,1.0,1.0,0.0,0.0,0.0,0.0,0.0,0.0,0.0,0.0,0.0,0.0,0.0,0.0,0.0,0.0,0.0,0.0,17.976666768391926,0.2532455707249781,18.18857138497489,0.26497957073803563,18.248571259634836,0.483605910095342,0.009670084017731284
2026-01-30,17.700000762939453,17.75,17.5,17.579999923706055,17190500,0.0,0.0,18.011999893188477,18.16299991607666,47.357293613163854,-0.03923925791302452,0.05971610403598055,0.4436581441024636,-0.00957746908698287,0.0,0.0,0.0,0.0,0.0,0.0,0.0,0.0,0.0,15133900.0,8729200.0,7960200.0,0.0,0.0,0.0,0.0,0.0,0.0,0.0,1.0,1.0,0.0,0.0,0.0,0.0,0.0,0.0,0.0,0.0,0.0,0.0,0.0,0.0,0.0,0.0,0.0,17.753333409627277,0.17502399970300506,18.084285736083984,0.34175307999644755,18.230714116777694,0.504418337820061,-0.0414394886891315
2026-02-02,17.6299991607666,18.389999389648438,17.600000381469727,18.34000015258789,14203800,0.0,0.0,17.970000076293946,18.17249994277954,54.945064158188394,-0.016803276898588848,0.04441222784906668,0.4453959500195204,0.04323095746189409,0.2489,0.3510512925485392,3.0,0.0,0.0,0.0,0.0,0.0,0.0,17190500.0,15133900.0,8729200.0,0.0,0.0,0.0,0.0,0.0,0.0,0.0,0.0,1.0,0.0,0.0,0.0,0.0,0.0,0.0,0.0,0.0,0.0,0.0,0.0,0.0,0.0,0.0,0.0,17.890000025431316,0.39887352922408675,18.09142848423549,0.34724751065073123,18.269285610743932,0.48937099831056974,0.05889148243279019
2026-02-03,18.1299991607666,18.229999542236328,17.170000076293945,17.31999969482422,29449200,0.0,0.0,17.78400001525879,18.15449991226196,48.38709081993216,-0.08040129664451356,0.019449522950350632,0.4727798114029187,-0.05561616408273273,-0.1779,0.0,1.0,0.0,0.0,0.0,0.0,0.0,0.0,14203800.0,17190500.0,15133900.0,0.2489,0.0,0.0,0.3510512925485392,0.0,0.0,3.0,0.0,0.0,0.0,0.0,0.0,0.0,0.0,0.0,0.0,0.0,0.0,0.0,0.0,0.0,0.0,0.0,0.0,17.746666590372723,0.5300316658397398,17.959999901907786,0.4426435070491566,18.25499984196254,0.5151661424962987,0.03464754669272696
2026-02-04,16.709999084472656,17.209999084472656,16.489999771118164,16.739999771118164,32385600,0.0,0.0,17.545999908447264,18.086499881744384,23.636361534602386,-0.17558035108132586,-0.019556451855984668,0.569036795534202,-0.03348729410655693,-0.282775,0.34705792383981093,4.0,0.0,0.0,0.0,0.0,0.0,0.0,29449200.0,14203800.0,17190500.0,-0.1779,0.2489,0.0,0.0,0.3510512925485392,0.0,1.0,3.0,0.0,0.0,0.0,0.0,0.0,0.0,0.0,0.0,0.0,0.0,0.0,0.0,0.0,0.0,0.0,0.0,17.46666653951009,0.8100207884205136,17.7014285496303,0.5549604700805916,18.06857122693743,0.5588291496859749,-0.0035713969444727267
2026-02-05,16.5,16.93000030517578,16.489999771118164,16.799999237060547,13642800,0.0,0.0,17.355999755859376,18.014999866485596,27.455349730288958,-0.24336363746141387,-0.06431788897707051,0.6359618215674051,0.0035841975366033285,-0.296,0.0,1.0,0.0,0.0,0.0,0.0,0.0,0.0,32385600.0,29449200.0,14203800.0,-0.282775,-0.1779,0.2489,0.34705792383981093,0.0,0.3510512925485392,4.0,1.0,3.0,0.0,0.0,0.0,0.0,0.0,0.0,0.0,0.0,0.0,0.0,0.0,0.0,0.0,0.0,0.0,16.953332901000977,0.31895671688772204,17.494285583496094,0.5858289640301119,17.92428547995431,0.6084623189899828,-0.0023753512568226443
2026-02-06,16.530000686645508,16.8799991607666,16.5,16.84000015258789,14622500,0.0,0.0,17.207999801635744,17.95499982833862,29.330265130274555,-0.29050586985433213,-0.10955548515252284,0.6879603918750675,0.0023810069847565174,0.0,0.0,0.0,0.0,0.0,0.0,0.0,0.0,0.0,13642800.0,32385600.0,29449200.0,-0.296,-0.282775,-0.1779,0.0,0.34705792383981093,0.0,1.0,4.0,1.0,0.0,0.0,0.0,0.0,0.0,0.0,0.0,0.0,0.0,0.0,0.0,0.0,0.0,0.0,0.0,16.793333053588867,0.05033237104559008,17.338571275983536,0.5954951634341922,17.796428407941544,0.6361979588487893,0.032495444757814074
2026-02-09,16.600000381469727,16.600000381469727,16.229999542236328,16.309999465942383,10278200,0.0,0.0,16.801999664306642,17.87899980545044,28.603610473061067,-0.36640931616404515,-0.1609262513548273,0.7802624950190781,-0.03147272457500894,0.0,0.0,0.0,0.0,0.0,0.0,0.0,0.0,0.0,14622500.0,13642800.0,32385600.0,0.0,-0.296,-0.282775,0.0,0.0,0.34705792383981093,0.0,1.0,4.0,0.0,0.0,0.0,0.0,0.0,0.0,0.0,0.0,0.0,0.0,0.0,0.0,0.0,0.0,0.0,16.649999618530273,0.2951272541304645,17.132856913975306,0.6733182160454109,17.660714149475098,0.7360129186144048,-0.018061477025004713
2026-02-10,16.5,16.739999771118164,16.440000534057617,16.610000610351562,9978100,0.0,0.0,16.65999984741211,17.81949987411499,31.681051935362277,-0.39777050826392113,-0.2082951027366461,0.8303675372771838,0.018393694312230036,0.0,0.0,0.0,0.0,0.0,0.0,0.0,0.0,0.0,10278200.0,14622500.0,13642800.0,0.0,0.0,-0.296,0.0,0.0,0.0,0.0,0.0,1.0,0.0,0.0,0.0,0.0,0.0,0.0,0.0,0.0,0.0,0.0,0.0,0.0,0.0,0.0,0.0,16.586666742960613,0.2657697010321736,16.994285583496094,0.6657292077143695,17.53928565979004,0.7604803359816373,0.05393403357393445
2026-02-11,16.200000762939453,16.219999313354492,15.739999771118164,15.760000228881836,12472900,0.0,0.0,16.463999938964843,17.731499862670898,26.873864352371825,-0.48561454380683244,-0.2637589909506834,0.9486182067215675,-0.0511740126571697,0.18769999999999998,0.6518110308977595,2.0,0.0,0.0,0.0,0.0,0.0,0.0,9978100.0,10278200.0,14622500.0,0.0,0.0,0.0,0.0,0.0,0.0,0.0,0.0,0.0,0.0,0.0,0.0,0.0,0.0,0.0,0.0,0.0,0.0,0.0,0.0,0.0,0.0,0.0,0.0,16.226666768391926,0.43108400107802247,16.6257141658238,0.4866159802997635,17.358571325029647,0.8621694593741095,0.10907812713398046
2026-02-12,15.239999771118164,15.270000457763672,14.1899995803833,14.210000038146973,32387500,0.0,0.0,15.946000099182129,17.47449984550476,21.09039830872686,-0.6725508883642419,-0.34551737043339514,1.1598114739871168,-0.09835026448123563,0.19815714285714287,0.18335177353149015,7.0,0.0,0.0,0.0,0.0,0.0,0.0,12472900.0,9978100.0,10278200.0,0.18769999999999998,0.0,0.0,0.6518110308977595,0.0,0.0,2.0,0.0,0.0,0.0,0.0,0.0,0.0,0.0,0.0,0.0,0.0,0.0,0.0,0.0,0.0,0.0,0.0,0.0,15.526666959126791,1.2168952287384955,16.181428500584193,0.9480405017908278,17.070714201245988,1.1648668199819427,-0.034646754050961626
2026-02-13,14.619999885559082,14.920000076293945,14.460000038146973,14.720000267028809,19838300,0.0,0.0,15.522000122070313,17.26949987411499,23.291510453237194,-0.7706628108461189,-0.4305464585159399,1.2668753265325168,0.03589023416697623,-0.004079999999999995,0.3979114310999371,5.0,0.0,0.0,0.0,0.0,0.0,0.0,32387500.0,12472900.0,9978100.0,0.19815714285714287,0.18769999999999998,0.0,0.18335177353149015,0.6518110308977595,0.0,7.0,2.0,0.0,0.0,0.0,0.0,0.0,0.0,0.0,0.0,0.0,0.0,0.0,0.0,0.0,0.0,0.0,0.0,14.896666844685873,0.7899578834123457,15.892857142857142,1.0514705080884472,16.797142846243723,1.238165049992007,-0.0020338802014366886
2026-02-17,15.069999694824219,15.239999771118164,14.579999923706055,14.75,23069500,0.0,0.0,15.210000228881835,17.07549991607666,24.637693778922923,-0.8363555029143228,-0.5117082673956165,1.3423994698980537,0.002038025300745927,0.096,0.24466272703458533,21.0,0.0,0.0,0.0,0.0,0.0,0.0,19838300.0,32387500.0,12472900.0,-0.004079999999999995,0.19815714285714287,0.18769999999999998,0.3979114310999371,0.18335177353149015,0.6518110308977595,5.0,7.0,2.0,0.0,0.0,0.0,0.0,0.0,0.0,0.0,0.0,0.0,0.0,0.0,0.0,0.0,0.0,0.0,14.56000010172526,0.30347986650382724,15.60000010899135,1.0421452514077088,16.547142846243723,1.2750470551494426,-0.019933567238062277
2026-02-18,14.680000305175781,15.130000114440918,14.680000305175781,15.050000190734863,14666600,0.0,0.0,14.898000144958496,16.91749997138977,29.06977856332651,-0.8543613803118184,-0.5802388899788569,1.3870637583098484,0.0203389959820246,0.31845,0.45035630893771217,2.0,0.0,0.0,0.0,0.0,0.0,0.0,23069500.0,19838300.0,32387500.0,0.096,-0.004079999999999995,0.19815714285714287,0.24466272703458533,0.3979114310999371,0.18335177353149015,21.0,5.0,7.0,0.0,0.0,0.0,0.0,0.0,0.0,0.0,0.0,0.0,0.0,0.0,0.0,0.0,0.0,0.0,14.84000015258789,0.1824828978586057,15.344285828726631,0.8966206555946061,16.341428552355087,1.2670792913160955,0.034364260717906436
2026-02-19,14.710000038146973,14.779999732971191,14.369999885559082,14.550000190734863,18068200,0.0,0.0,14.656000137329102,16.729500007629394,27.777790287388285,-0.8986182770726892,-0.6439147673976233,1.4421127075507885,-0.0332225909410826,0.0,0.0,1.0,0.0,0.0,0.0,0.0,0.0,0.0,14666600.0,23069500.0,19838300.0,0.31845,0.096,-0.004079999999999995,0.45035630893771217,0.24466272703458533,0.3979114310999371,2.0,21.0,5.0,0.0,0.0,0.0,0.0,0.0,0.0,0.0,0.0,0.0,0.0,0.0,0.0,0.0,0.0,0.0,14.783333460489908,0.2516611604740892,15.092857360839844,0.8245548824064243,16.112857137407577,1.2819781188498915,-0.006825899685957926
2026-02-20,14.609999656677246,14.920000076293945,14.600000381469727,14.649999618530273,15845900,0.0,0.0,14.744000053405761,16.54749994277954,29.453021862272365,-0.9150746574791739,-0.6981467454139335,1.464326151419968,0.006872812816805851,-0.35767499999999997,0.2759639031346914,4.0,0.0,0.0,0.0,0.0,0.0,0.0,18068200.0,14666600.0,23069500.0,0.0,0.31845,0.096,0.0,0.45035630893771217,0.24466272703458533,1.0,2.0,21.0,0.0,0.0,0.0,0.0,0.0,0.0,0.0,0.0,0.0,0.0,0.0,0.0,0.0,0.0,0.0,14.75,0.2645752392431295,14.812857219151088,0.48733002328437836,15.90357140132359,1.2630646356042152,0.053199121440381525
2026-02-23,14.350000381469727,14.369999885559082,13.770000457763672,13.90999984741211,23772100,0.0,0.0,14.581999969482421,16.33099994659424,18.846703681557116,-0.9765709525594453,-0.7538315868430359,1.5199580429473787,-0.050511931084432526,0.0,0.0,2.0,0.0,0.0,0.0,0.0,0.0,0.0,15845900.0,18068200.0,14666600.0,-0.35767499999999997,0.0,0.31845,0.2759639031346914,0.0,0.45035630893771217,4.0,1.0,2.0,0.0,0.0,0.0,0.0,0.0,0.0,0.0,0.0,0.0,0.0,0.0,0.0,0.0,0.0,0.0,14.369999885559082,0.4014971951474327,14.548571450369698,0.37728991711174276,15.587142808096749,1.1561102979819484,0.0050577813621721646
2026-02-24,13.859999656677246,14.15999984741211,13.65999984741211,13.84000015258789,25141200,0.0,0.0,14.4,16.095499992370605,21.75325851533387,-1.0192068180634752,-0.8069066330871237,1.522931628350073,-0.0050323289426377205,0.20473333333333332,0.17765138145630427,3.0,0.0,0.0,0.0,0.0,0.0,0.0,23772100.0,15845900.0,18068200.0,0.0,-0.35767499999999997,0.0,0.0,0.2759639031346914,0.0,2.0,4.0,1.0,0.0,0.0,0.0,0.0,0.0,0.0,0.0,0.0,0.0,0.0,0.0,0.0,0.0,0.0,0.0,14.133333206176758,0.4488130184826993,14.49571432386126,0.45128919800790557,15.338571412222725,1.1286605198969974,-0.028089861303337904
