Date,open,high,low,close,volume,dividends,stock splits,SMA_5,SMA_20,RSI,MACD,Signal_Line,Volatility,Price_Change,avg_sentiment,sentiment_std,news_volume,reddit_avg_sentiment,reddit_weighted_sentiment,reddit_volume,reddit_engagement,reddit_positive_ratio,search_interest,volume_lag_1,volume_lag_2,volume_lag_3,avg_sentiment_lag_1,avg_sentiment_lag_2,avg_sentiment_lag_3,sentiment_std_lag_1,sentiment_std_lag_2,sentiment_std_lag_3,news_volume_lag_1,news_volume_lag_2,news_volume_lag_3,reddit_avg_sentiment_lag_1,reddit_avg_sentiment_lag_2,reddit_avg_sentiment_lag_3,reddit_weighted_sentiment_lag_1,reddit_weighted_sentiment_lag_2,reddit_weighted_sentiment_lag_3,reddit_volume_lag_1,reddit_volume_lag_2,reddit_volume_lag_3,reddit_engagement_lag_1,reddit_engagement_lag_2,reddit_engagement_lag_3,reddit_positive_ratio_lag_1,reddit_positive_ratio_lag_2,reddit_positive_ratio_lag_3,close_rolling_mean_3,close_rolling_std_3,close_rolling_mean_7,close_rolling_std_7,close_rolling_mean_14,close_rolling_std_14,target
2021-01-19,168.14041494223025,169.71337346100526,167.4955963154156,168.29672241210938,7834700,0.0,0.0,0.0,0.0,0.0,0.0,0.0,0.0,0.0,0.0,0.0,0.0,0.0,0.0,0.0,0.0,0.0,0.0,0.0,0.0,0.0,0.0,0.0,0.0,0.0,0.0,0.0,0.0,0.0,0.0,0.0,0.0,0.0,0.0,0.0,0.0,0.0,0.0,0.0,0.0,0.0,0.0,0.0,0.0,0.0,168.4269816080729,1.1583533432205406,166.70840672084265,3.5057236244196255,168.89686802455358,4.6241189494011135,-0.007947398472294864
2021-01-20,171.1886082657044,173.78741160850666,169.0196839609862,169.64495849609375,9809200,0.0,0.0,0.0,0.0,0.0,0.10755159644321566,0.021510319288643134,0.0,0.008011065602828271,0.0,0.0,0.0,0.0,0.0,0.0,0.0,0.0,0.0,7834700.0,0.0,0.0,0.0,0.0,0.0,0.0,0.0,0.0,0.0,0.0,0.0,0.0,0.0,0.0,0.0,0.0,0.0,0.0,0.0,0.0,0.0,0.0,0.0,0.0,0.0,0.0,168.4269816080729,1.1583533432205406,166.70840672084265,3.5057236244196255,168.89686802455358,4.6241189494011135,0.013778562939271044
2021-01-21,169.25417565764644,170.97367698511698,167.0852512484175,167.33926391601562,8416400,0.0,0.0,0.0,0.0,0.0,0.006659956539834866,0.01854024673888148,0.0,-0.01359129443349305,0.0,0.0,0.0,0.0,0.0,0.0,0.0,0.0,0.0,9809200.0,7834700.0,0.0,0.0,0.0,0.0,0.0,0.0,0.0,0.0,0.0,0.0,0.0,0.0,0.0,0.0,0.0,0.0,0.0,0.0,0.0,0.0,0.0,0.0,0.0,0.0,0.0,168.4269816080729,1.1583533432205406,166.70840672084265,3.5057236244196255,168.89686802455358,4.6241189494011135,-0.008681626305988455
2021-01-22,169.9966958424701,171.21793647352231,167.93524106094503,168.8047637939453,9517200,0.0,0.0,0.0,0.0,0.0,0.04444387614790912,0.02372097262068701,0.0,0.008757657011478237,0.0,0.0,0.0,0.0,0.0,0.0,0.0,0.0,0.0,8416400.0,9809200.0,7834700.0,0.0,0.0,0.0,0.0,0.0,0.0,0.0,0.0,0.0,0.0,0.0,0.0,0.0,0.0,0.0,0.0,0.0,0.0,0.0,0.0,0.0,0.0,0.0,0.0,168.59632873535156,1.1668936345651382,166.70840672084265,3.5057236244196255,168.89686802455358,4.6241189494011135,0.00517772259073479
2021-01-25,167.93524169921875,169.1271737522737,164.88702984299823,167.93524169921875,7833700,0.0,0.0,168.40419006347656,0.0,0.0,0.004176593342492652,0.019812096765048137,0.0,-0.00515105187308551,0.0,0.0,0.0,0.0,0.0,0.0,0.0,0.0,0.0,9517200.0,8416400.0,9809200.0,0.0,0.0,0.0,0.0,0.0,0.0,0.0,0.0,0.0,0.0,0.0,0.0,0.0,0.0,0.0,0.0,0.0,0.0,0.0,0.0,0.0,0.0,0.0,0.0,168.02642313639322,0.7369925467173174,166.70840672084265,3.5057236244196255,168.89686802455358,4.6241189494011135,0.013741573456998557
2021-01-26,169.01968497205434,169.36163827468155,165.16056797880307,165.65882873535156,7523200,0.0,0.0,167.876611328125,0.0,0.0,-0.20901364065505845,-0.02595305071897318,0.0,-0.013555302275054193,0.0,0.0,0.0,0.0,0.0,0.0,0.0,0.0,0.0,7833700.0,9517200.0,8416400.0,0.0,0.0,0.0,0.0,0.0,0.0,0.0,0.0,0.0,0.0,0.0,0.0,0.0,0.0,0.0,0.0,0.0,0.0,0.0,0.0,0.0,0.0,0.0,0.0,167.46627807617188,1.624552864030054,166.70840672084265,3.5057236244196255,168.89686802455358,4.6241189494011135,0.04005398086873102
2021-01-27,161.2135087493086,162.51291041566313,156.82682246344405,159.27906799316406,18239200,0.0,0.0,165.80343322753907,0.0,0.0,-0.8825878872874569,-0.19728001803266992,0.0,-0.0385114442187654,0.0,0.0,0.0,0.0,0.0,0.0,0.0,0.0,0.0,7523200.0,7833700.0,9517200.0,0.0,0.0,0.0,0.0,0.0,0.0,0.0,0.0,0.0,0.0,0.0,0.0,0.0,0.0,0.0,0.0,0.0,0.0,0.0,0.0,0.0,0.0,0.0,0.0,164.29104614257812,4.487255032106895,166.70840672084265,3.5057236244196255,168.89686802455358,4.6241189494011135,-0.05148946907919494
2021-01-28,162.3468275745295,168.90245322900287,162.1318880509257,167.9254608154297,14449100,0.0,0.0,165.92067260742186,0.0,0.0,-0.7105182783168118,-0.2999276700894983,0.0,0.054284551832239014,0.0,0.0,0.0,0.0,0.0,0.0,0.0,0.0,0.0,18239200.0,7523200.0,7833700.0,0.0,0.0,0.0,0.0,0.0,0.0,0.0,0.0,0.0,0.0,0.0,0.0,0.0,0.0,0.0,0.0,0.0,0.0,0.0,0.0,0.0,0.0,0.0,0.0,164.28778584798178,4.483285197094545,166.6553693498884,3.480406393413612,168.89686802455358,4.6241189494011135,0.02206105380038559
2021-01-29,164.9163217562245,165.90307872334554,161.97556506177716,164.30081176757812,12848800,0.0,0.0,165.01988220214844,0.0,0.0,-0.8567546252104137,-0.41129306111368136,0.0,-0.021584868847467353,0.0,0.0,0.0,0.0,0.0,0.0,0.0,0.0,0.0,14449100.0,18239200.0,7523200.0,0.0,0.0,0.0,0.0,0.0,0.0,0.0,0.0,0.0,0.0,0.0,0.0,0.0,0.0,0.0,0.0,0.0,0.0,0.0,0.0,0.0,0.0,0.0,0.0,163.83511352539062,4.341967681686956,165.8919198172433,3.296606431946846,168.89686802455358,4.6241189494011135,-0.01637724221053305
2021-02-01,166.90939367633217,167.77891639749123,164.1640471603487,167.03640747070312,8140400,0.0,0.0,164.84011535644532,0.0,0.0,-0.7433395175391979,-0.4777023523987847,0.0,0.01664992201617843,0.0,0.0,0.0,0.0,0.0,0.0,0.0,0.0,0.0,12848800.0,14449100.0,18239200.0,0.0,0.0,0.0,0.0,0.0,0.0,0.0,0.0,0.0,0.0,0.0,0.0,0.0,0.0,0.0,0.0,0.0,0.0,0.0,0.0,0.0,0.0,0.0,0.0,166.42089335123697,1.8890906287072178,165.8486546107701,3.2763706471478615,168.89686802455358,4.6241189494011135,-0.033849389246264905
2021-02-02,169.77197220520642,175.6241470948685,168.82428839194012,172.88858032226562,12215200,0.0,0.0,166.28606567382812,0.0,0.0,-0.17917042203066558,-0.4179959663251609,0.0,0.035035313200141305,0.0,0.0,0.0,0.0,0.0,0.0,0.0,0.0,0.0,8140400.0,12848800.0,14449100.0,0.0,0.0,0.0,0.0,0.0,0.0,0.0,0.0,0.0,0.0,0.0,0.0,0.0,0.0,0.0,0.0,0.0,0.0,0.0,0.0,0.0,0.0,0.0,0.0,168.07526652018228,4.387124716797259,166.4320569719587,4.140191058799752,168.89686802455358,4.6241189494011135,0.003004118978549908
2021-02-03,172.92765086768313,174.32474281220766,171.71617495245212,172.37075805664062,5508600,0.0,0.0,168.90440368652344,0.0,0.0,0.2235764711757895,-0.2896814788249708,0.0,-0.002995121277876045,0.0,0.0,0.0,0.0,0.0,0.0,0.0,0.0,0.0,12215200.0,8140400.0,12848800.0,0.0,0.0,0.0,0.0,0.0,0.0,0.0,0.0,0.0,0.0,0.0,0.0,0.0,0.0,0.0,0.0,0.0,0.0,0.0,0.0,0.0,0.0,0.0,0.0,170.76524861653647,3.239633805361187,167.0657021658761,4.708948124700187,168.89686802455358,4.6241189494011135,-0.021084166385249237
2021-02-04,173.50406902208383,177.20687840173642,172.42938637450962,176.0833282470703,9035400,0.0,0.0,170.53597717285157,0.0,0.0,0.8327304742501553,-0.06519908820994558,0.0,0.021538283130423608,0.0,0.0,0.0,0.0,0.0,0.0,0.0,0.0,0.0,5508600.0,12215200.0,8140400.0,0.0,0.0,0.0,0.0,0.0,0.0,0.0,0.0,0.0,0.0,0.0,0.0,0.0,0.0,0.0,0.0,0.0,0.0,0.0,0.0,0.0,0.0,0.0,0.0,173.78088887532553,2.0107101407499397,168.55491638183594,5.727988725988449,168.89686802455358,4.6241189494011135,-0.005133738155042367
2021-02-05,177.5293074557041,178.12527345593543,175.2040606174701,176.99195861816406,6640500,0.0,0.0,173.07420654296874,0.0,60.697100177693386,1.372981412538138,0.22243701193967116,0.0,0.005160229421713458,0.0,0.0,0.0,0.0,0.0,0.0,0.0,0.0,0.0,9035400.0,5508600.0,12215200.0,0.0,0.0,0.0,0.0,0.0,0.0,0.0,0.0,0.0,0.0,0.0,0.0,0.0,0.0,0.0,0.0,0.0,0.0,0.0,0.0,0.0,0.0,0.0,0.0,175.148681640625,2.448274262957667,171.08532932826452,4.781570866045477,168.89686802455358,4.6241189494011135,-0.046526229037496925
2021-02-08,179.62005802366735,186.25382983517758,179.0827092241557,185.62855529785156,16085700,0.0,0.0,176.79263610839843,0.0,67.58521605717144,2.4695677071543685,0.6718631509826107,0.0,0.04879654842579484,0.0,0.0,0.0,0.5389,0.5389,1.0,151.0,1.0,0.0,6640500.0,9035400.0,5508600.0,0.0,0.0,0.0,0.0,0.0,0.0,0.0,0.0,0.0,0.0,0.0,0.0,0.0,0.0,0.0,0.0,0.0,0.0,0.0,0.0,0.0,0.0,0.0,0.0,179.5679473876953,5.268266172879351,173.61434282575334,6.999164323603094,170.13485608782088,6.4217465320517935,0.009510616897231872
2021-02-09,183.84065743921926,184.89581101624373,181.75965886444422,183.87974548339844,11270800,0.0,0.0,178.990869140625,0.0,64.32643894642146,3.16106709571892,1.1697039399298728,0.0,-0.009421017211748817,0.0,0.0,0.0,0.9973,0.9973000000000001,1.0,751.0,1.0,0.0,16085700.0,6640500.0,9035400.0,0.0,0.0,0.0,0.0,0.0,0.0,0.0,0.0,0.0,0.5389,0.0,0.0,0.5389,0.0,0.0,1.0,0.0,0.0,151.0,0.0,0.0,1.0,0.0,0.0,182.16675313313803,4.56601113072836,176.41133335658483,6.554951641289398,171.15162658691406,7.39185229290521,-0.007488184072328763
2021-02-10,185.60899769522715,186.31243336171548,181.53494148965225,185.26705932617188,11464600,0.0,0.0,181.57012939453125,0.0,68.38305196125984,3.777485474835771,1.6912602469110525,0.0,0.007544680025123762,0.0,0.0,0.0,0.0,0.0,0.0,0.0,0.0,0.0,11270800.0,16085700.0,6640500.0,0.0,0.0,0.0,0.0,0.0,0.0,0.0,0.0,0.0,0.9973,0.5389,0.0,0.9973000000000001,0.5389,0.0,1.0,1.0,0.0,751.0,151.0,0.0,1.0,1.0,0.0,184.92512003580728,0.9231878468129299,179.01571219308036,5.785894764174309,172.43218340192522,8.190364957835966,-0.006704806489796544
2021-02-11,184.82741630457573,186.84979774172163,183.74296904478106,186.5176239013672,17507900,0.0,0.0,183.65698852539063,0.0,68.24307164652353,4.31714621689639,2.2164374409081202,0.0,0.00675006436515857,0.0,0.0,0.0,0.2732,0.2732,1.0,220.0,1.0,0.0,11464600.0,11270800.0,16085700.0,0.0,0.0,0.0,0.0,0.0,0.0,0.0,0.0,0.0,0.0,0.9973,0.5389,0.0,0.9973000000000001,0.5389,0.0,1.0,1.0,0.0,751.0,151.0,0.0,1.0,1.0,185.22147623697916,1.3195298407052112,180.9627184186663,5.67245641898761,173.6973876953125,8.922306058620293,0.017264322536103105
2021-02-12,188.55954444298183,189.38999399558628,182.2677106265919,183.3521728515625,27233800,0.0,0.0,184.9290313720703,0.0,65.16138810274818,4.438244478447814,2.660798848416059,0.0,-0.01697132412258595,0.0,0.0,0.0,0.0,0.0,0.0,0.0,0.0,0.0,17507900.0,11464600.0,11270800.0,0.0,0.0,0.0,0.0,0.0,0.0,0.0,0.0,0.0,0.2732,0.0,0.9973,0.2732,0.0,0.9973000000000001,1.0,0.0,1.0,220.0,0.0,751.0,1.0,0.0,1.0,185.04561869303384,1.5943014309348,182.53149196079798,4.237155641675643,174.79859706333704,9.105929476360643,0.007083513177138068
2021-02-16,182.99067026920696,184.10444095270563,180.6068065482435,182.06253051757812,11630700,0.0,0.0,184.21582641601563,173.56319198608398,66.45109003871931,4.379666297995641,3.0045723383319753,8.29610335252485,-0.007033689941751797,0.0,0.0,0.0,0.4939,0.4939,1.0,499.0,1.0,0.0,27233800.0,17507900.0,11464600.0,0.0,0.0,0.0,0.0,0.0,0.0,0.0,0.0,0.0,0.0,0.2732,0.0,0.0,0.2732,0.0,0.0,1.0,0.0,0.0,220.0,0.0,0.0,1.0,0.0,183.9774424235026,2.292419200924168,183.38566371372767,3.1951726990981735,175.97029004778182,8.892272500976661,-0.000482767916298088
2021-02-17,181.09531332945878,183.31309026961253,177.96894060564003,182.1504669189453,11391800,0.0,0.0,183.869970703125,174.2558792114258,76.25025393867644,4.290875854753352,3.261833041616251,8.41080308774508,0.0004830010937297846,0.0,0.0,0.0,0.0,0.0,0.0,0.0,0.0,0.0,11630700.0,27233800.0,17507900.0,0.0,0.0,0.0,0.0,0.0,0.0,0.0,0.0,0.0,0.4939,0.0,0.2732,0.4939,0.0,0.2732,1.0,0.0,1.0,499.0,0.0,220.0,1.0,0.0,1.0,182.52172342936197,0.7205330560051543,184.12259347098214,1.7368342592817307,177.60396139962333,7.596436291455521,0.01879782090466331
2021-02-18,180.5384216786011,182.1113800619286,178.6332894522656,178.78961181640625,12380900,0.0,0.0,182.57448120117186,174.7131118774414,64.19089007652393,3.904309421187122,3.3903283175304253,8.395498387477382,-0.01845098263752787,0.0,0.0,0.0,0.0,0.0,0.0,0.0,0.0,0.0,11391800.0,11630700.0,27233800.0,0.0,0.0,0.0,0.0,0.0,0.0,0.0,0.0,0.0,0.0,0.4939,0.0,0.0,0.4939,0.0,0.0,1.0,0.0,0.0,499.0,0.0,0.0,1.0,0.0,181.00086975097656,1.9155102303489169,183.1456015450614,2.5030228127254186,178.37997218540735,7.068226147231485,-0.003539229815900047
2021-02-19,180.0303822273943,180.52864295280128,178.58442283415835,179.4246368408203,8834500,0.0,0.0,181.1558837890625,175.31738052368163,71.42853436612374,3.607607694030804,3.433784192830501,8.270828546588845,0.003551800453966747,0.0,0.0,0.0,0.0,0.0,0.0,0.0,0.0,0.0,12380900.0,11391800.0,11630700.0,0.0,0.0,0.0,0.0,0.0,0.0,0.0,0.0,0.0,0.0,0.0,0.4939,0.0,0.0,0.4939,0.0,0.0,1.0,0.0,0.0,499.0,0.0,0.0,1.0,180.12157185872397,1.7855322930294115,182.50915745326452,2.830250950012267,179.46024540492468,5.791295685086369,-0.04229249256518264
2021-02-22,177.55860008764884,189.55606529302986,177.3534251289375,187.34805297851562,18799600,0.0,0.0,181.95505981445314,176.24454498291016,75.09047426610292,3.9661041216984927,3.5402481786040996,8.537396732679726,0.04416013473514635,0.0,0.0,0.0,0.0,0.0,0.0,0.0,0.0,0.0,8834500.0,12380900.0,11391800.0,0.0,0.0,0.0,0.0,0.0,0.0,0.0,0.0,0.0,0.0,0.0,0.0,0.0,0.0,0.0,0.0,0.0,0.0,0.0,0.0,0.0,0.0,0.0,0.0,181.8541005452474,4.768485000465903,182.8064422607422,3.2468487801426305,180.91107722691126,4.917827474527667,-0.027043471149615805
2021-02-23,189.13594667488607,194.36286174408582,184.31938151411885,192.555419921875,23191400,0.0,0.0,184.0536376953125,177.47555389404297,74.68723543630743,4.617182114678229,3.7556349658189254,9.03661609313859,0.027795148444678786,0.0,0.0,0.0,0.0,0.0,0.0,0.0,0.0,0.0,18799600.0,8834500.0,12380900.0,0.0,0.0,0.0,0.0,0.0,0.0,0.0,0.0,0.0,0.0,0.0,0.0,0.0,0.0,0.0,0.0,0.0,0.0,0.0,0.0,0.0,0.0,0.0,0.0,186.4427032470703,6.612042776827667,183.66898454938615,4.818609825048826,182.31585148402624,5.247769798277049,-0.0021264879168484407
2021-02-24,193.0341558995328,195.9846770562537,190.83592304828844,192.96575927734375,16205900,0.0,0.0,186.2166961669922,178.84090042114258,75.92227967731255,5.107402119133582,4.025988396481857,9.218334774956245,0.0021310195040744606,0.0,0.0,0.0,0.0,0.0,0.0,0.0,0.0,0.0,23191400.0,18799600.0,8834500.0,0.0,0.0,0.0,0.0,0.0,0.0,0.0,0.0,0.0,0.0,0.0,0.0,0.0,0.0,0.0,0.0,0.0,0.0,0.0,0.0,0.0,0.0,0.0,0.0,190.95641072591147,3.131657519837555,185.0423540387835,5.950359208848981,183.78692299979073,5.130804968993565,0.0341920658156214
2021-02-25,193.18069702865242,193.40541600717472,185.99981205814444,186.58599853515625,12712000,0.0,0.0,187.77597351074218,180.20624694824218,62.38764689007168,4.924346825593545,4.2056600823041945,8.126027250088086,-0.033061620704521344,0.0,0.0,0.0,0.0,0.0,0.0,0.0,0.0,0.0,16205900.0,23191400.0,18799600.0,0.0,0.0,0.0,0.0,0.0,0.0,0.0,0.0,0.0,0.0,0.0,0.0,0.0,0.0,0.0,0.0,0.0,0.0,0.0,0.0,0.0,0.0,0.0,0.0,190.702392578125,3.5708009653861823,185.68856375558036,5.816944063295858,184.537113734654,4.664411257969396,0.010262324017261903
2021-02-26,185.6969592334693,187.201521023626,181.1832440475563,184.69064331054688,15844000,0.0,0.0,188.8291748046875,181.04450607299805,58.873862101012044,4.573613095351533,4.279250684913662,7.642859047585562,-0.010158078524055258,0.0,0.0,0.0,0.0,0.0,0.0,0.0,0.0,0.0,12712000.0,16205900.0,23191400.0,0.0,0.0,0.0,0.0,0.0,0.0,0.0,0.0,0.0,0.0,0.0,0.0,0.0,0.0,0.0,0.0,0.0,0.0,0.0,0.0,0.0,0.0,0.0,0.0,188.08080037434897,4.335344331171909,186.05144609723772,5.635851906101971,185.08701978410994,4.129613255301605,-0.030464713277103428
2021-03-01,188.7842512109235,192.36981179462668,186.98658864010133,190.49398803710938,10709900,0.0,0.0,189.45836181640624,182.35416488647462,56.000013548253804,4.709645642775428,4.365329676486016,6.822909860194022,0.03142197472778574,0.0,0.0,0.0,0.0,0.0,0.0,0.0,0.0,0.0,15844000.0,12712000.0,16205900.0,0.0,0.0,0.0,0.0,0.0,0.0,0.0,0.0,0.0,0.0,0.0,0.0,0.0,0.0,0.0,0.0,0.0,0.0,0.0,0.0,0.0,0.0,0.0,0.0,187.25687662760416,2.959266896551407,187.72349984305245,4.795980190188563,185.43455069405692,4.3760654088053474,0.0053625395647347585
2021-03-02,191.5882124000092,193.405418829937,189.0382616823319,189.4779052734375,8371400,0.0,0.0,188.84285888671874,183.47623977661132,57.030664021104194,4.681497638751637,4.42856326893914,5.962262127737651,-0.005333936121248772,0.0,0.0,0.0,0.0,0.0,0.0,0.0,0.0,0.0,10709900.0,15844000.0,12712000.0,0.0,0.0,0.0,0.0,0.0,0.0,0.0,0.0,0.0,0.0,0.0,0.0,0.0,0.0,0.0,0.0,0.0,0.0,0.0,0.0,0.0,0.0,0.0,0.0,188.2208455403646,3.099169547348949,189.15968104771204,3.1031449644973303,185.83441925048828,4.477654768578397,0.008738221824498682
2021-03-03,190.15202990771115,192.28186612044382,187.78771015919673,187.8365478515625,8750300,0.0,0.0,187.8170166015625,184.22363815307617,53.20652997679182,4.475159463611902,4.4378825078736925,5.482817615258941,-0.008662526744246724,0.0,0.0,0.0,0.9648,0.9648,1.0,12548.0,1.0,0.0,8371400.0,10709900.0,15844000.0,0.0,0.0,0.0,0.0,0.0,0.0,0.0,0.0,0.0,0.0,0.0,0.0,0.0,0.0,0.0,0.0,0.0,0.0,0.0,0.0,0.0,0.0,0.0,0.0,189.26948038736978,1.340924227832785,189.2294660295759,3.060818180702322,186.01795414515905,4.505186155046552,0.022496396567982746
2021-03-04,185.5308436275952,188.05148571111863,179.88382896642585,183.70387268066406,12542600,0.0,0.0,187.24059143066407,184.79029388427733,46.72428126820811,3.9328274385320583,4.336871494005366,4.726865581319812,-0.0220014433728003,0.0,0.0,0.0,0.0,0.0,0.0,0.0,0.0,0.0,8750300.0,8371400.0,10709900.0,0.0,0.0,0.0,0.0,0.0,0.0,0.0,0.0,0.0,0.9648,0.0,0.0,0.9648,0.0,0.0,1.0,0.0,0.0,12548.0,0.0,0.0,1.0,0.0,0.0,187.00610860188803,2.975245385871942,187.96495928083147,3.2784401512611003,185.8169719151088,4.543777816167169,-0.010316396284893892
2021-03-05,184.79810473480913,186.18544704837484,179.12178133016982,185.61878967285156,10266400,0.0,0.0,187.426220703125,185.2670669555664,52.71789148194567,3.6158617950282235,4.192669554209937,4.260286682270547,0.01042393371595507,0.0,0.0,0.0,0.0,0.0,0.0,0.0,0.0,0.0,12542600.0,8750300.0,8371400.0,0.0,0.0,0.0,0.0,0.0,0.0,0.0,0.0,0.0,0.0,0.9648,0.0,0.0,0.9648,0.0,0.0,1.0,0.0,0.0,12548.0,0.0,0.0,1.0,0.0,185.71973673502603,2.068186101167211,186.91539219447546,2.4924684115472098,185.97887311662947,4.48925205990538,-0.05903621531337311
2021-03-08,192.77037056447116,198.34900380038167,189.33135309760758,197.26454162597656,25093200,0.0,0.0,188.78033142089845,186.28069610595702,64.60210299338428,4.255326340737156,4.205200911515381,4.58696040319133,0.06274015671393163,0.0,0.0,0.0,0.0,0.0,0.0,0.0,0.0,0.0,10266400.0,12542600.0,8750300.0,0.0,0.0,0.0,0.0,0.0,0.0,0.0,0.0,0.0,0.0,0.0,0.9648,0.0,0.0,0.9648,0.0,0.0,1.0,0.0,0.0,12548.0,0.0,0.0,1.0,188.8624013264974,7.339189190969313,188.44089835030692,4.618452180253794,187.06473105294364,5.2441567679251335,0.03804435801164585
2021-03-09,195.58411473059317,197.059367916396,189.8980116967213,190.0347900390625,23331000,0.0,0.0,188.89170837402344,186.5010078430176,56.65950675208386,4.131105258895076,4.19038178099132,4.659235861584963,-0.036650031107070546,0.0,0.0,0.0,0.0,0.0,0.0,0.0,0.0,0.0,25093200.0,10266400.0,12542600.0,0.0,0.0,0.0,0.0,0.0,0.0,0.0,0.0,0.0,0.0,0.0,0.0,0.0,0.0,0.0,0.0,0.0,0.0,0.0,0.0,0.0,0.0,0.0,0.0,190.97270711263022,5.879255987460984,189.20434788295202,4.327753358223959,187.62789699009485,5.097106410421308,-0.0028196855301194645
2021-03-10,192.77037655153373,194.22610065844725,190.20088165586034,190.5721435546875,13662100,0.0,0.0,189.43882751464844,186.83562774658202,60.45060290794678,4.029568734380376,4.158219171669131,4.701202631641779,0.0028276586382658397,0.0,0.0,0.0,0.9831,0.9830999999999999,1.0,17.0,1.0,0.0,23331000.0,25093200.0,10266400.0,0.0,0.0,0.0,0.0,0.0,0.0,0.0,0.0,0.0,0.0,0.0,0.0,0.0,0.0,0.0,0.0,0.0,0.0,0.0,0.0,0.0,0.0,0.0,0.0,192.6238250732422,4.027949204285661,189.21551295689173,4.331733976095934,188.4695063999721,4.458211372181331,-0.008589453402893965
2021-03-11,192.83874600684553,194.47032136790776,190.90429050863037,192.22323608398438,11933900,0.0,0.0,191.1427001953125,187.18343658447264,61.15082702364813,4.035807400024964,4.1337368173402975,4.834477680625187,0.00866387132190205,0.0,0.0,0.0,0.8914,0.8914,1.0,4113.0,1.0,0.0,13662100.0,23331000.0,25093200.0,0.0,0.0,0.0,0.0,0.0,0.0,0.0,0.0,0.0,0.9831,0.0,0.0,0.9830999999999999,0.0,0.0,1.0,0.0,0.0,17.0,0.0,0.0,1.0,0.0,0.0,190.94338989257812,1.1404788053406283,189.60770307268416,4.481152614208612,189.38369206019811,3.710317813539531,-0.0020796440373120895
2021-03-12,192.00831509105464,193.8450655726804,190.689369388573,192.6238250732422,13249100,0.0,0.0,192.54370727539063,187.4887466430664,55.28997696145136,4.02665895316278,4.112321244504795,4.980813451778735,0.002083977969670636,0.0,0.0,0.0,0.0,0.0,0.0,0.0,0.0,0.0,11933900.0,13662100.0,23331000.0,0.0,0.0,0.0,0.0,0.0,0.0,0.0,0.0,0.0,0.8914,0.9831,0.0,0.8914,0.9830999999999999,0.0,1.0,1.0,0.0,4113.0,17.0,0.0,1.0,1.0,0.0,191.80640157063803,1.0875028836890352,190.2915998186384,4.530827192725187,189.76053292410714,3.7553087199167376,0.002032912045101032
2021-03-15,193.9720776232726,193.9720776232726,190.32789989957357,192.2330322265625,10311400,0.0,0.0,191.53740539550782,187.93278961181642,49.64218237589006,3.9424291571320396,4.078342827030244,4.988487113714753,-0.002028787698152623,0.0,0.0,0.0,0.0,0.0,0.0,0.0,0.0,0.0,13249100.0,11933900.0,13662100.0,0.0,0.0,0.0,0.0,0.0,0.0,0.0,0.0,0.0,0.0,0.8914,0.9831,0.0,0.8914,0.9830999999999999,0.0,1.0,1.0,0.0,4113.0,17.0,0.0,1.0,1.0,192.3600311279297,0.22850475988417804,191.51005118233817,3.491633217952337,189.73750523158483,3.7377996632130706,0.012973559026356662
2021-03-16,191.588233238912,192.0669500180368,188.4423162287106,189.77102661132812,9680700,0.0,0.0,191.48465270996093,188.3182144165039,46.60862381754568,3.635109875754438,3.9896962367750834,4.80549684063542,-0.012807401447700761,0.0,0.0,0.0,0.0,0.0,0.0,0.0,0.0,0.0,10311400.0,13249100.0,11933900.0,0.0,0.0,0.0,0.0,0.0,0.0,0.0,0.0,0.0,0.0,0.0,0.8914,0.0,0.0,0.8914,0.0,0.0,1.0,0.0,0.0,4113.0,0.0,0.0,1.0,191.5426279703776,1.5466442040085315,192.10322788783483,2.5496159589913434,189.50931004115515,3.6212554034366904,-0.005121886794686614
2021-03-17,188.98942691929503,191.67615622796262,187.36761583148234,190.74801635742188,14418700,0.0,0.0,191.51982727050782,188.74809188842772,54.99066133279468,3.4308434113919475,3.8779256716984567,4.605089480146017,0.005148255576941763,0.0,0.0,0.0,0.0,0.0,0.0,0.0,0.0,0.0,9680700.0,10311400.0,13249100.0,0.0,0.0,0.0,0.0,0.0,0.0,0.0,0.0,0.0,0.0,0.0,0.0,0.0,0.0,0.0,0.0,0.0,0.0,0.0,0.0,0.0,0.0,0.0,0.0,190.9173583984375,1.2397078113420934,191.17229570661272,1.1643485257465662,189.80659702845983,3.5325596352668445,0.015394347502631023
2021-03-18,190.46466223611424,190.59167601647607,187.32852503250817,187.85609436035156,9644500,0.0,0.0,190.64639892578126,189.201416015625,53.70708372125438,3.0010130203286565,3.7025431414244965,3.9765391739825597,-0.01516095450057764,0.0,0.0,0.0,0.0,0.0,0.0,0.0,0.0,0.0,14418700.0,9680700.0,10311400.0,0.0,0.0,0.0,0.0,0.0,0.0,0.0,0.0,0.0,0.0,0.0,0.0,0.0,0.0,0.0,0.0,0.0,0.0,0.0,0.0,0.0,0.0,0.0,0.0,189.45837910970053,1.4710929795529537,190.86105346679688,1.6911246277140386,190.03270067487443,3.2715847334619648,0.005964205127408917
2021-03-19,186.52738531068297,189.53652366082252,185.39407056042506,186.74232482910156,28354600,0.0,0.0,189.47009887695313,189.56730041503906,45.064257061973365,2.5412040274547962,3.4702753186305566,3.31049926905763,-0.005928844283931145,0.0,0.0,0.0,0.0,0.0,0.0,0.0,0.0,0.0,9644500.0,14418700.0,9680700.0,0.0,0.0,0.0,0.0,0.0,0.0,0.0,0.0,0.0,0.0,0.0,0.0,0.0,0.0,0.0,0.0,0.0,0.0,0.0,0.0,0.0,0.0,0.0,0.0,188.44881184895834,2.067577488509015,190.3139365059989,2.3073979901927193,189.7647247314453,3.382658244353126,-0.008918510180406902
2021-03-22,188.81356630779325,191.81294045636432,187.58256111724148,188.4227752685547,8838500,0.0,0.0,188.70804748535156,189.62103652954102,48.63570484078257,2.2860482529663386,3.2334299054977134,3.2811730093189064,0.008998765764488548,0.0,0.0,0.0,0.0,0.0,0.0,0.0,0.0,0.0,28354600.0,9644500.0,14418700.0,0.0,0.0,0.0,0.0,0.0,0.0,0.0,0.0,0.0,0.0,0.0,0.0,0.0,0.0,0.0,0.0,0.0,0.0,0.0,0.0,0.0,0.0,0.0,0.0,187.6737314860026,0.8549389354333502,189.77101353236608,2.2290588960104616,189.6893583025251,3.401243437266372,0.02188324977819911
2021-03-23,187.18197046870307,187.91471476921413,183.64526274870698,184.3877716064453,10701200,0.0,0.0,187.631396484375,189.21265411376953,45.80063460826001,1.738207416683565,2.934385407734884,3.402760194904055,-0.021414628122096047,0.0,0.0,0.0,0.0,0.0,0.0,0.0,0.0,0.0,8838500.0,28354600.0,9644500.0,0.0,0.0,0.0,0.0,0.0,0.0,0.0,0.0,0.0,0.0,0.0,0.0,0.0,0.0,0.0,0.0,0.0,0.0,0.0,0.0,0.0,0.0,0.0,0.0,186.5176239013672,2.02686494826426,188.5944344656808,2.612872404570677,189.4430171421596,3.660751071957665,0.021708361495612838
2021-03-24,185.68719881484924,186.11707791548025,180.39190106413346,180.47006225585938,13549100,0.0,0.0,185.5758056640625,188.5878692626953,46.04166347593089,0.9766549338889661,2.5428393129657003,3.801223859419345,-0.02124712130557027,0.0,0.0,0.0,0.0,0.0,0.0,0.0,0.0,0.0,10701200.0,8838500.0,28354600.0,0.0,0.0,0.0,0.0,0.0,0.0,0.0,0.0,0.0,0.0,0.0,0.0,0.0,0.0,0.0,0.0,0.0,0.0,0.0,0.0,0.0,0.0,0.0,0.0,184.42686971028647,3.9765006679071604,186.91401018415178,3.510979516506311,189.212030683245,4.123510949549845,-0.011716726943775901
2021-03-25,177.66607059158153,183.39124654517917,176.8453856610103,182.60964965820312,9609200,0.0,0.0,184.52651672363282,188.38905181884766,46.33681868081858,0.5395463719561064,2.1421807247637816,4.009710643643119,0.01185563619582708,0.0,0.0,0.0,0.0,0.0,0.0,0.0,0.0,0.0,13549100.0,10701200.0,8838500.0,0.0,0.0,0.0,0.0,0.0,0.0,0.0,0.0,0.0,0.0,0.0,0.0,0.0,0.0,0.0,0.0,0.0,0.0,0.0,0.0,0.0,0.0,0.0,0.0,182.4891611735026,1.9616319086734892,185.89095633370536,3.582372709945149,188.9970921107701,4.3947234720539194,0.005324964463975013
2021-03-26,184.48546150632197,184.6320043911799,178.36949495216214,181.6424102783203,10196100,0.0,0.0,183.50653381347655,188.23664016723632,24.300849733774186,0.11377502535759731,1.7364995848825449,4.2105892188018235,-0.0052967594083512815,0.0,0.0,0.0,0.0,0.0,0.0,0.0,0.0,0.0,9609200.0,13549100.0,10701200.0,0.0,0.0,0.0,0.0,0.0,0.0,0.0,0.0,0.0,0.0,0.0,0.0,0.0,0.0,0.0,0.0,0.0,0.0,0.0,0.0,0.0,0.0,0.0,0.0,181.57404073079428,1.0714309867361946,184.59015546526228,3.152112958347834,187.8812255859375,4.108014091601692,0.005788210324605192
2021-03-29,180.97810290911238,181.66199470342414,178.93617717704316,180.59707641601562,7544700,0.0,0.0,181.94139404296874,187.74179458618164,30.508516238333655,-0.3044915517380389,1.3283013575584282,4.502759631848415,-0.005754899754429443,0.0,0.0,0.0,0.857,0.857,1.0,40.0,1.0,0.0,10196100.0,9609200.0,13549100.0,0.0,0.0,0.0,0.0,0.0,0.0,0.0,0.0,0.0,0.0,0.0,0.0,0.0,0.0,0.0,0.0,0.0,0.0,0.0,0.0,0.0,0.0,0.0,0.0,181.6163787841797,1.0065391163821968,183.55315290178572,3.092075889096281,187.2071031842913,4.484537127308152,-0.003664993791220872
2021-03-30,179.60051422122504,182.03323065777784,179.33672209973835,181.2613983154297,5929700,0.0,0.0,181.3161193847656,187.33096923828126,30.871062618774275,-0.5757289571817807,0.9474952946103864,4.70625534413559,0.0036784753806520243,0.0,0.0,0.0,0.0,0.0,0.0,0.0,0.0,0.0,7544700.0,10196100.0,9609200.0,0.0,0.0,0.0,0.0,0.0,0.0,0.0,0.0,0.0,0.857,0.0,0.0,0.857,0.0,0.0,1.0,0.0,0.0,40.0,0.0,0.0,1.0,0.0,0.0,181.16696166992188,0.5290268716531014,182.7701633998326,2.8330023357004883,186.54204995291573,4.6349817084195895,0.005473622662497402
2021-03-31,181.55450061106745,182.5998747335598,180.17693774063935,180.27464294433594,8478000,0.0,0.0,181.27703552246095,186.95287399291993,24.762681940622613,-0.8603914103410943,0.5859179536200904,4.960395562861208,-0.005443825217416709,0.0,0.0,0.0,0.0,0.0,0.0,0.0,0.0,0.0,5929700.0,7544700.0,10196100.0,0.0,0.0,0.0,0.0,0.0,0.0,0.0,0.0,0.0,0.0,0.857,0.0,0.0,0.857,0.0,0.0,1.0,0.0,0.0,40.0,0.0,0.0,1.0,0.0,180.7110392252604,0.5031522453627665,181.60614449637276,1.4689244793730736,185.68857901436942,4.608407521043549,-0.023548680579638437
2021-04-01,182.14068439518675,184.74926719933688,181.32001436416377,184.62225341796875,7749400,0.0,0.0,181.67955627441407,186.99879302978516,35.51462898416692,-0.7267945890183682,0.32337544509239863,4.932910799920228,0.02411659456163906,0.0,0.0,0.0,0.0,0.0,0.0,0.0,0.0,0.0,8478000.0,5929700.0,7544700.0,0.0,0.0,0.0,0.0,0.0,0.0,0.0,0.0,0.0,0.0,0.0,0.857,0.0,0.0,0.857,0.0,0.0,1.0,0.0,0.0,40.0,0.0,0.0,1.0,182.05276489257812,2.279281685571342,181.63964189801897,1.5436992298064276,185.1170381818499,4.156113623745233,0.002493348626114722
2021-04-05,187.0647393509879,187.2601348529224,183.76250020972645,184.16307067871094,7405300,0.0,0.0,182.18368835449218,186.92600708007814,35.42690679192066,-0.6504721174497377,0.12860593258397135,4.9649801310736255,-0.0024871473008092337,0.0,0.0,0.0,0.0,0.0,0.0,0.0,0.0,0.0,7749400.0,8478000.0,5929700.0,0.0,0.0,0.0,0.0,0.0,0.0,0.0,0.0,0.0,0.0,0.0,0.0,0.0,0.0,0.0,0.0,0.0,0.0,0.0,0.0,0.0,0.0,0.0,0.0,183.01998901367188,2.388599166315179,182.1672145298549,1.700465131048162,184.54061235700334,3.618048713434542,-0.006482843152386786
2021-04-06,184.16306489107214,186.8791025334528,183.54755491698677,185.36476135253906,7926200,0.0,0.0,183.13722534179686,186.33101806640624,41.663505502734765,-0.48740115728341493,0.005404514610494085,4.333720168475527,0.00652514464164522,0.0,0.0,0.0,0.0,0.0,0.0,0.0,0.0,0.0,7405300.0,7749400.0,8478000.0,0.0,0.0,0.0,0.0,0.0,0.0,0.0,0.0,0.0,0.0,0.0,0.0,0.0,0.0,0.0,0.0,0.0,0.0,0.0,0.0,0.0,0.0,0.0,0.0,184.7166951497396,0.606386468694721,182.56080191476005,2.0933891820454487,184.2258791242327,3.3062735773987275,0.011569535665587605
2021-04-07,185.43317369872702,185.95097851496126,182.64873919747188,183.2447052001953,6238700,0.0,0.0,183.53388671875,185.99151382446288,36.392566367567326,-0.5232058683682226,-0.10031756198524926,4.2940817114717875,-0.011437212428481391,0.0,0.0,0.0,0.0,0.0,0.0,0.0,0.0,0.0,7926200.0,7405300.0,7749400.0,0.0,0.0,0.0,0.0,0.0,0.0,0.0,0.0,0.0,0.0,0.0,0.0,0.0,0.0,0.0,0.0,0.0,0.0,0.0,0.0,0.0,0.0,0.0,0.0,184.25751241048178,1.0631787021932548,182.7897011893136,2.063620845574514,183.68992832728796,2.724699096697632,0.0012811663132468176
2021-04-08,182.89298941252133,183.7234389842371,181.35911896977896,183.01023864746094,7763000,0.0,0.0,184.081005859375,185.61341857910156,40.274512926361695,-0.5639994169477518,-0.19305393297774978,4.201442921409798,-0.0012795270263237235,0.0,0.0,0.0,0.0,0.0,0.0,0.0,0.0,0.0,6238700.0,7926200.0,7405300.0,0.0,0.0,0.0,0.0,0.0,0.0,0.0,0.0,0.0,0.0,0.0,0.0,0.0,0.0,0.0,0.0,0.0,0.0,0.0,0.0,0.0,0.0,0.0,0.0,183.87323506673178,1.2970087266584382,183.13443865094865,1.823929453931902,183.3437957763672,2.4485401839997136,-0.003033518912694544
2021-04-09,183.84064956215735,183.88950216142769,181.86712083185395,183.5670928955078,6089300,0.0,0.0,183.8699737548828,185.18061141967775,43.4816929079596,-0.5451114091023612,-0.26346542820267205,3.92120853031397,0.003042749149787083,0.0,0.0,0.0,0.0,0.0,0.0,0.0,0.0,0.0,7763000.0,6238700.0,7926200.0,0.0,0.0,0.0,0.0,0.0,0.0,0.0,0.0,0.0,0.0,0.0,0.0,0.0,0.0,0.0,0.0,0.0,0.0,0.0,0.0,0.0,0.0,0.0,0.0,183.27401224772134,0.2795815456495344,183.46382359095983,1.6268456412862697,183.1169934953962,2.248405408635946,0.00750706789449862
2021-04-12,183.43031530766027,183.528020506598,181.2125384797122,182.19931030273438,6662500,0.0,0.0,183.4772216796875,184.65938568115234,37.05795632602472,-0.6332118786287424,-0.33741471828788616,3.555535727441786,-0.007451131742615913,0.0,0.0,0.0,0.0,0.0,0.0,0.0,0.0,0.0,6089300.0,7763000.0,6238700.0,0.0,0.0,0.0,0.0,0.0,0.0,0.0,0.0,0.0,0.0,0.0,0.0,0.0,0.0,0.0,0.0,0.0,0.0,0.0,0.0,0.0,0.0,0.0,0.0,182.92554728190103,0.6878130384222165,183.73877607073103,1.062911805670695,182.67246028355189,1.6558412876434547,0.0053910269002366284
2021-04-13,181.32002611628081,182.15047566598525,180.35281312692914,181.2223358154297,6826500,0.0,0.0,182.64873657226562,184.1088508605957,42.458064000116345,-0.7729556599671241,-0.42452290662373376,3.1504909382251527,-0.005362119569395696,0.0,0.0,0.0,0.0,0.0,0.0,0.0,0.0,0.0,6662500.0,6089300.0,7763000.0,0.0,0.0,0.0,0.0,0.0,0.0,0.0,0.0,0.0,0.0,0.0,0.0,0.0,0.0,0.0,0.0,0.0,0.0,0.0,0.0,0.0,0.0,0.0,0.0,182.32957967122397,1.1777941341418423,183.2530735560826,1.3341214241385606,182.44635772705078,1.6193158508374306,-0.010508866238841508
2021-04-14,181.69127912063277,186.01934832789436,181.43726646159482,183.14700317382812,9089900,0.0,0.0,182.6291961669922,183.77764968872071,57.047354610852146,-0.720098198978576,-0.48363796509470225,2.858572539428015,0.010620475394151452,0.0,0.0,0.0,0.0,0.0,0.0,0.0,0.0,0.0,6826500.0,6662500.0,6089300.0,0.0,0.0,0.0,0.0,0.0,0.0,0.0,0.0,0.0,0.0,0.0,0.0,0.0,0.0,0.0,0.0,0.0,0.0,0.0,0.0,0.0,0.0,0.0,0.0,182.1895497639974,0.962370802346079,183.10792105538505,1.2724616084360205,182.63756779262,1.5231973438042892,0.008229063390374103
2021-04-15,183.7624829040069,184.55384430233443,181.42747184264306,181.6521759033203,7262500,0.0,0.0,182.35758361816406,183.32285766601564,47.39076161036027,-0.7897248913047008,-0.544855350336702,2.3736737453534573,-0.008161898609332141,0.0,0.0,0.0,0.0,0.0,0.0,0.0,0.0,0.0,9089900.0,6826500.0,6662500.0,0.0,0.0,0.0,0.0,0.0,0.0,0.0,0.0,0.0,0.0,0.0,0.0,0.0,0.0,0.0,0.0,0.0,0.0,0.0,0.0,0.0,0.0,0.0,0.0,182.00717163085938,1.0102487738419434,182.57755170549666,0.891793656949858,182.56917681012834,1.5458735919239905,-0.007102634655435924
2021-04-16,183.25449458431734,185.1107744138089,181.91600469136293,182.9516143798828,9453500,0.0,0.0,182.23448791503907,183.0776336669922,53.504300732717425,-0.7316170949534353,-0.5822076992600487,2.120539956000644,0.007153442947218425,0.0,0.0,0.0,0.0,0.0,0.0,0.0,0.0,0.0,7262500.0,9089900.0,6826500.0,0.0,0.0,0.0,0.0,0.0,0.0,0.0,0.0,0.0,0.0,0.0,0.0,0.0,0.0,0.0,0.0,0.0,0.0,0.0,0.0,0.0,0.0,0.0,0.0,182.5835978190104,0.8125295588288006,182.53568158830916,0.8616198805489611,182.6626913888114,1.5249554780138037,-0.0009069394617908788
2021-04-19,183.19585222637093,185.95097814061134,181.37864564039077,183.11769104003906,7625800,0.0,0.0,182.4181640625,182.89640197753906,57.08009775524671,-0.6645052463472325,-0.5986672086774855,1.9378752494903806,0.0009077627476488104,0.0,0.0,0.0,0.0,0.0,0.0,0.0,0.0,0.0,9453500.0,7262500.0,9089900.0,0.0,0.0,0.0,0.0,0.0,0.0,0.0,0.0,0.0,0.0,0.0,0.0,0.0,0.0,0.0,0.0,0.0,0.0,0.0,0.0,0.0,0.0,0.0,0.0,182.5738271077474,0.8024811968067429,182.55103193010603,0.872373589687204,182.84273529052734,1.406517737703333,0.025384431550716124
2021-04-20,182.98089249877202,183.7527248113004,177.63675800602496,178.5844268798828,10765800,0.0,0.0,181.8905822753906,182.40448455810548,43.823223311471665,-0.9659799390317687,-0.6721297547483421,1.6946436003117227,-0.024756014202718668,0.0,0.0,0.0,0.0,0.0,0.0,0.0,0.0,0.0,7625800.0,9453500.0,7262500.0,0.0,0.0,0.0,0.0,0.0,0.0,0.0,0.0,0.0,0.0,0.0,0.0,0.0,0.0,0.0,0.0,0.0,0.0,0.0,0.0,0.0,0.0,0.0,0.0,181.5512440999349,2.5706805863739968,181.83922249930245,1.6186970664951092,182.65152304513114,1.7724058416233257,-0.0017476673672973675
2021-04-21,177.11894613902348,179.1608715906836,174.74486175599515,178.89707946777344,8400200,0.0,0.0,181.04059753417968,182.12994995117188,46.71939091429718,-1.1662287945052014,-0.770949562699714,1.7980340090010332,0.0017507270558418941,0.0,0.0,0.0,-0.6662,-0.6662,1.0,53.0,0.0,0.0,10765800.0,7625800.0,9453500.0,0.0,0.0,0.0,0.0,0.0,0.0,0.0,0.0,0.0,0.0,0.0,0.0,0.0,0.0,0.0,0.0,0.0,0.0,0.0,0.0,0.0,0.0,0.0,0.0,180.1997324625651,2.5318569479867685,181.36747523716517,1.9446424347822655,182.55312565394811,1.9444048127539648,0.0019150917863925976
2021-04-22,179.981545503012,180.6263640805658,177.08964136919943,178.5551300048828,7378300,0.0,0.0,180.4211883544922,182.03420333862306,32.14489392868465,-1.3371065866365655,-0.8841809674870844,1.9367140085044052,-0.0019114312201626849,0.0,0.0,0.0,0.0,0.0,0.0,0.0,0.0,0.0,8400200.0,10765800.0,7625800.0,0.0,0.0,0.0,0.0,0.0,0.0,0.0,0.0,0.0,-0.6662,0.0,0.0,-0.6662,0.0,0.0,1.0,0.0,0.0,53.0,0.0,0.0,0.0,0.0,0.0,178.6788787841797,0.18953424614451425,180.9864458356585,2.219674961754805,182.11975969587053,2.1162853112435633,-0.0014207524927810633
2021-04-23,178.1545903903705,179.66891685663705,177.77356390729008,178.80917358398438,6075500,0.0,0.0,179.5927001953125,181.84417953491212,34.051299766819255,-1.4354819321486332,-0.9944411604193941,2.059814240424526,0.0014227739023495722,0.0,0.0,0.0,0.0,0.0,0.0,0.0,0.0,0.0,7378300.0,8400200.0,10765800.0,0.0,0.0,0.0,0.0,0.0,0.0,0.0,0.0,0.0,0.0,-0.6662,0.0,0.0,-0.6662,0.0,0.0,1.0,0.0,0.0,53.0,0.0,0.0,0.0,0.0,178.75379435221353,0.17757393749150222,180.36675589425224,2.1192034154794275,181.73733847481864,2.200699932519293,-0.00678342076838423
2021-04-26,179.72753024604384,181.32979720162726,179.04362363308368,180.0303955078125,6178300,0.0,0.0,178.9752410888672,181.76357879638672,34.127950530516614,-1.3987784518638762,-1.0753086187082905,2.0992859873763208,0.006829749835259635,0.0,0.0,0.0,0.0,0.0,0.0,0.0,0.0,0.0,6075500.0,7378300.0,8400200.0,0.0,0.0,0.0,0.0,0.0,0.0,0.0,0.0,0.0,0.0,0.0,-0.6662,0.0,0.0,-0.6662,0.0,0.0,1.0,0.0,0.0,53.0,0.0,0.0,0.0,179.1315663655599,0.7887045741228987,180.13507298060827,2.042516160670845,181.35631234305245,1.9745100129172688,-0.0020038635911096003
2021-04-27,180.73382952394508,181.53495554028996,179.9131445777086,180.39187622070312,4870000,0.0,0.0,179.33673095703125,181.7533187866211,40.51945417759005,-1.3252456004487385,-1.1252960150563802,2.105778594297314,0.0020078871230104767,0.0,0.0,0.0,0.0,0.0,0.0,0.0,0.0,0.0,6178300.0,6075500.0,7378300.0,0.0,0.0,0.0,0.0,0.0,0.0,0.0,0.0,0.0,0.0,0.0,0.0,0.0,0.0,0.0,0.0,0.0,0.0,0.0,0.0,0.0,0.0,0.0,0.0,179.74381510416666,0.8293570732104864,179.76939610072546,1.644599190610456,181.1525388445173,1.910814280589227,0.0068160564095414156
2021-04-28,180.5384224609408,180.5384224609408,178.6137611115383,179.17063903808594,5199300,0.0,0.0,179.39144287109374,181.6487808227539,38.02555239153939,-1.3499525080622448,-1.1702273136575532,2.182001151665732,-0.006769912305380377,0.0,0.0,0.0,0.0,0.0,0.0,0.0,0.0,0.0,4870000.0,6178300.0,6075500.0,0.0,0.0,0.0,0.0,0.0,0.0,0.0,0.0,0.0,0.0,0.0,0.0,0.0,0.0,0.0,0.0,0.0,0.0,0.0,0.0,0.0,0.0,0.0,0.0,179.8643035888672,0.6273316174127419,179.20553152901786,0.724576568231189,180.87828172956193,1.899181738117242,-0.01046775918541365
2021-04-29,180.54818950910294,181.28093377260763,178.5453522073127,181.0659942626953,5958300,0.0,0.0,179.89361572265625,181.68834838867187,42.80092478724974,-1.202729269522024,-1.1767277048304474,2.162862685275302,0.010578492295305608,0.0,0.0,0.0,0.0,0.0,0.0,0.0,0.0,0.0,5199300.0,4870000.0,6178300.0,0.0,0.0,0.0,0.0,0.0,0.0,0.0,0.0,0.0,0.0,0.0,0.0,0.0,0.0,0.0,0.0,0.0,0.0,0.0,0.0,0.0,0.0,0.0,0.0,180.20950317382812,0.9607485638985676,179.56004115513392,0.9439172185226128,180.69963182721818,1.737555667058472,-0.0037093255618289023
2021-04-30,180.04992000450363,182.0332282604104,179.31717571602934,181.74012756347656,7866300,0.0,0.0,180.47980651855468,181.54424209594725,48.62333194567072,-1.0199000954522148,-1.145362182954801,2.0501742519231287,0.003723135884937001,0.0,0.0,0.0,0.0,0.0,0.0,0.0,0.0,0.0,5958300.0,5199300.0,4870000.0,0.0,0.0,0.0,0.0,0.0,0.0,0.0,0.0,0.0,0.0,0.0,0.0,0.0,0.0,0.0,0.0,0.0,0.0,0.0,0.0,0.0,0.0,0.0,0.0,180.65892028808594,1.3322348652289209,179.9661908830915,1.1905484472035663,180.66683306012834,1.7112036085565394,0.0027493156387954354
2021-05-03,183.3716875178803,184.86648454708038,180.98782391615177,181.24183654785156,7542800,0.0,0.0,180.7220947265625,181.3981803894043,50.060192502971944,-0.9047847825931967,-1.0972467028824802,1.9556608834352593,-0.0027417776266882576,0.0,0.0,0.0,0.0,0.0,0.0,0.0,0.0,0.0,7866300.0,5958300.0,5199300.0,0.0,0.0,0.0,0.0,0.0,0.0,0.0,0.0,0.0,0.0,0.0,0.0,0.0,0.0,0.0,0.0,0.0,0.0,0.0,0.0,0.0,0.0,0.0,0.0,181.3493194580078,0.34968322634506116,180.35000610351562,1.0885321788872628,180.66822596958704,1.7116984324207576,0.0068384075497294194
2021-05-04,180.61657951419397,181.35910327624393,178.1154813651688,180.01084899902344,7069300,0.0,0.0,180.64588928222656,181.1304847717285,39.886609331652444,-0.9024822219111002,-1.0582938066882042,1.7385003414036753,-0.00679196134995641,0.0,0.0,0.0,0.0,0.0,0.0,0.0,0.0,0.0,7542800.0,7866300.0,5958300.0,0.0,0.0,0.0,0.0,0.0,0.0,0.0,0.0,0.0,0.0,0.0,0.0,0.0,0.0,0.0,0.0,0.0,0.0,0.0,0.0,0.0,0.0,0.0,0.0,180.9976043701172,0.8901337572801712,180.52167401994978,0.8797715044630298,180.444214957101,1.5609199651124024,0.015095569911391937
2021-05-05,180.75336637006828,180.75336637006828,177.18734991901985,177.33389282226562,5901700,0.0,0.0,180.2785400390625,180.83494415283204,37.06100465890336,-1.1039398853697833,-1.06742302242452,1.8584456233833089,-0.014871082446660355,0.0,0.0,0.0,0.0,0.0,0.0,0.0,0.0,0.0,7069300.0,7542800.0,7866300.0,0.0,0.0,0.0,0.0,0.0,0.0,0.0,0.0,0.0,0.0,0.0,0.0,0.0,0.0,0.0,0.0,0.0,0.0,0.0,0.0,0.0,0.0,0.0,0.0,179.52885945638022,1.9980594285454838,180.13645935058594,1.5014353908710323,180.1357661655971,1.7221875562215923,-0.0015402482645144877
2021-05-06,178.57468029284416,178.77985526843582,175.67301149976782,177.60745239257812,6944900,0.0,0.0,179.58683166503906,180.5648048400879,32.93822031561625,-1.2273741587056861,-1.0994132496807534,1.9173429329032332,0.0015426242888982866,0.0,0.0,0.0,0.0,0.0,0.0,0.0,0.0,0.0,5901700.0,7069300.0,7542800.0,0.0,0.0,0.0,0.0,0.0,0.0,0.0,0.0,0.0,0.0,0.0,0.0,0.0,0.0,0.0,0.0,0.0,0.0,0.0,0.0,0.0,0.0,0.0,0.0,178.31739807128906,1.4729360960715583,179.73868451799666,1.7677157620208668,179.75404030936105,1.6403670856275567,-0.01650067972306135
2021-05-07,177.812610278269,180.86082168399736,177.33387865304817,180.58726501464844,6888400,0.0,0.0,179.35625915527345,180.41581344604492,43.15173599697384,-1.0723889026218671,-1.0940083802689762,1.7828226689050437,0.016777520210603747,0.0,0.0,0.0,0.0,0.0,0.0,0.0,0.0,0.0,6944900.0,5901700.0,7069300.0,0.0,0.0,0.0,0.0,0.0,0.0,0.0,0.0,0.0,0.0,0.0,0.0,0.0,0.0,0.0,0.0,0.0,0.0,0.0,0.0,0.0,0.0,0.0,0.0,178.50953674316406,1.804556673319322,179.94105965750558,1.772927776503876,179.57329559326172,1.3559898547633482,0.0029298174281300327
2021-05-10,181.4275064537768,182.6682911178845,179.79593074805092,180.05972290039062,8260300,0.0,0.0,179.11983642578124,180.30883407592773,55.09804852070382,-0.9808238831509186,-1.0713714808453647,1.7336867384237644,-0.002921258673556082,0.0,0.0,0.0,0.0,0.0,0.0,0.0,0.0,0.0,6888400.0,6944900.0,5901700.0,0.0,0.0,0.0,0.0,0.0,0.0,0.0,0.0,0.0,0.0,0.0,0.0,0.0,0.0,0.0,0.0,0.0,0.0,0.0,0.0,0.0,0.0,0.0,0.0,179.41814676920572,1.5901370270331572,179.79730660574776,1.7060473774304963,179.67867388044084,1.3303121769538513,0.014476962599202725
2021-05-11,177.61721763727226,178.05686122665816,174.3247431799463,177.49020385742188,10865600,0.0,0.0,178.61570739746094,180.12222747802736,45.79436779816103,-1.1028833057036138,-1.0776738458170145,1.8284516726590572,-0.014270370972359059,0.0,0.0,0.0,0.0,0.0,0.0,0.0,0.0,0.0,8260300.0,6888400.0,6944900.0,0.0,0.0,0.0,0.0,0.0,0.0,0.0,0.0,0.0,0.0,0.0,0.0,0.0,0.0,0.0,0.0,0.0,0.0,0.0,0.0,0.0,0.0,0.0,0.0,179.37906392415366,1.6569307270822202,179.19017464773995,1.6548661194956407,179.57818276541573,1.4423172877999604,0.021478539506734284
2021-05-12,176.5425527887483,178.26206923702784,173.49434076894136,173.7581329345703,8988100,0.0,0.0,177.9005554199219,179.65278396606445,38.07678770814117,-1.4836604960712236,-1.1588711758678565,2.182060373464249,-0.021026912143554344,0.0,0.0,0.0,0.0,0.0,0.0,0.0,0.0,0.0,10865600.0,8260300.0,6888400.0,0.0,0.0,0.0,0.0,0.0,0.0,0.0,0.0,0.0,0.0,0.0,0.0,0.0,0.0,0.0,0.0,0.0,0.0,0.0,0.0,0.0,0.0,0.0,0.0,177.1026865641276,3.1686174057123457,178.12107413155692,2.3709498963514695,179.23554011753626,2.1163523839120963,-0.0027474026352191094
2021-05-13,174.26614024620895,176.59138707049897,171.75527737708362,174.23683166503906,12332200,0.0,0.0,177.22643127441407,179.2820167541504,38.76070001402789,-1.7268955983893761,-1.2724760603721605,2.43928340097341,0.002754971651594662,0.0,0.0,0.0,0.0,0.0,0.0,0.0,0.0,0.0,8988100.0,10865600.0,8260300.0,0.0,0.0,0.0,0.0,0.0,0.0,0.0,0.0,0.0,0.0,0.0,0.0,0.0,0.0,0.0,0.0,0.0,0.0,0.0,0.0,0.0,0.0,0.0,0.0,175.1617228190104,2.0306787235599786,177.2962145124163,2.5974910078774784,178.90894426618303,2.5044315528527026,0.026712747176824037
2021-05-14,168.95129441550978,170.88575016792663,164.89678177846798,169.70358276367188,33149400,0.0,0.0,175.04969482421876,178.61961517333984,28.17008533554909,-2.2594113818144876,-1.469863124660626,3.0997190075111387,-0.02601774181754013,0.0,0.0,0.0,0.4278,0.4278,1.0,500.0,1.0,0.0,12332200.0,8988100.0,10865600.0,0.0,0.0,0.0,0.0,0.0,0.0,0.0,0.0,0.0,0.0,0.0,0.0,0.0,0.0,0.0,0.0,0.0,0.0,0.0,0.0,0.0,0.0,0.0,0.0,172.5661824544271,2.4906115435313816,176.20617021833147,3.8689149747607514,178.1713147844587,3.4796327415653323,0.021284195986541965
2021-05-17,168.72656995529653,169.0099060751985,164.69160182833542,166.16685485839844,17771600,0.0,0.0,172.2711212158203,177.7720733642578,23.488618247318712,-2.933008465182894,-1.7624921927650798,3.9936061476008367,-0.020840620142938637,0.0,0.0,0.0,0.0,0.0,0.0,0.0,0.0,0.0,33149400.0,12332200.0,8988100.0,0.0,0.0,0.0,0.0,0.0,0.0,0.0,0.0,0.0,0.4278,0.0,0.0,0.4278,0.0,0.0,1.0,0.0,0.0,500.0,0.0,0.0,1.0,0.0,0.0,170.03575642903647,4.045230021012471,174.5717991420201,5.321921613325918,177.15524183000838,4.658527976086886,0.002357261640670627
2021-05-18,166.3427346992695,167.31972718174364,165.55137317370097,165.7760772705078,10401000,0.0,0.0,169.9282958984375,177.13165588378905,24.23892934785161,-3.4585040108424607,-2.101694556380556,4.801700489585724,-0.0023517180259783332,0.0,0.0,0.0,0.0,0.0,0.0,0.0,0.0,0.0,17771600.0,33149400.0,12332200.0,0.0,0.0,0.0,0.0,0.0,0.0,0.0,0.0,0.0,0.0,0.4278,0.0,0.0,0.4278,0.0,0.0,1.0,0.0,0.0,500.0,0.0,0.0,1.0,0.0,167.21550496419272,2.1635792412100625,172.45591517857142,5.473835293148438,176.1984874180385,5.510358998846082,0.002422207170312607
2021-05-19,163.85139781981698,165.50250241157718,163.25543187457933,165.37550354003906,9251000,0.0,0.0,168.25177001953125,176.45557708740233,17.982379117984436,-3.862758493651995,-2.453907343834844,5.448413438608409,-0.002416354259698772,0.0,0.0,0.0,0.0,0.0,0.0,0.0,0.0,0.0,10401000.0,17771600.0,33149400.0,0.0,0.0,0.0,0.0,0.0,0.0,0.0,0.0,0.0,0.0,0.0,0.4278,0.0,0.0,0.4278,0.0,0.0,1.0,0.0,0.0,500.0,0.0,0.0,1.0,165.77281188964844,0.3956857645926902,170.35816955566406,4.8526250131721795,175.07773808070593,6.016592326551581,-0.012196555773365092
2021-05-20,165.31689172196133,167.9449887738938,165.0921727348274,167.41741943359375,7400700,0.0,0.0,166.88788757324218,175.8986915588379,22.318649618009502,-3.9725741739325713,-2.75764070985439,5.7815346371260405,0.012347148458177193,0.0,0.0,0.0,0.0,0.0,0.0,0.0,0.0,0.0,9251000.0,10401000.0,17771600.0,0.0,0.0,0.0,0.0,0.0,0.0,0.0,0.0,0.0,0.0,0.0,0.0,0.0,0.0,0.0,0.0,0.0,0.0,0.0,0.0,0.0,0.0,0.0,0.0,166.18966674804688,1.081964565517739,168.91920035226005,3.7544526572097854,174.0546875,6.014291794081059,-0.006032455441915441
2021-05-21,168.2576354589027,169.1369226722145,167.57374374769117,168.43348693847656,8105700,0.0,0.0,166.6338684082031,175.3799072265625,25.73115206829675,-3.9322867814673543,-2.9925699241769825,5.969097362699564,0.006069066817063318,0.0,0.0,0.0,0.0,0.0,0.0,0.0,0.0,0.0,7400700.0,9251000.0,10401000.0,0.0,0.0,0.0,0.0,0.0,0.0,0.0,0.0,0.0,0.0,0.0,0.0,0.0,0.0,0.0,0.0,0.0,0.0,0.0,0.0,0.0,0.0,0.0,0.0,167.07546997070312,1.5574057572316005,168.15853663853235,3.0915441804458084,173.13980538504464,5.807533764488021,-0.01095750635418713
2021-05-24,168.48233880185467,171.0811422007796,167.79844709364315,170.29954528808594,7346700,0.0,0.0,167.4604064941406,174.89336471557618,32.0317625947621,-3.707050844593084,-3.135466108260203,5.966665766680633,0.011078903509793125,0.0,0.0,0.0,0.0,0.0,0.0,0.0,0.0,0.0,8105700.0,7400700.0,9251000.0,0.0,0.0,0.0,0.0,0.0,0.0,0.0,0.0,0.0,0.0,0.0,0.0,0.0,0.0,0.0,0.0,0.0,0.0,0.0,0.0,0.0,0.0,0.0,0.0,168.7168172200521,1.4618034740094927,167.59606715611048,1.948055299330872,172.4461408342634,5.495286648089516,-0.01055803608631467
2021-05-25,171.55988230254187,173.36730941273782,171.3644718839504,172.11676025390625,8089700,0.0,0.0,168.72854309082032,174.47960891723633,40.02985997305604,-3.3433753315966044,-3.1770479529274835,5.851103959738348,0.010670697697672926,0.0,0.0,0.0,0.0,0.0,0.0,0.0,0.0,0.0,7346700.0,8105700.0,7400700.0,0.0,0.0,0.0,0.0,0.0,0.0,0.0,0.0,0.0,0.0,0.0,0.0,0.0,0.0,0.0,0.0,0.0,0.0,0.0,0.0,0.0,0.0,0.0,0.0,170.28326416015625,1.8416906323766706,167.94080679757255,2.5143800694233973,172.07348850795202,5.312181030880067,-0.0016998772728789024
2021-05-26,172.55637870026735,173.80692767661446,172.14604371500218,172.4098358154297,8086200,0.0,0.0,170.13540954589843,174.1415687561035,40.07455932548112,-2.9969639836676265,-3.1410311590755122,5.760417142667074,0.0017027717759217076,0.0,0.0,0.0,0.0,0.0,0.0,0.0,0.0,0.0,8089700.0,7346700.0,8105700.0,0.0,0.0,0.0,0.0,0.0,0.0,0.0,0.0,0.0,0.0,0.0,0.0,0.0,0.0,0.0,0.0,0.0,0.0,0.0,0.0,0.0,0.0,0.0,0.0,171.60871378580728,1.14320380412241,168.83266122000558,2.863276896184284,171.70223018101282,5.071861968542684,-0.01435430030157181
2021-05-27,173.12303776523675,175.45804883588508,172.72246733238296,174.9207000732422,13567800,0.0,0.0,171.6360656738281,173.83430404663085,38.98170916962574,-2.4911087818616693,-3.0110466836327436,5.530950486853067,0.014563346957191303,0.0,0.0,0.0,0.0,0.0,0.0,0.0,0.0,0.0,8086200.0,8089700.0,7346700.0,0.0,0.0,0.0,0.0,0.0,0.0,0.0,0.0,0.0,0.0,0.0,0.0,0.0,0.0,0.0,0.0,0.0,0.0,0.0,0.0,0.0,0.0,0.0,0.0,173.14909871419272,1.5412338734695414,170.13903590611048,3.2905251708517977,171.29747554234095,4.502395309253531,0.002183040769210942
2021-05-28,175.37988684714696,175.99539678220296,173.98279497847548,174.5396728515625,7124800,0.0,0.0,172.8573028564453,173.47428131103516,39.20509138739591,-2.096790111157844,-2.828195369137764,5.214554654955931,-0.002178285483194098,0.0,0.0,0.0,0.0,0.0,0.0,0.0,0.0,0.0,13567800.0,8086200.0,8089700.0,0.0,0.0,0.0,0.0,0.0,0.0,0.0,0.0,0.0,0.0,0.0,0.0,0.0,0.0,0.0,0.0,0.0,0.0,0.0,0.0,0.0,0.0,0.0,0.0,173.95673624674478,1.3531338234695265,171.44820295061385,2.876406087180823,170.90318625313895,3.873864039832655,-0.001062545941117321
2021-06-01,176.03449284591466,176.84539837000247,174.62763623751886,174.72532653808594,7475600,0.0,0.0,173.74245910644532,173.14845581054686,44.03709395577816,-1.7491459569959034,-2.612385486709392,4.897620149294284,0.00106367614588887,0.0,0.0,0.0,0.0,0.0,0.0,0.0,0.0,0.0,7124800.0,13567800.0,8086200.0,0.0,0.0,0.0,0.0,0.0,0.0,0.0,0.0,0.0,0.0,0.0,0.0,0.0,0.0,0.0,0.0,0.0,0.0,0.0,0.0,0.0,0.0,0.0,0.0,174.72856648763022,0.19053427216623361,172.49218967982702,2.4666183693908015,170.70569501604353,3.570850040847644,0.01039540498939906
2021-06-02,174.92073149012538,174.97936356289702,172.8592767088048,172.92767333984375,7851700,0.0,0.0,173.9046417236328,172.7942970275879,48.04593673322988,-1.6002444280165946,-2.4099572749708327,4.623707302495628,-0.010288452360398659,0.0,0.0,0.0,0.0,0.0,0.0,0.0,0.0,0.0,7475600.0,7124800.0,13567800.0,0.0,0.0,0.0,0.0,0.0,0.0,0.0,0.0,0.0,0.0,0.0,0.0,0.0,0.0,0.0,0.0,0.0,0.0,0.0,0.0,0.0,0.0,0.0,0.0,174.06422424316406,0.9886494776757304,173.13421630859375,1.6998248837489618,170.64637647356307,3.5228174799016845,0.004312353258847823
2021-06-03,172.21445872658222,172.8983504417345,171.38400920321936,172.18515014648438,5583900,0.0,0.0,173.85970458984374,172.53685989379883,45.23161555314877,-1.5245799016139756,-2.2328818002994613,4.4993120383507375,-0.004293836718083477,0.0,0.0,0.0,0.0,0.0,0.0,0.0,0.0,0.0,7851700.0,7475600.0,7124800.0,0.0,0.0,0.0,0.0,0.0,0.0,0.0,0.0,0.0,0.0,0.0,0.0,0.0,0.0,0.0,0.0,0.0,0.0,0.0,0.0,0.0,0.0,0.0,0.0,173.27938334147134,1.3061006733962117,173.4035884312221,1.2710799355195164,170.4998277936663,3.40258887493126,-0.005305296516941449
2021-06-04,171.88227505904513,173.43570438880826,171.569645226176,173.103515625,6343400,0.0,0.0,173.49626770019532,172.31166305541993,59.49781584932941,-1.3746645233643733,-2.061238344912444,4.3421331506361796,0.005333592808290044,0.0,0.0,0.0,0.0,0.0,0.0,0.0,0.0,0.0,5583900.0,7851700.0,7475600.0,0.0,0.0,0.0,0.0,0.0,0.0,0.0,0.0,0.0,0.0,0.0,0.0,0.0,0.0,0.0,0.0,0.0,0.0,0.0,0.0,0.0,0.0,0.0,0.0,172.73877970377603,0.48745193849480967,173.54455348423548,1.1538980401797596,170.742680140904,3.462196347950431,0.0010734757769066405
2021-06-07,173.87534084614776,173.97304605048672,172.34145560280862,172.9178924560547,5178100,0.0,0.0,173.17191162109376,171.92819442749024,73.20359815309352,-1.2563513086019213,-1.9002609376503394,3.8876948127575908,-0.0010723246623565164,0.0,0.0,0.0,0.8318,0.8317999999999999,1.0,857.0,1.0,0.0,6343400.0,5583900.0,7851700.0,0.0,0.0,0.0,0.0,0.0,0.0,0.0,0.0,0.0,0.0,0.0,0.0,0.0,0.0,0.0,0.0,0.0,0.0,0.0,0.0,0.0,0.0,0.0,0.0,172.7355194091797,0.4855859699394533,173.61713300432478,1.0845221276342458,171.22489711216517,3.2387836376503216,0.003743017769214818
2021-06-08,171.9213534295537,173.04488872390965,171.15930055190478,172.2730712890625,5356200,0.0,0.0,172.68146057128905,171.53886184692382,71.94717260447389,-1.2007771017121343,-1.7603641704626987,3.3883300945571637,-0.0037290598320012247,0.0,0.0,0.0,0.0,0.0,0.0,0.0,0.0,0.0,5178100.0,6343400.0,5583900.0,0.0,0.0,0.0,0.0,0.0,0.0,0.0,0.0,0.0,0.8318,0.0,0.0,0.8317999999999999,0.0,0.0,1.0,0.0,0.0,857.0,0.0,0.0,1.0,0.0,0.0,172.76482645670572,0.4358684995386396,173.23890032087053,1.0134861060885443,171.68896811349052,2.8387472560448304,0.0016474265802151056
2021-06-09,172.25352294991157,173.25005934483136,171.83342338510178,171.98973083496094,5082400,0.0,0.0,172.4938720703125,171.2638381958008,72.52157232756686,-1.1661546442001907,-1.641522265210197,3.089940271172587,-0.0016447170296635116,0.0,0.0,0.0,0.0,0.0,0.0,0.0,0.0,0.0,5356200.0,5178100.0,6343400.0,0.0,0.0,0.0,0.0,0.0,0.0,0.0,0.0,0.0,0.0,0.8318,0.0,0.0,0.8317999999999999,0.0,0.0,1.0,0.0,0.0,857.0,0.0,0.0,1.0,0.0,172.39356486002603,0.47566797684979123,172.87462288992745,0.9221761784379829,172.16141292027064,2.1814970820371338,-0.0030017367722041666
2021-06-10,172.38053931967843,173.5236186246836,171.51101669068885,172.50755310058594,5253000,0.0,0.0,172.5583526611328,171.20130920410156,69.33925128208696,-1.0844315164791283,-1.5301041154639834,3.0491932473442143,0.0030107743242060447,0.0,0.0,0.0,0.0,0.0,0.0,0.0,0.0,0.0,5082400.0,5356200.0,5178100.0,0.0,0.0,0.0,0.0,0.0,0.0,0.0,0.0,0.0,0.0,0.0,0.8318,0.0,0.0,0.8317999999999999,0.0,0.0,1.0,0.0,0.0,857.0,0.0,0.0,1.0,172.25678507486978,0.2592950159059515,172.55779811314173,0.43000854392946763,172.52499389648438,1.7013512006019356,-0.004566483037632629
2021-06-11,173.36730139490138,174.38338185678685,172.7420268444031,173.29891967773438,5476300,0.0,0.0,172.5974334716797,171.15441360473633,68.80664358555445,-0.9449162733185688,-1.4130665470349006,3.006970838750163,0.004587431465606695,0.0,0.0,0.0,0.0,0.0,0.0,0.0,0.0,0.0,5253000.0,5082400.0,5356200.0,0.0,0.0,0.0,0.0,0.0,0.0,0.0,0.0,0.0,0.0,0.0,0.0,0.0,0.0,0.0,0.0,0.0,0.0,0.0,0.0,0.0,0.0,0.0,0.0,172.5987345377604,0.6593401226790222,172.61083330426897,0.5003679407537753,172.87252480643136,1.2340486981277532,-0.004489707227191886
2021-06-14,173.56268535839607,174.75461722037596,172.82994109444383,174.0804901123047,10170000,0.0,0.0,172.8299530029297,171.37325897216797,65.95211301698808,-0.7624936832034734,-1.2829519742686153,3.0547180641601153,0.004509955607477023,0.0,0.0,0.0,0.0,0.0,0.0,0.0,0.0,0.0,5476300.0,5253000.0,5082400.0,0.0,0.0,0.0,0.0,0.0,0.0,0.0,0.0,0.0,0.0,0.0,0.0,0.0,0.0,0.0,0.0,0.0,0.0,0.0,0.0,0.0,0.0,0.0,0.0,173.295654296875,0.7864735899842232,172.881596156529,0.7032905734522894,173.14259229387557,1.0233894202443787,0.013192190582677954
2021-06-15,174.08050322501643,174.58854346045337,171.57940500089808,171.8138885498047,7895000,0.0,0.0,172.7381164550781,171.65561065673828,48.76884506266491,-0.7916921354414512,-1.1847000065031827,2.7983811836566983,-0.013020422685148358,0.0,0.0,0.0,0.0,0.0,0.0,0.0,0.0,0.0,10170000.0,5476300.0,5253000.0,0.0,0.0,0.0,0.0,0.0,0.0,0.0,0.0,0.0,0.0,0.0,0.0,0.0,0.0,0.0,0.0,0.0,0.0,0.0,0.0,0.0,0.0,0.0,0.0,173.0644327799479,1.1513508325905124,172.6973637172154,0.7980043781567129,173.12095860072546,1.0496082347111793,0.006870508257906582
2021-06-16,171.96042553543896,172.2046736334195,169.55703259963414,170.64149475097656,8336000,0.0,0.0,172.46846923828124,171.8988815307617,43.291383981290664,-0.8990705747316667,-1.1275741201488796,2.450174124847693,-0.006823626475855438,0.0,0.0,0.0,0.0,0.0,0.0,0.0,0.0,0.0,7895000.0,10170000.0,5476300.0,0.0,0.0,0.0,0.0,0.0,0.0,0.0,0.0,0.0,0.0,0.0,0.0,0.0,0.0,0.0,0.0,0.0,0.0,0.0,0.0,0.0,0.0,0.0,0.0,172.17862447102866,1.7482695710279592,172.3721640450614,1.09988987476401,172.99464852469308,1.2322740977246078,5.723217510622547e-05
2021-06-17,170.57311196294216,172.204687600862,169.84036760956798,170.63172912597656,8906000,0.0,0.0,172.0933044433594,172.16169281005858,29.91777979732163,-0.9737321872840425,-1.0968057335759123,1.9430514666096423,-5.722889977166634e-05,0.0,0.0,0.0,0.0,0.0,0.0,0.0,0.0,0.0,8336000.0,7895000.0,10170000.0,0.0,0.0,0.0,0.0,0.0,0.0,0.0,0.0,0.0,0.0,0.0,0.0,0.0,0.0,0.0,0.0,0.0,0.0,0.0,0.0,0.0,0.0,0.0,0.0,171.02903747558594,0.6797185067250598,172.13768659319197,1.2840679515302573,172.68829345703125,1.2496232788452026,0.012933549691124924
2021-06-18,169.1564691913858,169.85990493550602,168.15993273592863,168.45303344726562,12357500,0.0,0.0,171.12412719726564,172.21347351074218,25.606990851719587,-1.1949301750523773,-1.1164306218712055,1.8198601828208307,-0.012768408840904466,0.0,0.0,0.0,0.0,0.0,0.0,0.0,0.0,0.0,8906000.0,8336000.0,7895000.0,0.0,0.0,0.0,0.0,0.0,0.0,0.0,0.0,0.0,0.0,0.0,0.0,0.0,0.0,0.0,0.0,0.0,0.0,0.0,0.0,0.0,0.0,0.0,0.0,169.90875244140625,1.260699085541092,171.63244410923548,1.9000382079979685,172.25353349958147,1.5729407296481082,-0.008909522334224262
2021-06-21,168.16969909211704,170.25068267417885,167.36855820409414,169.9673614501953,9196900,0.0,0.0,170.30150146484374,172.29016723632813,32.767078287551016,-1.2338149096792677,-1.139907479432818,1.6790506867753865,0.00898961551442623,0.0,0.0,0.0,0.0,0.0,0.0,0.0,0.0,0.0,12357500.0,8906000.0,8336000.0,0.0,0.0,0.0,0.0,0.0,0.0,0.0,0.0,0.0,0.0,0.0,0.0,0.0,0.0,0.0,0.0,0.0,0.0,0.0,0.0,0.0,0.0,0.0,0.0,169.68404134114584,1.1166384501046762,171.2695595877511,1.9470387530074351,171.91367885044642,1.5105693848925945,0.0027089119991128285
2021-06-22,170.3581573149828,170.68056659079465,168.38464343184955,169.5081787109375,8097100,0.0,0.0,169.84035949707032,172.2505989074707,36.28515614481309,-1.286849550941099,-1.1692958937344742,1.7367632376298425,-0.0027015936197395396,0.0,0.0,0.0,0.0,0.0,0.0,0.0,0.0,0.0,9196900.0,12357500.0,8906000.0,0.0,0.0,0.0,0.0,0.0,0.0,0.0,0.0,0.0,0.0,0.0,0.0,0.0,0.0,0.0,0.0,0.0,0.0,0.0,0.0,0.0,0.0,0.0,0.0,169.3095245361328,0.7764630937717825,170.72802516392298,1.810943719322833,171.669429234096,1.6073555470662464,-0.010437499888651947
2021-06-23,169.62541795750968,171.41331586204618,168.96107027244273,171.29608154296875,9174200,0.0,0.0,169.97127685546874,172.20956497192384,46.71002407657526,-1.171111228566076,-1.1696589607007946,1.7497383152419053,0.010547590361879688,0.0,0.0,0.0,0.0,0.0,0.0,0.0,0.0,0.0,8097100.0,9196900.0,12357500.0,0.0,0.0,0.0,0.0,0.0,0.0,0.0,0.0,0.0,0.0,0.0,0.0,0.0,0.0,0.0,0.0,0.0,0.0,0.0,0.0,0.0,0.0,0.0,0.0,170.25720723470053,0.9285241344697556,170.33025251116072,1.129395720726887,171.60592433384485,1.6029697040400515,-0.014612379407843656
2021-06-24,172.0776683618817,174.13912282850154,171.73571507433445,173.83624267578125,7549400,0.0,0.0,170.6121795654297,172.2808853149414,52.42086562330485,-0.8644531223377498,-1.1086177930281855,1.7870048357898685,0.014829067366467052,0.0,0.0,0.0,0.0,0.0,0.0,0.0,0.0,0.0,9174200.0,8097100.0,9196900.0,0.0,0.0,0.0,0.0,0.0,0.0,0.0,0.0,0.0,0.0,0.0,0.0,0.0,0.0,0.0,0.0,0.0,0.0,0.0,0.0,0.0,0.0,0.0,0.0,171.54683430989584,2.174900488191543,170.61916024344308,1.6911399291021616,171.65826198032923,1.6663374244730629,-0.0023550222537475074
2021-06-25,174.7155494592299,174.96956211176644,173.4063832452235,174.24659729003906,7431800,0.0,0.0,171.77089233398436,172.24718017578124,54.325687863752606,-0.5816077636443993,-1.0032157871514282,1.7403420756061132,0.002360581475654433,0.0,0.0,0.0,0.0,0.0,0.0,0.0,0.0,0.0,7549400.0,9174200.0,8097100.0,0.0,0.0,0.0,0.0,0.0,0.0,0.0,0.0,0.0,0.0,0.0,0.0,0.0,0.0,0.0,0.0,0.0,0.0,0.0,0.0,0.0,0.0,0.0,0.0,173.12630716959634,1.5982465737907396,171.13417489188058,2.1779518528071047,171.753169468471,1.7777157352675548,0.0100809741845862
2021-06-28,174.39314125367318,174.54946361360228,170.96390333865776,172.50755310058594,9881400,0.0,0.0,172.2789306640625,172.14557418823242,50.712601079729524,-0.49210443774535406,-0.9009935172702135,1.656769464630689,-0.0099803624087903,0.0,0.0,0.0,0.0,0.0,0.0,0.0,0.0,0.0,7431800.0,7549400.0,9174200.0,0.0,0.0,0.0,0.0,0.0,0.0,0.0,0.0,0.0,0.0,0.0,0.0,0.0,0.0,0.0,0.0,0.0,0.0,0.0,0.0,0.0,0.0,0.0,0.0,173.5301310221354,0.9090362652781674,171.4021497453962,2.2208064578935436,171.76991816929407,1.784083939817058,0.015178667397482082
2021-06-29,172.5759242005711,172.9471860556362,169.80126956724217,169.9282684326172,13498300,0.0,0.0,172.36294860839843,171.90572128295898,44.5023195247009,-0.6221276238704547,-0.8452203385902618,1.6102231035949675,-0.014951720209403385,0.0,0.0,0.0,0.0,0.0,0.0,0.0,0.0,0.0,9881400.0,7431800.0,7549400.0,0.0,0.0,0.0,0.0,0.0,0.0,0.0,0.0,0.0,0.0,0.0,0.0,0.0,0.0,0.0,0.0,0.0,0.0,0.0,0.0,0.0,0.0,0.0,0.0,172.22747294108072,2.1727458898872247,171.61289760044642,1.9474780493385,171.62267085484095,1.8484553405498676,-0.01046850456459325
2021-06-30,169.88923192316736,171.93114275077536,169.35188304544866,171.72598266601562,7481900,0.0,0.0,172.4489288330078,171.84563674926758,48.048841250698054,-0.5735004647643507,-0.7908763638250795,1.5924041302009673,0.010579253528445687,0.0,0.0,0.0,0.0,0.0,0.0,0.0,0.0,0.0,13498300.0,9881400.0,7431800.0,0.0,0.0,0.0,0.0,0.0,0.0,0.0,0.0,0.0,0.0,0.0,0.0,0.0,0.0,0.0,0.0,0.0,0.0,0.0,0.0,0.0,0.0,0.0,0.0,171.38726806640625,1.322581957610154,171.86412920270647,1.8082773708875552,171.5668443952288,1.831398316740717,-0.008405557395066654
2021-07-01,171.31562694873605,173.5138598955151,170.58288263314304,173.18167114257812,5887100,0.0,0.0,172.3180145263672,171.89546279907228,49.716690902548166,-0.4127433480778109,-0.7152497606756258,1.6189556934897855,0.008476809705573851,0.0,0.0,0.0,0.0,0.0,0.0,0.0,0.0,0.0,7481900.0,13498300.0,9881400.0,0.0,0.0,0.0,0.0,0.0,0.0,0.0,0.0,0.0,0.0,0.0,0.0,0.0,0.0,0.0,0.0,0.0,0.0,0.0,0.0,0.0,0.0,0.0,0.0,171.61197408040366,1.6296949918589219,172.38891383579798,1.520790582018388,171.55846949986048,1.8231177021111515,0.0008469113397406858
2021-07-02,173.76787003738536,174.25636624069438,170.6024092731635,173.03512573242188,11099300,0.0,0.0,172.07572021484376,171.89204330444335,47.394102239712616,-0.29378064438338924,-0.6309559374171785,1.6163399089613995,-0.0008461946878639548,0.0,0.0,0.0,0.0,0.0,0.0,0.0,0.0,0.0,5887100.0,7481900.0,13498300.0,0.0,0.0,0.0,0.0,0.0,0.0,0.0,0.0,0.0,0.0,0.0,0.0,0.0,0.0,0.0,0.0,0.0,0.0,0.0,0.0,0.0,0.0,0.0,0.0,172.64759318033853,0.8014944443925955,172.63734872000558,1.4530480675338968,171.48380061558314,1.7309562828862468,0.019690220009722204
2021-07-06,172.69317613945228,172.92765968886093,168.25763707745176,169.69381713867188,11557900,0.0,0.0,171.51297302246093,171.73083953857423,44.98382951930457,-0.4637714550144665,-0.5975190409366361,1.6685738952792384,-0.019310001825391998,0.0,0.0,0.0,0.0,0.0,0.0,0.0,0.0,0.0,11099300.0,5887100.0,7481900.0,0.0,0.0,0.0,0.0,0.0,0.0,0.0,0.0,0.0,0.0,0.0,0.0,0.0,0.0,0.0,0.0,0.0,0.0,0.0,0.0,0.0,0.0,0.0,0.0,171.97020467122397,1.9727706501461915,172.04557364327567,1.7050776806559818,171.33236694335938,1.7915347545214475,0.005034092911656574
2021-07-07,168.88291469114893,170.3093302206868,168.0329360342074,168.84384155273438,6757300,0.0,0.0,171.29608764648438,171.55937805175782,45.68078480658102,-0.6594743140165633,-0.6099100955526215,1.7822428109417892,-0.0050088777556516195,0.0,0.0,0.0,0.0,0.0,0.0,0.0,0.0,0.0,11557900.0,11099300.0,5887100.0,0.0,0.0,0.0,0.0,0.0,0.0,0.0,0.0,0.0,0.0,0.0,0.0,0.0,0.0,0.0,0.0,0.0,0.0,0.0,0.0,0.0,0.0,0.0,0.0,170.52426147460938,2.2156137107001603,171.27375139508928,1.764480829632791,171.20396314348494,1.9056472114506318,0.00011587058214024282
2021-07-08,166.26454971025925,169.75241952909505,165.90306731396268,168.82427978515625,6960100,0.0,0.0,170.7157470703125,171.40110549926757,45.65929100739276,-0.8068478708875091,-0.6492976506195991,1.8798929742554031,-0.0001158571577040135,0.0,0.0,0.0,0.0,0.0,0.0,0.0,0.0,0.0,6757300.0,11557900.0,11099300.0,0.0,0.0,0.0,0.0,0.0,0.0,0.0,0.0,0.0,0.0,0.0,0.0,0.0,0.0,0.0,0.0,0.0,0.0,0.0,0.0,0.0,0.0,0.0,0.0,169.12064615885416,0.4964769831184867,170.74756949288505,1.880599565244233,171.07485961914062,2.0059810541279592,-0.02394935153989486
2021-07-09,170.68056204012845,173.43568764667057,169.92827374995824,172.9667205810547,7873300,0.0,0.0,170.67275695800782,171.424063873291,59.905608252145306,-0.5826655186675396,-0.6359712242291872,1.8968441498771709,0.024536996699586533,0.0,0.0,0.0,0.0,0.0,0.0,0.0,0.0,0.0,6960100.0,6757300.0,11557900.0,0.0,0.0,0.0,0.0,0.0,0.0,0.0,0.0,0.0,0.0,0.0,0.0,0.0,0.0,0.0,0.0,0.0,0.0,0.0,0.0,0.0,0.0,0.0,0.0,170.21161397298178,2.3860123600000076,171.18163408551897,2.006423899192277,171.3972658429827,1.9127387626332786,-0.03980927220800856
2021-07-12,173.62134035859944,180.73384442769,173.28915158518927,180.13787841796875,21835500,0.0,0.0,172.0933074951172,171.76601181030273,67.88045271519128,0.17167416329471052,-0.47444214672440765,2.699310327595304,0.041459754875525556,0.0,0.0,0.0,0.0,0.0,0.0,0.0,0.0,0.0,7873300.0,6960100.0,6757300.0,0.0,0.0,0.0,0.0,0.0,0.0,0.0,0.0,0.0,0.0,0.0,0.0,0.0,0.0,0.0,0.0,0.0,0.0,0.0,0.0,0.0,0.0,0.0,0.0,173.9762929280599,5.723967657925068,172.38333347865515,3.957352825747318,172.1237313406808,2.9681197934264105,0.003975159653137217
2021-07-13,179.8545158546083,181.39816553697426,177.65628309496336,179.4246368408203,12534600,0.0,0.0,174.0394714355469,172.03321914672853,67.27944206773145,0.7038278719165874,-0.23878814299620868,3.1648478884493705,-0.003959420325210683,0.0,0.0,0.0,0.9495,0.9495,1.0,288.0,1.0,0.0,21835500.0,7873300.0,6960100.0,0.0,0.0,0.0,0.0,0.0,0.0,0.0,0.0,0.0,0.0,0.0,0.0,0.0,0.0,0.0,0.0,0.0,0.0,0.0,0.0,0.0,0.0,0.0,0.0,177.5097452799479,3.9505042017327963,173.27518572126115,4.784326065020577,172.83204977852958,3.4414291735706364,0.0012539118755230394
2021-07-14,180.93898111186283,182.00389920065044,177.89076973561933,179.19993591308594,8787300,0.0,0.0,176.11069030761718,172.40252151489258,64.56599828240635,1.094811724927382,0.027931830588509482,3.5459021530362422,-0.0012523415495817591,0.0,0.0,0.0,0.0,0.0,0.0,0.0,0.0,0.0,12534600.0,21835500.0,7873300.0,0.0,0.0,0.0,0.0,0.0,0.0,0.0,0.0,0.0,0.9495,0.0,0.0,0.9495,0.0,0.0,1.0,0.0,0.0,288.0,0.0,0.0,1.0,0.0,0.0,179.58748372395834,0.4897176391830973,174.15587288992745,5.275010619144492,173.3966108049665,3.7997289286226987,-0.003964111979972151
2021-07-15,179.2292400640027,181.15391614786984,178.83844909485725,179.9131317138672,7867000,0.0,0.0,178.32846069335938,172.8661033630371,62.00766189260687,1.4455547309106862,0.3114564106529448,3.8926713003470224,0.003979888704464418,0.0,0.0,0.0,0.0,0.0,0.0,0.0,0.0,0.0,8787300.0,12534600.0,21835500.0,0.0,0.0,0.0,0.0,0.0,0.0,0.0,0.0,0.0,0.0,0.9495,0.0,0.0,0.9495,0.0,0.0,1.0,0.0,0.0,288.0,0.0,0.0,1.0,0.0,179.51256815592447,0.36463817640881896,175.61577497209822,5.248353888035674,173.83067430768693,4.181711389959719,0.026992240672588874
2021-07-16,180.68498139854972,181.02691980254167,174.80348282804218,175.18450927734375,8348800,0.0,0.0,178.7720184326172,173.09374237060547,51.583108359745516,1.3266677779166969,0.5144986841056952,3.8882487912824466,-0.026282808772645994,0.0,0.0,0.0,0.0,0.0,0.0,0.0,0.0,0.0,7867000.0,8787300.0,12534600.0,0.0,0.0,0.0,0.0,0.0,0.0,0.0,0.0,0.0,0.0,0.0,0.9495,0.0,0.0,0.9495,0.0,0.0,1.0,0.0,0.0,288.0,0.0,0.0,1.0,178.09919230143228,2.5492537948868903,176.5215846470424,4.356121763238715,173.89766802106584,4.19637457929607,0.036773616125381325
2021-07-19,171.6673491444067,172.41962259382169,168.1990229816161,168.97084045410156,14651800,0.0,0.0,176.53861083984376,173.11963272094727,44.81376432702583,0.7227267231138512,0.5561442919073265,3.85732269635442,-0.0354692823519287,0.0,0.0,0.0,0.0,0.0,0.0,0.0,0.0,0.0,8348800.0,7867000.0,8787300.0,0.0,0.0,0.0,0.0,0.0,0.0,0.0,0.0,0.0,0.0,0.0,0.0,0.0,0.0,0.0,0.0,0.0,0.0,0.0,0.0,0.0,0.0,0.0,0.0,174.68949381510416,5.487915335924718,176.54252188546317,4.313099196086972,173.6450456891741,4.388551826263274,-0.021499286912232796
2021-07-20,169.7035807749201,173.4259195187125,168.89267527547042,172.68341064453125,8372400,0.0,0.0,175.19036560058595,173.25543518066405,53.91017814426953,0.5374767754465779,0.5524107886151768,3.7876840491439374,0.021971661977015167,0.0,0.0,0.0,0.0,0.0,0.0,0.0,0.0,0.0,14651800.0,8348800.0,7867000.0,0.0,0.0,0.0,0.0,0.0,0.0,0.0,0.0,0.0,0.0,0.0,0.0,0.0,0.0,0.0,0.0,0.0,0.0,0.0,0.0,0.0,0.0,0.0,0.0,172.2795867919922,3.126455715205684,176.5020490373884,4.353386924624994,173.8418415614537,4.269211248379412,-0.0007913689835804538
2021-07-21,172.43914875296556,173.80693207177072,171.28630494250407,172.82017517089844,6302200,0.0,0.0,173.91441345214844,173.4210350036621,51.629744814448316,0.39712282680841327,0.5213531962538241,3.686272635098908,0.000791995744447771,0.0,0.0,0.0,0.0,0.0,0.0,0.0,0.0,0.0,8372400.0,14651800.0,8348800.0,0.0,0.0,0.0,0.0,0.0,0.0,0.0,0.0,0.0,0.0,0.0,0.0,0.0,0.0,0.0,0.0,0.0,0.0,0.0,0.0,0.0,0.0,0.0,0.0,171.4914754231771,2.1840047205563784,175.45666285923548,4.211076274673621,173.9199981689453,4.237393664259832,0.010049625202461332
2021-07-22,172.63454774981133,172.65409177125446,169.89896614886828,171.10067749023438,5713700,0.0,0.0,172.15192260742188,173.4112648010254,46.924632525382265,0.145465384525437,0.44617563390814674,3.692454863837867,-0.009949635098816967,0.0,0.0,0.0,0.0,0.0,0.0,0.0,0.0,0.0,6302200.0,8372400.0,14651800.0,0.0,0.0,0.0,0.0,0.0,0.0,0.0,0.0,0.0,0.0,0.0,0.0,0.0,0.0,0.0,0.0,0.0,0.0,0.0,0.0,0.0,0.0,0.0,0.0,172.20142110188803,0.9557214593515235,174.26752580915178,4.076976880319543,173.77135576520647,4.301302881772845,-0.005734123206906139
2021-07-23,171.6184959221668,172.43916599551036,170.0259934713974,172.0874481201172,5126300,0.0,0.0,171.53251037597656,173.32382507324218,48.633425762895946,0.025356892989236712,0.36201188572436477,3.7025539251117046,0.005767193002138349,0.0,0.0,0.0,0.0,0.0,0.0,0.0,0.0,0.0,5713700.0,6302200.0,8372400.0,0.0,0.0,0.0,0.0,0.0,0.0,0.0,0.0,0.0,0.0,0.0,0.0,0.0,0.0,0.0,0.0,0.0,0.0,0.0,0.0,0.0,0.0,0.0,0.0,172.00276692708334,0.8628709328701277,173.25145612444197,3.4863478733361175,173.7036645071847,4.3211914761481145,-0.014546332148386631
2021-07-26,171.57941312134213,174.66671290998082,171.305856421865,174.6276397705078,5641000,0.0,0.0,172.66387023925782,173.34287719726564,57.282962566541386,0.13360220201067818,0.3163299489816274,3.7085276574187707,0.0147610513035068,0.0,0.0,0.0,0.0,0.0,0.0,0.0,0.0,0.0,5126300.0,5713700.0,6302200.0,0.0,0.0,0.0,0.0,0.0,0.0,0.0,0.0,0.0,0.0,0.0,0.0,0.0,0.0,0.0,0.0,0.0,0.0,0.0,0.0,0.0,0.0,0.0,0.0,172.60525512695312,1.819604023919453,172.4963858468192,2.0997131099034276,174.0560804094587,4.1674668737547345,-0.004233947135740546
2021-07-27,174.14890712217368,175.42876486782203,172.50756693445663,175.37014770507812,6684100,0.0,0.0,173.2012176513672,173.48600692749022,59.66433720652779,0.2761186502751798,0.3082876892403379,3.7297714569664264,0.004251949665849519,0.0,0.0,0.0,0.0,0.0,0.0,0.0,0.0,0.0,5641000.0,5126300.0,5713700.0,0.0,0.0,0.0,0.0,0.0,0.0,0.0,0.0,0.0,0.0,0.0,0.0,0.0,0.0,0.0,0.0,0.0,0.0,0.0,0.0,0.0,0.0,0.0,0.0,174.02841186523438,1.7214339090186244,172.52290562220983,2.1401069838617595,174.5222451346261,3.895738767836948,0.0022334528542797827
2021-07-28,175.5557615206149,176.20058006329253,173.46499844309818,174.97933959960938,5926900,0.0,0.0,173.63305053710937,173.73856048583986,59.01545987611001,0.35345460958714625,0.31732107330969955,3.646263989763268,-0.002228475658958673,0.0,0.0,0.0,0.0,0.0,0.0,0.0,0.0,0.0,6684100.0,5641000.0,5126300.0,0.0,0.0,0.0,0.0,0.0,0.0,0.0,0.0,0.0,0.0,0.0,0.0,0.0,0.0,0.0,0.0,0.0,0.0,0.0,0.0,0.0,0.0,0.0,0.0,174.99237569173178,0.3714255820457251,173.38126264299666,1.619661019840238,174.9618922642299,3.5337299857684994,0.004205202976507172
2021-07-29,175.67299781941298,177.245956150717,174.1684361105538,174.24659729003906,6209100,0.0,0.0,174.26223449707032,173.864591217041,52.082696028381754,0.3515651101696733,0.3241698806816943,3.616479369623042,-0.004187593296711367,0.0,0.0,0.0,0.0,0.0,0.0,0.0,0.0,0.0,5926900.0,6684100.0,5641000.0,0.0,0.0,0.0,0.0,0.0,0.0,0.0,0.0,0.0,0.0,0.0,0.0,0.0,0.0,0.0,0.0,0.0,0.0,0.0,0.0,0.0,0.0,0.0,0.0,174.86536153157553,0.5703811302785461,173.60457502092635,1.615164523497683,175.05331202915735,3.494480810859396,0.013237163825895903
2021-07-30,173.4454526835282,175.0770281377334,171.11044153667254,171.97019958496094,6813400,0.0,0.0,174.23878479003906,173.80401763916015,34.19057773472228,0.16448531380879672,0.2922329673071148,3.6385978665018004,-0.013064230466945603,0.0,0.0,0.0,0.0,0.0,0.0,0.0,0.0,0.0,6209100.0,5926900.0,6684100.0,0.0,0.0,0.0,0.0,0.0,0.0,0.0,0.0,0.0,0.0,0.0,0.0,0.0,0.0,0.0,0.0,0.0,0.0,0.0,0.0,0.0,0.0,0.0,0.0,173.73204549153647,1.5691728942172007,173.483149937221,1.7129521404136572,174.46990639822823,3.253824340982051,0.0026772783912236697
2021-08-02,173.1425923461708,174.70578613143317,171.27653330559755,171.51101684570312,5847200,0.0,0.0,173.61546020507814,173.72781219482422,34.53018782941737,-0.020591614834216898,0.22966805087884845,3.6713614764734737,-0.0026701297106476174,0.0,0.0,0.0,0.0,0.0,0.0,0.0,0.0,0.0,6813400.0,6209100.0,5926900.0,0.0,0.0,0.0,0.0,0.0,0.0,0.0,0.0,0.0,0.0,0.0,0.0,0.0,0.0,0.0,0.0,0.0,0.0,0.0,0.0,0.0,0.0,0.0,0.0,172.57593790690103,1.464936612232113,173.5417698451451,1.6224626409083902,173.90464782714844,3.004717816526387,0.014798623322568316
2021-08-03,171.97018842365864,172.07765817271962,166.98752174205913,169.00990295410156,9931300,0.0,0.0,172.34341125488282,173.6936164855957,31.708156161630995,-0.3648793011086866,0.11075858048134143,3.7138515352222337,-0.014582817696496164,0.0,0.0,0.0,0.0,0.0,0.0,0.0,0.0,0.0,5847200.0,6813400.0,6209100.0,0.0,0.0,0.0,0.0,0.0,0.0,0.0,0.0,0.0,0.0,0.0,0.0,0.0,0.0,0.0,0.0,0.0,0.0,0.0,0.0,0.0,0.0,0.0,0.0,170.83037312825522,1.5932030436341194,173.10212053571428,2.340371600057293,173.17678833007812,2.8537400322931252,0.0023756599784505728
2021-08-04,168.531183304137,169.26392757937236,167.3978685805867,168.60934448242188,5665800,0.0,0.0,171.0694122314453,173.68189163208007,29.478551519070038,-0.6624155795362299,-0.04387625152217284,3.7303021378042076,-0.002370029593996459,0.0,0.0,0.0,0.0,0.0,0.0,0.0,0.0,0.0,9931300.0,5847200.0,6813400.0,0.0,0.0,0.0,0.0,0.0,0.0,0.0,0.0,0.0,0.0,0.0,0.0,0.0,0.0,0.0,0.0,0.0,0.0,0.0,0.0,0.0,0.0,0.0,0.0,169.71008809407553,1.5724566921341645,172.24236406598772,2.7552251806578036,172.36937495640345,2.3570876810198107,-0.023371768062348752
2021-08-05,168.52143867570237,173.0449037324933,168.52143867570237,172.64434814453125,8864200,0.0,0.0,170.74896240234375,173.87289505004884,45.269327125495025,-0.5660985188820007,-0.1483207049941384,3.562512302962989,0.023931079706736247,0.0,0.0,0.0,0.0,0.0,0.0,0.0,0.0,0.0,5665800.0,9931300.0,5847200.0,0.0,0.0,0.0,0.0,0.0,0.0,0.0,0.0,0.0,0.0,0.0,0.0,0.0,0.0,0.0,0.0,0.0,0.0,0.0,0.0,0.0,0.0,0.0,0.0,170.0878651936849,2.223019473775332,171.85296412876673,2.410557656970416,172.18793487548828,2.2173433920239405,-0.0023711542368289873
2021-08-06,173.347773325862,174.69602775571758,172.56619124659986,173.0546875,5505200,0.0,0.0,170.96585998535156,173.8772933959961,59.70290805550299,-0.4514515453533363,-0.20894687306597798,3.5613887650764995,0.0023767899724422836,0.0,0.0,0.0,0.0,0.0,0.0,0.0,0.0,0.0,8864200.0,5665800.0,9931300.0,0.0,0.0,0.0,0.0,0.0,0.0,0.0,0.0,0.0,0.0,0.0,0.0,0.0,0.0,0.0,0.0,0.0,0.0,0.0,0.0,0.0,0.0,0.0,0.0,171.43612670898438,2.4566476983826058,171.57801382882255,2.0818846073401165,172.4796382359096,2.0215425189162612,0.002320182334002885
2021-08-09,172.92765519074266,173.23052045019165,171.03228754522456,172.6540985107422,5339000,0.0,0.0,171.19447631835936,173.50310440063475,49.91734897148733,-0.3884394877961199,-0.2448453960120064,3.2483780698520883,-0.002314811549140039,0.0,0.0,0.0,0.0,0.0,0.0,0.0,0.0,0.0,5505200.0,8864200.0,5665800.0,0.0,0.0,0.0,0.0,0.0,0.0,0.0,0.0,0.0,0.0,0.0,0.0,0.0,0.0,0.0,0.0,0.0,0.0,0.0,0.0,0.0,0.0,0.0,0.0,172.7843780517578,0.23414560804497767,171.3505140032087,1.8110672943636466,172.4775445120675,2.021330404360298,-0.001976631645034699
2021-08-10,172.19490706590398,173.31844234040884,171.5403239598849,172.9960479736328,5185000,0.0,0.0,171.99170532226563,173.1816749572754,50.49023360741501,-0.30736638597176125,-0.2573495940039574,2.9344905739914897,0.001980546455833787,0.0,0.0,0.0,0.0,0.0,0.0,0.0,0.0,0.0,5339000.0,5505200.0,8864200.0,0.0,0.0,0.0,0.0,0.0,0.0,0.0,0.0,0.0,0.0,0.0,0.0,0.0,0.0,0.0,0.0,0.0,0.0,0.0,0.0,0.0,0.0,0.0,0.0,172.901611328125,0.21634831774113408,171.49706377301897,1.9084558527183617,172.49010685512,2.0241681395554987,-0.005727463956590184
2021-08-11,173.27938390439795,174.38339015850755,172.44893434742175,173.99258422851562,5359900,0.0,0.0,173.06835327148437,172.9213073730469,58.399531281300355,-0.16084905354355783,-0.23804948591187752,2.582285268839706,0.005760456765085742,0.0,0.0,0.0,0.0,0.0,0.0,0.0,0.0,0.0,5185000.0,5339000.0,5505200.0,0.0,0.0,0.0,0.0,0.0,0.0,0.0,0.0,0.0,0.0,0.0,0.0,0.0,0.0,0.0,0.0,0.0,0.0,0.0,0.0,0.0,0.0,0.0,0.0,173.21424357096353,0.6954085081385278,171.85157339913505,2.1291982286434994,172.69667162214006,2.019022893904021,-0.006692996827157294
2021-08-12,173.99257485716822,175.58507725720315,172.39030789980515,175.1649627685547,11081300,0.0,0.0,173.57247619628907,172.68389892578125,58.843280898955236,0.04929984033972801,-0.18057962066155644,2.073858258973108,0.00673809487477528,0.0,0.0,0.0,0.0,0.0,0.0,0.0,0.0,0.0,5359900.0,5185000.0,5339000.0,0.0,0.0,0.0,0.0,0.0,0.0,0.0,0.0,0.0,0.0,0.0,0.0,0.0,0.0,0.0,0.0,0.0,0.0,0.0,0.0,0.0,0.0,0.0,0.0,174.05119832356772,1.0856447651103587,172.73086765834265,2.0286391175871774,172.91649409702845,2.11293990997117,-0.009885182464161923
2021-08-13,182.00390996252236,183.26423852295247,176.718392340844,176.91378784179688,32504600,0.0,0.0,174.34429626464845,172.7703628540039,56.88228479452596,0.352892001329252,-0.07388529626339474,2.2148572649950347,0.00998387488914032,0.0,0.0,0.0,0.0,0.0,0.0,0.0,0.0,0.0,11081300.0,5359900.0,5185000.0,0.0,0.0,0.0,0.0,0.0,0.0,0.0,0.0,0.0,0.0,0.0,0.0,0.0,0.0,0.0,0.0,0.0,0.0,0.0,0.0,0.0,0.0,0.0,0.0,175.35711161295572,1.4700505166031024,173.91721670968192,1.5994873911470182,173.07979038783483,2.332310081092554,0.011111813622015854
2021-08-16,176.3568860823856,176.43504726035385,172.4489166302962,174.9695587158203,8746700,0.0,0.0,174.80738830566406,173.07029876708984,48.875423113861004,0.43163234531630224,0.027218232052544658,2.0750031365077066,-0.01098969814447226,0.0,0.0,0.0,0.0,0.0,0.0,0.0,0.0,0.0,32504600.0,11081300.0,5359900.0,0.0,0.0,0.0,0.0,0.0,0.0,0.0,0.0,0.0,0.0,0.0,0.0,0.0,0.0,0.0,0.0,0.0,0.0,0.0,0.0,0.0,0.0,0.0,0.0,175.68276977539062,1.0705605054455818,174.2493896484375,1.5310680788082505,173.05117688860213,2.3043393768284557,0.01854056031253659
2021-08-17,173.07419863902064,174.34429174747842,170.89550974932308,171.78457641601562,8534500,0.0,0.0,174.56509399414062,173.02535705566407,42.24753731973299,0.23433194879393682,0.06864097540082309,2.093475160562823,-0.018203065282788033,0.0,0.0,0.0,0.0,0.0,0.0,0.0,0.0,0.0,8746700.0,32504600.0,11081300.0,0.0,0.0,0.0,0.0,0.0,0.0,0.0,0.0,0.0,0.0,0.0,0.0,0.0,0.0,0.0,0.0,0.0,0.0,0.0,0.0,0.0,0.0,0.0,0.0,174.55597432454428,2.589496379437774,174.0679452078683,1.7551141094821607,172.82297951834542,2.2563954966814843,0.006237865095117812
2021-08-18,171.85295007572546,172.72247267938565,170.4851667354916,170.7196502685547,7063500,0.0,0.0,173.91050720214844,172.9203308105469,41.57724352247021,-0.007869957097057068,0.05333878890124706,2.1560648931865103,-0.006199195350821141,0.0,0.0,0.0,0.0,0.0,0.0,0.0,0.0,0.0,8534500.0,8746700.0,32504600.0,0.0,0.0,0.0,0.0,0.0,0.0,0.0,0.0,0.0,0.0,0.0,0.0,0.0,0.0,0.0,0.0,0.0,0.0,0.0,0.0,0.0,0.0,0.0,0.0,172.49126180013022,2.211330736598569,173.79159545898438,2.127599800068985,172.57105473109655,2.281968604953223,0.008600199659565488
2021-08-19,169.99669089048973,170.66103861872296,168.58981933926393,169.26394653320312,8478600,0.0,0.0,172.7303039550781,172.8284942626953,43.273488007294006,-0.31366411345456413,-0.02006179156991518,2.273566979510076,-0.008526866901739982,0.0,0.0,0.0,0.0,0.0,0.0,0.0,0.0,0.0,7063500.0,8534500.0,8746700.0,0.0,0.0,0.0,0.0,0.0,0.0,0.0,0.0,0.0,0.0,0.0,0.0,0.0,0.0,0.0,0.0,0.0,0.0,0.0,0.0,0.0,0.0,0.0,0.0,170.58939107259116,1.2653534467220715,173.25843811035156,2.7397383433578844,172.37775094168526,2.4455415954788666,-0.010678242440009256
2021-08-20,169.01967758226607,171.17883724834974,168.67772429458955,171.0908966064453,6239600,0.0,0.0,171.56572570800782,172.7786666870117,49.0222524309632,-0.40393230289532767,-0.09683589383499769,2.301412265266455,0.01079349802873586,0.0,0.0,0.0,0.0,0.0,0.0,0.0,0.0,0.0,8478600.0,7063500.0,8534500.0,0.0,0.0,0.0,0.0,0.0,0.0,0.0,0.0,0.0,0.0,0.0,0.0,0.0,0.0,0.0,0.0,0.0,0.0,0.0,0.0,0.0,0.0,0.0,0.0,170.35816446940103,0.9656296545632909,172.84391130719865,2.8282337095499552,172.34774235316686,2.4595327403238634,-0.014297097399036507
2021-08-23,173.00582184790386,174.20751836649396,171.86274249006624,173.57247924804688,7395900,0.0,0.0,171.28630981445312,172.72590866088868,60.62816476280318,-0.27209101776651323,-0.1318869186213008,2.2686564376742453,0.01450446920802495,0.0,0.0,0.0,0.0,0.0,0.0,0.0,0.0,0.0,6239600.0,8478600.0,7063500.0,0.0,0.0,0.0,0.0,0.0,0.0,0.0,0.0,0.0,0.0,0.0,0.0,0.0,0.0,0.0,0.0,0.0,0.0,0.0,0.0,0.0,0.0,0.0,0.0,171.3091074625651,2.1625391376842007,172.61641366141183,2.6700399685306606,172.67364065987724,2.2788794417215836,-0.0045385932697412645
2021-08-24,173.82649698973756,175.93680428477785,173.67017461801862,174.3638458251953,5886900,0.0,0.0,171.80216369628906,172.67559356689452,63.164964641108476,-0.10256685354528372,-0.1260229056060974,2.2175074256037015,0.004559286014561792,0.0,0.0,0.0,0.0,0.0,0.0,0.0,0.0,0.0,7395900.0,6239600.0,8478600.0,0.0,0.0,0.0,0.0,0.0,0.0,0.0,0.0,0.0,0.0,0.0,0.0,0.0,0.0,0.0,0.0,0.0,0.0,0.0,0.0,0.0,0.0,0.0,0.0,173.00907389322916,1.7076645872380345,172.25213623046875,2.0988841716187734,173.08467647007532,1.9900864610090523,0.0008974444205909204
2021-08-25,174.0609613824356,174.48106093898838,172.8104123618187,174.20750427246094,4842100,0.0,0.0,172.4997344970703,172.63700180053712,54.347728289369265,0.01894838605144855,-0.09702864727458822,2.1817323224243483,-0.0008966397362623058,0.0,0.0,0.0,0.0,0.0,0.0,0.0,0.0,0.0,5886900.0,7395900.0,6239600.0,0.0,0.0,0.0,0.0,0.0,0.0,0.0,0.0,0.0,0.0,0.0,0.0,0.0,0.0,0.0,0.0,0.0,0.0,0.0,0.0,0.0,0.0,0.0,0.0,174.04794311523438,0.41911822559794404,172.14327130998885,1.9488461036642246,173.19633047921317,2.007257872757891,0.009911528848548068
2021-08-26,174.236832873092,174.8230343159978,172.2828479403686,172.49778747558594,4563000,0.0,0.0,173.14650268554686,172.54956130981446,48.55546329110717,-0.022450967132613187,-0.08211311124619322,2.1486204730575924,-0.009814254581140158,0.0,0.0,0.0,0.0,0.0,0.0,0.0,0.0,0.0,4842100.0,5886900.0,7395900.0,0.0,0.0,0.0,0.0,0.0,0.0,0.0,0.0,0.0,0.0,0.0,0.0,0.0,0.0,0.0,0.0,0.0,0.0,0.0,0.0,0.0,0.0,0.0,0.0,173.68971252441406,1.0351930553262254,172.24515860421317,1.9456087031329494,173.15655190604073,2.015780839100791,-0.019873442392584817
2021-08-27,172.22423084533355,176.38621338689077,172.22423084533355,175.99542236328125,8697000,0.0,0.0,174.12740783691407,172.75082244873047,57.467271840654185,0.22438310294825214,-0.020813868407304148,2.2762273297627673,0.020276404346289523,0.0,0.0,0.0,0.0,0.0,0.0,0.0,0.0,0.0,4563000.0,4842100.0,5886900.0,0.0,0.0,0.0,0.0,0.0,0.0,0.0,0.0,0.0,0.0,0.0,0.0,0.0,0.0,0.0,0.0,0.0,0.0,0.0,0.0,0.0,0.0,0.0,0.0,174.23357137044272,1.7489631420083105,172.99884033203125,2.253641827011254,173.3952178955078,2.1453546735978226,0.0008891172088349997
2021-08-30,176.34712101200077,177.21664361624974,174.75461869444126,175.83908081054688,6421300,0.0,0.0,174.58072814941406,172.96722564697265,56.406830155954175,0.40274285617869054,0.06389747650989479,2.3564761958468123,-0.000888327381672771,0.0,0.0,0.0,0.0,0.0,0.0,0.0,0.0,0.0,8697000.0,4563000.0,4842100.0,0.0,0.0,0.0,0.0,0.0,0.0,0.0,0.0,0.0,0.0,0.0,0.0,0.0,0.0,0.0,0.0,0.0,0.0,0.0,0.0,0.0,0.0,0.0,0.0,174.77743021647134,1.975775528705469,173.93814522879464,1.7518983689327543,173.59829166957311,2.237252619669805,-0.0072809054273107465
2021-08-31,175.12590085136972,178.7700786028734,174.42246507792638,177.1287384033203,8620000,0.0,0.0,175.13370666503906,173.3731674194336,56.97523435628128,0.6407724097721541,0.17927246316234666,2.338112511851068,0.007334305814319819,0.0,0.0,0.0,0.0,0.0,0.0,0.0,0.0,0.0,6421300.0,8697000.0,4563000.0,0.0,0.0,0.0,0.0,0.0,0.0,0.0,0.0,0.0,0.0,0.0,0.0,0.0,0.0,0.0,0.0,0.0,0.0,0.0,0.0,0.0,0.0,0.0,0.0,176.32108052571616,0.7038068667750801,174.80069405691964,1.5958286296872064,173.82230268205916,2.4285948001108153,-0.011881283522512054
2021-09-01,177.7735424761408,179.97177536145995,177.59767609330044,179.25856018066406,7302800,0.0,0.0,176.1439178466797,173.9056282043457,58.732791766870356,0.9898608638027611,0.3413901432904296,2.4076870476911396,0.01202414580797262,0.0,0.0,0.0,0.0,0.0,0.0,0.0,0.0,0.0,8620000.0,6421300.0,8697000.0,0.0,0.0,0.0,0.0,0.0,0.0,0.0,0.0,0.0,0.0,0.0,0.0,0.0,0.0,0.0,0.0,0.0,0.0,0.0,0.0,0.0,0.0,0.0,0.0,177.4087931315104,1.7268563283464988,175.6129913330078,2.199442535404814,174.11470249720983,2.817911631213851,0.008907982480149013
2021-09-02,179.9229123833051,181.03668305132197,177.37296178709278,177.6758270263672,6492600,0.0,0.0,177.17952575683594,174.1572021484375,51.63724557470628,1.1258248326998626,0.4982770811723162,2.5287813192809456,-0.008829330954693182,0.0,0.0,0.0,0.0,0.0,0.0,0.0,0.0,0.0,7302800.0,8620000.0,6421300.0,0.0,0.0,0.0,0.0,0.0,0.0,0.0,0.0,0.0,0.0,0.0,0.0,0.0,0.0,0.0,0.0,0.0,0.0,0.0,0.0,0.0,0.0,0.0,0.0,178.0210418701172,1.1060809948058972,176.0861315046038,2.241769392078191,174.16913386753626,2.8827522613763916,0.004751274904867486
2021-09-03,177.6367732838249,177.6367732838249,175.00866122482066,176.83563232421875,6847400,0.0,0.0,177.34756774902343,174.34624938964845,54.20894425175128,1.1524953183287892,0.6291207286036109,2.5827732618708774,-0.004728807042635896,0.0,0.0,0.0,0.0,0.0,0.0,0.0,0.0,0.0,6492600.0,7302800.0,8620000.0,0.0,0.0,0.0,0.0,0.0,0.0,0.0,0.0,0.0,0.0,0.0,0.0,0.0,0.0,0.0,0.0,0.0,0.0,0.0,0.0,0.0,0.0,0.0,0.0,177.92333984375,1.2302811855267601,176.46157836914062,2.0896159459006083,174.30242483956474,2.9645883242900206,-0.018118684525924578
2021-09-07,176.85517820498396,181.28095282917997,175.90749433194475,180.09878540039062,10702900,0.0,0.0,178.1995086669922,174.71848373413087,68.68687076537702,1.420565655671993,0.7874097140172873,2.848829533760759,0.018453029139450017,0.0,0.0,0.0,0.0,0.0,0.0,0.0,0.0,0.0,6847400.0,6492600.0,7302800.0,0.0,0.0,0.0,0.0,0.0,0.0,0.0,0.0,0.0,0.0,0.0,0.0,0.0,0.0,0.0,0.0,0.0,0.0,0.0,0.0,0.0,0.0,0.0,0.0,178.2034149169922,1.6943446332971854,177.5474352155413,1.6053561345484069,174.89629690987724,3.2412586549444384,-0.004374846106861008
2021-09-08,180.0987904527994,183.14701713217718,179.6884553995167,180.89015197753906,8634000,0.0,0.0,178.95179138183593,175.11318893432616,73.14363809849208,1.6775324485689396,0.9654342609276179,3.1305592622316922,0.004394069484639163,0.0,0.0,0.0,0.0,0.0,0.0,0.0,0.0,0.0,10702900.0,6847400.0,6492600.0,0.0,0.0,0.0,0.0,0.0,0.0,0.0,0.0,0.0,0.0,0.0,0.0,0.0,0.0,0.0,0.0,0.0,0.0,0.0,0.0,0.0,0.0,0.0,0.0,179.2748565673828,2.1491687802930364,178.2466823032924,1.8621401639714927,175.62276131766183,3.37032597820867,-0.0040879648788362255
2021-09-09,180.89013615023296,183.26423542444803,180.32349367936638,181.63265991210938,7190700,0.0,0.0,179.426611328125,175.49519271850585,79.09002952799705,1.9189739312480185,1.156142194991698,3.437692262133109,0.004104744931954674,0.0,0.0,0.0,0.0,0.0,0.0,0.0,0.0,0.0,8634000.0,10702900.0,6847400.0,0.0,0.0,0.0,0.0,0.0,0.0,0.0,0.0,0.0,0.0,0.0,0.0,0.0,0.0,0.0,0.0,0.0,0.0,0.0,0.0,0.0,0.0,0.0,0.0,180.87386576334634,0.7670669364563566,179.0743364606585,1.9008162953389391,176.50624084472656,3.1916370793074837,0.009721969040790812
2021-09-10,182.07230316852372,182.79528290696794,179.77636507920278,179.8838348388672,5572200,0.0,0.0,179.868212890625,175.73113632202148,70.75642553240537,1.9467614240143405,1.3142660407962263,3.573105488841768,-0.009628362399628054,0.0,0.0,0.0,0.0,0.0,0.0,0.0,0.0,0.0,7190700.0,8634000.0,10702900.0,0.0,0.0,0.0,0.0,0.0,0.0,0.0,0.0,0.0,0.0,0.0,0.0,0.0,0.0,0.0,0.0,0.0,0.0,0.0,0.0,0.0,0.0,0.0,0.0,180.80221557617188,0.8777225599322848,179.4679216657366,1.7060766961934357,177.13430786132812,2.8954174361659453,-0.0046491321166933774
2021-09-13,180.86082313557694,181.52518570055676,179.27810026339517,180.7240447998047,6818200,0.0,0.0,180.6458953857422,175.92164916992186,68.29993010897533,2.0133722323360814,1.4540872791041974,3.737288218956159,0.004670847503835507,0.0,0.0,0.0,0.0,0.0,0.0,0.0,0.0,0.0,5572200.0,7190700.0,8634000.0,0.0,0.0,0.0,0.0,0.0,0.0,0.0,0.0,0.0,0.0,0.0,0.0,0.0,0.0,0.0,0.0,0.0,0.0,0.0,0.0,0.0,0.0,0.0,0.0,180.7468465169271,0.8746354800302937,179.67727661132812,1.7650020209416957,177.64513397216797,2.849171667551919,0.01414467777728401
2021-09-14,180.70452808340923,180.8706150091187,177.9591668072333,178.2034149169922,6185900,0.0,0.0,180.2668212890625,176.08334197998047,59.026152634274915,1.8415398865821544,1.5315778005997889,3.7637902844049442,-0.013947396350080021,0.0,0.0,0.0,0.0,0.0,0.0,0.0,0.0,0.0,6818200.0,5572200.0,7190700.0,0.0,0.0,0.0,0.0,0.0,0.0,0.0,0.0,0.0,0.0,0.0,0.0,0.0,0.0,0.0,0.0,0.0,0.0,0.0,0.0,0.0,0.0,0.0,0.0,179.60376485188803,1.283441915217291,179.75264630998885,1.6742210385791658,177.9193889072963,2.689336984678051,-0.010899573023268827
2021-09-15,177.8712220843645,180.4114081178741,176.93331779130122,180.1671600341797,5933400,0.0,0.0,180.12222290039062,176.50247116088866,62.912802907275065,1.8425792274727542,1.5937780859743822,3.7264419880429225,0.011019682861308944,0.0,0.0,0.0,0.0,0.0,0.0,0.0,0.0,0.0,6185900.0,6818200.0,5572200.0,0.0,0.0,0.0,0.0,0.0,0.0,0.0,0.0,0.0,0.0,0.0,0.0,0.0,0.0,0.0,0.0,0.0,0.0,0.0,0.0,0.0,0.0,0.0,0.0,179.69820658365884,1.324134341975276,180.22857883998327,1.0720202997722428,178.34507860456193,2.5231292820706437,0.005836139169472565
2021-09-16,179.7372903688977,180.39187347831393,177.9298484924751,179.1217803955078,5678200,0.0,0.0,179.62004699707032,176.92257766723634,64.77764932877453,1.7390033640887737,1.6228231415972605,3.5073681974333413,-0.005802276277616647,0.0,0.0,0.0,0.0,0.0,0.0,0.0,0.0,0.0,5933400.0,6185900.0,6818200.0,0.0,0.0,0.0,0.0,0.0,0.0,0.0,0.0,0.0,0.0,0.0,0.0,0.0,0.0,0.0,0.0,0.0,0.0,0.0,0.0,0.0,0.0,0.0,0.0,179.16411844889322,0.9825569217061626,180.08900669642858,1.1523279998680545,178.81822095598494,1.8818713763301964,-0.0007085914327686904
2021-09-17,178.70168120381263,181.62287890195952,178.52581482201995,179.24879455566406,10035100,0.0,0.0,179.4930389404297,177.42182006835938,58.542810413259296,1.6481686649361222,1.627892246265033,3.039241564308693,0.000709093890624457,0.0,0.0,0.0,0.0,0.0,0.0,0.0,0.0,0.0,5678200.0,5933400.0,6185900.0,0.0,0.0,0.0,0.0,0.0,0.0,0.0,0.0,0.0,0.0,0.0,0.0,0.0,0.0,0.0,0.0,0.0,0.0,0.0,0.0,0.0,0.0,0.0,0.0,179.51257832845053,0.570430588526282,179.85452706473214,1.1288944969865058,179.05060468401228,1.698413046000115,0.02721003967008606
2021-09-20,175.60463187158948,176.71840269074448,172.4880235079944,174.50062561035156,8056600,0.0,0.0,178.24835510253905,177.5923065185547,47.168298318934376,1.1794480170857469,1.5382034004291758,2.7470009390633794,-0.02648926569956933,0.0,0.0,0.0,0.0,0.0,0.0,0.0,0.0,0.0,10035100.0,5678200.0,5933400.0,0.0,0.0,0.0,0.0,0.0,0.0,0.0,0.0,0.0,0.0,0.0,0.0,0.0,0.0,0.0,0.0,0.0,0.0,0.0,0.0,0.0,0.0,0.0,0.0,177.6237335205078,2.7054362703786556,178.8356650216239,2.076951372887987,178.9550007411412,1.9167350396547151,0.04346559391253568
2021-09-21,176.17128614747284,178.03733040142347,165.14103301311803,167.23179626464844,23216000,0.0,0.0,176.0540313720703,177.27527236938477,33.289294013984716,0.21892610282114333,1.2743479409075693,3.498459942579755,-0.04165503315692376,0.0,0.0,0.0,0.0,0.0,0.0,0.0,0.0,0.0,8056600.0,10035100.0,5678200.0,0.0,0.0,0.0,0.0,0.0,0.0,0.0,0.0,0.0,0.0,0.0,0.0,0.0,0.0,0.0,0.0,0.0,0.0,0.0,0.0,0.0,0.0,0.0,0.0,173.66040547688803,6.052399473438299,177.02823093959265,4.770844552577691,178.24807630266463,3.667552637829266,-0.014281523069855195
2021-09-22,168.96106786613632,171.305843660618,167.71051878805,169.65472412109375,14214500,0.0,0.0,173.95154418945313,177.0398162841797,33.94312666111877,-0.34283244661929757,0.950911863402196,3.845932760366782,0.014488440060830055,0.0,0.0,0.0,0.0,0.0,0.0,0.0,0.0,0.0,23216000.0,8056600.0,10035100.0,0.0,0.0,0.0,0.0,0.0,0.0,0.0,0.0,0.0,0.0,0.0,0.0,0.0,0.0,0.0,0.0,0.0,0.0,0.0,0.0,0.0,0.0,0.0,0.0,170.4623819986979,3.701108408258366,175.4468994140625,5.1602817014000735,177.5620880126953,4.306513452714988,-0.014751838862429922
2021-09-23,170.91505807353883,173.11329104083438,170.35816523278436,172.19491577148438,8052900,0.0,0.0,172.56617126464843,176.93918685913087,41.120620652046554,-0.57641337282638,0.6454468161564808,3.94889272401946,0.014972713925593517,0.0,0.0,0.0,0.0,0.0,0.0,0.0,0.0,0.0,14214500.0,23216000.0,8056600.0,0.0,0.0,0.0,0.0,0.0,0.0,0.0,0.0,0.0,0.0,0.0,0.0,0.0,0.0,0.0,0.0,0.0,0.0,0.0,0.0,0.0,0.0,0.0,0.0,169.69381205240884,2.4817906256500977,174.58854239327567,5.1249492012863245,177.17059435163225,4.53826987391128,0.0014205395032975687
2021-09-24,171.2667614147993,172.63454473754445,171.05182190583648,171.95065307617188,5712800,0.0,0.0,171.10654296875,176.91183013916014,41.930245736018286,-0.7723349018417593,0.36189047255683277,3.9830284311754123,-0.0014185244333035918,0.0,0.0,0.0,0.0,0.0,0.0,0.0,0.0,0.0,8052900.0,14214500.0,23216000.0,0.0,0.0,0.0,0.0,0.0,0.0,0.0,0.0,0.0,0.0,0.0,0.0,0.0,0.0,0.0,0.0,0.0,0.0,0.0,0.0,0.0,0.0,0.0,0.0,171.26676432291666,1.4013997557086586,173.41475568498885,4.542093579408448,176.82166726248605,4.7489083814457,-0.0126781395839477
2021-09-27,172.56617340449063,175.32128423679285,171.91159028154038,174.15866088867188,7755000,0.0,0.0,171.03815002441405,176.8199920654297,39.832755445189775,-0.7408957625877974,0.1413332255279067,4.026211797066386,0.012840938798422963,0.0,0.0,0.0,0.0,0.0,0.0,0.0,0.0,0.0,5712800.0,8052900.0,14214500.0,0.0,0.0,0.0,0.0,0.0,0.0,0.0,0.0,0.0,0.0,0.0,0.0,0.0,0.0,0.0,0.0,0.0,0.0,0.0,0.0,0.0,0.0,0.0,0.0,172.76807657877603,1.210458428975035,172.7057386125837,3.8351013013017736,176.39737265450614,4.69868588384759,0.021430175251071715
2021-09-28,173.66039619079362,173.9046442867019,169.85989641476945,170.5047149658203,9133100,0.0,0.0,171.69273376464844,176.55327377319335,33.8105196656207,-0.9993035674159216,-0.08679413306085898,4.264264064775146,-0.02098055821172906,0.0,0.0,0.0,0.0,0.0,0.0,0.0,0.0,0.0,7755000.0,5712800.0,8052900.0,0.0,0.0,0.0,0.0,0.0,0.0,0.0,0.0,0.0,0.0,0.0,0.0,0.0,0.0,0.0,0.0,0.0,0.0,0.0,0.0,0.0,0.0,0.0,0.0,172.20467631022134,1.840170115603072,171.45658438546317,2.561192169832879,175.65555572509766,4.754299212711472,0.01065556237413956
2021-09-29,170.2409317873426,170.93460297554356,168.61912076749812,168.70704650878906,6240800,0.0,0.0,171.5031982421875,176.1321891784668,30.492470736161422,-1.3337755014755714,-0.33619040674380146,4.606522208521045,-0.010543218452296887,0.0,0.0,0.0,0.0,0.0,0.0,0.0,0.0,0.0,9133100.0,7755000.0,5712800.0,0.0,0.0,0.0,0.0,0.0,0.0,0.0,0.0,0.0,0.0,0.0,0.0,0.0,0.0,0.0,0.0,0.0,0.0,0.0,0.0,0.0,0.0,0.0,0.0,171.12347412109375,2.7779798426036693,170.6289302280971,2.340118362814414,174.73229762486048,4.759331091036985,0.02074837009998287
2021-09-30,169.11738937433017,169.6840318440888,165.20941979810274,165.27780151367188,13978000,0.0,0.0,170.119775390625,175.4331512451172,29.020485043108764,-1.854184446557582,-0.6397892147065576,5.137331611190435,-0.020326625746118654,0.0,0.0,0.0,0.0,0.0,0.0,0.0,0.0,0.0,6240800.0,9133100.0,7755000.0,0.0,0.0,0.0,0.0,0.0,0.0,0.0,0.0,0.0,0.0,0.0,0.0,0.0,0.0,0.0,0.0,0.0,0.0,0.0,0.0,0.0,0.0,0.0,0.0,168.1631876627604,2.6555588662963734,170.34978812081474,2.8695394767630833,173.6890095302037,5.129678967420142,-0.03886145372164529
2021-10-01,168.31625633372104,173.24030657856676,168.01339106262284,171.96043395996094,12165000,0.0,0.0,170.12173156738282,175.1473815917969,39.22135325567184,-1.7076944568573538,-0.8533702631367168,5.164902966281857,0.04043272832217748,0.0,0.0,0.0,0.5803,0.5803,1.0,29.0,1.0,0.0,13978000.0,6240800.0,9133100.0,0.0,0.0,0.0,0.0,0.0,0.0,0.0,0.0,0.0,0.0,0.0,0.0,0.0,0.0,0.0,0.0,0.0,0.0,0.0,0.0,0.0,0.0,0.0,0.0,168.64842732747397,3.341701850758432,170.6791752406529,2.9085258518321213,173.0630373273577,4.72381330225679,0.014700809727644426
2021-10-04,171.52077595900235,171.91158184677474,168.69726864112315,169.46910095214844,7200600,0.0,0.0,169.18381958007814,174.77905502319337,39.249639032833365,-1.772201007352379,-1.0371364119798492,5.299094369673161,-0.014487826940426163,0.0,0.0,0.0,0.0,0.0,0.0,0.0,0.0,0.0,12165000.0,13978000.0,6240800.0,0.0,0.0,0.0,0.0,0.0,0.0,0.0,0.0,0.0,0.5803,0.0,0.0,0.5803,0.0,0.0,1.0,0.0,0.0,29.0,0.0,0.0,1.0,0.0,0.0,168.9024454752604,3.3771612228562895,170.2897731236049,2.853725873024552,172.4391577584403,4.566863040200834,-0.0065861595211431645
2021-10-05,169.83059845293113,172.18515382253634,169.6156589224771,170.5926513671875,6798200,0.0,0.0,169.20140686035157,174.3037483215332,37.966630472428776,-1.7129163513285448,-1.1722923998495884,5.222601371908834,0.006629824603579637,0.0,0.0,0.0,0.0,0.0,0.0,0.0,0.0,0.0,7200600.0,12165000.0,13978000.0,0.0,0.0,0.0,0.0,0.0,0.0,0.0,0.0,0.0,0.0,0.5803,0.0,0.0,0.5803,0.0,0.0,1.0,0.0,0.0,29.0,0.0,0.0,1.0,0.0,170.67406209309897,1.2476601374870004,170.09577287946428,2.7668353914634682,171.75526428222656,4.00260220190645,-0.004957784426447787
2021-10-06,169.01968990779946,171.66734594494332,167.6030538698853,171.442626953125,6005200,0.0,0.0,169.74852294921874,173.8313720703125,40.30109970502112,-1.5791435244962884,-1.2536626247789284,5.01879757363824,0.004982486520524132,0.0,0.0,0.0,0.0,0.0,0.0,0.0,0.0,0.0,6798200.0,7200600.0,12165000.0,0.0,0.0,0.0,0.0,0.0,0.0,0.0,0.0,0.0,0.0,0.0,0.5803,0.0,0.0,0.5803,0.0,0.0,1.0,0.0,0.0,29.0,0.0,0.0,1.0,170.50145975748697,0.9899182549041455,169.707768031529,2.242966454161148,171.20675332205636,3.395594426850162,-0.012548462241680491
2021-10-07,173.61152790915258,175.4971307912682,173.25004553032872,173.62130737304688,7780000,0.0,0.0,171.41722412109374,173.43080444335936,43.242596507506185,-1.2825419483291682,-1.2594384894889763,4.671037297900626,0.012707927186145884,0.0,0.0,0.0,0.0,0.0,0.0,0.0,0.0,0.0,6005200.0,6798200.0,7200600.0,0.0,0.0,0.0,0.0,0.0,0.0,0.0,0.0,0.0,0.0,0.0,0.0,0.0,0.0,0.0,0.0,0.0,0.0,0.0,0.0,0.0,0.0,0.0,0.0,171.88552856445312,1.5621493777628355,170.15299551827567,2.691915806131458,170.80478995186942,2.6133444531426497,0.005488259056219524
2021-10-08,173.83623811088856,174.49083609074324,172.34144103869477,172.6736297607422,4132200,0.0,0.0,171.55986328125,173.07029418945314,47.58582505447993,-1.1111441474894548,-1.229779621089072,4.418177515913896,-0.005458302478211885,0.0,0.0,0.0,0.0,0.0,0.0,0.0,0.0,0.0,7780000.0,6005200.0,6798200.0,0.0,0.0,0.0,0.0,0.0,0.0,0.0,0.0,0.0,0.0,0.0,0.0,0.0,0.0,0.0,0.0,0.0,0.0,0.0,0.0,0.0,0.0,0.0,0.0,172.57918802897134,1.0924062996718102,170.7196502685547,2.7535918799501906,170.6742902483259,2.4554388390484703,0.018556965115198887
2021-10-11,171.97019073817896,172.45868689362726,169.48862192017867,169.5277099609375,8046300,0.0,0.0,171.57158508300782,172.51047744750977,53.4047817423232,-1.215152075049673,-1.2268541118811922,4.094847003117608,-0.018218878031137087,0.0,0.0,0.0,0.0,0.0,0.0,0.0,0.0,0.0,4132200.0,7780000.0,6005200.0,0.0,0.0,0.0,0.0,0.0,0.0,0.0,0.0,0.0,0.0,0.0,0.0,0.0,0.0,0.0,0.0,0.0,0.0,0.0,0.0,0.0,0.0,0.0,0.0,171.94088236490884,2.1429125046726814,171.32678004673548,1.566331558184711,170.8382840837751,2.278101511124766,0.0022525533598949377
2021-10-12,169.62541473031936,170.4754082506227,168.5800406204183,169.14669799804688,5188400,0.0,0.0,171.2823944091797,172.0576416015625,49.19804180954372,-1.3131859973852897,-1.2441204889820117,3.929590421174761,-0.002247490767016358,0.0,0.0,0.0,0.0,0.0,0.0,0.0,0.0,0.0,8046300.0,4132200.0,7780000.0,0.0,0.0,0.0,0.0,0.0,0.0,0.0,0.0,0.0,0.0,0.0,0.0,0.0,0.0,0.0,0.0,0.0,0.0,0.0,0.0,0.0,0.0,0.0,0.0,170.44934590657553,1.9356837362793369,170.92481776646204,1.7291901782299686,170.8019965035575,2.302321883135352,0.0009829052149781248
2021-10-13,169.63518917499357,169.703570888557,167.00707732683043,168.98060607910156,8914700,0.0,0.0,170.789990234375,171.4983139038086,44.51483044779073,-1.3882776167107238,-1.2729519145277541,3.485600798575817,-0.000981940060971409,0.0,0.0,0.0,0.0,0.0,0.0,0.0,0.0,0.0,5188400.0,8046300.0,4132200.0,0.0,0.0,0.0,0.0,0.0,0.0,0.0,0.0,0.0,0.0,0.0,0.0,0.0,0.0,0.0,0.0,0.0,0.0,0.0,0.0,0.0,0.0,0.0,0.0,169.2183380126953,0.2804993460850231,170.85503278459822,1.805886212309603,170.57240295410156,2.3129763196158124,-0.008313845379597562
2021-10-14,170.0650887068066,171.97022106750748,169.99669207727572,170.3972625732422,7450200,0.0,0.0,170.14518127441406,171.0620880126953,47.45115142969166,-1.3182796195930848,-1.2820174555408204,2.9923416084762353,0.008383544875424809,0.0,0.0,0.0,0.0,0.0,0.0,0.0,0.0,0.0,8914700.0,5188400.0,8046300.0,0.0,0.0,0.0,0.0,0.0,0.0,0.0,0.0,0.0,0.0,0.0,0.0,0.0,0.0,0.0,0.0,0.0,0.0,0.0,0.0,0.0,0.0,0.0,0.0,169.50818888346353,0.7744260137529076,170.8271200997489,1.8121168929934561,170.46144648960657,2.2787802903540992,-0.011617296306772995
2021-10-15,171.64779712711876,174.77416982531744,170.09438278909954,172.40008544921875,13943900,0.0,0.0,170.09047241210936,170.71965255737305,47.09491669657873,-1.0886454081598629,-1.2433430460646289,2.3232337947099477,0.01175384419755976,0.0,0.0,0.0,0.0,0.0,0.0,0.0,0.0,0.0,7450200.0,8914700.0,5188400.0,0.0,0.0,0.0,0.0,0.0,0.0,0.0,0.0,0.0,0.0,0.0,0.0,0.0,0.0,0.0,0.0,0.0,0.0,0.0,0.0,0.0,0.0,0.0,0.0,170.5926513671875,1.7180926564838805,170.96389988490515,1.9003077005194766,170.33583395821708,2.10082296223801,0.031085764535721205
2021-10-18,168.39440072234493,169.3518490436783,165.89330271118507,167.2024688720703,20494800,0.0,0.0,169.62542419433595,170.354744720459,44.809565426778555,-1.310951033183727,-1.2568646434884485,2.2706660197621713,-0.030148573091510533,0.0,0.0,0.0,0.0,0.0,0.0,0.0,0.0,0.0,13943900.0,7450200.0,8914700.0,0.0,0.0,0.0,0.0,0.0,0.0,0.0,0.0,0.0,0.0,0.0,0.0,0.0,0.0,0.0,0.0,0.0,0.0,0.0,0.0,0.0,0.0,0.0,0.0,169.99993896484375,2.6214889010074316,170.0469229561942,1.9522481925414588,170.09995923723494,2.2597733401492834,-0.00023366059197782452
2021-10-19,167.49557418783337,167.63235252323454,166.26455426150218,167.24154663085938,9669500,0.0,0.0,169.24439392089843,170.35523223876953,47.561750224802445,-1.4670651799151813,-1.2989047507737952,2.269961161581778,0.0002337152020104316,0.0,0.0,0.0,0.0,0.0,0.0,0.0,0.0,0.0,20494800.0,13943900.0,7450200.0,0.0,0.0,0.0,0.0,0.0,0.0,0.0,0.0,0.0,0.0,0.0,0.0,0.0,0.0,0.0,0.0,0.0,0.0,0.0,0.0,0.0,0.0,0.0,0.0,168.94803365071616,2.9896284020705366,169.27091108049666,1.8084442993363643,169.99528067452567,2.360938413059708,0.003693770864228396
2021-10-20,167.03640316216908,167.0852557670303,165.97148495171555,166.62606811523438,9737600,0.0,0.0,168.773486328125,170.20379943847655,52.47492583065188,-1.6217561430746912,-1.3634750292339746,2.4155098122009773,-0.003680177133158824,0.0,0.0,0.0,0.0,0.0,0.0,0.0,0.0,0.0,9669500.0,20494800.0,13943900.0,0.0,0.0,0.0,0.0,0.0,0.0,0.0,0.0,0.0,0.0,0.0,0.0,0.0,0.0,0.0,0.0,0.0,0.0,0.0,0.0,0.0,0.0,0.0,0.0,167.0233612060547,0.3446202516078009,168.85639081682478,2.055451451050454,170.09158543178015,2.173786692921779,-0.004610601055349162
2021-10-21,166.28410219385177,168.53118767776616,166.18641189925077,167.3978729248047,7509000,0.0,0.0,168.1736083984375,169.96394729614258,39.30367194855666,-1.6629027403071461,-1.4233605714486088,2.4453733301122034,0.004631957161928213,0.0,0.0,0.0,0.0,0.0,0.0,0.0,0.0,0.0,9737600.0,9669500.0,20494800.0,0.0,0.0,0.0,0.0,0.0,0.0,0.0,0.0,0.0,0.0,0.0,0.0,0.0,0.0,0.0,0.0,0.0,0.0,0.0,0.0,0.0,0.0,0.0,0.0,167.08849589029947,0.40803071319262274,168.60655866350447,2.119566286366049,169.76568821498327,2.2137003120139958,0.011332774011115543
2021-10-22,166.64559914349968,166.8703032190722,164.72092294228756,165.5220489501953,7854300,0.0,0.0,166.79800109863282,169.64251708984375,40.471668505975416,-1.8258280239731448,-1.5038540619535161,2.588784283442283,-0.011205781422634953,0.0,0.0,0.0,0.8437,0.8437,1.0,31.0,1.0,0.0,7509000.0,9737600.0,9669500.0,0.0,0.0,0.0,0.0,0.0,0.0,0.0,0.0,0.0,0.0,0.0,0.0,0.0,0.0,0.0,0.0,0.0,0.0,0.0,0.0,0.0,0.0,0.0,0.0,166.51532999674478,0.9428022560934208,168.11247907366072,2.402112045280143,169.48375592912947,2.488648177072834,-0.015057356493906049
2021-10-25,165.99102019915733,168.59960329943164,165.14104149251756,168.05247497558594,9798700,0.0,0.0,166.96800231933594,169.33720779418945,44.257947909588545,-1.7308115345182102,-1.5492455564664551,2.3797686868012873,0.015287546531954854,0.0,0.0,0.0,0.0,0.0,0.0,0.0,0.0,0.0,7854300.0,7509000.0,9737600.0,0.0,0.0,0.0,0.0,0.0,0.0,0.0,0.0,0.0,0.8437,0.0,0.0,0.8437,0.0,0.0,1.0,0.0,0.0,31.0,0.0,0.0,1.0,0.0,0.0,166.9907989501953,1.3134100209366495,167.77750941685267,2.1839866385210542,169.30231475830078,2.4941752180299486,-0.00017430132177598257
2021-10-26,168.9708385437209,169.1369254686382,166.78238503166125,168.08177185058594,5850200,0.0,0.0,167.13604736328125,169.21606063842773,42.11007077605779,-1.6343069953780969,-1.5662578442487836,2.3788784929105775,0.00017433170802316766,0.0,0.0,0.0,0.0,0.0,0.0,0.0,0.0,0.0,9798700.0,7854300.0,7509000.0,0.0,0.0,0.0,0.0,0.0,0.0,0.0,0.0,0.0,0.0,0.8437,0.0,0.0,0.8437,0.0,0.0,1.0,0.0,0.0,31.0,0.0,0.0,1.0,0.0,167.21876525878906,1.4694724395534773,167.16060747419084,0.8830983551288194,169.06225367954798,2.433323280458324,0.014685919102444656
2021-10-27,167.81798741406303,168.08176462644786,165.53181388601524,165.64906311035156,7054700,0.0,0.0,166.94064636230468,169.06316146850585,31.504985277448753,-1.734135680510633,-1.5998334115011537,2.50808175446465,-0.014473364443093217,0.0,0.0,0.0,0.0,0.0,0.0,0.0,0.0,0.0,5850200.0,9798700.0,7854300.0,0.0,0.0,0.0,0.0,0.0,0.0,0.0,0.0,0.0,0.0,0.0,0.8437,0.0,0.0,0.8437,0.0,0.0,1.0,0.0,0.0,31.0,0.0,0.0,1.0,167.26110331217447,1.3961446149812662,166.9386923653739,1.0501956966490007,168.49280766078405,2.206614966924378,-0.0007661790666514401
2021-10-28,165.58068175555744,166.43067535256105,164.72093850823128,165.7760772705078,7884500,0.0,0.0,166.6162872314453,169.08807525634765,33.364760987902926,-1.7824546241146777,-1.6363576540238585,2.4706973898824414,0.0007667665471289276,0.0,0.0,0.0,0.0,0.0,0.0,0.0,0.0,0.0,7054700.0,5850200.0,9798700.0,0.0,0.0,0.0,0.0,0.0,0.0,0.0,0.0,0.0,0.0,0.0,0.0,0.0,0.0,0.0,0.0,0.0,0.0,0.0,0.0,0.0,0.0,0.0,0.0,166.50230407714844,1.3693326786123956,166.72933959960938,1.1232852929773605,168.00012534005302,1.9572742697830894,0.0036078629167284326
2021-10-29,165.1312773980798,166.5381489907609,164.28128378133013,165.1801300048828,7598800,0.0,0.0,166.54790344238282,168.74906005859376,38.04412866819239,-1.847538425915701,-1.6785938084022272,2.5205004905576627,-0.003594893035456237,0.0,0.0,0.0,0.0,0.0,0.0,0.0,0.0,0.0,7884500.0,7054700.0,5850200.0,0.0,0.0,0.0,0.0,0.0,0.0,0.0,0.0,0.0,0.0,0.0,0.0,0.0,0.0,0.0,0.0,0.0,0.0,0.0,0.0,0.0,0.0,0.0,0.0,165.53509012858072,0.3138959481768051,166.5227770124163,1.2689449520781653,167.68958391462053,2.0394333415983774,-0.00658073746289678
2021-11-01,165.31688939746914,167.3099473200155,165.19964017304582,166.2743377685547,8182900,0.0,0.0,166.19227600097656,168.58932189941407,42.39914205027695,-1.790188210556181,-1.700912688833018,2.5731508196187622,0.006624330442405624,0.0,0.0,0.0,0.0,0.0,0.0,0.0,0.0,0.0,7598800.0,7884500.0,7054700.0,0.0,0.0,0.0,0.0,0.0,0.0,0.0,0.0,0.0,0.0,0.0,0.0,0.0,0.0,0.0,0.0,0.0,0.0,0.0,0.0,0.0,0.0,0.0,0.0,165.74351501464844,0.5478301588083437,166.36227199009485,1.2094712284787097,167.48441532679968,2.0260072655830585,0.002119753667150892
2021-11-02,166.11801818100378,166.919159112434,165.09217316956892,165.92262268066406,6777200,0.0,0.0,165.76044616699218,168.3558204650879,41.986667370404305,-1.7529117444446172,-1.711312499955338,2.5936003733864252,-0.0021152698162009154,0.0,0.0,0.0,0.0,0.0,0.0,0.0,0.0,0.0,8182900.0,7598800.0,7884500.0,0.0,0.0,0.0,0.0,0.0,0.0,0.0,0.0,0.0,0.0,0.0,0.0,0.0,0.0,0.0,0.0,0.0,0.0,0.0,0.0,0.0,0.0,0.0,0.0,165.79236348470053,0.5586127917616879,166.41949680873327,1.1719867685924288,167.26598794119698,2.01711585620989,-0.0014698008092076664
2021-11-03,165.79559300792815,166.27432460944405,164.4961914390018,166.16685485839844,6829300,0.0,0.0,165.86400451660157,168.09203186035157,38.188611402230684,-1.6842474249716304,-1.7058994849585964,2.5306541968086553,0.0014719643035321361,0.0,0.0,0.0,0.0,0.0,0.0,0.0,0.0,0.0,6777200.0,8182900.0,7598800.0,0.0,0.0,0.0,0.0,0.0,0.0,0.0,0.0,0.0,0.0,0.0,0.0,0.0,0.0,0.0,0.0,0.0,0.0,0.0,0.0,0.0,0.0,0.0,0.0,166.12127176920572,0.18023384609381904,166.1501225062779,0.9247153230790067,166.9638159615653,1.8191023767956134,-0.0011746612175055349
2021-11-04,166.11802605598817,166.4990525174159,164.78931571987982,166.36227416992188,7505500,0.0,0.0,165.9812438964844,167.7290802001953,31.249928922079647,-1.5956678857191662,-1.6838531651107105,2.1940649420986924,0.0011760426692193349,0.0,0.0,0.0,0.0,0.0,0.0,0.0,0.0,0.0,6829300.0,6777200.0,8182900.0,0.0,0.0,0.0,0.0,0.0,0.0,0.0,0.0,0.0,0.0,0.0,0.0,0.0,0.0,0.0,0.0,0.0,0.0,0.0,0.0,0.0,0.0,0.0,0.0,166.15058390299478,0.2202769075368415,165.90447998046875,0.4127040824534863,166.5325437273298,0.9291692389033507,-0.030461615540120168
2021-11-05,169.50815879948095,172.91786718764413,168.36507963281417,171.5891571044922,16859200,0.0,0.0,167.26304931640624,167.67485656738282,63.59788780226621,-1.0911243899776366,-1.5653074100840958,2.075639631738894,0.03141867926878428,0.0,0.0,0.0,0.0,0.0,0.0,0.0,0.0,0.0,7505500.0,6829300.0,6777200.0,0.0,0.0,0.0,0.0,0.0,0.0,0.0,0.0,0.0,0.0,0.0,0.0,0.0,0.0,0.0,0.0,0.0,0.0,0.0,0.0,0.0,0.0,0.0,0.0,168.0394287109375,3.075707386575544,166.75306483677454,2.169162295158983,166.84587860107422,1.6401139245583554,-0.00701080526730069
2021-11-08,174.57876185867713,175.12587517832262,172.04835530145678,172.80062866210938,10584600,0.0,0.0,168.56830749511718,167.8385025024414,66.06445536416646,-0.5867507076354741,-1.3695960695943714,2.3414142348488656,0.007060303681539981,0.0,0.0,0.0,0.0,0.0,0.0,0.0,0.0,0.0,16859200.0,7505500.0,6829300.0,0.0,0.0,0.0,0.0,0.0,0.0,0.0,0.0,0.0,0.0,0.0,0.0,0.0,0.0,0.0,0.0,0.0,0.0,0.0,0.0,0.0,0.0,0.0,0.0,170.2506866455078,3.4215098303158733,167.75657217843192,3.0768199221483177,167.24295588902064,2.288176428698247,0.010050773400899216
2021-11-09,172.87879332734698,173.04488023789787,169.2248514797869,171.0811309814453,7293300,0.0,0.0,169.60000915527343,167.93522415161132,62.101907923915164,-0.32206743009686534,-1.1600903416948702,2.4363297915821858,-0.009950760561330707,0.0,0.0,0.0,0.0,0.0,0.0,0.0,0.0,0.0,10584600.0,16859200.0,7505500.0,0.0,0.0,0.0,0.0,0.0,0.0,0.0,0.0,0.0,0.0,0.0,0.0,0.0,0.0,0.0,0.0,0.0,0.0,0.0,0.0,0.0,0.0,0.0,0.0,171.82363891601562,0.8834049798386859,168.59957231794084,3.0616176909856883,167.56117466517858,2.4961219252876257,0.003783355598898863
2021-11-10,170.67079334157074,172.80062947560592,169.8696524713755,170.43630981445312,11045800,0.0,0.0,170.4539001464844,168.0080093383789,58.311066368493854,-0.162462933322729,-0.9605648600204421,2.490349866183053,-0.0037690957693172766,0.0,0.0,0.0,0.0,0.0,0.0,0.0,0.0,0.0,7293300.0,10584600.0,16859200.0,0.0,0.0,0.0,0.0,0.0,0.0,0.0,0.0,0.0,0.0,0.0,0.0,0.0,0.0,0.0,0.0,0.0,0.0,0.0,0.0,0.0,0.0,0.0,0.0,171.4393564860026,1.2221886259625245,169.1941397530692,2.936362068716106,167.77820587158203,2.6103112060436686,0.07612109013375945
2021-11-11,159.14228662095624,160.18767561300854,154.6872037970889,158.38023376464844,62366500,0.0,0.0,168.85749206542968,167.40715789794922,37.452764838596224,-0.997303506110029,-0.9679125892383595,3.224903826166529,-0.07073654705930699,0.0,0.0,0.0,0.0,0.0,0.0,0.0,0.0,0.0,11045800.0,7293300.0,10584600.0,0.0,0.0,0.0,0.0,0.0,0.0,0.0,0.0,0.0,0.0,0.0,0.0,0.0,0.0,0.0,0.0,0.0,0.0,0.0,0.0,0.0,0.0,0.0,0.0,166.63255818684897,7.153991358765101,168.11665562220983,4.997403785919854,167.26807621547155,3.5966523285853533,0.015535840673417622
2021-11-12,159.75780585330742,159.84573159389313,155.2733992830571,155.95730590820312,25638400,0.0,0.0,165.7311218261719,166.58501892089845,28.669801425226225,-1.8332975900773931,-1.1409895894061663,3.9085037127268274,-0.01529817073035622,0.0,0.0,0.0,0.0,0.0,0.0,0.0,0.0,0.0,62366500.0,11045800.0,7293300.0,0.0,0.0,0.0,0.0,0.0,0.0,0.0,0.0,0.0,0.0,0.0,0.0,0.0,0.0,0.0,0.0,0.0,0.0,0.0,0.0,0.0,0.0,0.0,0.0,161.5912831624349,7.755225155053167,166.65814862932478,6.819110786459509,166.40413556780135,4.682500474159134,0.007574440927197834
2021-11-15,156.4067077922617,157.02221776707472,154.03262344550419,154.78489685058594,21285300,0.0,0.0,162.1279754638672,165.96414031982422,27.459356049593225,-2.560911938635769,-1.424974059252087,4.709472290597586,-0.007517500067020122,0.0,0.0,0.0,0.0,0.0,0.0,0.0,0.0,0.0,25638400.0,62366500.0,11045800.0,0.0,0.0,0.0,0.0,0.0,0.0,0.0,0.0,0.0,0.0,0.0,0.0,0.0,0.0,0.0,0.0,0.0,0.0,0.0,0.0,0.0,0.0,0.0,0.0,156.3741455078125,1.833556195009361,165.00423758370536,8.172517414949283,165.45435878208704,5.57879722803078,-0.0025184877077208956
2021-11-16,155.40040903429121,156.55326782035016,154.90214827618735,155.1757049560547,15516200,0.0,0.0,158.94689025878907,165.360848236084,30.925228491964162,-3.070620403438909,-1.7541033280894514,5.275977334310024,0.002524846502601541,0.0,0.0,0.0,0.0,0.0,0.0,0.0,0.0,0.0,21285300.0,25638400.0,62366500.0,0.0,0.0,0.0,0.0,0.0,0.0,0.0,0.0,0.0,0.0,0.0,0.0,0.0,0.0,0.0,0.0,0.0,0.0,0.0,0.0,0.0,0.0,0.0,0.0,155.30596923828125,0.5969609174928621,162.65945870535714,8.321590572971571,164.70626177106584,6.216457360034651,0.009534074025321582
2021-11-17,155.0780037716974,155.23432613787875,153.14356294029773,153.71022033691406,14695500,0.0,0.0,155.60167236328124,164.71505584716797,29.046438985301876,-3.5518765730772373,-2.1136579770870085,5.869986966369414,-0.00944403390695503,0.0,0.0,0.0,0.9089,0.9089000000000002,1.0,82.0,1.0,0.0,15516200.0,21285300.0,25638400.0,0.0,0.0,0.0,0.0,0.0,0.0,0.0,0.0,0.0,0.0,0.0,0.0,0.0,0.0,0.0,0.0,0.0,0.0,0.0,0.0,0.0,0.0,0.0,0.0,154.55694071451822,0.7588704054137521,159.93225751604353,7.5351993225079,163.84441484723772,6.859838233996772,0.0112482010748578
2021-11-18,153.47574152485328,153.68091650026443,150.17351715674317,152.00048828125,14487700,0.0,0.0,154.32572326660156,163.94518661499023,27.964655321524233,-4.024840783666406,-2.4958945384028883,6.477844593384364,-0.011123086362875179,0.0,0.0,0.0,0.0,0.0,0.0,0.0,0.0,0.0,14695500.0,15516200.0,21285300.0,0.0,0.0,0.0,0.0,0.0,0.0,0.0,0.0,0.0,0.9089,0.0,0.0,0.9089000000000002,0.0,0.0,1.0,0.0,0.0,82.0,0.0,0.0,1.0,0.0,0.0,153.6288045247396,1.5891732548226682,157.20645141601562,6.154684183088696,162.90301186697823,7.533683618750702,0.01025978924254023
2021-11-19,151.45336932966686,151.6390002749561,149.25513638166086,150.4568328857422,16776500,0.0,0.0,153.2256286621094,163.1919258117676,23.945914100758344,-4.472670259027069,-2.8912496825277247,7.128106324493638,-0.010155594978428995,0.0,0.0,0.0,0.0,0.0,0.0,0.0,0.0,0.0,14487700.0,14695500.0,15516200.0,0.0,0.0,0.0,0.0,0.0,0.0,0.0,0.0,0.0,0.0,0.9089,0.0,0.0,0.9089000000000002,0.0,0.0,1.0,0.0,0.0,82.0,0.0,0.0,1.0,0.0,152.05584716796875,1.6274000527267227,154.35224042619978,2.607149746440133,161.77319008963448,8.15005250901023,-0.0010378313013527096
2021-11-22,149.70453328539256,152.23495479616602,149.05972966568535,150.61314392089844,12790400,0.0,0.0,152.3912780761719,162.3199592590332,24.61933633789819,-4.760093950490585,-3.265018536120297,7.556044628030029,0.0010389095141658533,0.0,0.0,0.0,0.0,0.0,0.0,0.0,0.0,0.0,16776500.0,14487700.0,14695500.0,0.0,0.0,0.0,0.0,0.0,0.0,0.0,0.0,0.0,0.0,0.0,0.9089,0.0,0.0,0.9089000000000002,0.0,0.0,1.0,0.0,0.0,82.0,0.0,0.0,1.0,151.02348836263022,0.8497087240139676,153.24265616280692,2.233131227692152,160.67965589250838,8.566890773347035,0.02072434056260608
2021-11-23,150.3005067727243,150.70107723333692,146.73449048685526,147.55516052246094,17382900,0.0,0.0,150.86716918945314,161.29362869262695,21.777782919549267,-5.17497906304547,-3.6470106415053314,8.106255241463577,-0.0203035626163115,0.0,0.0,0.0,0.0,0.0,0.0,0.0,0.0,0.0,12790400.0,16776500.0,14487700.0,0.0,0.0,0.0,0.0,0.0,0.0,0.0,0.0,0.0,0.0,0.0,0.0,0.0,0.0,0.0,0.0,0.0,0.0,0.0,0.0,0.0,0.0,0.0,0.0,149.54171244303384,1.7221787609818808,152.04234967912947,2.7329588457698697,159.35024915422713,9.078679767447028,-0.0020482923518344576
2021-11-24,147.22297791067737,147.92641358719118,145.37646298675867,147.85801696777344,14123700,0.0,0.0,149.696728515625,160.40407638549806,22.031825777874545,-5.416897892765263,-4.000988091757318,8.566261525883817,0.002052496464645115,0.0,0.0,0.0,0.0,0.0,0.0,0.0,0.0,0.0,17382900.0,12790400.0,16776500.0,0.0,0.0,0.0,0.0,0.0,0.0,0.0,0.0,0.0,0.0,0.0,0.0,0.0,0.0,0.0,0.0,0.0,0.0,0.0,0.0,0.0,0.0,0.0,0.0,148.6754404703776,1.6849188417360936,151.05279541015625,2.82686327959067,158.0285164969308,9.322993770250267,0.02180811733408472
2021-11-26,143.42247400287727,145.42531121871093,142.49433429048204,144.70233154296875,12027700,0.0,0.0,148.23709716796876,159.3503890991211,6.647745138031539,-5.796439996743658,-4.360078472754586,9.147093739511526,-0.021342673799639056,0.0,0.0,0.0,0.0,0.0,0.0,0.0,0.0,0.0,14123700.0,17382900.0,12790400.0,0.0,0.0,0.0,0.0,0.0,0.0,0.0,0.0,0.0,0.0,0.0,0.0,0.0,0.0,0.0,0.0,0.0,0.0,0.0,0.0,0.0,0.0,0.0,0.0,146.70516967773438,1.7411062437917493,149.55659920828683,3.044304044505701,156.10802895682198,9.08082165537484,0.0020295849410039146
2021-11-29,145.3862330987329,145.86496472978988,140.93115024905862,144.40924072265625,21231300,0.0,0.0,147.02757873535157,158.31184463500978,2.824651913272689,-6.051126212059415,-4.698288020615553,9.617412107896874,-0.0020254740693342876,0.0,0.0,0.0,0.1893,0.1893,1.0,52.0,1.0,0.0,12027700.0,14123700.0,17382900.0,0.0,0.0,0.0,0.0,0.0,0.0,0.0,0.0,0.0,0.0,0.0,0.0,0.0,0.0,0.0,0.0,0.0,0.0,0.0,0.0,0.0,0.0,0.0,0.0,145.65652974446616,1.91216763204145,148.22788783482142,2.9577901715622885,154.0800726754325,8.193052652166067,0.020082818100469524
2021-11-30,143.3443259485244,143.89143930663224,139.81738279244988,141.56619262695312,26011100,0.0,0.0,145.2181884765625,157.0764373779297,2.722981240153132,-6.408503850359381,-5.040331186564319,10.114837043372326,-0.019687438847236338,0.0,0.0,0.0,0.0,0.0,0.0,0.0,0.0,0.0,21231300.0,12027700.0,14123700.0,0.0,0.0,0.0,0.0,0.0,0.0,0.0,0.0,0.0,0.1893,0.0,0.0,0.1893,0.0,0.0,1.0,0.0,0.0,52.0,0.0,0.0,1.0,0.0,0.0,143.55925496419272,1.7322524837131228,146.73727416992188,3.343732979325859,151.97186279296875,7.221639375564793,0.01934570880630404
2021-12-01,143.32478945490493,144.95636505772248,138.77200105937035,138.8794708251953,16469000,0.0,0.0,143.48305053710936,155.72427978515626,2.5557956189375943,-6.8297945785082845,-5.398223864953112,10.662765105145553,-0.018978555203767455,0.0,0.0,0.0,0.0,0.0,0.0,0.0,0.0,0.0,26011100.0,21231300.0,12027700.0,0.0,0.0,0.0,0.0,0.0,0.0,0.0,0.0,0.0,0.0,0.1893,0.0,0.0,0.1893,0.0,0.0,1.0,0.0,0.0,52.0,0.0,0.0,1.0,0.0,141.61830139160156,2.7652532021916945,145.08336530412947,3.9967769521562055,149.71780286516463,5.800005941203751,-0.0343070364215311
2021-12-02,139.55359074090163,144.25292179639163,139.48520902496418,143.8132781982422,18177700,0.0,0.0,142.67410278320312,154.60660095214843,22.130816370379364,-6.688453169623955,-5.656269725887281,10.682097909539504,0.035525822094015336,0.0,0.0,0.0,0.0,0.0,0.0,0.0,0.0,0.0,16469000.0,26011100.0,21231300.0,0.0,0.0,0.0,0.0,0.0,0.0,0.0,0.0,0.0,0.0,0.0,0.1893,0.0,0.0,0.1893,0.0,0.0,1.0,0.0,0.0,52.0,0.0,0.0,1.0,141.41964721679688,2.470166080754808,144.11195591517858,3.1695050173803283,148.67730603899275,5.420684936526613,0.00670227154966474
2021-12-03,144.40923392917978,144.90750955847955,140.99954023801638,142.85581970214844,14975600,0.0,0.0,142.30480041503907,153.43127822875977,23.445501391405145,-6.577872365546881,-5.840590253819201,10.61353266336692,-0.006657650170340479,0.0,0.0,0.0,0.0,0.0,0.0,0.0,0.0,0.0,18177700.0,16469000.0,26011100.0,0.0,0.0,0.0,0.0,0.0,0.0,0.0,0.0,0.0,0.0,0.0,0.0,0.0,0.0,0.0,0.0,0.0,0.0,0.0,0.0,0.0,0.0,0.0,0.0,141.84952290852866,2.616312046797986,143.44062151227678,2.794099836728378,147.74148559570312,5.193341845385318,-0.027598700736618298
2021-12-06,143.89145142547676,147.27185196952013,143.29548541568988,146.9103546142578,14333900,0.0,0.0,142.80502319335938,152.19733810424805,35.70924582159667,-6.092834792548473,-5.891039161565056,9.794348937910895,0.028382007261328335,0.0,0.0,0.0,0.0,0.0,0.0,0.0,0.0,0.0,14975600.0,18177700.0,16469000.0,0.0,0.0,0.0,0.0,0.0,0.0,0.0,0.0,0.0,0.0,0.0,0.0,0.0,0.0,0.0,0.0,0.0,0.0,0.0,0.0,0.0,0.0,0.0,0.0,144.52648417154947,2.1192711975227656,143.30524117606026,2.557320659281736,147.17901829310827,4.78195613234286,-0.0029175373176448804
2021-12-07,148.3465262247954,149.2453574668122,146.27530705439682,147.34022521972656,14661100,0.0,0.0,143.95982971191407,150.9243179321289,35.80026922485584,-5.6090939130673405,-5.834650111865513,8.551209541476227,0.002926074248458921,0.0,0.0,0.0,0.0,0.0,0.0,0.0,0.0,0.0,14333900.0,14975600.0,18177700.0,0.0,0.0,0.0,0.0,0.0,0.0,0.0,0.0,0.0,0.0,0.0,0.0,0.0,0.0,0.0,0.0,0.0,0.0,0.0,0.0,0.0,0.0,0.0,0.0,145.70213317871094,2.4743327362155103,143.6820831298828,2.9601379319929912,146.61934116908483,4.19675707399037,-0.01649925443671263
2021-12-08,147.43792733167047,150.1246564438764,147.0959740270286,149.81201171875,12886300,0.0,0.0,146.146337890625,149.86086196899413,43.18412595252236,-4.968993800582297,-5.66151884960887,7.114336337428797,0.01677604669965249,0.0,0.0,0.0,0.0,0.0,0.0,0.0,0.0,0.0,14661100.0,14333900.0,14975600.0,0.0,0.0,0.0,0.0,0.0,0.0,0.0,0.0,0.0,0.0,0.0,0.0,0.0,0.0,0.0,0.0,0.0,0.0,0.0,0.0,0.0,0.0,0.0,0.0,148.02086385091147,1.5659997438405464,144.4539075578962,3.7738524782304794,146.3408976963588,3.800740376416982,0.0026152747978804847
2021-12-09,148.7666509500622,150.74016505059495,148.2097580738441,149.42123413085938,11862300,0.0,0.0,147.26792907714844,148.81010818481445,45.27220999024425,-4.442037294386353,-5.417622538564367,5.213466354772915,-0.0026084529765494358,0.0,0.0,0.0,0.0,0.0,0.0,0.0,0.0,0.0,12886300.0,14661100.0,14333900.0,0.0,0.0,0.0,0.0,0.0,0.0,0.0,0.0,0.0,0.0,0.0,0.0,0.0,0.0,0.0,0.0,0.0,0.0,0.0,0.0,0.0,0.0,0.0,0.0,148.85782368977866,1.3287233037874868,145.57605634416853,3.936425739911458,146.1566652570452,3.560201820051024,0.0015061758117389523
2021-12-10,150.0464965731507,151.1016501680869,147.9654979630498,149.19651794433594,10247900,0.0,0.0,148.53606872558595,148.35092239379884,47.57245656955631,-3.996484202765913,-5.133394871404676,4.705927808792029,-0.001503910657883023,0.0,0.0,0.0,0.0,0.0,0.0,0.0,0.0,0.0,11862300.0,12886300.0,14661100.0,0.0,0.0,0.0,0.0,0.0,0.0,0.0,0.0,0.0,0.0,0.0,0.0,0.0,0.0,0.0,0.0,0.0,0.0,0.0,0.0,0.0,0.0,0.0,0.0,149.4765879313151,0.31145814968384816,147.04992021833147,2.7697848046208287,146.06664276123047,3.457559021382083,0.015156630804054716
2021-12-13,148.6200832097454,148.9913451024387,145.85519285268833,146.96896362304688,10195800,0.0,0.0,148.54779052734375,147.90150527954103,43.49947494974053,-3.7795568067243437,-4.86262725846861,4.357586242246959,-0.014930337195403931,0.0,0.0,0.0,0.0,0.0,0.0,0.0,0.0,0.0,10247900.0,11862300.0,12886300.0,0.0,0.0,0.0,0.0,0.0,0.0,0.0,0.0,0.0,0.0,0.0,0.0,0.0,0.0,0.0,0.0,0.0,0.0,0.0,0.0,0.0,0.0,0.0,0.0,148.5289052327474,1.355613407420385,147.500732421875,2.3853136791456575,145.80634416852678,3.2178136648512914,0.008920032489046825
2021-12-14,145.82589365012828,148.13159652219693,145.1029287486713,145.66958618164062,10872000,0.0,0.0,148.21366271972656,147.44573974609375,46.41133985589949,-3.6701816136219065,-4.624138129499269,4.066736297945025,-0.008841168974552671,0.0,0.0,0.0,0.0,0.0,0.0,0.0,0.0,0.0,10195800.0,10247900.0,11862300.0,0.0,0.0,0.0,0.0,0.0,0.0,0.0,0.0,0.0,0.0,0.0,0.0,0.0,0.0,0.0,0.0,0.0,0.0,0.0,0.0,0.0,0.0,0.0,0.0,147.27835591634116,1.7837053030251124,147.90269906180245,1.5697754727699607,145.67166028703963,3.178202319627155,-0.008643448482046012
2021-12-15,145.337384544198,147.44769171312194,143.9598365854502,146.9396514892578,12231500,0.0,0.0,147.63919067382812,147.0339370727539,48.314213977688674,-3.441347615983915,-4.387580026796199,3.6370945067135456,0.008718809058972044,0.0,0.0,0.0,0.0,0.0,0.0,0.0,0.0,0.0,10872000.0,10195800.0,10247900.0,0.0,0.0,0.0,0.0,0.0,0.0,0.0,0.0,0.0,0.0,0.0,0.0,0.0,0.0,0.0,0.0,0.0,0.0,0.0,0.0,0.0,0.0,0.0,0.0,146.52606709798178,0.7418790132760735,147.9068843296596,1.5667248598378247,145.60606275285994,3.1388387544162812,0.011092385694491114
2021-12-16,147.86780769730754,148.5614639623388,145.16153453864752,145.32762145996094,11145600,0.0,0.0,146.82046813964843,146.61480712890625,51.21676167220032,-3.3514390718412415,-4.180351835805207,3.2940618751986785,-0.0109706945195438,0.0,0.0,0.0,0.0,0.0,0.0,0.0,0.0,0.0,12231500.0,10872000.0,10195800.0,0.0,0.0,0.0,0.0,0.0,0.0,0.0,0.0,0.0,0.0,0.0,0.0,0.0,0.0,0.0,0.0,0.0,0.0,0.0,0.0,0.0,0.0,0.0,0.0,145.97895304361978,0.8493768864921413,147.61936950683594,1.8475480016017694,145.65072631835938,3.1294246856082757,-6.72977749108794e-05
2021-12-17,145.0931542130184,146.39255605743725,143.19780124102837,145.33740234375,13785000,0.0,0.0,146.04864501953125,146.28165283203126,51.826260830926465,-3.2420246254802976,-3.9926863937402253,3.048488796583561,6.730230420615158e-05,0.0,0.0,0.0,0.0,0.0,0.0,0.0,0.0,0.0,11145600.0,12231500.0,10872000.0,0.0,0.0,0.0,0.0,0.0,0.0,0.0,0.0,0.0,0.0,0.0,0.0,0.0,0.0,0.0,0.0,0.0,0.0,0.0,0.0,0.0,0.0,0.0,0.0,145.86822509765625,0.927895360958023,146.98013959612166,1.7330123976287222,145.71702357700892,3.110877146590056,0.01563465169834699
2021-12-20,143.59834316992115,144.33108749233278,141.74206351623354,143.10008239746094,11201900,0.0,0.0,145.27486877441407,145.9138153076172,53.091796443688246,-3.297830572047019,-3.853715229401584,2.9607659746556885,-0.015393972303133552,0.0,0.0,0.0,0.0,0.0,0.0,0.0,0.0,0.0,13785000.0,11145600.0,12231500.0,0.0,0.0,0.0,0.0,0.0,0.0,0.0,0.0,0.0,0.0,0.0,0.0,0.0,0.0,0.0,0.0,0.0,0.0,0.0,0.0,0.0,0.0,0.0,0.0,144.58836873372397,1.2889030531628731,146.07711791992188,1.8889042734504151,145.8265871320452,2.977597911847129,-0.030321080921011268
2021-12-21,144.16499814157416,147.94595401110578,143.99891122021637,147.57470703125,10781400,0.0,0.0,145.65589294433593,145.76189346313475,66.34829832830802,-2.947020951738068,-3.672376373868881,2.77933951773767,0.031269196766503526,0.0,0.0,0.0,0.0,0.0,0.0,0.0,0.0,0.0,11201900.0,13785000.0,11145600.0,0.0,0.0,0.0,0.0,0.0,0.0,0.0,0.0,0.0,0.0,0.0,0.0,0.0,0.0,0.0,0.0,0.0,0.0,0.0,0.0,0.0,0.0,0.0,0.0,145.33739725748697,2.2373123168989273,145.8454306466239,1.5024491012649879,146.44767543247767,2.2300767483220483,-0.005464903440758451
2021-12-22,146.95920456117275,148.69824995347173,146.42185572473835,148.3856201171875,7820400,0.0,0.0,145.94508666992186,145.80341644287108,60.17395886454799,-2.5738976018857898,-3.4526806194722632,2.8135338950611923,0.005494932717472922,0.0,0.0,0.0,0.0,0.0,0.0,0.0,0.0,0.0,10781400.0,11201900.0,13785000.0,0.0,0.0,0.0,0.0,0.0,0.0,0.0,0.0,0.0,0.0,0.0,0.0,0.0,0.0,0.0,0.0,0.0,0.0,0.0,0.0,0.0,0.0,0.0,0.0,146.3534698486328,2.8465404333714304,146.04781014578683,1.7534562905318318,146.77427128383093,2.1478866689740728,-0.011390872175155553
2021-12-23,148.8154793428562,150.64245023539772,148.4344380215121,150.0953369140625,6572400,0.0,0.0,146.89862976074218,145.91528244018554,65.5869093996046,-2.1158446619159292,-3.1853134279609967,2.9411097492139535,0.01152211916171364,0.0,0.0,0.0,0.0,0.0,0.0,0.0,0.0,0.0,7820400.0,10781400.0,11201900.0,0.0,0.0,0.0,0.0,0.0,0.0,0.0,0.0,0.0,0.0,0.0,0.0,0.0,0.0,0.0,0.0,0.0,0.0,0.0,0.0,0.0,0.0,0.0,0.0,148.68522135416666,1.286745673173881,146.68006025041853,2.3053883254251555,147.29137965611048,1.998191913794596,0.005431897873001468
2021-12-27,149.36260026647162,150.47637098665575,147.9166408062377,149.28443908691406,7762000,0.0,0.0,147.688037109375,146.1443878173828,55.941321488469285,-1.7975460921745423,-2.907759960803706,3.0190847840767234,-0.005402551763568186,0.0,0.0,0.0,0.0,0.0,0.0,0.0,0.0,0.0,6572400.0,7820400.0,10781400.0,0.0,0.0,0.0,0.0,0.0,0.0,0.0,0.0,0.0,0.0,0.0,0.0,0.0,0.0,0.0,0.0,0.0,0.0,0.0,0.0,0.0,0.0,0.0,0.0,149.25513203938803,0.8552350897007415,147.01502990722656,2.510606195120627,147.46095711844308,2.063054803861384,-0.015463856316465074
2021-12-28,149.1085693458052,152.89930447645884,148.90340929834548,151.62921142578125,12198700,0.0,0.0,149.39386291503905,146.50538635253906,59.794740557835674,-1.340634649052447,-2.594334898453454,3.2253008138991923,0.015706743135512236,0.0,0.0,0.0,0.0,0.0,0.0,0.0,0.0,0.0,7762000.0,6572400.0,7820400.0,0.0,0.0,0.0,0.0,0.0,0.0,0.0,0.0,0.0,0.0,0.0,0.0,0.0,0.0,0.0,0.0,0.0,0.0,0.0,0.0,0.0,0.0,0.0,0.0,150.3363291422526,1.1908178999391508,147.9152570452009,2.9037137806757594,147.76731327601843,2.3431790872470404,0.0021307894691460216
2021-12-29,151.0039432124063,152.332653474947,150.632681329312,151.3068084716797,8737000,0.0,0.0,150.140283203125,146.9924171447754,53.78526358089806,-0.9930964646081577,-2.274087211684395,3.1752561547577876,-0.0021262588591602904,0.0,0.0,0.0,0.0,0.0,0.0,0.0,0.0,0.0,12198700.0,7762000.0,6572400.0,0.0,0.0,0.0,0.0,0.0,0.0,0.0,0.0,0.0,0.0,0.0,0.0,0.0,0.0,0.0,0.0,0.0,0.0,0.0,0.0,0.0,0.0,0.0,0.0,150.74015299479166,1.2709497049037244,148.76802934919084,2.8970118029908205,147.87408447265625,2.473925257471384,-0.006797935839384817
2021-12-30,152.1274978658113,153.4562081671919,151.93208745359422,152.34242248535156,7228400,0.0,0.0,150.9316436767578,147.6655647277832,57.16336205767569,-0.6268782909232016,-1.9446454275321565,2.7654150455396054,0.0068444640669669266,0.0,0.0,0.0,0.0,0.0,0.0,0.0,0.0,0.0,8737000.0,12198700.0,7762000.0,0.0,0.0,0.0,0.0,0.0,0.0,0.0,0.0,0.0,0.0,0.0,0.0,0.0,0.0,0.0,0.0,0.0,0.0,0.0,0.0,0.0,0.0,0.0,0.0,151.75948079427084,0.5299544108729555,150.08836364746094,1.7702989083719651,148.0827407836914,2.7249111274024793,0.006714412073256959
2021-12-31,152.28380337564792,152.9677099942114,151.179812080903,151.32635498046875,6410200,0.0,0.0,151.17784729003907,148.04121856689454,55.02767398083893,-0.413865126278381,-1.6384893672814016,2.7245651003951497,-0.00666962943286864,0.0,0.0,0.0,0.0,0.0,0.0,0.0,0.0,0.0,7228400.0,8737000.0,12198700.0,0.0,0.0,0.0,0.0,0.0,0.0,0.0,0.0,0.0,0.0,0.0,0.0,0.0,0.0,0.0,0.0,0.0,0.0,0.0,0.0,0.0,0.0,0.0,0.0,151.65852864583334,0.5923500690470148,150.6243133544922,1.4146382156468404,148.23487200055803,2.848526572877641,-0.01192889747042336
2022-01-03,152.24470938541094,153.934901862356,151.7855218193714,153.15330505371094,10222800,0.0,0.0,151.95162048339844,148.55609283447265,64.88013199468674,-0.0965184515398505,-1.3300951841330915,2.665421872142663,0.012072914023984804,0.0,0.0,0.0,0.0,0.0,0.0,0.0,0.0,0.0,6410200.0,7228400.0,8737000.0,0.0,0.0,0.0,0.0,0.0,0.0,0.0,0.0,0.0,0.0,0.0,0.0,0.0,0.0,0.0,0.0,0.0,0.0,0.0,0.0,0.0,0.0,0.0,0.0,152.2740275065104,0.9153933839493417,151.30541120256697,1.300256342701286,148.67661067417689,3.105081990375102,0.006613909568917498
2022-01-04,154.94121722230807,156.63142476515043,151.97116696076753,152.1470184326172,16582000,0.0,0.0,152.05518188476563,148.81792602539062,65.80829916621047,0.07294133184655038,-1.0494878809371633,2.751077887684658,-0.00657045318572036,0.0,0.0,0.0,0.0,0.0,0.0,0.0,0.0,0.0,10222800.0,6410200.0,7228400.0,0.0,0.0,0.0,0.0,0.0,0.0,0.0,0.0,0.0,0.0,0.0,0.0,0.0,0.0,0.0,0.0,0.0,0.0,0.0,0.0,0.0,0.0,0.0,0.0,152.20889282226562,0.9150453390958235,151.59850856236048,1.2101432318915155,149.13928440638952,3.1051389183191866,0.003479483236255465
2022-01-05,152.9188628100722,155.71306181999404,151.53153531671543,151.6194610595703,12272100,0.0,0.0,152.11771240234376,149.03188781738282,61.85065888513483,0.16279337930683369,-0.8070316288883639,2.7961398885085975,-0.0034674184120178086,0.0,0.0,0.0,0.0,0.0,0.0,0.0,0.0,0.0,16582000.0,10222800.0,6410200.0,0.0,0.0,0.0,0.0,0.0,0.0,0.0,0.0,0.0,0.0,0.0,0.0,0.0,0.0,0.0,0.0,0.0,0.0,0.0,0.0,0.0,0.0,0.0,0.0,152.3065948486328,0.7792739082003949,151.9320831298828,0.6649934054083219,149.4735565185547,3.1020229324902218,-0.010898544896386864
2022-01-06,152.64529644983068,154.14009361459313,150.14418340780725,153.29010009765625,11095300,0.0,0.0,152.3072479248047,149.20579223632814,70.10367185603828,0.364605437998506,-0.5727042155109899,2.9510791142249726,0.011018631951406066,0.0,0.0,0.0,0.0,0.0,0.0,0.0,0.0,0.0,12272100.0,16582000.0,10222800.0,0.0,0.0,0.0,0.0,0.0,0.0,0.0,0.0,0.0,0.0,0.0,0.0,0.0,0.0,0.0,0.0,0.0,0.0,0.0,0.0,0.0,0.0,0.0,0.0,152.3521931966146,0.8540089061189687,152.16935294015067,0.8176895754688593,150.04230499267578,3.012048643030031,-0.005892494701188022
2022-01-07,153.29010450868682,155.63489525785914,152.69413853705748,154.19871520996094,9554600,0.0,0.0,152.88171997070313,149.4446662902832,71.4016794533411,0.5910473682911856,-0.3399538987505548,3.155697763924595,0.00592742200393781,0.0,0.0,0.0,0.0,0.0,0.0,0.0,0.0,0.0,11095300.0,12272100.0,16582000.0,0.0,0.0,0.0,0.0,0.0,0.0,0.0,0.0,0.0,0.0,0.0,0.0,0.0,0.0,0.0,0.0,0.0,0.0,0.0,0.0,0.0,0.0,0.0,0.0,153.03609212239584,1.3082538101221144,152.58248247419084,1.0158160619052776,150.67525591169084,2.8752597501370785,0.007854340157735118
2022-01-10,154.34526398783984,154.62860014833637,151.09187732121057,152.9970245361328,8672900,0.0,0.0,152.8504638671875,149.63469161987305,75.1616131835392,0.6658621902004427,-0.1387906809603553,3.2528984496832347,-0.007793130261765646,0.0,0.0,0.0,0.0,0.0,0.0,0.0,0.0,0.0,9554600.0,11095300.0,12272100.0,0.0,0.0,0.0,0.0,0.0,0.0,0.0,0.0,0.0,0.0,0.0,0.0,0.0,0.0,0.0,0.0,0.0,0.0,0.0,0.0,0.0,0.0,0.0,0.0,153.49527994791666,0.6265693873038449,152.6759970528739,1.0201548181233908,151.3821803501674,1.9311914957150962,-0.008170210543465006
2022-01-11,153.01655487463674,154.57974877944542,152.36197171296817,154.25733947753906,8042600,0.0,0.0,153.27252807617188,149.99911041259764,70.30894236556865,0.8174275623474614,0.05245296770120804,3.3454789955856077,0.00823751275704443,0.0,0.0,0.0,0.0,0.0,0.0,0.0,0.0,0.0,8672900.0,9554600.0,11095300.0,0.0,0.0,0.0,0.0,0.0,0.0,0.0,0.0,0.0,0.0,0.0,0.0,0.0,0.0,0.0,0.0,0.0,0.0,0.0,0.0,0.0,0.0,0.0,0.0,153.81769307454428,0.7113240039822519,153.09470912388392,0.9743516364926625,151.85951123918807,1.7334573669058375,0.0005703881549294909
2022-01-12,154.85329477185354,155.33202641269116,152.7332230613799,154.16940307617188,6995600,0.0,0.0,153.7825164794922,150.42410125732422,68.38519041641526,0.919845077597472,0.22593138968046084,3.306187030717245,-0.0005700629977479776,0.0,0.0,0.0,0.0,0.0,0.0,0.0,0.0,0.0,8042600.0,8672900.0,9554600.0,0.0,0.0,0.0,0.0,0.0,0.0,0.0,0.0,0.0,0.0,0.0,0.0,0.0,0.0,0.0,0.0,0.0,0.0,0.0,0.0,0.0,0.0,0.0,0.0,153.80792236328125,0.7036331908225861,153.23986598423548,1.0567407974962246,152.27263859340124,1.5176299735822956,0.015182656889598078
2022-01-13,154.0717060617029,154.88261158243608,151.59991636098255,151.86370849609375,9680600,0.0,0.0,153.4972381591797,150.67030410766603,55.41599994018155,0.8056741036407402,0.34187993247251675,3.215139703152696,-0.01495559127863344,0.0,0.0,0.0,0.0,0.0,0.0,0.0,0.0,0.0,6995600.0,8042600.0,8672900.0,0.0,0.0,0.0,0.0,0.0,0.0,0.0,0.0,0.0,0.0,0.0,0.0,0.0,0.0,0.0,0.0,0.0,0.0,0.0,0.0,0.0,0.0,0.0,0.0,153.4301503499349,1.3572907808463912,153.19939313616072,1.109672172282517,152.39895084926061,1.3907613796104612,0.02303534317211331
2022-01-14,148.84481489180035,149.1085921359936,145.00522657470526,148.44424438476562,16832000,0.0,0.0,152.34634399414062,150.82613525390624,47.78125475980752,0.43426467523659085,0.3603568810253316,3.0116507101417382,-0.02251666408776054,0.0,0.0,0.0,0.0,0.0,0.0,0.0,0.0,0.0,9680600.0,6995600.0,8042600.0,0.0,0.0,0.0,0.0,0.0,0.0,0.0,0.0,0.0,0.0,0.0,0.0,0.0,0.0,0.0,0.0,0.0,0.0,0.0,0.0,0.0,0.0,0.0,0.0,151.4924519856771,2.880578771330775,152.74579075404577,2.084194585183989,152.33893694196428,1.5450646023527803,-0.002167069932314969
2022-01-18,147.63331735511244,149.60684611303952,146.38276831643321,148.76663208007812,10419500,0.0,0.0,151.5002655029297,150.99759674072266,41.53665006496319,0.1640430340874559,0.3210941116377565,2.770693847479915,0.0021717763234851972,0.0,0.0,0.0,0.0,0.0,0.0,0.0,0.0,0.0,16832000.0,9680600.0,6995600.0,0.0,0.0,0.0,0.0,0.0,0.0,0.0,0.0,0.0,0.0,0.0,0.0,0.0,0.0,0.0,0.0,0.0,0.0,0.0,0.0,0.0,0.0,0.0,0.0,149.6915283203125,1.888056803585464,152.0995810372489,2.5389474366999902,152.13446698869978,1.812483642019979,0.01438946303552635
2022-01-19,147.36952655492627,149.34305533044187,146.50978340049735,146.6563262939453,10413200,0.0,0.0,149.98006286621094,151.17540893554687,37.56523910396804,-0.21788199572472422,0.21329889016526035,2.3135947910951815,-0.01418534355874157,0.0,0.0,0.0,0.0,0.0,0.0,0.0,0.0,0.0,10419500.0,16832000.0,9680600.0,0.0,0.0,0.0,0.0,0.0,0.0,0.0,0.0,0.0,0.0,0.0,0.0,0.0,0.0,0.0,0.0,0.0,0.0,0.0,0.0,0.0,0.0,0.0,0.0,147.9557342529297,1.1368065971951942,151.02209690638952,3.048862576919061,151.80228969029017,2.3285268143729487,0.01686761697908734
2022-01-20,147.4379309924465,149.14766774266542,143.76442991960585,144.22361755371094,11760400,0.0,0.0,147.99090576171875,151.00785446166992,29.800569757306462,-0.7086902576677687,0.02890106059865452,2.6803628531748163,-0.016587819985061314,0.0,0.0,0.0,0.0,0.0,0.0,0.0,0.0,0.0,10413200.0,10419500.0,16832000.0,0.0,0.0,0.0,0.0,0.0,0.0,0.0,0.0,0.0,0.0,0.0,0.0,0.0,0.0,0.0,0.0,0.0,0.0,0.0,0.0,0.0,0.0,0.0,0.0,146.54885864257812,2.2734131210063735,149.7687530517578,3.8099926666179904,151.22237505231584,3.0749958939691093,0.07453783967831518
2022-01-21,137.98061919699785,138.60589367650542,133.4864635341996,134.21920776367188,34491800,0.0,0.0,144.46200561523438,150.29953384399414,20.59107754423664,-1.8832229788208963,-0.3535237472852557,4.596627702733664,-0.0693673474548181,0.0,0.0,0.0,0.0,0.0,1.0,35.0,0.0,0.0,11760400.0,10413200.0,10419500.0,0.0,0.0,0.0,0.0,0.0,0.0,0.0,0.0,0.0,0.0,0.0,0.0,0.0,0.0,0.0,0.0,0.0,0.0,0.0,0.0,0.0,0.0,0.0,0.0,141.69971720377603,6.591512274608849,146.90616280691964,6.472715232854064,150.00043596540178,5.4850551563976335,-0.0005821857963481669
2022-01-24,131.71813422991008,134.51231843082587,126.28604348065751,134.29739379882812,31419500,0.0,0.0,141.63263549804688,149.50963668823243,15.51109262882325,-2.7757426295828793,-0.8379675237447806,5.826431506137552,0.0005825249340907224,0.0,0.0,0.0,0.0,0.0,0.0,0.0,0.0,0.0,34491800.0,11760400.0,10413200.0,0.0,0.0,0.0,0.0,0.0,0.0,0.0,0.0,0.0,0.0,0.0,0.0,0.0,0.0,0.0,1.0,0.0,0.0,35.0,0.0,0.0,0.0,0.0,0.0,137.58007303873697,5.75361113178967,144.06730433872767,7.085064452626985,148.65358516148157,6.807036186964158,0.006959338416651084
2022-01-25,132.17730021224796,134.5807081661184,129.3342635510934,133.36923217773438,14694400,0.0,0.0,138.55315551757812,148.71387634277343,15.555549335669525,-3.517419150471312,-1.373857849090087,6.854871610273343,-0.006911240753369352,0.0,0.0,0.0,0.0,0.0,0.0,0.0,0.0,0.0,31419500.0,34491800.0,11760400.0,0.0,0.0,0.0,0.0,0.0,0.0,0.0,0.0,0.0,0.0,0.0,0.0,0.0,0.0,0.0,0.0,1.0,0.0,0.0,35.0,0.0,0.0,0.0,0.0,133.96194458007812,0.5147904990795923,141.42523629324776,7.141311680000547,147.31231471470423,7.837709250356712,0.02178131939236616
2022-01-26,134.54163896993217,135.02035573703716,129.2170181073127,130.5261993408203,14569900,0.0,0.0,135.32713012695314,147.6587257385254,14.337619935071501,-4.285214837297644,-1.9561292467315985,7.923388400643386,-0.021317006857513365,0.0,0.0,0.0,0.0,0.0,0.0,0.0,0.0,0.0,14694400.0,31419500.0,34491800.0,0.0,0.0,0.0,0.0,0.0,0.0,0.0,0.0,0.0,0.0,0.0,0.0,0.0,0.0,0.0,0.0,0.0,1.0,0.0,0.0,35.0,0.0,0.0,0.0,132.73094177246094,1.9649523890225646,138.86551557268416,7.412234658500773,145.80565316336495,8.901286316274904,-0.013439636218361195
2022-01-27,131.96238286198346,134.73703795745377,130.93653776530175,132.3043212890625,11913900,0.0,0.0,132.94327087402343,146.70860137939454,14.647826212126816,-4.696085321563345,-2.5041204616979478,8.575411893176486,0.013622720627904705,0.0,0.0,0.0,0.0,0.0,0.0,0.0,0.0,0.0,14569900.0,14694400.0,31419500.0,0.0,0.0,0.0,0.0,0.0,0.0,0.0,0.0,0.0,0.0,0.0,0.0,0.0,0.0,0.0,0.0,0.0,0.0,0.0,0.0,0.0,0.0,0.0,0.0,132.06658426920572,1.4363488768056556,136.51375688825334,6.270953087608917,144.3066689627511,9.301940825986977,-0.02315511119252711
2022-01-28,132.0991480101169,135.49907736341976,130.4871016171175,135.44046020507812,10011700,0.0,0.0,133.1875213623047,145.86350326538087,20.606228412091085,-4.714299430504582,-2.946156255459275,8.820321459827655,0.023703979472928127,0.0,0.0,0.0,0.0,0.0,0.0,0.0,0.0,0.0,11913900.0,14569900.0,14694400.0,0.0,0.0,0.0,0.0,0.0,0.0,0.0,0.0,0.0,0.0,0.0,0.0,0.0,0.0,0.0,0.0,0.0,0.0,0.0,0.0,0.0,0.0,0.0,0.0,132.75699361165366,2.488207011931319,134.91149030412947,4.4018662696744775,142.96679360525948,9.116606554226049,-0.03035609473297729
2022-01-31,135.6651785329774,139.85646977963103,135.2841520560089,139.6806182861328,10185500,0.0,0.0,134.26416625976563,145.28121643066407,30.94772360506626,-4.336599305055273,-3.2242448653784748,8.825106234896909,0.03130643586587367,0.0,0.0,0.0,0.0,0.0,0.0,0.0,0.0,0.0,10011700.0,11913900.0,14569900.0,0.0,0.0,0.0,0.0,0.0,0.0,0.0,0.0,0.0,0.0,0.0,0.0,0.0,0.0,0.0,0.0,0.0,0.0,0.0,0.0,0.0,0.0,0.0,0.0,135.80846659342447,3.701892877116393,134.26249040876115,2.867607065237509,142.01562173025948,8.673522576206668,-0.010519669875936
2022-02-01,139.72945416606717,141.36102964945565,138.977165860359,141.16563415527344,8573300,0.0,0.0,135.82344665527344,144.68183288574218,31.388876596844966,-3.8727976638737402,-3.353955425077528,8.668000821488109,0.010631509849839071,0.0,0.0,0.0,0.0,0.0,0.0,0.0,0.0,0.0,10185500.0,10011700.0,11913900.0,0.0,0.0,0.0,0.0,0.0,0.0,0.0,0.0,0.0,0.0,0.0,0.0,0.0,0.0,0.0,0.0,0.0,0.0,0.0,0.0,0.0,0.0,0.0,0.0,138.76223754882812,2.971021974672716,135.2548370361328,3.8750758934343135,141.08049992152624,7.92566622655974,0.013111800236933036
2022-02-02,140.87253881289405,141.26332981610742,138.12719250985896,139.33865356445312,9529900,0.0,0.0,137.5859375,144.041414642334,29.909995270741774,-3.611027904792678,-3.4053699210205584,8.559907728429856,-0.012942105929342196,0.0,0.0,0.0,0.0,0.0,0.0,0.0,0.0,0.0,8573300.0,10185500.0,10011700.0,0.0,0.0,0.0,0.0,0.0,0.0,0.0,0.0,0.0,0.0,0.0,0.0,0.0,0.0,0.0,0.0,0.0,0.0,0.0,0.0,0.0,0.0,0.0,0.0,140.06163533528647,0.9712594985986186,135.97501700265067,4.1277016339677495,140.02116067068917,6.975860876654216,0.018495926662299045
2022-02-03,136.77894947437105,138.77200760731404,136.04620510218692,136.80825805664062,9820600,0.0,0.0,138.48672485351562,143.3008544921875,29.729014549802557,-3.566641234856178,-3.4376241837876824,8.510339117608035,-0.018160039896194524,0.0,0.0,0.0,0.0,0.0,0.0,0.0,0.0,0.0,9529900.0,8573300.0,10185500.0,0.0,0.0,0.0,0.0,0.0,0.0,0.0,0.0,0.0,0.0,0.0,0.0,0.0,0.0,0.0,0.0,0.0,0.0,0.0,0.0,0.0,0.0,0.0,0.0,139.10418192545572,2.188130327095462,136.46630641392298,3.9674119140663158,138.94577135358537,6.117444088325515,-0.014012102560989503
2022-02-04,136.8180161392592,139.895551301407,136.31975535653663,138.75247192382812,8061100,0.0,0.0,139.1491271972656,142.5739730834961,36.410945867999864,-3.3361258859866325,-3.417324524227473,8.228407758660348,0.014211231798467727,0.0,0.0,0.0,0.0,0.0,0.0,0.0,0.0,0.0,9820600.0,9529900.0,8573300.0,0.0,0.0,0.0,0.0,0.0,0.0,0.0,0.0,0.0,0.0,0.0,0.0,0.0,0.0,0.0,0.0,0.0,0.0,0.0,0.0,0.0,0.0,0.0,0.0,138.29979451497397,1.3245425564528934,137.64148821149553,3.0198360516366294,138.25350189208984,5.474469731274121,-0.003438157764667049
2022-02-07,140.09092866944158,140.77482031434317,138.35188352624053,139.23117065429688,10937500,0.0,0.0,139.05923767089843,141.8255958557129,36.688462180778366,-3.0793173704988988,-3.3497230934817583,7.784145559321603,0.0034500194759163882,0.0,0.0,0.0,0.7976,0.7976,1.0,630.0,1.0,0.0,8061100.0,9820600.0,9529900.0,0.0,0.0,0.0,0.0,0.0,0.0,0.0,0.0,0.0,0.0,0.0,0.0,0.0,0.0,0.0,0.0,0.0,0.0,0.0,0.0,0.0,0.0,0.0,0.0,138.26396687825522,1.2832007826654186,138.63103812081474,1.9106602271809667,137.57239750453405,4.587130242041035,0.00021046322297668674
2022-02-08,138.5277466341802,139.6024442434562,137.50191653445074,139.20187377929688,9231700,0.0,0.0,138.66648559570314,141.1358383178711,38.9516262900342,-2.8453592544273363,-3.2488503256708743,7.3407059363588605,-0.0002104189375290444,0.0,0.0,0.0,0.0,0.0,0.0,0.0,0.0,0.0,10937500.0,8061100.0,9820600.0,0.0,0.0,0.0,0.0,0.0,0.0,0.0,0.0,0.0,0.7976,0.0,0.0,0.7976,0.0,0.0,1.0,0.0,0.0,630.0,0.0,0.0,1.0,0.0,0.0,139.06183878580728,0.2683197126367446,139.1683829171317,1.2928408592510041,137.03993661063058,3.8201002441159355,-0.032262465115667216
2022-02-09,141.04839140462335,143.9598395600971,139.95416466081764,143.84259033203125,22877400,0.0,0.0,139.56727294921876,140.6151008605957,49.469964064281,-2.2594333786040863,-3.0509669362575167,6.702563033067389,0.033338032217096414,0.0,0.0,0.0,0.0,0.0,0.0,0.0,0.0,0.0,9231700.0,10937500.0,8061100.0,0.0,0.0,0.0,0.0,0.0,0.0,0.0,0.0,0.0,0.0,0.7976,0.0,0.0,0.7976,0.0,0.0,1.0,0.0,0.0,630.0,0.0,0.0,1.0,0.0,140.758544921875,2.6709018412608714,139.76295035226005,2.2037801525232914,137.01272038051061,3.765956942572126,-0.03240011549364963
2022-02-10,152.43035561968532,153.87630017093934,147.6333194460272,148.65916442871094,42500300,0.0,0.0,141.9374542236328,140.33958892822267,73.4752592893945,-1.390397982385167,-2.718853145483047,6.211332540613911,0.03348503447804729,0.0,0.0,0.0,-0.7983,-0.7983,1.0,1046.0,0.0,0.0,22877400.0,9231700.0,10937500.0,0.0,0.0,0.0,0.0,0.0,0.0,0.0,0.0,0.0,0.0,0.0,0.7976,0.0,0.0,0.7976,0.0,0.0,1.0,0.0,0.0,630.0,0.0,0.0,1.0,143.90120951334634,4.728917821572647,140.83345467703683,4.047491573826498,138.04414585658483,4.782289595377122,0.0179970512910268
2022-02-11,150.00738717983484,151.1309372394859,145.14196982982415,146.03103637695312,17975200,0.0,0.0,143.3931671142578,140.04795532226564,67.61510190505598,-0.9033360438081672,-2.3557497251480712,5.762485874928671,-0.017678883517592503,0.0,0.0,0.0,0.0,0.0,0.0,0.0,0.0,0.0,42500300.0,22877400.0,9231700.0,0.0,0.0,0.0,0.0,0.0,0.0,0.0,0.0,0.0,-0.7983,0.0,0.0,-0.7983,0.0,0.0,1.0,0.0,0.0,1046.0,0.0,0.0,0.0,0.0,0.0,146.17759704589844,2.4116294345240785,141.78950936453683,4.409748092651601,138.88226318359375,5.093222639419665,-0.00914837900240939
2022-02-14,145.93335866605295,150.19304637880586,145.77705120265756,147.3793182373047,14694700,0.0,0.0,145.02279663085938,139.99470901489258,70.7706047865152,-0.403885133911416,-1.9653768069007402,5.685221536683704,0.009232844563748843,0.0,0.0,0.0,0.0,0.0,0.0,0.0,0.0,0.0,17975200.0,42500300.0,22877400.0,0.0,0.0,0.0,0.0,0.0,0.0,0.0,0.0,0.0,0.0,-0.7983,0.0,0.0,-0.7983,0.0,0.0,1.0,0.0,0.0,1046.0,0.0,0.0,0.0,0.0,147.35650634765625,1.3142125211857079,143.2996608189174,4.225803004150958,139.8829836164202,5.298898096192416,-0.025012920887826473
2022-02-15,150.0074194371524,151.28729211370631,149.00111837122878,151.1602783203125,12726000,0.0,0.0,147.4144775390625,140.1143913269043,79.76325417008002,0.29364028797311903,-1.5135733879259685,5.9007134316146095,0.025654617813605674,0.0,0.0,0.0,0.0,0.0,0.0,0.0,0.0,0.0,14694700.0,17975200.0,42500300.0,0.0,0.0,0.0,0.0,0.0,0.0,0.0,0.0,0.0,0.0,0.0,-0.7983,0.0,0.0,-0.7983,0.0,0.0,1.0,0.0,0.0,1046.0,0.0,0.0,0.0,148.1902109781901,2.659030087512174,145.07220458984375,4.587364292198251,141.35684640066964,5.3653757213264,-0.01042523553300656
2022-02-16,151.41427216693796,153.12400880132256,150.2125757352179,152.7527618408203,10656400,0.0,0.0,149.1965118408203,140.41921310424806,79.65429445558479,0.9638239587439443,-1.018093918591986,6.393348232646807,0.010535066078227961,0.0,0.0,0.0,0.0,0.0,0.0,0.0,0.0,0.0,12726000.0,14694700.0,17975200.0,0.0,0.0,0.0,0.0,0.0,0.0,0.0,0.0,0.0,0.0,0.0,0.0,0.0,0.0,0.0,0.0,0.0,0.0,0.0,0.0,0.0,0.0,0.0,0.0,150.4307861328125,2.759998764267595,147.0038604736328,4.564677571156073,142.81744929722376,5.493254342483951,0.022229508524820973
2022-02-17,151.13095663869646,151.7855397573258,149.0988106591487,149.4309844970703,8110300,0.0,0.0,149.3508758544922,140.67958145141603,70.18037882326115,1.2129277992055165,-0.5718895750324855,6.657033588425699,-0.021746103335346212,0.0,0.0,0.0,0.0,0.0,0.0,0.0,0.0,0.0,10656400.0,12726000.0,14694700.0,0.0,0.0,0.0,0.0,0.0,0.0,0.0,0.0,0.0,0.0,0.0,0.0,0.0,0.0,0.0,0.0,0.0,0.0,0.0,0.0,0.0,0.0,0.0,0.0,151.11467488606772,1.6613581598421685,148.4651620047433,3.0301212149698493,143.8167724609375,5.317777060897651,0.010504674035127337
2022-02-18,149.3919200236845,150.14419348123909,146.59772100323673,147.87757873535156,10785500,0.0,0.0,149.72018432617188,141.3625,62.81699146800023,1.2703536784134144,-0.20344092434330552,6.6599866033743025,-0.010395472980031184,0.0,0.0,0.0,0.0,0.0,0.0,0.0,0.0,0.0,8110300.0,10656400.0,12726000.0,0.0,0.0,0.0,0.0,0.0,0.0,0.0,0.0,0.0,0.0,0.0,0.0,0.0,0.0,0.0,0.0,0.0,0.0,0.0,0.0,0.0,0.0,0.0,0.0,150.02044169108072,2.490471323994759,149.04158891950334,2.30003683945687,144.4022696358817,5.278453053956785,0.022081151596409665
2022-02-22,146.73450576207608,147.32069231665096,144.21386332655342,144.6828155517578,12227200,0.0,0.0,149.1808837890625,141.88177108764648,55.22043402832825,1.0460155955869368,0.046450379642742956,6.482644562966715,-0.021604108012285295,0.0,0.0,0.0,0.0,0.0,0.0,0.0,0.0,0.0,10785500.0,8110300.0,10656400.0,0.0,0.0,0.0,0.0,0.0,0.0,0.0,0.0,0.0,0.0,0.0,0.0,0.0,0.0,0.0,0.0,0.0,0.0,0.0,0.0,0.0,0.0,0.0,0.0,147.33045959472656,2.420905119750961,148.4735390799386,2.838277330111704,144.65349687848772,5.195605771665501,0.015219078801557595
2022-02-23,146.0603729015111,146.29485645890207,142.1524030579924,142.51388549804688,9300700,0.0,0.0,147.45160522460938,142.3390037536621,54.66553069369086,0.6853116734685614,0.17422263840790667,6.165369949983839,-0.014990930646736289,0.0,0.0,0.0,0.0,0.0,0.0,0.0,0.0,0.0,12227200.0,10785500.0,8110300.0,0.0,0.0,0.0,0.0,0.0,0.0,0.0,0.0,0.0,0.0,0.0,0.0,0.0,0.0,0.0,0.0,0.0,0.0,0.0,0.0,0.0,0.0,0.0,0.0,145.0247599283854,2.698146725718906,147.97108895438058,3.5618199392330117,144.8802991594587,5.011804365010137,-0.0236277977116206
2022-02-24,136.77893894829558,146.12876357353883,136.77893894829558,145.96266174316406,12475500,0.0,0.0,146.0935852050781,143.1108268737793,63.09755065631512,0.6700151195849742,0.27338113464332015,5.543598851672321,0.024199580504486784,0.0,0.0,0.0,0.0,0.0,0.0,0.0,0.0,0.0,9300700.0,12227200.0,10785500.0,0.0,0.0,0.0,0.0,0.0,0.0,0.0,0.0,0.0,0.0,0.0,0.0,0.0,0.0,0.0,0.0,0.0,0.0,0.0,0.0,0.0,0.0,0.0,0.0,144.3864542643229,1.7433837520003757,147.76870945521765,3.6404270062384985,145.5341851370675,4.442488075424683,-0.0008695303408120525
2022-02-25,146.11899974525988,146.8224355563182,143.83284081318186,146.08969116210938,10149500,0.0,0.0,145.42532653808593,143.80009536743165,61.073436023279335,0.6605285410497572,0.3508106159246076,4.955005574939397,0.0008702870818348973,0.0,0.0,0.0,0.0,0.0,0.0,0.0,0.0,0.0,12475500.0,9300700.0,12227200.0,0.0,0.0,0.0,0.0,0.0,0.0,0.0,0.0,0.0,0.0,0.0,0.0,0.0,0.0,0.0,0.0,0.0,0.0,0.0,0.0,0.0,0.0,0.0,0.0,144.85541280110678,2.0288165766157378,147.0443398611886,3.3456348831260447,146.0582722255162,3.9907172564600324,0.007207418177640701
2022-02-28,144.42878629065962,146.04081776535702,143.09031149157488,145.04429626464844,10834700,0.0,0.0,144.85867004394532,144.28028717041016,58.62570669757985,0.56217532056462,0.39308355685261015,4.5511269696171395,-0.007155843024549302,0.0,0.0,0.0,0.0,0.0,0.0,0.0,0.0,0.0,10149500.0,12475500.0,9300700.0,0.0,0.0,0.0,0.0,0.0,0.0,0.0,0.0,0.0,0.0,0.0,0.0,0.0,0.0,0.0,0.0,0.0,0.0,0.0,0.0,0.0,0.0,0.0,0.0,145.69888305664062,0.5704358154144428,145.94313049316406,2.239237035691824,146.47349548339844,3.497700357753337,0.018943168457945303
2022-03-01,144.45808531348447,144.7414065274408,140.47195485117734,142.3477783203125,8944000,0.0,0.0,144.39166259765625,144.41364517211915,54.32560653324571,0.26360455316552134,0.3671877561151924,4.447141758929482,-0.018590996087263334,0.0,0.0,0.0,0.0,0.0,0.0,0.0,0.0,0.0,10834700.0,10149500.0,12475500.0,0.0,0.0,0.0,0.0,0.0,0.0,0.0,0.0,0.0,0.0,0.0,0.0,0.0,0.0,0.0,0.0,0.0,0.0,0.0,0.0,0.0,0.0,0.0,0.0,144.4939219156901,1.9307153782716744,144.93124389648438,1.9865852324431597,146.69820295061385,3.069439349518802,-0.01113080248478071
2022-03-02,142.94375699461196,145.05406417618636,142.56273055136,143.95005798339844,7851000,0.0,0.0,144.67889709472655,144.5528663635254,50.16124032569492,0.1544947278634936,0.32464915046485265,4.383233685963495,0.011256091819574987,0.0,0.0,0.0,0.0,0.0,0.0,0.0,0.0,0.0,8944000.0,10834700.0,10149500.0,0.0,0.0,0.0,0.0,0.0,0.0,0.0,0.0,0.0,0.0,0.0,0.0,0.0,0.0,0.0,0.0,0.0,0.0,0.0,0.0,0.0,0.0,0.0,0.0,143.78071085611978,1.356212038425307,144.37016950334822,1.5142286708338557,146.70587921142578,3.06187355098111,0.012159004663013562
2022-03-03,143.92075195885997,145.2299182324839,141.1265530228314,142.22079467773438,8048400,0.0,0.0,143.93052368164064,144.69697341918945,39.353840207056955,-0.07069773204560192,0.24557977396276173,4.2480783255079215,-0.01201293927831204,0.0,0.0,0.0,0.0,0.0,0.0,0.0,0.0,0.0,7851000.0,8944000.0,10834700.0,0.0,0.0,0.0,0.0,0.0,0.0,0.0,0.0,0.0,0.0,0.0,0.0,0.0,0.0,0.0,0.0,0.0,0.0,0.0,0.0,0.0,0.0,0.0,0.0,142.83954366048178,0.9638271408416791,144.01845223563058,1.703597181455203,146.2459956577846,3.225089922683527,0.034465643623311504
2022-03-04,140.69667463759234,140.94092274537022,136.33929674315888,137.4823760986328,12913000,0.0,0.0,142.2090606689453,144.73067932128907,36.78653117463067,-0.6243184037312801,0.07160013842395335,4.184388796486642,-0.03331734005451592,0.0,0.0,0.0,0.0,0.0,0.0,0.0,0.0,0.0,8048400.0,7851000.0,8944000.0,0.0,0.0,0.0,0.0,0.0,0.0,0.0,0.0,0.0,0.0,0.0,0.0,0.0,0.0,0.0,0.0,0.0,0.0,0.0,0.0,0.0,0.0,0.0,0.0,141.21774291992188,3.3484790371554607,143.29966517857142,3.0070319393878147,145.635377066476,3.9879676191740345,0.054082343425097656
2022-03-07,137.0525051989289,137.6484712136784,130.3698801503339,130.42849731445312,14549700,0.0,0.0,139.28590087890626,144.31448059082032,27.727867086838728,-1.613654634659099,-0.26545081619265715,5.119735299530034,-0.051307512892554974,0.0,0.0,0.0,0.0,0.0,0.0,0.0,0.0,0.0,12913000.0,8048400.0,7851000.0,0.0,0.0,0.0,0.0,0.0,0.0,0.0,0.0,0.0,0.0,0.0,0.0,0.0,0.0,0.0,0.0,0.0,0.0,0.0,0.0,0.0,0.0,0.0,0.0,136.71055603027344,5.933915144274843,141.08049883161272,5.45215497245434,144.42460414341517,5.646202130627224,0.013282934894284448
2022-03-08,129.95951912881705,132.3726912877404,126.31532713844912,128.71873474121094,16552000,0.0,0.0,136.56009216308593,143.78885879516602,18.81618769880427,-2.506777703084424,-0.7137161935710106,6.112471222454423,-0.013108811405839305,0.0,0.0,0.0,0.0,0.0,0.0,0.0,0.0,0.0,14549700.0,12913000.0,8048400.0,0.0,0.0,0.0,0.0,0.0,0.0,0.0,0.0,0.0,0.0,0.0,0.0,0.0,0.0,0.0,0.0,0.0,0.0,0.0,0.0,0.0,0.0,0.0,0.0,132.20986938476562,4.645462011473779,138.59893362862724,6.620297144490729,142.82163674490792,6.6781316182055965,-0.014216407244939666
2022-03-09,132.37272026910904,132.3824848274084,130.29172145670142,130.57504272460938,14673100,0.0,0.0,133.8850891113281,143.35751724243164,19.407093642428322,-3.029869183054444,-1.1769467914676972,6.726722739115442,0.014421428140437786,0.0,0.0,0.0,0.0,0.0,0.0,0.0,0.0,0.0,16552000.0,14549700.0,12913000.0,0.0,0.0,0.0,0.0,0.0,0.0,0.0,0.0,0.0,0.0,0.0,0.0,0.0,0.0,0.0,0.0,0.0,0.0,0.0,0.0,0.0,0.0,0.0,0.0,129.9074249267578,1.0320402885649407,136.53189740862166,6.53071793238397,141.23751395089286,6.770901166514068,7.479496246576289e-05
2022-03-10,129.31472789226626,131.11239051435666,128.59174807550878,130.56527709960938,8447200,0.0,0.0,131.55398559570312,142.69365158081055,21.358741101605588,-3.405949290631497,-1.6227472913004575,7.306518131833813,-7.478936859772745e-05,0.0,0.0,0.0,0.0,0.0,0.0,0.0,0.0,0.0,14673100.0,16552000.0,14549700.0,0.0,0.0,0.0,0.0,0.0,0.0,0.0,0.0,0.0,0.0,0.0,0.0,0.0,0.0,0.0,0.0,0.0,0.0,0.0,0.0,0.0,0.0,0.0,0.0,129.95301818847656,1.068931973047625,134.8486829485212,6.296100260958868,139.8899634225028,6.8910617677709585,0.014345560202335017
2022-03-11,131.9721208693269,133.0272743358282,128.54288328398704,128.71873474121094,7058400,0.0,0.0,129.80125732421874,141.69663009643554,21.170312719564507,-3.8090872349514484,-2.060015280030656,7.793887136841557,-0.014142675598120102,0.0,0.0,0.0,0.0,0.0,0.0,0.0,0.0,0.0,8447200.0,14673100.0,16552000.0,0.0,0.0,0.0,0.0,0.0,0.0,0.0,0.0,0.0,0.0,0.0,0.0,0.0,0.0,0.0,0.0,0.0,0.0,0.0,0.0,0.0,0.0,0.0,0.0,129.95301818847656,1.068931973047625,132.6727796282087,5.155007624625272,138.52147456577845,7.082498511140654,0.02108029299568903
2022-03-14,127.9664572247557,130.00838262031075,125.42628599197786,126.06132507324219,9971500,0.0,0.0,128.92782287597657,140.69814453125,21.518304323675892,-4.293514746208757,-2.5067151732662762,8.460076751613668,-0.020645088481575535,0.0,0.0,0.0,-0.3036,-0.3036,1.0,35.0,0.0,0.0,7058400.0,8447200.0,14673100.0,0.0,0.0,0.0,0.0,0.0,0.0,0.0,0.0,0.0,0.0,0.0,0.0,0.0,0.0,0.0,0.0,0.0,0.0,0.0,0.0,0.0,0.0,0.0,0.0,128.44844563802084,2.2641086796865375,130.3642839704241,3.5281557078265338,137.19136810302734,7.568293400168025,-0.038524629561245916
2022-03-15,126.75500309672209,131.46409885217054,126.5302841045078,131.1123809814453,9834800,0.0,0.0,129.40655212402345,139.88479766845703,33.97422781458886,-4.221189792309133,-2.8496100970748475,8.565239396840767,0.04006824381124385,0.0,0.0,0.0,0.0,0.0,0.0,0.0,0.0,0.0,9971500.0,7058400.0,8447200.0,0.0,0.0,0.0,0.0,0.0,0.0,0.0,0.0,0.0,-0.3036,0.0,0.0,-0.3036,0.0,0.0,1.0,0.0,0.0,35.0,0.0,0.0,0.0,0.0,0.0,128.6308135986328,2.526675492110686,129.45428466796875,1.769322783391092,136.3769749232701,7.564936475253855,-0.028521788719585106
2022-03-16,132.5290144887038,135.78240100379674,131.8353582257429,134.96173095703125,10638700,0.0,0.0,130.2838897705078,139.07487030029296,34.70945164950531,-3.8093495620868225,-3.041557990077243,8.201038662265281,0.02935916460956256,0.0,0.0,0.0,0.0,0.0,0.0,0.0,0.0,0.0,9834800.0,9971500.0,7058400.0,0.0,0.0,0.0,0.0,0.0,0.0,0.0,0.0,0.0,0.0,-0.3036,0.0,0.0,-0.3036,0.0,0.0,1.0,0.0,0.0,35.0,0.0,0.0,0.0,0.0,130.7118123372396,4.463703356304885,130.10188947405135,2.745607070797226,135.59119415283203,7.046224489187713,-0.009536048619883775
2022-03-17,134.2778303879301,136.26112365722656,133.41807235318163,136.26112365722656,6816000,0.0,0.0,131.42305908203124,138.2502883911133,36.77012040551159,-3.339616065890368,-3.1011696052398685,7.557211315019917,0.009627860364424423,0.0,0.0,0.0,0.0,0.0,0.0,0.0,0.0,0.0,10638700.0,9834800.0,9971500.0,0.0,0.0,0.0,0.0,0.0,0.0,0.0,0.0,0.0,0.0,0.0,-0.3036,0.0,0.0,-0.3036,0.0,0.0,1.0,0.0,0.0,35.0,0.0,0.0,0.0,134.11174519856772,2.6775445145778605,131.17937360491072,3.491093273501144,134.88915361676897,6.377671069162213,-0.005915962914134987
2022-03-18,136.33929244294157,137.49213631958557,135.11805194257076,137.07203674316406,11308800,0.0,0.0,133.09371948242188,137.63234100341796,39.20065812591206,-2.868844720808198,-3.0547046283535346,7.085420711018165,0.005951169814050639,0.0,0.0,0.0,0.0,0.0,0.0,0.0,0.0,0.0,6816000.0,10638700.0,9834800.0,0.0,0.0,0.0,0.0,0.0,0.0,0.0,0.0,0.0,0.0,0.0,0.0,0.0,0.0,0.0,0.0,0.0,0.0,0.0,0.0,0.0,0.0,0.0,0.0,136.09829711914062,1.0645336955095717,132.1075156075614,4.112066055609254,134.3197065080915,5.7235627949069725,0.012119539162770643
2022-03-21,135.70423599583123,136.09504189354905,133.73072211630864,135.43067932128906,9090300,0.0,0.0,134.96759033203125,137.00999603271484,40.35425405740563,-2.5982478804426137,-2.963413278771351,6.67279117452638,-0.011974414773966324,0.0,0.0,0.0,0.0,0.0,0.0,0.0,0.0,0.0,11308800.0,6816000.0,10638700.0,0.0,0.0,0.0,0.0,0.0,0.0,0.0,0.0,0.0,0.0,0.0,0.0,0.0,0.0,0.0,0.0,0.0,0.0,0.0,0.0,0.0,0.0,0.0,0.0,136.2546132405599,0.8206980783028512,132.80257306780135,4.21777403408763,133.82562800816126,5.25676090343407,-0.010634614604322246
2022-03-22,135.86056851411607,138.9185596711466,135.70424614333967,136.88641357421875,8511600,0.0,0.0,136.12239685058594,136.62017593383788,40.10947618508398,-2.240505197524243,-2.8188316625219296,6.424052738609865,0.010748925282108246,0.0,0.0,0.0,0.0,0.0,0.0,0.0,0.0,0.0,9090300.0,11308800.0,6816000.0,0.0,0.0,0.0,0.0,0.0,0.0,0.0,0.0,0.0,0.0,0.0,0.0,0.0,0.0,0.0,0.0,0.0,0.0,0.0,0.0,0.0,0.0,0.0,0.0,136.46304321289062,0.8988578273144441,133.9693843296596,4.025079398270204,133.32108197893416,4.49389628586747,0.017945411001541123
2022-03-23,135.87034299651106,136.54445524378255,134.37553087890205,134.47323608398438,8761300,0.0,0.0,136.02469787597656,136.21814346313477,39.35572162666201,-2.127193833233406,-2.680504096664225,6.285913886251519,-0.017629050445725714,0.0,0.0,0.0,0.0,0.0,0.0,0.0,0.0,0.0,8511600.0,9090300.0,11308800.0,0.0,0.0,0.0,0.0,0.0,0.0,0.0,0.0,0.0,0.0,0.0,0.0,0.0,0.0,0.0,0.0,0.0,0.0,0.0,0.0,0.0,0.0,0.0,0.0,135.5967763264974,1.215132733983385,135.17108590262276,2.0336930147053294,132.76768493652344,3.724879416888277,-0.009499115186479612
2022-03-24,135.39160129668335,136.0657284016498,134.24852203910902,135.7628631591797,5858800,0.0,0.0,135.9250457763672,135.70815353393556,47.390270472562754,-1.9112993642351626,-2.526663150178413,5.852536127767601,0.009590213731376807,0.0,0.0,0.0,0.0,0.0,0.0,0.0,0.0,0.0,8761300.0,8511600.0,9090300.0,0.0,0.0,0.0,0.0,0.0,0.0,0.0,0.0,0.0,0.0,0.0,0.0,0.0,0.0,0.0,0.0,0.0,0.0,0.0,0.0,0.0,0.0,0.0,0.0,135.70750427246094,1.207540829370836,135.83544049944197,0.9663495865327345,132.64486258370536,3.5831124407648693,-0.001293653074236012
2022-03-25,136.07549904157196,137.15019663488437,134.94218429002814,135.938720703125,5949400,0.0,0.0,135.69838256835936,135.20060501098632,60.569649670603965,-1.7063415646285307,-2.3625988330684367,5.32084347805394,0.0012953287802948132,0.0,0.0,0.0,0.0,0.0,0.0,0.0,0.0,0.0,5858800.0,8761300.0,8511600.0,0.0,0.0,0.0,0.0,0.0,0.0,0.0,0.0,0.0,0.0,0.0,0.0,0.0,0.0,0.0,0.0,0.0,0.0,0.0,0.0,0.0,0.0,0.0,0.0,135.39160664876303,0.800178004964886,135.97501046316964,0.8863717385029661,133.03844996861048,3.6233378556609774,0.003027700555326085
2022-03-28,135.68470370308125,136.41744797295064,133.14451760444598,135.52838134765625,8456100,0.0,0.0,135.71792297363282,134.7248092651367,63.74751327536674,-1.5590502278843417,-2.2018891120316177,4.793623390753037,-0.003018561255735852,0.0,0.0,0.0,0.0,0.0,0.0,0.0,0.0,0.0,5949400.0,5858800.0,8761300.0,0.0,0.0,0.0,0.0,0.0,0.0,0.0,0.0,0.0,0.0,0.0,0.0,0.0,0.0,0.0,0.0,0.0,0.0,0.0,0.0,0.0,0.0,0.0,0.0,135.74332173665366,0.20586645442484622,135.8703329903739,0.89021012002177,133.5248532976423,3.451856664943304,-0.02570595278890675
2022-03-29,137.71685954946838,141.13633305589042,137.71685954946838,139.10418701171875,11280700,0.0,0.0,136.1614776611328,134.56262969970703,66.10103191136346,-1.140634623582514,-1.989638214341797,4.571887362413616,0.0263841833607521,0.0,0.0,0.0,0.0,0.0,0.0,0.0,0.0,0.0,8456100.0,5949400.0,5858800.0,0.0,0.0,0.0,0.0,0.0,0.0,0.0,0.0,0.0,0.0,0.0,0.0,0.0,0.0,0.0,0.0,0.0,0.0,0.0,0.0,0.0,0.0,0.0,0.0,136.85709635416666,1.9568231688390008,136.160640171596,1.4820378117280368,134.1340778895787,3.6387921230016147,0.010073666434987416
2022-03-30,138.05881160877058,139.9737235211391,136.85711497469134,137.7168731689453,7922400,0.0,0.0,136.810205078125,134.25097045898437,62.83309612302153,-0.9104863555492386,-1.7738078425832855,4.084783956617634,-0.009973199747442263,0.0,0.0,0.0,0.0,0.0,0.0,0.0,0.0,0.0,11280700.0,8456100.0,5949400.0,0.0,0.0,0.0,0.0,0.0,0.0,0.0,0.0,0.0,0.0,0.0,0.0,0.0,0.0,0.0,0.0,0.0,0.0,0.0,0.0,0.0,0.0,0.0,0.0,137.44981384277344,1.8027997807735037,136.48723929268974,1.5449361286751009,134.64490618024553,3.6010399227398815,0.027704975060079517
2022-03-31,136.91572104004382,137.63870081820437,133.95543511579163,134.00428771972656,12306500,0.0,0.0,136.45848999023437,133.84014511108398,58.889282378180845,-1.0159555106682774,-1.622237376200284,3.6287662427005554,-0.026958101529536704,0.0,0.0,0.0,0.0,0.0,0.0,0.0,0.0,0.0,7922400.0,11280700.0,8456100.0,0.0,0.0,0.0,0.0,0.0,0.0,0.0,0.0,0.0,0.0,0.0,0.0,0.0,0.0,0.0,0.0,0.0,0.0,0.0,0.0,0.0,0.0,0.0,0.0,136.94178263346353,2.6368195237370236,136.07550702776228,1.7860575789003073,135.02244567871094,3.1849734921450588,0.0011680534308633472
2022-04-01,134.18011997378753,134.9226436686471,132.41176628192588,133.8479461669922,10341000,0.0,0.0,136.04033508300782,133.65842361450194,64.29847517750369,-1.099481889846686,-1.5176862789295644,3.5263273326471336,-0.0011666906738191374,0.0,0.0,0.0,0.6718,0.6718,1.0,63.0,1.0,0.0,12306500.0,7922400.0,11280700.0,0.0,0.0,0.0,0.0,0.0,0.0,0.0,0.0,0.0,0.0,0.0,0.0,0.0,0.0,0.0,0.0,0.0,0.0,0.0,0.0,0.0,0.0,0.0,0.0,135.18970235188803,2.189989708701261,135.9861798967634,1.8920407812604396,135.57863289969308,1.93390154359122,-0.011401411739673017
2022-04-04,133.81864328373013,136.0559492043555,133.74048210685532,135.3916015625,8174600,0.0,0.0,136.01297912597656,133.9065788269043,59.019727790074555,-1.0292524757169303,-1.4199995182870377,3.461096315432757,0.011532903116659776,0.0,0.0,0.0,0.0,0.0,0.0,0.0,0.0,0.0,10341000.0,12306500.0,7922400.0,0.0,0.0,0.0,0.0,0.0,0.0,0.0,0.0,0.0,0.6718,0.0,0.0,0.6718,0.0,0.0,1.0,0.0,0.0,63.0,0.0,0.0,1.0,0.0,0.0,134.41461181640625,0.84970135533444,135.93314252580916,1.9045065939757155,135.88429151262557,1.451770040079947,0.02182564382729968
2022-04-05,134.57094419525757,135.99734481084795,132.02099332784135,132.4997100830078,8694100,0.0,0.0,134.69208374023438,134.09562759399415,44.592291104868345,-1.19319225531018,-1.3746380656916664,3.2602496761643724,-0.021359459863965258,0.0,0.0,0.0,0.0,0.0,0.0,0.0,0.0,0.0,8174600.0,10341000.0,12306500.0,0.0,0.0,0.0,0.0,0.0,0.0,0.0,0.0,0.0,0.0,0.6718,0.0,0.0,0.6718,0.0,0.0,1.0,0.0,0.0,63.0,0.0,0.0,1.0,0.0,133.9130859375,1.4470457748690344,135.44185529436385,2.304407277939809,135.70843287876673,1.700013056241663,0.02300672167234219
2022-04-06,130.67272601238383,130.84857747860138,127.80036613573621,129.51988220214844,11679700,0.0,0.0,133.052685546875,134.0428695678711,36.21108745997166,-1.545744537449707,-1.4088593600432746,3.3280513576954815,-0.022489316233164525,0.0,0.0,0.0,0.0,0.0,0.0,0.0,0.0,0.0,8694100.0,8174600.0,10341000.0,0.0,0.0,0.0,0.0,0.0,0.0,0.0,0.0,0.0,0.0,0.0,0.6718,0.0,0.0,0.6718,0.0,0.0,1.0,0.0,0.0,63.0,0.0,0.0,1.0,132.47039794921875,2.935969424665792,134.58349827357702,3.208493897371419,135.22691563197546,2.3585726688169895,0.005308291273830035
2022-04-07,129.94975401829598,130.1451644248653,127.02855627736854,128.8359832763672,9858700,0.0,0.0,132.01902465820314,133.95640487670897,33.06552313972941,-1.8589014302144733,-1.4988677740775145,3.443614101880244,-0.005280262104576772,0.0,0.0,0.0,0.0,0.0,0.0,0.0,0.0,0.0,11679700.0,8694100.0,8174600.0,0.0,0.0,0.0,0.0,0.0,0.0,0.0,0.0,0.0,0.0,0.0,0.0,0.0,0.0,0.0,0.0,0.0,0.0,0.0,0.0,0.0,0.0,0.0,0.0,130.28519185384116,1.94807537730317,133.11661202566964,3.1438196953893813,134.6386260986328,2.8407962839752994,0.0
2022-04-08,128.96299705909306,130.0572237788207,127.6245222388747,128.8359832763672,6702000,0.0,0.0,131.01663208007812,133.9622673034668,35.45889974954545,-2.0830682102414073,-1.615707861310293,3.4343154157837628,0.0,0.0,0.0,0.0,0.0,0.0,0.0,0.0,0.0,0.0,9858700.0,11679700.0,8694100.0,0.0,0.0,0.0,0.0,0.0,0.0,0.0,0.0,0.0,0.0,0.0,0.0,0.0,0.0,0.0,0.0,0.0,0.0,0.0,0.0,0.0,0.0,0.0,0.0,129.06394958496094,0.3948492288984462,131.84791346958704,2.7445649740984726,134.1675763811384,3.220708134723644,0.009337881178169694
2022-04-11,127.04809223393757,129.38310360407033,127.04809223393757,127.64405822753906,9915300,0.0,0.0,129.46712341308594,134.04140396118163,29.381015503036807,-2.3300411248671367,-1.758574514021662,3.256293911445421,-0.009251491846585358,0.0,0.0,0.0,0.0,0.0,0.0,0.0,0.0,0.0,6702000.0,9858700.0,11679700.0,0.0,0.0,0.0,0.0,0.0,0.0,0.0,0.0,0.0,0.0,0.0,0.0,0.0,0.0,0.0,0.0,0.0,0.0,0.0,0.0,0.0,0.0,0.0,0.0,128.4386749267578,0.6881582477948593,130.9393092564174,2.9563304691906653,133.50740814208984,3.5508525035109195,-0.0014521132096823042
2022-04-12,128.777365212345,130.14516351011167,127.15555425863292,127.82968139648438,7885600,0.0,0.0,128.53311767578126,133.87726898193358,33.54308660864936,-2.482177701198026,-1.903295151456935,3.4863120802217633,0.0014542249088822512,0.0,0.0,0.0,0.0,0.0,0.0,0.0,0.0,0.0,9915300.0,6702000.0,9858700.0,0.0,0.0,0.0,0.0,0.0,0.0,0.0,0.0,0.0,0.0,0.0,0.0,0.0,0.0,0.0,0.0,0.0,0.0,0.0,0.0,0.0,0.0,0.0,0.0,128.10324096679688,0.6413247690431634,130.07955714634485,2.8423798705980072,133.03286852155412,3.8436993697576205,-0.01140931281441282
2022-04-13,128.03486893824802,129.83253154399125,127.74176820937801,129.30496215820312,7694500,0.0,0.0,128.4901336669922,133.59443054199218,34.14876954226658,-2.455399884554396,-2.0137160980764275,3.6205774964342248,0.011540987551575954,0.0,0.0,0.0,0.0,0.0,0.0,0.0,0.0,0.0,7885600.0,9915300.0,6702000.0,0.0,0.0,0.0,0.0,0.0,0.0,0.0,0.0,0.0,0.0,0.0,0.0,0.0,0.0,0.0,0.0,0.0,0.0,0.0,0.0,0.0,0.0,0.0,0.0,128.2595672607422,0.9100834351533177,129.2100372314453,1.61061413298804,132.57158987862724,3.878221701011385,0.014409566187951972
2022-04-14,129.75435934080534,130.51641222654254,127.35096636508682,127.46820068359375,7283500,0.0,0.0,128.2165771484375,133.15478439331054,30.776124778368782,-2.5529606314884177,-2.1215650047588257,3.8086930493012194,-0.014204880028982347,0.0,0.0,0.0,0.0,0.0,0.0,0.0,0.0,0.0,7694500.0,7885600.0,9915300.0,0.0,0.0,0.0,0.0,0.0,0.0,0.0,0.0,0.0,0.0,0.0,0.0,0.0,0.0,0.0,0.0,0.0,0.0,0.0,0.0,0.0,0.0,0.0,0.0,128.2009480794271,0.973037713066602,128.49125017438615,0.8326594509600369,131.966552734375,3.9721131592865198,0.021131711991863922
2022-04-18,127.07741533978927,127.22395824444573,123.9021824181167,124.830322265625,10571000,0.0,0.0,127.41544494628906,132.5426986694336,27.95013787689706,-2.810732593266266,-2.259398522460314,4.117200998682359,-0.020694403810693096,0.0,0.0,0.0,0.0,0.0,0.0,0.0,0.0,0.0,7283500.0,7694500.0,7885600.0,0.0,0.0,0.0,0.0,0.0,0.0,0.0,0.0,0.0,0.0,0.0,0.0,0.0,0.0,0.0,0.0,0.0,0.0,0.0,0.0,0.0,0.0,0.0,0.0,127.20116170247395,2.24924051740607,127.8213130405971,1.4923432094997227,131.20240565708704,4.253271591509566,-0.03131144309004463
2022-04-19,125.14294182321284,130.1256085837512,124.84984860156105,128.8652801513672,12767200,0.0,0.0,127.6596893310547,132.2144287109375,29.288512051558257,-2.6587825599758332,-2.339275329963418,4.1365081167954205,0.032323539765893194,0.0,0.0,0.0,0.7767,0.7767000000000001,1.0,62.0,1.0,0.0,10571000.0,7283500.0,7694500.0,0.0,0.0,0.0,0.0,0.0,0.0,0.0,0.0,0.0,0.0,0.0,0.0,0.0,0.0,0.0,0.0,0.0,0.0,0.0,0.0,0.0,0.0,0.0,0.0,127.05460103352864,2.0490289865760456,127.82549830845424,1.4957004242930387,130.47105516706193,3.6237456982042517,0.05884222522846683
2022-04-20,123.14990107764996,124.41998678799857,121.25453334289887,121.70394897460938,36465700,0.0,0.0,126.43454284667969,131.45530548095704,23.742381729461883,-3.0807081541480557,-2.4875618948003457,4.601033458080148,-0.05557223146797963,0.0,0.0,0.0,0.9598,0.9598,1.0,52.0,1.0,0.0,12767200.0,10571000.0,7283500.0,0.0,0.0,0.0,0.0,0.0,0.0,0.0,0.0,0.0,0.7767,0.0,0.0,0.7767000000000001,0.0,0.0,1.0,0.0,0.0,62.0,0.0,0.0,1.0,0.0,0.0,125.13318379720052,3.590259027741892,126.80663626534599,2.664846646353629,129.3272748674665,3.6873477308768945,0.02391911953115322
2022-04-21,122.6516287686554,123.54068799098718,118.48963899044763,118.86090087890625,18688600,0.0,0.0,124.34573059082031,130.67468872070313,24.439316243718878,-3.6029647138644805,-2.7106424586131728,5.328891167335237,-0.02336036028129418,0.0,0.0,0.0,0.0,0.0,0.0,0.0,0.0,0.0,36465700.0,12767200.0,10571000.0,0.0,0.0,0.0,0.0,0.0,0.0,0.0,0.0,0.0,0.9598,0.7767,0.0,0.9598,0.7767000000000001,0.0,1.0,1.0,0.0,52.0,62.0,0.0,1.0,1.0,0.0,123.14337666829427,5.155178485835563,125.55189950125558,3.9585630968389114,128.2456043788365,4.368112718271537,0.028663293458056405
2022-04-22,117.24886132194175,119.08560437108706,115.43165484131625,115.54888916015625,19472800,0.0,0.0,121.96186828613281,129.66399002075195,22.086451333592464,-4.235286717259228,-3.015571310342384,6.164476314380378,-0.027864602188437337,0.0,0.0,0.0,0.0,0.0,0.0,0.0,0.0,0.0,18688600.0,36465700.0,12767200.0,0.0,0.0,0.0,0.0,0.0,0.0,0.0,0.0,0.0,0.0,0.9598,0.7767,0.0,0.9598,0.7767000000000001,0.0,1.0,1.0,0.0,52.0,62.0,0.0,1.0,1.0,118.70457967122395,3.0805060574282956,123.79750061035156,5.281222206916999,126.93852887834821,5.217923312901137,-0.014005793354555984
2022-04-25,114.95292536444026,117.5614931928025,114.06385873350395,117.19023132324219,16491000,0.0,0.0,120.43385009765625,128.7265655517578,22.317962894288215,-4.551497040615672,-3.322756456397042,6.5721169968546995,0.014204742036169282,0.0,0.0,0.0,0.0,0.0,0.0,0.0,0.0,0.0,19472800.0,18688600.0,36465700.0,0.0,0.0,0.0,0.0,0.0,0.0,0.0,0.0,0.0,0.0,0.0,0.9598,0.0,0.0,0.9598,0.0,0.0,1.0,0.0,0.0,52.0,0.0,0.0,1.0,117.20000712076823,1.6560275000576903,122.06682477678571,5.159215877729418,125.63843100411552,5.217269494773978,0.03610603731527173
2022-04-26,116.40864625667582,116.40864625667582,112.97940083658337,113.10640716552734,16116000,0.0,0.0,117.28207550048828,127.60546684265137,21.53712060695274,-5.073146405791093,-3.6728344462758526,7.230233009876214,-0.034847820604181234,0.0,0.0,0.0,0.0,0.0,0.0,0.0,0.0,0.0,16491000.0,19472800.0,18688600.0,0.0,0.0,0.0,0.0,0.0,0.0,0.0,0.0,0.0,0.0,0.0,0.0,0.0,0.0,0.0,0.0,0.0,0.0,0.0,0.0,0.0,0.0,0.0,0.0,115.28184254964192,2.054967239866433,120.01513998849052,5.497778333501941,124.25319508143834,5.797671175607733,0.004860719628076771
2022-04-27,112.77422753504675,114.21040748568421,110.78116224169884,112.55928802490234,15553000,0.0,0.0,115.45314331054688,126.27822189331054,23.19330957493169,-5.467677248348295,-4.031803006690341,7.441648326685336,-0.00483720731951387,0.0,0.0,0.0,0.0,0.0,0.0,0.0,0.0,0.0,16116000.0,16491000.0,19472800.0,0.0,0.0,0.0,0.0,0.0,0.0,0.0,0.0,0.0,0.0,0.0,0.0,0.0,0.0,0.0,0.0,0.0,0.0,0.0,0.0,0.0,0.0,0.0,0.0,114.28530883789062,2.5305663047893883,118.2621350969587,5.660476492291522,123.0417240687779,6.35749760036481,-0.0006939356862166735
2022-04-28,112.56906200416577,113.33111485974295,110.09727250199764,112.637451171875,23192100,0.0,0.0,114.20845336914063,125.02425079345703,23.89797760942281,-5.708237660298721,-4.367089937412017,7.525267888314144,0.0006944175673477826,0.0,0.0,0.0,0.0,0.0,0.0,0.0,0.0,0.0,15553000.0,16116000.0,16491000.0,0.0,0.0,0.0,0.0,0.0,0.0,0.0,0.0,0.0,0.0,0.0,0.0,0.0,0.0,0.0,0.0,0.0,0.0,0.0,0.0,0.0,0.0,0.0,0.0,112.76771545410156,0.29590779970726744,115.94387381417411,3.5079909089622205,121.88468606131417,6.68732568164391,0.032786869190685186
2022-04-29,112.5495233952273,113.32134829869794,108.79787609385467,109.06166076660156,16907000,0.0,0.0,112.91100769042968,123.77711944580078,21.428565129413983,-6.116908013554649,-4.717053552640544,8.009927932618533,-0.031746016694013224,0.0,0.0,0.0,0.0,0.0,0.0,0.0,0.0,0.0,23192100.0,15553000.0,16116000.0,0.0,0.0,0.0,0.0,0.0,0.0,0.0,0.0,0.0,0.0,0.0,0.0,0.0,0.0,0.0,0.0,0.0,0.0,0.0,0.0,0.0,0.0,0.0,0.0,111.41946665445964,2.0422937651082074,114.13783264160156,3.2962073878750506,120.47223445347377,7.176582608385957,-0.016475745980482848
2022-05-02,109.13981649547453,111.04495608470391,108.45592481966514,110.88863372802734,14300700,0.0,0.0,111.65068817138672,122.62915382385253,26.226766841502823,-6.221641552504025,-5.0179711526132404,8.134898751010315,0.01675174345030017,0.0,0.0,0.0,0.0,0.0,0.0,0.0,0.0,0.0,16907000.0,23192100.0,15553000.0,0.0,0.0,0.0,0.0,0.0,0.0,0.0,0.0,0.0,0.0,0.0,0.0,0.0,0.0,0.0,0.0,0.0,0.0,0.0,0.0,0.0,0.0,0.0,0.0,110.86258188883464,1.7880375497610315,112.99893733433315,2.7190758608579064,119.27541841779437,7.284866183490644,-0.0004403472216586435
2022-05-03,111.42598091804787,112.18803376129586,110.0972707207426,110.93748474121094,11149500,0.0,0.0,111.21690368652344,121.40644798278808,25.939326208024923,-6.228898899033737,-5.2601567018973405,7.9513978852957194,0.00044054121275771685,0.0,0.0,0.0,0.0,0.0,0.0,0.0,0.0,0.0,14300700.0,16907000.0,23192100.0,0.0,0.0,0.0,0.0,0.0,0.0,0.0,0.0,0.0,0.0,0.0,0.0,0.0,0.0,0.0,0.0,0.0,0.0,0.0,0.0,0.0,0.0,0.0,0.0,110.29592641194661,1.069184440511365,112.34016527448382,2.5517872597588442,118.06883294241769,7.1568387026397176,-0.022721486607717778
2022-05-04,110.76163576382402,113.76100226073824,109.25706650961945,113.51675415039062,11488300,0.0,0.0,111.4083969116211,120.45730018615723,28.197492248880366,-5.957846566391282,-5.3996946747961285,7.686074257085559,0.02324975561863929,0.0,0.0,0.0,0.0,0.0,1.0,750.0,0.0,0.0,11149500.0,14300700.0,16907000.0,0.0,0.0,0.0,0.0,0.0,0.0,0.0,0.0,0.0,0.0,0.0,0.0,0.0,0.0,0.0,0.0,0.0,0.0,0.0,0.0,0.0,0.0,0.0,0.0,111.7809575398763,1.5034423867169278,111.8153828212193,1.5813050336780763,116.9411037990025,6.46011682488506,0.03179122668021228
2022-05-05,112.10010270276423,112.61790746742929,108.91511293606885,110.01911163330078,12720200,0.0,0.0,110.88472900390624,119.48226165771484,26.960763870210712,-5.956602158232528,-5.511076171483408,7.712772718210617,-0.030811685405099376,0.0,0.0,0.0,0.0,0.0,0.0,0.0,0.0,0.0,11488300.0,11149500.0,14300700.0,0.0,0.0,0.0,0.0,0.0,0.0,0.0,0.0,0.0,0.0,0.0,0.0,0.0,0.0,0.0,1.0,0.0,0.0,750.0,0.0,0.0,0.0,0.0,0.0,111.49111684163411,1.8133552247982037,111.3743406023298,1.591716699471712,115.69474029541016,5.934752415588784,0.021035399925017684
2022-05-06,109.19843941831918,109.51107669432031,105.80828198481287,107.75249481201172,12525200,0.0,0.0,110.62289581298828,118.42808723449707,27.227705548080394,-6.068558426379283,-5.622572622462583,7.8072841996119084,-0.0206020280262198,0.0,0.0,0.0,0.8244,0.8244,1.0,27.0,1.0,0.0,12720200.0,11488300.0,11149500.0,0.0,0.0,0.0,0.0,0.0,0.0,0.0,0.0,0.0,0.0,0.0,0.0,0.0,0.0,0.0,0.0,1.0,0.0,0.0,750.0,0.0,0.0,0.0,0.0,110.42945353190105,2.9039553690324396,110.68765585763114,1.9838635400245546,114.47489547729492,5.661372673358702,0.03094032330742169
2022-05-09,105.62265263666548,108.19214005471062,104.03015765262604,104.5186538696289,17941600,0.0,0.0,109.3488998413086,117.21222076416015,16.82643439065491,-6.3450863079221875,-5.767075359554504,7.992435423363981,-0.03001175005761736,0.0,0.0,0.0,0.6089,0.6089,1.0,7.0,1.0,0.0,12525200.0,12720200.0,11488300.0,0.0,0.0,0.0,0.0,0.0,0.0,0.0,0.0,0.0,0.8244,0.0,0.0,0.8244,0.0,0.0,1.0,0.0,1.0,27.0,0.0,750.0,1.0,0.0,0.0,107.43008677164714,2.764365950964786,109.52782767159599,2.841735417114818,112.73585074288505,4.526575635179818,-0.006500710560828127
2022-05-10,107.3128449389176,108.15305902507008,103.69797592927424,105.20254516601562,15657700,0.0,0.0,108.20191192626953,116.09014511108398,22.696415659122025,-6.434875099642355,-5.900635307572075,8.026041351100764,0.006543246311225603,0.0,0.0,0.0,0.0,0.0,0.0,0.0,0.0,0.0,17941600.0,12525200.0,12720200.0,0.0,0.0,0.0,0.0,0.0,0.0,0.0,0.0,0.0,0.6089,0.8244,0.0,0.6089,0.8244,0.0,1.0,1.0,0.0,7.0,27.0,0.0,1.0,1.0,0.0,105.82456461588542,1.704292509274798,108.97652544294085,3.2867405136354155,111.5571790422712,4.143973382043475,0.023476917358282057
2022-05-11,105.41747957013126,107.53755125138281,102.37903266402812,102.78936767578125,26933300,0.0,0.0,106.05643463134766,114.83812942504883,23.023941973752954,-6.624394720870399,-6.0453871902317395,8.051389413431664,-0.02293839456475355,0.0,0.0,0.0,0.0,0.0,0.0,0.0,0.0,0.0,15657700.0,17941600.0,12525200.0,0.0,0.0,0.0,0.0,0.0,0.0,0.0,0.0,0.0,0.0,0.6089,0.8244,0.0,0.6089,0.8244,0.0,1.0,1.0,0.0,7.0,27.0,0.0,1.0,1.0,104.1701889038086,1.2437553112034134,107.81948743547711,3.8744802599972608,110.40921238490513,4.190862581723634,0.008628149593522316
2022-05-12,100.53251695289498,102.58419945114584,97.18143280600314,101.91007232666016,36298800,0.0,0.0,104.43462677001953,113.46838493347168,25.071431977931596,-6.767530295598647,-6.189815811305122,7.786607834554221,-0.008554341455767833,0.0,0.0,0.0,0.0,0.0,0.0,0.0,0.0,0.0,26933300.0,15657700.0,17941600.0,0.0,0.0,0.0,0.0,0.0,0.0,0.0,0.0,0.0,0.0,0.0,0.6089,0.0,0.0,0.6089,0.0,0.0,1.0,0.0,0.0,7.0,0.0,0.0,1.0,103.30066172281902,1.704746477155966,106.5298570905413,4.155856078161374,109.43501118251255,4.479486851988584,-0.028137579771320254
2022-05-13,102.93591948944173,105.21231356216664,102.88706688807355,104.860595703125,16782600,0.0,0.0,103.85624694824219,112.33800468444824,28.493554733661668,-6.567181313623891,-6.265288911768876,7.271204830529305,0.02895222532084274,0.0,0.0,0.0,0.0,0.0,0.0,0.0,0.0,0.0,36298800.0,26933300.0,15657700.0,0.0,0.0,0.0,0.0,0.0,0.0,0.0,0.0,0.0,0.0,0.0,0.0,0.0,0.0,0.0,0.0,0.0,0.0,0.0,0.0,0.0,0.0,0.0,0.0,103.18667856852214,1.5148561013787474,105.2932630266462,2.7956033146385226,108.55432292393276,4.02662966689827,0.020441212785005103
2022-05-16,104.9875969045747,105.14391925823107,102.43764627797101,102.76005554199219,11993600,0.0,0.0,103.50452728271485,111.2344913482666,30.611516623332292,-6.502937522211255,-6.312818633857352,6.942857941899802,-0.020031739730715814,0.0,0.0,0.0,0.0,0.0,0.0,0.0,0.0,0.0,16782600.0,36298800.0,26933300.0,0.0,0.0,0.0,0.0,0.0,0.0,0.0,0.0,0.0,0.0,0.0,0.0,0.0,0.0,0.0,0.0,0.0,0.0,0.0,0.0,0.0,0.0,0.0,0.0,103.17690785725911,1.5187894647791191,104.25625501360211,1.9768739266145632,107.81529780796596,4.076051577473612,-0.0318483103952899
2022-05-17,105.25139035124553,106.28699986887707,103.85429097658215,106.14044952392578,11847600,0.0,0.0,103.69210815429688,110.09824981689454,39.126130322551965,-6.108835458902263,-6.272021998866335,5.64356132225464,0.03289599216450623,0.0,0.0,0.0,0.0,0.0,0.0,0.0,0.0,0.0,11993600.0,16782600.0,36298800.0,0.0,0.0,0.0,0.0,0.0,0.0,0.0,0.0,0.0,0.0,0.0,0.0,0.0,0.0,0.0,0.0,0.0,0.0,0.0,0.0,0.0,0.0,0.0,0.0,104.58703358968098,1.7067199655207965,104.02596282958984,1.5493782583669526,107.3568093436105,3.856475714729078,0.04161069735226364
2022-05-18,104.9094375224211,105.18300164599955,101.48996424322257,101.90030670166016,11794000,0.0,0.0,103.51429595947266,109.10806770324707,34.058614373695235,-6.068694689038608,-6.2313565369007895,5.2216689688280296,-0.03994841590820497,0.0,0.0,0.0,0.0,0.0,0.0,0.0,0.0,0.0,11847600.0,11993600.0,16782600.0,0.0,0.0,0.0,0.0,0.0,0.0,0.0,0.0,0.0,0.0,0.0,0.0,0.0,0.0,0.0,0.0,0.0,0.0,0.0,0.0,0.0,0.0,0.0,0.0,103.6002705891927,2.2414668818564834,103.65191323416573,1.717542611767003,106.58987045288086,3.792652547425886,0.011246821180199706
2022-05-19,101.05032698921484,102.87730551048811,100.59113935605959,100.76699829101562,11285000,0.0,0.0,103.28568115234376,108.20337257385253,36.721939909583966,-6.058492823025446,-6.196783794125721,5.005980255364209,-0.011121736993025877,0.0,0.0,0.0,0.0,0.0,0.0,0.0,0.0,0.0,11794000.0,11847600.0,11993600.0,0.0,0.0,0.0,0.0,0.0,0.0,0.0,0.0,0.0,0.0,0.0,0.0,0.0,0.0,0.0,0.0,0.0,0.0,0.0,0.0,0.0,0.0,0.0,0.0,102.93591817220052,2.832465865028583,103.0182636805943,1.8622302168529508,105.99739456176758,4.018002553969494,0.007029986588418469
2022-05-20,102.08592668556996,102.38879937712058,97.74808580003098,100.06355285644531,15650400,0.0,0.0,102.3262725830078,107.42910575866699,32.02467073132726,-6.0375725601258665,-6.16494154732575,5.007611034137547,-0.006980910878567226,0.0,0.0,0.0,0.0,0.0,0.0,0.0,0.0,0.0,11285000.0,11794000.0,11847600.0,0.0,0.0,0.0,0.0,0.0,0.0,0.0,0.0,0.0,0.0,0.0,0.0,0.0,0.0,0.0,0.0,0.0,0.0,0.0,0.0,0.0,0.0,0.0,0.0,100.91028594970703,0.9267225511596952,102.62886156354632,2.1765374985419035,105.22417449951172,4.045819931209123,-0.032221550990639725
2022-05-23,101.37272956349807,103.5904989454367,99.22334189488167,103.39510345458984,14402400,0.0,0.0,102.45328216552734,106.73934936523438,38.706859149855,-5.686613074980755,-6.069275852856752,4.518532142721724,0.03329434647322671,0.0,0.0,0.0,0.0,0.0,0.0,0.0,0.0,0.0,15650400.0,11285000.0,11794000.0,0.0,0.0,0.0,0.0,0.0,0.0,0.0,0.0,0.0,0.0,0.0,0.0,0.0,0.0,0.0,0.0,0.0,0.0,0.0,0.0,0.0,0.0,0.0,0.0,101.40855153401692,1.7559898261959053,102.84100886753627,2.167153133096878,104.68543297903878,3.7151742780544685,0.04173639913280125
2022-05-24,101.32388161510971,101.45088794460436,97.82624700982727,99.25265502929688,13970200,0.0,0.0,101.07572326660156,106.04666175842286,29.59754335575508,-5.677291836215446,-5.990879049528491,4.552849694111537,-0.040064261138945456,0.0,0.0,0.0,0.0,0.0,0.0,0.0,0.0,0.0,14402400.0,15650400.0,11285000.0,0.0,0.0,0.0,0.0,0.0,0.0,0.0,0.0,0.0,0.0,0.0,0.0,0.0,0.0,0.0,0.0,0.0,0.0,0.0,0.0,0.0,0.0,0.0,0.0,100.90377044677734,2.1953231967937405,102.03987448556083,2.326805908314029,103.66656875610352,2.9925859831473334,-0.016172835127378216
2022-05-25,99.09634128243201,101.42158055450487,98.83255660920003,100.88423919677734,11026600,0.0,0.0,100.872509765625,105.4629093170166,36.197245641961125,-5.47513552654371,-5.887730344931535,4.4204151624947166,0.01643869543841281,0.0,0.0,0.0,0.0,0.0,0.0,0.0,0.0,0.0,13970200.0,14402400.0,15650400.0,0.0,0.0,0.0,0.0,0.0,0.0,0.0,0.0,0.0,0.0,0.0,0.0,0.0,0.0,0.0,0.0,0.0,0.0,0.0,0.0,0.0,0.0,0.0,0.0,101.17733256022136,2.086719322003886,101.7719007219587,2.3380304036580157,103.01407786778041,2.4471106511108207,-0.022251649674568164
2022-05-26,101.82214930964325,103.68820092109999,101.56812919809074,103.18016815185547,11297800,0.0,0.0,101.35514373779297,104.99004516601562,43.09734782362315,-5.071205218828368,-5.724425319710902,4.10728608221138,0.022758053917617982,0.0,0.0,0.0,0.0,0.0,0.0,0.0,0.0,0.0,11026600.0,13970200.0,14402400.0,0.0,0.0,0.0,0.0,0.0,0.0,0.0,0.0,0.0,0.0,0.0,0.0,0.0,0.0,0.0,0.0,0.0,0.0,0.0,0.0,0.0,0.0,0.0,0.0,101.10568745930989,1.9730989158432064,101.34900338309151,1.5516346442256994,102.68748310634068,2.0367819624713266,-0.033937061758167686
2022-05-27,104.43071772458788,106.85366217217708,104.07899986197233,106.8048095703125,13671300,0.0,0.0,102.70339508056641,104.87720260620117,53.41106568098031,-4.407798907677858,-5.461100037304294,4.019602151296734,0.035129245119299046,0.0,0.0,0.0,0.0,0.0,0.0,0.0,0.0,0.0,11297800.0,11026600.0,13970200.0,0.0,0.0,0.0,0.0,0.0,0.0,0.0,0.0,0.0,0.0,0.0,0.0,0.0,0.0,0.0,0.0,0.0,0.0,0.0,0.0,0.0,0.0,0.0,0.0,103.62307230631511,2.9850312317501615,102.04964665004185,2.597145847071468,102.8507799421038,2.272851796736142,-0.010141245460593584
2022-05-31,107.46916119216402,108.68062964943117,105.42725070736584,107.89904022216797,20274600,0.0,0.0,103.60418243408203,104.7277229309082,53.97464441476065,-3.750515746854333,-5.118983179214302,3.8356646484895367,0.01024514398047871,0.0,0.0,0.0,0.0,0.0,0.0,0.0,0.0,0.0,13671300.0,11297800.0,11026600.0,0.0,0.0,0.0,0.0,0.0,0.0,0.0,0.0,0.0,0.0,0.0,0.0,0.0,0.0,0.0,0.0,0.0,0.0,0.0,0.0,0.0,0.0,0.0,0.0,105.96133931477864,2.469923067217222,103.06850978306362,3.3109576426281326,103.04338673182896,2.580859840316232,0.01144790338590318
2022-06-01,109.43292132226613,110.25359136424663,105.77896436241815,106.67780303955078,11829700,0.0,0.0,105.0892120361328,104.51473884582519,55.94030244591297,-3.2902300172229815,-4.753232546816038,3.5826230385984457,-0.011318332212247872,0.0,0.0,0.0,0.0,0.0,0.0,0.0,0.0,0.0,20274600.0,13671300.0,11297800.0,0.0,0.0,0.0,0.0,0.0,0.0,0.0,0.0,0.0,0.0,0.0,0.0,0.0,0.0,0.0,0.0,0.0,0.0,0.0,0.0,0.0,0.0,0.0,0.0,107.12721761067708,0.6714277864525893,104.0134026663644,3.253770039553403,103.32113211495536,2.754790916912774,-0.01515290463013208
2022-06-02,106.91228135494012,108.39730656108914,105.42725614879112,108.31915283203125,8829900,0.0,0.0,106.5761947631836,104.25485877990722,59.56826944433371,-2.761177909225921,-4.354821619298015,3.043155410172751,0.015386047947312242,0.0,0.0,0.0,0.0,0.0,0.0,0.0,0.0,0.0,11829700.0,20274600.0,13671300.0,0.0,0.0,0.0,0.0,0.0,0.0,0.0,0.0,0.0,0.0,0.0,0.0,0.0,0.0,0.0,0.0,0.0,0.0,0.0,0.0,0.0,0.0,0.0,0.0,107.63199869791667,0.8526374769354772,104.71683829171317,3.6105298697597323,103.77892357962472,3.0218492549736298,0.020244779275251146
2022-06-03,106.6582655191699,107.32262069292666,105.43702493901857,106.16976928710938,6767600,0.0,0.0,107.17411499023437,104.06239166259766,52.0023954622514,-2.4866727750997626,-3.9811918504583645,2.768759000238555,-0.01984306088743959,0.0,0.0,0.0,0.0,0.0,0.0,0.0,0.0,0.0,8829900.0,11829700.0,20274600.0,0.0,0.0,0.0,0.0,0.0,0.0,0.0,0.0,0.0,0.0,0.0,0.0,0.0,0.0,0.0,0.0,0.0,0.0,0.0,0.0,0.0,0.0,0.0,0.0,107.05557505289714,1.123386031756754,105.70499747140067,2.696728123852823,103.87243597848075,3.077638362934537,0.007790088233786019
2022-06-06,107.22491416489086,107.65479319916993,105.1732316488632,105.34909057617188,7575900,0.0,0.0,106.88297119140626,103.94222145080566,54.121312193740415,-2.3087337463851156,-3.646700229643715,2.649770763386631,-0.007729871850038372,0.0,0.0,0.0,0.0,0.0,0.0,0.0,0.0,0.0,6767600.0,8829900.0,11829700.0,0.0,0.0,0.0,0.0,0.0,0.0,0.0,0.0,0.0,0.0,0.0,0.0,0.0,0.0,0.0,0.0,0.0,0.0,0.0,0.0,0.0,0.0,0.0,0.0,106.6126708984375,1.533766223682098,106.34283338274274,1.7162542678273016,104.05736705235073,3.083435623123652,0.0003710735355888506
2022-06-07,104.33302040692804,105.43701914735213,103.5611955082055,105.31001281738281,7279100,0.0,0.0,106.36516571044922,103.98178939819336,48.520723086678906,-2.146129784459262,-3.346586140606825,2.664697902412164,-0.00037093589109638003,0.0,0.0,0.0,0.0,0.0,0.0,0.0,0.0,0.0,7575900.0,6767600.0,8829900.0,0.0,0.0,0.0,0.0,0.0,0.0,0.0,0.0,0.0,0.0,0.0,0.0,0.0,0.0,0.0,0.0,0.0,0.0,0.0,0.0,0.0,0.0,0.0,0.0,105.60962422688802,0.4854931865391287,106.6470969063895,1.1611348748693013,103.99805014474052,3.0480650613538067,0.004192406177206065
2022-06-08,104.95828688491925,106.8438823903012,104.49909929468666,104.87035369873047,7019500,0.0,0.0,106.00367584228516,103.96517982482911,56.11913393718303,-2.0293487207977705,-3.0831386566450143,2.6577143684816917,-0.004174903286876974,0.0,0.0,0.0,0.0,0.0,0.0,0.0,0.0,0.0,7279100.0,7575900.0,6767600.0,0.0,0.0,0.0,0.0,0.0,0.0,0.0,0.0,0.0,0.0,0.0,0.0,0.0,0.0,0.0,0.0,0.0,0.0,0.0,0.0,0.0,0.0,0.0,0.0,105.17648569742839,0.2658371085424567,106.37074606759208,1.3345885648580178,104.21019635881696,2.9937037743141035,0.039109186404643115
2022-06-09,104.07900607177687,104.59681088544964,100.8744719801816,100.92332458496094,8261200,0.0,0.0,104.52451019287109,103.87187767028809,50.28861398801709,-2.229589825628125,-2.9124288904416367,2.7328576799066613,-0.0376372251504794,0.0,0.0,0.0,0.0,0.0,0.0,0.0,0.0,0.0,7019500.0,7279100.0,7575900.0,0.0,0.0,0.0,0.0,0.0,0.0,0.0,0.0,0.0,0.0,0.0,0.0,0.0,0.0,0.0,0.0,0.0,0.0,0.0,0.0,0.0,0.0,0.0,0.0,103.70123036702473,2.4157598050450484,105.37421526227679,2.2757402491505037,104.2213625226702,2.9801339322910194,0.03923542844016281
2022-06-10,99.09634587656346,99.7704730616521,97.09350834473082,97.11305236816406,15369700,0.0,0.0,102.71316680908203,103.63202667236328,45.1132970864875,-2.665018790289494,-2.8629468704112084,3.099950594751519,-0.037754129012954274,0.0,0.0,0.0,0.0,0.0,0.0,0.0,0.0,0.0,8261200.0,7019500.0,7279100.0,0.0,0.0,0.0,0.0,0.0,0.0,0.0,0.0,0.0,0.0,0.0,0.0,0.0,0.0,0.0,0.0,0.0,0.0,0.0,0.0,0.0,0.0,0.0,0.0,100.96891021728516,3.878851572399716,104.00782230922154,3.7539362773075386,104.01061248779297,3.3749581337391152,0.038553968359388735
2022-06-13,95.36423704106042,95.36423704106042,92.6481991258367,93.50794982910156,15239700,0.0,0.0,100.34493865966797,103.06439437866212,33.77166432453241,-3.263382782353503,-2.9430340527996677,3.819118124687241,-0.037122739437694174,0.0,0.0,0.0,0.0,0.0,0.0,0.0,0.0,0.0,15369700.0,8261200.0,7019500.0,0.0,0.0,0.0,0.0,0.0,0.0,0.0,0.0,0.0,0.0,0.0,0.0,0.0,0.0,0.0,0.0,0.0,0.0,0.0,0.0,0.0,0.0,0.0,0.0,97.18144226074219,3.7081604031533444,101.89193616594586,4.913809748508777,103.30438722882953,4.394217924475335,0.01581422287142109
2022-06-14,94.05504531619192,94.05504531619192,90.9579815182379,92.05221557617188,12443700,0.0,0.0,97.69337921142578,102.5290023803711,37.0383371733133,-3.8111238814139625,-3.116652018522527,4.545501939568536,-0.015568026628647536,0.0,0.0,0.0,0.0,0.0,0.0,0.0,0.0,0.0,15239700.0,15369700.0,8261200.0,0.0,0.0,0.0,0.0,0.0,0.0,0.0,0.0,0.0,0.0,0.0,0.0,0.0,0.0,0.0,0.0,0.0,0.0,0.0,0.0,0.0,0.0,0.0,0.0,94.22440592447917,2.6053789093428157,99.87514277866909,5.699725337984751,102.79007012503487,5.244121170780092,-0.01731334686752173
2022-06-15,92.43324944929363,95.06136133050745,91.92520923873451,93.67402648925781,11751600,0.0,0.0,95.45411376953125,101.90568122863769,37.01617563293356,-4.067458927424127,-3.3068134003028473,4.867549000468885,0.017618379991559463,0.0,0.0,0.0,0.0,0.0,0.0,0.0,0.0,0.0,12443700.0,15239700.0,15369700.0,0.0,0.0,0.0,0.0,0.0,0.0,0.0,0.0,0.0,0.0,0.0,0.0,0.0,0.0,0.0,0.0,0.0,0.0,0.0,0.0,0.0,0.0,0.0,0.0,93.07806396484375,0.8922830558000137,98.20727648053851,5.536823794630635,102.27505493164062,5.7730619795073155,0.016970628964944057
2022-06-16,91.84706278996937,93.18553768296992,91.26086880768834,92.11084747314453,15298500,0.0,0.0,93.69161834716797,101.41620826721191,29.52657394759717,-4.346636461310922,-3.5147780125044625,5.337625610405199,-0.016687432735610463,0.0,0.0,0.0,0.0,0.0,0.0,0.0,0.0,0.0,11751600.0,12443700.0,15239700.0,0.0,0.0,0.0,0.0,0.0,0.0,0.0,0.0,0.0,0.0,0.0,0.0,0.0,0.0,0.0,0.0,0.0,0.0,0.0,0.0,0.0,0.0,0.0,0.0,92.61236317952473,0.9198946473704601,96.32168143136161,4.928958793731681,101.48438916887555,6.367024002867919,-0.0006359659215636748
2022-06-17,91.84706226791565,93.76196657454197,91.31948545070317,92.16946411132812,15403800,0.0,0.0,92.70290069580078,100.98633155822753,18.81765875118745,-4.511155008617152,-3.7140534117270003,5.724828750244291,0.000636370631598826,0.0,0.0,0.0,0.0,0.0,0.0,0.0,0.0,0.0,15298500.0,11751600.0,12443700.0,0.0,0.0,0.0,0.0,0.0,0.0,0.0,0.0,0.0,0.0,0.0,0.0,0.0,0.0,0.0,0.0,0.0,0.0,0.0,0.0,0.0,0.0,0.0,0.0,92.65144602457683,0.8860655069623886,94.50726863316127,3.338768816590427,100.43900735037667,6.622620687518281,0.01125521151726594
2022-06-21,92.71658173758372,93.2539230938843,91.12407932957551,91.14362335205078,16649800,0.0,0.0,92.23003540039062,100.54033508300782,14.196253607003698,-4.670475583359348,-3.9053378460534702,6.133380399412948,-0.011129941669599686,0.0,0.0,0.0,0.0,0.0,0.0,0.0,0.0,0.0,15403800.0,15298500.0,11751600.0,0.0,0.0,0.0,0.0,0.0,0.0,0.0,0.0,0.0,0.0,0.0,0.0,0.0,0.0,0.0,0.0,0.0,0.0,0.0,0.0,0.0,0.0,0.0,0.0,91.80797831217448,0.576094273837928,93.11016845703125,1.9735491105000682,99.24219185965401,6.684467027739365,-0.0022460031592040908
2022-06-22,90.04939129722634,92.43325523318559,89.89307638302255,91.34879302978516,11403500,0.0,0.0,92.08935089111328,99.93801956176758,15.757325381795184,-4.725707790607515,-4.06941183496428,6.422935099159934,0.0022510590449305035,0.0,0.0,0.0,0.0,0.0,0.0,0.0,0.0,0.0,16649800.0,15403800.0,15298500.0,0.0,0.0,0.0,0.0,0.0,0.0,0.0,0.0,0.0,0.0,0.0,0.0,0.0,0.0,0.0,0.0,0.0,0.0,0.0,0.0,0.0,0.0,0.0,0.0,91.55396016438802,0.5428236183970673,92.28670283726284,0.9748564809284546,98.14726257324219,6.628032207465143,-0.008483638442941088
2022-06-23,91.79821266223408,92.4723398596676,89.9516974686094,92.1303939819336,11348800,0.0,0.0,91.78062438964844,99.58190650939942,12.392226673231534,-4.652776734113658,-4.186084814794156,6.656143869442257,0.008556226373933384,0.0,0.0,0.0,0.0,0.0,0.0,0.0,0.0,0.0,11403500.0,16649800.0,15403800.0,0.0,0.0,0.0,0.0,0.0,0.0,0.0,0.0,0.0,0.0,0.0,0.0,0.0,0.0,0.0,0.0,0.0,0.0,0.0,0.0,0.0,0.0,0.0,0.0,91.54093678792317,0.52069039442218,92.08990914481026,0.8128104424264065,96.99092265537807,6.108733913836513,-0.035590012259061554
2022-06-24,93.25392504871735,96.30214413288687,93.20507989922643,95.53031921386719,11681200,0.0,0.0,92.46451873779297,99.3142105102539,26.640924571372665,-4.271394813981459,-4.203146814631617,6.70846613274323,0.03690340489155308,0.0,0.0,0.0,0.0,0.0,0.0,0.0,0.0,0.0,11348800.0,11403500.0,16649800.0,0.0,0.0,0.0,0.0,0.0,0.0,0.0,0.0,0.0,0.0,0.0,0.0,0.0,0.0,0.0,0.0,0.0,0.0,0.0,0.0,0.0,0.0,0.0,0.0,93.00316874186198,2.2231941307985412,92.58678109305245,1.5313824581842446,96.23096193586078,5.5116154492288665,0.012110635044690898
2022-06-27,95.96018817240558,95.96996018281968,93.59586851467053,94.3872299194336,10793700,0.0,0.0,92.90807189941407,98.87456359863282,26.269030041427,-4.015101061707554,-4.165537664046805,6.729864940956516,-0.011965722545891566,0.0,0.0,0.0,0.0,0.0,0.0,0.0,0.0,0.0,11681200.0,11348800.0,11403500.0,0.0,0.0,0.0,0.0,0.0,0.0,0.0,0.0,0.0,0.0,0.0,0.0,0.0,0.0,0.0,0.0,0.0,0.0,0.0,0.0,0.0,0.0,0.0,0.0,94.01598103841145,1.7300988972974773,92.68866729736328,1.6359320092764655,95.44797188895089,4.856310828662679,0.007193422867803223
2022-06-28,97.4452226531561,98.09004123330075,93.57633353387024,93.7131118774414,16812400,0.0,0.0,93.42196960449219,98.21997871398926,25.56607658795771,-3.8223207741110627,-4.096894286059657,6.552270460734111,-0.007142047102850602,0.0,0.0,0.0,0.0,0.0,0.0,0.0,0.0,0.0,10793700.0,11681200.0,11348800.0,0.0,0.0,0.0,0.0,0.0,0.0,0.0,0.0,0.0,0.0,0.0,0.0,0.0,0.0,0.0,0.0,0.0,0.0,0.0,0.0,0.0,0.0,0.0,0.0,94.54355367024739,0.9186340197224503,92.91756221226284,1.6536072693647323,94.61962182181222,3.9490252697332986,0.0028226920141263268
2022-06-29,93.74242646570053,93.98667458828324,92.3550989183574,93.44933319091797,8653200,0.0,0.0,93.84207763671876,97.49749336242675,25.756971156649072,-3.6487650505702334,-4.0072684389617725,6.216903277968995,-0.002814746850669181,0.0,0.0,0.0,0.0,0.0,0.0,0.0,0.0,0.0,16812400.0,10793700.0,11681200.0,0.0,0.0,0.0,0.0,0.0,0.0,0.0,0.0,0.0,0.0,0.0,0.0,0.0,0.0,0.0,0.0,0.0,0.0,0.0,0.0,0.0,0.0,0.0,0.0,93.84989166259766,0.4836776825125919,93.10040065220424,1.6276579466138723,93.80383464268276,2.6268928255082837,0.013241571342066605
2022-06-30,92.24762494812447,93.24416141705238,90.41088183331847,92.22808837890625,10983500,0.0,0.0,93.86161651611329,96.77500762939454,29.127575579764127,-3.5686282145597517,-3.919540394081369,5.926731021435894,-0.013068523555076705,0.0,0.0,0.0,0.0,0.0,0.0,0.0,0.0,0.0,8653200.0,16812400.0,10793700.0,0.0,0.0,0.0,0.0,0.0,0.0,0.0,0.0,0.0,0.0,0.0,0.0,0.0,0.0,0.0,0.0,0.0,0.0,0.0,0.0,0.0,0.0,0.0,0.0,93.1301778157552,0.7922870773412808,93.2553242274693,1.4525589171981927,93.18274634225028,1.6664722456024623,-0.018098521712142213
2022-07-01,92.07176016022417,94.09413409649169,91.81774750722117,93.92804718017578,10543400,0.0,0.0,93.541162109375,96.05545234680176,41.492664329653365,-3.329565567275793,-3.801545428720254,5.290902672235323,0.018432115759414724,0.0,0.0,0.0,0.0,0.0,0.0,0.0,0.0,0.0,10983500.0,8653200.0,16812400.0,0.0,0.0,0.0,0.0,0.0,0.0,0.0,0.0,0.0,0.0,0.0,0.0,0.0,0.0,0.0,0.0,0.0,0.0,0.0,0.0,0.0,0.0,0.0,0.0,93.20182291666667,0.8765905448945505,93.62378910609654,1.1921195999475656,92.95524597167969,1.255335220656427,-0.010701822393092697
2022-07-05,92.09130627782302,94.99297491629795,90.18616661378226,94.94412231445312,10660600,0.0,0.0,93.65254058837891,95.49416999816894,54.45182834250145,-3.0232675785807572,-3.645889858692355,4.726823014670415,0.010817590323455528,0.0,0.0,0.0,0.0,0.0,0.0,0.0,0.0,0.0,10543400.0,10983500.0,8653200.0,0.0,0.0,0.0,0.0,0.0,0.0,0.0,0.0,0.0,0.0,0.0,0.0,0.0,0.0,0.0,0.0,0.0,0.0,0.0,0.0,0.0,0.0,0.0,0.0,93.70008595784505,1.3722918144205263,94.02575029645648,1.073074712978374,93.05782972063336,1.3584234160913602,0.011448793992418826
2022-07-06,95.28606652476886,95.93088507948512,93.20507541919076,93.86943054199219,8640200,0.0,0.0,93.68380432128906,94.92018699645996,55.769266170154424,-2.8345677279353225,-3.4836254325409484,4.125947734221566,-0.011319202771726933,0.0,0.0,0.0,0.0,0.0,0.0,0.0,0.0,0.0,10660600.0,10543400.0,10983500.0,0.0,0.0,0.0,0.0,0.0,0.0,0.0,0.0,0.0,0.0,0.0,0.0,0.0,0.0,0.0,0.0,0.0,0.0,0.0,0.0,0.0,0.0,0.0,0.0,94.24720001220703,0.6042636006695398,93.78848048618862,0.8441529814106571,93.18763078962054,1.3416592467353003,-0.013856175246148128
2022-07-07,94.67057255991718,95.28607513734826,93.72288866413047,95.1883773803711,7813100,0.0,0.0,94.03161315917968,94.41410522460937,54.902006303563866,-2.5492080660725094,-3.296741959247261,3.3280824232419692,0.014050866514939475,0.0,0.0,0.0,0.0,0.0,0.0,0.0,0.0,0.0,8640200.0,10660600.0,10543400.0,0.0,0.0,0.0,0.0,0.0,0.0,0.0,0.0,0.0,0.0,0.0,0.0,0.0,0.0,0.0,0.0,0.0,0.0,0.0,0.0,0.0,0.0,0.0,0.0,94.6673100789388,0.7016936303796631,93.9029301234654,0.9819270959333114,93.29579871041435,1.4412400083871086,0.016378011358086697
2022-07-08,94.34816665824243,94.8855155218002,93.15623460006799,93.65450286865234,7717300,0.0,0.0,94.3168960571289,93.85331268310547,55.006364043057744,-2.4189452371595905,-3.1211826148297273,2.2407777996001457,-0.016114094534770973,0.0,0.0,0.0,0.9989,0.9989000000000001,1.0,66.0,1.0,0.0,7813100.0,8640200.0,10660600.0,0.0,0.0,0.0,0.0,0.0,0.0,0.0,0.0,0.0,0.0,0.0,0.0,0.0,0.0,0.0,0.0,0.0,0.0,0.0,0.0,0.0,0.0,0.0,0.0,94.23743693033855,0.8305204879008349,93.89455740792411,0.9840629509182605,93.40605981009347,1.402130247436116,0.02370797708585526
2022-07-11,92.81427540876005,93.14644923763322,91.28039768173811,91.48556518554688,7643700,0.0,0.0,93.82839965820312,93.38142471313476,48.04904123565945,-2.462341807607629,-2.9894144533853075,1.565553754261963,-0.023158925803571262,0.0,0.0,0.0,0.0,0.0,0.0,0.0,0.0,0.0,7717300.0,7813100.0,8640200.0,0.0,0.0,0.0,0.0,0.0,0.0,0.0,0.0,0.0,0.9989,0.0,0.0,0.9989000000000001,0.0,0.0,1.0,0.0,0.0,66.0,0.0,0.0,1.0,0.0,0.0,93.44281514485677,1.8604605093468602,93.61401912144252,1.3456340612644626,93.35720988682338,1.4592759603715324,0.0004273292489267444
2022-07-12,91.42695085839713,93.05852638242227,91.16315873543469,91.44648742675781,8665300,0.0,0.0,93.12887268066406,93.09809646606445,50.91552332915898,-2.4713984084306304,-2.8858112443943726,1.3530015759679546,-0.0004271467166411247,0.0,0.0,0.0,0.0,0.0,0.0,0.0,0.0,0.0,7643700.0,7717300.0,7813100.0,0.0,0.0,0.0,0.0,0.0,0.0,0.0,0.0,0.0,0.0,0.9989,0.0,0.0,0.9989000000000001,0.0,0.0,1.0,0.0,0.0,66.0,0.0,0.0,1.0,0.0,92.19551849365234,1.2636685968554895,93.50236184256417,1.503024969291397,93.37884303501674,1.4257970871869163,0.00710133976588101
2022-07-13,90.00054043830211,91.10453914074664,88.91607830369593,90.80167388916016,12006400,0.0,0.0,92.51532135009765,92.96278266906738,48.3889433056856,-2.5017680683888415,-2.8090026091932665,1.4422393484518015,-0.007051266327906869,0.0,0.0,0.0,0.0,0.0,0.0,0.0,0.0,0.0,8665300.0,7643700.0,7717300.0,0.0,0.0,0.0,0.0,0.0,0.0,0.0,0.0,0.0,0.0,0.0,0.9989,0.0,0.0,0.9989000000000001,0.0,0.0,1.0,0.0,0.0,66.0,0.0,0.0,1.0,91.24457550048828,0.3840613828490223,93.0557370867048,1.7921447140720757,93.33976309640067,1.4916944866617678,0.011977353379200695
2022-07-14,89.37527169583173,89.92238507702648,88.15403114576432,89.72698211669922,11146400,0.0,0.0,91.42304229736328,92.84652099609374,43.04295514735632,-2.582782181904122,-2.763758523735438,1.604138884888579,-0.011835594284008377,0.0,0.0,0.0,0.0,0.0,0.0,0.0,0.0,0.0,12006400.0,8665300.0,7643700.0,0.0,0.0,0.0,0.0,0.0,0.0,0.0,0.0,0.0,0.0,0.0,0.0,0.0,0.0,0.0,0.0,0.0,0.0,0.0,0.0,0.0,0.0,0.0,0.0,90.65838114420573,0.86866232558888,92.31043134416852,1.9534986728949522,93.1680908203125,1.756394806391941,-0.03529409159111618
2022-07-15,90.7723680218601,93.1269158443787,90.56719305719709,93.00967407226562,14946700,0.0,0.0,91.29407653808593,92.81330337524415,42.653746436782626,-2.35495419823809,-2.6819976586359684,1.5929409255998839,0.036585337856308575,0.0,0.0,0.0,0.0,0.0,0.0,0.0,0.0,0.0,11146400.0,12006400.0,8665300.0,0.0,0.0,0.0,0.0,0.0,0.0,0.0,0.0,0.0,0.0,0.0,0.0,0.0,0.0,0.0,0.0,0.0,0.0,0.0,0.0,0.0,0.0,0.0,0.0,91.179443359375,1.6736334569597462,92.18760899135044,1.8641265591662215,92.98804473876953,1.6194760764616074,-0.0052246464134778625
2022-07-18,94.1429875019714,95.03204670280243,93.11714250869056,93.4981689453125,10430400,0.0,0.0,91.69659729003907,92.88266944885254,47.30610378520032,-2.1106511533764944,-2.5677283575840737,1.5909467318464166,0.0052520867094678625,0.0,0.0,0.0,0.0,0.0,0.0,0.0,0.0,0.0,14946700.0,11146400.0,12006400.0,0.0,0.0,0.0,0.0,0.0,0.0,0.0,0.0,0.0,0.0,0.0,0.0,0.0,0.0,0.0,0.0,0.0,0.0,0.0,0.0,0.0,0.0,0.0,0.0,92.07827504475911,2.0508755777488705,91.94615064348493,1.48068950738268,92.92454038347516,1.577270870872608,-0.03925321507398971
2022-07-19,94.45563376614278,97.55269815526248,94.45563376614278,97.31822204589844,13683400,0.0,0.0,92.87094421386719,93.14010734558106,59.17455435759733,-1.590459048627622,-2.3722744957927833,1.862809114470476,0.04085698301557428,0.0,0.0,0.0,0.0,0.0,0.0,0.0,0.0,0.0,10430400.0,14946700.0,11146400.0,0.0,0.0,0.0,0.0,0.0,0.0,0.0,0.0,0.0,0.0,0.0,0.0,0.0,0.0,0.0,0.0,0.0,0.0,0.0,0.0,0.0,0.0,0.0,0.0,94.60868835449219,2.3592024984934206,92.46953909737724,2.4892362957126606,93.18204825265067,1.963032064343633,-0.03618765444337524
2022-07-20,97.9434928719603,101.86123467391975,97.6503921561358,100.97216796875,15112700,0.0,0.0,94.90504302978516,93.63153457641602,66.32736902030123,-0.8732933767179674,-2.07247827197782,2.4969066014042025,0.03754636948801071,0.0,0.0,0.0,0.9883,0.9883,1.0,1.0,1.0,0.0,13683400.0,10430400.0,14946700.0,0.0,0.0,0.0,0.0,0.0,0.0,0.0,0.0,0.0,0.0,0.0,0.0,0.0,0.0,0.0,0.0,0.0,0.0,0.0,0.0,0.0,0.0,0.0,0.0,97.26285298665364,3.737307138853799,93.82476806640625,3.992654884723363,93.71939359392438,2.864471991152006,-0.007966997156341082
2022-07-21,100.34689333560388,101.85146259842764,99.27220313469,101.78307342529297,8611300,0.0,0.0,97.3162612915039,94.1532485961914,71.1139741323298,-0.2367717639965008,-1.7053369703815562,3.028368287535086,0.008030979950771622,0.0,0.0,0.0,0.0,0.0,0.0,0.0,0.0,0.0,15112700.0,13683400.0,10430400.0,0.0,0.0,0.0,0.0,0.0,0.0,0.0,0.0,0.0,0.9883,0.0,0.0,0.9883,0.0,0.0,1.0,0.0,0.0,1.0,0.0,0.0,1.0,0.0,0.0,100.0244878133138,2.3785074559008996,95.30142320905414,4.796918988323528,94.40189252580915,3.5403745057807177,0.014213451353160211
2022-07-22,100.9037722856702,102.16409335622748,99.76069298465094,100.35665893554688,7803500,0.0,0.0,98.78565826416016,94.56456184387207,64.37935611496918,0.15083770848640654,-1.3341020346079637,3.286784242736061,-0.014014260345489138,0.0,0.0,0.0,0.0,0.0,0.0,0.0,0.0,0.0,8611300.0,15112700.0,13683400.0,0.0,0.0,0.0,0.0,0.0,0.0,0.0,0.0,0.0,0.0,0.9883,0.0,0.0,0.9883,0.0,0.0,1.0,0.0,0.0,1.0,0.0,0.0,1.0,0.0,101.03730010986328,0.7154342883829977,96.66642107282367,4.660610132001474,94.86107907976422,3.875247414827572,0.0002920128108454545
2022-07-25,100.4152878075623,101.011253827982,99.46760389135844,100.32736206054688,6726700,0.0,0.0,100.15149688720703,94.80441398620606,62.59718474009442,0.45046432272813774,-0.9771887631407434,3.5272074875446315,-0.00029192756425677757,0.0,0.0,0.0,0.0,0.0,0.0,0.0,0.0,0.0,7803500.0,8611300.0,15112700.0,0.0,0.0,0.0,0.0,0.0,0.0,0.0,0.0,0.0,0.0,0.0,0.9883,0.0,0.0,0.9883,0.0,0.0,1.0,0.0,0.0,1.0,0.0,0.0,1.0,100.8223648071289,0.8321270116288751,98.1807610648019,3.6405543860281298,95.24559620448521,4.142012316755194,0.029164320739126337
2022-07-26,99.79000132442071,100.00494084112844,97.26935918934696,97.48429870605469,6346600,0.0,0.0,100.18471221923828,94.9592674255371,57.812482480746134,0.45328394580445774,-0.6910942213517032,3.5755809859619814,-0.028337866122468358,0.0,0.0,0.0,0.0,0.0,0.0,0.0,0.0,0.0,6726700.0,7803500.0,8611300.0,0.0,0.0,0.0,0.0,0.0,0.0,0.0,0.0,0.0,0.0,0.0,0.0,0.0,0.0,0.0,0.0,0.0,0.0,0.0,0.0,0.0,0.0,0.0,0.0,99.38943990071614,1.6499656982550985,98.8199931553432,2.898459731751267,95.50380107334682,4.162248272061489,-0.03594205811572082
2022-07-27,98.64692380003956,101.26526372964777,98.49060143821913,101.11871337890625,9684800,0.0,0.0,100.21402130126953,95.32954750061035,61.65064536368463,0.7402522403987746,-0.40482492900160766,3.8151673239072785,0.03728205178774946,0.0,0.0,0.0,0.0,0.0,0.0,0.0,0.0,0.0,6346600.0,6726700.0,7803500.0,0.0,0.0,0.0,0.0,0.0,0.0,0.0,0.0,0.0,0.0,0.0,0.0,0.0,0.0,0.0,0.0,0.0,0.0,0.0,0.0,0.0,0.0,0.0,0.0,99.64345804850261,1.9112917168311954,99.9086423601423,1.7829103083387488,95.92739650181362,4.421379211307799,-0.013346052154262655
2022-07-28,100.87446466052141,102.55489277048626,100.34688787340264,102.48650360107422,7970300,0.0,0.0,100.35470733642578,95.78140602111816,67.46518363043745,1.0657604975855293,-0.11070784368418027,4.104925313771977,0.013526578577425674,0.0,0.0,0.0,0.0,0.0,0.0,0.0,0.0,0.0,9684800.0,6346600.0,6726700.0,0.0,0.0,0.0,0.0,0.0,0.0,0.0,0.0,0.0,0.0,0.0,0.0,0.0,0.0,0.0,0.0,0.0,0.0,0.0,0.0,0.0,0.0,0.0,0.0,100.36317189534505,2.585274773206111,100.64696829659599,1.591217032099131,96.55825369698661,4.693824362962965,-0.01131011257340686
2022-07-29,102.72098554285719,103.89337350069842,100.99171218696225,103.65889739990234,10320000,0.0,0.0,101.01515502929688,96.35294647216797,75.060334859649,1.402167207281252,0.19186716650890623,4.371278623095583,0.011439494544487783,0.0,0.0,0.0,0.0,0.0,0.0,0.0,0.0,0.0,7970300.0,9684800.0,6346600.0,0.0,0.0,0.0,0.0,0.0,0.0,0.0,0.0,0.0,0.0,0.0,0.0,0.0,0.0,0.0,0.0,0.0,0.0,0.0,0.0,0.0,0.0,0.0,0.0,102.42137145996094,1.271343919632158,101.0307867867606,1.963270040955625,97.42777742658343,4.807988576617444,-0.001129674768207467
2022-08-01,102.45719246827554,104.19623769329017,101.47042808804376,103.77613067626953,7769700,0.0,0.0,101.70490875244141,96.84535064697266,75.30070666653725,1.6591065465276245,0.4853150425126499,4.6307197856917,0.001130952376571459,0.0,0.0,0.0,0.0,0.0,0.0,0.0,0.0,0.0,10320000.0,7970300.0,9684800.0,0.0,0.0,0.0,0.0,0.0,0.0,0.0,0.0,0.0,0.0,0.0,0.0,0.0,0.0,0.0,0.0,0.0,0.0,0.0,0.0,0.0,0.0,0.0,0.0,103.3071772257487,0.7131373002090088,101.31550925118583,2.218486166856228,98.30846623011998,4.757059403154458,0.014420775044411194
2022-08-02,103.30717377713145,103.91291174552036,102.21294706502299,102.30087280273438,9093000,0.0,0.0,102.66822357177735,97.21318817138672,72.81890645935368,1.7238207107659917,0.7330161761633183,4.762074475371042,-0.014215772585867925,0.0,0.0,0.0,0.0,0.0,0.0,0.0,0.0,0.0,7769700.0,10320000.0,7970300.0,0.0,0.0,0.0,0.0,0.0,0.0,0.0,0.0,0.0,0.0,0.0,0.0,0.0,0.0,0.0,0.0,0.0,0.0,0.0,0.0,0.0,0.0,0.0,0.0,103.24530029296875,0.819995959444271,101.59325408935547,2.2000620169366836,99.12983758108956,4.335251306626311,-0.0395339718590082
2022-08-03,103.29740519575287,107.17605859219252,103.29740519575287,106.51170349121094,11243000,0.0,0.0,103.74682159423828,97.84530181884766,79.62066815936407,2.09078473241793,1.0045698874142408,5.120444222471401,0.04116123912839198,0.0,0.0,0.0,0.0,0.0,0.0,0.0,0.0,0.0,9093000.0,7769700.0,10320000.0,0.0,0.0,0.0,0.0,0.0,0.0,0.0,0.0,0.0,0.0,0.0,0.0,0.0,0.0,0.0,0.0,0.0,0.0,0.0,0.0,0.0,0.0,0.0,0.0,104.19623565673828,2.1366188049615147,102.4767314365932,2.773883366889619,100.32874625069755,3.825844864448961,0.008324033047097279
2022-08-04,106.41400518069324,106.9318099345859,105.18300018407075,105.63241577148438,7322400,0.0,0.0,104.37600402832031,98.36750373840331,74.34061394402897,2.284322940031217,1.260520497937636,5.362079481817319,-0.008255315527829432,0.0,0.0,0.0,0.0,0.0,0.0,0.0,0.0,0.0,11243000.0,9093000.0,7769700.0,0.0,0.0,0.0,0.0,0.0,0.0,0.0,0.0,0.0,0.0,0.0,0.0,0.0,0.0,0.0,0.0,0.0,0.0,0.0,0.0,0.0,0.0,0.0,0.0,104.81499735514323,2.221239163684188,103.64074816022601,1.9024540345252894,101.2303706577846,3.4357988308738587,0.013973556843061896
2022-08-05,104.35255570724281,105.22207834567142,102.94569172191073,104.17669677734375,10100000,0.0,0.0,104.4795639038086,98.89361343383788,69.85106904423678,2.2937975368904517,1.4671759057281992,5.391438385118221,-0.01378098743182965,0.0,0.0,0.0,0.0,0.0,0.0,0.0,0.0,0.0,7322400.0,11243000.0,9093000.0,0.0,0.0,0.0,0.0,0.0,0.0,0.0,0.0,0.0,0.0,0.0,0.0,0.0,0.0,0.0,0.0,0.0,0.0,0.0,0.0,0.0,0.0,0.0,0.0,105.44027201334636,1.1793021268084523,104.07760293143136,1.5441650907539626,101.99312264578683,2.6920124418025786,-0.02272937429878752
2022-08-08,105.72034525391271,108.67086643544994,105.41747999931809,106.59963989257812,13025900,0.0,0.0,105.04426574707031,99.64931716918946,68.19921789681864,2.4683637226889914,1.667413469120358,5.357564507415813,0.02325801441384656,0.0,0.0,0.0,0.0,0.0,0.0,0.0,0.0,0.0,10100000.0,7322400.0,11243000.0,0.0,0.0,0.0,0.0,0.0,0.0,0.0,0.0,0.0,0.0,0.0,0.0,0.0,0.0,0.0,0.0,0.0,0.0,0.0,0.0,0.0,0.0,0.0,0.0,105.46958414713542,1.2196511543600004,104.66519383021763,1.6185851264294404,102.6560810634068,2.593219179468115,0.009063148686408562
2022-08-09,106.70711465314055,106.70711465314055,104.56749884107354,105.6421890258789,8776500,0.0,0.0,105.71252899169922,100.35910224914551,60.23992625889351,2.5006247538464663,1.8340557260655797,5.149954786128195,-0.008981745788860573,0.0,0.0,0.0,0.0,0.0,0.0,0.0,0.0,0.0,13025900.0,10100000.0,7322400.0,0.0,0.0,0.0,0.0,0.0,0.0,0.0,0.0,0.0,0.0,0.0,0.0,0.0,0.0,0.0,0.0,0.0,0.0,0.0,0.0,0.0,0.0,0.0,0.0,105.47284189860027,1.220316422922243,104.94852120535714,1.5863413443700973,102.98965399605888,2.6594634956278584,-0.038245999704807354
2022-08-10,109.89210669012544,110.07773017455855,107.38123656007221,109.84325408935547,26398700,0.0,0.0,106.37883911132812,101.31118125915528,65.38604038809387,2.832531039687666,2.0337507887899973,5.0492014070492575,0.039766925526764973,0.0,0.0,0.0,0.0,0.0,0.0,0.0,0.0,0.0,8776500.0,13025900.0,10100000.0,0.0,0.0,0.0,0.0,0.0,0.0,0.0,0.0,0.0,0.0,0.0,0.0,0.0,0.0,0.0,0.0,0.0,0.0,0.0,0.0,0.0,0.0,0.0,0.0,107.3616943359375,2.201767959589255,105.81525312151227,2.324658186944716,103.56538118634906,3.1964070153079858,-0.044693789437204146
2022-08-11,119.39824909205282,120.43385872699328,114.63052851274581,114.98224639892578,50375000,0.0,0.0,108.24880523681641,102.57394447326661,74.45281079033268,3.470240125486953,2.3210486561293884,5.156534922414544,0.04678477847524287,0.0,0.0,0.0,0.8664000000000001,0.7547546891464699,3.0,949.0,1.0,0.0,26398700.0,8776500.0,13025900.0,0.0,0.0,0.0,0.0,0.0,0.0,0.0,0.0,0.0,0.0,0.0,0.0,0.0,0.0,0.0,0.0,0.0,0.0,0.0,0.0,0.0,0.0,0.0,0.0,110.15589650472005,4.677870978646777,107.6268779209682,3.6772548624818997,104.61006600516183,4.275070985535379,-0.0319156644383507
2022-08-12,116.26209433501295,118.8120450675771,116.18393315493687,118.77296447753906,21964800,0.0,0.0,111.16805877685547,103.86210899353027,77.39405758945183,4.232716320056809,2.7033821889148726,5.8171833475695705,0.0329678554501498,0.0,0.0,0.0,0.0,0.0,0.0,0.0,0.0,0.0,50375000.0,26398700.0,8776500.0,0.0,0.0,0.0,0.0,0.0,0.0,0.0,0.0,0.0,0.8664000000000001,0.0,0.0,0.7547546891464699,0.0,0.0,3.0,0.0,0.0,949.0,0.0,0.0,1.0,0.0,0.0,114.53282165527344,4.481787461980312,109.37848663330078,5.517365311629441,105.92760903494698,5.515950857946858,-0.0216481219757243
2022-08-15,118.21607254175062,123.06195362916414,118.20630053131926,121.40106964111328,24628300,0.0,0.0,114.1283447265625,105.25725402832032,85.74767820533785,4.991511285317699,3.1610080081954384,6.505981514195458,0.02212713284655976,0.0,0.0,0.0,0.0,0.0,0.0,0.0,0.0,0.0,21964800.0,50375000.0,26398700.0,0.0,0.0,0.0,0.0,0.0,0.0,0.0,0.0,0.0,0.0,0.8664000000000001,0.0,0.0,0.7547546891464699,0.0,0.0,3.0,0.0,0.0,949.0,0.0,0.0,1.0,0.0,118.3854268391927,3.2269121493252846,111.6311514718192,6.80240010396997,107.6359498160226,6.341649742622075,-0.00560182743059412
2022-08-16,121.86026449060732,123.57000117880656,120.609707965996,122.08496856689453,14607300,0.0,0.0,117.41690063476562,106.49559135437012,84.36901016204189,5.583681485395587,3.645542703635468,7.231882170784393,0.0056333846794183184,0.0,0.0,0.0,0.0,0.0,0.0,0.0,0.0,0.0,24628300.0,21964800.0,50375000.0,0.0,0.0,0.0,0.0,0.0,0.0,0.0,0.0,0.0,0.0,0.0,0.8664000000000001,0.0,0.0,0.7547546891464699,0.0,0.0,3.0,0.0,0.0,949.0,0.0,0.0,1.0,120.7530008951823,1.7485244054820854,114.1894760131836,6.898479408531713,109.13353947230748,7.112911900418412,0.017506708379433578
2022-08-17,120.60971058410472,121.6160190322461,119.74995994276573,119.98443603515625,9140900,0.0,0.0,119.44513702392578,107.44620475769042,78.0106493494439,5.81643695032767,4.079721552973909,7.701912554630052,-0.01720549676504468,0.0,0.0,0.0,0.0,0.0,0.0,0.0,0.0,0.0,14607300.0,24628300.0,21964800.0,0.0,0.0,0.0,0.0,0.0,0.0,0.0,0.0,0.0,0.0,0.0,0.0,0.0,0.0,0.0,0.0,0.0,0.0,0.0,0.0,0.0,0.0,0.0,0.0,121.15682474772136,1.071354705587253,116.10158974783761,6.270523711228376,110.38339178902763,7.38712363661413,0.0011412804341448535
2022-08-18,120.17983754292467,120.29707186077769,118.90974443787347,119.84765625,7343900,0.0,0.0,120.41821899414063,108.34943389892578,76.80363314915117,5.921599830870818,4.448097208553291,8.05402210072637,-0.0011399793979627315,0.0,0.0,0.0,0.0,0.0,0.0,0.0,0.0,0.0,9140900.0,14607300.0,24628300.0,0.0,0.0,0.0,0.0,0.0,0.0,0.0,0.0,0.0,0.0,0.0,0.0,0.0,0.0,0.0,0.0,0.0,0.0,0.0,0.0,0.0,0.0,0.0,0.0,120.63902028401692,1.2540940973366315,118.13094220842633,4.315144968393204,111.53973170689174,7.519403167871232,0.021058727865169935
2022-08-19,118.46033194280304,118.59711028646937,116.73105862424391,117.37586975097656,8702500,0.0,0.0,120.13880004882813,109.20039443969726,70.88837510707586,5.739330232162075,4.706343813275048,8.064175435767103,-0.020624404150777376,0.0,0.0,0.0,0.0,0.0,0.0,0.0,0.0,0.0,7343900.0,9140900.0,14607300.0,0.0,0.0,0.0,0.0,0.0,0.0,0.0,0.0,0.0,0.0,0.0,0.0,0.0,0.0,0.0,0.0,0.0,0.0,0.0,0.0,0.0,0.0,0.0,0.0,119.06932067871094,1.468165253263531,119.20703016008649,2.432469927479385,112.51114164079938,7.3149719841942105,0.03622558691558497
2022-08-22,114.99200805416339,115.49027628931758,113.02825860206661,113.27250671386719,11575800,0.0,0.0,118.51308746337891,109.84765167236328,65.59291445850698,5.203787139248632,4.805832478469765,7.830642038559297,-0.034959170448023325,0.0,0.0,0.0,0.0,0.0,0.0,0.0,0.0,0.0,8702500.0,7343900.0,9140900.0,0.0,0.0,0.0,0.0,0.0,0.0,0.0,0.0,0.0,0.0,0.0,0.0,0.0,0.0,0.0,0.0,0.0,0.0,0.0,0.0,0.0,0.0,0.0,0.0,116.83201090494792,3.3211420759928076,118.96278163364956,2.956733247889251,113.29482977730888,6.698715975576331,0.009402897674964716
2022-08-23,113.31157264468376,113.69259905348227,111.98286249210337,112.21733856201172,7180700,0.0,0.0,116.53956146240235,110.58430366516113,58.907869976965884,4.640726719419149,4.7728113266596415,7.2800012152998335,-0.009315306798329148,0.0,0.0,0.0,0.0,0.0,0.0,0.0,0.0,0.0,11575800.0,8702500.0,7343900.0,0.0,0.0,0.0,0.0,0.0,0.0,0.0,0.0,0.0,0.0,0.0,0.0,0.0,0.0,0.0,0.0,0.0,0.0,0.0,0.0,0.0,0.0,0.0,0.0,114.28857167561848,2.7252343040103897,118.02626364571708,3.911076984730827,113.70237513950893,6.4221445278344165,-0.013315118226019385
2022-08-24,112.03171730150758,114.46443375693441,111.47483192876685,113.731689453125,7840500,0.0,0.0,115.2890121459961,111.21495246887207,62.39904637454607,4.26749966135759,4.671748993599231,6.955967584740199,0.013494803125066568,0.0,0.0,0.0,0.0,0.0,0.0,0.0,0.0,0.0,7180700.0,11575800.0,8702500.0,0.0,0.0,0.0,0.0,0.0,0.0,0.0,0.0,0.0,0.0,0.0,0.0,0.0,0.0,0.0,0.0,0.0,0.0,0.0,0.0,0.0,0.0,0.0,0.0,113.07384490966797,0.7764757173858554,116.93063790457589,3.8822334791436743,114.28089468819755,5.989492410402626,-0.008939202136701963
2022-08-25,114.32765115692155,115.06039548120343,113.43859191946711,114.75753021240234,6920900,0.0,0.0,114.27098693847657,111.82850379943848,66.41406567893952,4.00828627573766,4.5390564500269175,6.681314669267348,0.009019832240337422,0.0,0.0,0.0,0.0,0.0,0.0,0.0,0.0,0.0,7840500.0,7180700.0,11575800.0,0.0,0.0,0.0,0.0,0.0,0.0,0.0,0.0,0.0,0.0,0.0,0.0,0.0,0.0,0.0,0.0,0.0,0.0,0.0,0.0,0.0,0.0,0.0,0.0,113.56885274251302,1.2779007202912822,115.8838609967913,3.186311868029437,115.03666850498745,5.236689356958795,0.02971859171537039
2022-08-26,114.7673018737654,115.64659655099395,111.26966718760117,111.44552612304688,7807400,0.0,0.0,113.08491821289063,112.2178352355957,57.31563709943443,3.4953149348533685,4.330308146992207,6.40120043149492,-0.028860886803901642,0.0,0.0,0.0,0.0,0.0,0.0,0.0,0.0,0.0,6920900.0,7840500.0,7180700.0,0.0,0.0,0.0,0.0,0.0,0.0,0.0,0.0,0.0,0.0,0.0,0.0,0.0,0.0,0.0,0.0,0.0,0.0,0.0,0.0,0.0,0.0,0.0,0.0,113.31158192952473,1.6954971307897315,114.66401672363281,2.98282473429136,115.38280323573521,4.776009138245408,0.0047565605620929485
2022-08-29,109.95071791105741,111.83631340951416,109.82371159131782,110.91793823242188,6882700,0.0,0.0,112.61400451660157,112.57492561340332,58.069314821872545,3.0114948795254577,4.066545493498857,6.097493263683739,-0.004734042800807359,0.0,0.0,0.0,0.0,0.0,0.0,0.0,0.0,0.0,7807400.0,6920900.0,7840500.0,0.0,0.0,0.0,0.0,0.0,0.0,0.0,0.0,0.0,0.0,0.0,0.0,0.0,0.0,0.0,0.0,0.0,0.0,0.0,0.0,0.0,0.0,0.0,0.0,112.37366485595703,2.0812731137044107,113.38834272112165,2.2043531391021975,115.75964246477399,4.110032451685531,0.009783797393622118
2022-08-30,111.65068850993912,112.10987612327956,108.88579827283066,109.84325408935547,8060000,0.0,0.0,112.13918762207031,112.95204467773438,50.0,2.512384763459565,3.755713347490999,5.645074939122861,-0.009689002159546711,0.0,0.0,0.0,0.0,0.0,0.0,0.0,0.0,0.0,6882700.0,7807400.0,6920900.0,0.0,0.0,0.0,0.0,0.0,0.0,0.0,0.0,0.0,0.0,0.0,0.0,0.0,0.0,0.0,0.0,0.0,0.0,0.0,0.0,0.0,0.0,0.0,0.0,110.7355728149414,0.8165548215565406,112.31225476946149,1.7183597414644673,115.75964246477399,4.110032451685531,0.0031227190473948063
2022-08-31,110.2731371623576,111.13288780882948,109.2766007194923,109.50131225585938,7353000,0.0,0.0,111.2931121826172,113.1015251159668,38.93489954035899,2.065435497619518,3.417657777516703,5.50336366960298,-0.0031129980291546566,0.0,0.0,0.0,0.0,0.0,0.0,0.0,0.0,0.0,8060000.0,6882700.0,7807400.0,0.0,0.0,0.0,0.0,0.0,0.0,0.0,0.0,0.0,0.0,0.0,0.0,0.0,0.0,0.0,0.0,0.0,0.0,0.0,0.0,0.0,0.0,0.0,0.0,110.0875015258789,0.7392224949596251,111.7735127040318,1.9435437621825202,115.36814716884068,4.437752031647554,-0.003998977944900339
2022-09-01,109.2179913893482,109.9995809093019,107.49848251927219,109.94096374511719,7718700,0.0,0.0,110.32979888916016,113.31695251464843,29.379607680518475,1.7267957585959692,3.0794853737325565,5.2751981574915,0.004015033977223359,0.0,0.0,0.0,0.0,0.0,0.0,0.0,0.0,0.0,7353000.0,8060000.0,6882700.0,0.0,0.0,0.0,0.0,0.0,0.0,0.0,0.0,0.0,0.0,0.0,0.0,0.0,0.0,0.0,0.0,0.0,0.0,0.0,0.0,0.0,0.0,0.0,0.0,109.76184336344402,0.2308552310907016,111.4483163016183,2.044715119795421,114.73728997366769,4.543018041468491,0.011960647938772384
2022-09-02,110.44898224125383,111.26965219350429,108.28982270384793,108.64154052734375,8465100,0.0,0.0,109.76900177001953,113.54019470214844,18.239357045325505,1.338143447018993,2.731216988389844,4.952644467657444,-0.011819281671806792,0.0,0.0,0.0,0.0,0.0,0.0,0.0,0.0,0.0,7718700.0,7353000.0,8060000.0,0.0,0.0,0.0,0.0,0.0,0.0,0.0,0.0,0.0,0.0,0.0,0.0,0.0,0.0,0.0,0.0,0.0,0.0,0.0,0.0,0.0,0.0,0.0,0.0,109.36127217610677,0.6609338792006492,110.72115216936383,2.0019982974556076,113.82589503696987,4.3802915222055345,0.010082550210413377
2022-09-06,109.19843830501446,109.20821031618817,106.02321297486937,107.55709075927734,9537300,0.0,0.0,109.09683227539062,113.5880672454834,14.544643409080237,0.9318854613278091,2.371350682977437,4.8862075130750116,-0.009981907130573675,0.0,0.0,0.0,0.0,0.0,0.0,0.0,0.0,0.0,8465100.0,7718700.0,7353000.0,0.0,0.0,0.0,0.0,0.0,0.0,0.0,0.0,0.0,0.0,0.0,0.0,0.0,0.0,0.0,0.0,0.0,0.0,0.0,0.0,0.0,0.0,0.0,0.0,108.71319834391277,1.1935508934105148,109.69251796177456,1.3140460207190725,112.78818947928292,3.9753118079015133,-0.023072246605857716
2022-09-07,107.34216397795375,110.36106709346724,107.34216397795375,110.09728240966797,8193900,0.0,0.0,109.14763793945312,113.81082191467286,26.377292084172907,0.8056087613293812,2.0582022986478257,4.59794953494458,0.02361714725136821,0.0,0.0,0.0,0.0,0.0,0.0,0.0,0.0,0.0,9537300.0,8465100.0,7718700.0,0.0,0.0,0.0,0.0,0.0,0.0,0.0,0.0,0.0,0.0,0.0,0.0,0.0,0.0,0.0,0.0,0.0,0.0,0.0,0.0,0.0,0.0,0.0,0.0,108.76530456542969,1.2746103553719017,109.49991171700614,1.0947920771795179,112.08196422031948,3.4408497423808972,0.003204822722902234
2022-09-08,108.51455470704208,110.39037848406461,107.82089093909711,109.74556732177734,8443300,0.0,0.0,109.19648895263671,113.80593757629394,26.10913539349258,0.6694362541902876,1.780449089756318,4.602435750507155,-0.0031945846454402016,0.0,0.0,0.0,0.0,0.0,0.0,0.0,0.0,0.0,8193900.0,9537300.0,8465100.0,0.0,0.0,0.0,0.0,0.0,0.0,0.0,0.0,0.0,0.0,0.0,0.0,0.0,0.0,0.0,0.0,0.0,0.0,0.0,0.0,0.0,0.0,0.0,0.0,109.13331349690755,1.3763300711419306,109.33243015834263,0.9169346690483746,111.36038643973214,2.657010251636401,-0.02474383761761645
2022-09-09,110.66393198490866,112.87193701803025,110.5857782535229,112.52999114990234,9563100,0.0,0.0,109.71429443359375,113.68332481384277,38.70677064979021,0.7772387690264253,1.5798070256103398,4.6021135931443835,0.025371629087860947,0.0,0.0,0.0,0.0,0.0,0.0,0.0,0.0,0.0,8443300.0,8193900.0,9537300.0,0.0,0.0,0.0,0.0,0.0,0.0,0.0,0.0,0.0,0.0,0.0,0.0,0.0,0.0,0.0,0.0,0.0,0.0,0.0,0.0,0.0,0.0,0.0,0.0,110.79094696044922,1.5162888561932102,109.71624973842076,1.526261666060069,111.01425225394112,2.062126547468794,-0.0103960695305082
2022-09-12,113.46790246141404,114.78684077715062,112.61791634716293,113.71215057373047,7923400,0.0,0.0,110.7284164428711,113.43028411865234,51.18607298182349,0.9471453227900213,1.4532746850462763,4.443951229714822,0.010505283184936598,0.0,0.0,0.0,0.0,0.0,0.0,0.0,0.0,0.0,9563100.0,8443300.0,8193900.0,0.0,0.0,0.0,0.0,0.0,0.0,0.0,0.0,0.0,0.0,0.0,0.0,0.0,0.0,0.0,0.0,0.0,0.0,0.0,0.0,0.0,0.0,0.0,0.0,111.99590301513672,2.0365125276909186,110.3177980695452,2.1356049354213344,111.04565538678851,2.102121503746806,0.0414281389115958
2022-09-13,110.44898832533816,111.20126915634049,108.61223793393596,109.18866729736328,10504600,0.0,0.0,111.05473175048829,112.81966400146484,43.11725293480832,0.7086216454553949,1.3043440771281,4.118163240117698,-0.03978012247190932,0.0,0.0,0.0,0.0,0.0,0.0,0.0,0.0,0.0,7923400.0,9563100.0,8443300.0,0.0,0.0,0.0,0.0,0.0,0.0,0.0,0.0,0.0,0.0,0.0,0.0,0.0,0.0,0.0,0.0,0.0,0.0,0.0,0.0,0.0,0.0,0.0,0.0,111.81026967366536,2.346055091086136,110.2103271484375,2.1762710018749423,110.8293217250279,2.1279504832821368,-0.006577798842578919
2022-09-14,109.27659743704368,110.1461200686808,107.35192123425348,109.9116439819336,8610400,0.0,0.0,111.01760406494141,112.2109977722168,40.99493292884051,0.5713420138859533,1.1577436644796708,3.5349928991528077,0.006621352769160316,0.0,0.0,0.0,0.0,0.0,0.0,0.0,0.0,0.0,10504600.0,7923400.0,9563100.0,0.0,0.0,0.0,0.0,0.0,0.0,0.0,0.0,0.0,0.0,0.0,0.0,0.0,0.0,0.0,0.0,0.0,0.0,0.0,0.0,0.0,0.0,0.0,0.0,110.93748728434245,2.429967304042681,110.3917704990932,2.0742308287877287,110.55646133422852,1.9659076447875086,0.015618055947210996
2022-09-15,109.80416578193963,111.77769443411574,108.16281839315923,108.221435546875,9739800,0.0,0.0,110.71277770996093,111.62284774780274,35.06028731296563,0.3224442847726152,0.9906837885382597,3.1288065358933377,-0.015377883305397688,0.0,0.0,0.0,0.0,0.0,0.0,0.0,0.0,0.0,8610400.0,10504600.0,7923400.0,0.0,0.0,0.0,0.0,0.0,0.0,0.0,0.0,0.0,0.0,0.0,0.0,0.0,0.0,0.0,0.0,0.0,0.0,0.0,0.0,0.0,0.0,0.0,0.0,109.1072489420573,0.8480405945009876,110.48667689732143,1.9333259422165696,110.089597429548,1.6406894965551024,0.023279301115992634
2022-09-16,106.69734176451568,107.05883164490051,104.49910880981646,105.75942993164062,15978800,0.0,0.0,109.3586654663086,110.91843643188477,36.47771081539284,-0.07263494563142103,0.7780200417043235,2.741565668613935,-0.022749703908409025,0.0,0.0,0.0,0.0,0.0,0.0,0.0,0.0,0.0,9739800.0,8610400.0,10504600.0,0.0,0.0,0.0,0.0,0.0,0.0,0.0,0.0,0.0,0.0,0.0,0.0,0.0,0.0,0.0,0.0,0.0,0.0,0.0,0.0,0.0,0.0,0.0,0.0,107.96416982014973,2.088027686711414,109.86698368617466,2.643658868217151,109.6834477015904,1.95323415883629,-0.0084272347350971
2022-09-19,105.05599713572228,106.70711676428422,104.57727292148381,106.65826416015625,7979500,0.0,0.0,107.94788818359375,110.38255615234375,40.045699028253814,-0.30964033076006103,0.5604879672114467,2.444270779484504,0.00849885659459959,0.0,0.0,0.0,0.0,0.0,0.0,0.0,0.0,0.0,15978800.0,9739800.0,8610400.0,0.0,0.0,0.0,0.0,0.0,0.0,0.0,0.0,0.0,0.0,0.0,0.0,0.0,0.0,0.0,0.0,0.0,0.0,0.0,0.0,0.0,0.0,0.0,0.0,106.8797098795573,1.2458517437249113,109.42594037737165,2.911274003205699,109.37918526785714,2.0741692983846627,0.014874097106639672
2022-09-20,105.78873357971156,105.91574735942119,104.40140619079625,105.0950698852539,6957400,0.0,0.0,107.12916870117188,109.97368431091309,39.151797511283036,-0.6164989042204496,0.3250905929250674,2.613496411320399,-0.014656100839547492,0.0,0.0,0.0,0.0,0.0,0.0,0.0,0.0,0.0,7979500.0,15978800.0,9739800.0,0.0,0.0,0.0,0.0,0.0,0.0,0.0,0.0,0.0,0.0,0.0,0.0,0.0,0.0,0.0,0.0,0.0,0.0,0.0,0.0,0.0,0.0,0.0,0.0,105.83758799235027,0.7845225281102588,108.36380876813617,2.946114420275608,109.04002925327846,2.3608379726100015,0.029476463251894014
2022-09-21,104.91921705376895,105.55426362762658,102.0859375,102.0859375,9776400,0.0,0.0,105.56402740478515,109.4671142578125,34.89854135721521,-1.0899342856216947,0.042085617215714965,3.09351790317767,-0.02863247903578514,0.0,0.0,0.0,0.0,0.0,0.0,0.0,0.0,0.0,6957400.0,7979500.0,15978800.0,0.0,0.0,0.0,0.0,0.0,0.0,0.0,0.0,0.0,0.0,0.0,0.0,0.0,0.0,0.0,0.0,0.0,0.0,0.0,0.0,0.0,0.0,0.0,0.0,104.61309051513672,2.3239558637607662,106.70292118617466,2.6948907131384523,108.51035962785993,2.995832213428424,0.022807337919348303
2022-09-22,101.81237737726684,102.25202843073926,99.67276163040506,99.8095474243164,10953400,0.0,0.0,103.88164978027343,108.77100715637206,30.80341331760536,-1.6300309091601548,-0.29233768805945903,3.60714131558776,-0.022298762507652836,0.0,0.0,0.0,0.0,0.0,0.0,0.0,0.0,0.0,9776400.0,6957400.0,7979500.0,0.0,0.0,0.0,0.0,0.0,0.0,0.0,0.0,0.0,0.0,0.0,0.0,0.0,0.0,0.0,0.0,0.0,0.0,0.0,0.0,0.0,0.0,0.0,0.0,102.33018493652344,2.6512128411267044,105.36304691859654,3.4724497225906514,107.78668703351703,3.7519309386684068,0.026733757110367407
2022-09-23,98.30497325462963,98.85208658714329,95.76478717342164,97.21073913574219,11976900,0.0,0.0,102.17191162109376,107.89366760253907,29.3578219280828,-2.2419200257314174,-0.6822541555938507,4.165173563678737,-0.026037672303291903,0.0,0.0,0.0,0.0,0.0,0.0,0.0,0.0,0.0,10953400.0,9776400.0,6957400.0,0.0,0.0,0.0,0.0,0.0,0.0,0.0,0.0,0.0,0.0,0.0,0.0,0.0,0.0,0.0,0.0,0.0,0.0,0.0,0.0,0.0,0.0,0.0,0.0,99.7020746866862,2.4393754456245653,103.5486319405692,3.9806431098897903,106.9702012198312,4.680463711874216,0.014064430976225228
2022-09-26,96.6733857423948,98.34404914583318,95.80386318595669,95.86248779296875,9760500,0.0,0.0,100.01275634765625,107.11451568603516,29.080750444564842,-2.803324198243743,-1.1064681641238292,4.864569975999208,-0.013869366232168834,0.0,0.0,0.0,0.0,0.0,0.0,0.0,0.0,0.0,11976900.0,10953400.0,9776400.0,0.0,0.0,0.0,0.0,0.0,0.0,0.0,0.0,0.0,0.0,0.0,0.0,0.0,0.0,0.0,0.0,0.0,0.0,0.0,0.0,0.0,0.0,0.0,0.0,97.62759145100911,2.0062762329528208,101.78306797572544,4.291354155484849,106.13487243652344,5.5335038769502845,0.023682763546075236
2022-09-27,97.24005438933318,97.34752415186341,93.23438695730817,93.64472198486328,13360200,0.0,0.0,97.72268676757812,106.25085487365723,20.22629709667497,-3.3881398485994936,-1.5628025010189623,5.627320102974516,-0.02313486598527581,0.0,0.0,0.0,0.0,0.0,0.0,0.0,0.0,0.0,9760500.0,11976900.0,10953400.0,0.0,0.0,0.0,0.0,0.0,0.0,0.0,0.0,0.0,0.0,0.0,0.0,0.0,0.0,0.0,0.0,0.0,0.0,0.0,0.0,0.0,0.0,0.0,0.0,95.57264963785808,1.8005899580996603,100.05239541190011,4.829578161825151,104.95968954903739,6.3186174551216885,-0.03571435866470385
2022-09-28,93.58610897842073,97.57224001865278,93.25392766480424,97.11305236816406,12895500,0.0,0.0,96.72810974121094,105.61434478759766,29.45662895307244,-3.5310415401123407,-1.9564503088376382,5.912338125064862,0.03703711549126498,0.0,0.0,0.0,0.0,0.0,0.0,0.0,0.0,0.0,13360200.0,9760500.0,11976900.0,0.0,0.0,0.0,0.0,0.0,0.0,0.0,0.0,0.0,0.0,0.0,0.0,0.0,0.0,0.0,0.0,0.0,0.0,0.0,0.0,0.0,0.0,0.0,0.0,95.5400873819987,1.7564980588310701,98.6887937273298,3.914403318887429,104.05736705235073,6.482464700040228,0.0200104334530804
2022-09-29,96.26305452208483,96.33144368805333,94.01597660179134,95.20790100097656,9435100,0.0,0.0,95.80778045654297,104.89967422485351,21.000989351128197,-3.754739652040641,-2.316108177478239,6.270774215259602,-0.0196178713440589,0.0,0.0,0.0,0.0,0.0,0.0,0.0,0.0,0.0,12895500.0,13360200.0,9760500.0,0.0,0.0,0.0,0.0,0.0,0.0,0.0,0.0,0.0,0.0,0.0,0.0,0.0,0.0,0.0,0.0,0.0,0.0,0.0,0.0,0.0,0.0,0.0,0.0,95.32189178466797,1.736972750507909,97.27634102957589,2.859090812786096,102.82007489885602,6.393420510464149,0.03307513677860863
2022-09-30,94.27977809324506,95.23723404166303,92.11085350822304,92.15970611572266,12094900,0.0,0.0,94.79757385253906,104.01061134338379,16.040667693769493,-4.130373495229335,-2.6789612410284587,6.759839250529281,-0.03201619669382949,0.0,0.0,0.0,0.0,0.0,0.0,0.0,0.0,0.0,9435100.0,12895500.0,13360200.0,0.0,0.0,0.0,0.0,0.0,0.0,0.0,0.0,0.0,0.0,0.0,0.0,0.0,0.0,0.0,0.0,0.0,0.0,0.0,0.0,0.0,0.0,0.0,0.0,94.82688649495442,2.4985573466489677,95.85830797467914,2.517221089297803,101.2806145804269,6.159500184418581,-0.028827202325626078
2022-10-03,93.52748787304205,95.53031786658123,92.32578391383002,94.89527130126953,9468400,0.0,0.0,94.60413055419922,103.32329788208008,26.133766598402104,-4.159382007197024,-2.975045394262172,6.960070440741767,0.02968287661542557,0.0,0.0,0.0,0.0,0.0,0.0,0.0,0.0,0.0,12094900.0,9435100.0,12895500.0,0.0,0.0,0.0,0.0,0.0,0.0,0.0,0.0,0.0,0.0,0.0,0.0,0.0,0.0,0.0,0.0,0.0,0.0,0.0,0.0,0.0,0.0,0.0,0.0,94.08762613932292,1.676929051967932,95.15626852852958,1.8204185797386274,100.25965772356305,5.928128016582307,-0.042488254652392476
2022-10-04,96.40961597944792,99.18427098018076,95.96997235523041,99.10611724853516,10229000,0.0,0.0,95.6964096069336,102.90074920654297,33.839872681698765,-3.7988011702707922,-3.139796549463896,6.946023826495544,0.044373611977958305,0.0,0.0,0.0,0.0,0.0,0.0,0.0,0.0,0.0,9468400.0,12094900.0,9435100.0,0.0,0.0,0.0,0.0,0.0,0.0,0.0,0.0,0.0,0.0,0.0,0.0,0.0,0.0,0.0,0.0,0.0,0.0,0.0,0.0,0.0,0.0,0.0,0.0,95.38703155517578,3.499218200828156,95.42703683035714,2.2638753629875747,99.48783438546317,5.2380632235097275,0.006349278901277344
2022-10-05,97.73831866448818,98.89116997192517,96.42914499827855,98.4808349609375,7562800,0.0,0.0,95.96996612548828,102.31992683410644,34.95323282984161,-3.522883703652383,-3.216413980301594,6.796656113564414,-0.006309219904454433,0.0,0.0,0.0,0.0,0.0,0.0,0.0,0.0,0.0,10229000.0,9468400.0,12094900.0,0.0,0.0,0.0,0.0,0.0,0.0,0.0,0.0,0.0,0.0,0.0,0.0,0.0,0.0,0.0,0.0,0.0,0.0,0.0,0.0,0.0,0.0,0.0,0.0,97.49407450358073,2.2722407548614343,95.80108642578125,2.5464833181432462,98.79207720075335,4.596371044209676,0.007596974948474999
2022-10-06,98.11934583201106,99.12564679910537,97.57223247992727,97.73831939697266,6728200,0.0,0.0,96.4760498046875,101.71956443786621,36.914248957402165,-3.325794238285823,-3.23829003189844,6.634592130859804,-0.007539696066339863,0.0,0.0,0.0,0.0,0.0,0.0,0.0,0.0,0.0,7562800.0,10229000.0,9468400.0,0.0,0.0,0.0,0.0,0.0,0.0,0.0,0.0,0.0,0.0,0.0,0.0,0.0,0.0,0.0,0.0,0.0,0.0,0.0,0.0,0.0,0.0,0.0,0.0,98.44175720214844,0.6847357476493677,96.38588605608258,2.4364076515402333,98.21914073399135,4.138161639329438,0.029641721928610032
2022-10-07,96.24352939569525,96.52685810377645,94.23091985792205,94.92459106445312,7051000,0.0,0.0,97.02902679443359,100.83929443359375,31.983206649863007,-3.3579355869513563,-3.2622191429090237,6.283425456812699,-0.02878838463644262,0.0,0.0,0.0,0.0,0.0,0.0,0.0,0.0,0.0,6728200.0,7562800.0,10229000.0,0.0,0.0,0.0,0.0,0.0,0.0,0.0,0.0,0.0,0.0,0.0,0.0,0.0,0.0,0.0,0.0,0.0,0.0,0.0,0.0,0.0,0.0,0.0,0.0,97.04791514078777,1.8759560737233356,96.07324872698102,2.467755761051039,97.38102122715541,3.424100059268823,0.021017257484771568
2022-10-10,95.34468841060942,95.4912387670263,92.247624172244,92.9706039428711,9532300,0.0,0.0,96.6440933227539,99.80221710205078,31.6039255997444,-3.5007240995995375,-3.3099201342471267,5.734670875506358,-0.020584625118429956,0.0,0.0,0.0,0.0,0.0,0.0,0.0,0.0,0.0,7051000.0,6728200.0,7562800.0,0.0,0.0,0.0,0.0,0.0,0.0,0.0,0.0,0.0,0.0,0.0,0.0,0.0,0.0,0.0,0.0,0.0,0.0,0.0,0.0,0.0,0.0,0.0,0.0,95.21117146809895,2.396742353411248,95.75363486153739,2.72951209882463,96.51498794555664,2.7992174552184834,0.02212673712828006
2022-10-11,92.62865646224395,92.87290458703954,90.51835654001789,90.95800018310547,8900900,0.0,0.0,95.01446990966797,98.89068374633788,32.589431194184954,-3.733250737358219,-3.3945862548693455,5.611733081706024,-0.02164774320496332,0.0,0.0,0.0,0.0,0.0,0.0,0.0,0.0,0.0,9532300.0,7051000.0,6728200.0,0.0,0.0,0.0,0.0,0.0,0.0,0.0,0.0,0.0,0.0,0.0,0.0,0.0,0.0,0.0,0.0,0.0,0.0,0.0,0.0,0.0,0.0,0.0,0.0,92.95106506347656,1.9833676237283382,95.58196258544922,3.0159826019647533,95.72013528006417,2.672690982122093,-0.0033186632317160347
2022-10-12,91.01661615621748,91.90567537001586,90.0786968866954,91.2608642578125,6156200,0.0,0.0,93.57047576904297,97.95814476013183,35.7445416074965,-3.848725461980436,-3.4854140962915636,5.219898250283648,0.0033297134292458175,0.0,0.0,0.0,0.0,0.0,0.0,0.0,0.0,0.0,8900900.0,9532300.0,7051000.0,0.0,0.0,0.0,0.0,0.0,0.0,0.0,0.0,0.0,0.0,0.0,0.0,0.0,0.0,0.0,0.0,0.0,0.0,0.0,0.0,0.0,0.0,0.0,0.0,91.72982279459636,1.0851659114498249,95.06276157924107,3.4373018579385786,95.10951505388532,2.642906465829404,-0.03342308959402984
2022-10-13,89.46320549308024,94.73896663518667,88.62299132266996,94.41655731201172,11025400,0.0,0.0,92.90612335205078,97.26790084838868,45.42549027102145,-3.6436007950448612,-3.517051436042223,4.675683951367471,0.03457882061344897,0.0,0.0,0.0,0.0,0.0,0.0,0.0,0.0,0.0,6156200.0,8900900.0,9532300.0,0.0,0.0,0.0,0.0,0.0,0.0,0.0,0.0,0.0,0.0,0.0,0.0,0.0,0.0,0.0,0.0,0.0,0.0,0.0,0.0,0.0,0.0,0.0,0.0,92.21180725097656,1.9153651833692555,94.392824445452,2.9387471514092,94.90993063790458,2.5766970848954487,0.023187003603661216
2022-10-14,95.2274530668478,95.83318360120946,92.15969744190825,92.27693176269531,8202100,0.0,0.0,92.37659149169922,96.59377593994141,44.27815255207989,-3.612050449726908,-3.5360512387791605,4.347371899673101,-0.022661550158472044,0.0,0.0,0.0,0.0,0.0,0.0,0.0,0.0,0.0,11025400.0,6156200.0,8900900.0,0.0,0.0,0.0,0.0,0.0,0.0,0.0,0.0,0.0,0.0,0.0,0.0,0.0,0.0,0.0,0.0,0.0,0.0,0.0,0.0,0.0,0.0,0.0,0.0,92.65145111083984,1.6108377384707198,93.50655255998883,2.383423161651472,94.65381949288505,2.6518324485555804,-0.029590032641929498
2022-10-17,94.1625205148136,95.7159422356553,94.04528620265506,95.09066772460938,7083800,0.0,0.0,92.80060424804688,96.01539611816406,52.26437632784476,-3.3217109805105594,-3.4931831871254406,3.6517346494843417,0.03049230081847565,0.0,0.0,0.0,0.0,0.0,0.0,0.0,0.0,0.0,8202100.0,11025400.0,6156200.0,0.0,0.0,0.0,0.0,0.0,0.0,0.0,0.0,0.0,0.0,0.0,0.0,0.0,0.0,0.0,0.0,0.0,0.0,0.0,0.0,0.0,0.0,0.0,0.0,93.9280522664388,1.4691002009750653,93.12831660679409,1.716797844978688,94.75710133143834,2.6376274015190595,-0.011677513952315755
2022-10-18,97.57222928894988,98.06072546700916,95.39353305510704,96.2142105102539,8533500,0.0,0.0,93.85184631347656,95.57135314941407,48.48083079328246,-2.9667554364803976,-3.387897636996432,2.9649152054835093,0.011815489495755838,0.0,0.0,0.0,0.0,0.0,0.0,0.0,0.0,0.0,7083800.0,8202100.0,11025400.0,0.0,0.0,0.0,0.0,0.0,0.0,0.0,0.0,0.0,0.0,0.0,0.0,0.0,0.0,0.0,0.0,0.0,0.0,0.0,0.0,0.0,0.0,0.0,0.0,94.5272699991862,2.0282020934200213,93.3125479561942,1.9892594923991438,94.69289834158761,2.586309689901718,-0.005151977742395952
2022-10-19,98.12911439352021,99.52621375750344,96.23374684205565,96.71247100830078,11731000,0.0,0.0,94.94216766357422,95.3026798248291,52.66990744739643,-2.615099908561504,-3.233338091309447,2.5592181673988,0.005178658073526243,0.0,0.0,0.0,0.0,0.0,0.0,0.0,0.0,0.0,8533500.0,7083800.0,8202100.0,0.0,0.0,0.0,0.0,0.0,0.0,0.0,0.0,0.0,0.0,0.0,0.0,0.0,0.0,0.0,0.0,0.0,0.0,0.0,0.0,0.0,0.0,0.0,0.0,96.00578308105469,0.8307484382652807,93.84710039411273,2.3517811285068797,94.80036762782505,2.6400571454946924,0.004057164016847414
2022-10-20,95.9699677514356,98.43198534589736,95.85272597880007,96.3216781616211,8212400,0.0,0.0,95.3231918334961,95.12828636169434,58.154639754702174,-2.3409589680916696,-3.054862266665892,2.3458877277160846,-0.004040769950404255,0.0,0.0,0.0,0.0,0.0,0.0,0.0,0.0,0.0,11731000.0,8533500.0,7083800.0,0.0,0.0,0.0,0.0,0.0,0.0,0.0,0.0,0.0,0.0,0.0,0.0,0.0,0.0,0.0,0.0,0.0,0.0,0.0,0.0,0.0,0.0,0.0,0.0,96.41611989339192,0.2622123404868363,94.61334010532924,2.115499109402442,95.09765134538922,2.5527169312736144,-0.033810315706821914
2022-10-21,96.08720213652494,99.94632663251005,95.63778652190273,99.69230651855469,10193400,0.0,0.0,96.80626678466797,95.25236473083496,59.17071145842662,-1.830616550724983,-2.8100131234777104,2.5209266987845087,0.0349934554844229,0.0,0.0,0.0,0.0,0.0,0.0,0.0,0.0,0.0,8212400.0,11731000.0,8533500.0,0.0,0.0,0.0,0.0,0.0,0.0,0.0,0.0,0.0,0.0,0.0,0.0,0.0,0.0,0.0,0.0,0.0,0.0,0.0,0.0,0.0,0.0,0.0,0.0,97.57548522949219,1.843604903341649,95.81783185686383,2.282294961699025,95.44029671805245,2.830315897890501,0.003145965216506008
2022-10-24,99.77045998503209,100.8158414858667,97.8164753140246,99.3796615600586,8221500,0.0,0.0,97.66406555175782,95.42822341918945,50.614543218222316,-1.434854236933404,-2.5349813461688493,2.6831850711266796,-0.0031360991576406816,0.0,0.0,0.0,0.0,0.0,0.0,0.0,0.0,0.0,10193400.0,8212400.0,11731000.0,0.0,0.0,0.0,0.0,0.0,0.0,0.0,0.0,0.0,0.0,0.0,0.0,0.0,0.0,0.0,0.0,0.0,0.0,0.0,0.0,0.0,0.0,0.0,0.0,98.4645487467448,1.8623526722830284,96.52684674944196,2.5317111279530495,95.45983559744698,2.858374410414823,-0.025297213505994676
2022-10-25,99.80955806537172,102.32042850951291,99.68254426902563,101.95893859863281,7687500,0.0,0.0,98.8130111694336,95.84393424987793,57.18322597723463,-0.9026781391542045,-2.2085207047659203,3.0157761843360507,0.02595377160763901,0.0,0.0,0.0,0.0,0.0,0.0,0.0,0.0,0.0,8221500.0,10193400.0,8212400.0,0.0,0.0,0.0,0.0,0.0,0.0,0.0,0.0,0.0,0.0,0.0,0.0,0.0,0.0,0.0,0.0,0.0,0.0,0.0,0.0,0.0,0.0,0.0,0.0,100.34363555908203,1.407600671250529,97.90999058314732,2.4668334568450425,95.70827157156808,3.2635725129181186,-0.0025803567330309196
2022-10-26,101.14801953253142,104.95829129113002,101.14801953253142,102.22270965576172,9203700,0.0,0.0,99.91505889892578,96.09941711425782,59.448318432144134,-0.45440255782799,-1.8576970753783344,3.329105292218555,0.0025870321989840406,0.0,0.0,0.0,0.0,0.0,0.0,0.0,0.0,0.0,7687500.0,8221500.0,10193400.0,0.0,0.0,0.0,0.0,0.0,0.0,0.0,0.0,0.0,0.0,0.0,0.0,0.0,0.0,0.0,0.0,0.0,0.0,0.0,0.0,0.0,0.0,0.0,0.0,101.18710327148438,1.570836703096866,98.92885371616909,2.5786299222216806,96.02858516148159,3.672582096783222,0.0018191735508765738
2022-10-27,103.37556127608504,104.41117826684406,101.91007270702748,102.0370864868164,8673500,0.0,0.0,101.05814056396484,96.44087638854981,66.85181844376339,-0.11281866504863558,-1.5087213933123946,3.574066876855349,-0.001815870167895195,0.0,0.0,0.0,0.0,0.0,0.0,0.0,0.0,0.0,9203700.0,7687500.0,8221500.0,0.0,0.0,0.0,0.0,0.0,0.0,0.0,0.0,0.0,0.0,0.0,0.0,0.0,0.0,0.0,0.0,0.0,0.0,0.0,0.0,0.0,0.0,0.0,0.0,102.07291158040364,0.1354856842726,99.7606931413923,2.494798558009479,96.53662054879325,3.986632048701908,-0.014251999436892482
2022-10-28,101.68537329760535,103.64912270342795,101.14802448276195,103.51234436035156,7250900,0.0,0.0,101.82214813232422,97.00850830078124,75.55657571882361,0.2737741145340067,-1.1522222917431144,3.7552647070484415,0.01445805563769964,0.0,0.0,0.0,0.0,0.0,0.0,0.0,0.0,0.0,8673500.0,9203700.0,7687500.0,0.0,0.0,0.0,0.0,0.0,0.0,0.0,0.0,0.0,0.0,0.0,0.0,0.0,0.0,0.0,0.0,0.0,0.0,0.0,0.0,0.0,0.0,0.0,0.0,102.59071350097656,0.8035338019814349,100.7321036202567,2.4331693850200855,97.28960200718471,4.2482446092516675,-0.00553788120667964
2022-10-31,103.22902496944643,104.44049351009184,102.40834744239832,104.08877563476562,8814800,0.0,0.0,102.76397094726562,97.46818351745605,84.21584800811442,0.6195233840801109,-0.7978731565784694,4.035217571830298,0.005568720117161696,0.0,0.0,0.0,0.0,0.0,0.0,0.0,0.0,0.0,7250900.0,8673500.0,9203700.0,0.0,0.0,0.0,0.0,0.0,0.0,0.0,0.0,0.0,0.0,0.0,0.0,0.0,0.0,0.0,0.0,0.0,0.0,0.0,0.0,0.0,0.0,0.0,0.0,103.21273549397786,1.0581498922934498,101.84168897356305,1.7663057601529462,98.22751453944615,4.191957784627994,0.00509438172596921
2022-11-01,105.22207948760425,106.3358502377655,103.20947750991998,103.56119537353516,7955800,0.0,0.0,103.0844223022461,97.69093742370606,81.68087584000365,0.8412632936937996,-0.4700458665240156,4.247762362666742,-0.005068560543758149,0.0,0.0,0.0,0.0,0.0,0.0,0.0,0.0,0.0,8814800.0,7250900.0,8673500.0,0.0,0.0,0.0,0.0,0.0,0.0,0.0,0.0,0.0,0.0,0.0,0.0,0.0,0.0,0.0,0.0,0.0,0.0,0.0,0.0,0.0,0.0,0.0,0.0,103.72077178955078,0.31963530459282063,102.39438738141742,1.576787072997443,99.10610961914062,3.89822006307207,0.04105279530210759
2022-11-02,103.02385113502054,103.63936115056913,99.44806263486292,99.47737121582031,9583200,0.0,0.0,102.53535461425781,97.74076423645019,62.43993646233218,0.6796289505398789,-0.24011090311123673,4.263331845381236,-0.039433922551636136,0.0,0.0,0.0,0.0,0.0,0.0,0.0,0.0,0.0,7955800.0,8814800.0,7250900.0,0.0,0.0,0.0,0.0,0.0,0.0,0.0,0.0,0.0,0.0,0.0,0.0,0.0,0.0,0.0,0.0,0.0,0.0,0.0,0.0,0.0,0.0,0.0,0.0,102.3757807413737,2.5239192868184515,102.40834590366909,1.5457787946217758,99.46759632655552,3.6570908253033094,0.02589413949808317
2022-11-03,97.89464686422254,98.38314312093794,96.29237973850492,96.96650695800781,8978400,0.0,0.0,101.5212387084961,97.70217361450196,61.3207852971533,0.34495043376428214,-0.12309863573613296,4.266846818553038,-0.025240556994264307,0.0,0.0,0.0,0.0,0.0,0.0,0.0,0.0,0.0,9583200.0,7955800.0,8814800.0,0.0,0.0,0.0,0.0,0.0,0.0,0.0,0.0,0.0,0.0,0.0,0.0,0.0,0.0,0.0,0.0,0.0,0.0,0.0,0.0,0.0,0.0,0.0,0.0,100.00169118245442,3.328462467120703,101.6951413835798,2.5880369608314813,99.80256598336356,3.123668931591679,-0.0033137934249701795
2022-11-04,98.82278001001984,98.83255202082975,95.8527223019282,97.28890228271484,11035800,0.0,0.0,100.27655029296875,97.82038917541504,56.03218089906036,0.10452500710744062,-0.07757390716741824,4.21831834591033,0.0033248111623391807,0.0,0.0,0.0,0.0,0.0,0.0,0.0,0.0,0.0,8978400.0,9583200.0,7955800.0,0.0,0.0,0.0,0.0,0.0,0.0,0.0,0.0,0.0,0.0,0.0,0.0,0.0,0.0,0.0,0.0,0.0,0.0,0.0,0.0,0.0,0.0,0.0,0.0,97.91092681884766,1.3661243438844421,100.99031175885882,3.0508668985707104,99.95958273751395,2.917010575498565,-0.00846353751561535
2022-11-07,98.55898255168475,99.22333762739517,96.7124676633158,98.11933898925781,11355200,0.0,0.0,99.0826629638672,98.07782592773438,55.31333955505737,-0.018787997382176513,-0.06581672521036991,4.0609401571682495,0.008535780413368999,0.0,0.0,0.0,0.0,0.0,0.0,0.0,0.0,0.0,11035800.0,8978400.0,9583200.0,0.0,0.0,0.0,0.0,0.0,0.0,0.0,0.0,0.0,0.0,0.0,0.0,0.0,0.0,0.0,0.0,0.0,0.0,0.0,0.0,0.0,0.0,0.0,0.0,97.45824940999348,0.5947808505721568,100.43063354492188,3.1833107081406316,100.09566334315709,2.7695569204564787,0.005305237801584095
2022-11-08,98.42220962777407,99.62391352698093,95.79410521145802,97.6015396118164,27130300,0.0,0.0,97.89073181152344,98.41000289916992,52.476883104516595,-0.15649257519835658,-0.08395189520796725,3.7039208489876505,-0.005277240784287152,0.0,0.0,0.0,0.0,0.0,0.0,0.0,0.0,0.0,11355200.0,11035800.0,8978400.0,0.0,0.0,0.0,0.0,0.0,0.0,0.0,0.0,0.0,0.0,0.0,0.0,0.0,0.0,0.0,0.0,0.0,0.0,0.0,0.0,0.0,0.0,0.0,0.0,97.66992696126302,0.4194209139598613,99.58623286655971,3.008780090015581,100.1591682434082,2.695209347699557,0.1515850191306276
2022-11-09,88.466663398117,89.00400473727639,84.2949017421356,84.75408935546875,62029800,0.0,0.0,94.94607543945312,98.08466415405273,30.976853593287615,-1.287465212737942,-0.3246545587139622,4.553300993865204,-0.13163163519187193,0.0,0.0,0.0,0.6249,0.6249,1.0,3.0,1.0,0.0,27130300.0,11355200.0,11035800.0,0.0,0.0,0.0,0.0,0.0,0.0,0.0,0.0,0.0,0.0,0.0,0.0,0.0,0.0,0.0,0.0,0.0,0.0,0.0,0.0,0.0,0.0,0.0,0.0,93.49165598551433,7.571382437156663,96.82413482666016,5.782615274256674,99.33291190011161,4.86325568659161,-0.041012598695594815
2022-11-10,87.68506707094755,88.41781136401953,85.59430395102432,88.37873077392578,36968100,0.0,0.0,93.22852020263672,97.78277282714843,31.54873637674649,-1.8697377334092664,-0.633671193653023,4.988649307670865,0.04276656673467216,0.0,0.0,0.0,0.0,0.0,0.0,0.0,0.0,0.0,62029800.0,27130300.0,11355200.0,0.0,0.0,0.0,0.0,0.0,0.0,0.0,0.0,0.0,0.6249,0.0,0.0,0.6249,0.0,0.0,1.0,0.0,0.0,3.0,0.0,0.0,1.0,0.0,0.0,90.24478658040364,6.6238861499122565,94.65521131243024,5.68094911066841,98.52479934692383,5.671715270492594,-0.04788982327488245
2022-11-11,89.47297399491696,93.38094395368482,89.0040143201659,92.82405853271484,22373300,0.0,0.0,92.33555145263672,97.81012916564941,40.578506887153836,-1.9500135596340016,-0.8969396668492188,4.958275435679826,0.05029861506113131,0.0,0.0,0.0,0.0,0.0,0.0,0.0,0.0,0.0,36968100.0,62029800.0,27130300.0,0.0,0.0,0.0,0.0,0.0,0.0,0.0,0.0,0.0,0.0,0.6249,0.0,0.0,0.6249,0.0,0.0,1.0,0.0,0.0,3.0,0.0,0.0,1.0,0.0,88.6522928873698,4.041933671259297,93.70473807198661,5.282284788031677,98.05654198782784,5.863095470761858,0.007742964907344385
2022-11-14,93.64472532947934,94.39701369405974,92.04245829944276,92.11084747314453,20598000,0.0,0.0,91.13385314941407,97.66113815307617,35.044485047485864,-2.0475796782699973,-1.1270676691333745,5.08738266627876,-0.007683472052872453,0.0,0.0,0.0,0.0,0.0,0.0,0.0,0.0,0.0,22373300.0,36968100.0,62029800.0,0.0,0.0,0.0,0.0,0.0,0.0,0.0,0.0,0.0,0.0,0.0,0.6249,0.0,0.0,0.6249,0.0,0.0,1.0,0.0,0.0,3.0,0.0,0.0,1.0,91.10454559326172,2.3874080769439256,93.01107243129185,5.098175201627256,97.35310690743583,5.949024753118658,-0.012878126537887002
2022-11-15,93.79126229452018,94.94411352504471,91.54417698717003,93.31253814697266,15801900,0.0,0.0,90.27605285644532,97.51605453491212,36.84361362013144,-2.0048247638672336,-1.3026190880801465,5.171498422549697,0.013046136332406366,0.0,0.0,0.0,0.0,0.0,0.0,0.0,0.0,0.0,20598000.0,22373300.0,36968100.0,0.0,0.0,0.0,0.0,0.0,0.0,0.0,0.0,0.0,0.0,0.0,0.0,0.0,0.0,0.0,0.0,0.0,0.0,0.0,0.0,0.0,0.0,0.0,0.0,92.74914805094402,0.6043374918875295,92.44302041190011,4.751852515629781,96.71666608537946,5.863997125705413,0.016604586209851613
2022-11-16,93.02921373188323,93.02921373188323,91.56372519156714,91.7884292602539,11137700,0.0,0.0,91.68292083740235,97.26985244750976,35.44266979462785,-2.0700616536447143,-1.4561076011930603,5.326651748766374,-0.01633337723938222,0.0,0.0,0.0,0.0,0.0,0.0,0.0,0.0,0.0,15801900.0,20598000.0,22373300.0,0.0,0.0,0.0,0.0,0.0,0.0,0.0,0.0,0.0,0.0,0.0,0.0,0.0,0.0,0.0,0.0,0.0,0.0,0.0,0.0,0.0,0.0,0.0,0.0,92.40393829345703,0.8032145705585404,91.53860473632812,4.040683460472108,95.984619140625,5.787932781755907,0.027337356302993943
2022-11-17,90.00053780388401,90.14708069303296,88.75975334744894,89.345947265625,12306400,0.0,0.0,91.8763641357422,96.92106590270996,30.415973019699436,-2.2924245992966945,-1.6233710008137874,5.6127081181832885,-0.02660991166657367,0.0,0.0,0.0,0.0,0.0,0.0,0.0,0.0,0.0,11137700.0,15801900.0,20598000.0,0.0,0.0,0.0,0.0,0.0,0.0,0.0,0.0,0.0,0.0,0.0,0.0,0.0,0.0,0.0,0.0,0.0,0.0,0.0,0.0,0.0,0.0,0.0,0.0,91.48230489095052,2.000936006500162,90.35923440115792,3.0625398972491826,94.97273363385882,5.606127841626591,-0.0038127448147359244
2022-11-18,90.72351390577884,91.01661460423922,88.81838172736751,89.68790435791016,10011700,0.0,0.0,91.24913330078125,96.42084579467773,29.961924970556765,-2.4132374570548762,-1.7813442920620053,5.795560025758175,0.003827337475851289,0.0,0.0,0.0,0.0,0.0,0.0,0.0,0.0,0.0,12306400.0,11137700.0,15801900.0,0.0,0.0,0.0,0.0,0.0,0.0,0.0,0.0,0.0,0.0,0.0,0.0,0.0,0.0,0.0,0.0,0.0,0.0,0.0,0.0,0.0,0.0,0.0,0.0,90.27409362792969,1.3225516884932296,91.06406511579242,1.9074604593178628,93.94409997122628,5.103442877446077,-0.05923354679274695
2022-11-21,97.81649227690549,98.56877322600205,94.10391777662987,95.33493041992188,70273500,0.0,0.0,91.89394989013672,96.2186092376709,39.980973538574304,-2.029915110385218,-1.831058455726648,5.757322263175276,0.06296307291869141,0.0,0.0,0.0,0.6873,0.6343409001956947,2.0,4088.0,1.0,0.0,10011700.0,12306400.0,11137700.0,0.0,0.0,0.0,0.0,0.0,0.0,0.0,0.0,0.0,0.0,0.0,0.0,0.0,0.0,0.0,0.0,0.0,0.0,0.0,0.0,0.0,0.0,0.0,0.0,91.45626068115234,3.363375219935486,92.05780792236328,2.079544380479233,93.35650961739677,4.325229127489985,0.014239748343831238
2022-11-22,94.76826964838727,95.42285281476393,92.50164741474524,93.99644470214844,25753700,0.0,0.0,92.03073120117188,95.82048454284669,42.84621466653655,-1.8132321882255553,-1.8274932022264296,5.61297839033531,-0.014039824772282383,0.0,0.0,0.0,0.0,0.0,0.0,0.0,0.0,0.0,70273500.0,10011700.0,12306400.0,0.0,0.0,0.0,0.0,0.0,0.0,0.0,0.0,0.0,0.6873,0.0,0.0,0.6343409001956947,0.0,0.0,2.0,0.0,0.0,4088.0,0.0,0.0,1.0,0.0,0.0,93.00642649332683,2.950818170712799,92.2252916608538,2.19551990538904,92.9650148664202,3.9613294904400855,-0.027002391051421326
2022-11-23,93.79127540749325,97.05442661985906,93.5763358754,96.60501098632812,15503200,0.0,0.0,92.99404754638672,95.539599609375,49.52937049156359,-1.4147119936277193,-1.7449369605066878,5.412724142552797,0.02775175478653047,0.0,0.0,0.0,0.0,0.0,0.0,0.0,0.0,0.0,25753700.0,70273500.0,10011700.0,0.0,0.0,0.0,0.0,0.0,0.0,0.0,0.0,0.0,0.0,0.6873,0.0,0.0,0.6343409001956947,0.0,0.0,2.0,0.0,0.0,4088.0,0.0,0.0,1.0,0.0,95.31212870279948,1.3044326174500938,92.86731501988002,2.7448537263044117,92.93919372558594,3.9343263118872187,0.0001010984025504591
2022-11-25,96.53662074622078,97.51361318758761,95.82342043818504,96.59524536132812,6664300,0.0,0.0,94.44390716552735,95.26750755310059,49.08952057904405,-1.0871380221493325,-1.6133771728352166,5.2015708189851715,-0.00010108818269671804,0.0,0.0,0.0,0.0,0.0,0.0,0.0,0.0,0.0,15503200.0,25753700.0,70273500.0,0.0,0.0,0.0,0.0,0.0,0.0,0.0,0.0,0.0,0.0,0.0,0.6873,0.0,0.0,0.6343409001956947,0.0,0.0,2.0,0.0,0.0,4088.0,0.0,0.0,1.0,95.73223368326823,1.5032452834087724,93.33627319335938,3.0920629707721923,92.88964680262974,3.8793178061505396,0.03323229457063337
2022-11-28,95.95042867097455,96.84925994589277,93.23439082284372,93.48841094970703,13660000,0.0,0.0,95.20400848388672,94.76631088256836,44.264301471984815,-1.065941353432052,-1.503890008954584,4.835364947900952,-0.032163429990777925,0.0,0.0,0.0,0.0,0.0,0.0,0.0,0.0,0.0,6664300.0,15503200.0,25753700.0,0.0,0.0,0.0,0.0,0.0,0.0,0.0,0.0,0.0,0.0,0.0,0.0,0.0,0.0,0.0,0.0,0.0,0.0,0.0,0.0,0.0,0.0,0.0,0.0,95.5628890991211,1.7965574124294903,93.57912772042411,3.0160569539761624,92.55886622837612,3.585391336169338,0.010560914028974189
2022-11-29,93.7912635095633,94.21137050885427,91.7591176779297,92.51140594482422,13205300,0.0,0.0,94.6393035888672,94.18744239807128,43.76645339233259,-1.1151245181777512,-1.4261369107992174,4.326836708775972,-0.01045054670368073,0.0,0.0,0.0,0.0,0.0,0.0,0.0,0.0,0.0,13660000.0,6664300.0,15503200.0,0.0,0.0,0.0,0.0,0.0,0.0,0.0,0.0,0.0,0.0,0.0,0.0,0.0,0.0,0.0,0.0,0.0,0.0,0.0,0.0,0.0,0.0,0.0,0.0,94.19835408528645,2.1324752136344136,94.03133610316685,2.461989824478213,92.19528525216239,3.2797563851131177,-0.03249214565692227
2022-11-30,92.76542453932676,95.68663715505205,91.71027842203276,95.61824798583984,15368100,0.0,0.0,94.96366424560547,93.79029502868653,67.47326651711181,-0.8931111138584242,-1.319531751411059,3.74681788714103,0.03358334044635125,0.0,0.0,0.0,0.0,0.0,0.0,0.0,0.0,0.0,13205300.0,13660000.0,6664300.0,0.0,0.0,0.0,0.0,0.0,0.0,0.0,0.0,0.0,0.0,0.0,0.0,0.0,0.0,0.0,0.0,0.0,0.0,0.0,0.0,0.0,0.0,0.0,0.0,93.87268829345703,1.5886688373117055,94.87852805001395,1.5809867176889543,92.97129658290318,2.59812051300118,-0.007302926913305474
2022-12-01,95.61824988738955,96.56592626421637,94.35792878353465,96.3216781616211,13855700,0.0,0.0,94.90699768066406,93.63251037597657,64.0998735058385,-0.6528769954392857,-1.1862008002167044,3.556324139979546,0.007356652005226172,0.0,0.0,0.0,0.0,0.0,0.0,0.0,0.0,0.0,15368100.0,13205300.0,13660000.0,0.0,0.0,0.0,0.0,0.0,0.0,0.0,0.0,0.0,0.0,0.0,0.0,0.0,0.0,0.0,0.0,0.0,0.0,0.0,0.0,0.0,0.0,0.0,0.0,94.81711069742839,2.0275377450706342,95.01949201311383,1.6699499622332916,93.53864996773856,2.375838807797051,-0.008448206707751038
2022-12-02,95.21768060751228,97.39637698950325,94.77803699890788,97.1423568725586,12608100,0.0,0.0,95.01641998291015,93.6413028717041,58.79774184122011,-0.3917519400168459,-1.0273110281767328,3.565207083705508,0.008520187008790092,0.0,0.0,0.0,0.0,0.0,0.0,0.0,0.0,0.0,13855700.0,15368100.0,13205300.0,0.0,0.0,0.0,0.0,0.0,0.0,0.0,0.0,0.0,0.0,0.0,0.0,0.0,0.0,0.0,0.0,0.0,0.0,0.0,0.0,0.0,0.0,0.0,0.0,96.36076100667317,0.7628057263988688,95.46890803745815,1.7691101025001241,93.84709984915597,2.549872009672318,0.036485001967935915
2022-12-05,95.9797274714426,96.87856610862636,93.46885740146382,93.7228775024414,10764500,0.0,0.0,95.06331329345703,93.46300163269044,52.95803215235296,-0.4554813541537186,-0.9129450933721299,3.460827219070088,-0.035200704205717526,0.0,0.0,0.0,0.0,0.0,0.0,0.0,0.0,0.0,12608100.0,13855700.0,15368100.0,0.0,0.0,0.0,0.0,0.0,0.0,0.0,0.0,0.0,0.0,0.0,0.0,0.0,0.0,0.0,0.0,0.0,0.0,0.0,0.0,0.0,0.0,0.0,0.0,95.72897084554036,1.7851292005247368,95.05717468261719,1.795815764444637,93.9622448512486,2.5013727943387507,0.03944097295055249
2022-12-06,93.52747417304994,93.79125880875135,89.8637531258331,90.16661834716797,11492400,0.0,0.0,94.59435577392578,93.06536560058593,44.68647055215388,-0.7839113251471161,-0.8871383397271273,3.3528585814057723,-0.03794440855895398,0.0,0.0,0.0,0.0,0.0,0.0,0.0,0.0,0.0,10764500.0,12608100.0,13855700.0,0.0,0.0,0.0,0.0,0.0,0.0,0.0,0.0,0.0,0.0,0.0,0.0,0.0,0.0,0.0,0.0,0.0,0.0,0.0,0.0,0.0,0.0,0.0,0.0,93.67728424072266,3.4880927528938312,94.13879939488002,2.4151505554372896,93.73753629411969,2.6978196722139196,0.0015190170768875078
2022-12-07,90.52812971827818,90.65513606141793,89.16033871103068,90.02986145019531,10353400,0.0,0.0,93.47667846679687,92.68678169250488,46.883692406532674,-1.043204173687954,-0.9183515065192926,3.2392530648847164,-0.0015167131636910636,0.0,0.0,0.0,0.0,0.0,0.0,0.0,0.0,0.0,11492400.0,10764500.0,12608100.0,0.0,0.0,0.0,0.0,0.0,0.0,0.0,0.0,0.0,0.0,0.0,0.0,0.0,0.0,0.0,0.0,0.0,0.0,0.0,0.0,0.0,0.0,0.0,0.0,91.30645243326823,2.0938023303105657,93.64472089494977,2.8795047082086835,93.61192430768695,2.8331002332604442,-0.004321858244635823
2022-12-08,90.3717940675215,91.28039726819262,89.5608886129081,90.42064666748047,9351200,0.0,0.0,92.29647216796874,92.97010955810546,52.05378510394532,-1.2032917251694073,-0.9753395502493156,2.714141471296239,0.0043406177793725575,0.0,0.0,0.0,0.0,0.0,0.0,0.0,0.0,0.0,10353400.0,11492400.0,10764500.0,0.0,0.0,0.0,0.0,0.0,0.0,0.0,0.0,0.0,0.0,0.0,0.0,0.0,0.0,0.0,0.0,0.0,0.0,0.0,0.0,0.0,0.0,0.0,0.0,90.20570882161458,0.1983036066404727,93.34604099818638,3.1154204711005753,93.68868855067662,2.7209604424168043,-0.00888834921781001
2022-12-09,90.24478757130547,92.72634907652225,89.78559996646179,91.2315444946289,10111900,0.0,0.0,91.11430969238282,93.11275024414063,52.898004363449694,-1.250316712624013,-1.0303349827242552,2.528777909873997,0.008968060471083561,0.0,0.0,0.0,0.0,0.0,0.0,0.0,0.0,0.0,9351200.0,10353400.0,11492400.0,0.0,0.0,0.0,0.0,0.0,0.0,0.0,0.0,0.0,0.0,0.0,0.0,0.0,0.0,0.0,0.0,0.0,0.0,0.0,0.0,0.0,0.0,0.0,0.0,90.56068420410156,0.6129587413253011,92.71936907087054,3.021981006115302,93.79894856044224,2.5736567139756037,-0.013522151057589249
2022-12-12,91.57349823701226,92.48210144042969,90.47926409782197,92.48210144042969,14140700,0.0,0.0,90.86615447998047,93.09565238952636,43.58521108832134,-1.1731514995672967,-1.0588982860928635,2.5319865812876645,0.013707506024677851,0.0,0.0,0.0,0.0,0.0,0.0,0.0,0.0,0.0,10111900.0,9351200.0,10353400.0,0.0,0.0,0.0,0.0,0.0,0.0,0.0,0.0,0.0,0.0,0.0,0.0,0.0,0.0,0.0,0.0,0.0,0.0,0.0,0.0,0.0,0.0,0.0,0.0,91.37809753417969,1.0385120559146535,92.17085811070034,2.5744847522398366,93.59517506190709,2.555563020625563,-0.00042236555053976055
2022-12-13,94.26999652560986,95.14929119444625,91.41718044792788,92.52117919921875,22882100,0.0,0.0,91.33706665039062,93.11616897583008,46.47688290335488,-1.0962078618608757,-1.0663602012464661,2.5252402181238796,0.0004225440185767759,0.0,0.0,0.0,0.0,0.0,0.0,0.0,0.0,0.0,14140700.0,10111900.0,9351200.0,0.0,0.0,0.0,0.0,0.0,0.0,0.0,0.0,0.0,0.0,0.0,0.0,0.0,0.0,0.0,0.0,0.0,0.0,0.0,0.0,0.0,0.0,0.0,0.0,92.07827504475911,0.7335504319410978,91.51068987165179,1.4215015908101818,93.48979895455497,2.5681289602465083,0.005841659266789145
2022-12-14,92.36486740275082,93.27347068221165,90.48904368188356,91.98384094238281,11505400,0.0,0.0,91.72786254882813,93.04973411560059,37.75246020043951,-1.0662965780281155,-1.066347476602796,2.5372515085615275,-0.005807732472571825,0.0,0.0,0.0,0.0,0.0,0.0,0.0,0.0,0.0,22882100.0,14140700.0,10111900.0,0.0,0.0,0.0,0.0,0.0,0.0,0.0,0.0,0.0,0.0,0.0,0.0,0.0,0.0,0.0,0.0,0.0,0.0,0.0,0.0,0.0,0.0,0.0,0.0,92.32904052734375,0.2995894405699622,91.2622560773577,1.0818243085130876,93.15971537998745,2.430205971623245,0.04044652406117155
2022-12-15,90.34249119890318,90.97753776920473,88.04656047906894,88.40804290771484,15957700,0.0,0.0,91.325341796875,92.88071479797364,31.75085275594327,-1.3159591296081032,-1.1162698072038575,2.730898405025806,-0.03887419788121038,0.0,0.0,0.0,0.0,0.0,0.0,0.0,0.0,0.0,11505400.0,22882100.0,14140700.0,0.0,0.0,0.0,0.0,0.0,0.0,0.0,0.0,0.0,0.0,0.0,0.0,0.0,0.0,0.0,0.0,0.0,0.0,0.0,0.0,0.0,0.0,0.0,0.0,90.9710210164388,2.235805378362273,91.01103101457868,1.5014645940829419,92.57491520472935,2.523190310210061,0.0045515007998047086
2022-12-16,88.1149465664924,88.98446920248558,86.76669228975568,88.00747680664062,26383900,0.0,0.0,90.68052825927734,92.81379127502441,36.10696290829822,-1.5285209985429873,-1.1987200454716835,2.836441504187055,-0.004530878502675972,0.0,0.0,0.0,0.0,0.0,0.0,0.0,0.0,0.0,15957700.0,11505400.0,22882100.0,0.0,0.0,0.0,0.0,0.0,0.0,0.0,0.0,0.0,0.0,0.0,0.0,0.0,0.0,0.0,0.0,0.0,0.0,0.0,0.0,0.0,0.0,0.0,0.0,89.4664535522461,2.1893018874397114,90.7221189226423,1.8708611364640126,92.18341990879604,2.782439722892739,0.05012830149791436
2022-12-19,87.38219975762125,87.40173632527792,83.44492170816916,83.80640411376953,19225300,0.0,0.0,88.94538879394531,92.51971626281738,31.034473587802296,-2.0127673386094074,-1.3615295040992283,3.422025100071622,-0.047735406641655986,0.0,0.0,0.0,0.0,0.0,0.0,0.0,0.0,0.0,26383900.0,15957700.0,11505400.0,0.0,0.0,0.0,0.0,0.0,0.0,0.0,0.0,0.0,0.0,0.0,0.0,0.0,0.0,0.0,0.0,0.0,0.0,0.0,0.0,0.0,0.0,0.0,0.0,86.74064127604167,2.5490045299443267,89.77722712925502,3.227155885093026,91.5616340637207,3.5658615575643964,-0.014249698298482438
2022-12-20,84.09951542771928,85.81901684537553,83.78687812870349,85.01788330078125,14918400,0.0,0.0,87.44472961425781,92.00386390686035,24.8259810342972,-2.27258288541141,-1.5437401803616648,3.7383141000490325,0.014455687483823976,0.0,0.0,0.0,0.0,0.0,0.0,0.0,0.0,0.0,19225300.0,26383900.0,15957700.0,0.0,0.0,0.0,0.0,0.0,0.0,0.0,0.0,0.0,0.0,0.0,0.0,0.0,0.0,0.0,0.0,0.0,0.0,0.0,0.0,0.0,0.0,0.0,0.0,85.61058807373047,2.1623429777915697,88.88956124441964,3.5941589247194328,90.80446515764508,3.758457983945215,0.0011506059345822717
2022-12-21,85.18396575483658,86.07302492122336,84.49030207776158,84.92017364501953,11004800,0.0,0.0,86.03199615478516,91.5500503540039,22.121355709605936,-2.4580381964946696,-1.7265997835882658,4.023707432774328,-0.0011492835620952047,0.0,0.0,0.0,0.0,0.0,0.0,0.0,0.0,0.0,14918400.0,19225300.0,26383900.0,0.0,0.0,0.0,0.0,0.0,0.0,0.0,0.0,0.0,0.0,0.0,0.0,0.0,0.0,0.0,0.0,0.0,0.0,0.0,0.0,0.0,0.0,0.0,0.0,84.58148701985677,0.6730170337286256,87.80928584507534,3.468635623751924,89.99007197788784,3.7058999029519413,0.002884496780372059
2022-12-22,84.05065169325131,84.73455081882916,82.74148550628884,84.6759262084961,15487400,0.0,0.0,85.2855728149414,90.9535961151123,18.633214392939436,-2.5948102363367695,-1.9002418741379667,4.117996518354216,-0.002876200389608674,0.0,0.0,0.0,0.0,0.0,1.0,5597.0,0.0,0.0,11004800.0,14918400.0,19225300.0,0.0,0.0,0.0,0.0,0.0,0.0,0.0,0.0,0.0,0.0,0.0,0.0,0.0,0.0,0.0,0.0,0.0,0.0,0.0,0.0,0.0,0.0,0.0,0.0,84.87132771809895,0.17613377493742738,86.68853541782924,2.915819825603133,89.09961264474052,3.3342296963819327,-0.015225586609121544
2022-12-23,84.07996021590883,86.04371694891461,83.79663153671018,85.98509979248047,11171600,0.0,0.0,84.88109741210937,90.42308883666992,28.21782390862107,-2.5679618308087555,-2.0337858654721246,4.035559057464817,0.015460989239855616,0.0,0.0,0.0,0.0,0.0,0.0,0.0,0.0,0.0,15487400.0,11004800.0,14918400.0,0.0,0.0,0.0,0.0,0.0,0.0,0.0,0.0,0.0,0.0,0.0,0.0,0.0,0.0,0.0,1.0,0.0,0.0,5597.0,0.0,0.0,0.0,0.0,0.0,85.19373321533203,0.6961393518060329,85.83157239641461,1.7476600199704633,88.54691423688617,3.1448504260491057,0.018988037044809225
2022-12-27,85.40867292513022,85.9167131419746,83.9822649305232,84.3828353881836,11561400,0.0,0.0,84.99638366699219,89.96781005859376,31.70583266970729,-2.645478196839747,-2.1561243317456493,4.182494143635649,-0.01863420997549381,0.0,0.0,0.0,0.0,0.0,0.0,0.0,0.0,0.0,11171600.0,15487400.0,11004800.0,0.0,0.0,0.0,0.0,0.0,0.0,0.0,0.0,0.0,0.0,0.0,0.0,0.0,0.0,0.0,0.0,1.0,0.0,0.0,5597.0,0.0,0.0,0.0,0.0,85.01462046305339,0.853140172464014,85.2565427507673,1.382745954144882,88.133786882673,3.292155792778662,0.02613767664560429
2022-12-28,84.09950317802556,84.6954691071335,82.1357464697541,82.23344421386719,12399500,0.0,0.0,84.43949584960937,89.4539119720459,28.124970566199295,-2.8475238969879513,-2.2944042447941095,4.4747278546466065,-0.025471900350689025,0.0,0.0,0.0,0.0,0.0,0.0,0.0,0.0,0.0,11561400.0,11171600.0,15487400.0,0.0,0.0,0.0,0.0,0.0,0.0,0.0,0.0,0.0,0.0,0.0,0.0,0.0,0.0,0.0,0.0,0.0,1.0,0.0,0.0,5597.0,0.0,0.0,0.0,84.20045979817708,1.8824652817536451,84.43168095179966,1.1747784127581202,87.57689993722099,3.5924599328054287,-0.03452630394684608
2022-12-29,83.28859878092463,86.2098038534328,83.01504211244361,85.1741943359375,13045100,0.0,0.0,84.49029998779297,88.93170928955078,37.12231444516979,-2.7387816421014435,-2.3832797242555763,4.324371751216157,0.03576099907018615,0.0,0.0,0.0,0.0,0.0,0.0,0.0,0.0,0.0,12399500.0,11561400.0,11171600.0,0.0,0.0,0.0,0.0,0.0,0.0,0.0,0.0,0.0,0.0,0.0,0.0,0.0,0.0,0.0,0.0,0.0,0.0,0.0,0.0,0.0,0.0,0.0,0.0,83.93015797932942,1.5217392836749186,84.62707955496651,1.1671701259245921,87.20215334211078,3.5463415318573004,0.0034530474264833355
2022-12-30,83.75756060444004,85.1155794258542,83.26906441101451,84.88109588623047,23231000,0.0,0.0,84.53133392333984,88.35968017578125,34.00594133222654,-2.645754604863839,-2.435774700377229,4.042895735827016,-0.0034411649208093698,0.0,0.0,0.0,0.0,0.0,0.0,0.0,0.0,0.0,13045100.0,12399500.0,11561400.0,0.0,0.0,0.0,0.0,0.0,0.0,0.0,0.0,0.0,0.0,0.0,0.0,0.0,0.0,0.0,0.0,0.0,0.0,0.0,0.0,0.0,0.0,0.0,0.0,84.09624481201172,1.6198753737991716,84.60753849574498,1.160663630209203,86.74854987008231,3.3941774408909535,-0.02349117111702148
2023-01-03,86.93279142075399,87.900011858506,85.80924861325656,86.92301940917969,14997100,0.0,0.0,84.71891784667969,87.84871330261231,36.53576935187499,-2.3798306381904126,-2.4245858879398656,3.481242624282083,0.02405628133838067,0.0,0.0,0.0,0.0,0.0,0.0,0.0,0.0,0.0,23231000.0,13045100.0,12399500.0,0.0,0.0,0.0,0.0,0.0,0.0,0.0,0.0,0.0,0.0,0.0,0.0,0.0,0.0,0.0,0.0,0.0,0.0,0.0,0.0,0.0,0.0,0.0,0.0,85.65943654378255,1.1040642728569832,84.89365931919643,1.45908051066264,86.35147258213588,2.9705628487271376,-0.032724535565444635
2023-01-04,87.92932118547084,90.61605044391578,87.30404660890525,89.86376953125,14957200,0.0,0.0,85.81510467529297,87.65575790405273,44.35687798833762,-1.9097753196550116,-2.321623774282895,3.2368923108975074,0.033831660957692744,0.0,0.0,0.0,0.0,0.0,0.0,0.0,0.0,0.0,14997100.0,23231000.0,13045100.0,0.0,0.0,0.0,0.0,0.0,0.0,0.0,0.0,0.0,0.0,0.0,0.0,0.0,0.0,0.0,0.0,0.0,0.0,0.0,0.0,0.0,0.0,0.0,0.0,87.22262827555339,2.5048120224480863,85.63477979387555,2.365842574578074,86.1616576058524,2.6088857223826034,0.0006528790948623353
2023-01-05,89.55112498267086,90.35225843481047,88.42758225673033,89.80513763427734,11622600,0.0,0.0,87.329443359375,87.6376838684082,45.277416064395965,-1.5244117277444076,-2.1621813649751975,3.223114254545313,-0.0006524531218586871,0.0,0.0,0.0,0.0,0.0,0.0,0.0,0.0,0.0,14957200.0,14997100.0,23231000.0,0.0,0.0,0.0,0.0,0.0,0.0,0.0,0.0,0.0,0.0,0.0,0.0,0.0,0.0,0.0,0.0,0.0,0.0,0.0,0.0,0.0,0.0,0.0,0.0,88.86397552490234,1.6811729260271382,86.18049948556083,2.850957648125865,86.00603594098773,2.2789973459865753,-0.021294744547541655
2023-01-06,90.52811969412072,92.51141308078238,89.21894599730818,91.75912475585938,9828100,0.0,0.0,88.64642944335938,87.72414703369141,57.81318429155645,-1.049242855691162,-1.9395936631183903,3.3126161412501114,0.021758077244304896,0.0,0.0,0.0,0.0,0.0,0.0,0.0,0.0,0.0,11622600.0,14957200.0,14997100.0,0.0,0.0,0.0,0.0,0.0,0.0,0.0,0.0,0.0,0.0,0.0,0.0,0.0,0.0,0.0,0.0,0.0,0.0,0.0,0.0,0.0,0.0,0.0,0.0,90.47601064046223,1.1115960595847296,87.2342551095145,3.3883234389778734,86.24539893014091,2.689667468933444,-0.008969091703128762
2023-01-09,92.25739524423786,93.49817234769627,91.29993938541004,92.58956909179688,11675800,0.0,0.0,90.18812408447266,87.83259315490723,60.47339032292942,-0.5987560960226403,-1.6714261496992404,3.4386433875683635,0.009050264354057758,0.0,0.0,0.0,0.0,0.0,0.0,0.0,0.0,0.0,9828100.0,11622600.0,14957200.0,0.0,0.0,0.0,0.0,0.0,0.0,0.0,0.0,0.0,0.0,0.0,0.0,0.0,0.0,0.0,0.0,0.0,0.0,0.0,0.0,0.0,0.0,0.0,0.0,91.38461049397786,1.4294965318848087,88.71370152064732,3.0885368923831176,86.57269123622349,3.1585042377829406,-0.008267096726216616
2023-01-10,92.11084763742464,93.43955797502389,91.66143200174561,93.36139678955078,6914600,0.0,0.0,91.47579956054688,87.93908576965332,75.90035537731542,-0.17741689707665387,-1.3726242991747233,3.5795404326550115,0.008336011338260896,0.0,0.0,0.0,0.0,0.0,0.0,0.0,0.0,0.0,11675800.0,9828100.0,11622600.0,0.0,0.0,0.0,0.0,0.0,0.0,0.0,0.0,0.0,0.0,0.0,0.0,0.0,0.0,0.0,0.0,0.0,0.0,0.0,0.0,0.0,0.0,0.0,0.0,92.57003021240234,0.8013146968223666,89.88330187116351,3.0749408166703502,87.255190713065,3.5257605661176976,-0.00799340514081559
2023-01-11,93.71311512083045,94.32862514206404,92.86313644977218,94.11368560791016,8757300,0.0,0.0,92.3257827758789,88.02066497802734,75.28509771900616,0.21472565053736048,-1.0551543092323066,3.7049232743254654,0.00805781451679799,0.0,0.0,0.0,0.0,0.0,0.0,0.0,0.0,0.0,6914600.0,11675800.0,9828100.0,0.0,0.0,0.0,0.0,0.0,0.0,0.0,0.0,0.0,0.0,0.0,0.0,0.0,0.0,0.0,0.0,0.0,0.0,0.0,0.0,0.0,0.0,0.0,0.0,93.35488382975261,0.7620791314925539,91.20224325997489,2.497612302805259,87.90489087785993,3.899967474345096,-0.03486608524968071
2023-01-12,96.2337456284432,98.31473663224733,95.32514245278168,97.51360321044922,19764300,0.0,0.0,93.86747589111329,88.27028617858886,79.57773786246324,0.7907313225111494,-0.6859771828836154,4.1638652719632425,0.03612564507040528,0.0,0.0,0.0,0.9016500000000001,0.0,2.0,0.0,1.0,0.0,8757300.0,6914600.0,11675800.0,0.0,0.0,0.0,0.0,0.0,0.0,0.0,0.0,0.0,0.0,0.0,0.0,0.0,0.0,0.0,0.0,0.0,0.0,0.0,0.0,0.0,0.0,0.0,0.0,94.99622853597005,2.212321417728239,92.71518380301339,2.6747893170177885,88.80442156110492,4.555785344282998,0.0041245829733229655
2023-01-13,97.09350834473082,97.30844787933073,95.75503344013114,97.11305236816406,12230200,0.0,0.0,94.93826141357422,88.52674674987793,78.99772985930535,1.20105386074124,-0.3085709741586443,4.54513210082733,-0.004107640668560952,0.0,0.0,0.0,0.0,0.0,0.0,0.0,0.0,0.0,19764300.0,8757300.0,6914600.0,0.0,0.0,0.0,0.0,0.0,0.0,0.0,0.0,0.0,0.9016500000000001,0.0,0.0,0.0,0.0,0.0,2.0,0.0,0.0,0.0,0.0,0.0,1.0,0.0,0.0,96.24678039550781,1.8581389275216185,93.75079563685826,2.7877777534840344,89.6927877153669,4.8892149080033285,-0.005104536384320624
2023-01-17,98.01187586847625,98.66645897819055,96.72224621706974,97.61131286621094,14914200,0.0,0.0,95.94261016845704,88.98691024780274,78.17234727686777,1.5485916855720774,0.06286155778750002,4.977774457731756,0.005130726363722138,0.0,0.0,0.0,0.34,0.34,1.0,1.0,1.0,0.0,12230200.0,19764300.0,8757300.0,0.0,0.0,0.0,0.0,0.0,0.0,0.0,0.0,0.0,0.0,0.9016500000000001,0.0,0.0,0.0,0.0,0.0,2.0,0.0,0.0,0.0,0.0,0.0,1.0,0.0,97.41265614827473,0.26402388717663444,94.86596352713448,2.492000837921184,90.52323150634766,5.189180058157049,0.008784248025381247
2023-01-18,97.9728058829985,98.80324801023856,96.44869998105855,96.76133728027344,11384500,0.0,0.0,96.62259826660156,89.42460327148437,81.13023787513714,1.7354270664266238,0.3973746595153248,5.263766185450963,-0.008707756928774235,0.0,0.0,0.0,0.0,0.0,1.0,1.0,0.0,0.0,14914200.0,12230200.0,19764300.0,0.0,0.0,0.0,0.0,0.0,0.0,0.0,0.0,0.0,0.34,0.0,0.9016500000000001,0.34,0.0,0.0,1.0,0.0,2.0,1.0,0.0,0.0,1.0,0.0,1.0,97.16190083821614,0.4270881102798413,95.58056531633649,2.145763793721415,91.4074102129255,5.116514417167431,-0.00040361534047250736
2023-01-19,95.86249561341754,97.16188982207657,94.88550322725744,96.80040740966797,10973600,0.0,0.0,97.15994262695312,90.0743034362793,90.98411011173536,1.8651478216754498,0.6909292919473499,5.335253032391712,0.000403778311593328,0.0,0.0,0.0,0.0,0.0,1.0,937.0,0.0,0.0,11384500.0,14914200.0,12230200.0,0.0,0.0,0.0,0.0,0.0,0.0,0.0,0.0,0.0,0.0,0.34,0.0,0.0,0.34,0.0,1.0,1.0,0.0,1.0,1.0,0.0,0.0,1.0,0.0,97.05768585205078,0.4798528648020961,96.18211364746094,1.7143875050766337,92.44790758405414,4.558080203632431,-0.042520298618902275
2023-01-20,98.03141157672817,101.2066368034811,97.01534606356431,101.09917449951172,14549900,0.0,0.0,97.87705688476562,90.87836799621581,91.62415483175204,2.288447237408647,1.0104328810396095,5.730268545725872,0.044408564022370145,0.0,0.0,0.0,0.0,0.0,0.0,0.0,0.0,0.0,10973600.0,11384500.0,14914200.0,0.0,0.0,0.0,0.0,0.0,0.0,0.0,0.0,0.0,0.0,0.0,0.34,0.0,0.0,0.34,1.0,1.0,1.0,937.0,1.0,1.0,0.0,0.0,1.0,98.22030639648438,2.4932494429406886,97.28751046316964,2.053552860061343,93.58540616716657,4.590224640976752,-0.020910243000807682
2023-01-23,100.91354799906155,103.5123439613562,100.55205812011842,103.25833129882812,11479100,0.0,0.0,99.10611267089844,91.79527587890625,93.76459203707654,2.766253336433863,1.3615969721184604,6.17649442669622,0.021356819281712625,0.0,0.0,0.0,0.0,0.0,0.0,0.0,0.0,0.0,14549900.0,10973600.0,11384500.0,0.0,0.0,0.0,0.0,0.0,0.0,0.0,0.0,0.0,0.0,0.0,0.0,0.0,0.0,0.0,0.0,1.0,1.0,0.0,937.0,1.0,0.0,0.0,0.0,100.38597106933594,3.2875050705903663,98.59388841901507,2.5473401091280676,94.89806583949498,4.536938281663423,-0.0029244938088501815
2023-01-24,102.29110226005136,105.94505923718022,99.65322573679799,103.56119537353516,8606700,0.0,0.0,100.29608917236328,92.7395393371582,93.20147053055345,3.133238686798535,1.7159253150544753,6.4675368975811836,0.0029330715584638956,0.0,0.0,0.0,0.8064,0.8064,1.0,58.0,1.0,0.0,11479100.0,14549900.0,10973600.0,0.0,0.0,0.0,0.0,0.0,0.0,0.0,0.0,0.0,0.0,0.0,0.0,0.0,0.0,0.0,0.0,0.0,1.0,0.0,0.0,937.0,0.0,0.0,0.0,102.63956705729167,1.3425865283046214,99.45783015659877,3.0880415788554205,96.08650697980609,4.465805738077441,-0.019607810564797767
2023-01-25,102.54511636160804,105.67149636002384,101.78306351973885,105.63241577148438,10008000,0.0,0.0,102.07030487060547,93.7219051361084,92.87996428239481,3.550281956729208,2.082796643389422,6.867369813067059,0.019999966111616585,0.0,0.0,0.0,0.0,0.0,0.0,0.0,0.0,0.0,8606700.0,11479100.0,14549900.0,0.0,0.0,0.0,0.0,0.0,0.0,0.0,0.0,0.0,0.8064,0.0,0.0,0.8064,0.0,0.0,1.0,0.0,0.0,58.0,0.0,0.0,1.0,0.0,0.0,104.15064748128255,1.2921530912871328,100.67488207135882,3.639483064307978,97.21283885410854,4.754800456895237,-0.014402915307406894
2023-01-26,105.68126635488,107.23468815035359,105.09507240434411,107.17606353759766,9204400,0.0,0.0,104.1454360961914,94.8615665435791,93.70708652952784,3.959706198481882,2.458178554407914,7.1225150307475635,0.014613390736539333,0.0,0.0,0.0,0.0,0.0,0.0,0.0,0.0,0.0,10008000.0,8606700.0,11479100.0,0.0,0.0,0.0,0.0,0.0,0.0,0.0,0.0,0.0,0.0,0.8064,0.0,0.0,0.8064,0.0,0.0,1.0,0.0,0.0,58.0,0.0,0.0,1.0,0.0,105.45655822753906,1.8138391239881613,102.04127502441406,4.06787655744025,98.45361927577427,4.936083467439839,0.0014605811684407222
2023-01-27,106.74619581254831,108.03582553194484,106.6484980595666,107.0197525024414,10249700,0.0,0.0,105.32955169677734,96.10088195800782,92.21636657964108,4.222886063734549,2.811120056273241,6.964224917044849,-0.0014584509824007164,0.0,0.0,0.0,0.0,0.0,0.0,0.0,0.0,0.0,9204400.0,10008000.0,8606700.0,0.0,0.0,0.0,0.0,0.0,0.0,0.0,0.0,0.0,0.0,0.0,0.8064,0.0,0.0,0.8064,0.0,0.0,1.0,0.0,0.0,58.0,0.0,0.0,1.0,106.60941060384114,0.8497043378534187,103.5067629132952,3.6778533202004198,99.54366411481585,5.02816355091738,0.018124369129186135
2023-01-30,105.76920701465325,106.46287077471216,105.00715407976772,105.11461639404297,8548500,0.0,0.0,105.70080871582032,97.09790306091308,82.70419065005456,4.228980387536225,3.094692122525838,6.741396191906889,-0.017801724110275585,0.0,0.0,0.0,0.0,0.0,0.0,0.0,0.0,0.0,10249700.0,9204400.0,10008000.0,0.0,0.0,0.0,0.0,0.0,0.0,0.0,0.0,0.0,0.0,0.0,0.0,0.0,0.0,0.0,0.0,0.0,0.0,0.0,0.0,0.0,0.0,0.0,0.0,106.43681081136067,1.147718102504977,104.6945070539202,2.1944804221369423,100.43831035069057,4.8049826567941025,-0.008295644236132382
2023-01-31,105.10484489969704,106.21861564700485,104.97783111635775,105.99390411376953,8251700,0.0,0.0,106.18735046386719,98.15354347229004,82.8007093552965,4.255704244082267,3.3268945468371243,6.37050338147907,0.008365037612184878,0.0,0.0,0.0,0.0,0.0,0.0,0.0,0.0,0.0,8548500.0,10249700.0,9204400.0,0.0,0.0,0.0,0.0,0.0,0.0,0.0,0.0,0.0,0.0,0.0,0.0,0.0,0.0,0.0,0.0,0.0,0.0,0.0,0.0,0.0,0.0,0.0,0.0,106.04275767008464,0.953507157998561,105.39375414167132,1.5402303427902637,101.34063230242047,4.553320733788075,-0.008227463513211353
2023-02-01,106.00367681162028,107.41054827159053,104.44049044157588,106.87319946289062,9975500,0.0,0.0,106.43550720214844,99.15105247497559,82.91340451518109,4.298286903196853,3.5211730181090704,6.074494559822014,0.008295716215692028,0.0,0.0,0.0,0.0,0.0,0.0,0.0,0.0,0.0,8251700.0,8548500.0,10249700.0,0.0,0.0,0.0,0.0,0.0,0.0,0.0,0.0,0.0,0.0,0.0,0.0,0.0,0.0,0.0,0.0,0.0,0.0,0.0,0.0,0.0,0.0,0.0,0.0,105.99390665690105,0.8792915344266619,105.91016387939453,1.2907253563626344,102.2520261492048,4.263233556153759,-0.03374265205976856
2023-02-02,108.1237544044388,110.91795345302042,107.1663059620879,110.60531616210938,13093200,0.0,0.0,107.12135772705078,100.18812980651856,83.2013051767859,4.580384769925757,3.733015368472408,6.175188653817172,0.034920978486422616,0.0,0.0,0.0,0.0,0.0,0.0,0.0,0.0,0.0,9975500.0,8251700.0,8548500.0,0.0,0.0,0.0,0.0,0.0,0.0,0.0,0.0,0.0,0.0,0.0,0.0,0.0,0.0,0.0,0.0,0.0,0.0,0.0,0.0,0.0,0.0,0.0,0.0,107.82413991292317,2.4483660009330084,106.91646684919085,1.7997274756918908,103.18714850289481,4.568786518490858,0.02258159944778626
2023-02-03,108.90534284112509,110.5369183425279,107.83065270353656,108.16282653808594,12472500,0.0,0.0,107.34997253417968,101.10601425170898,75.39290808791043,4.5543610229117775,3.897284499360282,5.90924862848426,-0.022082931533269012,0.0,0.0,0.0,0.0,0.0,0.0,0.0,0.0,0.0,13093200.0,9975500.0,8251700.0,0.0,0.0,0.0,0.0,0.0,0.0,0.0,0.0,0.0,0.0,0.0,0.0,0.0,0.0,0.0,0.0,0.0,0.0,0.0,0.0,0.0,0.0,0.0,0.0,108.54711405436198,1.895502950544055,107.2779541015625,1.7523331108893516,103.97641808646065,4.389682051465033,0.00764530384478479
2023-02-06,107.6352563484054,107.88927647229961,106.03298932789278,107.3421630859375,11956500,0.0,0.0,107.7954818725586,101.88516616821289,72.03543798180418,4.416604466841562,4.001148492856538,5.632839905256804,-0.007587296656485498,0.0,0.0,0.0,0.0,0.0,0.0,0.0,0.0,0.0,12472500.0,13093200.0,9975500.0,0.0,0.0,0.0,0.0,0.0,0.0,0.0,0.0,0.0,0.0,0.0,0.0,0.0,0.0,0.0,0.0,0.0,0.0,0.0,0.0,0.0,0.0,0.0,0.0,108.70343526204427,1.6974202025272123,107.3016826084682,1.7518479672184502,104.67147881644112,4.062503526606752,-0.015766289166858405
2023-02-07,106.78527410117209,109.54039241744906,106.35539505269209,109.06166076660156,10844000,0.0,0.0,108.409033203125,102.70877075195312,76.79864629459715,4.395511772459557,4.080021148777142,5.401638552929009,0.016018846939831466,0.0,0.0,0.0,0.0,0.0,0.0,0.0,0.0,0.0,11956500.0,12472500.0,13093200.0,0.0,0.0,0.0,0.0,0.0,0.0,0.0,0.0,0.0,0.0,0.0,0.0,0.0,0.0,0.0,0.0,0.0,0.0,0.0,0.0,0.0,0.0,0.0,0.0,108.18888346354167,0.8600449354397439,107.5933837890625,1.8635199347196854,105.55007335117885,3.513134861221733,-0.0013419598622034234
2023-02-08,109.61854884223456,110.72255507046722,107.75249715689263,109.20821380615234,27719900,0.0,0.0,108.87603607177735,103.5011116027832,76.90680209441824,4.340585695714637,4.132134058164641,5.112881367153868,0.0013437631383994564,0.0,0.0,0.0,0.0,0.0,0.0,0.0,0.0,0.0,10844000.0,11956500.0,12472500.0,0.0,0.0,0.0,0.0,0.0,0.0,0.0,0.0,0.0,0.0,0.0,0.0,0.0,0.0,0.0,0.0,0.0,0.0,0.0,0.0,0.0,0.0,0.0,0.0,108.53734588623047,1.037649214781964,108.17818341936383,1.5761605890509358,106.43634523664203,2.5761653482752878,0.01286697939238346
2023-02-09,115.324186832679,115.46096517597834,107.28353588887056,107.82088470458984,46137200,0.0,0.0,108.31914978027343,104.18647155761718,66.6828503476588,4.13741695288995,4.133190637109703,4.689472358969682,-0.012703523418348794,0.0,0.0,0.0,0.0,0.0,0.0,0.0,0.0,0.0,27719900.0,10844000.0,11956500.0,0.0,0.0,0.0,0.0,0.0,0.0,0.0,0.0,0.0,0.0,0.0,0.0,0.0,0.0,0.0,0.0,0.0,0.0,0.0,0.0,0.0,0.0,0.0,0.0,108.69691975911458,0.7621991281270527,108.43918064662388,1.277069734009199,106.9164673941476,2.084382933530996,0.02128457421746055
2023-02-10,106.45308611424359,107.21513895858257,104.7433494928666,105.57379150390625,15566000,0.0,0.0,107.8013427734375,104.58948097229003,55.72184645364372,3.751833814122179,4.056919272512198,4.424697563222241,-0.020840982772866612,0.0,0.0,0.0,0.0,0.0,0.0,0.0,0.0,0.0,46137200.0,27719900.0,10844000.0,0.0,0.0,0.0,0.0,0.0,0.0,0.0,0.0,0.0,0.0,0.0,0.0,0.0,0.0,0.0,0.0,0.0,0.0,0.0,0.0,0.0,0.0,0.0,0.0,107.53429667154948,1.8340817575226946,108.25355093819755,1.5969967534917047,107.08185740879604,1.8505372116861678,0.003715288534540173
2023-02-13,105.6128778777754,105.79850882064282,104.09854411677767,105.1830062866211,12341500,0.0,0.0,107.36951141357422,104.99297866821288,53.99039634775883,3.375809071952361,3.9206972324002307,4.05994621307107,-0.0037015362593157963,0.0,0.0,0.0,0.0,0.0,0.0,0.0,0.0,0.0,15566000.0,46137200.0,27719900.0,0.0,0.0,0.0,0.0,0.0,0.0,0.0,0.0,0.0,0.0,0.0,0.0,0.0,0.0,0.0,0.0,0.0,0.0,0.0,0.0,0.0,0.0,0.0,0.0,106.19256083170573,1.4236422471132038,107.47893524169922,1.581119341483049,107.19770104544503,1.6534588822173721,0.0
2023-02-14,104.36232878739827,105.94505917270338,103.38533637880856,105.1830062866211,10768100,0.0,0.0,106.59378051757812,105.3715633392334,48.768755034821,3.04273203381986,3.7451041926841566,3.6696528964514346,0.0,0.0,0.0,0.0,0.0,0.0,0.0,0.0,0.0,0.0,12341500.0,15566000.0,46137200.0,0.0,0.0,0.0,0.0,0.0,0.0,0.0,0.0,0.0,0.0,0.0,0.0,0.0,0.0,0.0,0.0,0.0,0.0,0.0,0.0,0.0,0.0,0.0,0.0,105.31326802571614,0.22561995039523067,107.0532466343471,1.7575900716870596,107.1656003679548,1.6901409183580374,-0.014463493311649422
2023-02-15,104.62611129747619,106.75595500237462,104.24508486230329,106.72664642333984,8156000,0.0,0.0,106.09746704101562,105.86982879638671,48.768733617882276,2.8702386156044923,3.5701310772682238,3.0659040333356393,0.014675756010551488,0.0,0.0,0.0,0.0,0.0,0.0,0.0,0.0,0.0,10768100.0,12341500.0,15566000.0,0.0,0.0,0.0,0.0,0.0,0.0,0.0,0.0,0.0,0.0,0.0,0.0,0.0,0.0,0.0,0.0,0.0,0.0,0.0,0.0,0.0,0.0,0.0,0.0,105.69755299886067,0.8912210484665635,106.96531568254743,1.7561230583493261,107.13349914550781,1.6941899916076069,0.032221477201898496
2023-02-16,105.0755315097695,105.53471165864565,103.26808967706522,103.39510345458984,9479900,0.0,0.0,105.21231079101562,106.1995635986328,41.54124561919528,2.4366208161838614,3.343429025051351,2.2974922681511036,-0.031215662446050896,0.0,0.0,0.0,0.0,0.0,0.0,0.0,0.0,0.0,8156000.0,10768100.0,12341500.0,0.0,0.0,0.0,0.0,0.0,0.0,0.0,0.0,0.0,0.0,0.0,0.0,0.0,0.0,0.0,0.0,0.0,0.0,0.0,0.0,0.0,0.0,0.0,0.0,105.1015853881836,1.6672632246240595,106.15580749511719,1.9265010285921915,106.87459564208984,1.9677762960244047,0.005797349267917085
2023-02-17,102.61350999000663,103.36579830784761,101.48996724568777,102.79914093017578,9492200,0.0,0.0,104.65738067626953,106.28456192016601,44.24476557243622,2.021582842426014,3.0790597885262843,2.123742411659222,-0.0057639337309218774,0.0,0.0,0.0,0.0,0.0,0.0,0.0,0.0,0.0,9479900.0,8156000.0,10768100.0,0.0,0.0,0.0,0.0,0.0,0.0,0.0,0.0,0.0,0.0,0.0,0.0,0.0,0.0,0.0,0.0,0.0,0.0,0.0,0.0,0.0,0.0,0.0,0.0,104.30696360270183,2.1165872405820476,105.24022565569196,1.7488297366501793,106.7092045375279,2.209537217057262,0.03065927183340178
2023-02-21,101.16756535664823,101.34342428568164,99.48713724674249,99.74114990234375,10648200,0.0,0.0,103.56900939941406,106.1087028503418,35.97720245906828,1.4294303554390808,2.7491339019088437,2.4998420539915625,-0.029747243023257486,0.0,0.0,0.0,0.0,0.0,0.0,0.0,0.0,0.0,9492200.0,9479900.0,8156000.0,0.0,0.0,0.0,0.0,0.0,0.0,0.0,0.0,0.0,0.0,0.0,0.0,0.0,0.0,0.0,0.0,0.0,0.0,0.0,0.0,0.0,0.0,0.0,0.0,101.9784647623698,1.9603510322890327,104.08597782679966,2.3311102271820565,106.26257923671177,2.8918480084058777,0.004032250322542286
2023-02-22,98.99863796487703,100.20033439760785,98.76415443089915,99.34058380126953,9885100,0.0,0.0,102.40052490234375,105.89767227172851,32.73621199812415,0.9172494261705992,2.382757006761195,2.8760532040593505,-0.004016056577114013,0.0,0.0,0.0,0.0,0.0,0.0,0.0,0.0,0.0,10648200.0,9492200.0,9479900.0,0.0,0.0,0.0,0.0,0.0,0.0,0.0,0.0,0.0,0.0,0.0,0.0,0.0,0.0,0.0,0.0,0.0,0.0,0.0,0.0,0.0,0.0,0.0,0.0,100.62695821126302,1.8917971940961447,103.19551958356585,2.8094843265501783,105.7245352608817,3.421700982946525,-0.0004915878525602047
2023-02-23,99.1158783042408,99.70207972096628,97.31821582427385,99.38944244384766,10974800,0.0,0.0,100.9330841064453,105.58552360534668,19.073262577706714,0.5094126419502913,2.0080881337990144,3.2240863030610907,0.0004918296300318037,0.0,0.0,0.0,0.0,0.0,0.0,0.0,0.0,0.0,9885100.0,10648200.0,9492200.0,0.0,0.0,0.0,0.0,0.0,0.0,0.0,0.0,0.0,0.0,0.0,0.0,0.0,0.0,0.0,0.0,0.0,0.0,0.0,0.0,0.0,0.0,0.0,0.0,99.49039204915364,0.21853241736911638,102.36786760602679,2.9749027523035707,104.923401423863,3.5030805329495283,0.014257260870634836
2023-02-24,97.24005177043979,98.11934641570551,96.68316640408158,97.99234008789062,8523000,0.0,0.0,99.85253143310547,105.12633743286133,20.240129945742837,0.07262736504094391,1.6209959800474003,3.615824119032605,-0.014056848711535452,0.0,0.0,0.0,0.0,0.0,0.0,0.0,0.0,0.0,10974800.0,9885100.0,10648200.0,0.0,0.0,0.0,0.0,0.0,0.0,0.0,0.0,0.0,0.0,0.0,0.0,0.0,0.0,0.0,0.0,0.0,0.0,0.0,0.0,0.0,0.0,0.0,0.0,98.90745544433594,0.7928895751870685,101.34062957763672,3.080421719401781,104.1969381059919,3.819864100539503,-0.0014932451027188653
2023-02-27,98.41244963658482,99.13542193949785,97.75785905098051,98.13888549804688,6641200,0.0,0.0,98.92048034667968,104.6822940826416,21.964249358308706,-0.25872075212676293,1.2450526336125678,3.9048247559163074,0.0014954782182445836,0.0,0.0,0.0,0.0,0.0,0.0,0.0,0.0,0.0,8523000.0,10974800.0,9885100.0,0.0,0.0,0.0,0.0,0.0,0.0,0.0,0.0,0.0,0.0,0.0,0.0,0.0,0.0,0.0,0.0,0.0,0.0,0.0,0.0,0.0,0.0,0.0,0.0,98.50688934326172,0.7678176025756488,100.11380658830915,2.146326822549214,103.53956113542829,4.023443236370612,0.008432783037912284
2023-02-28,98.13889215560313,98.43199288270402,97.27914145202757,97.31822204589844,8233700,0.0,0.0,98.43589477539062,104.29247436523437,12.153669424755122,-0.580841623559138,0.8798737821782266,4.234625051777785,-0.008362265864174434,0.0,0.0,0.0,0.0,0.0,0.0,0.0,0.0,0.0,6641200.0,8523000.0,10974800.0,0.0,0.0,0.0,0.0,0.0,0.0,0.0,0.0,0.0,0.0,0.0,0.0,0.0,0.0,0.0,0.0,0.0,0.0,0.0,0.0,0.0,0.0,0.0,0.0,97.81648254394531,0.4376831413763478,99.2456806727818,1.7987587640646225,102.7007440839495,4.007743661005108,0.010858670389403802
2023-03-01,96.90787366727004,97.33774523302459,95.84294812882284,96.2728271484375,7898300,0.0,0.0,97.82234344482421,103.80642051696778,10.595222435060464,-0.9099895730707317,0.521901111128435,4.573400489317582,-0.010742026266857718,0.0,0.0,0.0,0.0,0.0,0.0,0.0,0.0,0.0,8233700.0,6641200.0,8523000.0,0.0,0.0,0.0,0.0,0.0,0.0,0.0,0.0,0.0,0.0,0.0,0.0,0.0,0.0,0.0,0.0,0.0,0.0,0.0,0.0,0.0,0.0,0.0,0.0,97.24331156412761,0.935281843214245,98.31335013253349,1.2609054398966024,101.77678789411273,3.881170953902171,-0.0038414558139427957
2023-03-02,95.49122984883103,97.00557096727564,95.17859259614144,96.64408111572266,7776600,0.0,0.0,97.27327117919921,103.29496459960937,13.705548794748495,-1.1278830680548424,0.1919442752917795,4.779705332062391,0.003856269502844567,0.0,0.0,0.0,0.9822,0.9822000000000001,1.0,3.0,1.0,0.0,7898300.0,8233700.0,6641200.0,0.0,0.0,0.0,0.0,0.0,0.0,0.0,0.0,0.0,0.0,0.0,0.0,0.0,0.0,0.0,0.0,0.0,0.0,0.0,0.0,0.0,0.0,0.0,0.0,96.7450434366862,0.5299600603821661,97.87091173444476,1.219076145096217,100.97844478062221,3.686941531080593,-0.02194991823416681
2023-03-03,97.37683866107636,98.85209939247878,96.60501370766347,98.81301879882812,7434300,0.0,0.0,97.43740692138672,102.70534973144531,27.933726575308626,-1.1127233065775215,-0.06898924108208071,4.55238377408304,0.022442529931122834,0.0,0.0,0.0,0.0,0.0,0.0,0.0,0.0,0.0,7776600.0,7898300.0,8233700.0,0.0,0.0,0.0,0.0,0.0,0.0,0.0,0.0,0.0,0.9822,0.0,0.0,0.9822000000000001,0.0,0.0,1.0,0.0,0.0,3.0,0.0,0.0,1.0,0.0,0.0,97.2433090209961,1.3720236758243376,97.79554530552456,1.1258144408793302,100.4955324445452,3.4754411975773203,0.004768523694016702
2023-03-06,99.27220264367872,100.3371208277745,98.17796842507524,98.34406280517578,6773300,0.0,0.0,97.4784423828125,102.2144115447998,27.791910493169553,-1.1255749880296264,-0.2803063904715899,4.461390667070476,-0.004745892791789719,0.0,0.0,0.0,0.0,0.0,0.0,0.0,0.0,0.0,7434300.0,7776600.0,7898300.0,0.0,0.0,0.0,0.0,0.0,0.0,0.0,0.0,0.0,0.0,0.9822,0.0,0.0,0.9822000000000001,0.0,0.0,1.0,0.0,0.0,3.0,0.0,0.0,1.0,0.0,97.93372090657552,1.1412090183700145,97.64620535714286,0.9317542013450648,100.00703648158482,3.2384540951012633,0.016151893433497877
2023-03-07,98.09004227329882,98.61761908432152,96.61478160472761,96.78086853027344,6951300,0.0,0.0,97.3709716796875,101.6863468170166,25.23043677164054,-1.2475161622304114,-0.47374834482335426,4.447522277029134,-0.0158951565586537,0.0,0.0,0.0,0.0,0.0,0.0,0.0,0.0,0.0,6773300.0,7434300.0,7776600.0,0.0,0.0,0.0,0.0,0.0,0.0,0.0,0.0,0.0,0.0,0.0,0.9822,0.0,0.0,0.9822000000000001,0.0,0.0,1.0,0.0,0.0,3.0,0.0,0.0,1.0,97.97931671142578,1.064043449853582,97.47313799176898,0.9685321997529209,99.40688378470284,2.9731301121932843,-0.0024170342286177204
2023-03-08,96.72225724043348,97.32799527219795,96.03836547381329,97.0153579711914,5668700,0.0,0.0,97.51947784423828,101.08403167724609,18.97641103833938,-1.310131700437239,-0.6410250159461313,4.2052338571912244,0.0024228904377379124,0.0,0.0,0.0,0.0,0.0,0.0,0.0,0.0,0.0,6951300.0,6773300.0,7434300.0,0.0,0.0,0.0,0.0,0.0,0.0,0.0,0.0,0.0,0.0,0.0,0.0,0.0,0.0,0.0,0.0,0.0,0.0,0.0,0.0,0.0,0.0,0.0,0.0,97.38009643554688,0.8430122750039483,97.31263405936105,0.9322320840010104,98.7132203238351,2.1540237714905746,0.03286889149407579
2023-03-09,97.16188958524799,97.74809097860349,93.71310766312682,93.92804718017578,8275600,0.0,0.0,96.97627105712891,100.32002334594726,19.277221192241868,-1.590540385205216,-0.8309280897979483,4.03620097781165,-0.0318229077908716,0.0,0.0,0.0,0.0,0.0,0.0,0.0,0.0,0.0,5668700.0,6951300.0,6773300.0,0.0,0.0,0.0,0.0,0.0,0.0,0.0,0.0,0.0,0.0,0.0,0.0,0.0,0.0,0.0,0.0,0.0,0.0,0.0,0.0,0.0,0.0,0.0,0.0,95.90809122721355,1.7187719876798506,96.82832336425781,1.5826054004954804,98.03700201851981,2.054894624295347,0.027465999033736033
2023-03-10,93.40047639617337,93.69357711167255,90.69421059902236,91.41718292236328,13978800,0.0,0.0,95.49710388183594,99.49983825683594,17.146190660337226,-1.9924048467127022,-1.0632234411808992,4.097952140756436,-0.0267317838834239,0.0,0.0,0.0,0.0,0.0,0.0,0.0,0.0,0.0,8275600.0,5668700.0,6951300.0,0.0,0.0,0.0,0.0,0.0,0.0,0.0,0.0,0.0,0.0,0.0,0.0,0.0,0.0,0.0,0.0,0.0,0.0,0.0,0.0,0.0,0.0,0.0,0.0,94.12019602457683,2.8040295742260164,96.13465990339007,2.602291329437034,97.22400501796177,2.2665499884450027,0.01047527592513986
2023-03-13,89.7758263777538,91.85681739830099,88.37872702014887,90.46949005126953,11915300,0.0,0.0,93.92218933105468,98.7446231842041,19.52483768798477,-2.3601498835170673,-1.3226087296481328,4.306166372701049,-0.010366682070028221,0.0,0.0,0.0,0.0,0.0,0.0,0.0,0.0,0.0,13978800.0,8275600.0,5668700.0,0.0,0.0,0.0,0.0,0.0,0.0,0.0,0.0,0.0,0.0,0.0,0.0,0.0,0.0,0.0,0.0,0.0,0.0,0.0,0.0,0.0,0.0,0.0,0.0,91.93824005126953,1.7871848679320463,95.25257546561105,3.3421462608573327,96.5617436000279,2.7725498749525426,-0.008140629363896812
2023-03-14,91.83728779929397,92.13038850785726,90.21547679860227,91.2120132446289,10323600,0.0,0.0,92.80841827392578,98.04607353210449,23.869481317685185,-2.562140299964554,-1.570515043711417,4.339817549873252,0.008207443116332147,0.0,0.0,0.0,0.0,0.0,0.0,0.0,0.0,0.0,11915300.0,13978800.0,8275600.0,0.0,0.0,0.0,0.0,0.0,0.0,0.0,0.0,0.0,0.0,0.0,0.0,0.0,0.0,0.0,0.0,0.0,0.0,0.0,0.0,0.0,0.0,0.0,0.0,91.03289540608723,0.49859085886482646,94.16671752929688,3.225301637091692,95.98113141741071,2.988562060169353,0.002792641230151105
2023-03-15,89.5218200166896,91.21202031997403,89.30688792811291,90.95800018310547,9543800,0.0,0.0,91.5969467163086,97.3348232269287,23.248703980913604,-2.7114598698957906,-1.7987040089482917,4.273749405773336,-0.0027848641038343835,0.0,0.0,0.0,0.0,0.0,0.0,0.0,0.0,0.0,10323600.0,11915300.0,13978800.0,0.0,0.0,0.0,0.0,0.0,0.0,0.0,0.0,0.0,0.0,0.0,0.0,0.0,0.0,0.0,0.0,0.0,0.0,0.0,0.0,0.0,0.0,0.0,0.0,90.8798344930013,0.37738253735626526,93.11156572614398,2.8126991799492007,95.37888554164341,3.0964868859490973,-0.012620632983707525
2023-03-16,90.53789024555346,92.38440541427283,89.77583731292147,92.12062072753906,9931700,0.0,0.0,91.23546142578125,96.60452194213867,31.08881268238696,-2.704803650543539,-1.9799239372673414,3.806839489685028,0.012781949274315085,0.0,0.0,0.0,0.0,0.0,0.0,0.0,0.0,0.0,9543800.0,10323600.0,11915300.0,0.0,0.0,0.0,0.0,0.0,0.0,0.0,0.0,0.0,0.0,0.0,0.0,0.0,0.0,0.0,0.0,0.0,0.0,0.0,0.0,0.0,0.0,0.0,0.0,91.43021138509114,0.6112523651985825,92.44581604003906,2.305185837459647,94.95947701590401,3.112882651500479,0.011695327265055289
2023-03-17,91.8861441368083,92.10107621744875,90.77237332517458,91.05569458007812,12943200,0.0,0.0,91.16316375732421,95.98755149841308,28.461170120954193,-2.753716064232634,-2.1346823626604,3.644844580849182,-0.011560127787356378,0.0,0.0,0.0,0.0,0.0,0.0,0.0,0.0,0.0,9931700.0,9543800.0,10323600.0,0.0,0.0,0.0,0.0,0.0,0.0,0.0,0.0,0.0,0.0,0.0,0.0,0.0,0.0,0.0,0.0,0.0,0.0,0.0,0.0,0.0,0.0,0.0,0.0,91.37810516357422,0.6448899680160147,91.5944355555943,1.1446304774305565,94.45353480747768,3.1319408209897652,-0.01082560577012015
2023-03-20,91.28039076573536,92.73610720371829,90.86028377913979,92.05221557617188,6657200,0.0,0.0,91.47970886230469,95.4502052307129,34.15638086790932,-2.6811618238250645,-2.2439782548933334,3.3695794393062912,0.010944082088324203,0.0,0.0,0.0,0.0,0.0,0.0,0.0,0.0,0.0,12943200.0,9931700.0,9543800.0,0.0,0.0,0.0,0.0,0.0,0.0,0.0,0.0,0.0,0.0,0.0,0.0,0.0,0.0,0.0,0.0,0.0,0.0,0.0,0.0,0.0,0.0,0.0,0.0,91.74284362792969,0.5960706138169243,91.32645961216518,0.594728953423088,94.07739148821149,3.0771717897125748,-0.024031671107628938
2023-03-21,92.98037289937574,94.62172057040345,92.98037289937574,94.31885528564453,7285800,0.0,0.0,92.10107727050782,95.17909049987793,44.52360394249368,-2.412948219059757,-2.2777722477266185,3.221024101086414,0.024623412867200933,0.0,0.0,0.0,0.0,0.0,0.0,0.0,0.0,0.0,6657200.0,12943200.0,9931700.0,0.0,0.0,0.0,0.0,0.0,0.0,0.0,0.0,0.0,0.0,0.0,0.0,0.0,0.0,0.0,0.0,0.0,0.0,0.0,0.0,0.0,0.0,0.0,0.0,92.47558848063152,1.672270286096511,91.74098423549107,1.2822897275628289,93.93782206944057,3.013590667093794,0.01728156387970059
2023-03-22,95.20789381148167,95.6768533811814,92.63840682257086,92.71656799316406,8811100,0.0,0.0,92.45279083251953,94.84788970947265,39.70290490228515,-2.3031291592385514,-2.282843630029005,3.1092141523902517,-0.016987984932895328,0.0,0.0,0.0,0.0,0.0,0.0,0.0,0.0,0.0,7285800.0,6657200.0,12943200.0,0.0,0.0,0.0,0.0,0.0,0.0,0.0,0.0,0.0,0.0,0.0,0.0,0.0,0.0,0.0,0.0,0.0,0.0,0.0,0.0,0.0,0.0,0.0,0.0,93.02921295166016,1.1652141630166275,92.06199537004743,1.1887900600078742,93.65728541782924,2.9237526640499714,-0.009704815330306316
2023-03-23,93.08783430607946,94.78779898818128,92.57980153981538,93.62518310546875,9527000,0.0,0.0,92.75370330810547,94.5596767425537,35.43614461134352,-2.1183599819384966,-2.2499469004109036,2.9279507489513645,0.009799921761250774,0.0,0.0,0.0,0.0,0.0,0.0,0.0,0.0,0.0,8811100.0,7285800.0,6657200.0,0.0,0.0,0.0,0.0,0.0,0.0,0.0,0.0,0.0,0.0,0.0,0.0,0.0,0.0,0.0,0.0,0.0,0.0,0.0,0.0,0.0,0.0,0.0,0.0,93.55353546142578,0.8035428928090762,92.40673392159599,1.2495668876865214,93.28672572544643,2.521070077915064,0.018601054173452702
2023-03-24,92.62865904935971,92.81429001462462,90.87984153251553,91.91545867919922,9534600,0.0,0.0,92.92565612792968,94.25583267211914,33.128282797540194,-2.0858452248167936,-2.217126565292082,2.867671926831349,-0.018261373377967405,0.0,0.0,0.0,0.0,0.0,0.0,0.0,0.0,0.0,9527000.0,8811100.0,7285800.0,0.0,0.0,0.0,0.0,0.0,0.0,0.0,0.0,0.0,0.0,0.0,0.0,0.0,0.0,0.0,0.0,0.0,0.0,0.0,0.0,0.0,0.0,0.0,0.0,92.75240325927734,0.855425349267209,92.54351370675224,1.1090585641416135,92.8275397164481,2.0750739800147797,-0.016105272235900636
2023-03-27,92.59933595807246,93.81080441400547,92.2085375179411,93.42001342773438,7487900,0.0,0.0,93.19921569824218,94.01988906860352,41.152283542123435,-1.9165789226324108,-2.157017036760148,2.7217874370611486,0.016368897791026793,0.0,0.0,0.0,0.0,0.0,0.0,0.0,0.0,0.0,9534600.0,9527000.0,8811100.0,0.0,0.0,0.0,0.0,0.0,0.0,0.0,0.0,0.0,0.0,0.0,0.0,0.0,0.0,0.0,0.0,0.0,0.0,0.0,0.0,0.0,0.0,0.0,0.0,92.98688507080078,0.9335360376712113,92.72914123535156,1.1349211151420762,92.58747863769531,1.7517578463634105,0.008436949033725494
2023-03-28,93.31255493866188,93.79127917235633,92.41371618165898,92.638427734375,5426100,0.0,0.0,92.86313018798828,93.78589935302735,38.800006715782985,-1.8244702349481514,-2.090507676397749,2.62266258286138,-0.00836636246005229,0.0,0.0,0.0,0.0,0.0,0.0,0.0,0.0,0.0,7487900.0,9534600.0,9527000.0,0.0,0.0,0.0,0.0,0.0,0.0,0.0,0.0,0.0,0.0,0.0,0.0,0.0,0.0,0.0,0.0,0.0,0.0,0.0,0.0,0.0,0.0,0.0,0.0,92.65796661376953,0.752467656242524,92.95524597167969,0.8735194516299837,92.274840763637,1.2064126234469588,-0.021162261308468988
2023-03-29,93.86942576768665,94.6803311983946,93.15621808015628,94.64125061035156,5889100,0.0,0.0,93.24806671142578,93.70432052612304,51.932236041149494,-1.5717442788788958,-1.9867549968939786,2.56599765415163,0.021619784844787215,0.0,0.0,0.0,0.0,0.0,0.0,0.0,0.0,0.0,5426100.0,7487900.0,9534600.0,0.0,0.0,0.0,0.0,0.0,0.0,0.0,0.0,0.0,0.0,0.0,0.0,0.0,0.0,0.0,0.0,0.0,0.0,0.0,0.0,0.0,0.0,0.0,0.0,93.56656392415364,1.0094219405850617,93.32510811941964,0.9702043669894495,92.32578386579242,1.293506853655521,-0.012538202516142127
2023-03-30,96.45845887012769,96.64408234968653,95.42284190110922,95.84294891357422,7669500,0.0,0.0,93.69161987304688,93.66426391601563,62.90594867824454,-1.2599660238225,-1.841397202279683,2.5235937582439063,0.0126974051533848,0.0,0.0,0.0,0.0,0.0,0.0,0.0,0.0,0.0,5889100.0,5426100.0,7487900.0,0.0,0.0,0.0,0.0,0.0,0.0,0.0,0.0,0.0,0.0,0.0,0.0,0.0,0.0,0.0,0.0,0.0,0.0,0.0,0.0,0.0,0.0,0.0,0.0,94.37420908610027,1.6188645337829013,93.54283578055245,1.3334123253095773,92.64191000802177,1.566398949958971,-0.020273768719657803
2023-03-31,96.61478719214878,97.8946449748056,96.23376071557368,97.82625579833984,8920000,0.0,0.0,94.873779296875,93.61492576599122,70.23108265180666,-0.8431242089813793,-1.6417426036200224,2.425368102290917,0.020693299895791606,0.0,0.0,0.0,0.0,0.0,0.0,0.0,0.0,0.0,7669500.0,5889100.0,5426100.0,0.0,0.0,0.0,0.0,0.0,0.0,0.0,0.0,0.0,0.0,0.0,0.0,0.0,0.0,0.0,0.0,0.0,0.0,0.0,0.0,0.0,0.0,0.0,0.0,96.10348510742188,1.608407237955216,94.27279118129185,2.024971397269243,93.16739327566964,1.96486541360632,0.003708912992052671
2023-04-03,97.90441107050114,98.11935059893656,96.98603579586279,97.46476745605469,7313200,0.0,0.0,95.68273010253907,93.57096099853516,67.56312288727821,-0.5357671652969032,-1.4205475159553986,2.341655780450285,-0.003695207787879906,0.0,0.0,0.0,0.0,0.0,0.0,0.0,0.0,0.0,8920000.0,7669500.0,5889100.0,0.0,0.0,0.0,0.0,0.0,0.0,0.0,0.0,0.0,0.0,0.0,0.0,0.0,0.0,0.0,0.0,0.0,0.0,0.0,0.0,0.0,0.0,0.0,0.0,97.04465738932292,1.0562887393685982,94.82130323137555,2.3189909081940536,93.61401857648578,2.1845669306164526,0.0019083068443215279
2023-04-04,97.9923367311214,98.10957104390063,96.4877676016198,97.27912902832031,6794200,0.0,0.0,96.61087036132812,93.5958740234375,67.82364013811055,-0.30366351943405334,-1.1971707166511296,2.3799411169941016,-0.0019046721454301085,0.0,0.0,0.0,0.0,0.0,0.0,0.0,0.0,0.0,7313200.0,8920000.0,7669500.0,0.0,0.0,0.0,0.0,0.0,0.0,0.0,0.0,0.0,0.0,0.0,0.0,0.0,0.0,0.0,0.0,0.0,0.0,0.0,0.0,0.0,0.0,0.0,0.0,97.52338409423828,0.278233460105264,95.58754185267857,2.071772055793484,94.0655277797154,2.2457631534173763,-0.0034031284708354592
2023-04-05,97.4061379057473,97.87509753074075,96.36075635084853,97.61131286621094,7747200,0.0,0.0,97.2048828125,93.62567176818848,66.24273600261445,-0.09185638510085425,-0.9761078503410746,2.4282481795263307,0.003414749301403841,0.0,0.0,0.0,0.0,0.0,0.0,0.0,0.0,0.0,6794200.0,7313200.0,8920000.0,0.0,0.0,0.0,0.0,0.0,0.0,0.0,0.0,0.0,0.0,0.0,0.0,0.0,0.0,0.0,0.0,0.0,0.0,0.0,0.0,0.0,0.0,0.0,0.0,97.45173645019531,0.16647486559358765,96.18629891531808,1.9425642936099086,94.45772007533482,2.356682791223124,-0.0006001503070702796
2023-04-06,97.15212473517121,98.01187534691368,96.28260211253955,97.66992950439453,7042500,0.0,0.0,97.57027893066406,93.81276588439941,70.80512930535897,0.07981214296518147,-0.7649238516798235,2.5914424025277802,0.000600510703753443,0.0,0.0,0.0,0.0,0.0,0.0,0.0,0.0,0.0,7747200.0,6794200.0,7313200.0,0.0,0.0,0.0,0.0,0.0,0.0,0.0,0.0,0.0,0.0,0.0,0.0,0.0,0.0,0.0,0.0,0.0,0.0,0.0,0.0,0.0,0.0,0.0,0.0,97.52012379964192,0.2107553971347866,96.90508488246373,1.199898131173917,94.93016542707171,2.2840760885932494,-0.00833255805612687
2023-04-10,97.01535495690753,98.49060821533203,96.62455647932622,98.49060821533203,8016600,0.0,0.0,97.7031494140625,94.16643714904785,70.47855521490406,0.27886798499521603,-0.5561654843448156,2.726455426518674,0.008402572983331247,0.0,0.0,0.0,0.0,0.0,0.0,0.0,0.0,0.0,7042500.0,7747200.0,6794200.0,0.0,0.0,0.0,0.0,0.0,0.0,0.0,0.0,0.0,0.0,0.0,0.0,0.0,0.0,0.0,0.0,0.0,0.0,0.0,0.0,0.0,0.0,0.0,0.0,97.9239501953125,0.4916146471653546,97.45499311174665,0.8073287593681034,95.39005061558315,2.308084164108186,0.003883768301178092
2023-04-11,98.83255309484285,99.56529738248364,97.9825670377898,98.10957336425781,7504600,0.0,0.0,97.83211059570313,94.54844131469727,63.70049650329982,0.40124949151432077,-0.36468248917298834,2.716421663062318,-0.003868742999750374,0.0,0.0,0.0,0.0,0.0,0.0,0.0,0.0,0.0,8016600.0,7042500.0,7747200.0,0.0,0.0,0.0,0.0,0.0,0.0,0.0,0.0,0.0,0.0,0.0,0.0,0.0,0.0,0.0,0.0,0.0,0.0,0.0,0.0,0.0,0.0,0.0,0.0,98.0900370279948,0.4106880056352186,97.77879660470145,0.40957828921656336,95.66081619262695,2.393520599606028,0.025321483928992805
2023-04-12,98.9204882189189,99.86817211348583,95.45216194673584,95.6866455078125,9289200,0.0,0.0,97.51361389160157,94.77217292785645,60.13341010514128,0.29927780019303896,-0.2318904312997829,2.6093216118116653,-0.024696140991761872,0.0,0.0,0.0,0.0,0.0,0.0,0.0,0.0,0.0,7504600.0,8016600.0,7042500.0,0.0,0.0,0.0,0.0,0.0,0.0,0.0,0.0,0.0,0.0,0.0,0.0,0.0,0.0,0.0,0.0,0.0,0.0,0.0,0.0,0.0,0.0,0.0,0.0,97.42894236246745,1.520853588199362,97.47313799176898,0.8876354144128576,95.87296458653041,2.239131076463137,-0.028758320360821377
2023-04-13,96.24352603070034,98.74462425754152,96.24352603070034,98.51991271972656,8745000,0.0,0.0,97.6953338623047,95.1502685546875,64.76136526787391,0.4419904942655961,-0.09711424618670711,2.575196875086741,0.02960984991038007,0.0,0.0,0.0,0.0,0.0,0.0,0.0,0.0,0.0,9289200.0,7504600.0,8016600.0,0.0,0.0,0.0,0.0,0.0,0.0,0.0,0.0,0.0,0.0,0.0,0.0,0.0,0.0,0.0,0.0,0.0,0.0,0.0,0.0,0.0,0.0,0.0,0.0,97.43871053059895,1.5311412344116437,97.62387302943638,0.971596596473884,96.22258813040597,2.243292632026434,0.009409412101107684
2023-04-14,98.18773354519477,98.53945139599384,96.65385581682226,97.6015396118164,7337300,0.0,0.0,97.68165588378906,95.42431449890137,68.00740122200381,0.4755049725317093,0.017409597556976172,2.5270023869758047,-0.009321700380742093,0.0,0.0,0.0,0.0,0.0,0.0,0.0,0.0,0.0,8745000.0,9289200.0,7504600.0,0.0,0.0,0.0,0.0,0.0,0.0,0.0,0.0,0.0,0.0,0.0,0.0,0.0,0.0,0.0,0.0,0.0,0.0,0.0,0.0,0.0,0.0,0.0,0.0,97.26936594645183,1.4455467067854726,97.66993168422154,0.9601041814260394,96.62873676845005,1.890491447700846,-0.003988071677068938
2023-04-17,97.27913236065831,98.25612475454014,96.86879734415446,97.99234008789062,6705300,0.0,0.0,97.58200225830078,95.77114677429199,65.57923808077962,0.5275188613155564,0.11943145030869222,2.3668004507235736,0.004004040075889392,0.0,0.0,0.0,0.0,0.0,0.0,0.0,0.0,0.0,7337300.0,8745000.0,9289200.0,0.0,0.0,0.0,0.0,0.0,0.0,0.0,0.0,0.0,0.0,0.0,0.0,0.0,0.0,0.0,0.0,0.0,0.0,0.0,0.0,0.0,0.0,0.0,0.0,98.03793080647786,0.4608808702357981,97.72436414446149,0.967003188463177,96.95533152988979,1.6763436282697017,-0.006241988225980433
2023-04-18,98.29521183257087,98.82278865455214,97.30844736253957,98.60784912109375,8180100,0.0,0.0,97.68165740966796,96.09892845153809,70.57236971495101,0.6113593083240545,0.2178170219117647,2.276894901841418,0.006281195373547321,0.0,0.0,0.0,0.0,0.0,0.0,0.0,0.0,0.0,6705300.0,7337300.0,8745000.0,0.0,0.0,0.0,0.0,0.0,0.0,0.0,0.0,0.0,0.0,0.0,0.0,0.0,0.0,0.0,0.0,0.0,0.0,0.0,0.0,0.0,0.0,0.0,0.0,98.06724294026692,0.5073189677966643,97.85835266113281,1.0216394597806209,97.38171877179828,1.1793588339288548,0.02207604184360612
2023-04-19,97.48429777766519,97.53315037785546,96.09697039704062,96.47799682617188,11523300,0.0,0.0,97.83992767333984,96.20688552856446,56.27502231156114,0.5001764634130268,0.2742889102120171,2.2389223821636035,-0.021599216633417795,0.0,0.0,0.0,0.0,0.0,0.0,0.0,0.0,0.0,8180100.0,6705300.0,7337300.0,0.0,0.0,0.0,0.0,0.0,0.0,0.0,0.0,0.0,0.0,0.0,0.0,0.0,0.0,0.0,0.0,0.0,0.0,0.0,0.0,0.0,0.0,0.0,0.0,97.69272867838542,1.0960807210582006,97.57083674839565,1.0946430513672911,97.51291493007115,0.9259966744010367,0.006933797593117408
2023-04-20,95.50100713920575,96.31191262046516,95.14928927875253,95.81364440917969,7762700,0.0,0.0,97.29867401123047,96.36173934936524,49.89606879753141,0.35437060620515126,0.29030524941064395,2.0867429064835683,-0.0068860511085152565,0.0,0.0,0.0,0.0,0.0,0.0,0.0,0.0,0.0,11523300.0,8180100.0,6705300.0,0.0,0.0,0.0,0.0,0.0,0.0,0.0,0.0,0.0,0.0,0.0,0.0,0.0,0.0,0.0,0.0,0.0,0.0,0.0,0.0,0.0,0.0,0.0,0.0,96.96649678548177,1.4597496876879985,97.2428468976702,1.2405581297623156,97.51082175118583,0.9300860340837543,-0.015064738282288603
2023-04-21,95.90157367614312,97.42567937315452,95.47169465232547,97.27912902832031,9468000,0.0,0.0,97.23419189453125,96.54443664550782,47.985572912131275,0.35300159246996543,0.3028445180225082,1.9923633269392964,0.015295155801423821,0.0,0.0,0.0,0.0,0.0,0.0,0.0,0.0,0.0,7762700.0,11523300.0,8180100.0,0.0,0.0,0.0,0.0,0.0,0.0,0.0,0.0,0.0,0.0,0.0,0.0,0.0,0.0,0.0,0.0,0.0,0.0,0.0,0.0,0.0,0.0,0.0,0.0,96.52359008789062,0.7338053906658357,97.47034454345703,1.0369164395179933,97.471741267613,0.9273030083712399,-0.001103594087957127
2023-04-24,97.84579193714451,98.422213884637,96.39983988200271,97.38660430908203,8540600,0.0,0.0,97.11304473876953,96.81799392700195,49.70673118485182,0.3564797198610563,0.3135715583902179,1.6734121859864655,0.0011048133534421467,0.0,0.0,0.0,0.0,0.0,0.0,0.0,0.0,0.0,9468000.0,7762700.0,11523300.0,0.0,0.0,0.0,0.0,0.0,0.0,0.0,0.0,0.0,0.0,0.0,0.0,0.0,0.0,0.0,0.0,0.0,0.0,0.0,0.0,0.0,0.0,0.0,0.0,96.82645924886067,0.8787679776837651,97.30844334193638,0.9285391117318402,97.46615818568638,0.9275834848495673,0.017039069133664153
2023-04-25,97.09350259635195,97.41591187916372,95.7550277709961,95.7550277709961,6511400,0.0,0.0,96.54248046875,96.93474464416504,44.841295869824236,0.22498804774339476,0.2958548562608533,1.4959044001997421,-0.016753603328315103,0.0,0.0,0.0,0.0,0.0,0.0,0.0,0.0,0.0,8540600.0,9468000.0,7762700.0,0.0,0.0,0.0,0.0,0.0,0.0,0.0,0.0,0.0,0.0,0.0,0.0,0.0,0.0,0.0,0.0,0.0,0.0,0.0,0.0,0.0,0.0,0.0,0.0,96.80692036946614,0.9125493208758371,97.04465593610492,1.0811427007561163,97.35729381016323,1.034497709277862,0.014491344355905156
2023-04-26,95.58892631526935,96.21420826615247,94.24067957866193,94.3872299194336,8634500,0.0,0.0,96.12432708740235,97.02218475341797,39.80220593806905,0.01029146122746738,0.23874217725417612,1.2648163242033685,-0.014284344993702791,0.0,0.0,0.0,0.0,0.0,0.0,0.0,0.0,0.0,6511400.0,8540600.0,9468000.0,0.0,0.0,0.0,0.0,0.0,0.0,0.0,0.0,0.0,0.0,0.0,0.0,0.0,0.0,0.0,0.0,0.0,0.0,0.0,0.0,0.0,0.0,0.0,0.0,95.84295399983723,1.5016191090315103,96.5296401977539,1.3735802696894015,97.1270021711077,1.2987178921605367,-0.03322340370996457
2023-04-27,94.89527743403228,97.76763772666227,94.48494237904546,97.630859375,8166500,0.0,0.0,96.4877700805664,97.17166519165039,49.89714467512299,0.10071567096844092,0.2111368759970291,1.1390253386237401,0.0343651303077237,0.0,0.0,0.0,0.0,0.0,0.0,0.0,0.0,0.0,8634500.0,6511400.0,8540600.0,0.0,0.0,0.0,0.0,0.0,0.0,0.0,0.0,0.0,0.0,0.0,0.0,0.0,0.0,0.0,0.0,0.0,0.0,0.0,0.0,0.0,0.0,0.0,0.0,95.92437235514323,1.6284321301146238,96.39007023402623,1.1602951828120083,97.12421144757953,1.2975029000467866,-0.025073108058525473
2023-04-28,97.08374002380525,100.20034079311824,96.80041132589302,100.1417236328125,11329700,0.0,0.0,97.06028900146484,97.3866039276123,53.99149008375277,0.37070995647738414,0.24305149209310012,1.2728331992773256,0.025717936663532504,0.0,0.0,0.0,0.0,0.0,0.0,0.0,0.0,0.0,8166500.0,8634500.0,6511400.0,0.0,0.0,0.0,0.0,0.0,0.0,0.0,0.0,0.0,0.0,0.0,0.0,0.0,0.0,0.0,0.0,0.0,0.0,0.0,0.0,0.0,0.0,0.0,0.0,97.38660430908203,2.885012110416428,96.91345977783203,1.8360884739304981,97.24214826311383,1.491754038549524,0.002837346190081247
2023-05-01,100.05379375748375,100.24918925300167,99.27219686769135,99.85839080810547,6909500,0.0,0.0,97.55464630126953,97.48821067810059,54.24774539879006,0.5554172772672814,0.30552464912793637,1.3858674025339401,-0.002829318434201533,0.0,0.0,0.0,0.0,0.0,0.0,0.0,0.0,0.0,11329700.0,8166500.0,8634500.0,0.0,0.0,0.0,0.0,0.0,0.0,0.0,0.0,0.0,0.0,0.0,0.0,0.0,0.0,0.0,0.0,0.0,0.0,0.0,0.0,0.0,0.0,0.0,0.0,99.21032460530598,1.375173510033717,97.49128069196429,2.055610662345302,97.36706379481724,1.6362042315900869,0.01600391974550841
2023-05-02,98.99864630259174,99.36012873699653,97.32799011506188,98.28543853759766,6955900,0.0,0.0,98.06072845458985,97.52924423217773,56.58413424459581,0.5683237745149512,0.35808447420533934,1.397239540078406,-0.015751828742468943,0.0,0.0,0.0,0.0,0.0,0.0,0.0,0.0,0.0,6909500.0,11329700.0,8166500.0,0.0,0.0,0.0,0.0,0.0,0.0,0.0,0.0,0.0,0.0,0.0,0.0,0.0,0.0,0.0,0.0,0.0,0.0,0.0,0.0,0.0,0.0,0.0,0.0,99.4285176595052,1.0000208905792898,97.63503919328961,2.0734120019650883,97.55269186837333,1.5772501226535622,-0.002577857570020603
2023-05-03,98.73485473721955,100.21988743726855,98.32451969662478,98.53945922851562,7772100,0.0,0.0,98.89117431640625,97.5922607421875,50.05696690582983,0.5922228371666733,0.4049121467976061,1.4136895257252662,0.002584520094711662,0.0,0.0,0.0,0.0,0.0,0.0,0.0,0.0,0.0,6955900.0,6909500.0,11329700.0,0.0,0.0,0.0,0.0,0.0,0.0,0.0,0.0,0.0,0.0,0.0,0.0,0.0,0.0,0.0,0.0,0.0,0.0,0.0,0.0,0.0,0.0,0.0,0.0,98.89442952473958,0.8444214852341718,97.7997327532087,2.0960523175337893,97.55408804757255,1.5781805419693695,0.03499245537935858
2023-05-04,97.2498188772246,97.2498188772246,94.38723100935461,95.20790100097656,13260700,0.0,0.0,98.40658264160156,97.47209014892579,43.88417041101765,0.33843286710815335,0.3916162908597156,1.5108002827038178,-0.033809382085333906,0.0,0.0,0.0,0.0,0.0,0.0,0.0,0.0,0.0,7772100.0,6955900.0,6909500.0,0.0,0.0,0.0,0.0,0.0,0.0,0.0,0.0,0.0,0.0,0.0,0.0,0.0,0.0,0.0,0.0,0.0,0.0,0.0,0.0,0.0,0.0,0.0,0.0,97.34426625569661,1.8545010121418308,97.72157178606305,2.1929668380655083,97.38311386108398,1.6977720987787386,-0.03054126466413265
2023-05-05,96.32167971012154,98.52968468016046,95.85272751976147,98.207275390625,9300100,0.0,0.0,98.01969299316406,97.4989574432373,50.48457352644719,0.37500411974528447,0.3882938566368294,1.5192579956417873,0.03150341891916808,0.0,0.0,0.0,0.0,0.0,0.0,0.0,0.0,0.0,13260700.0,7772100.0,6955900.0,0.0,0.0,0.0,0.0,0.0,0.0,0.0,0.0,0.0,0.0,0.0,0.0,0.0,0.0,0.0,0.0,0.0,0.0,0.0,0.0,0.0,0.0,0.0,0.0,97.31821187337239,1.8351145765736654,98.26729256766183,1.6272684384562817,97.39846638270787,1.7046627711741693,-0.02379333415339735
2023-05-08,99.36012187764142,101.51928159277891,99.35035732063922,100.60090637207031,10810100,0.0,0.0,98.16819610595704,97.60447235107422,54.15984595923245,0.5903281809324596,0.4287007214959555,1.658642442304844,0.024373255157772222,0.0,0.0,0.0,0.0,0.0,0.0,0.0,0.0,0.0,9300100.0,13260700.0,7772100.0,0.0,0.0,0.0,0.0,0.0,0.0,0.0,0.0,0.0,0.0,0.0,0.0,0.0,0.0,0.0,0.0,0.0,0.0,0.0,0.0,0.0,0.0,0.0,0.0,98.00536092122395,2.702166505394662,98.69158499581474,1.8105502456465623,97.54082761492047,1.8869115652506239,0.007731491745726071
2023-05-09,100.54228636989465,100.61067553627667,99.74114548676233,99.8290786743164,6829900,0.0,0.0,98.47692413330078,97.69044761657715,57.41459424183198,0.6907316811194448,0.48110691342065337,1.7292637863250402,-0.007672174392736708,0.0,0.0,0.0,0.0,0.0,0.0,0.0,0.0,0.0,10810100.0,9300100.0,13260700.0,0.0,0.0,0.0,0.0,0.0,0.0,0.0,0.0,0.0,0.0,0.0,0.0,0.0,0.0,0.0,0.0,0.0,0.0,0.0,0.0,0.0,0.0,0.0,0.0,99.5457534790039,1.221708718786126,98.64692143031529,1.7722668683356058,97.78019060407367,1.953104372594865,0.01028265189991684
2023-05-10,100.63022540734735,100.87447352726811,97.73832856194906,98.81301879882812,19525200,0.0,0.0,98.53163604736328,97.84676628112793,56.53470290367707,0.6804705965418805,0.5209796500448988,1.6791749898090116,-0.010177995119068362,0.0,0.0,0.0,0.0,0.0,0.0,0.0,0.0,0.0,6829900.0,10810100.0,9300100.0,0.0,0.0,0.0,0.0,0.0,0.0,0.0,0.0,0.0,0.0,0.0,0.0,0.0,0.0,0.0,0.0,0.0,0.0,0.0,0.0,0.0,0.0,0.0,0.0,99.74766794840495,0.8967197295469254,98.4975825718471,1.6955527483962243,97.9944316319057,1.8840802298851762,0.0956560682744374
2023-05-11,92.61888126629157,92.92174652101693,89.76605783140555,90.18616485595703,57127200,0.0,0.0,97.52728881835938,97.43007888793946,38.22195386883685,-0.02350544632250262,0.4120826307714185,2.3878206830793363,-0.087304831364725,0.0,0.0,0.0,0.0,0.0,0.0,0.0,0.0,0.0,19525200.0,6829900.0,10810100.0,0.0,0.0,0.0,0.0,0.0,0.0,0.0,0.0,0.0,0.0,0.0,0.0,0.0,0.0,0.0,0.0,0.0,0.0,0.0,0.0,0.0,0.0,0.0,0.0,96.27608744303386,5.298439605684476,97.34054347446987,3.580336990244775,97.48779133387974,2.814941573541667,0.0034786364539673986
2023-05-12,90.21547337128155,90.74305015433622,89.14078323714514,89.87352752685547,21837500,0.0,0.0,95.86053924560547,97.0436782836914,37.6087743236979,-0.5997254896764872,0.20972100668183735,2.9237505278223566,-0.0034665774911362135,0.0,0.0,0.0,0.0,0.0,1.0,90.0,0.0,0.0,57127200.0,19525200.0,6829900.0,0.0,0.0,0.0,0.0,0.0,0.0,0.0,0.0,0.0,0.0,0.0,0.0,0.0,0.0,0.0,0.0,0.0,0.0,0.0,0.0,0.0,0.0,0.0,0.0,92.9575703938802,5.073375852639193,96.10255323137555,4.48150769021879,96.95114299229213,3.474584016335524,-0.009368940954538885
2023-05-15,89.43388113088079,90.73328275282486,88.61320367612554,90.7235107421875,16792000,0.0,0.0,93.8850601196289,96.68023681640625,41.48197343992701,-0.976540532224476,-0.02753130109942531,3.2348496293122633,0.009457548164870211,0.0,0.0,0.0,0.0,0.0,0.0,0.0,0.0,0.0,21837500.0,57127200.0,19525200.0,0.0,0.0,0.0,0.0,0.0,0.0,0.0,0.0,0.0,0.0,0.0,0.0,0.0,0.0,0.0,1.0,0.0,0.0,90.0,0.0,0.0,0.0,0.0,0.0,90.26106770833333,0.42991358964018217,95.46192605154855,4.928900152287887,96.5917489188058,3.847976066859406,0.02066380116950528
2023-05-16,89.92238171830199,90.29363614826573,88.69136920273303,88.88677215576172,17013300,0.0,0.0,91.69659881591797,96.19418296813964,40.833628726338254,-1.4071577829131314,-0.3034565974621666,3.635484661182754,-0.020245453151006343,0.0,0.0,0.0,0.0,0.0,0.0,0.0,0.0,0.0,16792000.0,21837500.0,57127200.0,0.0,0.0,0.0,0.0,0.0,0.0,0.0,0.0,0.0,0.0,0.0,0.0,0.0,0.0,0.0,0.0,1.0,0.0,0.0,90.0,0.0,0.0,0.0,0.0,89.82793680826823,0.9192176259909872,94.13042558942523,5.308009540034933,96.19885907854352,4.33975935590298,-0.019294958739580093
2023-05-17,88.9258452645196,90.9091461043689,88.75975834489286,90.63558197021484,12461600,0.0,0.0,90.06111145019531,95.9020622253418,37.73130461893363,-1.5889937886198027,-0.5605640356936938,3.8404291830667843,0.019674578928218667,0.0,0.0,0.0,0.0,0.0,0.0,0.0,0.0,0.0,17013300.0,16792000.0,21837500.0,0.0,0.0,0.0,0.0,0.0,0.0,0.0,0.0,0.0,0.0,0.0,0.0,0.0,0.0,0.0,0.0,0.0,1.0,0.0,0.0,90.0,0.0,0.0,0.0,90.08195495605469,1.035991945828947,92.70680781773159,4.568183247703484,95.69919640677315,4.5593504497737145,-0.010558974241090091
2023-05-18,90.7137470179929,92.07176592009203,90.3327205607916,91.60281372070312,15014800,0.0,0.0,90.34444122314453,95.69152069091797,34.166686000682446,-1.6361916159736012,-0.7756895517496754,3.9591213481152754,0.010671655981710826,0.0,0.0,0.0,0.9938,0.9938000000000001,1.0,45.0,1.0,0.0,12461600.0,17013300.0,16792000.0,0.0,0.0,0.0,0.0,0.0,0.0,0.0,0.0,0.0,0.0,0.0,0.0,0.0,0.0,0.0,0.0,0.0,0.0,0.0,0.0,0.0,0.0,0.0,0.0,90.37505594889323,1.3766356821838435,91.53162711007255,3.3174915737077053,95.08927427019391,4.4899548360676915,0.026382150645750002
2023-05-19,90.86029179448792,90.86029179448792,89.2189442897234,89.24825286865234,16429000,0.0,0.0,90.21938629150391,95.28997688293457,31.729490325126832,-1.842352128554296,-0.9890220671105996,4.190142859860735,-0.025704023232625106,0.0,0.0,0.0,0.0,0.0,0.0,0.0,0.0,0.0,15014800.0,12461600.0,17013300.0,0.0,0.0,0.0,0.0,0.0,0.0,0.0,0.0,0.0,0.9938,0.0,0.0,0.9938000000000001,0.0,0.0,1.0,0.0,0.0,45.0,0.0,0.0,1.0,0.0,0.0,90.49554951985677,1.1835100408816406,90.16523197719029,0.9273964845092812,94.3314072745187,4.518406906849742,-0.005118669775210027
2023-05-22,89.22871145240794,89.82467737111598,87.82184010937779,89.70743560791016,14150600,0.0,0.0,90.01617126464843,94.90601844787598,34.639605842200254,-1.9462484697117333,-1.1804673476308265,4.337165491187574,0.005145005358632604,0.0,0.0,0.0,-0.7184,-0.7184,1.0,257.0,0.0,0.0,16429000.0,15014800.0,12461600.0,0.0,0.0,0.0,0.0,0.0,0.0,0.0,0.0,0.0,0.0,0.9938,0.0,0.0,0.9938000000000001,0.0,0.0,1.0,0.0,0.0,45.0,0.0,0.0,1.0,0.0,90.18616739908855,1.248149549299421,90.09684208461216,0.943114037408845,93.71869277954102,4.522583474566563,0.022266606688806645
2023-05-23,89.00401291962687,89.91261621889736,87.7436917332929,87.75346374511719,14778700,0.0,0.0,89.78950958251953,94.50594024658203,31.794203473383007,-2.1613416665711185,-1.376642211418885,4.614884705540589,-0.02178160427339948,0.0,0.0,0.0,0.0,0.0,0.0,0.0,0.0,0.0,14150600.0,16429000.0,15014800.0,0.0,0.0,0.0,0.0,0.0,0.0,0.0,0.0,0.0,-0.7184,0.0,0.9938,-0.7184,0.0,0.9938000000000001,1.0,0.0,1.0,257.0,0.0,45.0,0.0,0.0,1.0,88.90305074055989,1.0217019585360971,89.79397583007812,1.2997590416884535,92.94826453072685,4.556763606595234,0.008420496690419776
2023-05-24,87.38219602075945,87.43104116474244,86.3758951176191,87.02070617675781,15350800,0.0,0.0,89.06653442382813,94.13761405944824,34.851780329979334,-2.363684898434684,-1.574050748822045,4.909429216469326,-0.008350183993736104,0.0,0.0,0.0,-0.296,-0.296,1.0,225.0,0.0,0.0,14778700.0,14150600.0,16429000.0,0.0,0.0,0.0,0.0,0.0,0.0,0.0,0.0,0.0,0.0,-0.7184,0.0,0.0,-0.7184,0.0,0.0,1.0,0.0,0.0,257.0,0.0,0.0,0.0,0.0,88.16053517659505,1.3888517277950503,89.26500374930245,1.5813786485332542,92.3634649004255,4.765059947307966,0.0105512706913784
2023-05-25,87.4994414428059,87.4994414428059,85.77016808588527,86.11211395263672,13605800,0.0,0.0,87.96839447021485,93.56167678833008,25.744515677339976,-2.567759631893736,-1.7727925254363832,5.14791334182304,-0.010441103779088468,0.0,0.0,0.0,0.0,0.0,0.0,0.0,0.0,0.0,15350800.0,14778700.0,14150600.0,0.0,0.0,0.0,0.0,0.0,0.0,0.0,0.0,0.0,-0.296,0.0,-0.7184,-0.296,0.0,-0.7184,1.0,0.0,1.0,225.0,0.0,257.0,0.0,0.0,0.0,86.96209462483723,0.8222431336490342,88.86862400599888,1.9875607833672928,91.49952479771206,4.720292726668309,-0.0016989949492733913
2023-05-26,86.45406250673032,87.18680686705758,86.07303603566905,86.2586669921875,12892700,0.0,0.0,87.37047729492187,92.86752395629883,18.389335281227176,-2.686694184789033,-1.955572857306913,5.149957568788418,0.001701886445748979,0.0,0.0,0.0,0.0,0.0,0.0,0.0,0.0,0.0,13605800.0,15350800.0,14778700.0,0.0,0.0,0.0,0.0,0.0,0.0,0.0,0.0,0.0,0.0,-0.296,0.0,0.0,-0.296,0.0,0.0,1.0,0.0,0.0,225.0,0.0,0.0,0.0,0.0,86.46382904052734,0.48780483494194377,88.24335043770927,2.02712247310084,90.47507912772042,4.109966530610993,0.005351991142022561
2023-05-30,86.92301170201742,86.92301170201742,85.00810756558907,85.79946899414062,14800700,0.0,0.0,86.58888397216796,92.16457786560059,18.646297635696072,-2.785890108584937,-2.1216363075625178,5.10480534051232,-0.005323499818151167,0.0,0.0,0.0,0.0,0.0,0.0,0.0,0.0,0.0,12892700.0,13605800.0,15350800.0,0.0,0.0,0.0,0.0,0.0,0.0,0.0,0.0,0.0,0.0,0.0,-0.296,0.0,0.0,-0.296,0.0,0.0,1.0,0.0,0.0,225.0,0.0,0.0,0.0,86.05674997965495,0.23455186522594063,87.41430119105748,1.556205722932122,89.472964150565,3.2804603815626536,-0.0015916424919538708
2023-05-31,85.5649943585935,86.14141628446404,85.14488733738636,85.93624877929688,11440600,0.0,0.0,86.2254409790039,91.54711837768555,20.04545580393875,-2.8209484693403795,-2.26149873991809,5.07223472592602,0.0015941798563530174,0.0,0.0,0.0,0.0,0.0,0.0,0.0,0.0,0.0,14800700.0,12892700.0,13605800.0,0.0,0.0,0.0,0.0,0.0,0.0,0.0,0.0,0.0,0.0,0.0,0.0,0.0,0.0,0.0,0.0,0.0,0.0,0.0,0.0,0.0,0.0,0.0,0.0,85.99812825520833,0.23577002037373343,86.94115774972099,1.4014792587429328,88.55319486345563,2.0253497570452628,-0.007111456182513631
2023-06-01,86.36613431510025,87.01094545791678,85.10581315657153,86.5517578125,11993200,0.0,0.0,86.13165130615235,90.94773330688477,36.52176717808439,-2.7671678493993426,-2.3626325618143404,4.908099023809899,0.007162391213792585,0.0,0.0,0.0,0.0,0.0,0.0,0.0,0.0,0.0,11440600.0,14800700.0,12892700.0,0.0,0.0,0.0,0.0,0.0,0.0,0.0,0.0,0.0,0.0,0.0,0.0,0.0,0.0,0.0,0.0,0.0,0.0,0.0,0.0,0.0,0.0,0.0,0.0,86.0958251953125,0.4007282008651098,86.49034663609096,0.6906022947776648,88.29359436035156,2.0328495853071815,-0.024016674934276394
2023-06-02,87.56782413430709,89.23848020579567,87.53851555559226,88.68159484863281,14350200,0.0,0.0,86.64554748535156,90.62141799926758,46.10472019280299,-2.5235958297608647,-2.3948252154036456,4.826222264896261,0.02460766932945191,0.0,0.0,0.0,0.0,0.0,0.0,0.0,0.0,0.0,11993200.0,11440600.0,14800700.0,0.0,0.0,0.0,0.0,0.0,0.0,0.0,0.0,0.0,0.0,0.0,0.0,0.0,0.0,0.0,0.0,0.0,0.0,0.0,0.0,0.0,0.0,0.0,0.0,87.05653381347656,1.440600697096925,86.62293679373605,0.9953753082661708,88.20845631190709,1.9860103691044204,-0.002527476101479076
2023-06-05,89.10169889324135,89.64881967513242,87.38219773261244,88.90630340576172,18506700,0.0,0.0,87.17507476806641,90.15636940002442,43.80825275149773,-2.286078655062198,-2.373075903335356,4.493427875459125,0.002533880423693846,0.0,0.0,0.0,0.0,0.0,0.0,0.0,0.0,0.0,14350200.0,11993200.0,11440600.0,0.0,0.0,0.0,0.0,0.0,0.0,0.0,0.0,0.0,0.0,0.0,0.0,0.0,0.0,0.0,0.0,0.0,0.0,0.0,0.0,0.0,0.0,0.0,0.0,88.04655202229817,1.2993963141191824,86.89230782645089,1.3223873207082193,88.07865578787667,1.864665380066949,-0.012586943174332732
2023-06-06,89.00401001755975,90.38157293928502,88.92584883323616,90.03962707519531,12109100,0.0,0.0,88.02310638427734,89.62830543518066,54.125880770572884,-1.9835299359552891,-2.295166709859343,3.762524576298465,0.012747393896934245,0.0,0.0,0.0,0.0,0.0,0.0,0.0,0.0,0.0,18506700.0,14350200.0,11993200.0,0.0,0.0,0.0,0.0,0.0,0.0,0.0,0.0,0.0,0.0,0.0,0.0,0.0,0.0,0.0,0.0,0.0,0.0,0.0,0.0,0.0,0.0,0.0,0.0,89.20917510986328,0.7279157464671168,87.45338112967355,1.7119940891387186,88.16100256783622,1.927495847951843,-0.0038909422049190345
2023-06-07,90.6453546474853,90.93845535215985,89.74652341881219,90.3913345336914,11082400,0.0,0.0,88.91412353515625,89.15641822814942,49.02875331899753,-1.6958295760233568,-2.175299283092146,2.911394317463871,0.0039061407729106268,0.0,0.0,0.0,0.0,0.0,0.0,0.0,0.0,0.0,12109100.0,18506700.0,14350200.0,0.0,0.0,0.0,0.0,0.0,0.0,0.0,0.0,0.0,0.0,0.0,0.0,0.0,0.0,0.0,0.0,0.0,0.0,0.0,0.0,0.0,0.0,0.0,0.0,89.77908833821614,0.776041034888119,88.04376220703125,1.9300225467522767,88.14355632237026,1.9043411828450876,-0.00010810989636811374
2023-06-08,90.39133577676625,90.54765814243859,89.19941128088763,90.40110778808594,9030200,0.0,0.0,89.68399353027344,88.7358226776123,44.827570353712616,-1.4503179851161718,-2.030303023496951,1.8610894621982976,0.0001081215853815376,0.0,0.0,0.0,0.0,0.0,0.0,0.0,0.0,0.0,11082400.0,12109100.0,18506700.0,0.0,0.0,0.0,0.0,0.0,0.0,0.0,0.0,0.0,0.0,0.0,0.0,0.0,0.0,0.0,0.0,0.0,0.0,0.0,0.0,0.0,0.0,0.0,0.0,90.27735646565755,0.20593767611269623,88.70113917759487,1.8186596245098048,88.05772018432617,1.7578751707005698,0.00652663588289748
2023-06-09,90.64536063098097,90.78213898116168,89.44366406098464,89.8149185180664,9625400,0.0,0.0,89.91065826416016,88.71726036071777,52.87703515937305,-1.288199296001082,-1.8818822779977773,1.8476655249008433,-0.006484315119164807,0.0,0.0,0.0,0.0,0.0,0.0,0.0,0.0,0.0,9030200.0,11082400.0,12109100.0,0.0,0.0,0.0,0.0,0.0,0.0,0.0,0.0,0.0,0.0,0.0,0.0,0.0,0.0,0.0,0.0,0.0,0.0,0.0,0.0,0.0,0.0,0.0,0.0,90.20245361328125,0.3356508105798661,89.25523485456195,1.3718520540349193,88.09819630214146,1.7935583023487762,-0.012991097299878684
2023-06-12,90.12754768453526,91.08500350332157,89.65858805916108,90.9970703125,12341600,0.0,0.0,90.32881164550781,88.7734375,56.09984057091347,-1.0522001879247398,-1.7159458599831698,1.9009824632131376,0.013162087256092025,0.0,0.0,0.0,0.0,0.0,0.0,0.0,0.0,0.0,9625400.0,9030200.0,11082400.0,0.0,0.0,0.0,0.0,0.0,0.0,0.0,0.0,0.0,0.0,0.0,0.0,0.0,0.0,0.0,0.0,0.0,0.0,0.0,0.0,0.0,0.0,0.0,0.0,90.40436553955078,0.5910826304158066,89.89027949741909,0.836072076795507,88.19031306675502,1.9117871300715794,-0.007565263293129454
2023-06-13,91.95452698433274,92.26716425286237,91.29017185697475,91.69073486328125,12964400,0.0,0.0,90.659033203125,88.8217987060547,71.14369482242387,-0.7999746526125762,-1.5327516185090513,1.9644473484836569,0.007622932786726988,0.0,0.0,0.0,0.0,0.0,0.0,0.0,0.0,0.0,12341600.0,9625400.0,9030200.0,0.0,0.0,0.0,0.0,0.0,0.0,0.0,0.0,0.0,0.0,0.0,0.0,0.0,0.0,0.0,0.0,0.0,0.0,0.0,0.0,0.0,0.0,0.0,0.0,90.83424123128255,0.9484496415264005,90.32015664236886,0.8832949235280299,88.47154671805245,2.1207566264146998,0.015143330718486947
2023-06-14,92.0913059584892,92.34531861639208,89.80513986033985,90.32294464111328,15877400,0.0,0.0,90.64535522460938,88.89360733032227,66.60120756696965,-0.7023570041778697,-1.366672695642815,1.9929890578979388,-0.014917431125483493,0.0,0.0,0.0,0.0,0.0,0.0,0.0,0.0,0.0,12964400.0,12341600.0,9625400.0,0.0,0.0,0.0,0.0,0.0,0.0,0.0,0.0,0.0,0.0,0.0,0.0,0.0,0.0,0.0,0.0,0.0,0.0,0.0,0.0,0.0,0.0,0.0,0.0,91.00358327229817,0.6839183700916006,90.5225339617048,0.6318742324998717,88.70742089407784,2.1305964478501687,-0.005272251353331314
2023-06-15,89.94191582706644,91.36832380279613,89.50227223903055,90.80167388916016,13354600,0.0,0.0,90.72546844482422,88.90191192626953,74.6406151033858,-0.5796826444013163,-1.2092746853945153,2.000959839858007,0.005300195315255163,0.0,0.0,0.0,0.0,0.0,0.0,0.0,0.0,0.0,15877400.0,12964400.0,12341600.0,0.0,0.0,0.0,0.0,0.0,0.0,0.0,0.0,0.0,0.0,0.0,0.0,0.0,0.0,0.0,0.0,0.0,0.0,0.0,0.0,0.0,0.0,0.0,0.0,90.93845113118489,0.6940774693192917,90.6313977922712,0.5996319672663473,89.04238946097237,2.0586059178016853,0.017739704280113067
2023-06-16,90.7430619287761,90.83099513095857,88.7695403321123,89.21895599365234,22683400,0.0,0.0,90.60627593994141,88.782719039917,63.51473447434398,-0.6032208824584586,-1.088063924807304,1.900061950348953,-0.01743049249774631,0.0,0.0,0.0,0.0,0.0,0.0,0.0,0.0,0.0,13354600.0,15877400.0,12964400.0,0.0,0.0,0.0,0.0,0.0,0.0,0.0,0.0,0.0,0.0,0.0,0.0,0.0,0.0,0.0,0.0,0.0,0.0,0.0,0.0,0.0,0.0,0.0,0.0,90.1145248413086,0.8116822616660493,90.4639151436942,0.8060561788063397,89.25383867536273,1.8963177353861462,0.01749308147579165
2023-06-20,88.2126506788171,88.69137490023456,87.67530184079475,87.68507385253906,14939200,0.0,0.0,89.94387664794922,88.70456008911133,57.83920292925782,-0.7371491784329578,-1.017880975532435,1.9120173924001018,-0.01719233456646152,0.0,0.0,0.0,0.0,0.0,0.0,0.0,0.0,0.0,22683400.0,13354600.0,15877400.0,0.0,0.0,0.0,0.0,0.0,0.0,0.0,0.0,0.0,0.0,0.0,0.0,0.0,0.0,0.0,0.0,0.0,0.0,0.0,0.0,0.0,0.0,0.0,0.0,89.23523457845052,1.5583637865752311,90.07591029575893,1.3268094062896587,89.3885247366769,1.6875713290732195,0.01252269200524303
2023-06-21,87.48966781149822,87.60690212287696,86.08279644407278,86.60060119628906,17873000,0.0,0.0,88.92584991455078,88.54921836853028,52.56023210795325,-0.920188833858191,-0.9983425471975862,1.9520389122171273,-0.012367813683703655,0.0,0.0,0.0,0.0,0.0,0.0,0.0,0.0,0.0,14939200.0,22683400.0,13354600.0,0.0,0.0,0.0,0.0,0.0,0.0,0.0,0.0,0.0,0.0,0.0,0.0,0.0,0.0,0.0,0.0,0.0,0.0,0.0,0.0,0.0,0.0,0.0,0.0,87.83487701416016,1.3155896782974343,89.6167221069336,1.8751097427106347,89.43597848074776,1.5895195996760176,0.0016950669210795688
2023-06-22,86.40521063822467,87.13795494159127,86.09257336694269,86.45405578613281,10915300,0.0,0.0,88.15207214355469,88.48424797058105,49.60936356093514,-1.0647997210117097,-1.011633981960411,2.000930311987636,-0.0016921985313252952,0.0,0.0,0.0,0.0,0.0,0.0,0.0,0.0,0.0,17873000.0,14939200.0,22683400.0,0.0,0.0,0.0,0.0,0.0,0.0,0.0,0.0,0.0,0.0,0.0,0.0,0.0,0.0,0.0,0.0,0.0,0.0,0.0,0.0,0.0,0.0,0.0,0.0,86.91324361165364,0.6724286801353415,88.96772003173828,2.0914464897175806,89.42899976457868,1.6033113692894299,0.004426700963900521
2023-06-23,85.99487500634245,86.36613692006163,85.5943119646352,86.07303619384766,13538000,0.0,0.0,87.20634460449219,88.43686447143554,37.874698825944265,-1.1963591046788196,-1.0485790065040927,2.0480774538878705,-0.004407191644400288,0.0,0.0,0.0,0.9245,0.9245,1.0,109.0,1.0,0.0,10915300.0,17873000.0,14939200.0,0.0,0.0,0.0,0.0,0.0,0.0,0.0,0.0,0.0,0.0,0.0,0.0,0.0,0.0,0.0,0.0,0.0,0.0,0.0,0.0,0.0,0.0,0.0,0.0,86.37589772542317,0.2723283308633644,88.16519165039062,1.9451183616331291,89.24267414637974,1.832101180976049,-0.006764303129664473
2023-06-26,86.014414336786,87.43105037717912,85.75062220681498,86.65922546386719,13132700,0.0,0.0,86.69439849853515,88.46422004699707,39.89455691051611,-1.2390374366707988,-1.086670692537434,2.018837247443503,0.006810370540425215,0.0,0.0,0.0,0.8599,0.8599,1.0,199.0,1.0,0.0,13538000.0,10915300.0,17873000.0,0.0,0.0,0.0,0.0,0.0,0.0,0.0,0.0,0.0,0.9245,0.0,0.0,0.9245,0.0,0.0,1.0,0.0,0.0,109.0,0.0,0.0,1.0,0.0,0.0,86.39543914794922,0.2974582286231534,87.64180319649833,1.7509711836044337,89.08216857910156,1.9579448582946313,-0.004042193839766783
2023-06-27,86.85462564413714,87.59714195345157,86.4540551832371,87.01094055175781,10032700,0.0,0.0,86.5595718383789,88.50183372497558,35.349622683845666,-1.2302977474690096,-1.1153961035237492,1.9822586006865706,0.004058599485605496,0.0,0.0,0.0,0.0,0.0,0.0,0.0,0.0,0.0,13132700.0,13538000.0,10915300.0,0.0,0.0,0.0,0.0,0.0,0.0,0.0,0.0,0.0,0.8599,0.9245,0.0,0.8599,0.9245,0.0,1.0,1.0,0.0,199.0,109.0,0.0,1.0,1.0,0.0,86.58106740315755,0.4738118381671063,87.1002698625837,1.0611155242541799,88.86583382742745,2.010628939261741,0.0025891308196763774
2023-06-28,87.3333530013418,87.34312501275413,86.4931389125396,86.78623962402344,12118300,0.0,0.0,86.59669952392578,88.55117225646973,32.34448151787683,-1.2273547858057725,-1.1377878399801538,1.9228465221464484,-0.002582444532945982,0.0,0.0,0.0,0.0,0.0,0.0,0.0,0.0,0.0,10032700.0,13132700.0,13538000.0,0.0,0.0,0.0,0.0,0.0,0.0,0.0,0.0,0.0,0.0,0.8599,0.9245,0.0,0.8599,0.9245,0.0,1.0,1.0,0.0,199.0,109.0,0.0,1.0,1.0,86.81880187988281,0.178104186201858,86.75273895263672,0.5033449562752973,88.60832704816546,2.030979240416907,-0.0013490056548322027
2023-06-29,85.77993757888976,87.06956727695966,85.33051450565665,86.90347290039062,13402600,0.0,0.0,86.68658294677735,88.59953346252442,33.04916917479497,-1.2017101552106197,-1.1505723030262471,1.8649079059866096,0.0013508279293477088,0.0,0.0,0.0,0.0,0.0,0.0,0.0,0.0,0.0,12118300.0,10032700.0,13132700.0,0.0,0.0,0.0,0.0,0.0,0.0,0.0,0.0,0.0,0.0,0.0,0.8599,0.0,0.0,0.8599,0.0,0.0,1.0,0.0,0.0,199.0,0.0,0.0,1.0,86.9002176920573,0.11238582658548311,86.64108167375836,0.31260672630600966,88.35849598475865,2.0084828529057446,-0.003696184772502442
2023-06-30,87.1281781102204,87.53851310847797,86.57129276862511,87.22587585449219,12837500,0.0,0.0,86.91715087890626,88.63323936462402,37.12331002242552,-1.1422047513663074,-1.148898792694259,1.8317460294679582,0.003709897238181714,0.0,0.0,0.0,0.0,0.0,0.0,0.0,0.0,0.0,13402600.0,12118300.0,10032700.0,0.0,0.0,0.0,0.0,0.0,0.0,0.0,0.0,0.0,0.0,0.0,0.0,0.0,0.0,0.0,0.0,0.0,0.0,0.0,0.0,0.0,0.0,0.0,0.0,86.97186279296875,0.2276573891629459,86.73040662493024,0.3809704118960802,88.17356436593192,1.983099937905815,-0.013480770724214941
2023-07-03,87.06956927308258,88.85745978026615,86.86440175435203,88.41781616210938,7979500,0.0,0.0,87.26886901855468,88.62005043029785,37.18447161362812,-0.9874835728024038,-1.116615748715888,1.8323290723260792,0.013664985257419993,0.0,0.0,0.0,0.0,0.0,0.0,0.0,0.0,0.0,12837500.0,13402600.0,12118300.0,0.0,0.0,0.0,0.0,0.0,0.0,0.0,0.0,0.0,0.0,0.0,0.0,0.0,0.0,0.0,0.0,0.0,0.0,0.0,0.0,0.0,0.0,0.0,0.0,87.51572163899739,0.797694686377557,87.01094382149833,0.7177399782062298,87.9893319266183,1.8131400844154404,0.007907338378769557
2023-07-05,88.03678889229606,88.3103455814104,87.19657480209585,87.72415161132812,11028800,0.0,0.0,87.41151123046875,88.56094284057617,30.291255805631323,-0.9103449660377123,-1.075361592180253,1.8416523836397096,-0.00784530291394503,0.0,0.0,0.0,0.0,0.0,0.0,0.0,0.0,0.0,7979500.0,12837500.0,13402600.0,0.0,0.0,0.0,0.0,0.0,0.0,0.0,0.0,0.0,0.0,0.0,0.0,0.0,0.0,0.0,0.0,0.0,0.0,0.0,0.0,0.0,0.0,0.0,0.0,87.78928120930989,0.5986332956249216,87.24681745256696,0.6232233551634413,87.7060045514788,1.4671609379844577,0.011832303873000827
2023-07-06,86.62992167639703,86.78624405152624,85.76039896285887,86.69831085205078,12084600,0.0,0.0,87.39392547607422,88.39387702941895,31.356786207048103,-0.921367884941759,-1.0445628507325544,1.8519784256866072,-0.011693937649262742,0.0,0.0,0.0,0.0,0.0,0.0,0.0,0.0,0.0,11028800.0,7979500.0,12837500.0,0.0,0.0,0.0,0.0,0.0,0.0,0.0,0.0,0.0,0.0,0.0,0.0,0.0,0.0,0.0,0.0,0.0,0.0,0.0,0.0,0.0,0.0,0.0,0.0,87.6134262084961,0.86508364564031,87.25240107945034,0.6172278090959761,87.44710213797433,1.2773753305536364,0.0011282791852709195
2023-07-07,86.2781919322774,87.6655267324264,86.0534878662281,86.60060119628906,9705100,0.0,0.0,87.3333511352539,88.20434036254883,27.510400525397046,-0.9272986585035028,-1.021110012286744,1.8306480944062569,-0.0011270076060473366,0.0,0.0,0.0,0.0,0.0,0.0,0.0,0.0,0.0,12084600.0,11028800.0,7979500.0,0.0,0.0,0.0,0.0,0.0,0.0,0.0,0.0,0.0,0.0,0.0,0.0,0.0,0.0,0.0,0.0,0.0,0.0,0.0,0.0,0.0,0.0,0.0,0.0,87.00768788655598,0.6223961727816184,87.19378117152623,0.6618543213261723,87.14702551705497,0.8510043418898535,0.006129271439353712
2023-07-10,86.21958655695465,86.63969362246876,85.83856008519314,86.07303619384766,13642600,0.0,0.0,87.102783203125,87.98793678283691,31.014093171110844,-0.9634627273463252,-1.0095805552986603,1.8130264987306426,-0.006091932332497607,0.0,0.0,0.0,0.0,0.0,0.0,0.0,0.0,0.0,9705100.0,12084600.0,11028800.0,0.0,0.0,0.0,0.0,0.0,0.0,0.0,0.0,0.0,0.0,0.0,0.0,0.0,0.0,0.0,0.0,0.0,0.0,0.0,0.0,0.0,0.0,0.0,0.0,86.45731608072917,0.3363630000515563,87.0918949672154,0.77948919787228,86.92231695992606,0.6544728434369853,-0.015532347006857572
2023-07-11,86.17072447429359,87.52874327893278,86.12187932787063,87.43104553222656,13735500,0.0,0.0,86.90542907714844,87.86874313354492,48.433666019359016,-0.872485538023767,-0.9821615518436817,1.7643003638001749,0.015777407169888846,0.0,0.0,0.0,0.0,0.0,0.0,0.0,0.0,0.0,13642600.0,9705100.0,12084600.0,0.0,0.0,0.0,0.0,0.0,0.0,0.0,0.0,0.0,0.0,0.0,0.0,0.0,0.0,0.0,0.0,0.0,0.0,0.0,0.0,0.0,0.0,0.0,0.0,86.7015609741211,0.6846108371448442,87.16726248604911,0.783728146724816,86.90417207990374,0.6349287365224814,-0.007321201495459229
2023-07-12,88.03678610860088,88.6229800601479,87.50920931605042,88.07586669921875,14912100,0.0,0.0,86.97577209472657,87.72268295288086,59.6179213280835,-0.7398255326346543,-0.9336943480018762,1.6054538201780002,0.007375196797280825,0.0,0.0,0.0,0.0,0.0,0.0,0.0,0.0,0.0,13735500.0,13642600.0,9705100.0,0.0,0.0,0.0,0.0,0.0,0.0,0.0,0.0,0.0,0.0,0.0,0.0,0.0,0.0,0.0,0.0,0.0,0.0,0.0,0.0,0.0,0.0,0.0,0.0,87.19331614176433,1.0223595041024371,87.28868974958148,0.8567664865390706,87.00954818725586,0.699780392450115,-0.003537081349418325
2023-07-13,88.46666520960736,88.72067786799947,87.03048518236513,88.38850402832031,15325500,0.0,0.0,87.31381072998047,87.55757141113281,62.34420764005733,-0.6025188408187319,-0.8674592465652474,1.3203827738926532,0.003549636703198411,0.0,0.0,0.0,0.0,0.0,0.0,0.0,0.0,0.0,14912100.0,13735500.0,13642600.0,0.0,0.0,0.0,0.0,0.0,0.0,0.0,0.0,0.0,0.0,0.0,0.0,0.0,0.0,0.0,0.0,0.0,0.0,0.0,0.0,0.0,0.0,0.0,0.0,87.9651387532552,0.4882388774449094,87.28450230189732,0.8503759094229997,87.14772306169782,0.7691983354551131,0.020875626544607284
2023-07-14,88.3298872524042,88.40804098016972,86.38566699222392,86.58106994628906,17770000,0.0,0.0,87.30990447998047,87.3704776763916,52.74261082019258,-0.6322588370700686,-0.8204191646662118,1.1637278443912151,-0.02044874615653791,0.0,0.0,0.0,0.0,0.0,0.0,0.0,0.0,0.0,15325500.0,14912100.0,13735500.0,0.0,0.0,0.0,0.0,0.0,0.0,0.0,0.0,0.0,0.0,0.0,0.0,0.0,0.0,0.0,0.0,0.0,0.0,0.0,0.0,0.0,0.0,0.0,0.0,87.6818135579427,0.9660035708186239,87.12120492117745,0.8615585147225663,87.18401118687221,0.7253310823522171,0.03576442880806563
2023-07-17,86.38566771988881,86.45405689092254,83.33745614940163,83.59146881103516,34503400,0.0,0.0,86.81359100341797,87.00996742248535,36.850903635142394,-0.8868408752693426,-0.8337035067868379,1.161655694776118,-0.034529500930267076,0.0,0.0,0.0,0.0,0.0,0.0,0.0,0.0,0.0,17770000.0,15325500.0,14912100.0,0.0,0.0,0.0,0.0,0.0,0.0,0.0,0.0,0.0,0.0,0.0,0.0,0.0,0.0,0.0,0.0,0.0,0.0,0.0,0.0,0.0,0.0,0.0,0.0,86.18701426188152,2.4226734469959226,86.6773703438895,1.599738110614307,86.96488571166992,1.2025007391682008,-0.004537524066585363
2023-07-18,83.54262443390236,85.29144177089645,83.34722147638698,83.97249603271484,21885100,0.0,0.0,86.12188110351562,86.74764442443848,37.00918495361204,-1.0457979544621878,-0.876122396321908,1.2271012041853746,0.004558207040733064,0.0,0.0,0.0,0.0,0.0,0.0,0.0,0.0,0.0,34503400.0,17770000.0,15325500.0,0.0,0.0,0.0,0.0,0.0,0.0,0.0,0.0,0.0,0.0,0.0,0.0,0.0,0.0,0.0,0.0,0.0,0.0,0.0,0.0,0.0,0.0,0.0,0.0,84.71501159667969,1.6272448368409584,86.3019267490932,1.9008208061442444,86.74785396030971,1.4435783628817627,-0.012523029510520534
2023-07-19,84.21674466124543,85.86786425664693,84.20698010370464,85.03742218017578,17177000,0.0,0.0,85.51419219970703,86.61526184082031,43.0241581825032,-1.0734676776282157,-0.9155914525831697,1.262940452906038,0.012681844625007432,0.0,0.0,0.0,0.0,0.0,0.0,0.0,0.0,0.0,21885100.0,34503400.0,17770000.0,0.0,0.0,0.0,0.0,0.0,0.0,0.0,0.0,0.0,0.0,0.0,0.0,0.0,0.0,0.0,0.0,0.0,0.0,0.0,0.0,0.0,0.0,0.0,0.0,84.2004623413086,0.7494476398140503,86.15398188999721,1.9609557861591786,86.6229384286063,1.5139502410685295,0.009627674135020303
2023-07-20,84.84201927280762,85.17420057591359,84.05065778760276,84.22651672363281,15277500,0.0,0.0,84.68179473876953,86.4965576171875,39.881849074101844,-1.1476006005437682,-0.9619932821752895,1.3713118500251147,-0.009535865925296205,0.0,0.0,0.0,0.0,0.0,0.0,0.0,0.0,0.0,17177000.0,21885100.0,34503400.0,0.0,0.0,0.0,0.0,0.0,0.0,0.0,0.0,0.0,0.0,0.0,0.0,0.0,0.0,0.0,0.0,0.0,0.0,0.0,0.0,0.0,0.0,0.0,0.0,84.41214497884114,0.5562016826075225,85.6961920601981,1.9870126360526892,86.4317272731236,1.6396261965198682,-0.011126346655736197
2023-07-21,84.31444374158859,85.87763002852306,83.9041012850069,85.1741943359375,19901000,0.0,0.0,84.40041961669922,86.43256454467773,42.595217640320726,-1.1170056667975246,-0.9929957590997366,1.4028985705493149,0.011251535136069357,0.0,0.0,0.0,0.0,0.0,0.0,0.0,0.0,0.0,15277500.0,17177000.0,21885100.0,0.0,0.0,0.0,0.0,0.0,0.0,0.0,0.0,0.0,0.0,0.0,0.0,0.0,0.0,0.0,0.0,0.0,0.0,0.0,0.0,0.0,0.0,0.0,0.0,84.81271107991536,0.5122445930912687,85.28166743687221,1.6880033021358434,86.28517859322685,1.6548043978482123,0.006697397941148875
2023-07-24,85.47706662196109,85.93625426209567,84.55869879555271,84.6075439453125,13911900,0.0,0.0,84.60363464355468,86.35928993225097,35.59821256579167,-1.125508747965867,-1.0194983568729628,1.4597840460739313,-0.006652841216085448,0.0,0.0,0.0,0.0,0.0,0.0,0.0,0.0,0.0,19901000.0,15277500.0,17177000.0,0.0,0.0,0.0,0.0,0.0,0.0,0.0,0.0,0.0,0.0,0.0,0.0,0.0,0.0,0.0,0.0,0.0,0.0,0.0,0.0,0.0,0.0,0.0,0.0,84.66941833496094,0.47685904026958364,84.7415302821568,0.9879189189665554,86.01301629202706,1.589102584037865,0.011327929214851373
2023-07-25,83.75755627093702,84.32420616105905,83.20067093739883,83.65985107421875,15335400,0.0,0.0,84.54110565185547,86.20932121276856,34.927494570439436,-1.1949438269404027,-1.0545874508864508,1.576732401467824,-0.011201044574775776,0.0,0.0,0.0,0.0,0.0,0.0,0.0,0.0,0.0,13911900.0,19901000.0,15277500.0,0.0,0.0,0.0,0.0,0.0,0.0,0.0,0.0,0.0,0.0,0.0,0.0,0.0,0.0,0.0,0.0,0.0,0.0,0.0,0.0,0.0,0.0,0.0,0.0,84.48052978515625,0.7651198116887111,84.32421330043248,0.635472558158263,85.72270911080497,1.6233327096895322,-0.002678874003425924
2023-07-26,83.69893632127622,84.28513026491667,83.4839968027073,83.88456726074219,14983700,0.0,0.0,84.31053466796875,86.05300254821778,38.90599835275871,-1.2178008588138312,-1.087230132471927,1.6465081572513962,0.002686069645570832,0.0,0.0,0.0,0.0,0.0,0.0,0.0,0.0,0.0,15335400.0,13911900.0,19901000.0,0.0,0.0,0.0,0.0,0.0,0.0,0.0,0.0,0.0,0.0,0.0,0.0,0.0,0.0,0.0,0.0,0.0,0.0,0.0,0.0,0.0,0.0,0.0,0.0,84.05065409342448,0.4951959929901301,84.36608450753349,0.5869488905372998,85.52172742571149,1.6668527205843593,0.005857528526954425
2023-07-27,84.60754088427555,84.88109756538782,83.22998546757151,83.39607238769531,16691400,0.0,0.0,84.14444580078126,85.88349418640136,37.742924277778485,-1.2607989692846502,-1.1219438998344715,1.738961769805489,-0.005823417691700805,0.0,0.0,0.0,0.0,0.0,0.0,0.0,0.0,0.0,14983700.0,15335400.0,13911900.0,0.0,0.0,0.0,0.0,0.0,0.0,0.0,0.0,0.0,0.0,0.0,0.0,0.0,0.0,0.0,0.0,0.0,0.0,0.0,0.0,0.0,0.0,0.0,0.0,83.64683024088542,0.24450760074887223,84.2837382725307,0.6838127556583864,85.29283251081195,1.7262701962595566,-0.008940029343141198
2023-07-28,83.88457651117857,84.58801230266319,83.48400600897045,84.14836120605469,13638300,0.0,0.0,83.93927917480468,85.74573860168456,42.76268339942244,-1.2201072245218967,-1.1415765647719567,1.7628710219432455,0.009020674437305587,0.0,0.0,0.0,0.0,0.0,0.0,0.0,0.0,0.0,16691400.0,14983700.0,15335400.0,0.0,0.0,0.0,0.0,0.0,0.0,0.0,0.0,0.0,0.0,0.0,0.0,0.0,0.0,0.0,0.0,0.0,0.0,0.0,0.0,0.0,0.0,0.0,0.0,83.80966695149739,0.38169642230578993,84.15672956194196,0.5976298099343811,85.15535572596959,1.735968205301388,-0.03104948041488098
2023-07-31,84.99833370383118,87.30403622589908,84.88109193947076,86.8448486328125,20837800,0.0,0.0,84.3867401123047,85.72668724060058,47.99732678026113,-0.959217461966162,-1.1051047442107977,1.748029688509944,0.03204444374329407,0.0,0.0,0.0,0.5007,0.5007,1.0,244.0,1.0,0.0,13638300.0,16691400.0,14983700.0,0.0,0.0,0.0,0.0,0.0,0.0,0.0,0.0,0.0,0.0,0.0,0.0,0.0,0.0,0.0,0.0,0.0,0.0,0.0,0.0,0.0,0.0,0.0,0.0,84.79642740885417,1.8134240402149535,84.53077697753906,1.1821380309824452,85.11348451886859,1.683121878301399,-0.001572601077269864
2023-08-01,87.06956924328102,87.66553523009183,86.4247506527536,86.98163604736328,13717500,0.0,0.0,85.0510971069336,85.65487823486328,46.127255161076576,-0.7329735811737947,-1.0306785116033972,1.6588857867421178,0.0015750780467029823,0.0,0.0,0.0,0.0,0.0,0.0,0.0,0.0,0.0,20837800.0,13638300.0,16691400.0,0.0,0.0,0.0,0.0,0.0,0.0,0.0,0.0,0.0,0.5007,0.0,0.0,0.5007,0.0,0.0,1.0,0.0,0.0,244.0,0.0,0.0,1.0,0.0,0.0,85.99161529541016,1.5977693599638474,84.78898293631417,1.5005962153309165,85.0353251865932,1.5555470953896176,0.03163385035719446
2023-08-02,86.229349668669,86.29773883721197,84.27536490588659,84.31444549560547,15162700,0.0,0.0,85.13707275390625,85.48439292907715,37.640795569901215,-0.7601313415915314,-0.9765690776010241,1.609506329148172,-0.03066383518361826,0.0,0.0,0.0,0.0,0.0,0.0,0.0,0.0,0.0,13717500.0,20837800.0,13638300.0,0.0,0.0,0.0,0.0,0.0,0.0,0.0,0.0,0.0,0.0,0.5007,0.0,0.0,0.5007,0.0,0.0,1.0,0.0,0.0,244.0,0.0,0.0,1.0,0.0,86.04697672526042,1.5019740495402407,84.74711172921317,1.510558798264338,84.744321005685,1.2262117735174243,0.009474733040433447
2023-08-03,83.84549586104458,84.47077046331279,83.48400595347715,83.52308654785156,14145400,0.0,0.0,85.1624755859375,85.32563171386718,40.113727064910364,-0.8358746728896023,-0.9484301966587397,1.639780559388363,-0.009385805043278794,0.0,0.0,0.0,0.0,0.0,0.0,0.0,0.0,0.0,15162700.0,13717500.0,20837800.0,0.0,0.0,0.0,0.0,0.0,0.0,0.0,0.0,0.0,0.0,0.0,0.5007,0.0,0.0,0.5007,0.0,0.0,1.0,0.0,0.0,244.0,0.0,0.0,1.0,84.93972269694011,1.812076114302329,84.72757393973214,1.5277520050860454,84.52589362008231,1.143428000051394,-0.009385805043278794
2023-08-04,83.96272764199581,85.10580693929704,83.48399600833469,84.31444549560547,11533900,0.0,0.0,85.19569244384766,85.21132392883301,52.72460244530495,-0.8225637523149629,-0.9232569077899845,1.6258495814499485,0.009474733040433447,0.0,0.0,0.0,0.0,0.0,0.0,0.0,0.0,0.0,14145400.0,15162700.0,13717500.0,0.0,0.0,0.0,0.0,0.0,0.0,0.0,0.0,0.0,0.0,0.0,0.0,0.0,0.0,0.0,0.0,0.0,0.0,0.0,0.0,0.0,0.0,0.0,0.0,84.0506591796875,0.45689130151154334,84.78898511614118,1.4965389323745122,84.57753481183734,1.1139252804281161,-0.006103893172246466
2023-08-07,84.6661655821511,85.22305095607665,84.01157500442135,84.8322525024414,10818400,0.0,0.0,84.79317321777344,85.1492847442627,53.20700720687288,-0.7614544806377666,-0.8908964223595409,1.614873634924401,0.0061413794966240776,0.0,0.0,0.0,0.0,0.0,0.0,0.0,0.0,0.0,11533900.0,14145400.0,15162700.0,0.0,0.0,0.0,0.0,0.0,0.0,0.0,0.0,0.0,0.0,0.0,0.0,0.0,0.0,0.0,0.0,0.0,0.0,0.0,0.0,0.0,0.0,0.0,0.0,84.22326151529948,0.6593290247386376,84.99415370396206,1.3665516094857029,84.63894598824638,1.1016349533702547,-0.014750913685981915
2023-08-08,84.50984571100844,86.29774365775172,84.11904724585011,86.10234069824219,16767900,0.0,0.0,84.61731414794922,85.08284950256348,53.91240732695192,-0.6035817253209643,-0.8334334829518257,1.54173741381254,0.014971760837827919,0.0,0.0,0.0,0.0,0.0,0.0,0.0,0.0,0.0,10818400.0,11533900.0,14145400.0,0.0,0.0,0.0,0.0,0.0,0.0,0.0,0.0,0.0,0.0,0.0,0.0,0.0,0.0,0.0,0.0,0.0,0.0,0.0,0.0,0.0,0.0,0.0,0.0,85.08301289876302,0.9199472246686579,85.27329363141742,1.3645548467909903,84.71501159667969,1.1661419475225518,0.007315116055928161
2023-08-09,87.1477222092102,87.49944008207368,85.0374224258901,85.47706604003906,32517900,0.0,0.0,84.84983825683594,84.95290946960449,54.65793006398431,-0.5228932803531023,-0.7713254424320811,1.3769091493454857,-0.007261993729003158,0.0,0.0,0.0,0.0,0.0,0.0,0.0,0.0,0.0,16767900.0,10818400.0,11533900.0,0.0,0.0,0.0,0.0,0.0,0.0,0.0,0.0,0.0,0.0,0.0,0.0,0.0,0.0,0.0,0.0,0.0,0.0,0.0,0.0,0.0,0.0,0.0,0.0,85.47055308024089,0.6350691460481377,85.07789611816406,1.1885941509623181,84.80433654785156,1.1737161896516768,-0.046534388044713215
2023-08-10,87.90000179126231,90.40109978984984,85.73107760954845,89.64881896972656,56716800,0.0,0.0,86.07498474121094,85.0159252166748,63.43896649068778,-0.12092753243622667,-0.6412458604329103,1.5591923293699805,0.04880552320002862,0.0,0.0,0.0,0.0,0.0,0.0,0.0,0.0,0.0,32517900.0,16767900.0,10818400.0,0.0,0.0,0.0,0.0,0.0,0.0,0.0,0.0,0.0,0.0,0.0,0.0,0.0,0.0,0.0,0.0,0.0,0.0,0.0,0.0,0.0,0.0,0.0,0.0,87.07607523600261,2.249888850390138,85.45892224993024,2.0301633735366837,85.12395259312221,1.7499665786474286,0.03077956583648378
2023-08-11,89.21894836232627,89.24825694259309,86.81554788025888,86.97186279296875,21998900,0.0,0.0,86.6064682006836,85.03546485900878,56.30207566492942,-0.018165373297563292,-0.516629763005841,1.582119023811622,-0.029860473428677148,0.0,0.0,0.0,0.0,0.0,0.0,0.0,0.0,0.0,56716800.0,32517900.0,16767900.0,0.0,0.0,0.0,0.0,0.0,0.0,0.0,0.0,0.0,0.0,0.0,0.0,0.0,0.0,0.0,0.0,0.0,0.0,0.0,0.0,0.0,0.0,0.0,0.0,87.3659159342448,2.1136080609236365,85.83855329241071,2.0289448771128753,85.29283251081195,1.8093727681959313,0.0023646133137964487
2023-08-14,86.94255204631396,87.24542476053247,85.96555964117412,86.76669311523438,13676400,0.0,0.0,86.99335632324218,85.19422607421875,58.622580735322636,0.046186490747317066,-0.4040665122552094,1.588889644144423,-0.002359035107972418,0.0,0.0,0.0,0.0,0.0,0.0,0.0,0.0,0.0,21998900.0,56716800.0,32517900.0,0.0,0.0,0.0,0.0,0.0,0.0,0.0,0.0,0.0,0.0,0.0,0.0,0.0,0.0,0.0,0.0,0.0,0.0,0.0,0.0,0.0,0.0,0.0,0.0,87.79579162597656,1.6080442785195508,86.30192565917969,1.7652555773282963,85.51474979945591,1.784030922739468,0.020101024470726703
2023-08-15,85.96556434421302,86.20004790105438,84.8908741305367,85.05696105957031,13677900,0.0,0.0,86.7842803955078,85.24844932556152,53.0060226869932,-0.04031060586018498,-0.3313153309762045,1.563300319572403,-0.019704935088322162,0.0,0.0,0.0,0.0,0.0,0.0,0.0,0.0,0.0,13676400.0,21998900.0,56716800.0,0.0,0.0,0.0,0.0,0.0,0.0,0.0,0.0,0.0,0.0,0.0,0.0,0.0,0.0,0.0,0.0,0.0,0.0,0.0,0.0,0.0,0.0,0.0,0.0,86.26517232259114,1.0513584028452767,86.40799931117466,1.6440732767468458,85.59849221365792,1.7282685570003096,0.008222349996825695
2023-08-16,84.54892745939705,85.05696025334936,84.099511827169,84.36329650878906,12182700,0.0,0.0,86.56152648925782,85.2147430419922,52.454146395477316,-0.16295467014937515,-0.2976431988108386,1.5753110081611055,-0.008155294312659933,0.0,0.0,0.0,0.0,0.0,0.0,0.0,0.0,0.0,13677900.0,13676400.0,21998900.0,0.0,0.0,0.0,0.0,0.0,0.0,0.0,0.0,0.0,0.0,0.0,0.0,0.0,0.0,0.0,0.0,0.0,0.0,0.0,0.0,0.0,0.0,0.0,0.0,85.39565022786458,1.2369767889933383,86.34100559779576,1.7264740599124295,85.6675796508789,1.6510623845618337,0.005004543015866281
2023-08-17,84.92019171994299,84.95927231689552,83.82596482071897,83.94319915771484,14206000,0.0,0.0,85.42040252685547,85.2005771636963,49.47051473347738,-0.29069833063086037,-0.296254225174843,1.585903525097629,-0.0049796222819535885,0.0,0.0,0.0,0.0,0.0,0.0,0.0,0.0,0.0,12182700.0,13677900.0,13676400.0,0.0,0.0,0.0,0.0,0.0,0.0,0.0,0.0,0.0,0.0,0.0,0.0,0.0,0.0,0.0,0.0,0.0,0.0,0.0,0.0,0.0,0.0,0.0,0.0,84.45448557535808,0.562452645031233,86.03255680629185,1.9540899957207658,85.65292521885463,1.6664228810219284,-0.00046521878637217906
2023-08-18,83.40584732509369,84.72478562893673,83.40584732509369,83.98226928710938,12364400,0.0,0.0,84.82248382568359,85.14098091125489,41.43776471447349,-0.3843528881432263,-0.3138739577685197,1.60917196081313,0.0004654353156248181,0.0,0.0,0.0,0.0,0.0,0.0,0.0,0.0,0.0,14206000.0,12182700.0,13677900.0,0.0,0.0,0.0,0.0,0.0,0.0,0.0,0.0,0.0,0.0,0.0,0.0,0.0,0.0,0.0,0.0,0.0,0.0,0.0,0.0,0.0,0.0,0.0,0.0,84.09625498453777,0.23208834634408074,85.81901441301618,2.101059760854738,85.44845526559013,1.6844457246688955,0.0009316681515525449
2023-08-21,83.8357093458832,84.26558835577393,83.44491837746611,83.90409851074219,11215000,0.0,0.0,84.24996490478516,85.10580863952637,40.76241310972049,-0.4595847214811499,-0.34301611051104575,1.6290105956162382,-0.0009308009539483741,0.0,0.0,0.0,0.1803,0.18030000000000002,1.0,180.0,1.0,0.0,12364400.0,14206000.0,12182700.0,0.0,0.0,0.0,0.0,0.0,0.0,0.0,0.0,0.0,0.0,0.0,0.0,0.0,0.0,0.0,0.0,0.0,0.0,0.0,0.0,0.0,0.0,0.0,0.0,83.9431889851888,0.03908538917847421,84.9983400617327,1.3398798420192817,85.22863115583148,1.6697195462119825,0.001048884689587748
2023-08-22,83.73802381093702,84.10927826659795,83.40584994858689,83.8161849975586,9835300,0.0,0.0,84.0018096923828,85.11362533569336,48.230409811812365,-0.5203026521111838,-0.3784734188310733,1.6220673737458116,-0.0010477856832266097,0.0,0.0,0.0,0.0,0.0,0.0,0.0,0.0,0.0,11215000.0,12364400.0,14206000.0,0.0,0.0,0.0,0.0,0.0,0.0,0.0,0.0,0.0,0.1803,0.0,0.0,0.18030000000000002,0.0,0.0,1.0,0.0,0.0,180.0,0.0,0.0,1.0,0.0,0.0,83.90085093180339,0.08308975800771365,84.54752894810268,1.0686246573780516,85.1930411202567,1.6958106602139114,-0.000466014386033331
2023-08-23,83.8357187334224,84.34375897542853,83.66963180786149,83.85526275634766,7576000,0.0,0.0,83.90020294189453,85.11216011047364,51.24633376519953,-0.5588269913383215,-0.414544133332523,1.623248828515113,0.0004662316566925728,0.0,0.0,0.0,0.9969,0.9969,1.0,1.0,1.0,0.0,9835300.0,11215000.0,12364400.0,0.0,0.0,0.0,0.0,0.0,0.0,0.0,0.0,0.0,0.0,0.1803,0.0,0.0,0.18030000000000002,0.0,0.0,1.0,0.0,0.0,180.0,0.0,0.0,1.0,0.0,83.85851542154948,0.044046921838169426,84.13161032540458,0.446351267642048,85.21676799229213,1.6728161541703066,0.040742151617769284
2023-08-24,83.54262091580095,83.97249249651092,80.5627911604573,80.57256317138672,27531000,0.0,0.0,83.2260757446289,84.9709846496582,38.17168203400688,-0.8445092525947757,-0.5005371571849736,1.8824420241104665,-0.03914721005048005,0.0,0.0,0.0,0.0,0.0,0.0,0.0,0.0,0.0,7576000.0,9835300.0,11215000.0,0.0,0.0,0.0,0.0,0.0,0.0,0.0,0.0,0.0,0.9969,0.0,0.1803,0.9969,0.0,0.18030000000000002,1.0,0.0,1.0,1.0,0.0,180.0,1.0,0.0,1.0,82.74800364176433,1.8840880281785435,83.49098205566406,1.29955680446067,84.94949068341937,2.077950410422062,-0.010676662315600383
2023-08-25,81.1587641847445,81.72542160627114,80.56279818173563,81.44209289550781,16050900,0.0,0.0,82.7180404663086,84.83567123413086,39.51661115381331,-0.9893461544744184,-0.5982989566428626,2.0357120153932873,0.010791883612682351,0.0,0.0,0.0,0.0,0.0,0.0,0.0,0.0,0.0,27531000.0,7576000.0,9835300.0,0.0,0.0,0.0,0.0,0.0,0.0,0.0,0.0,0.0,0.0,0.9969,0.0,0.0,0.9969,0.0,0.0,1.0,0.0,0.0,1.0,0.0,0.0,1.0,0.0,81.95663960774739,1.700763910889243,83.07366725376674,1.4347496939894446,84.70733642578125,2.2803435246425585,-0.009505603577619537
2023-08-28,81.90126932900881,82.74148333441306,81.60816864661757,82.22367858886719,12166400,0.0,0.0,82.3819564819336,84.6046127319336,37.63236510485088,-1.0291990433203893,-0.6844789739783679,2.0578002551715735,0.009596827212706494,0.0,0.0,0.0,0.0,0.0,0.0,0.0,0.0,0.0,16050900.0,27531000.0,7576000.0,0.0,0.0,0.0,0.0,0.0,0.0,0.0,0.0,0.0,0.0,0.0,0.9969,0.0,0.0,0.9969,0.0,0.0,1.0,0.0,0.0,1.0,0.0,0.0,1.0,81.41277821858723,0.8259479663833618,82.82802145821708,1.408015276124059,84.43028913225446,2.332834396273966,-0.0028435536602438027
2023-08-29,81.8621868633018,82.60470310883007,81.80356970971215,82.4581527709961,11210700,0.0,0.0,82.1103500366211,84.37843856811523,40.12774958247612,-1.029989559445056,-0.7535810910717056,2.0312072037626874,0.0028516625156278508,0.0,0.0,0.0,0.0,0.0,0.0,0.0,0.0,0.0,12166400.0,16050900.0,27531000.0,0.0,0.0,0.0,0.0,0.0,0.0,0.0,0.0,0.0,0.0,0.0,0.0,0.0,0.0,0.0,0.0,0.0,0.0,0.0,0.0,0.0,0.0,0.0,0.0,82.0413080851237,0.5320137856496057,82.61029052734375,1.3145157279560802,84.21465247017997,2.367895913090605,0.0014238475516714644
2023-08-30,82.45815362749131,82.73171028556428,81.90126830102568,82.34091186523438,11816600,0.0,0.0,81.80747985839844,84.27976188659667,17.47815493764955,-1.0282236878149433,-0.8085096104203531,2.0817873088924,-0.0014218230923426223,0.0,0.0,0.0,-0.1096,-0.1096,1.0,282.0,0.0,0.0,11210700.0,12166400.0,16050900.0,0.0,0.0,0.0,0.0,0.0,0.0,0.0,0.0,0.0,0.0,0.0,0.0,0.0,0.0,0.0,0.0,0.0,0.0,0.0,0.0,0.0,0.0,0.0,0.0,82.34091440836589,0.1172370910858502,82.38697814941406,1.1844306953836055,83.69265910557338,1.8198935516235228,0.007170002751089033
2023-08-31,82.51678315893514,82.66333352027341,81.71564963132843,81.75473022460938,10448000,0.0,0.0,82.04391326904297,84.19134407043457,21.47426752166274,-1.0618834498888958,-0.8591843783140617,2.1519856523602017,-0.007118959789811252,0.0,0.0,0.0,0.0,0.0,0.0,0.0,0.0,0.0,11816600.0,11210700.0,12166400.0,0.0,0.0,0.0,0.0,0.0,0.0,0.0,0.0,0.0,-0.1096,0.0,0.0,-0.1096,0.0,0.0,1.0,0.0,0.0,282.0,0.0,0.0,0.0,0.0,0.0,82.18459828694661,0.37686372969456905,82.09248461042132,1.0138438855069145,83.320006779262,1.619932998284614,0.024987754101789994
2023-09-01,80.22085300172692,80.33809478253075,78.6772030968514,79.76166534423828,27701900,0.0,0.0,81.70782775878907,83.96370506286621,17.962378179204364,-1.2351447530831194,-0.9343764532678733,2.3682139840685696,-0.02437858794097214,0.0,0.0,0.0,0.0,0.0,0.0,0.0,0.0,0.0,10448000.0,11816600.0,11210700.0,0.0,0.0,0.0,0.0,0.0,0.0,0.0,0.0,0.0,0.0,-0.1096,0.0,0.0,-0.1096,0.0,0.0,1.0,0.0,0.0,282.0,0.0,0.0,0.0,0.0,81.28576914469402,1.3520619530459101,81.50768498011998,1.0081892970179132,82.81964765276227,1.5539402879117585,0.005542519613546126
2023-09-05,79.54672557961548,80.49440947362707,79.31224947253727,79.322021484375,12741700,0.0,0.0,81.12749633789062,83.6881935119629,20.323465501013843,-1.3918863697277004,-1.0258784365598388,2.5734784110108384,-0.005511969414954576,0.0,0.0,0.0,0.0,0.0,1.0,3.0,0.0,0.0,27701900.0,10448000.0,11816600.0,0.0,0.0,0.0,0.0,0.0,0.0,0.0,0.0,0.0,0.0,0.0,-0.1096,0.0,0.0,-0.1096,0.0,0.0,1.0,0.0,0.0,282.0,0.0,0.0,0.0,80.27947235107422,1.2963838266306962,81.32903616768974,1.276579954664886,82.4100091116769,1.6703307063584554,0.002593248758631095
2023-09-06,78.93122085607892,80.20130656757352,78.67720073223566,79.11685180664062,15518500,0.0,0.0,80.45923614501953,83.33891906738282,21.40565381838988,-1.5151944895992528,-1.1237416471677217,2.69953443455778,-0.0025865412138391664,0.0,0.0,0.0,-0.4003,-0.4003,1.0,338.0,0.0,0.0,12741700.0,27701900.0,10448000.0,0.0,0.0,0.0,0.0,0.0,0.0,0.0,0.0,0.0,0.0,0.0,0.0,0.0,0.0,0.0,1.0,0.0,0.0,3.0,0.0,0.0,0.0,0.0,0.0,79.40017954508464,0.32943532962919,80.99685886928013,1.521322002099243,82.03526306152344,1.7831158908445948,0.005088927074284211
2023-09-07,78.96051852529581,78.98982710210045,77.91513704739116,78.71627044677734,14768000,0.0,0.0,79.73430786132812,83.00087928771973,21.451287872347862,-1.6264914499481051,-1.2242916077237984,2.8374750362371564,-0.005063161017102802,0.0,0.0,0.0,0.0,0.0,0.0,0.0,0.0,0.0,15518500.0,12741700.0,27701900.0,0.0,0.0,0.0,0.0,0.0,0.0,0.0,0.0,0.0,-0.4003,0.0,0.0,-0.4003,0.0,0.0,1.0,1.0,0.0,338.0,3.0,0.0,0.0,0.0,0.0,79.05171457926433,0.30808395557143115,80.4958005632673,1.6240435518966374,81.66191101074219,1.8965056311837012,-0.012380494917312745
2023-09-08,78.68696056304182,79.79095917621918,78.32547072944902,79.70303344726562,16220900,0.0,0.0,79.32396850585937,82.50359001159669,28.820060690188512,-1.616438271265693,-1.3027209404321773,2.4570926308285648,0.012535693000794046,0.0,0.0,0.0,0.0,0.0,0.0,0.0,0.0,0.0,14768000.0,15518500.0,12741700.0,0.0,0.0,0.0,0.0,0.0,0.0,0.0,0.0,0.0,0.0,-0.4003,0.0,0.0,-0.4003,0.0,0.0,1.0,1.0,0.0,338.0,3.0,0.0,0.0,0.0,79.17871856689453,0.4962821040512864,80.10221208844867,1.3855429171271498,81.3562513078962,1.8376968390901254,-0.011391181910000991
2023-09-11,80.05475664928758,81.92080818753877,79.30246835524157,80.62140655517578,26579100,0.0,0.0,79.49591674804688,82.18606719970703,34.99998954141911,-1.5168803674360305,-1.345552825832948,2.2509590695901704,0.011522436075382059,0.0,0.0,0.0,0.0,0.0,0.0,0.0,0.0,0.0,16220900.0,14768000.0,15518500.0,0.0,0.0,0.0,0.0,0.0,0.0,0.0,0.0,0.0,0.0,0.0,-0.4003,0.0,0.0,-0.4003,0.0,0.0,1.0,0.0,0.0,338.0,0.0,0.0,0.0,79.68023681640625,0.9527726185533287,79.85656847272601,1.0290590972088485,81.12177331107003,1.6911861597215447,-0.01386248436414561
2023-09-12,81.1196836280509,82.72195068326431,80.67026798611163,81.75473022460938,16594600,0.0,0.0,79.98245849609376,81.93546905517579,41.401798437298126,-1.331185188612551,-1.342679298388869,1.9764061900550278,0.014057354217182683,0.0,0.0,0.0,0.0,0.0,0.0,0.0,0.0,0.0,26579100.0,16220900.0,14768000.0,0.0,0.0,0.0,0.0,0.0,0.0,0.0,0.0,0.0,0.0,0.0,0.0,0.0,0.0,0.0,0.0,0.0,0.0,0.0,0.0,0.0,0.0,0.0,0.0,80.69305674235027,1.027723322948574,79.85656847272601,1.0290590972088485,80.97452654157367,1.5195818177575404,0.002395851730341514
2023-09-13,81.4323123935465,82.11621152355936,81.20760832303644,81.559326171875,9772700,0.0,0.0,80.47095336914063,81.76058731079101,40.5470606749959,-1.1861150989990392,-1.311366458510903,1.8353767113455923,-0.0023901253443994186,0.0,0.0,0.0,0.0,0.0,0.0,0.0,0.0,0.0,16594600.0,26579100.0,16220900.0,0.0,0.0,0.0,0.0,0.0,0.0,0.0,0.0,0.0,0.0,0.0,0.0,0.0,0.0,0.0,0.0,0.0,0.0,0.0,0.0,0.0,0.0,0.0,0.0,81.31182098388672,0.6058463076437886,80.11337716238839,1.209855226180764,80.81053107125419,1.2915554718623485,-0.011837180692057747
2023-09-14,82.0673639025074,82.7903362117104,81.1294520666563,82.53632354736328,22371900,0.0,0.0,81.2349639892578,81.66923866271972,59.980147805789706,-0.9810021031204457,-1.2452935874328115,1.7421149549318007,0.011978978019379305,0.0,0.0,0.0,0.0,0.0,0.0,0.0,0.0,0.0,9772700.0,16594600.0,26579100.0,0.0,0.0,0.0,0.0,0.0,0.0,0.0,0.0,0.0,0.0,0.0,0.0,0.0,0.0,0.0,0.0,0.0,0.0,0.0,0.0,0.0,0.0,0.0,0.0,81.95012664794922,0.5169775523351279,80.57256317138672,1.4463149063062404,80.95079966953823,1.3680918495253647,-0.012853471140735317
2023-09-15,83.25929744294602,84.2069813082089,82.66333145456134,83.61101531982422,21631200,0.0,0.0,82.01656036376953,81.65262947082519,60.79764756107658,-0.7233911290235824,-1.1409130957509657,1.7207466059504999,0.013020834055495811,0.0,0.0,0.0,0.5325,0.5325,1.0,41.0,1.0,0.0,22371900.0,9772700.0,16594600.0,0.0,0.0,0.0,0.0,0.0,0.0,0.0,0.0,0.0,0.0,0.0,0.0,0.0,0.0,0.0,0.0,0.0,0.0,0.0,0.0,0.0,0.0,0.0,0.0,82.56888834635417,1.0262321567527017,81.21458653041294,1.6722588902124922,81.10572269984654,1.5400085227349858,0.006586911102050674
2023-09-18,83.27882041606256,83.94317546905197,83.02480778834573,83.06388092041016,11894200,0.0,0.0,82.5050552368164,81.60671005249023,54.282794232828884,-0.5569614446670528,-1.0241227655341831,1.6667119518230704,-0.006543807622969244,0.0,0.0,0.0,0.0,0.0,0.0,0.0,0.0,0.0,21631200.0,22371900.0,9772700.0,0.0,0.0,0.0,0.0,0.0,0.0,0.0,0.0,0.0,0.5325,0.0,0.0,0.5325,0.0,0.0,1.0,0.0,0.0,41.0,0.0,0.0,1.0,0.0,0.0,83.07040659586589,0.5373756040043925,81.83567374093192,1.3697177325395504,81.16573715209961,1.6020485735339496,0.037588332037064465
2023-09-19,81.98919685837842,82.83918289285428,79.83004464261113,80.05475616455078,21478900,0.0,0.0,82.1650604248047,81.41424293518067,40.45035377144001,-0.6602648184202025,-0.9513511761113871,1.6086990689425902,-0.03622663331541953,0.0,0.0,0.0,0.0,0.0,0.0,0.0,0.0,0.0,11894200.0,21631200.0,22371900.0,0.0,0.0,0.0,0.0,0.0,0.0,0.0,0.0,0.0,0.0,0.5325,0.0,0.0,0.5325,0.0,0.0,1.0,0.0,0.0,41.0,0.0,0.0,1.0,0.0,82.24321746826172,1.914905003162256,81.88591984340123,1.2820946465972818,80.99406596592495,1.5815431094579424,-0.00750960218706731
2023-09-20,80.14267957210356,81.28575880834752,79.76165316002223,80.66048431396484,12715200,0.0,0.0,81.98529205322265,81.25645790100097,43.5725053796639,-0.6853559304567653,-0.8981521269804628,1.5126005010843628,0.007566423013880774,0.0,0.0,0.0,0.0,0.0,0.0,0.0,0.0,0.0,21478900.0,11894200.0,21631200.0,0.0,0.0,0.0,0.0,0.0,0.0,0.0,0.0,0.0,0.0,0.0,0.5325,0.0,0.0,0.5325,0.0,0.0,1.0,0.0,0.0,41.0,0.0,0.0,1.0,81.25970713297527,1.591542942932641,81.8915023803711,1.2757403291601326,80.87403542654855,1.5345308004688365,-0.0020551055620282588
2023-09-21,80.17200086239828,81.74495935815501,80.03522251092909,80.82659149169922,14378000,0.0,0.0,81.64334564208984,81.10502433776855,46.33207846173607,-0.6839531700911579,-0.8553123356026018,1.384949195608937,0.0020593377184274786,0.0,0.0,0.0,0.0,0.0,0.0,0.0,0.0,0.0,12715200.0,21478900.0,11894200.0,0.0,0.0,0.0,0.0,0.0,0.0,0.0,0.0,0.0,0.0,0.0,0.0,0.0,0.0,0.0,0.0,0.0,0.0,0.0,0.0,0.0,0.0,0.0,0.0,80.51394399007161,0.4062486836333184,81.7589111328125,1.3389887870074282,80.80773980276925,1.5134600747449058,0.018215441489751738
2023-09-22,81.00244919928507,81.43232081710791,79.33178551755415,79.3806381225586,11495300,0.0,0.0,80.79727020263672,81.04542808532715,48.42615714100235,-0.7904065107037752,-0.8423311706228365,1.433849435561469,-0.01788957498336574,0.0,0.0,0.0,0.0,0.0,0.0,0.0,0.0,0.0,14378000.0,12715200.0,21478900.0,0.0,0.0,0.0,0.0,0.0,0.0,0.0,0.0,0.0,0.0,0.0,0.0,0.0,0.0,0.0,0.0,0.0,0.0,0.0,0.0,0.0,0.0,0.0,0.0,80.28923797607422,0.7912415364352111,81.44766998291016,1.61738455596845,80.78052357264927,1.536961925366238,0.0029625463882922976
2023-09-25,79.68350533923187,79.88867286828665,78.70651284628842,79.14616394042969,11034400,0.0,0.0,80.01372680664062,80.93063163757324,49.26109195542317,-0.8835071367016809,-0.8505663638386054,1.4911820938870408,-0.0029537956317117198,0.0,0.0,0.0,0.0,0.0,0.0,0.0,0.0,0.0,11495300.0,14378000.0,12715200.0,0.0,0.0,0.0,0.0,0.0,0.0,0.0,0.0,0.0,0.0,0.0,0.0,0.0,0.0,0.0,0.0,0.0,0.0,0.0,0.0,0.0,0.0,0.0,0.0,79.78446451822917,0.910091208147193,80.96336146763393,1.7399941152058243,80.76796231951032,1.5504582338813004,0.011992592658350176
2023-09-26,78.64788792062456,78.88236400871071,77.95422421355187,78.20824432373047,14867900,0.0,0.0,79.64442443847656,80.7298599243164,46.40371257723715,-1.0212005636822994,-0.8846932038073443,1.5758388469052254,-0.011850474741961659,0.0,0.0,0.0,0.0,0.0,0.0,0.0,0.0,0.0,11034400.0,11495300.0,14378000.0,0.0,0.0,0.0,0.0,0.0,0.0,0.0,0.0,0.0,0.0,0.0,0.0,0.0,0.0,0.0,0.0,0.0,0.0,0.0,0.0,0.0,0.0,0.0,0.0,78.91168212890625,0.6203733511638967,80.19153703962054,1.5586364792968923,80.70306178501674,1.6412469634645173,0.0018774002604844409
2023-09-27,78.27663079662898,78.70650236766737,77.39733617927287,78.06169128417969,14662500,0.0,0.0,79.12466583251953,80.51003684997559,47.355993691143375,-1.1291332567659538,-0.9335812143990663,1.6278461294956739,-0.0018738822334912753,0.0,0.0,0.0,0.0,0.0,0.0,0.0,0.0,0.0,14867900.0,11034400.0,11495300.0,0.0,0.0,0.0,0.0,0.0,0.0,0.0,0.0,0.0,0.0,0.0,0.0,0.0,0.0,0.0,0.0,0.0,0.0,0.0,0.0,0.0,0.0,0.0,0.0,78.47203318277995,0.5883949839670899,79.47693852015904,1.1020747336965107,80.65630613054547,1.7100806044857506,-0.0028704368201789565
2023-09-28,78.432957838589,79.0582324512982,77.81745523810191,78.28640747070312,12229800,0.0,0.0,78.61662902832032,80.30731163024902,43.902527127974686,-1.1829022150231765,-0.9834454145238883,1.6402543353100822,0.0028786999464995855,0.0,0.0,0.0,0.0,0.0,0.0,0.0,0.0,0.0,14662500.0,14867900.0,11034400.0,0.0,0.0,0.0,0.0,0.0,0.0,0.0,0.0,0.0,0.0,0.0,0.0,0.0,0.0,0.0,0.0,0.0,0.0,0.0,0.0,0.0,0.0,0.0,0.0,78.1854476928711,0.11407938422649043,79.2243172781808,1.149215733893552,80.55511856079102,1.8098285016354283,-0.01135093694777134
2023-09-29,78.80420764424002,79.45879073907851,78.55995955328295,79.18523406982422,11261400,0.0,0.0,78.57754821777344,80.17883682250977,43.80797560057788,-1.139847257431299,-1.0147257831053706,1.6214381748994222,0.011481260006182437,0.0,0.0,0.0,0.0,0.0,0.0,0.0,0.0,0.0,12229800.0,14662500.0,14867900.0,0.0,0.0,0.0,0.0,0.0,0.0,0.0,0.0,0.0,0.0,0.0,0.0,0.0,0.0,0.0,0.0,0.0,0.0,0.0,0.0,0.0,0.0,0.0,0.0,78.51111094156902,0.5945215178259151,79.01356724330357,0.9619618426483296,80.45253481183734,1.846120488025895,-0.0075914380848012275
2023-10-02,79.05821796790825,79.88865996197696,78.93121164773397,79.79096221923828,9128100,0.0,0.0,78.70650787353516,80.18030166625977,41.1297120443206,-1.0448048342088185,-1.0207415933260604,1.6210546452628622,0.007649508857673348,0.0,0.0,0.0,0.0,0.0,0.0,0.0,0.0,0.0,11261400.0,12229800.0,14662500.0,0.0,0.0,0.0,0.0,0.0,0.0,0.0,0.0,0.0,0.0,0.0,0.0,0.0,0.0,0.0,0.0,0.0,0.0,0.0,0.0,0.0,0.0,0.0,0.0,79.08753458658855,0.7570205674903994,78.86562020438058,0.6728411475877808,80.31226566859654,1.8138908558169955,0.026778878656362082
2023-10-03,79.38063230165133,80.00590683978012,77.63181501555785,77.70997619628906,12586200,0.0,0.0,78.60685424804687,80.09969940185547,35.143313133454654,-1.124439372441202,-1.0414811491490887,1.7039346672066669,-0.026080472838908464,0.0,0.0,0.0,0.0,0.0,0.0,0.0,0.0,0.0,9128100.0,11261400.0,12229800.0,0.0,0.0,0.0,0.0,0.0,0.0,0.0,0.0,0.0,0.0,0.0,0.0,0.0,0.0,0.0,0.0,0.0,0.0,0.0,0.0,0.0,0.0,0.0,0.0,78.89539082845052,1.0703422515042462,78.62695421491351,0.7514242803967444,80.03731209891183,1.9000194039638645,0.002773536219299544
2023-10-04,77.77836959872897,77.95422853801438,76.91861892547864,77.49504089355469,12010500,0.0,0.0,78.49352416992187,80.01860885620117,29.32693841922979,-1.1911628168876547,-1.071417482696802,1.7896076704659194,-0.002765864992565037,0.0,0.0,0.0,0.0,0.0,0.0,0.0,0.0,0.0,12586200.0,9128100.0,11261400.0,0.0,0.0,0.0,0.0,0.0,0.0,0.0,0.0,0.0,0.0,0.0,0.0,0.0,0.0,0.0,0.0,0.0,0.0,0.0,0.0,0.0,0.0,0.0,0.0,78.33199310302734,1.2680664247718019,78.39107949393136,0.8175187597265005,79.67722048078265,1.8674070792360804,-0.018438315175323683
2023-10-05,77.28010364211765,79.0777736805087,77.06516410399753,78.95075988769531,15466600,0.0,0.0,78.62639465332032,80.03033332824707,31.468545046469032,-1.1137387830394658,-1.0798817427653349,1.7813756288713927,0.018784672894619936,0.0,0.0,0.0,0.0,0.0,0.0,0.0,0.0,0.0,12010500.0,12586200.0,9128100.0,0.0,0.0,0.0,0.0,0.0,0.0,0.0,0.0,0.0,0.0,0.0,0.0,0.0,0.0,0.0,0.0,0.0,0.0,0.0,0.0,0.0,0.0,0.0,0.0,78.05192565917969,0.7857967446191196,78.49715314592633,0.837762261543328,79.34434509277344,1.4893322824211548,-0.025681303870305983
2023-10-06,79.18524592173317,81.60818317251429,78.63812504747507,81.0317611694336,15391100,0.0,0.0,78.99570007324219,80.09676971435547,42.79787186866934,-0.8743809473440791,-1.0387815836810839,1.7932642998414712,0.026358217257166805,0.0,0.0,0.0,0.0,0.0,0.0,0.0,0.0,0.0,15466600.0,12010500.0,12586200.0,0.0,0.0,0.0,0.0,0.0,0.0,0.0,0.0,0.0,0.0,0.0,0.0,0.0,0.0,0.0,0.0,0.0,0.0,0.0,0.0,0.0,0.0,0.0,0.0,79.15918731689453,1.777548613227035,78.92144884381976,1.237301941472722,79.1991936819894,1.1619909840430895,-0.020779021777973306
2023-10-09,82.36046023360365,82.927110146442,81.21737348937079,82.75125122070312,13604400,0.0,0.0,79.58775787353515,80.20326194763183,60.518278982369495,-0.5397181267139928,-0.9389688922876657,1.8868569866100646,0.021219951614702692,0.0,0.0,0.0,0.0,0.0,0.0,0.0,0.0,0.0,15391100.0,15466600.0,12010500.0,0.0,0.0,0.0,0.0,0.0,0.0,0.0,0.0,0.0,0.0,0.0,0.0,0.0,0.0,0.0,0.0,0.0,0.0,0.0,0.0,0.0,0.0,0.0,0.0,80.91125742594402,1.9031091553595365,79.55928366524833,1.8530053269692068,79.39180047171456,1.4914799555489502,-0.0034121351314300163
2023-10-10,82.83918093067386,83.32767709788823,81.99896692675638,83.03457641601562,9450600,0.0,0.0,80.65267791748047,80.26725425720215,59.49960954695846,-0.2487658371160535,-0.8009282812533433,1.962433290333769,0.003423817659951256,0.0,0.0,0.0,0.0,0.0,0.0,0.0,0.0,0.0,13604400.0,15391100.0,15466600.0,0.0,0.0,0.0,0.0,0.0,0.0,0.0,0.0,0.0,0.0,0.0,0.0,0.0,0.0,0.0,0.0,0.0,0.0,0.0,0.0,0.0,0.0,0.0,0.0,82.27252960205078,1.0838348670850901,80.10918971470424,2.251767543203908,79.5613784790039,1.7579779912960907,0.0016498887634264214
2023-10-11,83.40584448616045,83.74779033790878,82.32138231785822,82.8978042602539,9499200,0.0,0.0,81.73323059082031,80.3341781616211,58.307180678532866,-0.028887425074557882,-0.6465201100175862,2.03045900005795,-0.0016471711143135614,0.0,0.0,0.0,0.0,0.0,1.0,3.0,0.0,0.0,9450600.0,13604400.0,15391100.0,0.0,0.0,0.0,0.0,0.0,0.0,0.0,0.0,0.0,0.0,0.0,0.0,0.0,0.0,0.0,0.0,0.0,0.0,0.0,0.0,0.0,0.0,0.0,0.0,82.89454396565755,0.14169073263806614,80.55302429199219,2.473827022805147,79.70932224818638,1.9493761533647818,0.005927573014031129
2023-10-12,82.87827670274442,83.11275281888517,81.58864688317826,82.40931701660156,9554900,0.0,0.0,82.42494201660156,80.32782783508301,63.15794707189066,0.10474354412613707,-0.4962673791888416,2.0233955528422163,-0.00589264393684974,0.0,0.0,0.0,0.0,0.0,0.0,0.0,0.0,0.0,9499200.0,9450600.0,13604400.0,0.0,0.0,0.0,0.0,0.0,0.0,0.0,0.0,0.0,0.0,0.0,0.0,0.0,0.0,0.0,1.0,0.0,0.0,3.0,0.0,0.0,0.0,0.0,0.0,82.7805658976237,0.32870344444989263,81.22435869489398,2.1957152165785137,79.92565645490374,2.074156133950861,0.0
2023-10-13,82.00875396210533,82.63402857438824,81.4616330859618,82.40931701660156,10808000,0.0,0.0,82.70045318603516,80.26774291992187,64.4714386445486,0.20824651379476222,-0.3553646005921209,1.9367571229708782,0.0,0.0,0.0,0.0,0.0,0.0,0.0,0.0,0.0,0.0,9554900.0,9499200.0,9450600.0,0.0,0.0,0.0,0.0,0.0,0.0,0.0,0.0,0.0,0.0,0.0,0.0,0.0,0.0,0.0,0.0,1.0,0.0,0.0,3.0,0.0,0.0,0.0,0.0,82.57214609781902,0.282028241618658,81.92639814104352,1.4704472758900837,80.15873881748745,2.1613383578276264,-0.015867491408984802
2023-10-16,82.37023843694797,83.95296903081064,82.37023843694797,83.73802947998047,10275100,0.0,0.0,82.89780883789062,80.30145034790038,73.70195187928223,0.3929595610264158,-0.20569976826841357,1.9930314412620236,0.016123328180370988,0.0,0.0,0.0,0.0,0.0,0.0,0.0,0.0,0.0,10808000.0,9554900.0,9499200.0,0.0,0.0,0.0,0.0,0.0,0.0,0.0,0.0,0.0,0.0,0.0,0.0,0.0,0.0,0.0,0.0,0.0,1.0,0.0,0.0,3.0,0.0,0.0,0.0,82.8522211710612,0.7671324984075235,82.61029379708427,0.8293454609917335,80.55372347150531,2.279519147352667,-0.005684308957311646
2023-10-17,83.38630140452125,84.30467666288583,83.34722081332907,84.21674346923828,9985700,0.0,0.0,83.13424224853516,80.50954971313476,75.65157946614521,0.5713875993278776,-0.05028229474915534,2.174903113159661,0.005716805043427309,0.0,0.0,0.0,0.0,0.0,0.0,0.0,0.0,0.0,10275100.0,10808000.0,9554900.0,0.0,0.0,0.0,0.0,0.0,0.0,0.0,0.0,0.0,0.0,0.0,0.0,0.0,0.0,0.0,0.0,0.0,0.0,0.0,0.0,0.0,0.0,0.0,0.0,83.45469665527344,0.9364324388818667,83.06529126848493,0.6790483244640996,80.99337005615234,2.3542456160757093,0.017949962425571675
2023-10-18,83.71847670004253,84.27536204034583,82.65355116452847,82.7317123413086,10047000,0.0,0.0,83.1010238647461,80.61311111450195,66.76495654931153,0.5862060852354603,0.07701538124776779,2.231055847472255,-0.01763344279005663,0.0,0.0,0.0,0.0,0.0,0.0,0.0,0.0,0.0,9985700.0,10275100.0,10808000.0,0.0,0.0,0.0,0.0,0.0,0.0,0.0,0.0,0.0,0.0,0.0,0.0,0.0,0.0,0.0,0.0,0.0,0.0,0.0,0.0,0.0,0.0,0.0,0.0,83.56216176350911,0.7579752324468242,83.0625,0.6805927529896321,81.31089183262416,2.2589113755288266,0.017177122946345547
2023-10-19,83.2983744334263,83.30813899068455,81.25645643351712,81.3346176147461,14316800,0.0,0.0,82.886083984375,80.6385124206543,57.812532930750855,0.4796864468875697,0.15754959437572819,2.236499696160853,-0.01688705197831275,0.0,0.0,0.0,0.0,0.0,0.0,0.0,0.0,0.0,10047000.0,9985700.0,10275100.0,0.0,0.0,0.0,0.0,0.0,0.0,0.0,0.0,0.0,0.0,0.0,0.0,0.0,0.0,0.0,0.0,0.0,0.0,0.0,0.0,0.0,0.0,0.0,0.0,82.76102447509766,1.4412864951749467,82.81964874267578,0.944386895554669,81.46441922869,2.1748032724788544,0.007259546307173181
2023-10-20,80.99266880736035,81.52024558060472,80.70934012614427,80.74842071533203,10437000,0.0,0.0,82.5539047241211,80.70690155029297,53.48509774691663,0.3440022317399638,0.19484012184857533,2.216837215375463,-0.007207225122649152,0.0,0.0,0.0,0.0,0.0,0.0,0.0,0.0,0.0,14316800.0,10047000.0,9985700.0,0.0,0.0,0.0,0.0,0.0,0.0,0.0,0.0,0.0,0.0,0.0,0.0,0.0,0.0,0.0,0.0,0.0,0.0,0.0,0.0,0.0,0.0,0.0,0.0,81.60491689046223,1.0189002366556017,82.51259395054409,1.223049357800761,81.53280912126813,2.132779255531884,-0.00541522267150174
2023-10-23,80.19154317178241,82.0966754935588,79.04846377871658,81.18807220458984,10772500,0.0,0.0,82.04391326904297,80.80899696350097,64.3780833427425,0.2688485952917006,0.20964181653720038,2.1880071609830876,0.005444706972136837,0.0,0.0,0.0,0.0,0.0,0.0,0.0,0.0,0.0,10437000.0,14316800.0,10047000.0,0.0,0.0,0.0,0.0,0.0,0.0,0.0,0.0,0.0,0.0,0.0,0.0,0.0,0.0,0.0,0.0,0.0,0.0,0.0,0.0,0.0,0.0,0.0,0.0,81.09037017822266,0.30506714947368424,82.33813040597099,1.323236399982192,81.78124455043248,1.835010485857073,0.006540847046881071
2023-10-24,81.49093375687741,82.26275113755295,79.85935090217079,80.66048431396484,11499500,0.0,0.0,81.33266143798828,80.93160896301269,62.755877866068836,0.1648169561408963,0.20067684445793957,2.1015983774144087,-0.00649834238329372,0.0,0.0,0.0,0.0,0.0,0.0,0.0,0.0,0.0,10772500.0,10437000.0,14316800.0,0.0,0.0,0.0,0.0,0.0,0.0,0.0,0.0,0.0,0.0,0.0,0.0,0.0,0.0,0.0,0.0,0.0,0.0,0.0,0.0,0.0,0.0,0.0,0.0,80.86565907796223,0.2826585764448618,82.08829716273716,1.4650506107266992,82.00734765189034,1.412669878858376,0.024444622953294637
2023-10-25,80.24038620368978,80.65072869234945,78.66742778309992,78.7358169555664,9372500,0.0,0.0,80.53348236083984,80.96531524658204,49.1653824345486,-0.07210228780837724,0.14612101800467622,2.0581027523414352,-0.0238613414581893,0.0,0.0,0.0,0.0,0.0,0.0,0.0,0.0,0.0,11499500.0,10772500.0,10437000.0,0.0,0.0,0.0,0.0,0.0,0.0,0.0,0.0,0.0,0.0,0.0,0.0,0.0,0.0,0.0,0.0,0.0,0.0,0.0,0.0,0.0,0.0,0.0,0.0,80.19479115804036,1.2907523148137539,81.37369537353516,1.7234247180610611,81.99199458530971,1.4491417812955498,0.010152956025815563
2023-10-26,78.23755107206173,78.75535583748682,77.59273252758956,77.94445037841797,11651000,0.0,0.0,79.85544891357422,80.94821739196777,36.677807451420385,-0.32003005730973655,0.05289080294179367,2.0828015393253834,-0.010050909582801859,0.0,0.0,0.0,0.0,0.0,0.0,0.0,0.0,0.0,9372500.0,11499500.0,10772500.0,0.0,0.0,0.0,0.0,0.0,0.0,0.0,0.0,0.0,0.0,0.0,0.0,0.0,0.0,0.0,0.0,0.0,0.0,0.0,0.0,0.0,0.0,0.0,0.0,79.11358388264973,1.3968682733741145,80.47765350341797,1.6267410203622663,81.77147238595145,1.7991429595974127,0.0056724721938119504
2023-10-27,77.91514152512103,79.1656905663862,77.40710877230464,77.50480651855469,10300600,0.0,0.0,79.20672607421875,80.8641960144043,24.5497382663998,-0.545699699645354,-0.06682729757563588,2.1888588615909215,-0.005640476746308742,0.0,0.0,0.0,0.0,0.0,0.0,0.0,0.0,0.0,11651000.0,9372500.0,11499500.0,0.0,0.0,0.0,0.0,0.0,0.0,0.0,0.0,0.0,0.0,0.0,0.0,0.0,0.0,0.0,0.0,0.0,0.0,0.0,0.0,0.0,0.0,0.0,0.0,78.06169128417969,0.6238234898558577,79.73095267159599,1.6192498833825917,81.396726335798,2.10051800730937,-0.016732764940445732
2023-10-30,77.88583393469183,79.06799382319284,77.70020299675966,78.82374572753906,10291200,0.0,0.0,78.73386077880859,80.81583518981934,31.438416607700645,-0.6110730756913512,-0.17567645319877895,2.224218259007301,0.017017515019131402,0.0,0.0,0.0,0.0,0.0,0.0,0.0,0.0,0.0,10300600.0,11651000.0,9372500.0,0.0,0.0,0.0,0.0,0.0,0.0,0.0,0.0,0.0,0.0,0.0,0.0,0.0,0.0,0.0,0.0,0.0,0.0,0.0,0.0,0.0,0.0,0.0,0.0,78.09100087483723,0.671571251059603,79.37225668770927,1.4766214046751058,81.09595271519252,2.1488719083542516,-0.011153396238442137
2023-10-31,78.83352704597579,79.79097551981852,78.48180915039973,79.71281433105469,8672200,0.0,0.0,78.54432678222656,80.91597709655761,36.833619602645996,-0.5844048854105779,-0.25742213964113875,2.119651377837526,0.011279197598510038,0.0,0.0,0.0,0.0,0.0,0.0,0.0,0.0,0.0,10291200.0,10300600.0,11651000.0,0.0,0.0,0.0,0.0,0.0,0.0,0.0,0.0,0.0,0.0,0.0,0.0,0.0,0.0,0.0,0.0,0.0,0.0,0.0,0.0,0.0,0.0,0.0,0.0,78.68045552571614,1.1109562036683667,79.22431291852679,1.3632929009147057,80.86845343453544,2.111712322010943,0.0064141804160060545
2023-11-01,79.65419622791846,79.70304883378557,78.33525786197875,79.20478057861328,9093000,0.0,0.0,78.63811950683593,81.00146408081055,36.77419029799754,-0.5973780284291195,-0.3254133173987349,2.0058433826182873,-0.006373300914097602,0.0,0.0,0.0,0.0,0.0,0.0,0.0,0.0,0.0,8672200.0,10291200.0,10300600.0,0.0,0.0,0.0,0.0,0.0,0.0,0.0,0.0,0.0,0.0,0.0,0.0,0.0,0.0,0.0,0.0,0.0,0.0,0.0,0.0,0.0,0.0,0.0,0.0,79.24711354573567,0.44604350182295066,78.94098554338727,1.059364225238094,80.63955797467914,2.1055114316318995,-0.02665375813358062
2023-11-02,79.96682397581502,81.38346738431383,79.93751539733923,81.37369537353516,11518500,0.0,0.0,79.32396850585937,81.12261085510254,46.374793489738984,-0.42771560096065286,-0.3458737741111185,1.9477974533394111,0.02738363491543483,0.0,0.0,0.0,0.0,0.0,0.0,0.0,0.0,0.0,9093000.0,8672200.0,10291200.0,0.0,0.0,0.0,0.0,0.0,0.0,0.0,0.0,0.0,0.0,0.0,0.0,0.0,0.0,0.0,0.0,0.0,0.0,0.0,0.0,0.0,0.0,0.0,0.0,80.0970967610677,1.1343732130213695,79.04287283761161,1.2663760184673805,80.56558500017438,2.0561656191535502,-0.020924008381316472
2023-11-03,82.23345249905412,83.95296129335681,82.22368794136108,83.11274719238281,11331800,0.0,0.0,80.445556640625,81.22666015625,47.87231556926988,-0.15118716538970034,-0.3069364523668349,1.9976334327301897,0.02137117911217823,0.0,0.0,0.0,0.0,0.0,0.0,0.0,0.0,0.0,11518500.0,9093000.0,8672200.0,0.0,0.0,0.0,0.0,0.0,0.0,0.0,0.0,0.0,0.0,0.0,0.0,0.0,0.0,0.0,0.0,0.0,0.0,0.0,0.0,0.0,0.0,0.0,0.0,81.23040771484375,1.957919630228579,79.66814858572823,1.9729442863202495,80.5209219796317,1.987602458981998,0.01249710250505287
2023-11-06,83.12251582435246,83.82595155041521,81.6667917703046,82.08689880371094,14160900,0.0,0.0,81.09818725585937,81.1934425354004,43.012823368696,-0.014644961512885857,-0.24847815419604513,1.9763577839011068,-0.012342852610771282,0.0,0.0,0.0,0.0,0.0,0.0,0.0,0.0,0.0,11331800.0,11518500.0,9093000.0,0.0,0.0,0.0,0.0,0.0,0.0,0.0,0.0,0.0,0.0,0.0,0.0,0.0,0.0,0.0,0.0,0.0,0.0,0.0,0.0,0.0,0.0,0.0,0.0,82.1911137898763,0.8741972773153456,80.25992693219867,1.990931974779255,80.36879021780831,1.7503075743666108,-0.006738282827676745
2023-11-07,82.22367640227108,82.73170912386433,82.0185014577375,82.6437759399414,10540200,0.0,0.0,81.68437957763672,81.17390251159668,49.692808095410186,0.1369226901299072,-0.17139798533085465,1.959052785043088,0.0067839953067552194,0.0,0.0,0.0,0.0,0.0,0.0,0.0,0.0,0.0,14160900.0,11331800.0,11518500.0,0.0,0.0,0.0,0.0,0.0,0.0,0.0,0.0,0.0,0.0,0.0,0.0,0.0,0.0,0.0,0.0,0.0,0.0,0.0,0.0,0.0,0.0,0.0,0.0,82.61447397867839,0.5135515386362994,80.9940654209682,1.73696061759134,80.36250904628209,1.7413103508580217,0.001064989791383475
2023-11-08,82.20413694984676,82.96618980151248,82.01850601536299,82.55585479736328,26942600,0.0,0.0,82.35459442138672,81.15680503845215,54.69570472239986,0.24709824981385964,-0.0876987383019118,1.9446549807163058,-0.0010638567947575117,0.0,0.0,0.0,0.0,0.0,0.0,0.0,0.0,0.0,10540200.0,14160900.0,11331800.0,0.0,0.0,0.0,0.0,0.0,0.0,0.0,0.0,0.0,0.0,0.0,0.0,0.0,0.0,0.0,0.0,0.0,0.0,0.0,0.0,0.0,0.0,0.0,0.0,82.42884318033855,0.2993776868082155,81.5272238595145,1.518842002028866,80.44974027361188,1.8224527658893845,-0.06464467209111557
2023-11-09,85.8190088673334,89.1114759398429,85.58453277833458,88.26148986816406,51062700,0.0,0.0,83.7321533203125,81.44941368103028,70.72775837790392,0.7857525743045954,0.08699152421938966,2.5031279464152325,0.06911242194518485,0.0,0.0,0.0,0.0,0.0,0.0,0.0,0.0,0.0,26942600.0,10540200.0,14160900.0,0.0,0.0,0.0,0.0,0.0,0.0,0.0,0.0,0.0,0.0,0.0,0.0,0.0,0.0,0.0,0.0,0.0,0.0,0.0,0.0,0.0,0.0,0.0,0.0,84.48704020182292,3.26906488841003,82.7484632219587,2.7525613477380273,80.98638807024274,2.774605901406887,0.023450719040611467
2023-11-10,88.05632704095531,88.08564307576695,84.93972618679516,86.23912048339844,25175700,0.0,0.0,84.35742797851563,81.64090385437012,62.81606491940245,1.0374921360262448,0.2770916465807607,2.7177181596997215,-0.022913383716799185,0.0,0.0,0.0,0.0,0.0,0.0,0.0,0.0,0.0,51062700.0,26942600.0,10540200.0,0.0,0.0,0.0,0.0,0.0,0.0,0.0,0.0,0.0,0.0,0.0,0.0,0.0,0.0,0.0,0.0,0.0,0.0,0.0,0.0,0.0,0.0,0.0,0.0,85.68548838297527,2.8928272100580634,83.7533689226423,2.5171980788037125,81.34717723301479,3.1108723812327628,-0.01308140144027603
2023-11-13,86.38566573189567,87.83161775543974,85.39890878024009,87.3822021484375,12834400,0.0,0.0,85.41648864746094,81.82311248779297,66.5385052912089,1.3140867159420253,0.4844906604530136,2.9756416239161543,0.013254792704653351,0.0,0.0,0.0,0.0,0.0,0.0,0.0,0.0,0.0,25175700.0,51062700.0,26942600.0,0.0,0.0,0.0,0.0,0.0,0.0,0.0,0.0,0.0,0.0,0.0,0.0,0.0,0.0,0.0,0.0,0.0,0.0,0.0,0.0,0.0,0.0,0.0,0.0,87.29427083333333,1.0140480359634836,84.61172703334263,2.59376980681526,81.82729993547711,3.4920853354730563,-0.017898332477569223
2023-11-14,87.9586278989247,89.43388856568171,87.91954730698656,88.97470092773438,13152000,0.0,0.0,86.68267364501953,82.06101036071777,75.61097559532692,1.6428534636155092,0.7161632210855127,3.344423940529825,0.018224521013920914,0.0,0.0,0.0,0.0,0.0,0.0,0.0,0.0,0.0,12834400.0,25175700.0,51062700.0,0.0,0.0,0.0,0.0,0.0,0.0,0.0,0.0,0.0,0.0,0.0,0.0,0.0,0.0,0.0,0.0,0.0,0.0,0.0,0.0,0.0,0.0,0.0,0.0,87.53200785319011,1.3739291843980623,85.44914899553571,2.950862097327834,82.55864879063198,3.8487806034046006,-0.03044827321888466
2023-11-15,90.85053030624928,92.3941802420892,90.60628218173768,91.76890563964844,20593100,0.0,0.0,88.52528381347656,82.51287002563477,81.43051960644527,2.104611793214758,0.9938529355113619,3.988325759079021,0.031404485576001395,0.0,0.0,0.0,0.0,0.0,0.0,0.0,0.0,0.0,13152000.0,12834400.0,25175700.0,0.0,0.0,0.0,0.0,0.0,0.0,0.0,0.0,0.0,0.0,0.0,0.0,0.0,0.0,0.0,0.0,0.0,0.0,0.0,0.0,0.0,0.0,0.0,0.0,89.37526957194011,2.22061552480191,86.83229282924107,3.353816540898794,83.54610988071987,4.318630038354466,-0.006136942230711151
2023-11-16,91.72982562366968,92.4332614193164,91.47580548549476,92.33556365966797,12923900,0.0,0.0,89.34009857177735,83.06291732788085,83.52477153140785,2.487607571070825,1.2926038626232546,4.5379922272687585,0.006174836847729681,0.0,0.0,0.0,0.0,0.0,0.0,0.0,0.0,0.0,20593100.0,13152000.0,12834400.0,0.0,0.0,0.0,0.0,0.0,0.0,0.0,0.0,0.0,0.0,0.0,0.0,0.0,0.0,0.0,0.0,0.0,0.0,0.0,0.0,0.0,0.0,0.0,0.0,91.0263900756836,1.7992627928606324,88.21683393205915,3.3369684341571926,84.60544967651367,4.536210638878098,0.0038237446238569284
2023-11-17,92.57003492342122,93.1855374854324,91.75912939848996,91.98384094238281,12189300,0.0,0.0,90.48904266357422,83.6246883392334,81.10856219476125,2.731269031304876,1.580336896359579,4.916076451284692,-0.0038091792950064596,0.0,0.0,0.0,0.0,0.0,0.0,0.0,0.0,0.0,12923900.0,20593100.0,13152000.0,0.0,0.0,0.0,0.0,0.0,0.0,0.0,0.0,0.0,0.0,0.0,0.0,0.0,0.0,0.0,0.0,0.0,0.0,0.0,0.0,0.0,0.0,0.0,0.0,92.02943674723308,0.28606740635409167,89.56368909563336,2.458240400985014,85.54545647757394,4.608901659561592,-0.009260185246435793
2023-11-20,91.81775219963721,93.39070316035625,91.7102824356204,92.84358978271484,14105300,0.0,0.0,91.5813201904297,84.20746421813965,81.08233941118488,2.95963026483318,1.8561955700542994,5.2887509069472145,0.009346737769632352,0.0,0.0,0.0,0.0,0.0,0.0,0.0,0.0,0.0,12189300.0,12923900.0,20593100.0,0.0,0.0,0.0,0.0,0.0,0.0,0.0,0.0,0.0,0.0,0.0,0.0,0.0,0.0,0.0,0.0,0.0,0.0,0.0,0.0,0.0,0.0,0.0,0.0,92.38766479492188,0.4322359463698183,90.21827479771206,2.655821398793762,86.48336900983539,4.666354078964139,0.006140841586245838
2023-11-21,92.55049590354005,92.77519998762239,91.79820756047322,92.27693176269531,7654800,0.0,0.0,92.24176635742188,84.78828659057618,80.85792366063565,3.05961429218479,2.0968793144803977,5.5118770534972885,-0.006103361808237895,0.0,0.0,0.0,0.0,0.0,0.0,0.0,0.0,0.0,14105300.0,12189300.0,12923900.0,0.0,0.0,0.0,0.0,0.0,0.0,0.0,0.0,0.0,0.0,0.0,0.0,0.0,0.0,0.0,0.0,0.0,0.0,0.0,0.0,0.0,0.0,0.0,0.0,92.36812082926433,0.43706818862672786,91.08081926618304,2.062233519571673,87.41709409441266,4.3980319849090765,-0.006521515744990047
2023-11-22,92.72635263288588,93.50794208369703,92.57980228152738,92.8826675415039,7328200,0.0,0.0,92.46451873779297,85.49562911987304,79.33266754090812,3.1514027598759213,2.3077840035595023,5.601291813527517,0.006564325094448709,0.0,0.0,0.0,0.0,0.0,0.0,0.0,0.0,0.0,7654800.0,14105300.0,12189300.0,0.0,0.0,0.0,0.0,0.0,0.0,0.0,0.0,0.0,0.0,0.0,0.0,0.0,0.0,0.0,0.0,0.0,0.0,0.0,0.0,0.0,0.0,0.0,0.0,92.66772969563802,0.33900447799741357,91.8666000366211,1.3392517329174993,88.23916353498187,4.254803259648235,-0.010306076053566926
2023-11-24,92.71658430504826,94.28954273413883,92.71658430504826,93.84989166259766,5440500,0.0,0.0,92.7673843383789,86.29090118408203,78.48625641494822,3.264560859494665,2.4991393747465347,5.601875525922524,0.010413397318305373,0.0,0.0,0.0,0.0,0.0,0.0,0.0,0.0,0.0,7328200.0,7654800.0,14105300.0,0.0,0.0,0.0,0.0,0.0,0.0,0.0,0.0,0.0,0.0,0.0,0.0,0.0,0.0,0.0,0.0,0.0,0.0,0.0,0.0,0.0,0.0,0.0,0.0,93.00316365559895,0.7933726720837382,92.56305585588727,0.6995929155702446,89.00610242571149,4.227282742930626,0.009351673893830403
2023-11-27,93.53725496555963,93.53725496555963,92.34532298534818,92.9803695678711,11049500,0.0,0.0,92.96669006347656,87.06467933654785,79.14273363004787,3.2466509315882064,2.6486416861148694,5.389160924593317,-0.009265030351367942,0.0,0.0,0.0,0.0,0.0,0.0,0.0,0.0,0.0,5440500.0,7328200.0,7654800.0,0.0,0.0,0.0,0.0,0.0,0.0,0.0,0.0,0.0,0.0,0.0,0.0,0.0,0.0,0.0,0.0,0.0,0.0,0.0,0.0,0.0,0.0,0.0,0.0,93.23764292399089,0.5324685999505893,92.73612213134766,0.615141461161846,89.78420748029437,3.840593983946331,0.028864911831042006
2023-11-28,92.81427661792651,92.95105495558094,90.32294305348013,90.37179565429688,18660300,0.0,0.0,92.47233123779297,87.64208183288574,68.62931682309923,2.9875286994494417,2.716419088781784,5.068863740044373,-0.028055103735311393,0.0,0.0,0.0,0.0,0.0,0.0,0.0,0.0,0.0,11049500.0,5440500.0,7328200.0,0.0,0.0,0.0,0.0,0.0,0.0,0.0,0.0,0.0,0.0,0.0,0.0,0.0,0.0,0.0,0.0,0.0,0.0,0.0,0.0,0.0,0.0,0.0,0.0,92.4006856282552,1.8100588562602002,92.45558384486607,1.0915642134888075,90.33620888846261,3.2444713621660286,0.0
2023-11-29,90.46949340206999,91.09476793245034,89.33618611095322,90.37179565429688,13857000,0.0,0.0,92.09130401611328,88.17503089904785,68.92146726050963,2.7504667945037085,2.7232286299261688,4.741039043214195,0.0,0.0,0.0,0.0,0.0,0.0,0.0,0.0,0.0,0.0,18660300.0,11049500.0,5440500.0,0.0,0.0,0.0,0.0,0.0,0.0,0.0,0.0,0.0,0.0,0.0,0.0,0.0,0.0,0.0,0.0,0.0,0.0,0.0,0.0,0.0,0.0,0.0,0.0,91.24132029215495,1.5060608512031373,92.2252916608538,1.3476810342219219,90.89449037824359,2.3525696096668485,-0.002049868305797453
2023-11-30,91.39764049913397,91.70050575292007,90.07869481772666,90.55742645263672,13396700,0.0,0.0,91.62625579833984,88.74266319274902,57.58554543644242,2.548198336712886,2.688222571283512,4.26637934949286,0.0020540788970260238,0.0,0.0,0.0,0.0,0.0,0.0,0.0,0.0,0.0,13857000.0,18660300.0,11049500.0,0.0,0.0,0.0,0.0,0.0,0.0,0.0,0.0,0.0,0.0,0.0,0.0,0.0,0.0,0.0,0.0,0.0,0.0,0.0,0.0,0.0,0.0,0.0,0.0,90.43367258707683,0.10717399139179173,91.89869689941406,1.4462767046162361,91.05848584856305,2.23183239983057,0.0011880603853515748
2023-12-01,90.60628135291374,90.70397911105245,89.65859744585995,90.44996643066406,11898200,0.0,0.0,90.94627075195312,89.19647674560547,65.92758645368474,2.352114291543188,2.6210009153354474,3.9090456846724346,-0.0011866505728148624,0.0,0.0,0.0,-0.644,-0.644,1.0,89.0,0.0,0.0,13396700.0,13857000.0,18660300.0,0.0,0.0,0.0,0.0,0.0,0.0,0.0,0.0,0.0,0.0,0.0,0.0,0.0,0.0,0.0,0.0,0.0,0.0,0.0,0.0,0.0,0.0,0.0,0.0,90.45972951253255,0.09319971378086454,91.63770185198102,1.529118879926423,91.35926055908203,1.7679080114495118,0.00619505341199833
2023-12-04,89.7856042738717,90.28387249174025,89.50227557954881,89.89307403564453,12602800,0.0,0.0,90.32881164550781,89.53549308776856,59.938119462172004,2.1272580047956495,2.5222523332274878,3.6382975055210376,-0.006156911019380318,0.0,0.0,0.0,0.0,0.0,0.0,0.0,0.0,0.0,11898200.0,13396700.0,13857000.0,0.0,0.0,0.0,0.0,0.0,0.0,0.0,0.0,0.0,-0.644,0.0,0.0,-0.644,0.0,0.0,1.0,0.0,0.0,89.0,0.0,0.0,0.0,0.0,0.0,90.30015563964844,0.3566139205351792,91.21061706542969,1.5408982249976235,91.53860855102539,1.4281206873464052,0.013437625040468859
2023-12-05,89.50227483148494,89.66836175143278,87.86092729268981,88.70114135742188,12357000,0.0,0.0,89.99468078613282,89.8662052154541,48.881783956269324,1.8317633442116374,2.384154535424318,3.1997873433319857,-0.013259449529449019,0.0,0.0,0.0,0.0,0.0,0.0,0.0,0.0,0.0,12602800.0,11898200.0,13396700.0,0.0,0.0,0.0,0.0,0.0,0.0,0.0,0.0,0.0,0.0,-0.644,0.0,0.0,-0.644,0.0,0.0,1.0,0.0,0.0,89.0,0.0,0.0,0.0,0.0,89.68139394124348,0.8934224258291499,90.47508130754743,1.2774200569093437,91.51906858171735,1.4672351155921384,-0.007759562132654052
2023-12-06,89.01377946293601,90.42065092475953,88.5350552670113,89.39480590820312,10462000,0.0,0.0,89.79928283691406,90.2037567138672,38.28348441879414,1.634710701432212,2.234265768625897,2.7175264894257385,0.007820243800314985,0.0,0.0,0.0,0.0,0.0,0.0,0.0,0.0,0.0,12357000.0,12602800.0,11898200.0,0.0,0.0,0.0,0.0,0.0,0.0,0.0,0.0,0.0,0.0,0.0,-0.644,0.0,0.0,-0.644,0.0,0.0,1.0,0.0,0.0,89.0,0.0,0.0,0.0,89.32967376708984,0.5986297054175794,89.96285792759487,0.68856470829884,91.34949002947126,1.5697526128654324,-0.009204123387747898
2023-12-07,89.68790887504721,91.24132327508805,89.541358518436,90.22525024414062,10264700,0.0,0.0,89.73284759521485,90.58722648620605,39.849587639383174,1.527941817774618,2.0930009784556414,2.037582818663096,0.00928962625401586,0.0,0.0,0.0,0.0,0.0,0.0,0.0,0.0,0.0,10462000.0,12357000.0,12602800.0,0.0,0.0,0.0,0.0,0.0,0.0,0.0,0.0,0.0,0.0,0.0,0.0,0.0,0.0,0.0,0.0,0.0,0.0,0.0,0.0,0.0,0.0,0.0,0.0,89.44039916992188,0.7630766893173069,89.94192286900112,0.6761755038205391,91.1987533569336,1.5691025048943925,-0.008295646875549512
2023-12-08,90.2350518178585,91.68571641860984,90.2350518178585,90.97998809814453,9498200,0.3,0.0,89.83885192871094,90.72315139770508,45.35176935658797,1.4870855489289454,1.9718178925503023,1.9636007519927219,0.008365040295944537,0.0,0.0,0.0,0.0,0.0,0.0,0.0,0.0,0.0,10264700.0,10462000.0,12357000.0,0.0,0.0,0.0,0.0,0.0,0.0,0.0,0.0,0.0,0.0,0.0,0.0,0.0,0.0,0.0,0.0,0.0,0.0,0.0,0.0,0.0,0.0,0.0,0.0,90.20001475016277,0.7928923422786757,90.02880750383649,0.7727899781341103,91.12704958234515,1.5533237416986272,0.006724537843148415
2023-12-11,90.89177616727684,91.23483646941285,90.14683988395743,90.37227630615234,10811000,0.0,0.0,89.9346923828125,90.92980918884277,38.283380717784,1.389650374273515,1.855384388894945,1.6610279250474052,-0.006679620482436421,0.0,0.0,0.0,0.0,0.0,0.0,0.0,0.0,0.0,9498200.0,10264700.0,10462000.0,0.0,0.0,0.0,0.0,0.0,0.0,0.0,0.0,0.0,0.0,0.0,0.0,0.0,0.0,0.0,0.0,0.0,0.0,0.0,0.0,0.0,0.0,0.0,0.0,90.52583821614583,0.4001165482922629,90.00235748291016,0.7546369658884216,90.95052719116211,1.4820339630579829,0.01240801360672128
2023-12-12,90.29386733359021,90.37227577493633,89.05884277500644,89.26467895507812,13218400,0.0,0.0,90.04739990234376,91.0239330291748,36.41554019647511,1.2091204587253088,1.7261316028610179,1.4943968792907723,-0.012255941715156426,0.0,0.0,0.0,0.0,0.0,0.0,0.0,0.0,0.0,10811000.0,9498200.0,10264700.0,0.0,0.0,0.0,0.0,0.0,0.0,0.0,0.0,0.0,0.0,0.0,0.0,0.0,0.0,0.0,0.0,0.0,0.0,0.0,0.0,0.0,0.0,0.0,0.0,90.20564778645833,0.8697098146815614,89.8330307006836,0.7702788053439107,90.73536627633231,1.4932704633553933,-0.0189594115953311
2023-12-13,89.36269519081458,91.02899982990019,88.98042693062251,90.98979187011719,10173200,0.0,0.0,90.36639709472657,91.12468757629395,42.24644687802161,1.191516336247929,1.6192085495384,1.414771740222478,0.01932581772805353,0.0,0.0,0.0,0.0,0.0,0.0,0.0,0.0,0.0,13218400.0,10811000.0,9498200.0,0.0,0.0,0.0,0.0,0.0,0.0,0.0,0.0,0.0,0.0,0.0,0.0,0.0,0.0,0.0,0.0,0.0,0.0,0.0,0.0,0.0,0.0,0.0,0.0,90.20891571044922,0.8740816069338553,89.98970467703683,0.8871903858759362,90.60016087123326,1.3639884793924615,-0.011815986303216564
2023-12-14,91.36224955060692,92.95013815332821,91.36224955060692,92.0777816772461,12439300,0.0,0.0,90.73690338134766,91.14013137817383,42.81223696588602,1.2509366085366196,1.545554161338044,1.4238310753866648,0.011957273280523095,0.0,0.0,0.0,0.0,0.0,0.0,0.0,0.0,0.0,10173200.0,13218400.0,10811000.0,0.0,0.0,0.0,0.0,0.0,0.0,0.0,0.0,0.0,0.0,0.0,0.0,0.0,0.0,0.0,0.0,0.0,0.0,0.0,0.0,0.0,0.0,0.0,0.0,90.7774175008138,1.4185252503639263,90.47208186558315,0.9826407066913538,90.47358158656529,1.0948951495505848,0.005135771985249171
2023-12-15,91.20543890226537,92.08759189147655,91.08781501389856,91.60730743408203,17551600,0.0,0.0,90.86236724853515,91.10371856689453,44.24448145646567,1.2457045562194082,1.485584240314317,1.4007757430601473,-0.005109530601130063,0.0,0.0,0.0,0.0,0.0,0.0,0.0,0.0,0.0,12439300.0,10173200.0,13218400.0,0.0,0.0,0.0,0.0,0.0,0.0,0.0,0.0,0.0,0.0,0.0,0.0,0.0,0.0,0.0,0.0,0.0,0.0,0.0,0.0,0.0,0.0,0.0,0.0,91.55829366048177,0.5456484377381465,90.78815351213727,0.93295240620105,90.37550571986607,0.8966186096804145,0.006461489277470145
2023-12-18,90.86235610197302,91.85233643408851,90.86235610197302,91.0191879272461,9083600,0.0,0.0,90.9917495727539,91.0554859161377,53.26709434781705,1.1804937903974206,1.4245661503309377,1.3853991107598953,-0.006420006474474049,0.0,0.0,0.0,0.0,0.0,0.0,0.0,0.0,0.0,17551600.0,12439300.0,10173200.0,0.0,0.0,0.0,0.0,0.0,0.0,0.0,0.0,0.0,0.0,0.0,0.0,0.0,0.0,0.0,0.0,0.0,0.0,0.0,0.0,0.0,0.0,0.0,0.0,91.5680923461914,0.5303852837546945,90.90157318115234,0.9008209048811151,90.42174802507672,0.9129580078961443,-0.011391555939137543
2023-12-19,90.80355686177744,92.12679373586863,90.77415276117712,92.06798553466797,8804000,0.0,0.0,91.55241088867187,91.01670570373535,57.74051788908703,1.19961458026971,1.3795758363186923,1.3429160174424843,0.011522818773775478,0.0,0.0,0.0,0.0,0.0,0.0,0.0,0.0,0.0,9083600.0,17551600.0,12439300.0,0.0,0.0,0.0,0.0,0.0,0.0,0.0,0.0,0.0,0.0,0.0,0.0,0.0,0.0,0.0,0.0,0.0,0.0,0.0,0.0,0.0,0.0,0.0,0.0,91.56482696533203,0.525687690556339,91.05700138636998,1.0045009711636115,90.54290444510323,1.0128975428256324,0.029144380329383157
2023-12-20,91.39165757910213,92.40123820867194,89.4411083779482,89.46070861816406,13060600,0.0,0.0,91.24659423828125,90.87589454650879,45.90110458514898,0.9929365324967563,1.3022479755543053,1.351440688162517,-0.028319039472435747,0.0,0.0,0.0,0.9162,0.9162,1.0,14.0,1.0,0.0,8804000.0,9083600.0,17551600.0,0.0,0.0,0.0,0.0,0.0,0.0,0.0,0.0,0.0,0.0,0.0,0.0,0.0,0.0,0.0,0.0,0.0,0.0,0.0,0.0,0.0,0.0,0.0,0.0,90.8492940266927,1.311915082205223,90.92677743094308,1.155762909855796,90.46456745692662,1.053292346243579,-0.00815037942763197
2023-12-21,90.10762663206273,90.25465460381588,89.25487037841711,90.19583892822266,13037200,0.0,0.0,90.87020568847656,90.74155311584472,49.092782954811014,0.8783366447876091,1.2174657094009662,1.2727060298407131,0.00821735398046397,0.0,0.0,0.0,0.0,0.0,0.0,0.0,0.0,0.0,13060600.0,8804000.0,9083600.0,0.0,0.0,0.0,0.0,0.0,0.0,0.0,0.0,0.0,0.9162,0.0,0.0,0.9162,0.0,0.0,1.0,0.0,0.0,14.0,0.0,0.0,1.0,0.0,0.0,90.57484436035156,1.3443240189853851,91.05980028424945,0.9714732469780386,90.44641549246651,1.0557502212352614,0.010986623110356586
2023-12-22,89.80377196689751,90.41147659967841,88.95101573548011,89.21566009521484,9419800,0.0,0.0,90.39187622070312,90.50984153747558,47.65262311897889,0.7003499695073288,1.1140425614222387,1.0850323305305567,-0.010867228961502717,0.0,0.0,0.0,0.0,0.0,0.0,0.0,0.0,0.0,13037200.0,13060600.0,8804000.0,0.0,0.0,0.0,0.0,0.0,0.0,0.0,0.0,0.0,0.0,0.9162,0.0,0.0,0.9162,0.0,0.0,1.0,0.0,0.0,14.0,0.0,0.0,1.0,0.0,89.62406921386719,0.5101006266812205,90.80635288783482,1.1978358538827432,90.39802878243583,1.097749625840145,0.000769640115152459
2023-12-26,89.03922893783025,89.46070512848827,88.80398867364882,89.14704895019531,8086900,0.0,0.0,90.01744842529297,90.3181755065918,51.675607675123736,0.5474472696763826,1.0007235030730675,0.9566274517313763,-0.0007690482247881825,0.0,0.0,0.0,0.0,0.0,0.0,0.0,0.0,0.0,9419800.0,13037200.0,13060600.0,0.0,0.0,0.0,0.0,0.0,0.0,0.0,0.0,0.0,0.0,0.0,0.9162,0.0,0.0,0.9162,0.0,0.0,1.0,0.0,0.0,14.0,0.0,0.0,1.0,89.51951599121094,0.5867166340333426,90.38767678397042,1.1915392725640312,90.42987932477679,1.0501657869943952,0.006306704794542428
2023-12-27,89.10784820951976,89.13725230768691,88.25509197190662,88.58834838867188,11123500,0.0,0.0,89.32152099609375,90.22900314331055,46.93848351477756,0.3768442860442889,0.8759476596673118,1.0315542202476202,-0.006267179543268719,0.0,0.0,0.0,0.0,0.0,0.0,0.0,0.0,0.0,8086900.0,9419800.0,13037200.0,0.0,0.0,0.0,0.0,0.0,0.0,0.0,0.0,0.0,0.0,0.0,0.0,0.0,0.0,0.0,0.0,0.0,0.0,0.0,0.0,0.0,0.0,0.0,0.0,88.98368581136067,0.3440866615243381,89.9563969203404,1.2224744397056106,90.37227521623883,1.130365165187591,-0.00022128423727796331
2023-12-28,88.30409613646127,89.17646008991213,88.18647974402309,88.60795593261719,8479600,0.0,0.0,89.15097045898438,90.14081115722657,43.45757183702292,0.24045059256127388,0.7488482462461042,1.0923134769550897,0.00022133321482953328,0.0,0.0,0.0,0.0,0.0,0.0,0.0,0.0,0.0,11123500.0,8086900.0,9419800.0,0.0,0.0,0.0,0.0,0.0,0.0,0.0,0.0,0.0,0.0,0.0,0.0,0.0,0.0,0.0,0.0,0.0,0.0,0.0,0.0,0.0,0.0,0.0,0.0,88.78111775716145,0.31705731732818987,89.61193520682198,1.2127691318392815,90.25675419398716,1.2252097147551515,0.00121828741479435
2023-12-29,88.3335091183938,88.80398965193962,88.07866113380042,88.50013732910156,9211000,0.0,0.0,88.81183013916015,90.0379467010498,39.414224142703894,0.12224834476495516,0.6235282659498744,1.1465381827564318,-0.0012168049965808336,0.0,0.0,0.0,0.0,0.0,0.0,0.0,0.0,0.0,8479600.0,11123500.0,8086900.0,0.0,0.0,0.0,0.0,0.0,0.0,0.0,0.0,0.0,0.0,0.0,0.0,0.0,0.0,0.0,0.0,0.0,0.0,0.0,0.0,0.0,0.0,0.0,0.0,88.5654805501302,0.0574318408703824,89.10224260602679,0.6069403155317578,90.07962199619838,1.2901454628680085,-0.0046301440837271945
2024-01-02,88.31390354914775,89.66655194184513,87.95124302033167,88.91181182861328,10587600,0.0,0.0,88.75106048583984,89.96103897094727,43.659576779581975,0.06108673354921734,0.511039959469743,1.1688178868589134,0.004651682041812544,0.0,0.0,0.0,0.0,0.0,0.0,0.0,0.0,0.0,9211000.0,8479600.0,11123500.0,0.0,0.0,0.0,0.0,0.0,0.0,0.0,0.0,0.0,0.0,0.0,0.0,0.0,0.0,0.0,0.0,0.0,0.0,0.0,0.0,0.0,0.0,0.0,0.0,88.67330169677734,0.2134748815607641,89.0238287789481,0.5880737171613132,89.9753031049456,1.3232814430287794,-0.010256387173286585
2024-01-03,88.44132685587599,90.25465184363398,88.21588297566194,89.83317565917969,11929800,0.0,0.0,88.88828582763672,89.95804405212402,52.508621978267634,0.0859710561627196,0.4260261788083384,1.1690779138295202,0.010362670736509427,0.0,0.0,0.0,0.0,0.0,0.0,0.0,0.0,0.0,10587600.0,9211000.0,8479600.0,0.0,0.0,0.0,0.0,0.0,0.0,0.0,0.0,0.0,0.0,0.0,0.0,0.0,0.0,0.0,0.0,0.0,0.0,0.0,0.0,0.0,0.0,0.0,0.0,89.08170827229817,0.6825660396965433,88.97201974051339,0.4721633771250631,90.01591001238141,1.3084367578985228,0.012036277726298117
2024-01-04,90.11742644278873,90.11742644278873,88.21588171068284,88.76477813720703,12087400,0.0,0.0,88.92357177734375,89.96122589111329,39.5775512640083,0.01925930083173455,0.34467280321301763,1.1655583004055627,-0.0118931287259183,0.0,0.0,0.0,0.0,0.0,0.0,0.0,0.0,0.0,11929800.0,10587600.0,9211000.0,0.0,0.0,0.0,0.0,0.0,0.0,0.0,0.0,0.0,0.0,0.0,0.0,0.0,0.0,0.0,0.0,0.0,0.0,0.0,0.0,0.0,0.0,0.0,0.0,89.169921875,0.5790802304290128,88.90760803222656,0.4640718174916107,89.8569804600307,1.31615268000704,-0.0037405401147089234
2024-01-05,88.61776854625334,89.50972534902616,88.56875672579329,89.09805297851562,9092100,0.0,0.0,89.02159118652344,89.9463882446289,34.98033702031829,-0.0066411959281253985,0.27441000338478905,1.1749989842365192,0.003754584287851692,0.0,0.0,0.0,0.0,0.0,0.0,0.0,0.0,0.0,12087400.0,11929800.0,10587600.0,0.0,0.0,0.0,0.0,0.0,0.0,0.0,0.0,0.0,0.0,0.0,0.0,0.0,0.0,0.0,0.0,0.0,0.0,0.0,0.0,0.0,0.0,0.0,0.0,89.23200225830078,0.5466489946991804,88.90060860770089,0.46021196049633656,89.64414269583565,1.161205159234809,-0.007099868582671309
2024-01-08,89.73516082763672,90.11742906123794,89.19606076581285,89.73516082763672,11103700,0.0,0.0,89.26859588623047,89.92188377380371,40.71913767019667,0.02396549338853049,0.22432110138553735,1.1739872067645358,0.00715063716683817,0.0,0.0,0.0,0.3818,0.3818,1.0,1.0,1.0,0.0,9092100.0,12087400.0,11929800.0,0.0,0.0,0.0,0.0,0.0,0.0,0.0,0.0,0.0,0.0,0.0,0.0,0.0,0.0,0.0,0.0,0.0,0.0,0.0,0.0,0.0,0.0,0.0,0.0,89.19933064778645,0.49305528715466146,89.06443895612445,0.529442879113347,89.51041793823242,1.0165205602943646,0.0209658031311164
2024-01-09,89.2450739020053,89.294078240435,87.82381348078518,87.89242553710938,11255100,0.0,0.0,89.0647186279297,89.76750564575195,36.21439071072256,-0.09932684435004546,0.1595915122384208,1.229230335063602,-0.020535264811826326,0.0,0.0,0.0,0.0,0.0,0.0,0.0,0.0,0.0,11103700.0,9092100.0,12087400.0,0.0,0.0,0.0,0.0,0.0,0.0,0.0,0.0,0.0,0.3818,0.0,0.0,0.3818,0.0,0.0,1.0,0.0,0.0,1.0,0.0,0.0,1.0,0.0,0.0,88.9085464477539,0.9358701200699853,88.96222032819476,0.679945676971484,89.28707776750836,1.002928923313119,0.004255795448443234
2024-01-10,88.03945083220567,88.03945083220567,87.11808255116004,87.51995849609375,15091600,0.0,0.0,88.6020751953125,89.62488975524903,28.676481635029987,-0.22450394591456302,0.08277242060782405,1.3176548527781649,-0.004237760406991642,0.0,0.0,0.0,0.0,0.0,0.0,0.0,0.0,0.0,11255100.0,11103700.0,9092100.0,0.0,0.0,0.0,0.0,0.0,0.0,0.0,0.0,0.0,0.0,0.3818,0.0,0.0,0.3818,0.0,0.0,1.0,0.0,0.0,1.0,0.0,0.0,1.0,0.0,88.38251495361328,1.1861370365793675,88.82219478062221,0.8663433844100836,88.9622186933245,0.7331731973299341,-0.0017886400861958363
2024-01-11,87.6179725065319,88.00024072482364,86.93185198091925,87.6767807006836,9642200,0.0,0.0,88.38447570800781,89.5454948425293,39.14078529756802,-0.30750869069538567,0.004716198347182107,1.3865401456512914,0.0017918450520841844,0.0,0.0,0.0,0.0,0.0,0.0,0.0,0.0,0.0,15091600.0,11255100.0,11103700.0,0.0,0.0,0.0,0.0,0.0,0.0,0.0,0.0,0.0,0.0,0.0,0.3818,0.0,0.0,0.3818,0.0,0.0,1.0,0.0,0.0,1.0,0.0,0.0,1.0,87.6963882446289,0.18700605871331474,88.64576176234654,0.9651724446899509,88.83479527064732,0.7924937568976865,-0.009961320162879539
2024-01-12,87.87282414788181,89.02943270946925,87.87282414788181,88.55894470214844,11919400,0.0,0.0,88.27665405273437,89.42395248413087,40.21104442718794,-0.29866446850429895,-0.05595993502311411,1.3595512865112995,0.010061546448385528,0.0,0.0,0.0,0.0,0.0,0.0,0.0,0.0,0.0,9642200.0,15091600.0,11255100.0,0.0,0.0,0.0,0.0,0.0,0.0,0.0,0.0,0.0,0.0,0.0,0.0,0.0,0.0,0.0,0.0,0.0,0.0,0.0,0.0,0.0,0.0,0.0,0.0,87.91856129964192,0.5601039882178548,88.46372876848493,0.8118887907735135,88.71787425449916,0.6904217759657465,-0.029016741676215374
2024-01-16,88.50013976137349,91.24462955756023,87.68659144698974,91.20542907714844,16780900,0.0,0.0,88.57070770263672,89.38033485412598,59.92182845629843,-0.07721608822917858,-0.06021116566432701,1.2816932432226615,0.029883874338170635,0.0,0.0,0.0,0.0,0.0,0.0,0.0,0.0,0.0,11919400.0,9642200.0,15091600.0,0.0,0.0,0.0,0.0,0.0,0.0,0.0,0.0,0.0,0.0,0.0,0.0,0.0,0.0,0.0,0.0,0.0,0.0,0.0,0.0,0.0,0.0,0.0,0.0,89.14705149332683,1.8363665319196687,88.81239318847656,1.324783137425582,88.86000061035156,0.9549147610585288,0.029997898557448943
2024-01-17,90.74474166228872,91.90135022501052,88.31390066536125,88.54914093017578,15735200,0.0,0.0,88.70205078125,89.22742652893066,47.63015275231772,-0.11473431953018576,-0.07111579643749877,1.1804519913505065,-0.029124232777039682,0.0,0.0,0.0,0.0,0.0,0.0,0.0,0.0,0.0,16780900.0,11919400.0,9642200.0,0.0,0.0,0.0,0.0,0.0,0.0,0.0,0.0,0.0,0.0,0.0,0.0,0.0,0.0,0.0,0.0,0.0,0.0,0.0,0.0,0.0,0.0,0.0,0.0,89.43783823649089,1.5307864199386698,88.73397718157086,1.3212972736497175,88.81729289463588,0.954459586006104,-0.020279895598384723
2024-01-18,88.86281089066487,90.67613603861598,88.61776674964031,90.382080078125,12203200,0.0,0.0,89.27447509765625,89.19557113647461,56.45731505681475,0.00339593634707569,-0.056213449880583875,1.137365186074405,0.02069968300872116,0.0,0.0,0.0,0.0,0.0,0.0,0.0,0.0,0.0,15735200.0,16780900.0,11919400.0,0.0,0.0,0.0,0.0,0.0,0.0,0.0,0.0,0.0,0.0,0.0,0.0,0.0,0.0,0.0,0.0,0.0,0.0,0.0,0.0,0.0,0.0,0.0,0.0,90.04555002848308,1.3597448421196248,88.82639421735492,1.4217973963193988,88.94541658673968,1.0380912266584994,-0.009133838562527474
2024-01-19,90.48989668354908,91.72492120158901,89.81357248683499,91.21522521972656,19790100,0.0,0.0,89.98216400146484,89.15293312072754,58.86664487237366,0.16237115169094807,-0.01249652956627749,1.035432020099465,0.009218034602449965,0.0,0.0,0.0,0.0,0.0,0.0,0.0,0.0,0.0,12203200.0,15735200.0,16780900.0,0.0,0.0,0.0,0.0,0.0,0.0,0.0,0.0,0.0,0.0,0.0,0.0,0.0,0.0,0.0,0.0,0.0,0.0,0.0,0.0,0.0,0.0,0.0,0.0,90.04881540934245,1.3639282841636138,89.30107988630023,1.6013524330588942,89.1316501072475,1.1949195252046374,-0.021245278147146718
2024-01-22,91.0289936469537,93.3422107699542,91.0289936469537,93.19518280029297,15119400,0.0,0.0,90.90941162109375,89.33965682983398,64.16318564599689,0.4430193336529413,0.07860664307756628,1.3749260600401643,0.021706437448319793,0.0,0.0,0.0,0.0,0.0,0.0,0.0,0.0,0.0,19790100.0,12203200.0,15735200.0,0.0,0.0,0.0,0.0,0.0,0.0,0.0,0.0,0.0,0.0,0.0,0.0,0.0,0.0,0.0,0.0,0.0,0.0,0.0,0.0,0.0,0.0,0.0,0.0,91.59749603271484,1.4449861460285054,90.11182621547154,1.9483520607359637,89.46701049804688,1.5956860595113185,0.01397039157870128
2024-01-23,93.5382446677386,93.98912496505329,91.33284751978326,91.91114807128906,11559400,0.0,0.0,91.05055541992188,89.4254222869873,58.59547488517984,0.5554216136894894,0.1739696371999509,1.4805834000832376,-0.013777908797662386,0.0,0.0,0.0,0.0,0.0,0.0,0.0,0.0,0.0,15119400.0,19790100.0,12203200.0,0.0,0.0,0.0,0.0,0.0,0.0,0.0,0.0,0.0,0.0,0.0,0.0,0.0,0.0,0.0,0.0,0.0,0.0,0.0,0.0,0.0,0.0,0.0,0.0,92.10718536376953,1.004430669704466,90.71673583984375,1.7089547205612465,89.68124880109515,1.712482952508823,0.0028876256827277125
2024-01-24,92.54826789283452,93.36181622265494,91.41126698548196,91.6465072631836,10454900,0.0,0.0,91.67002868652344,89.54696464538574,55.399887038971556,0.6160455394112461,0.26238481764220994,1.5600975725917359,-0.0028793113094420786,0.0,0.0,0.0,0.0,0.0,0.0,0.0,0.0,0.0,11559400.0,15119400.0,19790100.0,0.0,0.0,0.0,0.0,0.0,0.0,0.0,0.0,0.0,0.0,0.0,0.0,0.0,0.0,0.0,0.0,0.0,0.0,0.0,0.0,0.0,0.0,0.0,0.0,92.25094604492188,0.8283694688809095,91.15781620570591,1.435833468945869,89.81077248709542,1.7916056802068678,-0.014336979618308487
2024-01-25,92.0581848221945,93.05796914570703,91.8915565943271,92.97955322265625,8661600,0.0,0.0,92.18952331542968,89.73858985900878,62.35634304906357,0.7628623037447824,0.3624803148627245,1.7340629444617779,0.01454551841942564,0.0,0.0,0.0,0.0,0.0,0.0,0.0,0.0,0.0,10454900.0,11559400.0,15119400.0,0.0,0.0,0.0,0.0,0.0,0.0,0.0,0.0,0.0,0.0,0.0,0.0,0.0,0.0,0.0,0.0,0.0,0.0,0.0,0.0,0.0,0.0,0.0,0.0,92.17906951904297,0.7057544255203566,91.41126251220703,1.5935557758629766,90.1118278503418,1.9494821481861113,-0.005243219223635243
2024-01-26,93.11677085878532,93.63626322601924,92.82271490691723,93.46963500976562,7812800,0.0,0.0,92.6404052734375,89.98265419006347,62.699290780141844,0.9082909391174638,0.47164243971367237,1.899290811340333,0.005270855474383662,0.0,0.0,0.0,0.0,0.0,0.0,0.0,0.0,0.0,8661600.0,10454900.0,11559400.0,0.0,0.0,0.0,0.0,0.0,0.0,0.0,0.0,0.0,0.0,0.0,0.0,0.0,0.0,0.0,0.0,0.0,0.0,0.0,0.0,0.0,0.0,0.0,0.0,92.69856516520183,0.9434852470565654,92.11419023786273,1.14184979606381,90.4240837097168,2.1174790113279136,-0.02184839624680468
2024-01-29,93.52844600414826,95.5672150533772,93.11677364175215,95.55741119384766,13422200,0.0,0.0,93.11285095214843,90.330126953125,65.5987264843987,1.178426107565656,0.6129991732840692,2.239738942325515,0.02233641100517736,0.0,0.0,0.0,-0.6808,-0.6808,1.0,4016.0,0.0,0.0,7812800.0,8661600.0,10454900.0,0.0,0.0,0.0,0.0,0.0,0.0,0.0,0.0,0.0,0.0,0.0,0.0,0.0,0.0,0.0,0.0,0.0,0.0,0.0,0.0,0.0,0.0,0.0,0.0,94.00219980875652,1.3689619712585046,92.85352325439453,1.4635685567335537,90.83995873587472,2.5075797943115656,0.005673650098279692
2024-01-30,94.60663074108723,95.60641494037498,94.10674611959645,95.018310546875,9139600,0.0,0.0,93.73428344726562,90.65603561401367,70.52510644881139,1.333635933143313,0.7571265252559181,2.4259350269583915,-0.005641641399001918,0.0,0.0,0.0,0.0,0.0,0.0,0.0,0.0,0.0,13422200.0,7812800.0,8661600.0,0.0,0.0,0.0,0.0,0.0,0.0,0.0,0.0,0.0,-0.6808,0.0,0.0,-0.6808,0.0,0.0,1.0,0.0,0.0,4016.0,0.0,0.0,0.0,0.0,0.0,94.6817855834961,1.0838077029334863,93.39682115827289,1.4599242449714414,91.34895052228656,2.585270235550307,0.00926595914601891
2024-01-31,94.50861847396627,95.63582297010547,93.91071019718339,94.14595794677734,9592300,0.0,0.0,94.23417358398437,90.91774291992188,68.55104231771028,1.3704515613442965,0.8797915324735939,2.508779125824702,-0.009180889399915237,0.0,0.0,0.0,0.0,0.0,0.0,0.0,0.0,0.0,9139600.0,13422200.0,7812800.0,0.0,0.0,0.0,0.0,0.0,0.0,0.0,0.0,0.0,0.0,-0.6808,0.0,0.0,-0.6808,0.0,0.0,1.0,0.0,0.0,4016.0,0.0,0.0,0.0,0.0,94.9072265625,0.7122533298306499,93.53264617919922,1.4820977055425577,91.82223619733539,2.432364605352087,-0.01040589969716088
2024-02-01,94.45961619246951,95.9886892073728,93.99893202050414,95.13593292236328,8484800,0.0,0.0,94.66544952392579,91.18288078308106,69.95280808621729,1.4626503956072554,0.9963633051003262,2.6635587627054327,0.010515321073535588,0.0,0.0,0.0,0.0,0.0,0.0,0.0,0.0,0.0,9592300.0,9139600.0,13422200.0,0.0,0.0,0.0,0.0,0.0,0.0,0.0,0.0,0.0,0.0,0.0,-0.6808,0.0,0.0,-0.6808,0.0,0.0,1.0,0.0,0.0,4016.0,0.0,0.0,0.0,94.76673380533855,0.5408148996960208,93.99332972935268,1.392560506514446,92.35503278459821,2.265709980709998,-0.000720670905907328
2024-02-02,94.37139550900764,95.47899977858661,93.92051520068875,95.20454406738281,9321300,0.0,0.0,95.01243133544922,91.50486907958984,68.5855194374578,1.5236908226740127,1.1018288086150636,2.7438868538689274,0.0007211906470241392,0.0,0.0,0.0,0.0,0.0,0.0,0.0,0.0,0.0,8484800.0,9592300.0,9139600.0,0.0,0.0,0.0,0.0,0.0,0.0,0.0,0.0,0.0,0.0,0.0,0.0,0.0,0.0,0.0,0.0,0.0,0.0,0.0,0.0,0.0,0.0,0.0,0.0,94.82881164550781,0.5923628556110531,94.50162070138114,0.982029792915085,92.82971845354352,2.099259967734459,0.004966262338744976
2024-02-05,94.78307416729459,95.4397981722659,94.57723797880651,94.73406982421875,11679300,0.0,0.0,94.84776306152344,91.786669921875,61.23597525542382,1.5166198122582415,1.1847870093436992,2.7729532582878074,-0.004941720458543242,0.0,0.0,0.0,-0.5983,-0.5983,1.0,111.0,0.0,0.0,9321300.0,8484800.0,9592300.0,0.0,0.0,0.0,0.0,0.0,0.0,0.0,0.0,0.0,0.0,0.0,0.0,0.0,0.0,0.0,0.0,0.0,0.0,0.0,0.0,0.0,0.0,0.0,0.0,95.02484893798828,0.2541480711292443,94.75226593017578,0.7169236424857848,93.0817642211914,2.1010704333486383,-0.026588735131294228
2024-02-06,94.99871042738857,97.35113566768656,94.87129016668777,97.32173156738281,16455500,0.0,0.0,95.308447265625,92.1659984588623,78.05649456141147,1.7002195891677303,1.2878735253085054,2.9881039645541723,0.02731500660707953,0.0,0.0,0.0,0.0,0.0,0.0,0.0,0.0,0.0,11679300.0,9321300.0,8484800.0,0.0,0.0,0.0,0.0,0.0,0.0,0.0,0.0,0.0,-0.5983,0.0,0.0,-0.5983,0.0,0.0,1.0,0.0,0.0,111.0,0.0,0.0,0.0,0.0,0.0,95.75344848632812,1.378394127277113,95.3025654384068,0.99340171434747,93.70837783813477,1.9478604634505028,0.0015130861697549847
2024-02-07,95.45938899631246,97.31192198809744,94.72425661931355,97.17469787597656,28886300,0.0,0.0,95.91419525146485,92.63011207580567,74.34998123815078,1.8129606630539428,1.392890952857593,3.010177089575689,-0.0015108001988687336,0.0,0.0,0.0,0.9985,0.9985,1.0,46.0,1.0,0.0,16455500.0,11679300.0,9321300.0,0.0,0.0,0.0,0.0,0.0,0.0,0.0,0.0,0.0,0.0,-0.5983,0.0,0.0,-0.5983,0.0,0.0,1.0,0.0,0.0,111.0,0.0,0.0,0.0,0.0,96.41016642252605,1.453402759645494,95.53360639299665,1.2238842430462342,94.1935648236956,1.9010020246224815,-0.10313008177597238
2024-02-08,104.95729937958475,110.534498471296,104.68285116141095,108.34870910644531,60558400,0.0,0.0,98.55675048828125,93.67154960632324,85.27040032969214,2.7720041591212237,1.668713594110319,4.421424731710868,0.11498889602651574,0.0,0.0,0.0,0.0,0.0,1.0,1.0,0.0,0.0,28886300.0,16455500.0,11679300.0,0.0,0.0,0.0,0.0,0.0,0.0,0.0,0.0,0.0,0.9985,0.0,-0.5983,0.9985,0.0,-0.5983,1.0,0.0,1.0,46.0,0.0,111.0,1.0,0.0,0.0,100.94837951660156,6.409295066958604,97.43794904436383,4.959217630714829,95.41738510131836,4.0904091475908775,0.01983574602248117
2024-02-09,107.42734570636857,107.96644578669107,105.55521243117789,106.2413330078125,21509100,0.0,0.0,100.76410827636718,94.59977722167969,76.71620300367749,3.3236919483528453,1.9997092649588244,5.006632479524876,-0.01944994191451288,0.0,0.0,0.0,0.0,0.0,0.0,0.0,0.0,0.0,60558400.0,28886300.0,16455500.0,0.0,0.0,0.0,0.0,0.0,0.0,0.0,0.0,0.0,0.0,0.9985,0.0,0.0,0.9985,0.0,1.0,1.0,0.0,1.0,46.0,0.0,0.0,1.0,0.0,103.9215799967448,5.937219237061129,99.16585976736886,5.676349657531428,96.34925297328404,4.942524953562312,-0.008235018703585117
2024-02-12,105.74144447184723,108.8584062279762,105.69244013079914,107.12349700927734,13424000,0.0,0.0,103.2419937133789,95.52800483703614,81.67351473486332,3.7884211970317665,2.3574516513734127,5.522112375125033,0.00830339733594987,0.0,0.0,0.0,0.0,0.0,0.0,0.0,0.0,0.0,21509100.0,60558400.0,28886300.0,0.0,0.0,0.0,0.0,0.0,0.0,0.0,0.0,0.0,0.0,0.0,0.9985,0.0,0.0,0.9985,0.0,1.0,1.0,0.0,1.0,46.0,0.0,0.0,1.0,107.23784637451172,1.05833139340631,100.8783689226423,6.0536564633394345,97.4358493259975,5.529146995481967,-0.010591983597727173
2024-02-13,106.13350914209875,108.45653011556459,106.06489708692396,108.27029418945312,14594500,0.0,0.0,105.43170623779297,96.38124809265136,83.38584267300885,4.200834814249703,2.726128283948671,6.106517537423558,0.010705374751502683,0.0,0.0,0.0,0.0,0.0,0.0,0.0,0.0,0.0,13424000.0,21509100.0,60558400.0,0.0,0.0,0.0,0.0,0.0,0.0,0.0,0.0,0.0,0.0,0.0,0.0,0.0,0.0,0.0,0.0,0.0,1.0,0.0,0.0,1.0,0.0,0.0,0.0,107.21170806884766,1.0173528210134468,102.74490465436664,6.026899709553802,98.62326267787388,5.958565082127888,-0.00986016071836604
2024-02-14,108.38791907258656,109.46611172603905,107.49595486883152,109.3484878540039,11405500,0.0,0.0,107.86646423339843,97.42121543884278,83.21401314312695,4.562087885717958,3.0933202043025285,6.463168259507446,0.00995835166628578,0.0,0.0,0.0,0.0,0.0,0.0,0.0,0.0,0.0,14594500.0,13424000.0,21509100.0,0.0,0.0,0.0,0.0,0.0,0.0,0.0,0.0,0.0,0.0,0.0,0.0,0.0,0.0,0.0,0.0,0.0,0.0,0.0,0.0,0.0,0.0,0.0,0.0,108.24742635091145,1.112671680375184,104.83267865862165,5.273571765619554,99.79247229439872,6.358511889125362,-0.007914588534288391
2024-02-15,108.87800348360415,110.68152458897261,108.87800348360415,110.22084045410156,9961900,0.0,0.0,108.24089050292969,98.4131534576416,83.47043991792508,4.862720694588717,3.447200302359766,6.837514508039455,0.007977728976576115,0.0,0.0,0.0,0.0,0.0,0.0,0.0,0.0,0.0,11405500.0,14594500.0,13424000.0,0.0,0.0,0.0,0.0,0.0,0.0,0.0,0.0,0.0,0.0,0.0,0.0,0.0,0.0,0.0,0.0,0.0,0.0,0.0,0.0,0.0,0.0,0.0,0.0,109.27987416585286,0.9770816553823793,106.67540849958148,4.391502086651216,100.98898696899414,6.6467359415035085,0.007616442957513847
2024-02-16,109.79936764551577,110.32866385003027,108.95642273997771,109.3876953125,8782200,0.0,0.0,108.87016296386719,99.32177696228027,79.09280840242107,4.976381878908541,3.753036617669521,7.035245676507684,-0.007558871245846643,0.0,0.0,0.0,0.0,0.0,0.0,0.0,0.0,0.0,9961900.0,11405500.0,14594500.0,0.0,0.0,0.0,0.0,0.0,0.0,0.0,0.0,0.0,0.0,0.0,0.0,0.0,0.0,0.0,0.0,0.0,0.0,0.0,0.0,0.0,0.0,0.0,0.0,109.65234120686848,0.4927249250635415,108.42012241908482,1.3842298844521927,101.97686440604073,6.803290739941831,0.01973682947158295
2024-02-20,108.65256037817207,108.92700859370787,107.18229567081345,107.27051544189453,9770900,0.0,0.0,108.89956665039062,100.02554359436036,74.16863190687245,4.839829918211564,3.97039527777793,7.093883543294258,-0.019354826560309957,0.0,0.0,0.0,0.0,0.0,0.0,0.0,0.0,0.0,8782200.0,9961900.0,11405500.0,0.0,0.0,0.0,0.0,0.0,0.0,0.0,0.0,0.0,0.0,0.0,0.0,0.0,0.0,0.0,0.0,0.0,0.0,0.0,0.0,0.0,0.0,0.0,0.0,108.95968373616536,1.5210193462020654,108.26609475272042,1.4518367059697166,102.85202189854213,6.625014392804438,0.016439087404302333
2024-02-21,106.3295544677037,107.05488301422645,105.114130172483,105.53560638427734,10427500,0.0,0.0,108.35262908935547,100.70676651000977,71.7277729230694,4.539292703175107,4.084174762857366,6.925834834035587,-0.01617321451724485,0.0,0.0,0.0,0.0,0.0,0.0,0.0,0.0,0.0,9770900.0,8782200.0,9961900.0,0.0,0.0,0.0,0.0,0.0,0.0,0.0,0.0,0.0,0.0,0.0,0.0,0.0,0.0,0.0,0.0,0.0,0.0,0.0,0.0,0.0,0.0,0.0,0.0,107.39793904622395,1.9292031668383498,108.16527666364398,1.629505831112158,103.66556821550641,6.156426746999776,0.00027876387636682765
2024-02-22,105.84925533864585,106.33934357567024,105.28075866709385,105.50619506835938,9266200,0.0,0.0,107.58417053222657,101.39975090026856,70.53572480743948,4.249753039945972,4.117290418275087,6.659849233249372,-0.00027868618872450845,0.0,0.0,0.0,0.0,0.0,0.0,0.0,0.0,0.0,10427500.0,9770900.0,8782200.0,0.0,0.0,0.0,0.0,0.0,0.0,0.0,0.0,0.0,0.0,0.0,0.0,0.0,0.0,0.0,0.0,0.0,0.0,0.0,0.0,0.0,0.0,0.0,0.0,106.10410563151042,1.0102475640634967,107.93423352922711,1.8948825422776656,104.40630122593471,5.654625793674357,-0.0009281337518255439
2024-02-23,105.43758169615391,105.85905787385184,103.73207674651356,105.60420989990234,11724000,0.0,0.0,106.66084442138671,102.03098373413086,70.56999703923512,3.9822943383374536,4.090291202287561,6.413500945256246,0.0009289959843539197,0.0,0.0,0.0,0.0,0.0,0.0,0.0,0.0,0.0,9266200.0,10427500.0,9770900.0,0.0,0.0,0.0,0.0,0.0,0.0,0.0,0.0,0.0,0.0,0.0,0.0,0.0,0.0,0.0,0.0,0.0,0.0,0.0,0.0,0.0,0.0,0.0,0.0,105.54867045084636,0.050296413163221504,107.55336434500558,2.075416548214085,105.1491344996861,4.997766730745031,0.0005571760743621201
2024-02-26,105.38857070223396,106.60399490859164,105.25134659476664,105.54540252685547,8694200,0.0,0.0,105.89238586425782,102.63477210998535,71.73826270373922,3.7226734644314377,4.016767654716336,6.127118892506882,-0.0005568658020604911,0.0,0.0,0.0,0.0,0.0,0.0,0.0,0.0,0.0,11724000.0,9266200.0,10427500.0,0.0,0.0,0.0,0.0,0.0,0.0,0.0,0.0,0.0,0.0,0.0,0.0,0.0,0.0,0.0,0.0,0.0,0.0,0.0,0.0,0.0,0.0,0.0,0.0,105.55193583170573,0.049332948977287315,107.01006644112724,2.0243252808316647,105.92137254987445,4.000425684110723,-0.015902013367724233
2024-02-27,105.64341908022597,107.4077397231676,105.64341908022597,107.25090789794922,7595000,0.0,0.0,105.88846435546876,103.21944694519043,70.69880578888454,3.61289487813157,3.935993099399383,5.972185138987802,0.0161589735816281,0.0,0.0,0.0,0.0,0.0,0.0,0.0,0.0,0.0,8694200.0,11724000.0,9266200.0,0.0,0.0,0.0,0.0,0.0,0.0,0.0,0.0,0.0,0.0,0.0,0.0,0.0,0.0,0.0,0.0,0.0,0.0,0.0,0.0,0.0,0.0,0.0,0.0,106.13350677490234,0.9681443741100695,106.5857903616769,1.4762689772679092,106.63059943062919,3.1478450988162514,-0.012454964514643785
2024-02-28,106.62360064330875,108.83880167227147,106.5059842469333,108.60356140136719,10773000,0.0,0.0,106.50205535888672,103.89870948791504,72.6848492264154,3.5936174061962873,3.867517960758764,5.759088970200675,0.012612047113904401,0.0,0.0,0.0,0.0,0.0,0.0,0.0,0.0,0.0,7595000.0,8694200.0,11724000.0,0.0,0.0,0.0,0.0,0.0,0.0,0.0,0.0,0.0,0.0,0.0,0.0,0.0,0.0,0.0,0.0,0.0,0.0,0.0,0.0,0.0,0.0,0.0,0.0,107.13329060872395,1.5324683668781622,106.47377123151507,1.238891384529744,107.44694682529995,1.6163742836629371,-0.006990466404303564
2024-02-29,108.9368153459923,110.51490010539476,108.77018713615557,109.36809539794922,11658300,0.0,0.0,107.2744354248047,104.65981636047363,53.448289211053485,3.5985495358182646,3.813724275770664,5.39681853525836,0.007039677030079572,0.0,0.0,0.0,0.0,0.0,0.0,0.0,0.0,0.0,10773000.0,7595000.0,8694200.0,0.0,0.0,0.0,0.0,0.0,0.0,0.0,0.0,0.0,0.0,0.0,0.0,0.0,0.0,0.0,0.0,0.0,0.0,0.0,0.0,0.0,0.0,0.0,0.0,108.4075215657552,1.0721214671851096,106.77342551095145,1.6493874322159692,107.51976013183594,1.6817588655356945,-0.003305097655637579
2024-03-01,109.2308816195883,109.92680610134543,108.82900562803837,109.73076629638672,7242400,0.0,0.0,108.09974670410156,105.38955802917481,63.383486500548074,3.5903356402599087,3.7690465486685136,5.014437446522775,0.0033160575496709033,0.0,0.0,0.0,0.0,0.0,0.0,0.0,0.0,0.0,11658300.0,10773000.0,7595000.0,0.0,0.0,0.0,0.0,0.0,0.0,0.0,0.0,0.0,0.0,0.0,0.0,0.0,0.0,0.0,0.0,0.0,0.0,0.0,0.0,0.0,0.0,0.0,0.0,109.23414103190105,0.575417716078101,107.37273406982422,1.87182382090229,107.76900536673409,1.7354342217012,-0.015304759801933132
2024-03-04,110.43648742289372,111.86754425390592,109.58373863103532,111.43627166748047,11558900,0.0,0.0,109.27792053222656,106.20114440917969,65.55870916032887,3.6790364566446243,3.751044530263736,4.573389061069514,0.015542636114352026,0.0,0.0,0.0,0.0,0.0,0.0,0.0,0.0,0.0,7242400.0,11658300.0,10773000.0,0.0,0.0,0.0,0.0,0.0,0.0,0.0,0.0,0.0,0.0,0.0,0.0,0.0,0.0,0.0,0.0,0.0,0.0,0.0,0.0,0.0,0.0,0.0,0.0,110.17837778727214,1.1043574174797555,108.21988786969867,2.199508639752227,108.07706069946289,1.9778796541283872,0.0072650344194185035
2024-03-05,111.35785108821456,112.90653172967617,110.04441070933157,110.63252258300781,14929600,0.0,0.0,109.95424346923828,106.99606704711914,58.73822850085683,3.642488320787024,3.7293332883683936,3.7899252565227344,-0.00721263438237596,0.0,0.0,0.0,0.0,0.0,0.0,0.0,0.0,0.0,11558900.0,7242400.0,11658300.0,0.0,0.0,0.0,0.0,0.0,0.0,0.0,0.0,0.0,0.0,0.0,0.0,0.0,0.0,0.0,0.0,0.0,0.0,0.0,0.0,0.0,0.0,0.0,0.0,110.599853515625,0.8532218900615233,108.93821825299945,2.016352927905706,108.2457912990025,2.093039179395454,0.0255314496313106
2024-03-06,110.83837240116561,111.05401245099011,107.08429420543106,107.87823486328125,14743900,0.0,0.0,109.80917816162109,107.52389221191406,45.16132596074706,3.352628643304598,3.6539923593556347,3.030725122024366,-0.024895823175866028,0.0,0.0,0.0,0.0,0.0,0.0,0.0,0.0,0.0,14929600.0,11558900.0,7242400.0,0.0,0.0,0.0,0.0,0.0,0.0,0.0,0.0,0.0,0.0,0.0,0.0,0.0,0.0,0.0,0.0,0.0,0.0,0.0,0.0,0.0,0.0,0.0,0.0,109.98234303792317,1.866000148886353,109.27148001534599,1.4848679626179937,108.14077322823661,2.070215967788101,-0.0010890672791515899
2024-03-07,108.50553811097633,108.87800997575559,107.03527332639317,107.995849609375,8609300,0.0,0.0,109.53472900390625,108.06494979858398,42.29466459805878,3.0967063840730873,3.5425351642991254,1.8032522472974122,0.0010902546398057211,0.0,0.0,0.0,0.0,0.0,0.0,0.0,0.0,0.0,14743900.0,14929600.0,11558900.0,0.0,0.0,0.0,0.0,0.0,0.0,0.0,0.0,0.0,0.0,0.0,0.0,0.0,0.0,0.0,0.0,0.0,0.0,0.0,0.0,0.0,0.0,0.0,0.0,108.83553568522136,1.5573470198503665,109.37790025983539,1.3350556524250252,107.98184531075614,1.9817636671666767,-0.0012690836146679318
2024-03-08,107.99585540646707,109.10345224483902,107.17250319426414,108.1330795288086,10009200,0.0,0.0,109.21519165039062,108.05416831970214,45.435129116628296,2.8718545063499477,3.4083990327092897,1.8021106366802393,0.0012706962344382067,0.0,0.0,0.0,0.0,0.0,0.0,0.0,0.0,0.0,8609300.0,14743900.0,14929600.0,0.0,0.0,0.0,0.0,0.0,0.0,0.0,0.0,0.0,0.0,0.0,0.0,0.0,0.0,0.0,0.0,0.0,0.0,0.0,0.0,0.0,0.0,0.0,0.0,108.00238800048828,0.12754808428862838,109.31068856375558,1.3911983845149976,107.89222989763532,1.9412537319211032,-0.017718836428213924
2024-03-11,107.90764013738588,110.67174537536431,107.84883193339626,110.08363342285156,8794300,0.0,0.0,108.94466400146484,108.2462833404541,60.361050961553055,2.8185605594381116,3.2904313380550545,1.8034855915958456,0.01803845689536021,0.0,0.0,0.0,0.0,0.0,0.0,0.0,0.0,0.0,10009200.0,8609300.0,14743900.0,0.0,0.0,0.0,0.0,0.0,0.0,0.0,0.0,0.0,0.0,0.0,0.0,0.0,0.0,0.0,0.0,0.0,0.0,0.0,0.0,0.0,0.0,0.0,0.0,108.73752085367839,1.167785211141776,109.41290828159877,1.4220644491983014,108.09316689627511,2.016099046216332,-0.001333734584187618
2024-03-12,110.2894600543605,110.71093626210947,109.42690739861645,110.23065185546875,8085000,0.0,0.0,108.86428985595703,108.40164108276367,69.58299628381023,2.7564136605058422,3.1836278025452125,1.8352254127831502,0.0013355158078083296,0.0,0.0,0.0,0.0,0.0,0.0,0.0,0.0,0.0,8794300.0,10009200.0,8609300.0,0.0,0.0,0.0,0.0,0.0,0.0,0.0,0.0,0.0,0.0,0.0,0.0,0.0,0.0,0.0,0.0,0.0,0.0,0.0,0.0,0.0,0.0,0.0,0.0,109.48245493570964,1.170903111467515,109.48432050432477,1.452903798272047,108.4285272870745,1.9472606721359103,-0.000355559159502139
2024-03-13,110.50509958661834,111.86754436122305,110.21105111533983,110.26985931396484,7267900,0.0,0.0,109.34261474609374,108.50161933898926,69.85298092166889,2.679438609193852,3.0827899638749403,1.8815736459484744,0.00035568562678456317,0.0,0.0,0.0,0.0,0.0,0.0,0.0,0.0,0.0,8085000.0,8794300.0,10009200.0,0.0,0.0,0.0,0.0,0.0,0.0,0.0,0.0,0.0,0.0,0.0,0.0,0.0,0.0,0.0,0.0,0.0,0.0,0.0,0.0,0.0,0.0,0.0,0.0,110.19471486409505,0.09817647957614228,109.31769016810826,1.2435282383653707,108.76878901890346,1.8085969704306266,0.003926507918933453
2024-03-14,109.5249210865684,110.12282935566436,107.33913165797121,109.83857727050781,10520500,0.0,0.0,109.7111602783203,108.52612380981445,67.17013189588658,2.5541913420588855,2.97707023951173,1.8963167785077157,-0.00391115075452364,0.0,0.0,0.0,0.0,0.0,0.0,0.0,0.0,0.0,7267900.0,8085000.0,8794300.0,0.0,0.0,0.0,0.0,0.0,0.0,0.0,0.0,0.0,0.0,0.0,0.0,0.0,0.0,0.0,0.0,0.0,0.0,0.0,0.0,0.0,0.0,0.0,0.0,110.11302947998047,0.23848965944823278,109.20426940917969,1.1350964784220305,109.07124383108956,1.5780338334558492,0.0009825045222950912
2024-03-15,109.38770598540135,110.72074674650496,109.19167365859656,109.73076629638672,15364200,0.0,0.0,110.03069763183593,108.50162010192871,66.90424510452834,2.418355242042537,2.8653272400178915,1.8763264717972599,-0.0009815401546542368,0.0,0.0,0.0,0.0,0.0,0.0,0.0,0.0,0.0,10520500.0,7267900.0,8085000.0,0.0,0.0,0.0,0.0,0.0,0.0,0.0,0.0,0.0,0.0,0.0,0.0,0.0,0.0,0.0,0.0,0.0,0.0,0.0,0.0,0.0,0.0,0.0,0.0,109.94640096028645,0.2852626534589988,109.46891675676618,0.97973022793584,109.37019838605609,1.2129005143551985,-0.01668855581527795
2024-03-18,110.06402091353247,112.16159804112017,110.06402091353247,111.59309387207031,11820800,0.0,0.0,110.33258972167968,108.61189002990723,67.31824995116168,2.432933087189184,2.77884840945215,1.9923579154112203,0.01697179048812414,0.0,0.0,0.0,0.0,0.0,0.0,0.0,0.0,0.0,15364200.0,10520500.0,7267900.0,0.0,0.0,0.0,0.0,0.0,0.0,0.0,0.0,0.0,0.0,0.0,0.0,0.0,0.0,0.0,0.0,0.0,0.0,0.0,0.0,0.0,0.0,0.0,0.0,110.38747914632161,1.0454835970697027,109.98280879429409,1.0208521220042903,109.68035452706474,1.1841184995886391,-0.005763713247092128
2024-03-19,111.16182046805787,112.88692572399773,110.99518477964111,112.2400131225586,10999700,0.0,0.0,110.73446197509766,108.86036491394043,65.36869427829816,2.468234836705548,2.71672569490283,2.1219344107762614,0.005797126220282944,0.0,0.0,0.0,0.0,0.0,0.0,0.0,0.0,0.0,11820800.0,15364200.0,10520500.0,0.0,0.0,0.0,0.0,0.0,0.0,0.0,0.0,0.0,0.0,0.0,0.0,0.0,0.0,0.0,0.0,0.0,0.0,0.0,0.0,0.0,0.0,0.0,0.0,111.18795776367188,1.3027591329211898,110.56951359340123,0.9588838741717092,109.94010107857841,1.3207104431238497,-0.016743899865031775
2024-03-20,112.33802693689293,114.20036374395725,112.09298281696745,114.15135192871094,11699600,0.0,0.0,111.51076049804688,109.29115219116211,68.42901394424068,2.62023634195468,2.6974278243132,2.280102467395921,0.017029032276264067,0.0,0.0,0.0,0.0,0.0,0.0,0.0,0.0,0.0,10999700.0,11820800.0,15364200.0,0.0,0.0,0.0,0.0,0.0,0.0,0.0,0.0,0.0,0.0,0.0,0.0,0.0,0.0,0.0,0.0,0.0,0.0,0.0,0.0,0.0,0.0,0.0,0.0,112.66148630777995,1.330188259415609,111.15061623709542,1.6200038090223547,110.2817622593471,1.7197669591533111,-0.002056642749315496
2024-03-21,114.67085641569014,115.03352444373922,113.56325956841347,114.38660430908203,10353500,0.0,0.0,112.42036590576171,109.73517265319825,68.11596354067713,2.728232168809612,2.703588693212483,2.3672449723709987,0.0020608812457867387,0.0,0.0,0.0,0.0,0.0,0.0,0.0,0.0,0.0,11699600.0,10999700.0,11820800.0,0.0,0.0,0.0,0.0,0.0,0.0,0.0,0.0,0.0,0.0,0.0,0.0,0.0,0.0,0.0,0.0,0.0,0.0,0.0,0.0,0.0,0.0,0.0,0.0,113.59265645345052,1.1773142766790676,111.74432373046875,1.9538141447028776,110.61432211739677,2.027627753592607,0.007163188467637971
2024-03-22,114.60223996848329,115.327575996825,113.54364750400097,113.57305908203125,7144800,0.0,0.0,113.18882446289062,110.13361511230468,58.93444908276694,2.7168551242296815,2.706241979415923,2.305171731611878,-0.007112242136784741,0.0,0.0,0.0,0.8038,0.8038,1.0,1.0,1.0,0.0,10353500.0,11699600.0,10999700.0,0.0,0.0,0.0,0.0,0.0,0.0,0.0,0.0,0.0,0.0,0.0,0.0,0.0,0.0,0.0,0.0,0.0,0.0,0.0,0.0,0.0,0.0,0.0,0.0,114.03700510660808,0.4186530256764371,112.2162094116211,1.937172908743923,110.76694978986468,2.169703213773643,-0.02923919862376767
2024-03-25,114.65124476351744,117.04287778235795,114.55322861054842,116.99386596679688,12103600,0.0,0.0,114.26897888183593,110.70603828430175,71.82249790619765,2.949865053053145,2.7549665941433674,2.5175227886151115,0.03011987977091346,0.0,0.0,0.0,0.0,0.0,0.0,0.0,0.0,0.0,7144800.0,10353500.0,11699600.0,0.0,0.0,0.0,0.0,0.0,0.0,0.0,0.0,0.0,0.8038,0.0,0.0,0.8038,0.0,0.0,1.0,0.0,0.0,1.0,0.0,0.0,1.0,0.0,0.0,114.98450978597005,1.7870641161369931,113.23839351109096,2.3228817769645813,111.22133146013532,2.7324952394198414,-0.00475283671941007
2024-03-26,117.25851820091036,118.01325833357019,115.84706905144824,117.55257415771484,11870000,0.0,0.0,115.33149108886718,111.22112159729004,89.07366538458457,3.1433753082096842,2.832648336956631,2.810238891564664,0.004775534053012009,0.0,0.0,0.0,0.0,0.0,0.0,0.0,0.0,0.0,12103600.0,7144800.0,10353500.0,0.0,0.0,0.0,0.0,0.0,0.0,0.0,0.0,0.0,0.0,0.8038,0.0,0.0,0.8038,0.0,0.0,1.0,0.0,0.0,1.0,0.0,0.0,1.0,0.0,116.03983306884766,2.1544765343756445,114.35579463413784,2.233953430743745,111.912355695452,3.029191684026742,-0.008679159651873714
2024-03-27,118.56215650210926,119.61094512839195,117.64078813724558,118.5817642211914,10782800,0.0,0.0,116.21757354736329,111.72003173828125,89.82304720214591,3.3412645979890385,2.9343715891631126,3.1821924071589978,0.008755146970203631,0.0,0.0,0.0,0.0,0.0,0.0,0.0,0.0,0.0,11870000.0,12103600.0,7144800.0,0.0,0.0,0.0,0.0,0.0,0.0,0.0,0.0,0.0,0.0,0.0,0.8038,0.0,0.0,0.8038,0.0,0.0,1.0,0.0,0.0,1.0,0.0,0.0,1.0,117.7094014485677,0.8054820394921849,115.3541761125837,2.352028627902513,112.6684924534389,3.286635178644122,-0.011278087633486478
2024-03-28,118.84639834405476,121.28703568833022,118.79738652873412,119.93439483642578,15367400,0.0,0.0,117.32713165283204,112.24834671020508,90.67569927127687,3.5661311322452462,3.0607234977795397,3.618391938383646,0.01140673377663104,0.0,0.0,0.0,0.0,0.0,0.0,0.0,0.0,0.0,10782800.0,11870000.0,12103600.0,0.0,0.0,0.0,0.0,0.0,0.0,0.0,0.0,0.0,0.0,0.0,0.0,0.0,0.0,0.0,0.0,0.0,0.0,0.0,0.0,0.0,0.0,0.0,0.0,118.68957773844402,1.1945648798874602,116.45337350027901,2.44999932478958,113.51144354684013,3.537720428224166,0.0068295142976142476
2024-04-01,119.64034962385544,119.97361354596855,118.3857248119905,119.12085723876953,8419700,0.0,0.0,118.43669128417969,112.71785125732421,83.79772160899168,3.6367713591885433,3.175933070061341,3.8746608924986705,-0.006783188415348307,0.0,0.0,0.0,0.0,0.0,0.0,0.0,0.0,0.0,15367400.0,10782800.0,11870000.0,0.0,0.0,0.0,0.0,0.0,0.0,0.0,0.0,0.0,0.0,0.0,0.0,0.0,0.0,0.0,0.0,0.0,0.0,0.0,0.0,0.0,0.0,0.0,0.0,119.21233876546223,0.6809398267188145,117.16330283028739,2.391064921491411,114.1569595336914,3.6855541597590364,-0.010503170641745996
2024-04-02,117.83682687142368,121.08120888187469,117.77801867101665,120.38528442382812,15517100,0.0,0.0,119.11497497558594,113.1653018951416,85.04743427296063,3.7515375647563474,3.291053969000342,4.220188242604645,0.010614658208210725,0.0,0.0,0.0,0.0,0.0,0.0,0.0,0.0,0.0,8419700.0,15367400.0,10782800.0,0.0,0.0,0.0,0.0,0.0,0.0,0.0,0.0,0.0,0.0,0.0,0.0,0.0,0.0,0.0,0.0,0.0,0.0,0.0,0.0,0.0,0.0,0.0,0.0,119.81351216634114,0.6408225117174754,118.02025713239398,2.3033911497644506,114.88229043143136,3.8490127928591664,0.0322743309297302
2024-04-03,119.84618075050727,121.23803710322646,116.03329465603787,116.62140655517578,22480400,0.0,0.0,118.92874145507812,113.46474609375,67.43813881471513,3.4984491771490838,3.3325330106300903,4.243423016689813,-0.03126526540736696,0.0,0.0,0.0,-0.34,-0.34,1.0,1.0,0.0,0.0,15517100.0,8419700.0,15367400.0,0.0,0.0,0.0,0.0,0.0,0.0,0.0,0.0,0.0,0.0,0.0,0.0,0.0,0.0,0.0,0.0,0.0,0.0,0.0,0.0,0.0,0.0,0.0,0.0,118.70918273925781,1.915411463026651,118.4557353428432,1.454039675563721,115.33597237723214,3.631720454783086,0.016141477240055657
2024-04-04,116.85664830914125,117.8074207495584,114.64144723459597,114.76886749267578,13815400,0.0,0.0,118.166162109375,113.80927772521973,62.556187034284434,3.112511293814066,3.2885286672668856,4.040868347705038,-0.01588506876414264,0.0,0.0,0.0,0.0,0.0,0.0,0.0,0.0,0.0,22480400.0,15517100.0,8419700.0,0.0,0.0,0.0,0.0,0.0,0.0,0.0,0.0,0.0,-0.34,0.0,0.0,-0.34,0.0,0.0,1.0,0.0,0.0,1.0,0.0,0.0,0.0,0.0,0.0,117.25851949055989,2.8618996235820346,118.13787841796875,1.9762797359273336,115.68813596452985,3.2796118590884746,-0.010897106632801856
2024-04-05,114.28858165462101,116.50378270150199,113.99453318315051,116.03329467773438,9653900,0.0,0.0,117.38594207763671,114.21114997863769,65.15794012679248,2.8755340803931375,3.205929749892136,3.8262528175463024,0.01101716181994461,0.0,0.0,0.0,0.0,0.0,0.0,0.0,0.0,0.0,13815400.0,22480400.0,15517100.0,0.0,0.0,0.0,0.0,0.0,0.0,0.0,0.0,0.0,0.0,-0.34,0.0,0.0,-0.34,0.0,0.0,1.0,0.0,0.0,1.0,0.0,0.0,0.0,0.0,115.80785624186198,0.9466214189413414,117.92083849225726,2.128811754044164,116.13831656319755,2.795844532875245,0.008777168642781108
2024-04-08,115.68042862631866,116.17051688219354,114.50421980348028,115.02371215820312,6266000,0.0,0.0,116.56651306152344,114.55568161010743,58.603740919976396,2.576562056007944,3.080056211115298,3.550443099498479,-0.008700800251645213,0.0,0.0,0.0,0.0,0.0,0.0,0.0,0.0,0.0,9653900.0,13815400.0,22480400.0,0.0,0.0,0.0,0.0,0.0,0.0,0.0,0.0,0.0,0.0,0.0,-0.34,0.0,0.0,-0.34,0.0,0.0,1.0,0.0,0.0,1.0,0.0,0.0,0.0,115.2752914428711,0.6687025713531521,117.41254534040179,2.3572237053958163,116.38336072649274,2.501697072547287,-0.0052556594092534326
2024-04-09,115.05312351254842,116.16072782669167,114.57283908538619,115.63143157958984,7451100,0.0,0.0,115.61574249267578,114.83307151794433,58.52218698044798,2.3614412265745273,2.9363332142071443,3.39602242290858,0.005283427303675037,0.0,0.0,0.0,0.0,0.0,0.0,0.0,0.0,0.0,6266000.0,9653900.0,13815400.0,0.0,0.0,0.0,0.0,0.0,0.0,0.0,0.0,0.0,0.0,0.0,0.0,0.0,0.0,0.0,0.0,0.0,0.0,0.0,0.0,0.0,0.0,0.0,0.0,115.56281280517578,0.5082771075774662,116.79783630371094,2.141128695085492,116.62560490199498,2.2177060889978932,0.0066558921050732245
2024-04-10,114.28858191222362,115.22955048372633,114.06314549807011,114.86688995361328,6746300,0.0,0.0,115.26483917236328,115.06488342285157,51.908021433020984,2.1049991794866827,2.7700664072630525,3.218945065774246,-0.006611884117774025,0.0,0.0,0.0,0.0,0.0,0.0,0.0,0.0,0.0,7451100.0,6266000.0,9653900.0,0.0,0.0,0.0,0.0,0.0,0.0,0.0,0.0,0.0,0.0,0.0,0.0,0.0,0.0,0.0,0.0,0.0,0.0,0.0,0.0,0.0,0.0,0.0,0.0,115.17401123046875,0.4038233930886554,116.19012669154576,1.9686519612296436,116.67671476091657,2.1638897190310646,0.0003415125137427033
2024-04-11,115.25894742703906,115.93527158381552,114.06313841622908,114.82767486572266,6559400,0.0,0.0,115.27660064697265,115.29277420043945,51.18856516919352,1.8769661819709,2.591446362204622,3.016584570578156,-0.0003413959227629437,0.0,0.0,0.0,0.0,0.0,0.0,0.0,0.0,0.0,6746300.0,7451100.0,6266000.0,0.0,0.0,0.0,0.0,0.0,0.0,0.0,0.0,0.0,0.0,0.0,0.0,0.0,0.0,0.0,0.0,0.0,0.0,0.0,0.0,0.0,0.0,0.0,0.0,115.1086654663086,0.4531531338035062,115.39618246895927,0.7185677705953608,116.70821980067662,2.1309421898930627,0.027541346052685434
2024-04-12,114.08274884851457,114.38660118811556,111.47548309604785,111.74993133544922,12155200,0.0,0.0,114.41992797851563,115.38834190368652,45.62146980648136,1.4313999201692553,2.359437073797549,2.8609593041036923,-0.02680315119044685,0.0,0.0,0.0,0.0,0.0,0.0,0.0,0.0,0.0,6559400.0,6746300.0,7451100.0,0.0,0.0,0.0,0.0,0.0,0.0,0.0,0.0,0.0,0.0,0.0,0.0,0.0,0.0,0.0,0.0,0.0,0.0,0.0,0.0,0.0,0.0,0.0,0.0,113.81483205159505,1.788363967830437,114.70025743756976,1.3845474331351457,116.57799639020648,2.378588267090857,0.00938474426204916
2024-04-15,112.6026785264226,113.25940249338854,110.53450542319854,110.7109375,9637100,0.0,0.0,113.557373046875,115.43735046386719,32.961211491224006,0.9831145951871605,2.0841725780754716,2.7657547564044704,-0.009297489698945616,0.0,0.0,0.0,0.0,0.0,0.0,0.0,0.0,0.0,12155200.0,6559400.0,6746300.0,0.0,0.0,0.0,0.0,0.0,0.0,0.0,0.0,0.0,0.0,0.0,0.0,0.0,0.0,0.0,0.0,0.0,0.0,0.0,0.0,0.0,0.0,0.0,0.0,112.4295145670573,2.140854189592652,114.12055315290179,2.043664861166475,116.12921578543526,2.8417173025073788,-0.008166522391278241
2024-04-16,110.58352041597351,112.23021735400559,110.2894644534788,111.62250518798828,9291400,0.0,0.0,112.75558776855469,115.43882102966309,34.220140796689364,0.6934079641696513,1.8060196552943075,2.763610153813417,0.00823376360613226,0.0,0.0,0.0,0.0,0.0,0.0,0.0,0.0,0.0,9637100.0,12155200.0,6559400.0,0.0,0.0,0.0,0.0,0.0,0.0,0.0,0.0,0.0,0.0,0.0,0.0,0.0,0.0,0.0,0.0,0.0,0.0,0.0,0.0,0.0,0.0,0.0,0.0,111.36112467447917,0.566671754331439,113.49044036865234,2.0355902107524284,115.7056394304548,3.047726748174957,0.008322984020477264
2024-04-17,111.74012610185099,111.94596227887071,110.6521295389228,110.70114135742188,7379000,0.0,0.0,111.92243804931641,115.36187744140625,28.908702504054176,0.38502864040225404,1.5218214523158968,2.8764754648490087,-0.008254283748735936,0.0,0.0,0.0,0.0,0.0,0.0,0.0,0.0,0.0,9291400.0,9637100.0,12155200.0,0.0,0.0,0.0,0.0,0.0,0.0,0.0,0.0,0.0,0.0,0.0,0.0,0.0,0.0,0.0,0.0,0.0,0.0,0.0,0.0,0.0,0.0,0.0,0.0,111.01152801513672,0.5291444230185225,112.87293025425502,2.1456079340676544,115.14273779732841,3.199629665843203,0.004536253996992645
2024-04-18,110.93637289017178,111.98516141126494,109.9660002812349,110.20124053955078,8235600,0.0,0.0,110.99715118408203,115.16437187194825,22.704819122442174,0.09915498941070666,1.2372881597348588,3.091539755307215,-0.004515769320363683,0.0,0.0,0.0,0.5426,0.5426,1.0,1.0,1.0,0.0,7379000.0,9291400.0,9637100.0,0.0,0.0,0.0,0.0,0.0,0.0,0.0,0.0,0.0,0.0,0.0,0.0,0.0,0.0,0.0,0.0,0.0,0.0,0.0,0.0,0.0,0.0,0.0,0.0,110.84162902832031,0.7209721835690887,112.09718867710659,1.9552481448897643,114.44751249040876,3.1351711125677078,-0.0015984878578583217
2024-04-19,109.50532141765873,110.48549793234862,108.87800904650948,110.37767791748047,9436000,0.0,0.0,110.72270050048829,114.96392555236817,24.572452532446036,-0.11187528807730018,0.9674554701724272,3.269465473819694,0.001601047112226972,0.0,0.0,0.0,0.0,0.0,0.0,0.0,0.0,0.0,8235600.0,7379000.0,9291400.0,0.0,0.0,0.0,0.0,0.0,0.0,0.0,0.0,0.0,0.5426,0.0,0.0,0.5426,0.0,0.0,1.0,0.0,0.0,1.0,0.0,0.0,1.0,0.0,0.0,110.4266866048177,0.2535282932986428,111.45587267194476,1.5991893993843094,113.82299968174526,3.0005646597498545,0.0055361602249688335
2024-04-22,110.85797036342292,111.38726661715761,109.53473346816313,109.76997375488281,6901700,0.0,0.0,110.53450775146484,114.77377128601074,17.90167374441485,-0.32441529294801796,0.7090813175483381,3.4596785524661886,-0.005505679898901161,0.0,0.0,0.0,0.0,0.0,0.0,0.0,0.0,0.0,9436000.0,8235600.0,7379000.0,0.0,0.0,0.0,0.0,0.0,0.0,0.0,0.0,0.0,0.0,0.5426,0.0,0.0,0.5426,0.0,0.0,1.0,0.0,0.0,1.0,0.0,0.0,1.0,0.0,110.11629740397136,0.3126301161455254,110.73334394182477,0.7260981538633011,113.06476320539203,2.5169971421403123,-0.015126146368229842
2024-04-23,110.59331893354666,111.97536394294546,110.56391483434825,111.45587158203125,6839300,0.0,0.0,110.50118103027344,114.49687156677246,32.135614364395394,-0.35275062345371566,0.49671492934792744,3.4940875399905185,0.015358460692657783,0.0,0.0,0.0,0.0,0.0,0.0,0.0,0.0,0.0,6901700.0,9436000.0,8235600.0,0.0,0.0,0.0,0.0,0.0,0.0,0.0,0.0,0.0,0.0,0.0,0.5426,0.0,0.0,0.5426,0.0,0.0,1.0,0.0,0.0,1.0,0.0,0.0,1.0,110.53450775146484,0.8538205716171386,110.69133540562221,0.6632689771692891,112.69579642159599,2.3269570669502766,-0.0018434345987939915
2024-04-24,110.89717612121784,111.91656064762446,110.89717612121784,111.66171264648438,6157200,0.0,0.0,110.69329528808593,114.20232849121093,37.87303733127675,-0.3545103487829522,0.3264698737217515,3.471159387059043,0.0018468391259371941,0.0,0.0,0.0,0.0,0.0,0.0,0.0,0.0,0.0,6839300.0,6901700.0,9436000.0,0.0,0.0,0.0,0.0,0.0,0.0,0.0,0.0,0.0,0.0,0.0,0.0,0.0,0.0,0.0,0.0,0.0,0.0,0.0,0.0,0.0,0.0,0.0,0.0,110.96251932779948,1.037890333111422,110.82716042654855,0.7584702927343324,112.47385678972516,2.261272349025272,0.010197834369986003
2024-04-25,109.01523104073212,110.65212399368134,108.20168275460051,110.53450012207031,8045900,0.0,0.0,110.75994720458985,113.79996528625489,28.30631422431179,-0.44176913440691123,0.17282207209601896,3.40251908982143,-0.010094888370401067,0.0,0.0,0.0,0.0,0.0,0.0,0.0,0.0,0.0,6157200.0,6839300.0,6901700.0,0.0,0.0,0.0,0.0,0.0,0.0,0.0,0.0,0.0,0.0,0.0,0.0,0.0,0.0,0.0,0.0,0.0,0.0,0.0,0.0,0.0,0.0,0.0,0.0,111.21736145019531,0.6002643842843403,110.67173113141742,0.6752323073747633,112.08108575003487,2.0644485802262316,0.0003546956015052505
2024-04-26,109.6327477555577,110.77955254662012,109.11325537045184,110.49530792236328,6304800,0.0,0.0,110.78347320556641,113.32801094055176,30.653353142383295,-0.5082263170301502,0.03661239427078512,3.1522782343930578,-0.00035456983714354795,0.0,0.0,0.0,0.0,0.0,0.0,0.0,0.0,0.0,8045900.0,6157200.0,6839300.0,0.0,0.0,0.0,0.0,0.0,0.0,0.0,0.0,0.0,0.0,0.0,0.0,0.0,0.0,0.0,0.0,0.0,0.0,0.0,0.0,0.0,0.0,0.0,0.0,110.89717356363933,0.6624001917478703,110.64232635498047,0.6782133040440449,111.75762830461774,1.9174546088283673,0.005799435293287525
2024-04-29,110.79916105952351,111.6225057939322,108.15267981716597,109.85819244384766,7151200,0.0,0.0,110.80111694335938,112.86487770080566,25.396857394045654,-0.6053261841290265,-0.09177532140917721,2.92892137038153,-0.0057659957738954715,0.0,0.0,0.0,0.0,0.0,0.0,0.0,0.0,0.0,6304800.0,8045900.0,6157200.0,0.0,0.0,0.0,0.0,0.0,0.0,0.0,0.0,0.0,0.0,0.0,0.0,0.0,0.0,0.0,0.0,0.0,0.0,0.0,0.0,0.0,0.0,0.0,0.0,110.29600016276042,0.3796586706294888,110.59331948416573,0.7261011516999331,111.34525408063617,1.6176190496543312,0.008820936358105325
2024-04-30,109.77977391858138,109.81898187807359,108.60356504642945,108.89761352539062,8156600,0.0,0.0,110.28946533203126,112.29049415588379,24.979485483781218,-0.7511306525975954,-0.22364638764686084,2.4663777628013905,-0.008743807786096736,0.0,0.0,0.0,0.0,0.0,0.0,0.0,0.0,0.0,7151200.0,6304800.0,8045900.0,0.0,0.0,0.0,0.0,0.0,0.0,0.0,0.0,0.0,0.0,0.0,0.0,0.0,0.0,0.0,0.0,0.0,0.0,0.0,0.0,0.0,0.0,0.0,0.0,109.75037129720052,0.8042859542958994,110.38188171386719,0.9729091421591293,110.91887719290597,1.3884371853008497,0.005611897159980117
2024-05-01,109.083842296027,109.76996284667476,108.02524989375348,108.28990173339844,6338400,0.0,0.0,109.61510314941407,111.87391891479493,23.84317608655705,-0.9052834628376303,-0.3599738026850148,2.3990634685744663,-0.005580579521611728,0.0,0.0,0.0,0.0,0.0,0.0,0.0,0.0,0.0,8156600.0,7151200.0,6304800.0,0.0,0.0,0.0,0.0,0.0,0.0,0.0,0.0,0.0,0.0,0.0,0.0,0.0,0.0,0.0,0.0,0.0,0.0,0.0,0.0,0.0,0.0,0.0,0.0,109.0152359008789,0.7907339663451541,110.17044285365513,1.2495544099491322,110.45189339773995,1.0243433257928438,-0.01900197308564111
2024-05-02,109.22106924488298,110.63252581793235,108.3683129856401,110.38748168945312,6799800,0.0,0.0,109.58569946289063,111.65484962463378,44.085099786760324,-0.8484135203735832,-0.4576617462227285,2.319522935038186,0.019370042104376095,0.0,0.0,0.0,0.0,0.0,0.0,0.0,0.0,0.0,6338400.0,8156600.0,7151200.0,0.0,0.0,0.0,0.0,0.0,0.0,0.0,0.0,0.0,0.0,0.0,0.0,0.0,0.0,0.0,0.0,0.0,0.0,0.0,0.0,0.0,0.0,0.0,0.0,109.19166564941406,1.0792638262920695,110.01781572614398,1.1254651557381066,110.3545755658831,0.9538297692469808,-0.009150120723958932
2024-05-03,111.28924410523061,111.84794442816256,110.56391556696798,111.40686798095703,7411100,0.0,0.0,109.76801147460938,111.42352828979492,53.02644527302274,-0.7128702029342264,-0.5087034375650281,2.0780059886791418,0.009234618598979338,0.0,0.0,0.0,0.0,0.0,0.0,0.0,0.0,0.0,6799800.0,6338400.0,8156600.0,0.0,0.0,0.0,0.0,0.0,0.0,0.0,0.0,0.0,0.0,0.0,0.0,0.0,0.0,0.0,0.0,0.0,0.0,0.0,0.0,0.0,0.0,0.0,0.0,110.02808380126953,1.5892591917707999,109.98140934535435,1.065975453957922,110.40428488595145,0.9912314501449387,-0.02412631251691222
2024-05-06,112.52426277558132,114.6218398422981,111.88714656862832,114.1611557006836,16303200,0.0,0.0,110.62860412597657,111.38040046691894,59.515032072692,-0.3788361594587144,-0.48272998194376543,2.007094635787379,0.024722782083752337,0.0,0.0,0.0,0.0,0.0,1.0,63.0,0.0,0.0,7411100.0,6799800.0,6338400.0,0.0,0.0,0.0,0.0,0.0,0.0,0.0,0.0,0.0,0.0,0.0,0.0,0.0,0.0,0.0,0.0,0.0,0.0,0.0,0.0,0.0,0.0,0.0,0.0,111.98516845703125,1.9521724990967873,110.49950299944196,1.9193421163428181,110.58561706542969,1.385160246900724,0.10513335384563582
2024-05-07,105.12392532242318,105.74143380001425,102.14418798700132,103.30079650878906,55084600,0.0,0.0,109.50924072265624,110.76386871337891,34.10524597771669,-0.9791647941579953,-0.5820169443866114,2.4724445095150296,-0.09513182592833103,0.0,0.0,0.0,0.0504,-0.509937278106509,2.0,676.0,0.5,0.0,16303200.0,7411100.0,6799800.0,0.0,0.0,0.0,0.0,0.0,0.0,0.0,0.0,0.0,0.0,0.0,0.0,0.0,0.0,0.0,1.0,0.0,0.0,63.0,0.0,0.0,0.0,0.0,0.0,109.62294006347656,5.64567529665997,109.47171565464565,3.329919286169849,110.05702100481305,2.387244426448929,-0.00047437419664220215
2024-05-08,102.82052673717521,104.36920755844925,102.36964639898544,103.34982299804688,15238100,0.0,0.0,108.52122497558594,110.18801536560059,34.99360828566702,-1.434438223407156,-0.7525012001907203,2.7876400527314145,0.00047459933432025814,0.0,0.0,0.0,0.0,0.0,0.0,0.0,0.0,0.0,55084600.0,16303200.0,7411100.0,0.0,0.0,0.0,0.0,0.0,0.0,0.0,0.0,0.0,0.0504,0.0,0.0,-0.509937278106509,0.0,0.0,2.0,1.0,0.0,676.0,63.0,0.0,0.5,0.0,0.0,106.93725840250652,6.256126599591783,108.54194859095982,4.03747265327697,109.56763403756278,2.9832723224251034,-0.0034026072284767395
2024-05-09,102.54607386125994,104.02613507482317,102.32062996325526,103.70268249511719,15096000,0.0,0.0,107.18426513671875,109.63176574707032,35.4921385384238,-1.746638719794376,-0.9513287041114515,2.91991919147243,0.0034142244934176613,0.0,0.0,0.0,0.0,0.0,0.0,0.0,0.0,0.0,15238100.0,55084600.0,16303200.0,0.0,0.0,0.0,0.0,0.0,0.0,0.0,0.0,0.0,0.0,0.0504,0.0,0.0,-0.509937278106509,0.0,0.0,2.0,1.0,0.0,676.0,63.0,0.0,0.5,0.0,103.4511006673177,0.21925090928307206,107.79981558663505,4.420478510745704,109.09084865025112,3.3541916827113676,9.461982548741865e-05
2024-05-10,104.80046782804365,104.89848398076957,103.33020310269572,103.69287109375,15884600,0.0,0.0,105.64146575927734,109.22891273498536,36.4391919131387,-1.972118209439941,-1.1554866051771495,3.1583695566106575,-9.461087342310659e-05,0.0,0.0,0.0,0.0,0.0,0.0,0.0,0.0,0.0,15096000.0,15238100.0,55084600.0,0.0,0.0,0.0,0.0,0.0,0.0,0.0,0.0,0.0,0.0,0.0,0.0504,0.0,0.0,-0.509937278106509,0.0,0.0,2.0,0.0,0.0,676.0,0.0,0.0,0.5,103.58179219563802,0.20095110692039045,107.14309692382812,4.669968493926986,108.65676988874164,3.6405497637756836,-0.0003780420247401217
2024-05-13,103.49683842514237,104.52602679489979,103.49683842514237,103.73208618164062,9666400,0.0,0.0,103.55565185546875,108.87997016906738,31.397593159769755,-2.1231733785391924,-1.3490239598495581,3.3647878898787895,0.0003781849945612148,0.0,0.0,0.0,0.0,0.0,0.0,0.0,0.0,0.0,15884600.0,15096000.0,15238100.0,0.0,0.0,0.0,0.0,0.0,0.0,0.0,0.0,0.0,0.0,0.0,0.0,0.0,0.0,0.0,0.0,0.0,0.0,0.0,0.0,0.0,0.0,0.0,0.0,103.70921325683594,0.020406957540545792,106.19232613699776,4.5758940940158075,108.10507093157086,3.7667897834757134,0.004556361524888919
2024-05-14,103.2125847139546,103.88890138938663,102.86951696882119,103.26158905029297,11278400,0.0,0.0,103.54781036376953,108.46192436218261,30.023329258242796,-2.254858272174161,-1.530190822314479,3.521838750204046,-0.004535695257528949,0.0,0.0,0.0,0.0,0.0,0.0,0.0,0.0,0.0,9666400.0,15884600.0,15096000.0,0.0,0.0,0.0,0.0,0.0,0.0,0.0,0.0,0.0,0.0,0.0,0.0,0.0,0.0,0.0,0.0,0.0,0.0,0.0,0.0,0.0,0.0,0.0,0.0,103.5621821085612,0.26105860604254677,105.02871486118862,4.032217656545536,107.50506210327148,3.8252464644290454,0.02510451599690433
2024-05-15,103.52625150275672,103.78109202542376,99.38010134180547,100.73274230957031,20745600,0.0,0.0,103.02439422607422,107.96350440979003,28.1468979908705,-2.534065170752939,-1.730965692002171,3.875845095881674,-0.02448971359031671,0.0,0.0,0.0,0.0,0.0,0.0,0.0,0.0,0.0,11278400.0,9666400.0,15884600.0,0.0,0.0,0.0,0.0,0.0,0.0,0.0,0.0,0.0,0.0,0.0,0.0,0.0,0.0,0.0,0.0,0.0,0.0,0.0,0.0,0.0,0.0,0.0,0.0,102.57547251383464,1.6130972822284,103.11037009102958,1.0681957729080014,106.80493654523578,4.114206122106866,-0.005804450447643328
2024-05-16,100.99739412589797,101.96776683108551,100.80135432606218,101.32085418701172,9476700,0.0,0.0,102.54802856445312,107.51948509216308,30.034169813012426,-2.6770238712024934,-1.9201773278422354,4.107730868325895,0.005838338795880693,0.0,0.0,0.0,0.0,0.0,0.0,0.0,0.0,0.0,20745600.0,11278400.0,9666400.0,0.0,0.0,0.0,0.0,0.0,0.0,0.0,0.0,0.0,0.0,0.0,0.0,0.0,0.0,0.0,0.0,0.0,0.0,0.0,0.0,0.0,0.0,0.0,0.0,101.771728515625,1.3233413031670227,102.82752118791852,1.2551449910777452,106.14961842128209,4.2107109649803816,0.0011623902706299205
2024-05-17,101.57568090457073,101.76191681956526,100.99738039949698,101.20321655273438,7356000,0.0,0.0,102.05009765625,107.06076202392578,30.72895733114173,-2.7679053552440394,-2.089722933322596,4.28039010650941,-0.001161040688230086,0.0,0.0,0.0,0.0,0.0,0.0,0.0,0.0,0.0,9476700.0,20745600.0,11278400.0,0.0,0.0,0.0,0.0,0.0,0.0,0.0,0.0,0.0,0.0,0.0,0.0,0.0,0.0,0.0,0.0,0.0,0.0,0.0,0.0,0.0,0.0,0.0,0.0,101.08560434977214,0.31119667062996115,102.52086312430245,1.3637953098441427,105.53140585763114,4.259413864770826,0.003401148794492048
2024-05-20,101.28165233379336,101.61490879637722,100.48770418335656,100.86017608642578,7667400,0.0,0.0,101.47571563720703,106.61527214050292,31.597900921569632,-2.8349307676289044,-2.238764500183858,4.444104686664847,-0.003389620191862619,0.0,0.0,0.0,0.0,0.0,0.0,0.0,0.0,0.0,7356000.0,9476700.0,20745600.0,0.0,0.0,0.0,0.0,0.0,0.0,0.0,0.0,0.0,0.0,0.0,0.0,0.0,0.0,0.0,0.0,0.0,0.0,0.0,0.0,0.0,0.0,0.0,0.0,101.12808227539062,0.23935318634577757,102.11479078020368,1.376380946235619,104.95730318341937,4.312134963936283,-0.0010677738287130367
2024-05-21,100.94837934206221,101.64430378519764,100.6837349677473,100.96798706054688,7333300,0.0,0.0,101.01699523925781,106.09087791442872,32.84339384370277,-2.846536346147218,-2.3603188693765302,4.461601686607629,0.0010689151883762626,0.0,0.0,0.0,0.0,0.0,0.0,0.0,0.0,0.0,7667400.0,7356000.0,9476700.0,0.0,0.0,0.0,0.0,0.0,0.0,0.0,0.0,0.0,0.0,0.0,0.0,0.0,0.0,0.0,0.0,0.0,0.0,0.0,0.0,0.0,0.0,0.0,0.0,101.01045989990234,0.17541991604012647,101.72552163260323,1.2336027903032545,104.43430927821568,4.320859214751982,-9.693730256954414e-05
2024-05-22,100.93857509612255,101.77172359112,100.7131312200359,100.97777557373047,7190300,0.0,0.0,101.06600189208984,105.55668106079102,25.560066977776458,-2.822409025175176,-2.4527369005362596,4.398649272068501,9.694670032112107e-05,0.0,0.0,0.0,0.0,0.0,0.0,0.0,0.0,0.0,7333300.0,7667400.0,7356000.0,0.0,0.0,0.0,0.0,0.0,0.0,0.0,0.0,0.0,0.0,0.0,0.0,0.0,0.0,0.0,0.0,0.0,0.0,0.0,0.0,0.0,0.0,0.0,0.0,100.93531290690105,0.06525419596446577,101.33204868861607,0.8736638599427489,103.76218741280692,4.0467518870843895,0.02344511123158588
2024-05-23,100.93858293304751,100.96798703261287,98.28229794062348,98.6645736694336,10504000,0.0,0.0,100.53474578857421,104.96318473815919,18.98854281478664,-2.955870574896821,-2.553363635408372,4.491464987485308,-0.02290802992196883,0.0,0.0,0.0,0.0,0.0,0.0,0.0,0.0,0.0,7190300.0,7333300.0,7667400.0,0.0,0.0,0.0,0.0,0.0,0.0,0.0,0.0,0.0,0.0,0.0,0.0,0.0,0.0,0.0,0.0,0.0,0.0,0.0,0.0,0.0,0.0,0.0,0.0,100.20344543457031,1.3327110286550758,100.67533220563617,0.9085787838266879,102.85202353341239,3.6038180578988808,-0.010809742835192204
2024-05-24,98.85080308833375,100.06621991050544,98.69397872974075,99.74276733398438,6451600,0.0,0.0,100.24265594482422,104.42555770874023,11.792234825740294,-2.940739581353924,-2.6308388245974825,4.437634572818967,0.010927870302902987,0.0,0.0,0.0,0.3182,0.3182,1.0,5117.0,1.0,0.0,10504000.0,7190300.0,7333300.0,0.0,0.0,0.0,0.0,0.0,0.0,0.0,0.0,0.0,0.0,0.0,0.0,0.0,0.0,0.0,0.0,0.0,0.0,0.0,0.0,0.0,0.0,0.0,0.0,99.79503885904948,1.157486499601693,100.53390720912388,0.9729222777159139,101.82213865007672,1.6585276891464282,-0.006638023117966685
2024-05-28,99.3506940479361,100.82095884839512,98.9488180796303,100.40928649902344,7813100,0.0,0.0,100.15247802734375,103.95311241149902,33.3333919675776,-2.8422024925482106,-2.6731115581876286,4.330505224705803,0.0066823809169767046,0.0,0.0,0.0,0.0,0.0,0.0,0.0,0.0,0.0,6451600.0,10504000.0,7190300.0,0.0,0.0,0.0,0.0,0.0,0.0,0.0,0.0,0.0,0.3182,0.0,0.0,0.3182,0.0,0.0,1.0,0.0,0.0,5117.0,0.0,0.0,1.0,0.0,0.0,99.6055425008138,0.8804139398958364,100.40368325369698,0.9089374177453433,101.61560222080776,1.6401642325985681,0.015463997865502233
2024-05-29,99.74276335848988,100.05641954132793,98.77238323314288,98.88020324707031,7376300,0.0,0.0,99.73492126464843,103.45224189758301,27.99218023330073,-2.854589448852849,-2.7094071363206726,4.307772199994957,-0.015228504307397861,0.0,0.0,0.0,0.0,0.0,0.0,0.0,0.0,0.0,7813100.0,6451600.0,10504000.0,0.0,0.0,0.0,0.0,0.0,0.0,0.0,0.0,0.0,0.0,0.3182,0.0,0.0,0.3182,0.0,0.0,1.0,0.0,0.0,5117.0,0.0,0.0,1.0,0.0,99.6774190266927,0.7666333535663199,100.0718242100307,0.9889243513826118,101.29634366716657,1.7101444998087425,-0.008062973685066477
2024-05-30,99.135055855518,100.04662034786153,98.96842763646094,99.68395233154297,7300600,0.0,0.0,99.47615661621094,103.02194442749024,31.053568666664262,-2.7676466591751563,-2.7210550408915695,4.228195213619589,0.00812851367694245,0.0,0.0,0.0,0.0,0.0,0.0,0.0,0.0,0.0,7376300.0,7813100.0,6451600.0,0.0,0.0,0.0,0.0,0.0,0.0,0.0,0.0,0.0,0.0,0.0,0.3182,0.0,0.0,0.3182,0.0,0.0,1.0,0.0,0.0,5117.0,0.0,0.0,1.0,99.6578140258789,0.7648766607226084,99.90379224504743,0.9308715415188452,101.00929151262555,1.6094786266475798,-0.021268414830533322
2024-05-31,99.50751472397003,102.01677164241558,99.39970218915882,101.85014343261719,14735800,0.0,0.0,100.11327056884765,102.59507751464844,42.78034776765592,-2.4951873867302936,-2.6758815100593143,3.8604112932887475,0.02173059003388622,0.0,0.0,0.0,0.0,0.0,0.0,0.0,0.0,0.0,7300600.0,7376300.0,7813100.0,0.0,0.0,0.0,0.0,0.0,0.0,0.0,0.0,0.0,0.0,0.0,0.0,0.0,0.0,0.0,0.0,0.0,0.0,0.0,0.0,0.0,0.0,0.0,0.0,100.13809967041016,1.5361717125639647,100.02981458391461,1.1360554484429521,100.87766810825893,1.4395075370606578,0.011092730103712478
2024-06-03,102.10499099640414,102.1540028159229,100.44849768645352,100.73274230957031,6908600,0.0,0.0,100.31126556396484,102.06137123107911,39.164276980848335,-2.3424243724170566,-2.609190082530863,3.270896585319102,-0.010971031413285481,0.0,0.0,0.0,0.0,0.0,0.0,0.0,0.0,0.0,14735800.0,7300600.0,7376300.0,0.0,0.0,0.0,0.0,0.0,0.0,0.0,0.0,0.0,0.0,0.0,0.0,0.0,0.0,0.0,0.0,0.0,0.0,0.0,0.0,0.0,0.0,0.0,0.0,100.75561269124348,1.0832766324267005,99.99480983189174,1.1053379507534515,100.6634292602539,1.1822107814749754,-0.0054195842650213155
2024-06-04,100.08583011713456,101.43847109100702,99.61534207335288,101.28164672851562,7269100,0.0,0.0,100.48573760986328,101.4173957824707,42.88736150341798,-2.1522567081541553,-2.5178034076555216,1.6089490438105114,0.005449116209488514,0.0,0.0,0.0,0.0,0.0,0.0,0.0,0.0,0.0,6908600.0,14735800.0,7300600.0,0.0,0.0,0.0,0.0,0.0,0.0,0.0,0.0,0.0,0.0,0.0,0.0,0.0,0.0,0.0,0.0,0.0,0.0,0.0,0.0,0.0,0.0,0.0,0.0,101.28817749023438,0.5587291880536758,100.3686774117606,1.0196906468726514,100.52200480869838,0.9413916294664757,0.01802956592064109
2024-06-05,100.95818753547856,101.03660345647663,99.02723848028567,99.48792266845703,10796900,0.0,0.0,100.60728149414062,101.2267520904541,45.27882155293295,-2.121826905238848,-2.438608107172187,1.5999077496709542,-0.017710257662641005,0.0,0.0,0.0,0.0,0.0,0.0,0.0,0.0,0.0,7269100.0,6908600.0,14735800.0,0.0,0.0,0.0,0.0,0.0,0.0,0.0,0.0,0.0,0.0,0.0,0.0,0.0,0.0,0.0,0.0,0.0,0.0,0.0,0.0,0.0,0.0,0.0,0.0,100.50077056884766,0.9190863219952417,100.33227103097099,1.0498651986780567,100.43308912004743,0.9780305242696606,0.002865377772196087
2024-06-06,99.0468423292974,99.90939499210991,98.81159457549566,99.20366668701172,10294700,0.0,0.0,100.51122436523437,101.01944427490234,41.780786213482045,-2.096481218793855,-2.3701827294965208,1.5788120984972327,-0.002857190841069168,0.0,0.0,0.0,0.0,0.0,0.0,0.0,0.0,0.0,10796900.0,7269100.0,6908600.0,0.0,0.0,0.0,0.0,0.0,0.0,0.0,0.0,0.0,0.0,0.0,0.0,0.0,0.0,0.0,0.0,0.0,0.0,0.0,0.0,0.0,0.0,0.0,0.0,99.99107869466145,1.1266653244205038,100.16003962925502,1.130889944917785,100.28186144147601,0.9937591233155134,-0.0032500026829750395
2024-06-07,98.86060975813906,100.24265483752843,98.55675741349643,99.52713012695312,6047800,0.0,0.0,100.04662170410157,100.81066665649413,43.59555016558609,-2.026928612053368,-2.3015319060078903,1.4781883915196636,0.0032605996405550286,0.0,0.0,0.0,0.0,0.0,0.0,0.0,0.0,0.0,10294700.0,10796900.0,7269100.0,0.0,0.0,0.0,0.0,0.0,0.0,0.0,0.0,0.0,0.0,0.0,0.0,0.0,0.0,0.0,0.0,0.0,0.0,0.0,0.0,0.0,0.0,0.0,0.0,99.40623982747395,0.17652539230382577,100.25245775495257,1.0308797139931183,100.16214098249164,0.9750071327997537,-0.011679935463674518
2024-06-10,99.24287762886077,100.8111586439083,98.64496932341237,100.70333862304688,7621900,0.0,0.0,100.04074096679688,100.66119003295898,49.436586134597725,-1.855508329453727,-2.212327190697058,1.313359075536799,0.011817968573929694,0.0,0.0,0.0,0.0,0.0,0.0,0.0,0.0,0.0,6047800.0,10294700.0,10796900.0,0.0,0.0,0.0,0.0,0.0,0.0,0.0,0.0,0.0,0.0,0.0,0.0,0.0,0.0,0.0,0.0,0.0,0.0,0.0,0.0,0.0,0.0,0.0,0.0,99.8113784790039,0.7892096192809519,100.39808436802456,1.008953523546292,100.15093830653599,0.9672399550216434,0.018538727332411353
2024-06-11,100.60531623414907,100.84055650230606,98.74297937236913,98.87040710449219,9134200,0.0,0.0,99.5584930419922,100.41810607910156,43.295731647841436,-1.8462760544873902,-2.139116963455124,1.155491085689336,-0.018201298423836,0.0,0.0,0.0,0.0,0.0,0.0,0.0,0.0,0.0,7621900.0,6047800.0,10294700.0,0.0,0.0,0.0,0.0,0.0,0.0,0.0,0.0,0.0,0.0,0.0,0.0,0.0,0.0,0.0,0.0,0.0,0.0,0.0,0.0,0.0,0.0,0.0,0.0,99.70029195149739,0.9286539996346641,99.97240774972099,0.9187710529936418,100.00111116681781,0.9930569658114317,0.0006944321644484219
2024-06-12,99.19386058396668,99.67415246183258,98.26269588356334,98.80179595947266,9041800,0.0,0.0,99.42126770019532,100.19511642456055,43.07120472268785,-1.8234758614015192,-2.0759887430444035,0.9973810074852849,-0.0006939502630652905,0.0,0.0,0.0,0.0,0.0,0.0,0.0,0.0,0.0,9134200.0,7621900.0,6047800.0,0.0,0.0,0.0,0.0,0.0,0.0,0.0,0.0,0.0,0.0,0.0,0.0,0.0,0.0,0.0,0.0,0.0,0.0,0.0,0.0,0.0,0.0,0.0,0.0,99.45851389567058,1.0785955329598182,99.6965582711356,0.942020369881538,99.84568405151367,0.9987062844554966,0.007093668432183842
2024-06-13,98.61556146281843,99.06644177006879,97.63538493101677,98.10586547851562,10164600,0.0,0.0,99.20170745849609,100.06377258300782,48.01667884502573,-1.8403479324060044,-2.0288605809167235,1.0913900464616297,-0.007043702740408664,0.0,0.0,0.0,0.0,0.0,0.0,0.0,0.0,0.0,9041800.0,9134200.0,7621900.0,0.0,0.0,0.0,0.0,0.0,0.0,0.0,0.0,0.0,0.0,0.0,0.0,0.0,0.0,0.0,0.0,0.0,0.0,0.0,0.0,0.0,0.0,0.0,0.0,98.59268951416016,0.4229953942611977,99.24287523542132,0.8063719497580496,99.80577632359096,1.0588831311906808,0.0012002943742195349
2024-06-14,97.83141889517636,98.39011922859471,97.28252242112426,97.98825073242188,7087600,0.0,0.0,98.89393157958985,99.89714241027832,43.3159174220731,-1.8419765383525402,-1.991483772403887,1.1425672142074037,-0.0011988553948337755,0.0,0.0,0.0,0.0,0.0,0.0,0.0,0.0,0.0,10164600.0,9041800.0,9134200.0,0.0,0.0,0.0,0.0,0.0,0.0,0.0,0.0,0.0,0.0,0.0,0.0,0.0,0.0,0.0,0.0,0.0,0.0,0.0,0.0,0.0,0.0,0.0,0.0,98.29863739013672,0.43969843819015014,99.0286363874163,0.9214264972735743,99.68045370919364,1.1653848438650702,-0.01526783401132703
2024-06-17,98.97822622457961,99.89958704910208,98.62536208645501,99.50751495361328,10389000,0.0,0.0,98.65476684570312,99.81235733032227,46.77416449558606,-1.701066459402469,-1.9334003098036034,1.102770354353627,0.015504554983230445,0.0,0.0,0.0,0.0,0.0,0.0,0.0,0.0,0.0,7087600.0,10164600.0,9041800.0,0.0,0.0,0.0,0.0,0.0,0.0,0.0,0.0,0.0,0.0,0.0,0.0,0.0,0.0,0.0,0.0,0.0,0.0,0.0,0.0,0.0,0.0,0.0,0.0,98.53387705485027,0.845243382438139,99.07204328264508,0.9380530106537773,99.61604145595005,1.1467750529381113,0.0001969312920679922
2024-06-18,99.11545826094695,99.74277067262383,98.61556611227655,99.48792266845703,7044700,0.0,0.0,98.7782699584961,99.74374465942383,52.437147568971696,-1.5728443694751064,-1.861289121737904,1.0765228226588943,-0.0001968925177699976,0.0,0.0,0.0,0.0,0.0,0.0,0.0,0.0,0.0,10389000.0,7087600.0,10164600.0,0.0,0.0,0.0,0.0,0.0,0.0,0.0,0.0,0.0,0.0,0.0,0.0,0.0,0.0,0.0,0.0,0.0,0.0,0.0,0.0,0.0,0.0,0.0,0.0,98.99456278483073,0.8715468573329475,99.06644221714565,0.9349948956115272,99.65944998604911,1.1281293445278078,-0.003338489597906946
2024-06-20,98.57635371393253,99.91919825749358,98.39011777948481,99.82117462158203,7886900,0.0,0.0,98.98214569091797,99.68640403747558,50.57188607301929,-1.4278771133627828,-1.77460672006288,1.0377250769231476,0.003349672444519225,0.0,0.0,0.0,0.0,0.0,0.0,0.0,0.0,0.0,7044700.0,10389000.0,7087600.0,0.0,0.0,0.0,0.0,0.0,0.0,0.0,0.0,0.0,0.0,0.0,0.0,0.0,0.0,0.0,0.0,0.0,0.0,0.0,0.0,0.0,0.0,0.0,0.0,99.60553741455078,0.1870040593185661,98.94041878836495,0.7099660268116231,99.66925157819476,1.128954421975854,-0.004204580179397177
2024-06-21,99.78197619430847,100.50730475042796,99.57613253718121,100.2426528930664,14137300,0.0,0.0,99.40950317382813,99.64964790344239,42.16059584784716,-1.2644044766508102,-1.672566271380466,1.0019808131145251,0.004222333318378402,0.0,0.0,0.0,0.0,0.0,0.0,0.0,0.0,0.0,7886900.0,7044700.0,10389000.0,0.0,0.0,0.0,0.0,0.0,0.0,0.0,0.0,0.0,0.0,0.0,0.0,0.0,0.0,0.0,0.0,0.0,0.0,0.0,0.0,0.0,0.0,0.0,0.0,99.85058339436848,0.37822359117639287,99.13645390101841,0.8608343070511782,99.55443082536969,0.9590428579091792,0.002843742899324875
2024-06-24,100.2230412607488,101.03658950290324,99.88978485976185,99.9583969116211,7393600,0.0,0.0,99.80353240966797,99.71433906555175,45.88966257934557,-1.1445941475285224,-1.5669718466100775,0.9764759738221277,-0.0028356789574248698,0.0,0.0,0.0,0.0,0.0,0.0,0.0,0.0,0.0,14137300.0,7886900.0,7044700.0,0.0,0.0,0.0,0.0,0.0,0.0,0.0,0.0,0.0,0.0,0.0,0.0,0.0,0.0,0.0,0.0,0.0,0.0,0.0,0.0,0.0,0.0,0.0,0.0,100.00740814208984,0.21497106518656112,99.3016826084682,0.8961682245034535,99.4991204398019,0.9067636001612177,-0.0021526257670310134
2024-06-25,100.62492188407056,101.6246986118056,99.75255792953344,100.17403411865234,10296100,0.0,0.0,99.93683624267578,99.73590240478515,43.90498669548401,-1.020480019620777,-1.4576734812122176,0.9818836099158657,0.0021572695610745374,0.0,0.0,0.0,0.0,0.0,0.0,0.0,0.0,0.0,7393600.0,14137300.0,7886900.0,0.0,0.0,0.0,0.0,0.0,0.0,0.0,0.0,0.0,0.0,0.0,0.0,0.0,0.0,0.0,0.0,0.0,0.0,0.0,0.0,0.0,0.0,0.0,0.0,100.12502797444661,0.14832925326559515,99.59713527134487,0.7679710863355315,99.4200052533831,0.7785263431806347,0.00019569692252296988
2024-06-26,99.87998598297646,100.3406701305021,99.41930183545084,100.15443420410156,10122300,0.0,0.0,100.07013854980468,99.72315979003906,54.55759585397079,-0.9131737300319003,-1.3487735309761542,0.9743091557628047,-0.00019565863273074413,0.0,0.0,0.0,0.0,0.0,0.0,0.0,0.0,0.0,10296100.0,7393600.0,14137300.0,0.0,0.0,0.0,0.0,0.0,0.0,0.0,0.0,0.0,0.0,0.0,0.0,0.0,0.0,0.0,0.0,0.0,0.0,0.0,0.0,0.0,0.0,0.0,0.0,100.09562174479167,0.11924357547328324,99.90659005301339,0.3136915534587008,99.46761322021484,0.8029936449907314,9.789613212762838e-05
2024-06-27,100.01721018025411,100.25245044454341,99.79176629661836,100.1446304321289,8365200,0.0,0.0,100.13482971191407,99.786381149292,56.68521895238487,-0.8194773797702624,-1.2429143007349759,0.9576124711339897,-9.788654941300656e-05,0.0,0.0,0.0,0.0,0.0,0.0,0.0,0.0,0.0,10122300.0,10296100.0,7393600.0,0.0,0.0,0.0,0.0,0.0,0.0,0.0,0.0,0.0,0.0,0.0,0.0,0.0,0.0,0.0,0.0,0.0,0.0,0.0,0.0,0.0,0.0,0.0,0.0,100.15769958496094,0.01497134694820987,99.9976065499442,0.26765295079055995,99.53482491629464,0.8184330753251309,0.02900584298370812
2024-06-28,99.99760938917574,100.54651334807593,96.42976730801604,97.32173156738281,21439400,0.0,0.0,99.55064544677734,99.66827011108398,38.437766990601936,-0.9619182982086016,-1.186715100229701,1.1052128350523198,-0.028188219903205525,0.0,0.0,0.0,0.0,0.0,0.0,0.0,0.0,0.0,8365200.0,10122300.0,10296100.0,0.0,0.0,0.0,0.0,0.0,0.0,0.0,0.0,0.0,0.0,0.0,0.0,0.0,0.0,0.0,0.0,0.0,0.0,0.0,0.0,0.0,0.0,0.0,0.0,99.2069320678711,1.6326388834543928,99.68815067836216,1.0535667452717665,99.3772964477539,1.0098794668300748,0.012749887619147193
2024-07-01,97.42955257455895,97.76280901891673,95.93968000007281,96.09651184082031,15299000,0.0,0.0,98.77826843261718,99.38058853149414,25.971294135624632,-1.1602936022583492,-1.1814308006354306,1.247103695722188,-0.01258937450896247,0.0,0.0,0.0,0.0,0.0,0.0,0.0,0.0,0.0,21439400.0,8365200.0,10122300.0,0.0,0.0,0.0,0.0,0.0,0.0,0.0,0.0,0.0,0.0,0.0,0.0,0.0,0.0,0.0,0.0,0.0,0.0,0.0,0.0,0.0,0.0,0.0,0.0,97.85429128011067,2.0759409717138357,99.1560559953962,1.7107658240702188,99.04823739188058,1.2633099596125934,0.0005102811646040539
2024-07-02,95.99849626843262,96.04750061035156,95.02811607369966,96.04750061035156,13340300,0.0,0.0,97.95296173095703,99.14632644653321,31.90947796207095,-1.3064028576935982,-1.2064252120470642,1.4092488796535323,-0.0005100209105397546,0.0,0.0,0.0,0.0,0.0,0.0,0.0,0.0,0.0,15299000.0,21439400.0,8365200.0,0.0,0.0,0.0,0.0,0.0,0.0,0.0,0.0,0.0,0.0,0.0,0.0,0.0,0.0,0.0,0.0,0.0,0.0,0.0,0.0,0.0,0.0,0.0,0.0,96.48858133951823,0.7219452900470653,98.55674852643695,1.9802590695937985,98.84660121372768,1.4974587254330214,-0.006287340283694043
2024-07-03,95.90046468401198,97.11588892211682,95.890668303332,96.65520477294922,5030000,0.0,0.0,97.25311584472657,98.91500434875488,37.13269661009818,-1.3575103142781586,-1.236642232493283,1.4199622292758771,0.0063271210467308325,0.0,0.0,0.0,0.0,0.0,0.0,0.0,0.0,0.0,13340300.0,15299000.0,21439400.0,0.0,0.0,0.0,0.0,0.0,0.0,0.0,0.0,0.0,0.0,0.0,0.0,0.0,0.0,0.0,0.0,0.0,0.0,0.0,0.0,0.0,0.0,0.0,0.0,96.2664057413737,0.3376004152746033,98.0848639351981,1.9841488886862526,98.69327327183315,1.608201400705664,0.0063271210467308325
2024-07-05,96.36115681561724,96.36115681561724,95.64563210273951,96.04750061035156,8550800,0.0,0.0,96.43368988037109,98.74298324584962,37.529651247709715,-1.4305593907920553,-1.2754256641530375,1.5493985082612818,-0.006287340283694043,0.0,0.0,0.0,0.0,0.0,0.0,0.0,0.0,0.0,5030000.0,13340300.0,15299000.0,0.0,0.0,0.0,0.0,0.0,0.0,0.0,0.0,0.0,0.0,0.0,0.0,0.0,0.0,0.0,0.0,0.0,0.0,0.0,0.0,0.0,0.0,0.0,0.0,96.25006866455078,0.3508581618634438,97.495359148298,1.8697008174392462,98.54624720982143,1.753556484314453,0.0017458944902351003
2024-07-08,96.19520731209185,96.78602496141718,95.40744543788874,95.8801040649414,8167600,0.45,0.0,96.1453643798828,98.5768051147461,37.30463204342317,-1.484842472699853,-1.3173090258624007,1.6708589590075233,-0.0017428516551332152,0.0,0.0,0.0,0.0,0.0,0.0,0.0,0.0,0.0,8550800.0,5030000.0,13340300.0,0.0,0.0,0.0,0.0,0.0,0.0,0.0,0.0,0.0,0.0,0.0,0.0,0.0,0.0,0.0,0.0,0.0,0.0,0.0,0.0,0.0,0.0,0.0,0.0,96.19426981608073,0.4078617127181144,96.8847405569894,1.522228096352439,98.3956653050014,1.8903397115787013,0.0032972491548708405
2024-07-09,95.97857405169502,96.0376535638351,94.67877219603452,95.56500244140625,9044400,0.0,0.0,96.0390625,98.37869873046876,22.230569572296815,-1.5355869829358255,-1.3609646172770857,1.7833519368327841,-0.003286413032277613,0.0,0.0,0.0,0.0,0.0,0.0,0.0,0.0,0.0,8167600.0,8550800.0,5030000.0,0.0,0.0,0.0,0.0,0.0,0.0,0.0,0.0,0.0,0.0,0.0,0.0,0.0,0.0,0.0,0.0,0.0,0.0,0.0,0.0,0.0,0.0,0.0,0.0,95.83086903889973,0.2449881356329547,96.23050798688617,0.5804818643660514,98.11405726841518,2.0023100952048463,0.0008250523148365385
2024-07-10,95.46652313503607,95.79147546541938,94.7772371426962,95.48622131347656,7761100,0.0,0.0,95.926806640625,98.11784286499024,22.046743047539252,-1.5641290455146901,-1.4015975029246068,1.8068305749957796,-0.0008243721646739033,0.0,0.0,0.0,0.0,0.0,0.0,0.0,0.0,0.0,9044400.0,8167600.0,8550800.0,0.0,0.0,0.0,0.0,0.0,0.0,0.0,0.0,0.0,0.0,0.0,0.0,0.0,0.0,0.0,0.0,0.0,0.0,0.0,0.0,0.0,0.0,0.0,0.0,95.6437759399414,0.2084222961417585,95.96829223632812,0.38808272740175825,97.82822145734515,2.0753939466974134,0.0038302621590069474
2024-07-11,95.52560959409222,96.08688747387278,94.82647451665707,95.12187957763672,7422600,0.0,0.0,95.6201416015625,97.93041648864747,17.31577428077786,-1.597730525943902,-1.440824107528466,1.915792648400803,-0.003815647229810537,0.0,0.0,0.0,0.0,0.0,0.0,0.0,0.0,0.0,7761100.0,9044400.0,8167600.0,0.0,0.0,0.0,0.0,0.0,0.0,0.0,0.0,0.0,0.0,0.0,0.0,0.0,0.0,0.0,0.0,0.0,0.0,0.0,0.0,0.0,0.0,0.0,0.0,95.39103444417317,0.23639981633809326,95.82905905587333,0.4946248059363682,97.49255752563477,2.1080326345115514,-0.005456588987749145
2024-07-12,95.61422855580784,96.33306180929092,95.49606953685168,95.64376831054688,6465700,0.0,0.0,95.53939514160156,97.77251510620117,18.454746506543145,-1.5642165672338422,-1.4655025994695414,1.9695814241172955,0.0054865267089703185,0.0,0.0,0.0,0.0,0.0,0.0,0.0,0.0,0.0,7422600.0,7761100.0,9044400.0,0.0,0.0,0.0,0.0,0.0,0.0,0.0,0.0,0.0,0.0,0.0,0.0,0.0,0.0,0.0,0.0,0.0,0.0,0.0,0.0,0.0,0.0,0.0,0.0,95.41728973388672,0.26768570074478476,95.77138301304409,0.4884076948020682,97.16406576974052,2.0021857672658716,0.002683988203153298
2024-07-15,95.84070913775398,95.99825699500394,95.12187590971294,95.38774871826172,7417700,0.0,0.0,95.44092407226563,97.63660926818848,18.526511776473953,-1.5405565776890597,-1.480513395113445,2.0379601392793023,-0.0026768036936173356,0.0,0.0,0.0,0.0,0.0,0.0,0.0,0.0,0.0,6465700.0,7422600.0,7761100.0,0.0,0.0,0.0,0.0,0.0,0.0,0.0,0.0,0.0,0.0,0.0,0.0,0.0,0.0,0.0,0.0,0.0,0.0,0.0,0.0,0.0,0.0,0.0,0.0,95.38446553548177,0.2609598567817245,95.59031786237445,0.30762387894782633,96.83759089878627,1.8804364461503127,-0.01624866139960357
2024-07-16,95.5354546208051,97.20944674409364,95.06280350110661,96.96327209472656,10755500,0.0,0.0,95.72057800292968,97.58536033630371,31.378238910556107,-1.3787805720577495,-1.460166830502306,2.041536459913228,0.016517041209540784,0.0,0.0,0.0,0.0,0.0,0.0,0.0,0.0,0.0,7417700.0,6465700.0,7422600.0,0.0,0.0,0.0,0.0,0.0,0.0,0.0,0.0,0.0,0.0,0.0,0.0,0.0,0.0,0.0,0.0,0.0,0.0,0.0,0.0,0.0,0.0,0.0,0.0,95.99826304117839,0.8454693152214009,95.7211423601423,0.5949757165864883,96.60825075422015,1.6199744001069756,0.01192074303878865
2024-07-17,96.79587138714375,97.10112553648665,95.05295073004454,95.82101440429688,9456100,0.0,0.0,95.78753662109375,97.40103530883789,27.762857053370084,-1.3274406617876622,-1.4336215967593773,2.0252131155677406,-0.011780312955133931,0.0,0.0,0.0,0.0,0.0,0.0,0.0,0.0,0.0,10755500.0,7417700.0,6465700.0,0.0,0.0,0.0,0.0,0.0,0.0,0.0,0.0,0.0,0.0,0.0,0.0,0.0,0.0,0.0,0.0,0.0,0.0,0.0,0.0,0.0,0.0,0.0,0.0,96.05734507242839,0.8139149930867647,95.71270098005023,0.5927595666726372,96.29872076851981,1.2654923755290624,0.005372332595200868
2024-07-18,95.87026077684236,96.5595468239897,95.2006653970473,95.3089828491211,7529400,0.0,0.0,95.82495727539063,97.1920883178711,26.401990248319365,-1.3129353785212459,-1.4094843531117511,2.0141170567517883,-0.005343624865161267,0.0,0.0,0.0,0.0,0.0,0.0,0.0,0.0,0.0,9456100.0,10755500.0,7417700.0,0.0,0.0,0.0,0.0,0.0,0.0,0.0,0.0,0.0,0.0,0.0,0.0,0.0,0.0,0.0,0.0,0.0,0.0,0.0,0.0,0.0,0.0,0.0,0.0,96.03108978271484,0.8469161561185282,95.67612675258091,0.611009161880315,95.95331736973354,0.6407587618021909,0.01096730566072912
2024-07-19,95.3385159392111,95.3385159392111,93.97963460729876,94.27503967285156,9301000,0.0,0.0,95.55121154785157,96.91478157043457,31.986998248029266,-1.3690884113508872,-1.4014051647595784,2.014889055444415,-0.010848328723708223,0.0,0.0,0.0,0.0,0.0,0.0,0.0,0.0,0.0,7529400.0,9456100.0,10755500.0,0.0,0.0,0.0,0.0,0.0,0.0,0.0,0.0,0.0,0.0,0.0,0.0,0.0,0.0,0.0,0.0,0.0,0.0,0.0,0.0,0.0,0.0,0.0,0.0,95.13501230875652,0.7875333512003979,95.5031008039202,0.8121379452022175,95.73569652012416,0.6574114865066109,0.017104011919972795
2024-07-22,93.65468228877093,93.7039202226979,92.05946788897664,92.6896743774414,13377000,0.0,0.0,95.0115966796875,96.53713264465333,30.680444520975257,-1.5239486924170649,-1.4259138702910759,2.0655088482101713,-0.016816384282749786,0.0,0.0,0.0,0.0,0.0,0.0,0.0,0.0,0.0,9301000.0,7529400.0,9456100.0,0.0,0.0,0.0,0.0,0.0,0.0,0.0,0.0,0.0,0.0,0.0,0.0,0.0,0.0,0.0,0.0,0.0,0.0,0.0,0.0,0.0,0.0,0.0,0.0,94.09123229980469,1.3192926438978811,95.15564291817802,1.3467465741255173,95.49235098702567,1.035429778217035,0.035077999199134346
2024-07-23,89.31215936026203,90.28701637622709,88.45547639264032,89.54849243164062,22534700,0.0,0.0,93.52864074707031,96.01663742065429,22.714431045351347,-1.8784896525479837,-1.5164290267424576,2.4363253878811024,-0.033889232720891616,0.0,0.0,0.0,0.0,0.0,0.0,0.0,0.0,0.0,13377000.0,9301000.0,7529400.0,0.0,0.0,0.0,0.0,0.0,0.0,0.0,0.0,0.0,0.0,0.0,0.0,0.0,0.0,0.0,0.0,0.0,0.0,0.0,0.0,0.0,0.0,0.0,0.0,92.1710688273112,2.405571864093672,94.2848892211914,2.4757740938880586,95.02813611711774,1.879889929653812,0.012694902332702096
2024-07-24,88.8395054307311,89.36139446636126,88.2092989523112,88.42593383789062,11768500,0.0,0.0,92.04962463378907,95.42923240661621,16.88180976891536,-2.224405453262534,-1.658024312046473,2.7740516357995317,-0.012535762057713451,0.0,0.0,0.0,0.0,0.0,0.0,0.0,0.0,0.0,22534700.0,13377000.0,9301000.0,0.0,0.0,0.0,0.0,0.0,0.0,0.0,0.0,0.0,0.0,0.0,0.0,0.0,0.0,0.0,0.0,0.0,0.0,0.0,0.0,0.0,0.0,0.0,0.0,90.22136688232422,2.2100771178715224,93.29034423828125,3.239443502512231,94.44033105032784,2.5122214394743985,0.006613592217831865
2024-07-25,88.70165357851543,89.11522519627881,87.84496307373047,87.84496307373047,10765300,0.0,0.0,90.55682067871093,94.81375885009766,16.91821333249638,-2.5164180024931255,-1.8297030501358038,3.024716971490913,-0.0065701399911165526,0.0,0.0,0.0,0.0,0.0,0.0,0.0,0.0,0.0,11768500.0,22534700.0,13377000.0,0.0,0.0,0.0,0.0,0.0,0.0,0.0,0.0,0.0,0.0,0.0,0.0,0.0,0.0,0.0,0.0,0.0,0.0,0.0,0.0,0.0,0.0,0.0,0.0,88.60646311442058,0.8659943320130958,91.98772866385323,3.34783738357585,93.85443551199776,3.0147890588127964,-0.008006157005006176
2024-07-26,88.62286841648705,89.16445561742704,87.97296377535908,88.55393981933594,11301900,0.0,0.0,89.41260070800782,94.23422431945801,21.689477119673953,-2.6599690855458107,-1.9957562572178054,3.059749554806049,0.008070772879833932,0.0,0.0,0.0,0.0,0.0,0.0,0.0,0.0,0.0,10765300.0,11768500.0,22534700.0,0.0,0.0,0.0,0.0,0.0,0.0,0.0,0.0,0.0,0.0,0.0,0.0,0.0,0.0,0.0,0.0,0.0,0.0,0.0,0.0,0.0,0.0,0.0,0.0,88.27494557698567,0.3778360724582832,90.94957515171596,3.0768105276598314,93.3311380658831,3.261837004379229,-0.023985259555881266
2024-07-29,89.00690293376387,91.13385544607864,88.8099662252846,90.7301254272461,13024800,0.0,0.0,89.02069091796875,93.90464401245117,33.665984661850885,-2.568525992884318,-2.110310204351108,3.0646784315698383,0.024574689870941135,0.0,0.0,0.0,0.0,0.0,0.0,0.0,0.0,0.0,11301900.0,10765300.0,11768500.0,0.0,0.0,0.0,0.0,0.0,0.0,0.0,0.0,0.0,0.0,0.0,0.0,0.0,0.0,0.0,0.0,0.0,0.0,0.0,0.0,0.0,0.0,0.0,0.0,89.04300944010417,1.5034734024932994,90.29545266287667,2.4100196138637506,92.9857897077288,3.26307957681546,-0.017592447107996567
2024-07-30,90.2673101227097,92.60104828340128,90.2673101227097,92.35487365722656,9896100,0.0,0.0,89.58196716308593,93.71756210327149,40.421665884092526,-2.3380020473204866,-2.1558485729449837,3.0379211612003125,0.017907483565459348,0.0,0.0,0.0,0.0,0.0,0.0,0.0,0.0,0.0,13024800.0,11301900.0,10765300.0,0.0,0.0,0.0,0.0,0.0,0.0,0.0,0.0,0.0,0.0,0.0,0.0,0.0,0.0,0.0,0.0,0.0,0.0,0.0,0.0,0.0,0.0,0.0,0.0,90.5463129679362,1.9071221185738687,90.0211432320731,1.9462163998581805,92.76212201799665,3.1848857457098023,0.0010672967571248027
2024-07-31,92.35487704295531,93.38880600320093,92.20717075930489,92.25640869140625,10241800,0.0,0.0,90.34806213378906,93.52800750732422,41.09001813865945,-2.13860297559296,-2.152399453474579,3.0029640760688454,-0.0010661588492423268,0.0,0.0,0.0,0.0,0.0,0.0,0.0,0.0,0.0,9896100.0,13024800.0,11301900.0,0.0,0.0,0.0,0.0,0.0,0.0,0.0,0.0,0.0,0.0,0.0,0.0,0.0,0.0,0.0,0.0,0.0,0.0,0.0,0.0,0.0,0.0,0.0,0.0,91.7804692586263,0.910955795010034,89.95924813406808,1.851804787599088,92.55744552612305,3.1128302663429075,0.006877980420712415
2024-08-01,92.42380888634592,92.5124281520564,91.18308657782178,91.62620544433594,9263600,0.0,0.0,91.10431060791015,93.27655754089355,37.59125291608737,-2.008279711463402,-2.1235755050723437,2.9371577582250827,-0.006830996957385538,0.0,0.0,0.0,0.0,0.0,0.0,0.0,0.0,0.0,10241800.0,9896100.0,13024800.0,0.0,0.0,0.0,0.0,0.0,0.0,0.0,0.0,0.0,0.0,0.0,0.0,0.0,0.0,0.0,0.0,0.0,0.0,0.0,0.0,0.0,0.0,0.0,0.0,92.07916259765625,0.39534981273747427,90.25606427873883,1.9394334864107323,92.27047674996513,2.989149147438335,0.038852372713308325
2024-08-02,90.74982074847239,90.78920207880525,87.63816976642231,88.19944763183594,15433600,0.0,0.0,91.03341217041016,92.88415489196777,31.434375917507566,-2.1566478090945225,-2.1301899658767796,3.0687760374637905,-0.037399320378729395,0.0,0.0,0.0,0.0,0.0,0.0,0.0,0.0,0.0,9263600.0,10241800.0,9896100.0,0.0,0.0,0.0,0.0,0.0,0.0,0.0,0.0,0.0,0.0,0.0,0.0,0.0,0.0,0.0,0.0,0.0,0.0,0.0,0.0,0.0,0.0,0.0,0.0,90.6940205891927,2.1832223232727097,90.22370910644531,1.9765871298295787,91.75702667236328,3.029600429847125,0.02039190078882025
2024-08-05,85.56045514710817,88.189598433811,85.09764563340657,86.43683624267578,19103200,0.0,0.0,90.1747543334961,92.4119915008545,23.07301382102112,-2.3889206139624974,-2.1819360954939233,3.301226103597851,-0.019984381268663753,0.0,0.0,0.0,0.0,0.0,0.0,0.0,0.0,0.0,15433600.0,9263600.0,10241800.0,0.0,0.0,0.0,0.0,0.0,0.0,0.0,0.0,0.0,0.0,0.0,0.0,0.0,0.0,0.0,0.0,0.0,0.0,0.0,0.0,0.0,0.0,0.0,0.0,88.75416310628255,2.6387819388834775,90.02254813058036,2.3036237149893664,91.0051383972168,2.94311393246253,-0.02434149536195207
2024-08-06,86.8799569975094,90.5036479881022,86.6140841800093,88.59333038330078,21717500,0.0,0.0,89.42244567871094,92.06340789794922,32.423369283889414,-2.3716485425817098,-2.2198785849114806,3.3188002439818773,0.024948786123667688,0.0,0.0,0.0,-0.9389,-0.9389,1.0,106.0,0.0,0.0,19103200.0,15433600.0,9263600.0,0.0,0.0,0.0,0.0,0.0,0.0,0.0,0.0,0.0,0.0,0.0,0.0,0.0,0.0,0.0,0.0,0.0,0.0,0.0,0.0,0.0,0.0,0.0,0.0,87.74320475260417,1.1483618411784469,90.0281753540039,2.2994827193431635,90.48887525285993,2.6529769107151844,0.04664966972967255
2024-08-07,86.65346971926473,87.87449377994776,84.43789805030626,84.64468383789062,30581900,0.0,0.0,87.90010070800781,91.52133102416992,27.780033312678512,-2.646080706318017,-2.3051190091927882,3.6035007422583947,-0.04457047193424446,0.0,0.0,0.0,0.0,0.0,1.0,1.0,0.0,0.0,21717500.0,19103200.0,15433600.0,0.0,0.0,0.0,0.0,0.0,0.0,0.0,0.0,0.0,-0.9389,0.0,0.0,-0.9389,0.0,0.0,1.0,0.0,0.0,106.0,0.0,0.0,0.0,0.0,0.0,86.55828348795573,1.9771227731692473,89.15882655552456,3.0255743345730677,89.72713960920062,2.693232026595266,0.0
2024-08-08,83.8470804411147,85.00902499467462,82.62605638043168,84.64468383789062,21890500,0.0,0.0,86.50379638671875,90.99747123718262,29.030861564182402,-2.8309368949283,-2.410282586339891,3.808265798855523,0.0,0.0,0.0,0.0,0.0,0.0,0.0,0.0,0.0,0.0,30581900.0,21717500.0,19103200.0,0.0,0.0,0.0,0.0,0.0,0.0,0.0,0.0,0.0,0.0,-0.9389,0.0,0.0,-0.9389,0.0,1.0,1.0,0.0,1.0,106.0,0.0,0.0,0.0,0.0,85.96089935302734,2.279752145927239,88.057370867048,3.0712357797063694,89.03925704956055,2.672061888884737,-0.002899931381981302
2024-08-09,84.81208382380636,84.93025035494252,83.4138136789706,84.89086151123047,16008400,0.0,0.0,85.84207916259766,90.4598258972168,31.967210222778263,-2.923867748018324,-2.5129996186755776,3.8762178739436246,0.0029083654421973026,0.0,0.0,0.0,0.775,0.7750000000000001,1.0,361.0,1.0,0.0,21890500.0,30581900.0,21717500.0,0.0,0.0,0.0,0.0,0.0,0.0,0.0,0.0,0.0,0.0,0.0,-0.9389,0.0,0.0,-0.9389,0.0,1.0,1.0,0.0,1.0,106.0,0.0,0.0,0.0,84.72674306233723,0.14213074597123035,87.0051498413086,2.621692027690122,88.48219898768834,2.665421584333279,0.003025080911764677
2024-08-12,84.54621502934737,85.05825495115853,84.17203229851049,84.63483428955078,11754600,0.0,0.0,85.48167877197265,89.92218017578125,36.88909607981646,-2.983780214726906,-2.607155737885843,3.902368245747598,-0.0030159573966135333,0.0,0.0,0.0,0.0,0.0,0.0,0.0,0.0,0.0,16008400.0,21890500.0,30581900.0,0.0,0.0,0.0,0.0,0.0,0.0,0.0,0.0,0.0,0.775,0.0,0.0,0.7750000000000001,0.0,0.0,1.0,0.0,1.0,361.0,0.0,1.0,1.0,0.0,0.0,84.7234598795573,0.14505768892325452,86.00638253348214,1.7569434875505585,88.1312234061105,2.832487331450439,0.004088763264290973
2024-08-13,85.13703297700468,85.13703297700468,84.00462817861114,84.29019165039062,14615200,0.0,0.0,84.62105102539063,89.28852615356445,38.48682254312769,-3.024209848295129,-2.6905665599677007,3.7237011266001914,-0.004072113356789586,0.0,0.0,0.0,0.0,0.0,0.0,0.0,0.0,0.0,11754600.0,16008400.0,21890500.0,0.0,0.0,0.0,0.0,0.0,0.0,0.0,0.0,0.0,0.0,0.775,0.0,0.0,0.7750000000000001,0.0,0.0,1.0,0.0,0.0,361.0,0.0,0.0,1.0,0.0,84.6052958170573,0.3014223970581417,85.44791739327567,1.5531524899638753,87.8358132498605,3.009519879172982,-0.008111375101989227
2024-08-14,84.69392869197331,85.21581774796363,84.25080981436813,84.9794921875,9475100,0.0,0.0,84.6880126953125,88.7464500427246,42.07085798635433,-2.9664346198022855,-2.7457401719346177,3.505413049470031,0.00817770755544589,0.0,0.0,0.0,0.0,0.0,0.0,0.0,0.0,0.0,14615200.0,11754600.0,16008400.0,0.0,0.0,0.0,0.0,0.0,0.0,0.0,0.0,0.0,0.0,0.0,0.775,0.0,0.0,0.7750000000000001,0.0,0.0,1.0,0.0,0.0,361.0,0.0,0.0,1.0,84.6348393758138,0.3446502685828393,85.23972538539341,1.4950891969026854,87.63113675798688,3.104781926000291,-0.028043581191514066
2024-08-15,85.91494462523812,87.56923841537635,85.87555578349037,87.43138122558594,12401000,0.0,0.0,85.24535217285157,88.35256996154786,47.166994375424075,-2.691771316722111,-2.7349464008921167,3.1541971294094715,0.028852714637033205,0.0,0.0,0.0,0.0,0.0,0.0,0.0,0.0,0.0,9475100.0,14615200.0,11754600.0,0.0,0.0,0.0,0.0,0.0,0.0,0.0,0.0,0.0,0.0,0.0,0.0,0.0,0.0,0.0,0.0,0.0,0.0,0.0,0.0,0.0,0.0,0.0,0.0,85.56702168782552,1.6509576530436822,85.073732648577,1.062666768033829,87.55095400129046,3.0935919805092524,-0.005711097788146935
2024-08-16,87.59877709677801,88.29791212577659,86.98826132613758,87.93357849121094,10277700,0.0,0.0,85.85389556884766,88.03549690246582,42.29098533905666,-2.40584249321374,-2.669125619356442,2.8295380966484687,0.005743901772857329,0.0,0.0,0.0,0.0,0.0,0.0,0.0,0.0,0.0,12401000.0,9475100.0,14615200.0,0.0,0.0,0.0,0.0,0.0,0.0,0.0,0.0,0.0,0.0,0.0,0.0,0.0,0.0,0.0,0.0,0.0,0.0,0.0,0.0,0.0,0.0,0.0,0.0,86.78148396809895,1.580642687772913,85.54357474190849,1.4846401456423326,87.35120064871651,2.95992071571179,-0.016736407027890143
2024-08-19,88.04189971055462,89.55832884487184,88.04189971055462,89.4303207397461,9723600,0.0,0.0,86.81299285888672,87.87252922058106,41.88082234084419,-2.0350089336791513,-2.542302282220984,2.6345121113186916,0.01702128213381826,0.0,0.0,0.0,0.0,0.0,0.0,0.0,0.0,0.0,10277700.0,12401000.0,9475100.0,0.0,0.0,0.0,0.0,0.0,0.0,0.0,0.0,0.0,0.0,0.0,0.0,0.0,0.0,0.0,0.0,0.0,0.0,0.0,0.0,0.0,0.0,0.0,0.0,88.26509348551433,1.039887704948814,86.22723715645927,2.0104712419070747,87.14230401175362,2.6684735750647954,0.012034704319132006
2024-08-20,89.0069074103707,89.28262182117031,87.94343110072573,88.36685180664062,8863400,0.0,0.0,87.62832489013672,87.81344718933106,39.75092396321517,-1.806113963651299,-2.3950646185070474,2.608065583157304,-0.011891592519278849,0.0,0.0,0.0,0.0,0.0,0.0,0.0,0.0,0.0,9723600.0,10277700.0,12401000.0,0.0,0.0,0.0,0.0,0.0,0.0,0.0,0.0,0.0,0.0,0.0,0.0,0.0,0.0,0.0,0.0,0.0,0.0,0.0,0.0,0.0,0.0,0.0,0.0,88.57691701253255,0.7701654904514674,86.72380719866071,2.054180535137986,86.86447851998466,2.267404453824388,-0.01080237740440948
2024-08-21,88.83949889991867,89.39092764983572,88.0615861919124,89.33184814453125,7637600,0.0,0.0,88.49879608154296,87.85874290466309,44.05913249893125,-1.529218037516813,-2.221895302309001,2.6270604260924895,0.010920343071655125,0.0,0.0,0.0,0.0,0.0,0.0,0.0,0.0,0.0,8863400.0,9723600.0,10277700.0,0.0,0.0,0.0,0.0,0.0,0.0,0.0,0.0,0.0,0.0,0.0,0.0,0.0,0.0,0.0,0.0,0.0,0.0,0.0,0.0,0.0,0.0,0.0,0.0,89.04300689697266,0.5876338082841592,87.39480917794364,2.025023053060944,86.70059585571289,1.958658540525512,0.008896699642553463
2024-08-22,89.5977251208216,89.98175698071158,88.32746300247233,88.54409790039062,7613000,0.0,0.0,88.72133941650391,87.8936996459961,51.03368550735117,-1.3576902739808645,-2.049054296643374,2.6315151256664966,-0.008818246353373471,0.0,0.0,0.0,0.0,0.0,0.0,0.0,0.0,0.0,7637600.0,8863400.0,9723600.0,0.0,0.0,0.0,0.0,0.0,0.0,0.0,0.0,0.0,0.0,0.0,0.0,0.0,0.0,0.0,0.0,0.0,0.0,0.0,0.0,0.0,0.0,0.0,0.0,88.74759928385417,0.5136770316446717,88.00251007080078,1.5111486878899192,86.72521373203823,1.9809850153417787,-0.007067094880039426
2024-08-23,88.77057863557678,89.36139628201802,88.30776910019074,89.17430114746094,7369200,0.0,0.0,88.9694839477539,87.92471771240234,58.808631946214085,-1.1575575475242488,-1.8707549468195488,2.6433366671869996,0.00711739418000823,0.0,0.0,0.0,0.0,0.0,0.0,0.0,0.0,0.0,7613000.0,7637600.0,8863400.0,0.0,0.0,0.0,0.0,0.0,0.0,0.0,0.0,0.0,0.0,0.0,0.0,0.0,0.0,0.0,0.0,0.0,0.0,0.0,0.0,0.0,0.0,0.0,0.0,89.01674906412761,0.41683882497666525,88.60176849365234,0.7552157246490212,86.92074693952289,2.0828147283075436,-0.013292654770100443
2024-08-26,89.52879187146507,90.39533141816409,89.52879187146507,90.3756332397461,8043800,0.0,0.0,89.1585464477539,87.90699310302735,56.110735600626114,-0.8917341043628539,-1.6749507783282098,2.6246577443638155,0.01347172982380429,0.0,0.0,0.0,0.0,0.0,0.0,0.0,0.0,0.0,7369200.0,7613000.0,7637600.0,0.0,0.0,0.0,0.0,0.0,0.0,0.0,0.0,0.0,0.0,0.0,0.0,0.0,0.0,0.0,0.0,0.0,0.0,0.0,0.0,0.0,0.0,0.0,0.0,89.36467742919922,0.9304906078587668,89.02237592424665,0.8124572040039217,87.04805428641183,2.2413479327778014,0.009680930251666942
2024-08-27,90.03099090980437,90.31655439774629,89.36139557906391,89.50910186767578,7237400,0.0,0.0,89.38699645996094,87.7647045135498,71.14732871064741,-0.7424306716880125,-1.4884467570001705,2.4415905885665614,-0.009588108442588728,0.0,0.0,0.0,0.0,0.0,0.0,0.0,0.0,0.0,8043800.0,7369200.0,7613000.0,0.0,0.0,0.0,0.0,0.0,0.0,0.0,0.0,0.0,0.0,0.0,0.0,0.0,0.0,0.0,0.0,0.0,0.0,0.0,0.0,0.0,0.0,0.0,0.0,89.68634541829427,0.6199686735355774,89.24745069231305,0.6654988085774485,87.39551271711078,2.217026939472351,0.0157559817605879
2024-08-28,88.9478248500155,89.23338834074713,87.40184837443667,88.12067413330078,8569700,0.0,0.0,89.14476165771484,87.55791778564453,63.48361060849008,-0.7277520673864899,-1.3363078190774345,2.204803611894243,-0.015511581564381705,0.0,0.0,0.0,0.0,0.0,0.0,0.0,0.0,0.0,7237400.0,8043800.0,7369200.0,0.0,0.0,0.0,0.0,0.0,0.0,0.0,0.0,0.0,0.0,0.0,0.0,0.0,0.0,0.0,0.0,0.0,0.0,0.0,0.0,0.0,0.0,0.0,0.0,89.33513641357422,1.137500825208823,89.06035831996373,0.7797960261568726,87.64379773821149,2.075377131389622,-0.0035630560238603115
2024-08-29,89.0659822376961,89.31215687905254,88.25852971455315,88.43577575683594,6181800,0.0,0.0,89.1230972290039,87.39839630126953,63.67783311382735,-0.6828219536786548,-1.2056106459976785,2.0009569873279602,0.003575796788146457,0.0,0.0,0.0,0.0,0.0,0.0,0.0,0.0,0.0,8569700.0,7237400.0,8043800.0,0.0,0.0,0.0,0.0,0.0,0.0,0.0,0.0,0.0,0.0,0.0,0.0,0.0,0.0,0.0,0.0,0.0,0.0,0.0,0.0,0.0,0.0,0.0,0.0,88.68851725260417,0.7279021851580174,89.07020459856305,0.7699528669758754,87.89700589861188,1.9244268514324772,-0.006306717638423609
2024-08-30,88.60318163140099,89.06598365388058,88.03205465133598,88.99705505371094,8403600,0.0,0.0,89.0876480102539,87.43827667236329,66.44400614085191,-0.5950644340294673,-1.0835014036040362,2.025559911288716,0.00634674476558339,0.0,0.0,0.0,0.0,0.0,0.0,0.0,0.0,0.0,6181800.0,8569700.0,7237400.0,0.0,0.0,0.0,0.0,0.0,0.0,0.0,0.0,0.0,0.0,0.0,0.0,0.0,0.0,0.0,0.0,0.0,0.0,0.0,0.0,0.0,0.0,0.0,0.0,88.51783498128255,0.4439157202131381,89.02237701416016,0.7613415429515152,88.2085930960519,1.6950964478762354,0.014024545867377558
2024-09-03,88.23883290044405,89.10536487308448,87.18520580936006,87.76617431640625,8465500,0.0,0.0,88.56575622558594,87.5047435760498,62.28253684459115,-0.6177170978610604,-0.9903445424554411,2.0127389439742633,-0.01383057828780776,0.0,0.0,0.0,0.0,0.0,0.0,0.0,0.0,0.0,8403600.0,6181800.0,8569700.0,0.0,0.0,0.0,0.0,0.0,0.0,0.0,0.0,0.0,0.0,0.0,0.0,0.0,0.0,0.0,0.0,0.0,0.0,0.0,0.0,0.0,0.0,0.0,0.0,88.39966837565105,0.616234253023139,88.91124507359096,0.888883927538354,88.45687757219586,1.2809974338152934,-0.001344627311482438
2024-09-04,87.58893343682482,88.64256058986356,87.46092532926724,87.88434600830078,6317200,0.0,0.0,88.24080505371094,87.4692943572998,60.69614787537862,-0.618998598684982,-0.9160753537013494,1.9987520699133114,0.0013464377684790918,0.0,0.0,0.0,0.0,0.0,0.0,0.0,0.0,0.0,8465500.0,8403600.0,6181800.0,0.0,0.0,0.0,0.0,0.0,0.0,0.0,0.0,0.0,0.0,0.0,0.0,0.0,0.0,0.0,0.0,0.0,0.0,0.0,0.0,0.0,0.0,0.0,0.0,88.21585845947266,0.6791113504635681,88.72696576799665,0.9564081219871384,88.6643671308245,0.8304430685593335,0.0067681151237688475
2024-09-05,88.29792260235862,88.29792260235862,86.98827164732903,87.29353332519531,6234100,0.0,0.0,88.07537689208985,87.60173683166504,49.41180606919255,-0.6600788649493268,-0.8648760559509449,1.8863335932633458,-0.006722615686867162,0.0,0.0,0.0,0.0,0.0,0.0,0.0,0.0,0.0,6317200.0,8465500.0,8403600.0,0.0,0.0,0.0,0.0,0.0,0.0,0.0,0.0,0.0,0.0,0.0,0.0,0.0,0.0,0.0,0.0,0.0,0.0,0.0,0.0,0.0,0.0,0.0,0.0,87.64801788330078,0.31262695603987173,88.28666578020368,0.7602493621322699,88.65452085222516,0.8468419961082785,0.008073761464656659
2024-09-06,87.0965817088042,87.72678816507708,86.37775599117427,86.59439086914062,7791500,0.0,0.0,87.70709991455078,87.69922218322753,44.380169840340855,-0.7405140402553911,-0.8400036528118342,1.7724106343924473,-0.008009097918515562,0.0,0.0,0.0,0.0,0.0,0.0,0.0,0.0,0.0,6234100.0,6317200.0,8465500.0,0.0,0.0,0.0,0.0,0.0,0.0,0.0,0.0,0.0,0.0,0.0,0.0,0.0,0.0,0.0,0.0,0.0,0.0,0.0,0.0,0.0,0.0,0.0,0.0,87.2574234008789,0.6457352477889501,87.87027849469867,0.7771390203478048,88.55886459350586,0.9968841358682019,-0.004527910949622904
2024-09-09,86.87010697373003,87.52985319684416,86.46637696359369,86.98826599121094,8750200,0.0,0.0,87.30534210205079,87.80409240722656,38.70671144207341,-0.763673908147652,-0.8247377038789978,1.6557072498443621,0.0045485061805623506,0.0,0.0,0.0,0.0,0.0,0.0,0.0,0.0,0.0,7791500.0,6234100.0,6317200.0,0.0,0.0,0.0,0.0,0.0,0.0,0.0,0.0,0.0,0.0,0.0,0.0,0.0,0.0,0.0,0.0,0.0,0.0,0.0,0.0,0.0,0.0,0.0,0.0,86.95873006184895,0.35050580852110275,87.70850590297154,0.8322385297218826,88.38443211146763,1.0451530704287402,-0.0006788220067345252
2024-09-10,86.97842705201714,87.52985585072378,86.63378405282549,87.04735565185547,6858300,0.0,0.0,87.16157836914063,87.92471847534179,43.273089635869596,-0.7684025621070134,-0.813470675524601,1.4924970947843323,0.000679283119064511,0.0,0.0,0.0,0.0,0.0,0.0,0.0,0.0,0.0,8750200.0,7791500.0,6234100.0,0.0,0.0,0.0,0.0,0.0,0.0,0.0,0.0,0.0,0.0,0.0,0.0,0.0,0.0,0.0,0.0,0.0,0.0,0.0,0.0,0.0,0.0,0.0,0.0,86.87667083740234,0.2462404969946615,87.51016017368862,0.7946211715926196,88.29018238612584,1.1046609807015986,0.0009057696076530952
2024-09-11,86.70271683046278,87.07689960295042,85.26505022858214,86.96858215332031,10779000,0.0,0.0,86.97842559814453,88.05863800048829,36.75502975177493,-0.7696345494271668,-0.8047034503051141,1.249613132165819,-0.0009049499315086917,0.0,0.0,0.0,0.0,0.0,0.0,0.0,0.0,0.0,6858300.0,8750200.0,7791500.0,0.0,0.0,0.0,0.0,0.0,0.0,0.0,0.0,0.0,0.0,0.0,0.0,0.0,0.0,0.0,0.0,0.0,0.0,0.0,0.0,0.0,0.0,0.0,0.0,87.00140126546223,0.04099655583263509,87.22037833077567,0.46245226611235507,88.12137767246791,1.1137675373349425,-0.010974150653803694
2024-09-12,86.87010231499339,87.96311824399699,86.83071347372756,87.93357849121094,7173300,0.0,0.0,87.10643463134765,88.20634231567382,46.644988067826404,-0.6848492527160346,-0.7807326107872983,1.0199921638056408,0.01109591893989248,0.0,0.0,0.0,0.0,0.0,0.0,0.0,0.0,0.0,10779000.0,6858300.0,8750200.0,0.0,0.0,0.0,0.0,0.0,0.0,0.0,0.0,0.0,0.0,0.0,0.0,0.0,0.0,0.0,0.0,0.0,0.0,0.0,0.0,0.0,0.0,0.0,0.0,87.3165054321289,0.5358504326783153,87.24429321289062,0.4983188989665055,88.07776914324079,1.1078797470762323,-0.013804527318174942
2024-09-13,88.0812772460557,89.33184853999364,88.0221977404897,89.1644515991211,7084200,0.0,0.0,87.62044677734374,88.29299583435059,49.94922540224415,-0.5124281683060445,-0.7270717222910476,1.0242976626416547,0.01399775977538753,0.0,0.0,0.0,0.0,0.0,0.0,0.0,0.0,0.0,7173300.0,10779000.0,6858300.0,0.0,0.0,0.0,0.0,0.0,0.0,0.0,0.0,0.0,0.0,0.0,0.0,0.0,0.0,0.0,0.0,0.0,0.0,0.0,0.0,0.0,0.0,0.0,0.0,88.02220408121745,1.1006141590736436,87.42716544015067,0.8692118304514529,88.07706560407367,1.1071327255523966,-0.014153567135536393
2024-09-16,89.70604087005559,90.95661229792329,89.5583345776687,90.44456481933594,9028600,0.0,0.0,88.31170654296875,88.41854515075684,50.35248055017396,-0.26938349294425734,-0.6355340764216896,1.1266939057018988,0.014356766595393422,0.0,0.0,0.0,0.0,0.0,0.0,0.0,0.0,0.0,7084200.0,7173300.0,10779000.0,0.0,0.0,0.0,0.0,0.0,0.0,0.0,0.0,0.0,0.0,0.0,0.0,0.0,0.0,0.0,0.0,0.0,0.0,0.0,0.0,0.0,0.0,0.0,0.0,89.18086496988933,1.255573627495682,87.87731279645648,1.426042788734904,88.08198928833008,1.1182389072187604,-0.010876499548689855
2024-09-17,90.95660201740029,91.82313398205918,90.75965781225968,91.43910217285156,8193100,0.0,0.0,89.19005584716797,88.51898422241212,59.74149901918425,0.003442334960880089,-0.5077387941451756,1.2981293975872044,0.01099609861026174,0.0,0.0,0.0,0.0,0.0,0.0,0.0,0.0,0.0,9028600.0,7084200.0,7173300.0,0.0,0.0,0.0,0.0,0.0,0.0,0.0,0.0,0.0,0.0,0.0,0.0,0.0,0.0,0.0,0.0,0.0,0.0,0.0,0.0,0.0,0.0,0.0,0.0,90.34937286376953,1.1403091420516267,88.56941441127232,1.8206688599438245,88.2198464529855,1.3929340790760312,-0.007693967412246039
2024-09-18,92.08899952981488,92.63058670467368,91.27170549228245,92.14808654785156,10289800,0.0,0.0,90.22595672607422,88.70804595947266,71.82493448976436,0.2737126934625138,-0.35144849662363775,1.5295340076895352,0.007753623539082488,0.0,0.0,0.0,0.0,0.0,0.0,0.0,0.0,0.0,8193100.0,9028600.0,7084200.0,0.0,0.0,0.0,0.0,0.0,0.0,0.0,0.0,0.0,0.0,0.0,0.0,0.0,0.0,0.0,0.0,0.0,0.0,0.0,0.0,0.0,0.0,0.0,0.0,91.34391784667969,0.8557403881100991,89.30653163364956,2.097318999882339,88.50751876831055,1.7428118211743242,0.001391065739753783
2024-09-19,93.36912034418708,93.83192988520146,91.89207245379434,92.02008056640625,10912400,0.0,0.0,91.04325714111329,88.8424575805664,69.82571339348262,0.4721324380027454,-0.1867323096983611,1.6962671978981376,-0.0013891333639233228,0.0,0.0,0.0,0.0,0.0,0.0,0.0,0.0,0.0,10289800.0,8193100.0,9028600.0,0.0,0.0,0.0,0.0,0.0,0.0,0.0,0.0,0.0,0.0,0.0,0.0,0.0,0.0,0.0,0.0,0.0,0.0,0.0,0.0,0.0,0.0,0.0,0.0,91.8690897623698,0.3778404136354775,90.0169209071568,2.046109445506887,88.76354054042271,1.9787601562775796,-0.0031999239667850343
2024-09-20,91.77389592071995,92.57150680324993,91.39971320047043,92.31548309326172,19251500,0.0,0.0,91.6734634399414,89.03102684020996,68.91131244777088,0.6457739501067721,-0.020231057737334468,1.8628055542516766,0.003210196351026706,0.0,0.0,0.0,0.0,0.0,0.0,0.0,0.0,0.0,10912400.0,10289800.0,8193100.0,0.0,0.0,0.0,0.0,0.0,0.0,0.0,0.0,0.0,0.0,0.0,0.0,0.0,0.0,0.0,0.0,0.0,0.0,0.0,0.0,0.0,0.0,0.0,0.0,92.16121673583984,0.14813832925888762,90.780763898577,1.6845478787304817,89.00057111467633,2.1957404707900277,0.008389736604722975
2024-09-23,92.26625004234698,92.26625004234698,90.74982090435722,91.54742431640625,7338700,0.0,0.0,91.89403533935547,89.14968299865723,72.74891262239309,0.7131889765347665,0.12645294911708574,1.9461296162059845,-0.008319934545319319,0.0,0.0,0.0,0.0,0.0,0.0,0.0,0.0,0.0,19251500.0,10912400.0,10289800.0,0.0,0.0,0.0,0.0,0.0,0.0,0.0,0.0,0.0,0.0,0.0,0.0,0.0,0.0,0.0,0.0,0.0,0.0,0.0,0.0,0.0,0.0,0.0,0.0,91.96099599202473,0.3874232974068174,91.29702758789062,1.1285547844059807,89.27066040039062,2.263728059568664,-0.007684933600347721
2024-09-24,91.91175819200404,92.35487704295531,91.0452261806572,92.25640869140625,7860300,0.0,0.0,92.0574966430664,89.24372177124023,74.5575985402273,0.8144366655990325,0.2640496924134751,2.051096162643282,0.007744449178052282,0.0,0.0,0.0,0.0,0.0,0.0,0.0,0.0,0.0,7338700.0,19251500.0,10912400.0,0.0,0.0,0.0,0.0,0.0,0.0,0.0,0.0,0.0,0.0,0.0,0.0,0.0,0.0,0.0,0.0,0.0,0.0,0.0,0.0,0.0,0.0,0.0,0.0,92.0397720336914,0.4274074780295517,91.73873574393136,0.6644050592509665,89.58295059204102,2.357402652043305,-0.002448870092081945
2024-09-25,92.20717287234922,92.99493472810158,91.92160938745533,92.4828872680664,8408200,0.0,0.0,92.12445678710938,89.39241104125976,80.39218840342699,0.9025471156752758,0.39174917706583523,2.1753706331475726,0.002454881778649387,0.0,0.0,0.0,0.0,0.0,0.0,0.0,0.0,0.0,7860300.0,7338700.0,19251500.0,0.0,0.0,0.0,0.0,0.0,0.0,0.0,0.0,0.0,0.0,0.0,0.0,0.0,0.0,0.0,0.0,0.0,0.0,0.0,0.0,0.0,0.0,0.0,0.0,92.09557342529297,0.48803045048591864,92.02992466517857,0.3945357377885393,89.95361873081752,2.377623046495685,-0.013445378014477316
2024-09-26,93.01462654920422,94.32427745778277,92.73891215006219,93.74330139160156,10061600,0.0,0.0,92.46910095214844,89.67354240417481,89.28582808556311,1.061839938374007,0.5257673293274696,2.3580181872094497,0.013628619961677746,0.0,0.0,0.0,0.0,0.0,0.0,0.0,0.0,0.0,8408200.0,7860300.0,7338700.0,0.0,0.0,0.0,0.0,0.0,0.0,0.0,0.0,0.0,0.0,0.0,0.0,0.0,0.0,0.0,0.0,0.0,0.0,0.0,0.0,0.0,0.0,0.0,0.0,92.82753245035808,0.8011227756912007,92.35909598214286,0.678486426808283,90.46425519670758,2.368332357207994,-0.00843671799766732
2024-09-27,94.02886895428851,95.41729761211187,93.82208314597202,94.5409164428711,10155400,0.0,0.0,92.91418762207032,89.97879943847656,89.74105752840852,1.2381686788987878,0.6682475992417333,2.574575818639043,0.008508501828174309,0.0,0.0,0.0,0.0,0.0,0.0,0.0,0.0,0.0,10061600.0,8408200.0,7860300.0,0.0,0.0,0.0,0.0,0.0,0.0,0.0,0.0,0.0,0.0,0.0,0.0,0.0,0.0,0.0,0.0,0.0,0.0,0.0,0.0,0.0,0.0,0.0,0.0,93.58903503417969,1.037651002438189,92.70092882428851,1.0535598927671497,91.00373022896903,2.3758265868105632,-0.0018712195621743977
2024-09-30,95.36805203663894,96.07703618701873,93.97963100268989,94.71815490722656,7982300,0.0,0.0,93.54833374023437,90.26485443115234,89.86704732449097,1.376346473573065,0.8098673741079997,2.7701557178153333,0.00187472758911289,0.0,0.0,0.0,-0.8125,-0.8125,1.0,3.0,0.0,0.0,10155400.0,10061600.0,8408200.0,0.0,0.0,0.0,0.0,0.0,0.0,0.0,0.0,0.0,0.0,0.0,0.0,0.0,0.0,0.0,0.0,0.0,0.0,0.0,0.0,0.0,0.0,0.0,0.0,94.33412424723308,0.5192851850035799,93.08636801583427,1.240002272353646,91.55164446149554,2.2756281707034436,0.022753844399760803
2024-10-01,93.73345661575874,94.38335374689002,91.89206763768838,92.61090087890625,10099200,0.0,0.0,93.61923217773438,90.50709075927735,74.21812985148527,1.3008205329695528,0.9080580058803105,2.7519223344674697,-0.02224762539329761,0.0,0.0,0.0,0.0,0.0,0.0,0.0,0.0,0.0,7982300.0,10155400.0,10061600.0,0.0,0.0,0.0,0.0,0.0,0.0,0.0,0.0,0.0,-0.8125,0.0,0.0,-0.8125,0.0,0.0,1.0,0.0,0.0,3.0,0.0,0.0,0.0,0.0,0.0,93.95665740966797,1.1688237028643942,93.12857055664062,1.214150722792718,91.95466722760882,1.8639054854714103,-0.0010620821847193707
2024-10-02,92.1579295727486,93.13278650282318,92.1579295727486,92.70936584472656,6144200,0.0,0.0,93.6645278930664,90.74834175109864,72.14616557015837,1.2346783769727665,0.9733820800988018,2.7212191430544865,0.001063211402608566,0.0,0.0,0.0,0.0,0.0,0.0,0.0,0.0,0.0,10099200.0,7982300.0,10155400.0,0.0,0.0,0.0,0.0,0.0,0.0,0.0,0.0,0.0,0.0,-0.8125,0.0,0.0,-0.8125,0.0,0.0,1.0,0.0,0.0,3.0,0.0,0.0,0.0,0.0,93.3461405436198,1.1892188183135053,93.29456220354352,1.026954107668346,92.29579489571708,1.4658977227786685,0.005553731362056835
2024-10-03,92.17763599384223,92.65028711191948,91.7049773631109,92.19732666015625,6180300,0.0,0.0,93.35533294677734,90.99353141784668,65.0685528654984,1.127940759950036,1.0042938160690487,2.6122901368176636,-0.005523057782833907,0.0,0.0,0.0,0.0,0.0,0.0,0.0,0.0,0.0,6144200.0,10099200.0,7982300.0,0.0,0.0,0.0,0.0,0.0,0.0,0.0,0.0,0.0,0.0,0.0,-0.8125,0.0,0.0,-0.8125,0.0,0.0,1.0,0.0,0.0,3.0,0.0,0.0,0.0,92.50586446126302,0.2716993161702023,93.28612191336495,1.0371011593991735,92.51242882864815,1.1596581471455958,-0.01597478117845208
2024-10-04,92.85707664038415,93.881156525333,92.45334662720025,93.6940689086914,6308900,0.0,0.0,93.1859634399414,91.34851531982422,65.80464269890734,1.1508586381207948,1.033606780479398,2.4610366790644105,0.01623411765562599,0.0,0.0,0.0,0.0,0.0,0.0,0.0,0.0,0.0,6180300.0,6144200.0,10099200.0,0.0,0.0,0.0,0.0,0.0,0.0,0.0,0.0,0.0,0.0,0.0,0.0,0.0,0.0,0.0,0.0,0.0,0.0,0.0,0.0,0.0,0.0,0.0,0.0,92.8669204711914,0.7607081798415748,93.45914786202567,0.980233126368505,92.74453626360211,1.0321176474323162,0.02987342387842795
2024-10-07,93.63497846456004,93.68421639551829,90.35593810944633,90.9762954711914,11043600,0.0,0.0,92.43759155273438,91.54791679382325,48.072193969810286,0.938896603062318,1.014664744995982,2.2408748717936957,-0.029006888794087637,0.0,0.0,0.0,0.0,0.0,0.0,0.0,0.0,0.0,6308900.0,6180300.0,6144200.0,0.0,0.0,0.0,0.0,0.0,0.0,0.0,0.0,0.0,0.0,0.0,0.0,0.0,0.0,0.0,0.0,0.0,0.0,0.0,0.0,0.0,0.0,0.0,0.0,92.28923034667969,1.3612155707648204,93.06386130196708,1.3388548842537942,92.71147864205497,1.083288687345329,-0.0012972433515964221
2024-10-08,91.10430873971283,92.30564220173791,90.28701463309999,91.09446716308594,10209100,0.0,0.0,92.13430480957031,91.75027236938476,45.38398184878714,0.7715566068221875,0.9660431173612232,1.9807028793029546,0.0012989283777986582,0.0,0.0,0.0,0.0,0.0,0.0,0.0,0.0,0.0,11043600.0,6308900.0,6180300.0,0.0,0.0,0.0,0.0,0.0,0.0,0.0,0.0,0.0,0.0,0.0,0.0,0.0,0.0,0.0,0.0,0.0,0.0,0.0,0.0,0.0,0.0,0.0,0.0,91.92161051432292,1.5361307584371864,92.57151140485492,1.338852546226647,92.63622011457171,1.1593668222046876,-0.01164526709565139
2024-10-09,90.45441221777641,92.57151566866386,90.06053128299321,92.16778564453125,8654500,0.0,0.0,92.02598876953125,92.0102325439453,50.597611283493706,0.7172779517998151,0.9162900842489416,1.6302835431599996,0.011782477189572482,0.0,0.0,0.0,0.0,0.0,0.0,0.0,0.0,0.0,10209100.0,11043600.0,6308900.0,0.0,0.0,0.0,0.0,0.0,0.0,0.0,0.0,0.0,0.0,0.0,0.0,0.0,0.0,0.0,0.0,0.0,0.0,0.0,0.0,0.0,0.0,0.0,0.0,91.41284942626953,0.6564584201789156,92.20717293875558,0.9470018814960864,92.64677047729492,1.1539881727608525,0.00655988621787329
2024-10-10,92.28594902858242,92.44349688952542,91.27171072717813,91.5671157836914,6698000,0.0,0.0,91.89994659423829,92.19190940856933,47.045115237192086,0.6186611482617224,0.8567642970514979,1.3261693693058942,-0.006517134556714654,0.0,0.0,0.0,0.0,0.0,0.0,0.0,0.0,0.0,8654500.0,10209100.0,11043600.0,0.0,0.0,0.0,0.0,0.0,0.0,0.0,0.0,0.0,0.0,0.0,0.0,0.0,0.0,0.0,0.0,0.0,0.0,0.0,0.0,0.0,0.0,0.0,0.0,91.6097895304362,0.53793022516769,92.05806078229632,0.9549791661781452,92.59331566946847,1.1873646395150608,-0.012110934700005904
2024-10-11,91.42926140051188,93.16233300011696,91.38003097923884,92.6896743774414,8089100,0.0,0.0,91.69906768798828,92.36817054748535,54.38728821357133,0.6238958350394341,0.8101906046490852,1.1210119516717412,0.012259407584725324,0.0,0.0,0.0,0.0,0.0,0.0,0.0,0.0,0.0,6698000.0,8654500.0,10209100.0,0.0,0.0,0.0,0.0,0.0,0.0,0.0,0.0,0.0,0.0,0.0,0.0,0.0,0.0,0.0,0.0,0.0,0.0,0.0,0.0,0.0,0.0,0.0,0.0,92.14152526855469,0.5617398460233439,92.0552477155413,0.9527673118184643,92.67490495954242,1.1485794952510087,-0.008844915947762932
2024-10-14,92.73891005626591,93.73345769870593,92.36472731054319,93.5168228149414,6262000,0.0,0.0,92.20717315673828,92.52178344726562,54.79759802107975,0.6868705124574177,0.7855265862107518,1.0519128614754496,0.008923846621057052,0.0,0.0,0.0,0.0,0.0,0.0,0.0,0.0,0.0,8089100.0,6698000.0,8654500.0,0.0,0.0,0.0,0.0,0.0,0.0,0.0,0.0,0.0,0.0,0.0,0.0,0.0,0.0,0.0,0.0,0.0,0.0,0.0,0.0,0.0,0.0,0.0,0.0,92.59120432535808,0.978576333401949,92.24374716622489,1.104074600977826,92.76493453979492,1.162565635339901,0.007960192213630979
2024-10-15,93.79252800332708,94.18640888854881,92.24655172677048,92.77828979492188,6535800,0.0,0.0,92.54393768310547,92.58874282836913,51.082223736529855,0.6694677480117548,0.7623148185709525,1.0215524379120726,-0.007897327965055045,0.0,0.0,0.0,0.0,0.0,0.0,0.0,0.0,0.0,6262000.0,8089100.0,6698000.0,0.0,0.0,0.0,0.0,0.0,0.0,0.0,0.0,0.0,0.0,0.0,0.0,0.0,0.0,0.0,0.0,0.0,0.0,0.0,0.0,0.0,0.0,0.0,0.0,92.99492899576823,0.4541398924584692,92.11292157854352,0.946606189819193,92.7860347202846,1.1597300676274274,-0.026149949848544574
2024-10-16,92.29579834210041,95.30897349925671,92.19732247703608,95.26958465576172,9936300,0.0,0.0,93.16429748535157,92.74481773376465,55.129045937410424,0.8469396137921308,0.7792397776151883,1.1772708338564464,0.026852131747056696,0.0,0.0,0.0,0.0,0.0,0.0,0.0,0.0,0.0,6535800.0,6262000.0,8089100.0,0.0,0.0,0.0,0.0,0.0,0.0,0.0,0.0,0.0,0.0,0.0,0.0,0.0,0.0,0.0,0.0,0.0,0.0,0.0,0.0,0.0,0.0,0.0,0.0,93.85489908854167,1.2795933713451058,92.72624860491071,1.3793592871254374,92.8950549534389,1.3176297142842823,0.002175188072749412
2024-10-17,95.44683703454686,95.8407179830038,94.14703516349691,95.06280517578125,9542500,0.0,0.0,93.86343536376953,92.8969539642334,51.82632004720318,0.9598375602165703,0.8153593341354647,1.271515442212324,-0.002170466899038437,0.0,0.0,0.0,0.0,0.0,0.0,0.0,0.0,0.0,9936300.0,6535800.0,6262000.0,0.0,0.0,0.0,0.0,0.0,0.0,0.0,0.0,0.0,0.0,0.0,0.0,0.0,0.0,0.0,0.0,0.0,0.0,0.0,0.0,0.0,0.0,0.0,0.0,94.37022654215495,1.3825289847697617,93.29315403529576,1.4120260752944773,92.93233272007534,1.3739541748381352,-0.007606817048674719
2024-10-18,95.5256080867201,96.04749711427064,94.58029838372508,95.79147338867188,8609700,0.0,0.0,94.48379516601562,93.07075347900391,53.61644435669953,1.0954794262758014,0.8713833525635322,1.4170816522527814,0.007665124246473143,0.0,0.0,0.0,0.0,0.0,0.0,0.0,0.0,0.0,9542500.0,9936300.0,6535800.0,0.0,0.0,0.0,0.0,0.0,0.0,0.0,0.0,0.0,0.0,0.0,0.0,0.0,0.0,0.0,0.0,0.0,0.0,0.0,0.0,0.0,0.0,0.0,0.0,95.37462107340495,0.37551807931547887,93.81082371303013,1.584412516448469,93.00899832589286,1.504965852827592,0.0068308170140853885
2024-10-21,95.71269813611801,95.95887277897084,94.48182492185387,95.1415786743164,8189900,0.0,0.0,94.80874633789062,93.25046119689941,59.45548864233047,1.1374239945357232,0.9245914809579705,1.4414206396610203,-0.006784473516954215,0.0,0.0,0.0,0.0,0.0,0.0,0.0,0.0,0.0,8609700.0,9542500.0,9936300.0,0.0,0.0,0.0,0.0,0.0,0.0,0.0,0.0,0.0,0.0,0.0,0.0,0.0,0.0,0.0,0.0,0.0,0.0,0.0,0.0,0.0,0.0,0.0,0.0,95.33195241292317,0.3999011895239028,94.3214612688337,1.2892896386966002,93.189761025565,1.602304927552967,-0.0012403607145476947
2024-10-22,94.72799699178393,95.77178255773413,94.72799699178393,95.25973510742188,5344300,0.0,0.0,95.30503540039062,93.4006275177002,59.51506153385472,1.1667500356191596,0.9730231918902084,1.4880969573347071,0.0012419011199082952,0.0,0.0,0.0,0.0,0.0,0.0,0.0,0.0,0.0,8189900.0,8609700.0,9542500.0,0.0,0.0,0.0,0.0,0.0,0.0,0.0,0.0,0.0,0.0,0.0,0.0,0.0,0.0,0.0,0.0,0.0,0.0,0.0,0.0,0.0,0.0,0.0,0.0,95.39759572347005,0.34618628948829056,94.68861280168805,1.0990628004062115,93.37193025861468,1.6862650674104234,0.005195328591873771
2024-10-23,95.44683180115435,95.65361759740888,94.52121274993078,94.76738739013672,5388500,0.0,0.0,95.20459594726563,93.51485252380371,59.6026369245838,1.1371543805521611,1.0058494296225988,1.5015615884956424,-0.005168476657319565,0.0,0.0,0.0,0.0,0.0,0.0,0.0,0.0,0.0,5344300.0,8189900.0,8609700.0,0.0,0.0,0.0,0.0,0.0,0.0,0.0,0.0,0.0,0.0,0.0,0.0,0.0,0.0,0.0,0.0,0.0,0.0,0.0,0.0,0.0,0.0,0.0,0.0,95.05623372395833,0.2570299381252684,94.86726488385882,0.971024539075293,93.55550602504185,1.6884488678740002,0.008804967393641894
2024-10-24,95.12188187985645,95.31882610459664,93.7925402916396,93.94024658203125,5015300,0.0,0.0,94.98008422851562,93.52469978332519,50.96825380630843,1.035025134704341,1.0116845706389475,1.5037827517725022,-0.008728116611469994,0.0,0.0,0.0,0.0,0.0,0.0,0.0,0.0,0.0,5388500.0,5344300.0,8189900.0,0.0,0.0,0.0,0.0,0.0,0.0,0.0,0.0,0.0,0.0,0.0,0.0,0.0,0.0,0.0,0.0,0.0,0.0,0.0,0.0,0.0,0.0,0.0,0.0,94.65578969319661,0.6667855926991202,95.03325871058873,0.5715476487945327,93.57309014456612,1.69128242963643,0.0038935422151535892
2024-10-25,94.34396853649139,95.36805596110936,93.55621418016109,93.5759048461914,6638100,0.0,0.0,94.53697052001954,93.47644920349121,62.547559321185055,0.9141498875519858,0.9921776340215552,1.4848223713767954,-0.003878441340067096,0.0,0.0,0.0,0.0,0.0,0.0,0.0,0.0,0.0,5015300.0,5388500.0,5344300.0,0.0,0.0,0.0,0.0,0.0,0.0,0.0,0.0,0.0,0.0,0.0,0.0,0.0,0.0,0.0,0.0,0.0,0.0,0.0,0.0,0.0,0.0,0.0,0.0,94.09451293945312,0.6105376687033656,94.79130445207868,0.7765562418234051,93.75877652849469,1.5180864630480229,-0.012162106437176967
2024-10-28,93.7629964611726,95.21050452132519,93.75314737220013,94.72799682617188,8146400,0.0,0.0,94.45425415039062,93.47694129943848,65.94640312436383,0.9009341693820403,0.9739289410936524,1.4852571205768326,0.01231184439919808,0.0,0.0,0.0,0.0,0.0,0.0,0.0,0.0,0.0,6638100.0,5015300.0,5388500.0,0.0,0.0,0.0,0.0,0.0,0.0,0.0,0.0,0.0,0.0,0.0,0.0,0.0,0.0,0.0,0.0,0.0,0.0,0.0,0.0,0.0,0.0,0.0,0.0,94.08138275146484,0.5888705683981856,94.74347468784877,0.7673025249092095,94.01831436157227,1.3259954111884726,0.0007282089613951381
2024-10-29,94.7870808612302,95.14157292653468,94.21595392127816,94.65906524658203,6834400,0.0,0.0,94.33412017822266,93.57934951782227,61.99049828553466,0.8748141027074468,0.9541059734164113,1.492991129152331,-0.0007276790589832993,0.0,0.0,0.0,0.0,0.0,0.0,0.0,0.0,0.0,8146400.0,6638100.0,5015300.0,0.0,0.0,0.0,0.0,0.0,0.0,0.0,0.0,0.0,0.0,0.0,0.0,0.0,0.0,0.0,0.0,0.0,0.0,0.0,0.0,0.0,0.0,0.0,0.0,94.32098897298177,0.646181598053048,94.58170209612165,0.6134805165612665,94.19626290457589,1.221607244734883,0.011043190251339707
2024-10-30,94.2356532841415,95.23020097652578,93.48728775511461,93.6251449584961,7718200,0.0,0.0,94.10567169189453,93.62513847351075,59.50871241282652,0.7619022998221254,0.9156652386975542,1.4788815258853776,-0.010922570230253448,0.0,0.0,0.0,0.0,0.0,0.0,0.0,0.0,0.0,6834400.0,8146400.0,6638100.0,0.0,0.0,0.0,0.0,0.0,0.0,0.0,0.0,0.0,0.0,0.0,0.0,0.0,0.0,0.0,0.0,0.0,0.0,0.0,0.0,0.0,0.0,0.0,0.0,94.33740234375,0.6177951341688619,94.36506870814732,0.6495100289752324,94.34326498849052,0.9810293625605874,-0.01164230116360998
2024-10-31,93.81222688072761,95.15141750014403,93.54636157970029,94.72799682617188,8147700,0.0,0.0,94.26322174072266,93.75167198181153,59.43484245892759,0.7527327764664875,0.883078746251341,1.4584085807864293,0.011779440962838228,0.0,0.0,0.0,0.0,0.0,0.0,0.0,0.0,0.0,7718200.0,6834400.0,8146400.0,0.0,0.0,0.0,0.0,0.0,0.0,0.0,0.0,0.0,0.0,0.0,0.0,0.0,0.0,0.0,0.0,0.0,0.0,0.0,0.0,0.0,0.0,0.0,0.0,94.33740234375,0.6177951341688619,94.28910609654018,0.5510711222645062,94.48885944911412,0.8606048925097916,0.004070564648517516
2024-11-01,94.23564618388637,94.91509057268341,93.37896327208513,94.34396362304688,7944900,0.0,0.0,94.41683349609374,93.7841667175293,53.99238311558707,0.7063353983577372,0.8477300766726203,1.4642858740692353,-0.004054062325731578,0.0,0.0,0.0,0.0,0.0,0.0,0.0,0.0,0.0,8147700.0,7718200.0,6834400.0,0.0,0.0,0.0,0.0,0.0,0.0,0.0,0.0,0.0,0.0,0.0,0.0,0.0,0.0,0.0,0.0,0.0,0.0,0.0,0.0,0.0,0.0,0.0,0.0,94.23236846923828,0.5598309291867932,94.22861698695591,0.5116509416462834,94.54794093540737,0.8159751611544795,0.00020876352221033123
2024-11-04,94.36366099808993,94.55074860833204,93.57589917683273,94.32427215576172,6088000,0.0,0.0,94.33608856201172,93.95156555175781,58.01846064233158,0.6603639406445723,0.8102568494670107,1.3095932444716856,-0.00020871994909854585,0.0,0.0,0.0,0.0,0.0,0.0,0.0,0.0,0.0,7944900.0,8147700.0,7718200.0,0.0,0.0,0.0,0.0,0.0,0.0,0.0,0.0,0.0,0.0,0.0,0.0,0.0,0.0,0.0,0.0,0.0,0.0,0.0,0.0,0.0,0.0,0.0,0.0,94.46541086832683,0.22761914992811882,94.28347778320312,0.4959241522406856,94.65836824689593,0.6446970018975204,-0.008692969924598004
2024-11-05,94.1371822630836,95.19080943777836,93.79253926438044,95.15142059326172,6561700,0.0,0.0,94.43455963134765,94.1544132232666,49.25925217374668,0.6828042529417218,0.784766330161953,1.1479811160809867,0.008769200319235892,0.0,0.0,0.0,0.0,0.0,0.0,0.0,0.0,0.0,6088000.0,7944900.0,8147700.0,0.0,0.0,0.0,0.0,0.0,0.0,0.0,0.0,0.0,0.0,0.0,0.0,0.0,0.0,0.0,0.0,0.0,0.0,0.0,0.0,0.0,0.0,0.0,0.0,94.60655212402344,0.4719726422670054,94.50855146135602,0.4784876739641682,94.64992795671735,0.636804685316728,-0.022853746085088167
2024-11-06,96.70725094873889,98.02675101130473,96.70725094873889,97.37684631347656,11325100,0.0,0.0,95.18489990234374,94.41486625671386,61.57640582037804,0.8701312872322404,0.8018393215760105,1.2590728093645915,0.023388255333861352,0.0,0.0,0.0,0.0,0.0,0.0,0.0,0.0,0.0,6561700.0,6088000.0,7944900.0,0.0,0.0,0.0,0.0,0.0,0.0,0.0,0.0,0.0,0.0,0.0,0.0,0.0,0.0,0.0,0.0,0.0,0.0,0.0,0.0,0.0,0.0,0.0,0.0,95.61751302083333,1.578760228903305,94.88695853097099,1.1937558686092131,94.81521660940987,0.9669497671552155,-0.0004043531676798384
2024-11-07,97.26853057872594,97.99720546969328,96.62847495939522,97.4162368774414,7805100,0.0,0.0,95.72254791259766,94.70732231140137,58.73024982925752,1.010123723334729,0.8434962019277543,1.2419838632362072,0.0004045167353030621,0.0,0.0,0.0,0.0,0.0,0.0,0.0,0.0,0.0,11325100.0,6561700.0,6088000.0,0.0,0.0,0.0,0.0,0.0,0.0,0.0,0.0,0.0,0.0,0.0,0.0,0.0,0.0,0.0,0.0,0.0,0.0,0.0,0.0,0.0,0.0,0.0,0.0,96.64816792805989,1.2963708351785197,95.28084019252232,1.517104297927631,94.93127114432198,1.1694364863617481,-0.0009087526716224925
2024-11-08,97.2192887043375,97.74117772069992,96.11642365149272,97.50484466552734,7982100,0.0,0.0,96.35472412109375,94.94808082580566,63.51352058800946,1.1153614529679317,0.8978692521357898,1.2958210018018137,0.000909579254199766,0.0,0.0,0.0,0.0,0.0,0.0,0.0,0.0,0.0,7805100.0,11325100.0,6561700.0,0.0,0.0,0.0,0.0,0.0,0.0,0.0,0.0,0.0,0.0,0.0,0.0,0.0,0.0,0.0,0.0,0.0,0.0,0.0,0.0,0.0,0.0,0.0,0.0,97.43264261881511,0.06555727110283169,95.8350830078125,1.5200990211499623,95.10007585797992,1.3575623803821577,-0.01824324672085309
2024-11-11,97.48516375512654,99.3560926428568,97.48516375512654,99.31670379638672,9137900,0.0,0.0,97.35321044921875,95.23807487487792,69.43405494185005,1.3296377649375017,0.9842229546961323,1.577111375117612,0.018582247241915262,0.0,0.0,0.0,0.0,0.0,0.0,0.0,0.0,0.0,7982100.0,7805100.0,11325100.0,0.0,0.0,0.0,0.0,0.0,0.0,0.0,0.0,0.0,0.0,0.0,0.0,0.0,0.0,0.0,0.0,0.0,0.0,0.0,0.0,0.0,0.0,0.0,0.0,98.07926177978516,1.0725716262169078,96.49061257498605,1.9040402924827813,95.38985933576312,1.7658621911394985,-0.0012872075521290771
2024-11-12,99.01144750127193,99.74012236368795,97.97751096343036,99.44470977783203,9366200,0.0,0.0,98.21186828613281,95.57139587402344,73.21611153440082,1.492576802579535,1.0858937242728128,1.7272049568858932,0.001288866590938742,0.0,0.0,0.0,0.0,0.0,0.0,0.0,0.0,0.0,9137900.0,7982100.0,7805100.0,0.0,0.0,0.0,0.0,0.0,0.0,0.0,0.0,0.0,0.0,0.0,0.0,0.0,0.0,0.0,0.0,0.0,0.0,0.0,0.0,0.0,0.0,0.0,0.0,98.7554194132487,1.084919021194759,97.21929059709821,1.9215446717863434,95.72395379202706,2.057428827067186,-0.016841834040456916
2024-11-13,99.2477630936205,101.62088258105767,98.81449334792518,101.14823150634766,17701300,0.0,0.0,98.96614532470703,95.86532821655274,82.91370979260947,1.7391196417239172,1.2165389077630337,2.1270634998752658,0.017130340390367982,0.0,0.0,0.0,0.0,0.0,0.0,0.0,0.0,0.0,9366200.0,9137900.0,7982100.0,0.0,0.0,0.0,0.0,0.0,0.0,0.0,0.0,0.0,0.0,0.0,0.0,0.0,0.0,0.0,0.0,0.0,0.0,0.0,0.0,0.0,0.0,0.0,0.0,99.96988169352214,1.022485987122021,98.1941419328962,1.9389474188490328,96.23880985804966,2.4425597617885035,-0.058651094273554194
2024-11-14,108.64179411151392,113.05323946068607,106.7413255869947,107.45030975341797,47436100,0.0,0.0,100.97295989990235,96.48470344543458,91.07877799995121,2.415190847181975,1.4562692956468222,3.339231112357759,0.06230537255290347,0.0,0.0,0.0,0.0,0.0,0.0,0.0,0.0,0.0,17701300.0,9366200.0,9137900.0,0.0,0.0,0.0,0.0,0.0,0.0,0.0,0.0,0.0,0.0,0.0,0.0,0.0,0.0,0.0,0.0,0.0,0.0,0.0,0.0,0.0,0.0,0.0,0.0,102.68108367919922,4.217183251903716,99.95112609863281,3.590882867736437,97.22983877999442,3.7459311950294345,-0.051790070439144076
2024-11-15,108.56301872821416,113.42743213015348,108.56301872821416,113.3191146850586,32048000,0.0,0.0,104.1358139038086,97.3610855102539,93.02648748196764,3.3855194973192226,1.8421193359813024,5.023181773251863,0.05461878095194539,0.0,0.0,0.0,0.0,0.0,0.0,0.0,0.0,0.0,47436100.0,17701300.0,9366200.0,0.0,0.0,0.0,0.0,0.0,0.0,0.0,0.0,0.0,0.0,0.0,0.0,0.0,0.0,0.0,0.0,0.0,0.0,0.0,0.0,0.0,0.0,0.0,0.0,107.3058853149414,6.086726801104117,102.22859300885882,5.960073438629511,98.5577757699149,5.618196806471499,0.013563551746257119
2024-11-18,111.59588754757984,113.67360207183387,111.16261778512954,111.80267333984375,14226200,0.0,0.0,106.6330078125,98.19414024353027,87.18499736715205,3.9861973979814707,2.270934948381336,5.934592577191034,-0.013382043704007085,0.0,0.0,0.0,0.0,0.0,0.0,0.0,0.0,0.0,32048000.0,47436100.0,17701300.0,0.0,0.0,0.0,0.0,0.0,0.0,0.0,0.0,0.0,0.0,0.0,0.0,0.0,0.0,0.0,0.0,0.0,0.0,0.0,0.0,0.0,0.0,0.0,0.0,110.85736592610677,3.0464606367491274,104.28379821777344,6.481666656249945,99.78231920514789,6.501881590251958,0.009962613836340228
2024-11-19,110.33548017205199,110.77859153312286,109.1242975990554,110.69981384277344,12166800,0.0,0.0,108.88402862548828,98.96614418029785,86.92503726308612,4.323409840067569,2.681429926718583,6.509223129278964,-0.009864339233803254,0.0,0.0,0.0,0.0,0.0,0.0,0.0,0.0,0.0,14226200.0,32048000.0,47436100.0,0.0,0.0,0.0,0.0,0.0,0.0,0.0,0.0,0.0,0.0,0.0,0.0,0.0,0.0,0.0,0.0,0.0,0.0,0.0,0.0,0.0,0.0,0.0,0.0,111.94053395589192,1.3150811335015888,106.16879381452289,6.088385148444995,101.00193841116769,6.850178746285456,-0.016103610140225322
2024-11-20,110.54226062730129,112.61997515567087,109.76434787620357,112.51165771484375,9319300,0.0,0.0,111.1567138671875,99.85335769653321,87.31404926925973,4.682872548419084,3.0817184510586833,7.090164243706296,0.016367180839560014,0.0,0.0,0.0,0.0,0.0,0.0,0.0,0.0,0.0,12166800.0,14226200.0,32048000.0,0.0,0.0,0.0,0.0,0.0,0.0,0.0,0.0,0.0,0.0,0.0,0.0,0.0,0.0,0.0,0.0,0.0,0.0,0.0,0.0,0.0,0.0,0.0,0.0,111.67138163248698,0.913029401774759,108.05378723144531,5.6394294312944195,102.27219990321568,7.235307292138462,-0.004009726000030578
2024-11-21,112.4033370149943,114.47120239442746,112.08823379062976,112.96461486816406,10261000,0.0,0.0,112.25957489013672,100.80457611083985,88.95756090615565,4.947270140715261,3.454828788989999,7.518335493227524,0.004025868630149532,0.0,0.0,0.0,0.0,0.0,0.0,0.0,0.0,0.0,9319300.0,12166800.0,14226200.0,0.0,0.0,0.0,0.0,0.0,0.0,0.0,0.0,0.0,0.0,0.0,0.0,0.0,0.0,0.0,0.0,0.0,0.0,0.0,0.0,0.0,0.0,0.0,0.0,112.05869547526042,1.1984206331747056,109.98520224434989,4.372384011688827,103.60224642072406,7.375897368497384,-0.008041587157793018
2024-11-22,112.10793350637543,114.55983090368584,111.86175885769535,113.8803939819336,10098000,0.0,0.0,112.37183074951172,101.81980056762696,89.43605545288554,5.171093709103118,3.798081773012623,7.854236918873986,0.008106778523861546,0.0,0.0,0.0,0.0,0.0,0.0,0.0,0.0,0.0,10261000.0,9319300.0,12166800.0,0.0,0.0,0.0,0.0,0.0,0.0,0.0,0.0,0.0,0.0,0.0,0.0,0.0,0.0,0.0,0.0,0.0,0.0,0.0,0.0,0.0,0.0,0.0,0.0,113.11888885498047,0.6972876662238625,111.80408259800502,2.1843625437746983,104.99911226545062,7.335333027269073,-0.003017158435483225
2024-11-25,113.9099257639524,114.79615593969457,113.17140186960951,114.22502899169922,10397800,0.0,0.0,112.8563018798828,102.79465217590332,89.22639762760265,5.315016463358617,4.1014687110818215,8.132718237760281,0.003026289229560497,0.0,0.0,0.0,0.0,0.0,0.0,0.0,0.0,0.0,10098000.0,10261000.0,9319300.0,0.0,0.0,0.0,0.0,0.0,0.0,0.0,0.0,0.0,0.0,0.0,0.0,0.0,0.0,0.0,0.0,0.0,0.0,0.0,0.0,0.0,0.0,0.0,0.0,113.6900126139323,0.651417484922877,112.7718996320452,1.2232193258708335,106.36151286533901,7.134138138434072,0.004763931829589119
2024-11-26,114.22503601906972,114.6386076223087,113.67360721475109,113.6834487915039,6808100,0.0,0.0,113.45302886962891,103.74587135314941,86.0313323409571,5.324003488889559,4.345975666643369,8.24290052216973,-0.0047413443881434425,0.0,0.0,0.0,0.0,0.0,0.0,0.0,0.0,0.0,10397800.0,10098000.0,10261000.0,0.0,0.0,0.0,0.0,0.0,0.0,0.0,0.0,0.0,0.0,0.0,0.0,0.0,0.0,0.0,0.0,0.0,0.0,0.0,0.0,0.0,0.0,0.0,0.0,113.92962392171223,0.27412582610698916,112.82394736153739,1.2576504487834783,107.5262701851981,6.881079570810642,-0.018282262419762385
2024-11-27,113.68344141294975,116.39136234971484,113.68344141294975,115.80054473876953,8142400,0.0,0.0,114.11080627441406,104.85464134216309,87.20605483044362,5.439257348117167,4.564632002938128,8.301114069991275,0.018622728020403212,0.0,0.0,0.0,0.0,0.0,0.0,0.0,0.0,0.0,6808100.0,10397800.0,10098000.0,0.0,0.0,0.0,0.0,0.0,0.0,0.0,0.0,0.0,0.0,0.0,0.0,0.0,0.0,0.0,0.0,0.0,0.0,0.0,0.0,0.0,0.0,0.0,0.0,114.56967417399089,1.0998222759790581,113.39507184709821,1.5824009700799793,108.83943503243583,6.5495128876850615,0.0011066237744972174
2024-11-29,115.46575296533271,115.93840405769797,114.94386394087982,115.67253875732422,5095200,0.0,0.0,114.65239105224609,105.9018684387207,86.70913394983964,5.457358813685971,4.743177365087697,8.277444573734037,-0.0011054005120103572,0.0,0.0,0.0,0.0,0.0,0.0,0.0,0.0,0.0,8142400.0,6808100.0,10397800.0,0.0,0.0,0.0,0.0,0.0,0.0,0.0,0.0,0.0,0.0,0.0,0.0,0.0,0.0,0.0,0.0,0.0,0.0,0.0,0.0,0.0,0.0,0.0,0.0,115.05217742919922,1.1870804292704318,114.10546112060547,1.2525857494637598,110.13712746756417,5.898447229830218,0.002645915354119177
2024-12-02,115.97779498010041,116.81478725202038,114.76661996062843,115.3672866821289,8390500,0.0,0.0,114.94976959228515,106.95303459167481,84.53392751851302,5.3849981574785915,4.8715415235658766,8.064593368956373,-0.00263893296087947,0.0,0.0,0.0,0.0,0.0,0.0,0.0,0.0,0.0,5095200.0,8142400.0,6808100.0,0.0,0.0,0.0,0.0,0.0,0.0,0.0,0.0,0.0,0.0,0.0,0.0,0.0,0.0,0.0,0.0,0.0,0.0,0.0,0.0,0.0,0.0,0.0,0.0,115.61345672607422,0.222589646487546,114.51340811593192,1.1030922863389427,111.28359767368862,5.145298962059879,0.0060970940165936405
2024-12-03,115.2097314387538,115.43621541296177,113.68344566676863,114.66814422607422,9194000,0.0,0.0,115.03839263916015,107.97022819519043,81.96857624781147,5.211165787517132,4.939466376356128,7.6607656529299035,-0.006060144744333251,0.0,0.0,0.0,0.0,0.0,0.0,0.0,0.0,0.0,8390500.0,5095200.0,8142400.0,0.0,0.0,0.0,0.0,0.0,0.0,0.0,0.0,0.0,0.0,0.0,0.0,0.0,0.0,0.0,0.0,0.0,0.0,0.0,0.0,0.0,0.0,0.0,0.0,115.23598988850911,0.5149089527405131,114.75676945277623,0.8671298548120998,112.37098584856305,3.9115747809572503,-0.004615722477293582
2024-12-04,114.19548571814882,115.49528743162288,114.06747010564355,115.19987487792969,7996200,0.0,0.0,115.34167785644532,108.97265090942383,81.0352398782031,5.0580030905441475,4.9631737191937315,7.192496873587887,0.004637126164762417,0.0,0.0,0.0,0.0,0.0,0.0,0.0,0.0,0.0,9194000.0,8390500.0,5095200.0,0.0,0.0,0.0,0.0,0.0,0.0,0.0,0.0,0.0,0.0,0.0,0.0,0.0,0.0,0.0,0.0,0.0,0.0,0.0,0.0,0.0,0.0,0.0,0.0,115.07843526204427,0.36504894013586536,114.94526672363281,0.7843335828057698,113.37467466081891,2.2677393918266757,0.004205972824581794
2024-12-05,114.76661463967193,115.47559125805994,114.28410695942495,114.71737670898438,9823600,0.0,0.0,115.12504425048829,109.83967742919921,71.6042225479269,4.84187288325009,4.938913552005004,6.752826717362337,-0.004188356710079666,0.0,0.0,0.0,0.0,0.0,0.0,0.0,0.0,0.0,7996200.0,9194000.0,8390500.0,0.0,0.0,0.0,0.0,0.0,0.0,0.0,0.0,0.0,0.0,0.0,0.0,0.0,0.0,0.0,0.0,0.0,0.0,0.0,0.0,0.0,0.0,0.0,0.0,114.86179860432942,0.2938156469998272,115.0156021118164,0.7291132759684403,113.8937508719308,1.5137049045066957,-0.001970407121449358
2024-12-06,114.76661687882054,115.46575193483424,114.44166456031101,114.94386291503906,6677900,0.0,0.0,114.97930908203125,110.7160587310791,57.26871645251112,4.63542933689871,4.878216708983746,6.167668908039882,0.0019742972908911582,0.0,0.0,0.0,0.0,0.0,0.0,0.0,0.0,0.0,9823600.0,7996200.0,9194000.0,0.0,0.0,0.0,0.0,0.0,0.0,0.0,0.0,0.0,0.0,0.0,0.0,0.0,0.0,0.0,0.0,0.0,0.0,0.0,0.0,0.0,0.0,0.0,0.0,114.95370483398438,0.24139960291032764,115.19566127232143,0.4459450544858999,114.0098043169294,1.5284709282238569,0.018497527869396402
2024-12-09,114.60906255447757,115.3869753031722,112.16701438055482,112.8563003540039,8666100,0.0,0.0,114.47711181640625,111.48363151550294,54.48450049650628,4.25433120498073,4.753439608183143,5.336190997902125,-0.018161583472953047,0.0,0.0,0.0,0.0,0.0,0.0,0.0,0.0,0.0,6677900.0,9823600.0,7996200.0,0.0,0.0,0.0,0.0,0.0,0.0,0.0,0.0,0.0,0.0,0.0,0.0,0.0,0.0,0.0,0.0,0.0,0.0,0.0,0.0,0.0,0.0,0.0,0.0,114.17251332600911,1.145485242654535,114.77505493164062,0.9184733339574939,114.08506338936942,1.434486055653092,-0.0010460034887042058
2024-12-10,112.89569435600342,113.19109942412878,111.97992437077218,112.97447204589844,7526400,0.0,0.0,114.1383773803711,112.16651992797851,60.56728106875055,3.9166944422333643,4.586090574993188,4.506635439127198,0.0010470987576578494,0.0,0.0,0.0,0.0,0.0,0.0,0.0,0.0,0.0,8666100.0,6677900.0,9823600.0,0.0,0.0,0.0,0.0,0.0,0.0,0.0,0.0,0.0,0.0,0.0,0.0,0.0,0.0,0.0,0.0,0.0,0.0,0.0,0.0,0.0,0.0,0.0,0.0,113.59154510498047,1.17263111494729,114.38961683000836,1.0374844087889767,114.24753897530692,1.1147498990054237,0.0010470987576578494
2024-12-11,112.8858401082012,113.28957011597399,112.23594297789973,112.8563003540039,6426800,0.0,0.0,113.66966247558594,112.83709945678712,51.90009935214996,3.598102718878664,4.388493003770283,3.3679862958635067,-0.0010460034887042058,0.0,0.0,0.0,0.0,0.0,0.0,0.0,0.0,0.0,7526400.0,8666100.0,6677900.0,0.0,0.0,0.0,0.0,0.0,0.0,0.0,0.0,0.0,0.0,0.0,0.0,0.0,0.0,0.0,0.0,0.0,0.0,0.0,0.0,0.0,0.0,0.0,0.0,112.89569091796875,0.06822645812566518,114.03090449741909,1.0764712957824665,114.2721563066755,1.0766205086090728,-0.0025239164839818695
2024-12-12,112.94491675117249,113.25017839965855,112.4131861638039,113.14186096191406,5285100,0.0,0.0,113.35455932617188,113.43678092956543,50.995577496657404,3.3302695628200354,4.176848315580234,1.9438728343951643,0.0025303027568193137,0.0,0.0,0.0,0.0,0.0,0.0,0.0,0.0,0.0,6426800.0,7526400.0,8666100.0,0.0,0.0,0.0,0.0,0.0,0.0,0.0,0.0,0.0,0.0,0.0,0.0,0.0,0.0,0.0,0.0,0.0,0.0,0.0,0.0,0.0,0.0,0.0,0.0,112.99087778727214,0.14348545731183793,113.8128640311105,1.080453232481014,114.28481674194336,1.0609905130627073,0.013763924468495725
2024-12-13,112.57073601754013,113.20094247779052,111.56634681922031,111.60572814941406,6864500,0.0,0.0,112.68693237304687,113.64455184936523,38.05576766065393,2.959936471887289,3.933465946841645,1.4224836021302132,-0.013577050964515225,0.0,0.0,0.0,0.0,0.0,0.0,0.0,0.0,0.0,5285100.0,6426800.0,7526400.0,0.0,0.0,0.0,0.0,0.0,0.0,0.0,0.0,0.0,0.0,0.0,0.0,0.0,0.0,0.0,0.0,0.0,0.0,0.0,0.0,0.0,0.0,0.0,0.0,112.53462982177734,0.8170250625818937,113.2994144984654,1.162361954422697,114.12234061104911,1.2793775622658454,0.006511395440860435
2024-12-16,111.7639848073583,111.8332188323924,110.5078796257559,110.88372039794922,10528500,0.5,0.0,112.29241638183593,113.52278213500976,33.12367922536133,2.5784619336107255,3.6624651441954614,1.5503048266777928,-0.006469271456194803,0.0,0.0,0.0,0.9726,0.9726,1.0,1.0,1.0,0.0,6864500.0,5285100.0,6426800.0,0.0,0.0,0.0,0.0,0.0,0.0,0.0,0.0,0.0,0.0,0.0,0.0,0.0,0.0,0.0,0.0,0.0,0.0,0.0,0.0,0.0,0.0,0.0,0.0,111.87710316975911,1.1532705679528492,112.75174931117466,1.2800984945017664,113.88367571149554,1.5432022951805497,-0.008051613868432228
2024-12-17,109.81552922358578,112.79260732129272,109.58804923784723,111.78376007080078,12238600,0.0,0.0,112.05427398681641,113.52183647155762,40.74032478553652,2.3219997258595697,3.394372060528283,1.5514146624731968,0.00811696856510058,0.0,0.0,0.0,0.0,0.0,0.0,0.0,0.0,0.0,10528500.0,6864500.0,5285100.0,0.0,0.0,0.0,0.0,0.0,0.0,0.0,0.0,0.0,0.9726,0.0,0.0,0.9726,0.0,0.0,1.0,0.0,0.0,1.0,0.0,0.0,1.0,0.0,0.0,111.42440287272136,0.47663087935257636,112.30030604771206,0.8695733542094451,113.74798366001674,1.6424872187518094,0.014997757222350083
2024-12-18,112.1002574834445,114.84985554493436,110.02322927389694,110.13202667236328,12292800,0.0,0.0,111.50941925048828,113.4934471130371,21.0568264509685,1.9628440529500182,3.1080664590126306,1.6098666386021472,-0.01477614813986694,0.0,0.0,0.0,0.0,0.0,0.0,0.0,0.0,0.0,12238600.0,10528500.0,6864500.0,0.0,0.0,0.0,0.0,0.0,0.0,0.0,0.0,0.0,0.0,0.9726,0.0,0.0,0.9726,0.0,0.0,1.0,0.0,0.0,1.0,0.0,0.0,1.0,0.0,110.93316904703777,0.8269762279237208,111.91112409319196,1.1452084624623375,113.3430895124163,1.7896695782874186,-0.00017966702588523287
2024-12-19,110.43864615434012,111.67497342610584,110.03312718714842,110.15181732177734,9468500,0.0,0.0,110.91141052246094,113.37545509338379,21.496480842770012,1.6606644287952292,2.81858605296915,1.7646511239065936,0.00017969931192629574,0.0,0.0,0.0,0.0,0.0,0.0,0.0,0.0,0.0,12292800.0,12238600.0,10528500.0,0.0,0.0,0.0,0.0,0.0,0.0,0.0,0.0,0.0,0.0,0.0,0.9726,0.0,0.0,0.9726,0.0,0.0,1.0,0.0,0.0,1.0,0.0,0.0,1.0,110.68920135498047,0.9479673012476102,111.5078877040318,1.2038319984942754,112.94875226702008,1.8443006162326696,-0.005891191023796871
2024-12-20,109.40012242269523,111.73430879160782,109.22209100316995,110.8045883178711,17955300,0.0,0.0,110.75118255615234,113.26745376586913,27.258823565200984,1.4570619602279038,2.546281234420901,1.854910392854437,0.00592610282758077,0.0,0.0,0.0,0.0,0.0,0.0,0.0,0.0,0.0,9468500.0,12292800.0,12238600.0,0.0,0.0,0.0,0.0,0.0,0.0,0.0,0.0,0.0,0.0,0.0,0.0,0.0,0.0,0.0,0.0,0.0,0.0,0.0,0.0,0.0,0.0,0.0,0.0,110.36281077067058,0.38271852366837233,111.21478598458427,1.0622556118907307,112.62284524100167,1.786270217923449,0.00565521751305309
2024-12-23,110.38919011338137,110.62656283684323,109.10340673157249,110.18148803710938,6037200,0.0,0.0,110.61073608398438,113.08250846862794,27.467026739549752,1.2312336566431554,2.283271718865352,1.9713280623137168,-0.005623415873124316,0.0,0.0,0.0,0.0,0.0,0.0,0.0,0.0,0.0,17955300.0,9468500.0,12292800.0,0.0,0.0,0.0,0.0,0.0,0.0,0.0,0.0,0.0,0.0,0.0,0.0,0.0,0.0,0.0,0.0,0.0,0.0,0.0,0.0,0.0,0.0,0.0,0.0,110.37929789225261,0.36861097030487994,110.79187556675502,0.6919099218113731,112.30236979893276,1.7935570742524887,-0.0103055169558679
2024-12-24,110.03312027263563,111.50682017510864,109.9737789820216,111.32878875732422,2475000,0.0,0.0,110.51974182128906,112.93769645690918,31.69063333345362,1.1317940613543556,2.052976187363153,1.989278122989133,0.01041282651608788,0.0,0.0,0.0,0.0,0.0,0.0,0.0,0.0,0.0,6037200.0,17955300.0,9468500.0,0.0,0.0,0.0,0.0,0.0,0.0,0.0,0.0,0.0,0.0,0.0,0.0,0.0,0.0,0.0,0.0,0.0,0.0,0.0,0.0,0.0,0.0,0.0,0.0,110.77162170410156,0.5743603693404564,110.75231279645648,0.6438684257098766,112.02586364746094,1.6005036697230275,8.875460632973287e-05
2024-12-26,110.89361181525133,112.0804829577595,110.63645363419558,111.31890869140625,4781400,0.0,0.0,110.75711822509766,112.8194694519043,33.173750319191214,1.0401994550992697,1.8504208409103766,2.0127501002150683,-8.874672964875874e-05,0.0,0.0,0.0,0.0,0.0,0.0,0.0,0.0,0.0,2475000.0,6037200.0,17955300.0,0.0,0.0,0.0,0.0,0.0,0.0,0.0,0.0,0.0,0.0,0.0,0.0,0.0,0.0,0.0,0.0,0.0,0.0,0.0,0.0,0.0,0.0,0.0,0.0,110.94306182861328,0.6595607506930813,110.81448255266461,0.6787373937554486,111.78311593191964,1.4068931499609998,0.00896456811123092
2024-12-27,110.59689261484246,110.89361417976767,109.64739417140181,110.32984924316406,4523800,0.0,0.0,110.792724609375,112.54593467712402,28.759351226810708,0.8776838451524611,1.6558734417587937,1.957268098919693,-0.008884918652805163,0.0,0.0,0.0,0.0,0.0,0.0,0.0,0.0,0.0,4781400.0,2475000.0,6037200.0,0.0,0.0,0.0,0.0,0.0,0.0,0.0,0.0,0.0,0.0,0.0,0.0,0.0,0.0,0.0,0.0,0.0,0.0,0.0,0.0,0.0,0.0,0.0,0.0,110.99251556396484,0.5739071296545526,110.60678100585938,0.541217409763713,111.45354352678571,1.120869832368655,0.006768971572881366
2024-12-30,109.22209525846377,110.3199544639852,108.6286596855734,109.58805084228516,5716300,0.0,0.0,110.5494171142578,112.24171028137206,32.82673919074291,0.6811799040111737,1.4609347342092698,1.9181877941183474,-0.006723460658810465,0.0,0.0,0.0,0.0,0.0,0.0,0.0,0.0,0.0,4523800.0,4781400.0,2475000.0,0.0,0.0,0.0,0.0,0.0,0.0,0.0,0.0,0.0,0.0,0.0,0.0,0.0,0.0,0.0,0.0,0.0,0.0,0.0,0.0,0.0,0.0,0.0,0.0,110.41226959228516,0.8683674676816927,110.52907017299107,0.6490562844077504,111.22009713309151,1.1462955227735918,-0.004939306453484393
2024-12-31,109.56826176482977,110.3693993844978,109.45946436636343,110.13202667236328,4757500,0.0,0.0,110.53952484130859,111.97994728088379,35.703886866677564,0.5628551741316556,1.281318822193747,1.824115987500535,0.004963824302897768,0.0,0.0,0.0,0.0,0.0,0.0,0.0,0.0,0.0,5716300.0,4523800.0,4781400.0,0.0,0.0,0.0,0.0,0.0,0.0,0.0,0.0,0.0,0.0,0.0,0.0,0.0,0.0,0.0,0.0,0.0,0.0,0.0,0.0,0.0,0.0,0.0,0.0,110.01664225260417,0.38412418581618185,110.5262429373605,0.6510135990371577,111.01706532069615,1.0601478013393801,0.004782509219179554
2025-01-02,110.47819788336757,110.97272877370663,108.96493456628087,109.60782623291016,5688100,0.0,0.0,110.19533233642578,111.72693138122558,34.30287086137639,0.42191975043341756,1.1094390078416811,1.7820862717872072,-0.004759745691528927,0.0,0.0,0.0,0.0,0.0,0.0,0.0,0.0,0.0,4757500.0,5716300.0,4523800.0,0.0,0.0,0.0,0.0,0.0,0.0,0.0,0.0,0.0,0.0,0.0,0.0,0.0,0.0,0.0,0.0,0.0,0.0,0.0,0.0,0.0,0.0,0.0,0.0,109.77596791585286,0.30851441633148974,110.35527692522321,0.7192959159028361,110.78503145490374,0.979021763703121,-0.0030587217252305843
2025-01-03,110.15181676014308,110.31995545721965,108.97483078872155,109.9441146850586,5393100,0.0,0.0,109.92037353515624,111.46414337158203,34.62337946301152,0.33351848587902566,0.9542549034491501,1.6234587217344751,0.0030681062083455224,0.0,0.0,0.0,0.0,0.0,0.0,0.0,0.0,0.0,5688100.0,4757500.0,5716300.0,0.0,0.0,0.0,0.0,0.0,0.0,0.0,0.0,0.0,0.0,0.0,0.0,0.0,0.0,0.0,0.0,0.0,0.0,0.0,0.0,0.0,0.0,0.0,0.0,109.89465586344402,0.26557702546963474,110.32136644635882,0.7342935441491462,110.55662100655692,0.7276085172755583,0.0009905298813899233
2025-01-06,110.2507236776725,111.61562629000218,109.65728808735275,109.83531951904297,6274400,0.0,0.0,109.82146759033203,111.22004051208496,40.13231695856399,0.2517786387439429,0.8137596505081087,1.4681632290769424,-0.0009895497028401534,0.0,0.0,0.0,0.0,0.0,0.0,0.0,0.0,0.0,5393100.0,5688100.0,4757500.0,0.0,0.0,0.0,0.0,0.0,0.0,0.0,0.0,0.0,0.0,0.0,0.0,0.0,0.0,0.0,0.0,0.0,0.0,0.0,0.0,0.0,0.0,0.0,0.0,109.7957534790039,0.17160007111110898,110.10801369803292,0.5969126388160002,110.43016324724469,0.6837763994390896,-0.0030522676951507677
2025-01-07,110.92328178926861,112.49588642085259,110.07268804211688,110.17159271240234,7878800,0.0,0.0,109.93817596435547,110.98142700195312,45.852491970701735,0.211693387738066,0.6933463979541002,1.1931432047245194,0.0030616125562512586,0.0,0.0,0.0,0.0,0.0,0.0,0.0,0.0,0.0,6274400.0,5393100.0,5688100.0,0.0,0.0,0.0,0.0,0.0,0.0,0.0,0.0,0.0,0.0,0.0,0.0,0.0,0.0,0.0,0.0,0.0,0.0,0.0,0.0,0.0,0.0,0.0,0.0,109.98367563883464,0.1715917158278335,109.94411141531808,0.28506025339901225,110.37929698399135,0.6738564955537302,0.014850551696836023
2025-01-08,109.78585987396625,109.89465727571495,107.45167342071821,108.5594253540039,7805300,0.0,0.0,109.6236557006836,110.76658325195312,32.65952400881672,0.04926916092119882,0.56453095054752,1.224229265395858,-0.014633240009581439,0.0,0.0,0.0,0.0,0.0,0.0,0.0,0.0,0.0,7878800.0,6274400.0,5393100.0,0.0,0.0,0.0,0.0,0.0,0.0,0.0,0.0,0.0,0.0,0.0,0.0,0.0,0.0,0.0,0.0,0.0,0.0,0.0,0.0,0.0,0.0,0.0,0.0,109.52211252848308,0.8504968324885177,109.69119371686664,0.5489909485659727,110.148987361363,0.7071010357232427,0.010216253184281321
2025-01-10,108.79680271846594,109.33089701914247,106.44283824891498,107.4615707397461,8835500,0.0,0.0,109.19440460205078,110.49093818664551,34.72848072768143,-0.1661259052256412,0.4183995793928878,1.3179876872204128,-0.010112936860874111,0.0,0.0,0.0,0.0,0.0,0.0,0.0,0.0,0.0,7805300.0,7878800.0,6274400.0,0.0,0.0,0.0,0.0,0.0,0.0,0.0,0.0,0.0,0.0,0.0,0.0,0.0,0.0,0.0,0.0,0.0,0.0,0.0,0.0,0.0,0.0,0.0,0.0,108.73086293538411,1.3631206499433566,109.38741084507534,1.010192911017081,109.9582405090332,1.0081374197046067,0.005273882690046916
2025-01-13,106.7494434767557,107.42200582213037,105.55267956950455,106.8978042602539,6690200,0.0,0.0,108.58514251708985,110.19301338195801,32.48125353241939,-0.37796237529761356,0.25912718845478755,1.4243230852968372,-0.005246214768789614,0.0,0.0,0.0,0.0,0.0,0.0,0.0,0.0,0.0,8835500.0,7805300.0,7878800.0,0.0,0.0,0.0,0.0,0.0,0.0,0.0,0.0,0.0,0.0,0.0,0.0,0.0,0.0,0.0,0.0,0.0,0.0,0.0,0.0,0.0,0.0,0.0,0.0,107.6396001180013,0.844995271844843,108.92537907191685,1.30845411369665,109.72581100463867,1.2945121786378333,-0.00036992132269308975
2025-01-14,107.49123485455458,107.76817094638265,106.43293904881585,106.93736267089844,5501600,0.0,0.0,108.00555114746093,109.88278846740722,27.707993783209204,-0.5364681994302458,0.10000811087778089,1.423930777540751,0.00037005821511759684,0.0,0.0,0.0,0.0,0.0,0.0,0.0,0.0,0.0,6690200.0,8835500.0,7805300.0,0.0,0.0,0.0,0.0,0.0,0.0,0.0,0.0,0.0,0.0,0.0,0.0,0.0,0.0,0.0,0.0,0.0,0.0,0.0,0.0,0.0,0.0,0.0,0.0,107.09891255696614,0.3146933985899112,108.54388427734375,1.457167351465637,109.44958060128349,1.4498896898732363,-0.0005546811588735823
2025-01-15,107.97588085413315,108.40117775344288,106.8087875638839,106.99671173095703,6296900,0.0,0.0,107.37057495117188,109.65233764648437,30.36577553387538,-0.6498056785103472,-0.049954646999844726,1.5012760272320649,0.0005549890008158531,0.0,0.0,0.0,0.0,0.0,0.0,0.0,0.0,0.0,5501600.0,6690200.0,8835500.0,0.0,0.0,0.0,0.0,0.0,0.0,0.0,0.0,0.0,0.0,0.0,0.0,0.0,0.0,0.0,0.0,0.0,0.0,0.0,0.0,0.0,0.0,0.0,0.0,106.94395955403645,0.04978263844475916,108.1228267124721,1.4102063397554436,109.22209657941546,1.571004895060119,0.016156309969463045
2025-01-16,107.1055096100533,107.41211637162269,104.99881056705206,105.29552459716797,7872800,0.0,0.0,106.7177947998047,109.37292785644532,15.182612616103157,-0.8669048915561461,-0.213344695911105,1.7580923324592168,-0.01589943378883174,0.0,0.0,0.0,0.0,0.0,0.0,0.0,0.0,0.0,6296900.0,5501600.0,6690200.0,0.0,0.0,0.0,0.0,0.0,0.0,0.0,0.0,0.0,0.0,0.0,0.0,0.0,0.0,0.0,0.0,0.0,0.0,0.0,0.0,0.0,0.0,0.0,0.0,106.40986633300781,0.9655043790207911,107.47428458077567,1.5301878363275199,108.7911491394043,1.7642721052673795,-0.005232562372012306
2025-01-17,105.66147151604837,106.56151380980845,105.37464269502037,105.8493881225586,7144300,0.0,0.0,106.39535827636719,109.0762092590332,20.30061420348669,-0.9829347642354378,-0.3672627095759716,1.82913937354335,0.005260086100616013,0.0,0.0,0.0,0.0,0.0,0.0,0.0,0.0,0.0,7872800.0,6296900.0,5501600.0,0.0,0.0,0.0,0.0,0.0,0.0,0.0,0.0,0.0,0.0,0.0,0.0,0.0,0.0,0.0,0.0,0.0,0.0,0.0,0.0,0.0,0.0,0.0,0.0,106.04720815022786,0.8676744715344636,106.85682678222656,1.060258403938405,108.40046909877232,1.7670506894463018,-0.015455427470556393
2025-01-21,105.92851944244893,108.25281321091066,105.63180542393161,107.51101684570312,8643700,0.0,0.0,106.51800079345703,108.94515876770019,35.735674288308715,-0.9300882448104346,-0.4798278166228643,1.8433501875370761,0.015698047505202428,0.0,0.0,0.0,0.0,0.0,0.0,0.0,0.0,0.0,7144300.0,7872800.0,6296900.0,0.0,0.0,0.0,0.0,0.0,0.0,0.0,0.0,0.0,0.0,0.0,0.0,0.0,0.0,0.0,0.0,0.0,0.0,0.0,0.0,0.0,0.0,0.0,0.0,106.21864318847656,1.1529802485772884,106.7070541381836,0.8283504820766889,108.19912392752511,1.6891769749491612,-0.0010109921738671312
2025-01-22,108.35173085786397,108.35173085786397,107.04616949153079,107.61981964111328,8781700,0.0,0.0,106.6544921875,108.818558883667,39.35827924060074,-0.8694055550879227,-0.557743364315876,1.843063906216409,0.0010120153134287602,0.0,0.0,0.0,0.0,0.0,0.0,0.0,0.0,0.0,8643700.0,7144300.0,7872800.0,0.0,0.0,0.0,0.0,0.0,0.0,0.0,0.0,0.0,0.0,0.0,0.0,0.0,0.0,0.0,0.0,0.0,0.0,0.0,0.0,0.0,0.0,0.0,0.0,106.993408203125,0.9922428990053714,106.7296611240932,0.8541326163192037,108.05853598458427,1.6460421293558405,-0.020082822983864324
2025-01-23,107.31320629356335,109.85509484125981,107.30331356260781,109.82542419433594,7608300,0.0,0.0,107.22023468017578,108.76960067749023,48.594770716178445,-0.6360087192352637,-0.5733964352997536,1.8000341138115061,0.020494408563197952,0.0,0.0,0.0,0.0,0.0,0.0,0.0,0.0,0.0,8781700.0,8643700.0,7144300.0,0.0,0.0,0.0,0.0,0.0,0.0,0.0,0.0,0.0,0.0,0.0,0.0,0.0,0.0,0.0,0.0,0.0,0.0,0.0,0.0,0.0,0.0,0.0,0.0,108.31875356038411,1.3059486251310979,107.14789254324776,1.4553527287583257,108.03663580758231,1.6181358375969213,-0.009985809031684112
2025-01-24,109.94411990338145,112.14972362392321,109.41991077935286,110.93318176269531,8304500,0.0,0.0,108.34776611328125,108.80718536376953,55.765976698041754,-0.357531862681185,-0.53022352077604,1.838502514633625,0.010086531206100258,0.0,0.0,0.0,0.0,0.0,0.0,0.0,0.0,0.0,7608300.0,8781700.0,8643700.0,0.0,0.0,0.0,0.0,0.0,0.0,0.0,0.0,0.0,0.0,0.0,0.0,0.0,0.0,0.0,0.0,0.0,0.0,0.0,0.0,0.0,0.0,0.0,0.0,109.45947519938152,1.686722009509779,107.71872384207589,2.0294277697702143,108.13130405970982,1.7504855739938554,-0.010411002909167855
2025-01-27,110.4584192521396,112.83216901957242,110.24082445444975,112.10025787353516,10176900,0.0,0.0,109.59794006347656,108.84575881958008,58.74796476174557,-0.04217746351704932,-0.4326143093242419,1.9012159970355458,0.010520532200513522,0.0,0.0,0.0,0.0,0.0,0.0,0.0,0.0,0.0,8304500.0,7608300.0,8781700.0,0.0,0.0,0.0,0.0,0.0,0.0,0.0,0.0,0.0,0.0,0.0,0.0,0.0,0.0,0.0,0.0,0.0,0.0,0.0,0.0,0.0,0.0,0.0,0.0,110.9529546101888,1.137545731444766,108.4478018624442,2.5712227343565073,108.28531428745815,1.9994006908085131,0.010700842777782382
2025-01-28,111.6156240950433,111.72442149815572,110.33973345067807,110.91339111328125,6516800,0.0,0.0,110.27841491699219,108.82548294067382,54.02212803748161,0.11069689641769287,-0.3239520681758549,1.875440072825394,-0.010587547100853745,0.0,0.0,0.0,0.0,0.0,0.0,0.0,0.0,0.0,10176900.0,8304500.0,7608300.0,0.0,0.0,0.0,0.0,0.0,0.0,0.0,0.0,0.0,0.0,0.0,0.0,0.0,0.0,0.0,0.0,0.0,0.0,0.0,0.0,0.0,0.0,0.0,0.0,111.31561024983723,0.6795968197998679,109.25035422188895,2.28403022700165,108.36231940133231,2.082714485212486,-0.009276490192255404
2025-01-29,112.25851868153497,113.12889038296687,111.52661503383217,111.95191192626953,7607100,0.0,0.0,111.14483337402343,108.90658607482911,56.31139648606543,0.31205371738650456,-0.19675091106338305,1.976281992063514,0.00936334920936277,0.0,0.0,0.0,0.0,0.0,0.0,0.0,0.0,0.0,6516800.0,10176900.0,8304500.0,0.0,0.0,0.0,0.0,0.0,0.0,0.0,0.0,0.0,0.0,0.0,0.0,0.0,0.0,0.0,0.0,0.0,0.0,0.0,0.0,0.0,0.0,0.0,0.0,111.65518697102864,0.6466818777002168,110.1221433367048,1.9023009866766822,108.48948505946568,2.2493657955127566,-0.0021158290781682076
2025-01-30,112.84206217153721,113.9201435054987,111.88267852135047,112.18928527832031,6236200,0.0,0.0,111.61760559082032,109.03664779663086,64.25799383017579,0.48519150870930616,-0.06036242710884521,2.1049005293749232,0.0021203153029409894,0.0,0.0,0.0,0.0,0.0,0.0,0.0,0.0,0.0,7607100.0,6516800.0,10176900.0,0.0,0.0,0.0,0.0,0.0,0.0,0.0,0.0,0.0,0.0,0.0,0.0,0.0,0.0,0.0,0.0,0.0,0.0,0.0,0.0,0.0,0.0,0.0,0.0,111.6848627726237,0.6785741801323886,110.79046739850726,1.6350835430823465,108.74876076834542,2.4576082772283754,0.003272655001495206
2025-01-31,112.06070637892775,112.76293936031657,111.52661209464412,111.82332611083984,7793400,0.0,0.0,111.79563446044922,109.12121276855468,68.17804887975417,0.5861182035511234,0.06893369902314853,2.1837222566387156,-0.0032619796674218104,0.0,0.0,0.0,0.0,0.0,0.0,0.0,0.0,0.0,6236200.0,7607100.0,6516800.0,0.0,0.0,0.0,0.0,0.0,0.0,0.0,0.0,0.0,0.0,0.0,0.0,0.0,0.0,0.0,0.0,0.0,0.0,0.0,0.0,0.0,0.0,0.0,0.0,111.98817443847656,0.18565493639913097,111.3909683227539,0.8689619818283414,109.06031472342355,2.556365682197322,-0.00824561345340924
2025-02-03,110.13202887413902,113.34647969358954,109.64739070960889,112.75304412841797,8870700,0.0,0.0,111.92619171142579,109.27847366333008,73.67998825038043,0.732677955002643,0.2016825502190474,2.3290273729033695,0.008314168876148331,0.0,0.0,0.0,0.0,0.0,0.0,0.0,0.0,0.0,7793400.0,6236200.0,7607100.0,0.0,0.0,0.0,0.0,0.0,0.0,0.0,0.0,0.0,0.0,0.0,0.0,0.0,0.0,0.0,0.0,0.0,0.0,0.0,0.0,0.0,0.0,0.0,0.0,112.25521850585938,0.46835274198255755,111.80919974190849,0.6721196567270168,109.47854614257812,2.6525173122054615,0.006178231907484344
2025-02-04,112.55523800170222,113.40583176957502,111.27934734989304,112.06070709228516,13521100,0.0,0.0,112.15565490722656,109.38430328369141,69.6808806832669,0.783925199496764,0.31813108007459073,2.4076276627178657,-0.006140295736444035,0.0,0.0,0.0,0.0,0.0,0.0,0.0,0.0,0.0,8870700.0,7793400.0,6236200.0,0.0,0.0,0.0,0.0,0.0,0.0,0.0,0.0,0.0,0.0,0.0,0.0,0.0,0.0,0.0,0.0,0.0,0.0,0.0,0.0,0.0,0.0,0.0,0.0,112.21235911051433,0.48305553410247454,111.97027478899274,0.5514679273825067,109.84449931553432,2.628264457722308,0.024968355333578662
2025-02-05,114.43444953667974,117.29283759233114,109.0242877207673,109.33089447021484,23310000,0.0,0.0,111.63145141601562,109.35908203125,57.44009665078193,0.5973797237700609,0.3739808088136848,2.40529528670558,-0.024360123123462363,0.0,0.0,0.0,0.0,0.0,0.0,0.0,0.0,0.0,13521100.0,8870700.0,7793400.0,0.0,0.0,0.0,0.0,0.0,0.0,0.0,0.0,0.0,0.0,0.0,0.0,0.0,0.0,0.0,0.0,0.0,0.0,0.0,0.0,0.0,0.0,0.0,0.0,111.38154856363933,1.8093422288387484,111.57465144566127,1.1312610445835178,110.01122665405273,2.50485354263972,-0.013828079897560852
2025-02-06,110.65622768315143,111.44748011446863,107.95609328722067,110.86392974853516,12470800,0.0,0.0,111.36638031005859,109.39369888305664,67.94134970024906,0.5667115273969756,0.41252695253034294,2.4225246663821087,0.014021976914658563,0.0,0.0,0.0,0.4404,0.44039999999999996,1.0,118.0,1.0,0.0,23310000.0,13521100.0,8870700.0,0.0,0.0,0.0,0.0,0.0,0.0,0.0,0.0,0.0,0.0,0.0,0.0,0.0,0.0,0.0,0.0,0.0,0.0,0.0,0.0,0.0,0.0,0.0,0.0,110.75184377034505,1.3683536413455686,111.56758553641183,1.1362232703144945,110.40896987915039,2.1093244956884143,0.011094996883806996
2025-02-07,110.38918862647579,111.31890913759743,109.59793616433703,109.64739227294922,8669300,0.0,0.0,110.93119354248047,109.4480972290039,61.73597751876579,0.43917976264314973,0.4178575145529043,2.4150084868470962,-0.01097324872341554,0.0,0.0,0.0,0.0,0.0,0.0,0.0,0.0,0.0,12470800.0,23310000.0,13521100.0,0.0,0.0,0.0,0.0,0.0,0.0,0.0,0.0,0.0,0.4404,0.0,0.0,0.44039999999999996,0.0,0.0,1.0,0.0,0.0,118.0,0.0,0.0,1.0,0.0,0.0,109.94740549723308,0.8093548308390489,111.23836844308036,1.3245608110703437,110.68025588989258,1.6779134713621902,0.014458234437728867
2025-02-10,109.92433430971332,110.16170704280222,107.50113577565399,108.08467864990234,8239500,0.0,0.0,109.99752044677734,109.47925262451172,51.783539658857215,0.2095958999559997,0.3762051916335234,2.3919411121432206,-0.01425217317669314,0.0,0.0,0.0,0.0,0.0,0.0,0.0,0.0,0.0,8669300.0,12470800.0,23310000.0,0.0,0.0,0.0,0.0,0.0,0.0,0.0,0.0,0.0,0.0,0.4404,0.0,0.0,0.44039999999999996,0.0,0.0,1.0,0.0,0.0,118.0,0.0,0.0,1.0,0.0,109.53200022379558,1.393214147598561,110.65199606759208,1.691225226388763,110.72123173304966,1.599748918745334,0.0023849571447815965
2025-02-11,107.19451569698599,107.85719284117596,106.51206818285583,107.8275146484375,7456700,0.0,0.0,109.15088195800782,109.5257381439209,50.63983028738422,0.0068194387599760375,0.30232804105881395,2.3477582589763295,-0.002379282657608006,0.0,0.0,0.0,0.8357,0.8357,1.0,1.0,1.0,0.0,8239500.0,8669300.0,12470800.0,0.0,0.0,0.0,0.0,0.0,0.0,0.0,0.0,0.0,0.0,0.0,0.4404,0.0,0.0,0.44039999999999996,0.0,0.0,1.0,0.0,0.0,118.0,0.0,0.0,1.0,108.51986185709636,0.984899466908838,110.08116585867745,1.8923621888753541,110.73606709071568,1.5694515507359477,-0.0019226161307811518
2025-02-12,107.0659410197461,108.33193893022691,106.57141011434312,108.03522491455078,6521200,0.0,0.0,108.891748046875,109.58063125610352,43.71091180722737,-0.13555924252997897,0.21475058434105537,2.29632526844546,0.0019263197041172742,0.0,0.0,0.0,0.0,0.0,0.0,0.0,0.0,0.0,7456700.0,8239500.0,8669300.0,0.0,0.0,0.0,0.0,0.0,0.0,0.0,0.0,0.0,0.8357,0.0,0.0,0.8357,0.0,0.0,1.0,0.0,0.0,1.0,0.0,0.0,1.0,0.0,0.0,107.9824727376302,0.13645667825252,109.40719168526786,1.5996593635777276,110.60819571358817,1.7154877965170021,-0.0032849156285796877
2025-02-13,107.72861152019068,108.5594273720852,107.3725486616563,108.39128112792969,6553200,0.0,0.0,108.3972183227539,109.65035972595214,40.57220116289731,-0.217161312074154,0.1283682050580135,2.234063532248458,0.003295741862531676,0.0,0.0,0.0,0.0,0.0,0.0,0.0,0.0,0.0,6521200.0,7456700.0,8239500.0,0.0,0.0,0.0,0.0,0.0,0.0,0.0,0.0,0.0,0.0,0.8357,0.0,0.0,0.8357,0.0,0.0,1.0,0.0,0.0,1.0,0.0,0.0,1.0,0.0,108.08467356363933,0.28511758543139404,108.88298797607422,1.1121198991863879,110.42663138253349,1.8103389992701122,-0.007157144876783428
2025-02-14,108.65833672102133,109.30122844026161,108.39128579265632,109.17264556884766,5964500,0.0,0.0,108.3022689819336,109.84421577453614,38.821785004748286,-0.21628871814438355,0.05943682041753409,1.9913203226672023,0.007208738865220665,0.0,0.0,0.0,0.0,0.0,0.0,0.0,0.0,0.0,6553200.0,6521200.0,7456700.0,0.0,0.0,0.0,0.0,0.0,0.0,0.0,0.0,0.0,0.0,0.0,0.8357,0.0,0.0,0.8357,0.0,0.0,1.0,0.0,0.0,1.0,0.0,0.0,1.0,108.53305053710938,0.5818121348335847,108.86038099016461,1.1030690356057054,110.21751621791294,1.7707995034864692,0.007484524760769995
2025-02-18,108.57920522000332,108.71767327090824,107.52090937611987,108.36161041259766,8362900,0.0,0.0,108.35765533447265,109.96982688903809,39.96889300236512,-0.27783819441712865,-0.008018182549398456,1.7956919729173617,-0.007428922804096905,0.0,0.0,0.0,0.0,0.0,0.0,0.0,0.0,0.0,5964500.0,6553200.0,6521200.0,0.0,0.0,0.0,0.0,0.0,0.0,0.0,0.0,0.0,0.0,0.0,0.0,0.0,0.0,0.0,0.0,0.0,0.0,0.0,0.0,0.0,0.0,0.0,0.0,108.641845703125,0.4599254949722111,108.5029067993164,0.6634025507303296,110.03524616786412,1.8241864941834454,-0.016075398894024873
2025-02-19,107.9462010643494,110.53754562045461,107.9462010643494,110.13202667236328,8452100,0.0,0.0,108.81855773925781,110.10087738037109,43.23524740794518,-0.18166468422880655,-0.042747482885280075,1.6998879357077588,0.016338039394436787,0.0,0.0,0.0,0.0,0.0,0.0,0.0,0.0,0.0,8362900.0,5964500.0,6553200.0,0.0,0.0,0.0,0.0,0.0,0.0,0.0,0.0,0.0,0.0,0.0,0.0,0.0,0.0,0.0,0.0,0.0,0.0,0.0,0.0,0.0,0.0,0.0,0.0,109.2220942179362,0.8862433694437982,108.57214028494698,0.8115057299617843,109.90525436401367,1.7399982630837763,0.007236429139806377
2025-02-20,110.02323733555593,110.30017344432837,108.18358170334704,109.34078979492188,5970100,0.0,0.0,109.07967071533203,110.18692588806152,39.83050385797929,-0.16736342647853064,-0.0676706716039302,1.6088040606193215,-0.007184439452796898,0.0,0.0,0.0,0.0,0.0,0.0,0.0,0.0,0.0,8452100.0,8362900.0,5964500.0,0.0,0.0,0.0,0.0,0.0,0.0,0.0,0.0,0.0,0.0,0.0,0.0,0.0,0.0,0.0,0.0,0.0,0.0,0.0,0.0,0.0,0.0,0.0,0.0,109.27814229329427,0.8868691928947137,108.7515847342355,0.8245251511674094,109.70179040091378,1.614381955431062,0.017393747019752714
2025-02-21,109.7858594169306,110.53754849517173,106.73954727253367,107.4714584350586,9082100,0.0,0.0,108.89570617675781,110.06922760009766,35.96938298619686,-0.303371912201996,-0.11481091972354336,1.7189773869153167,-0.01709637696388855,0.0,0.0,0.0,0.0,0.0,0.0,0.0,0.0,0.0,5970100.0,8452100.0,8362900.0,0.0,0.0,0.0,0.0,0.0,0.0,0.0,0.0,0.0,0.0,0.0,0.0,0.0,0.0,0.0,0.0,0.0,0.0,0.0,0.0,0.0,0.0,0.0,0.0,108.98142496744792,1.3662039180728665,108.70071956089565,0.8986802645000467,109.39094270978656,1.5932955002518825,-0.022841637624994138
2025-02-24,107.64947909263448,110.33972830608549,107.4615624881551,109.9836654663086,7093300,0.0,0.0,109.05791015625,110.02175178527833,41.89811735485098,-0.20607005764399844,-0.1330627473076344,1.7069302532788189,0.02337557401594248,0.0,0.0,0.0,0.0,0.0,0.0,0.0,0.0,0.0,9082100.0,5970100.0,8452100.0,0.0,0.0,0.0,0.0,0.0,0.0,0.0,0.0,0.0,0.0,0.0,0.0,0.0,0.0,0.0,0.0,0.0,0.0,0.0,0.0,0.0,0.0,0.0,0.0,108.93197123209636,1.3050461696616316,108.97906821114677,0.9579908299001753,109.19312994820731,1.2860629557662473,0.006061586066168356
2025-02-25,110.21116396294765,110.67602424703482,107.87697735693692,109.32100677490234,7289000,0.0,0.0,109.24978942871094,109.88278923034667,41.970999742426635,-0.18034969617775687,-0.1425201370816589,1.6406553741656573,-0.006025064618429554,0.0,0.0,0.0,0.0,0.0,0.0,0.0,0.0,0.0,7093300.0,9082100.0,5970100.0,0.0,0.0,0.0,0.0,0.0,0.0,0.0,0.0,0.0,0.0,0.0,0.0,0.0,0.0,0.0,0.0,0.0,0.0,0.0,0.0,0.0,0.0,0.0,0.0,108.92537689208984,1.3019939689169564,109.11188616071429,0.926860530063005,108.99743706839425,0.9906744789113372,-0.01162473240125228
2025-02-26,108.85613742419079,112.01124692671783,108.85613742419079,110.60678100585938,7831600,0.0,0.0,109.34474029541016,109.86745872497559,54.08486538481268,-0.05557426411301947,-0.125130962487931,1.6319277338359757,0.011761456182017405,0.0,0.0,0.0,0.0,0.0,0.0,0.0,0.0,0.0,7289000.0,7093300.0,9082100.0,0.0,0.0,0.0,0.0,0.0,0.0,0.0,0.0,0.0,0.0,0.0,0.0,0.0,0.0,0.0,0.0,0.0,0.0,0.0,0.0,0.0,0.0,0.0,0.0,109.97048441569011,0.6429884511558579,109.31676265171596,1.0871691764655316,109.08857182094029,1.0785026467527308,0.004671573698231457
2025-02-27,111.09143050679722,111.88268303235856,109.84521042011828,110.09247589111328,7854700,0.0,0.0,109.49507751464844,109.77448692321778,47.357765216446055,0.0017904015888774438,-0.09974668967256933,1.558227516983847,-0.004649851573917951,0.0,0.0,0.0,0.0,0.0,0.0,0.0,0.0,0.0,7831600.0,7289000.0,7093300.0,0.0,0.0,0.0,0.0,0.0,0.0,0.0,0.0,0.0,0.0,0.0,0.0,0.0,0.0,0.0,0.0,0.0,0.0,0.0,0.0,0.0,0.0,0.0,0.0,110.00675455729167,0.6471591408242419,109.56402914864677,1.0290004126896537,109.03346797398159,0.9974814825127485,-0.0218804650494413
2025-02-28,110.24082826081666,112.7431534287647,109.78586073445726,112.55523681640625,14609400,0.0,0.0,110.51183319091797,109.79278450012207,59.176059718769395,0.24317338554861578,-0.031162674628332304,1.5899025085185459,0.022369929510248854,0.0,0.0,0.0,0.0,0.0,0.0,0.0,0.0,0.0,7854700.0,7831600.0,7289000.0,0.0,0.0,0.0,0.0,0.0,0.0,0.0,0.0,0.0,0.0,0.0,0.0,0.0,0.0,0.0,0.0,0.0,0.0,0.0,0.0,0.0,0.0,0.0,0.0,111.08483123779297,1.2991138756769003,109.91020202636719,1.5350843403389405,109.24117115565709,1.368789054224441,0.00895471554493077
2025-03-03,112.8222799482311,114.28609474184033,110.77492231092931,111.55628204345703,7884700,0.0,0.0,110.82635650634765,109.77943229675293,61.35923367423766,0.3498312015148599,0.045036100600306134,1.5729835625178161,-0.008875240292716469,0.0,0.0,0.0,0.0,0.0,0.0,0.0,0.0,0.0,14609400.0,7854700.0,7831600.0,0.0,0.0,0.0,0.0,0.0,0.0,0.0,0.0,0.0,0.0,0.0,0.0,0.0,0.0,0.0,0.0,0.0,0.0,0.0,0.0,0.0,0.0,0.0,0.0,111.40133158365886,1.2386706897037583,110.22670091901507,1.6239382111467204,109.48914282662528,1.4549118235782788,0.03467565835045372
2025-03-04,110.47820583274208,111.02219286963422,107.08572337907499,107.81763458251953,12658000,0.0,0.0,110.52568206787109,109.53266181945801,49.97367065259778,0.13116865359012309,0.06226261119826952,1.4653836941034024,-0.0335135538084812,0.0,0.0,0.0,0.0,0.0,0.0,0.0,0.0,0.0,7884700.0,14609400.0,7854700.0,0.0,0.0,0.0,0.0,0.0,0.0,0.0,0.0,0.0,0.0,0.0,0.0,0.0,0.0,0.0,0.0,0.0,0.0,0.0,0.0,0.0,0.0,0.0,0.0,110.64305114746094,2.497340932608809,110.27615465436664,1.528516254759838,109.48843710763114,1.4557819474838416,-0.0027443829241939888
2025-03-05,108.14401238215764,109.72651728123782,107.03626800793263,108.11434173583984,9956100,0.0,0.0,110.02719421386719,109.33534355163575,50.20984273733679,-0.01797401022952272,0.046215286912711075,1.369624747488797,0.002751935288408003,0.0,0.0,0.0,0.0,0.0,0.0,0.0,0.0,0.0,12658000.0,7884700.0,14609400.0,0.0,0.0,0.0,0.0,0.0,0.0,0.0,0.0,0.0,0.0,0.0,0.0,0.0,0.0,0.0,0.0,0.0,0.0,0.0,0.0,0.0,0.0,0.0,0.0,109.16275278727214,2.0781591635068737,110.0091084071568,1.7371845482910435,109.49408830915179,1.4498482501393568,0.03680162238645135
2025-03-06,107.19451612179827,107.6395984633264,103.87126784053645,104.27678680419922,11618800,0.0,0.0,108.86405639648437,109.08263816833497,40.78828925005765,-0.4407485817264529,-0.05117748681512173,1.7763555741056296,-0.03549533641907643,0.0,0.0,0.0,0.0,0.0,0.0,0.0,0.0,0.0,9956100.0,12658000.0,7884700.0,0.0,0.0,0.0,0.0,0.0,0.0,0.0,0.0,0.0,0.0,0.0,0.0,0.0,0.0,0.0,0.0,0.0,0.0,0.0,0.0,0.0,0.0,0.0,0.0,106.7362543741862,2.135121619386372,109.28850555419922,2.7945783441787246,109.20019585745675,2.0023373230755874,-0.0007582902908063183
2025-03-07,103.85149522318636,104.61306953460807,102.17997826632089,104.35591888427734,12715900,0.0,0.0,107.2241928100586,108.75723762512207,38.866005780228576,-0.7606469138990093,-0.19307137223189924,2.0131738311431318,0.0007588657313224445,0.0,0.0,0.0,0.0,0.0,0.0,0.0,0.0,0.0,11618800.0,9956100.0,12658000.0,0.0,0.0,0.0,0.0,0.0,0.0,0.0,0.0,0.0,0.0,0.0,0.0,0.0,0.0,0.0,0.0,0.0,0.0,0.0,0.0,0.0,0.0,0.0,0.0,105.5823491414388,2.1931268419999426,108.39552525111607,3.262633728255359,108.85614395141602,2.384737821385968,0.02357399100823554
2025-03-10,103.2877236758952,103.65367925701753,100.99310061061796,101.9524917602539,10947100,0.0,0.0,105.30343475341797,108.3724925994873,36.20099214823089,-1.1943375496953337,-0.39332460772458616,2.508471173181487,-0.023031057075819983,0.0,0.0,0.0,0.0,0.0,0.0,0.0,0.0,0.0,12715900.0,11618800.0,9956100.0,0.0,0.0,0.0,0.0,0.0,0.0,0.0,0.0,0.0,0.0,0.0,0.0,0.0,0.0,0.0,0.0,0.0,0.0,0.0,0.0,0.0,0.0,0.0,0.0,103.52839914957683,1.365349239687882,107.23267037527901,3.9377678093575663,108.39834976196289,3.0180541499283935,0.05291109680417527
2025-03-11,98.69848122911793,99.93480852047485,96.38407261580747,96.82915496826172,16906000,0.0,0.0,103.10573883056641,107.80971641540528,24.972052957850636,-1.9292122073049995,-0.7005021276406689,3.6010787202437866,-0.05025219789664348,0.0,0.0,0.0,0.0,0.0,0.0,0.0,0.0,0.0,10947100.0,12715900.0,11618800.0,0.0,0.0,0.0,0.0,0.0,0.0,0.0,0.0,0.0,0.0,0.0,0.0,0.0,0.0,0.0,0.0,0.0,0.0,0.0,0.0,0.0,0.0,0.0,0.0,101.04585520426433,3.844416229462049,104.98608725411552,4.789042374425061,107.44814464024135,4.266259727323886,-0.008707982766646749
2025-03-12,97.60062177765583,98.40175944600449,95.32577654814791,97.67974853515625,11891800,0.0,0.0,101.0188201904297,107.30232810974121,28.109874270799864,-2.4151297632605235,-1.04342765476464,4.25412905095708,0.008784477848364336,0.0,0.0,0.0,0.0,0.0,0.0,0.0,0.0,0.0,16906000.0,10947100.0,12715900.0,0.0,0.0,0.0,0.0,0.0,0.0,0.0,0.0,0.0,0.0,0.0,0.0,0.0,0.0,0.0,0.0,0.0,0.0,0.0,0.0,0.0,0.0,0.0,0.0,98.82046508789062,2.745554709217584,103.00372532435826,4.478027380939265,106.61521312168666,4.951606147913423,0.019510731870034492
2025-03-13,96.70056673896094,97.57094593322121,94.88069668903951,95.81041717529297,11059500,0.0,0.0,99.32554626464844,106.69108772277832,28.109874270799864,-2.917432005171918,-1.4182285248460955,4.962539930357397,-0.01913734820058921,0.0,0.0,0.0,0.0,0.0,0.0,0.0,0.0,0.0,11891800.0,16906000.0,10947100.0,0.0,0.0,0.0,0.0,0.0,0.0,0.0,0.0,0.0,0.0,0.0,0.0,0.0,0.0,0.0,0.0,0.0,0.0,0.0,0.0,0.0,0.0,0.0,0.0,96.77310689290364,0.9359251964262882,101.28840855189732,4.624034200404254,105.78228160313198,5.7179666596736896,-0.017944053746765554
2025-03-14,96.37418687001137,98.01602557949354,96.35440140773669,97.5610580444336,10199800,0.0,0.0,97.9665740966797,106.14957656860352,25.993871438201012,-3.138074296251716,-1.7621976791272196,5.343522130176623,0.018271926172053865,0.0,0.0,0.0,0.0,0.0,0.0,0.0,0.0,0.0,11059500.0,11891800.0,16906000.0,0.0,0.0,0.0,0.0,0.0,0.0,0.0,0.0,0.0,0.0,0.0,0.0,0.0,0.0,0.0,0.0,0.0,0.0,0.0,0.0,0.0,0.0,0.0,0.0,97.01707458496094,1.0466797200562152,99.78079659598214,3.6441660002796192,104.89495250156948,5.973987231376526,-0.007246408878038735
2025-03-17,97.65996466824865,99.02487484662866,97.58084545539862,98.27318572998047,8332100,0.0,0.0,97.230712890625,105.60460357666015,28.691324844356004,-3.2183727511423825,-2.0534326935302523,5.569985455814003,0.007299302609270031,0.0,0.0,0.0,0.0,0.0,0.0,0.0,0.0,0.0,10199800.0,11059500.0,11891800.0,0.0,0.0,0.0,0.0,0.0,0.0,0.0,0.0,0.0,0.0,0.0,0.0,0.0,0.0,0.0,0.0,0.0,0.0,0.0,0.0,0.0,0.0,0.0,0.0,97.21488698323567,1.2673527690416602,98.92313929966518,3.071091156005918,104.10582242693219,6.073210250002294,0.00010070215098867408
2025-03-18,98.18416364856868,98.63913872664965,97.4028114504234,98.26329040527344,6727000,0.0,0.0,97.51753997802734,105.09968757629395,24.959867962035375,-3.2453974040830076,-2.2918256356408033,5.761327563660375,-0.00010069201108653392,0.0,0.0,0.0,0.0,0.0,0.0,0.0,0.0,0.0,8332100.0,10199800.0,11059500.0,0.0,0.0,0.0,0.0,0.0,0.0,0.0,0.0,0.0,0.0,0.0,0.0,0.0,0.0,0.0,0.0,0.0,0.0,0.0,0.0,0.0,0.0,0.0,0.0,98.03251139322917,0.4083205535246715,98.05276380266461,1.9238432602036237,103.22414452689034,5.951601017546623,-0.009372894221534311
2025-03-19,98.56990978940146,99.85568569548546,98.38198561901233,99.1930160522461,8614600,0.0,0.0,97.82019348144532,104.55273704528808,28.255732966092296,-3.1554198309408577,-2.4645444747008143,5.777662269318746,0.009461576577968644,0.0,0.0,0.0,0.0,0.0,0.0,0.0,0.0,0.0,6727000.0,8332100.0,10199800.0,0.0,0.0,0.0,0.0,0.0,0.0,0.0,0.0,0.0,0.0,0.0,0.0,0.0,0.0,0.0,0.0,0.0,0.0,0.0,0.0,0.0,0.0,0.0,0.0,98.57649739583333,0.5339437420192515,97.65855298723493,1.0963210615087102,102.44561168125698,5.691225664280275,0.014464995162703387
2025-03-20,98.4808813362024,98.95563431179785,97.56105357706454,97.77864837646484,7836500,0.0,0.0,98.21383972167969,103.97462997436523,19.233954786805654,-3.161792432034929,-2.6039940661676373,5.851337755809446,-0.014258742521109369,0.0,0.0,0.0,0.0,0.0,0.0,0.0,0.0,0.0,8614600.0,6727000.0,8332100.0,0.0,0.0,0.0,0.0,0.0,0.0,0.0,0.0,0.0,0.0,0.0,0.0,0.0,0.0,0.0,0.0,0.0,0.0,0.0,0.0,0.0,0.0,0.0,0.0,98.41165161132812,0.7187609242093131,97.79419490269252,1.033541641112413,101.39014107840401,5.000387798108499,-0.0060326542305865205
2025-03-21,97.30390456445419,98.79739010885216,96.68079829962534,98.3720932006836,15089900,0.0,0.0,98.37604675292968,103.51966171264648,22.077964885747804,-3.0834130602247,-2.69987786497905,5.91850622935859,0.006069268026020147,0.0,0.0,0.0,0.0,0.0,0.0,0.0,0.0,0.0,7836500.0,8614600.0,6727000.0,0.0,0.0,0.0,0.0,0.0,0.0,0.0,0.0,0.0,0.0,0.0,0.0,0.0,0.0,0.0,0.0,0.0,0.0,0.0,0.0,0.0,0.0,0.0,0.0,98.44791920979817,0.7102261388581868,97.89310128348214,1.0536951733567952,100.4484133039202,4.098711709068835,-0.007187018322550087
2025-03-24,99.12377663508016,99.34137144245197,97.7786519585479,99.08421325683594,8224400,0.0,0.0,98.53825225830079,102.97468910217285,28.78425459183616,-2.930058812187724,-2.7459140544207847,5.792443168317782,0.007239045475016859,0.0,0.0,0.0,0.0,0.0,0.0,0.0,0.0,0.0,15089900.0,7836500.0,8614600.0,0.0,0.0,0.0,0.0,0.0,0.0,0.0,0.0,0.0,0.0,0.0,0.0,0.0,0.0,0.0,0.0,0.0,0.0,0.0,0.0,0.0,0.0,0.0,0.0,98.41165161132812,0.6536807822661963,98.36078643798828,0.6071394571372358,99.82459749494281,3.513712292727552,-0.014073434078704095
2025-03-25,99.54907485048794,100.64693408713747,99.31170212379,100.49857330322266,7365200,0.0,0.0,98.98530883789063,102.53356742858887,32.45219335717073,-2.6636920464961236,-2.729469652835853,5.616981743053523,0.014274322819928464,0.0,0.0,0.0,0.0,0.0,0.0,0.0,0.0,0.0,8224400.0,15089900.0,7836500.0,0.0,0.0,0.0,0.0,0.0,0.0,0.0,0.0,0.0,0.0,0.0,0.0,0.0,0.0,0.0,0.0,0.0,0.0,0.0,0.0,0.0,0.0,0.0,0.0,99.31829325358073,1.0823929463372675,98.78043147495815,0.9045775626237793,99.28061403547015,2.603131172867212,0.00823577650398799
2025-03-26,100.58758552817395,101.15135047187736,99.16334161804805,99.67765045166016,6314000,0.0,0.0,99.08223571777344,101.9871109008789,37.69193515060391,-2.490131394338235,-2.6816020011363295,5.313668490518636,-0.008168502542674205,0.0,0.0,0.0,0.0,0.0,0.0,0.0,0.0,0.0,7365200.0,8224400.0,15089900.0,0.0,0.0,0.0,0.0,0.0,0.0,0.0,0.0,0.0,0.0,0.0,0.0,0.0,0.0,0.0,0.0,0.0,0.0,0.0,0.0,0.0,0.0,0.0,0.0,99.75347900390625,0.7102225441406128,98.98106929234096,0.9287516990403015,98.95210429600307,2.1799228856656896,0.003285244054599845
2025-03-27,99.608415511638,99.92491499386828,98.49077836568732,99.35125732421875,6598800,0.0,0.0,99.39675750732422,101.45004997253417,36.78161660721489,-2.3518103192601387,-2.6156436647610914,4.983913476867161,-0.00327448656707352,0.0,0.0,0.0,0.0,0.0,0.0,0.0,0.0,0.0,6314000.0,7365200.0,8224400.0,0.0,0.0,0.0,0.0,0.0,0.0,0.0,0.0,0.0,0.0,0.0,0.0,0.0,0.0,0.0,0.0,0.0,0.0,0.0,0.0,0.0,0.0,0.0,0.0,99.84249369303386,0.5911543449805353,99.13649313790458,0.8782762432418996,98.5946284702846,1.5428718165188204,0.024268365861549013
2025-03-28,98.95563727218817,99.29191466609062,96.67089935607648,96.9972915649414,7679700,0.0,0.0,99.12179718017578,100.67215270996094,36.8779699369646,-2.4044185937223688,-2.573398650553347,4.330721812510685,-0.023693366573062202,0.0,0.0,0.0,0.0,0.0,0.0,0.0,0.0,0.0,6598800.0,6314000.0,7365200.0,0.0,0.0,0.0,0.0,0.0,0.0,0.0,0.0,0.0,0.0,0.0,0.0,0.0,0.0,0.0,0.0,0.0,0.0,0.0,0.0,0.0,0.0,0.0,0.0,98.67539978027344,1.462418717462236,98.82281821114677,1.191110110278469,98.24068559919085,1.254783961784873,-0.006382968247483967
2025-03-31,95.77085868481724,97.76876025859244,94.6532139889738,97.62039947509766,10554000,0.0,0.0,98.82903442382812,99.97535858154296,52.751007190656914,-2.3685285071635462,-2.5324246218753865,3.535432395501224,0.006423972258432276,0.0,0.0,0.0,0.0,0.0,0.0,0.0,0.0,0.0,7679700.0,6598800.0,6314000.0,0.0,0.0,0.0,0.0,0.0,0.0,0.0,0.0,0.0,0.0,0.0,0.0,0.0,0.0,0.0,0.0,0.0,0.0,0.0,0.0,0.0,0.0,0.0,0.0,97.98964945475261,1.2196507121175844,98.80021122523716,1.215483608233391,98.29720306396484,1.203069577242735,0.010442174729968778
2025-04-01,97.24456363507355,97.511607022171,95.78074873403436,96.61156463623047,8762700,0.0,0.0,98.05163269042968,99.41505508422851,46.32654785387107,-2.3938945688613984,-2.504718611272589,3.086655308607996,-0.010334262554667517,0.0,0.0,0.0,0.0,0.0,0.0,0.0,0.0,0.0,10554000.0,7679700.0,6598800.0,0.0,0.0,0.0,0.0,0.0,0.0,0.0,0.0,0.0,0.0,0.0,0.0,0.0,0.0,0.0,0.0,0.0,0.0,0.0,0.0,0.0,0.0,0.0,0.0,97.07641855875652,0.5090508264316244,98.54870714460101,1.4735733859053315,98.22090421404157,1.2768506602287542,-0.0020431874954340845
2025-04-02,95.5631519090106,97.23466118612484,95.39500567147866,96.80936431884766,7959900,0.0,0.0,97.47797546386718,98.84980621337891,53.88160531627017,-2.370708522075617,-2.4779165934331946,2.359117690633637,0.0020473706575601103,0.0,0.0,0.0,0.0,0.0,0.0,0.0,0.0,0.0,8762700.0,10554000.0,7679700.0,0.0,0.0,0.0,0.0,0.0,0.0,0.0,0.0,0.0,0.0,0.0,0.0,0.0,0.0,0.0,0.0,0.0,0.0,0.0,0.0,0.0,0.0,0.0,0.0,97.01377614339192,0.5345793472798921,98.22372872488839,1.582602339934531,98.29225758143834,1.1537643333570944,0.1017559418556826
2025-04-03,93.4762342094636,93.74327757918721,87.64076799421284,87.86824798583984,19353400,0.0,0.0,95.1813735961914,98.02937927246094,25.838263474557124,-3.0387776399383597,-2.5900888027342277,3.1070699071545103,-0.0923579696645842,0.0,0.0,0.0,0.9868,0.9868,1.0,5.0,1.0,0.0,7959900.0,8762700.0,10554000.0,0.0,0.0,0.0,0.0,0.0,0.0,0.0,0.0,0.0,0.0,0.0,0.0,0.0,0.0,0.0,0.0,0.0,0.0,0.0,0.0,0.0,0.0,0.0,0.0,93.76305898030598,5.106013971188295,96.41939653669085,3.964415508871116,97.5999140058245,3.0219683637879435,0.06356993571151004
2025-04-04,85.0593169221124,86.58247303762616,82.17125820508556,82.6163330078125,22580900,0.0,0.0,92.30518188476563,96.9423999786377,18.174501140626617,-3.9465198514405415,-2.8613750124754906,4.336686806788252,-0.059770339097619196,0.0,0.0,0.0,0.0,0.0,0.0,0.0,0.0,0.0,19353400.0,7959900.0,8762700.0,0.0,0.0,0.0,0.0,0.0,0.0,0.0,0.0,0.0,0.9868,0.0,0.0,0.9868,0.0,0.0,1.0,0.0,0.0,5.0,0.0,0.0,1.0,0.0,0.0,89.09798177083333,7.175982046763484,93.98206547328404,6.226606983758928,96.4815673828125,5.002033606699554,0.0027611219728431724
2025-04-07,80.10410956186786,85.68241726595254,79.22384520208466,82.38884735107422,20456000,0.0,0.0,89.25887145996094,95.9642177581787,18.015141616386757,-4.630886310545975,-3.2152772720895877,5.256065478833154,-0.0027535191705587714,0.0,0.0,0.0,0.0,0.0,0.0,0.0,0.0,0.0,22580900.0,19353400.0,7959900.0,0.0,0.0,0.0,0.0,0.0,0.0,0.0,0.0,0.0,0.0,0.9868,0.0,0.0,0.9868,0.0,0.0,1.0,0.0,0.0,5.0,0.0,0.0,1.0,0.0,84.29114278157552,3.099951396842619,91.55886404854911,7.036748260196877,95.34767859322685,6.218426653455657,0.019334261716702494
2025-04-08,85.00986103145327,85.99892285867644,79.96564722180375,80.82613372802734,14845600,0.0,0.0,86.1017852783203,95.164066696167,13.913692082245078,-5.238958140908153,-3.620013445853301,6.242919776260291,-0.018967538365816217,0.0,0.0,0.0,0.0,0.0,0.0,0.0,0.0,0.0,20456000.0,22580900.0,19353400.0,0.0,0.0,0.0,0.0,0.0,0.0,0.0,0.0,0.0,0.0,0.0,0.9868,0.0,0.0,0.9868,0.0,0.0,1.0,0.0,0.0,5.0,0.0,0.0,1.0,81.94377136230469,0.9745628980061304,89.24869864327567,7.586741871495768,94.03575842721122,7.204099006108626,-0.10629918171114583
2025-04-09,80.40083311607505,91.2409493347809,80.30192844712288,90.43981170654297,24970900,0.0,0.0,84.82787475585937,94.80206985473633,39.09464498042306,-4.8887613813284645,-3.873763032948334,6.2990224602981275,0.1189426926056465,0.0,0.0,0.0,0.0,0.0,0.0,0.0,0.0,0.0,14845600.0,20456000.0,22580900.0,0.0,0.0,0.0,0.0,0.0,0.0,0.0,0.0,0.0,0.0,0.0,0.0,0.0,0.0,0.0,0.0,0.0,0.0,0.0,0.0,0.0,0.0,0.0,0.0,84.55159759521484,5.158858161700777,88.222900390625,6.6997444537610535,93.51155580793109,7.177754751840643,0.07286167807923793
2025-04-10,87.94736988459259,88.036389366879,82.16136009801669,84.29773712158203,16377000,0.0,0.0,84.11377258300782,94.22643585205078,32.04640644726038,-5.04864438408967,-4.108739303176601,6.714372435699919,-0.06791339421283404,0.0,0.0,0.0,0.0,0.0,0.0,0.0,0.0,0.0,24970900.0,14845600.0,20456000.0,0.0,0.0,0.0,0.0,0.0,0.0,0.0,0.0,0.0,0.0,0.0,0.0,0.0,0.0,0.0,0.0,0.0,0.0,0.0,0.0,0.0,0.0,0.0,0.0,85.18789418538411,4.868263116073999,86.46378217424665,5.667086186083612,92.50624465942383,7.425955761188222,0.004005180919647744
2025-04-11,84.17905110399438,84.73292330191377,82.43830020860707,83.96145629882812,10204400,0.0,0.0,84.38279724121094,93.54645576477051,30.52227659532653,-5.143200256625491,-4.315631493866379,7.0396463300092496,-0.0039892034381526775,0.0,0.0,0.0,0.0,0.0,0.0,0.0,0.0,0.0,16377000.0,24970900.0,14845600.0,0.0,0.0,0.0,0.0,0.0,0.0,0.0,0.0,0.0,0.0,0.0,0.0,0.0,0.0,0.0,0.0,0.0,0.0,0.0,0.0,0.0,0.0,0.0,0.0,86.23300170898438,3.6470822536113885,84.62836674281529,3.3750187969241026,91.42604773385185,7.495079556509304,0.0027167666240341948
2025-04-14,84.89117106840654,85.50438451862107,83.11085691565606,83.73397064208984,10841300,0.0,0.0,84.65182189941406,92.81949501037597,27.72665219734128,-5.176817528162587,-4.48786870072562,7.2726931156385,-0.002709405800783604,0.0,0.0,0.0,0.0,0.0,0.0,0.0,0.0,0.0,10204400.0,16377000.0,24970900.0,0.0,0.0,0.0,0.0,0.0,0.0,0.0,0.0,0.0,0.0,0.0,0.0,0.0,0.0,0.0,0.0,0.0,0.0,0.0,0.0,0.0,0.0,0.0,0.0,83.99772135416667,0.28362744318682653,84.03775569370815,3.060661021041718,90.2285761151995,7.269922347237867,-0.0041172162594744766
2025-04-15,83.82298860544886,85.0395379549817,83.59550106836969,84.08014678955078,7840500,0.0,0.0,85.30262451171875,92.11033782958984,29.012497259012818,-5.116545583521983,-4.613604077284894,7.404239393088038,0.004134237810608843,0.0,0.0,0.0,0.0,0.0,0.0,0.0,0.0,0.0,10841300.0,10204400.0,16377000.0,0.0,0.0,0.0,0.0,0.0,0.0,0.0,0.0,0.0,0.0,0.0,0.0,0.0,0.0,0.0,0.0,0.0,0.0,0.0,0.0,0.0,0.0,0.0,0.0,83.92519124348958,0.17591431705994978,84.24687194824219,2.996696030964775,89.11446871076312,6.896007234899153,0.02706305832102074
2025-04-16,83.35812466595775,83.87244101145438,81.11295777102754,81.86463928222656,10144300,0.0,0.0,83.58759002685547,91.24391899108886,27.608898427117154,-5.1877514043049615,-4.728433542688908,7.544355975640752,-0.02634994813781122,0.0,0.0,0.0,0.0,0.0,0.0,0.0,0.0,0.0,7840500.0,10841300.0,10204400.0,0.0,0.0,0.0,0.0,0.0,0.0,0.0,0.0,0.0,0.0,0.0,0.0,0.0,0.0,0.0,0.0,0.0,0.0,0.0,0.0,0.0,0.0,0.0,0.0,83.22625223795573,1.191827110857435,84.17198508126395,3.0568132475785483,87.86542456490653,6.469695825208057,-0.024053755726434978
2025-04-17,82.45808043651155,84.84171531920828,82.448187706193,83.88232421875,14810900,0.0,0.0,83.50450744628907,90.54910278320312,33.06078922105675,-5.023464842696541,-4.787439802690434,7.550753998089942,0.024646598998225855,0.0,0.0,0.0,0.0,0.0,0.0,0.0,0.0,0.0,10144300.0,7840500.0,10841300.0,0.0,0.0,0.0,0.0,0.0,0.0,0.0,0.0,0.0,0.0,0.0,0.0,0.0,0.0,0.0,0.0,0.0,0.0,0.0,0.0,0.0,0.0,0.0,0.0,83.27570343017578,1.2260138517162924,84.60858372279576,2.696278203506802,86.92864118303571,5.976419965914977,0.009642762491760548
2025-04-21,83.98124188550061,84.29774136277376,82.0723522909005,83.08119201660156,14166800,0.0,0.0,83.32845458984374,89.78455772399903,31.30721204541554,-4.901410819468779,-4.8102340060461035,7.490849723596519,-0.009550667671763935,0.0,0.0,0.0,0.0,0.0,0.0,0.0,0.0,0.0,14810900.0,10144300.0,7840500.0,0.0,0.0,0.0,0.0,0.0,0.0,0.0,0.0,0.0,0.0,0.0,0.0,0.0,0.0,0.0,0.0,0.0,0.0,0.0,0.0,0.0,0.0,0.0,0.0,82.94271850585938,1.0159450332824445,83.55735233851841,0.8380125861149392,85.89012636457171,5.186659887374467,-0.024276913653631382
2025-04-22,84.08014962985894,85.61319096338407,83.67463065100156,85.14833068847656,9578500,0.0,0.0,83.6113265991211,89.08776359558105,35.65237336492943,-4.585027963406077,-4.7651927975180985,7.223661154392637,0.02488094623704895,0.0,0.0,0.0,0.0,0.0,0.0,0.0,0.0,0.0,14166800.0,14810900.0,10144300.0,0.0,0.0,0.0,0.0,0.0,0.0,0.0,0.0,0.0,0.0,0.0,0.0,0.0,0.0,0.0,0.0,0.0,0.0,0.0,0.0,0.0,0.0,0.0,0.0,84.0372823079427,1.0422449708417405,83.67886570521763,1.007742903883028,85.07132393973214,4.168873936633601,-0.01374728175573836
2025-04-23,88.05617049029651,88.8869863228245,86.07804689830174,86.335205078125,12089100,0.0,0.0,84.06233825683594,88.37959518432618,37.207059842194795,-4.190219187961546,-4.650198075606788,6.723032990478434,0.013938903793554447,0.0,0.0,0.0,0.0,0.0,0.0,0.0,0.0,0.0,9578500.0,14166800.0,14810900.0,0.0,0.0,0.0,0.0,0.0,0.0,0.0,0.0,0.0,0.0,0.0,0.0,0.0,0.0,0.0,0.0,0.0,0.0,0.0,0.0,0.0,0.0,0.0,0.0,84.8549092610677,1.6467308072931048,84.01797267368862,1.4297203240471639,84.32316970825195,2.5101815093298563,-0.0302189309990063
2025-04-24,86.49345582065459,89.25293928947134,85.82089346037728,89.02545928955078,10310000,0.0,0.0,85.49450225830078,87.8469856262207,51.66810516239605,-3.6185371141182117,-4.443865883309073,6.180963593848552,0.031160570117269693,0.0,0.0,0.0,0.0,0.0,0.0,0.0,0.0,0.0,12089100.0,9578500.0,14166800.0,0.0,0.0,0.0,0.0,0.0,0.0,0.0,0.0,0.0,0.0,0.0,0.0,0.0,0.0,0.0,0.0,0.0,0.0,0.0,0.0,0.0,0.0,0.0,0.0,86.83633168538411,1.986549132212478,84.77389962332589,2.3543890719155414,84.40582765851703,2.6510003964387105,-0.0029906661516179156
2025-04-25,89.08480127221084,89.35184465372777,88.0957394139445,89.2925033569336,7749600,0.0,0.0,86.5765380859375,87.34404792785645,61.23876488265338,-3.1080985025794234,-4.1767124071631425,5.575152750613862,0.002999637064654337,0.0,0.0,0.0,0.0,0.0,0.0,0.0,0.0,0.0,10310000.0,12089100.0,9578500.0,0.0,0.0,0.0,0.0,0.0,0.0,0.0,0.0,0.0,0.0,0.0,0.0,0.0,0.0,0.0,0.0,0.0,0.0,0.0,0.0,0.0,0.0,0.0,0.0,88.2177225748698,1.6357665565855486,85.51852199009487,2.866883814500967,84.88269696916852,2.893694575469886,0.001330915964669055
2025-04-28,89.46064179321158,90.37058443500133,88.65950410512303,89.17382049560547,8491800,0.0,0.0,87.79506378173828,86.95287437438965,61.463919822170794,-2.682229864213909,-3.8778158985732962,5.117908987153765,-0.0013291469817315882,0.0,0.0,0.0,0.0,0.0,0.0,0.0,0.0,0.0,7749600.0,10310000.0,12089100.0,0.0,0.0,0.0,0.0,0.0,0.0,0.0,0.0,0.0,0.0,0.0,0.0,0.0,0.0,0.0,0.0,0.0,0.0,0.0,0.0,0.0,0.0,0.0,0.0,89.16392771402995,0.13379661365858375,86.56269073486328,2.6360471222316826,85.36733790806362,3.0097440128263604,-0.011078062976579317
2025-04-29,88.84742085634515,90.65740571148727,88.77818683409099,90.17276000976562,6359900,0.0,0.0,88.7999496459961,86.58049240112305,66.09879988425399,-2.2383178944023427,-3.549916297739106,4.53909949720717,0.011202161224093565,0.0,0.0,0.0,0.0,0.0,0.0,0.0,0.0,0.0,8491800.0,7749600.0,10310000.0,0.0,0.0,0.0,0.0,0.0,0.0,0.0,0.0,0.0,0.0,0.0,0.0,0.0,0.0,0.0,0.0,0.0,0.0,0.0,0.0,0.0,0.0,0.0,0.0,89.54636128743489,0.545713225876354,87.46132441929409,2.6422182789306725,86.03495407104492,2.9611699181155333,0.002418875233194173
2025-04-30,88.90676656128845,90.19254994805421,87.59131252721842,89.95516967773438,8474800,0.0,0.0,89.52394256591796,86.24767265319824,48.76573794387715,-1.8823733531518911,-3.2164077088216634,3.9737011615749442,-0.002413038394385225,0.0,0.0,0.0,0.0,0.0,0.0,0.0,0.0,0.0,6359900.0,8491800.0,7749600.0,0.0,0.0,0.0,0.0,0.0,0.0,0.0,0.0,0.0,0.0,0.0,0.0,0.0,0.0,0.0,0.0,0.0,0.0,0.0,0.0,0.0,0.0,0.0,0.0,89.76725006103516,0.5253145486209766,88.44332122802734,1.9222983111579297,86.00033678327289,2.9080709613700617,0.0015416495539799513
2025-05-01,90.27167133991111,90.60795629135099,89.37162898418372,89.81670379638672,7790600,0.0,0.0,89.68219146728515,85.89803962707519,70.24676250857864,-1.5930935879702588,-2.8917448846513825,3.234351028293325,-0.001539276529005651,0.0,0.0,0.0,0.0,0.0,0.0,0.0,0.0,0.0,8474800.0,6359900.0,8491800.0,0.0,0.0,0.0,0.0,0.0,0.0,0.0,0.0,0.0,0.0,0.0,0.0,0.0,0.0,0.0,0.0,0.0,0.0,0.0,0.0,0.0,0.0,0.0,0.0,89.9815444946289,0.17948740901812182,89.1102316720145,1.2966119326751566,86.39454868861607,3.0309882434500213,-0.018164096202521907
2025-05-02,90.83543320307001,92.17067268618656,90.83543320307001,91.47832489013672,7594000,0.0,0.0,90.11935577392578,86.07854347229004,75.13229996597163,-1.2157440141758826,-2.556544710556283,3.4440317162460765,0.01850013442395837,0.0,0.0,0.0,0.0,0.0,0.0,0.0,0.0,0.0,7790600.0,8474800.0,6359900.0,0.0,0.0,0.0,0.0,0.0,0.0,0.0,0.0,0.0,0.0,0.0,0.0,0.0,0.0,0.0,0.0,0.0,0.0,0.0,0.0,0.0,0.0,0.0,0.0,90.41673278808594,0.9219688408111932,89.84496307373047,0.838202072691228,86.93146787370954,3.2263155628782836,0.004125455312103732
2025-05-05,88.71884302721764,92.06187683804932,88.629831084676,91.10248565673828,10231000,0.0,0.0,90.50508880615234,86.50285110473632,74.39428887225232,-0.9362266058710276,-2.2324810896192315,3.517011958593977,-0.00410850585480016,0.0,0.0,0.0,0.0,0.0,0.0,0.0,0.0,0.0,7594000.0,7790600.0,8474800.0,0.0,0.0,0.0,0.0,0.0,0.0,0.0,0.0,0.0,0.0,0.0,0.0,0.0,0.0,0.0,0.0,0.0,0.0,0.0,0.0,0.0,0.0,0.0,0.0,90.7991714477539,0.8713471161526511,90.14168112618583,0.8668892339761574,87.45779037475586,3.2653618364130037,-0.0006509460435361047
2025-05-06,90.20243590466387,91.72559202883363,90.00462655698173,91.16182708740234,11839400,0.0,0.0,90.7029022216797,86.94150009155274,73.89857145652526,-0.701828446993801,-1.9263505610941454,3.5239844440048937,0.000651370050293254,0.0,0.0,0.0,0.0,0.0,0.0,0.0,0.0,0.0,10231000.0,7594000.0,7790600.0,0.0,0.0,0.0,0.0,0.0,0.0,0.0,0.0,0.0,0.0,0.0,0.0,0.0,0.0,0.0,0.0,0.0,0.0,0.0,0.0,0.0,0.0,0.0,0.0,91.24754587809245,0.20205089865762607,90.40872737339565,0.8494489071602757,87.96362468174526,3.250359718900947,-0.09716916230158801
2025-05-07,101.29971222679107,102.17997666406133,99.04465243037099,100.97332000732422,36155300,0.0,0.0,92.90653228759766,87.94885940551758,92.63027390736448,0.2724980750490147,-1.4865808338655135,4.443503060412762,0.10762720793775893,0.0,0.0,0.0,0.0,0.0,0.0,0.0,0.0,0.0,11839400.0,10231000.0,7594000.0,0.0,0.0,0.0,0.0,0.0,0.0,0.0,0.0,0.0,0.0,0.0,0.0,0.0,0.0,0.0,0.0,0.0,0.0,0.0,0.0,0.0,0.0,0.0,0.0,94.41254425048828,5.68187594461221,92.09437016078404,3.9691573822953234,89.32853044782367,4.3262694800868315,-0.02882426667097171
2025-05-08,102.83276169016555,105.02848020319932,102.72396428305537,103.97018432617188,19265400,0.0,0.0,95.73722839355469,88.62537803649903,92.93877705449091,1.2718200186083095,-0.9349006633707491,5.696139640123554,0.029679764106303352,0.0,0.0,0.0,0.0,0.0,0.0,0.0,0.0,0.0,36155300.0,11839400.0,10231000.0,0.0,0.0,0.0,0.0,0.0,0.0,0.0,0.0,0.0,0.0,0.0,0.0,0.0,0.0,0.0,0.0,0.0,0.0,0.0,0.0,0.0,0.0,0.0,0.0,98.70177714029948,6.699509984807331,94.06543077741351,5.840549043681759,90.7633775983538,5.541519898108032,-0.0077401999128724475
2025-05-09,104.1086495121292,105.02847730856426,103.61411860105537,104.78121185302734,10438200,0.0,0.0,98.3978057861328,89.6495517730713,96.36523270602649,2.104968238426892,-0.32692688301122086,6.640299544452572,0.007800577945607401,0.0,0.0,0.0,0.0,0.0,0.0,0.0,0.0,0.0,19265400.0,36155300.0,11839400.0,0.0,0.0,0.0,0.0,0.0,0.0,0.0,0.0,0.0,0.0,0.0,0.0,0.0,0.0,0.0,0.0,0.0,0.0,0.0,0.0,0.0,0.0,0.0,0.0,103.24157206217448,2.0057833757857653,96.18343680245536,6.7231459636103885,92.31337901524135,6.220675183121264,-0.04118017525733686
2025-05-12,108.66822722264683,109.72652309102423,107.47146330015973,109.28144073486328,18366600,0.0,0.0,102.03359680175781,90.91555099487304,96.707557759567,3.092724068021795,0.35700330719538226,7.8095068118862585,0.042948814985536155,0.0,0.0,0.0,0.0,0.0,0.0,0.0,0.0,0.0,10438200.0,19265400.0,36155300.0,0.0,0.0,0.0,0.0,0.0,0.0,0.0,0.0,0.0,0.0,0.0,0.0,0.0,0.0,0.0,0.0,0.0,0.0,0.0,0.0,0.0,0.0,0.0,0.0,106.01094563802083,2.861213911293962,98.964113507952,7.616882861418563,94.03717258998326,7.32768773215786,-0.007990655937015534
2025-05-13,109.04406785448585,110.97273542401112,108.94516317967944,110.16170501708984,14076700,0.0,0.0,105.83357238769531,92.23693771362305,96.66801256798868,3.9015826343148206,1.06591917261927,8.713865621515295,0.008055020837090199,0.0,0.0,0.0,0.0,0.0,0.0,0.0,0.0,0.0,18366600.0,10438200.0,19265400.0,0.0,0.0,0.0,0.0,0.0,0.0,0.0,0.0,0.0,0.0,0.0,0.0,0.0,0.0,0.0,0.0,0.0,0.0,0.0,0.0,0.0,0.0,0.0,0.0,108.07478586832683,2.8860766877082127,101.63316781180245,7.827126924825984,95.73906544276646,8.124820423986336,-0.01381265977436097
2025-05-14,110.16170169448542,112.16950350761837,109.61772222648577,111.70464324951172,15352200,0.0,0.0,107.9798370361328,93.6181625366211,96.51121236207511,4.613924644859367,1.7755202670672894,9.506231495698588,0.014006121566314755,0.0,0.0,0.0,0.0,0.0,0.0,0.0,0.0,0.0,14076700.0,18366600.0,10438200.0,0.0,0.0,0.0,0.0,0.0,0.0,0.0,0.0,0.0,0.0,0.0,0.0,0.0,0.0,0.0,0.0,0.0,0.0,0.0,0.0,0.0,0.0,0.0,0.0,110.38259633382161,1.2266100998708351,104.57633318219867,7.041392966391811,97.35900715419224,8.90658097671094,0.006415997348365954
2025-05-15,111.00240829475399,111.61562177671321,110.35951662042734,110.99251556396484,8322400,0.0,0.0,109.38430328369141,95.07455635070801,93.70521936938792,5.062639115300968,2.432944036714025,9.83629552417552,-0.006375094757307576,0.0,0.0,0.0,0.2732,0.2732,1.0,1.0,1.0,0.0,15352200.0,14076700.0,18366600.0,0.0,0.0,0.0,0.0,0.0,0.0,0.0,0.0,0.0,0.0,0.0,0.0,0.0,0.0,0.0,0.0,0.0,0.0,0.0,0.0,0.0,0.0,0.0,0.0,110.9529546101888,0.7722294989605957,107.40928867885044,4.133728222593654,98.90900802612305,9.275370327409078,-0.010580146586099404
2025-05-16,110.69579722175858,112.199175415766,110.20126631114036,112.17938995361328,10961000,0.0,0.0,110.86393890380859,96.48940963745117,94.4232464566131,5.45118158202574,3.0365915457763686,10.171100854269419,0.01069328308866413,0.0,0.0,0.0,0.0,0.0,0.0,0.0,0.0,0.0,8322400.0,15352200.0,14076700.0,0.0,0.0,0.0,0.0,0.0,0.0,0.0,0.0,0.0,0.2732,0.0,0.0,0.2732,0.0,0.0,1.0,0.0,0.0,1.0,0.0,0.0,1.0,0.0,0.0,111.62551625569661,0.5973805445973271,109.0101558140346,3.314588924955879,100.55226298740932,9.454130458065418,0.006745953386540382
2025-05-19,110.89360959022673,111.75408851020013,110.67601479107952,111.42770385742188,7209700,0.0,0.0,111.2931915283203,97.90673522949218,91.43851590946953,5.63350990489711,3.5559752176005173,10.179366790677852,-0.006700750436441472,0.0,0.0,0.0,0.0,0.0,0.0,0.0,0.0,0.0,10961000.0,8322400.0,15352200.0,0.0,0.0,0.0,0.0,0.0,0.0,0.0,0.0,0.0,0.0,0.2732,0.0,0.0,0.2732,0.0,0.0,1.0,0.0,0.0,1.0,0.0,0.0,1.0,0.0,111.533203125,0.6004292429548863,110.07551574707031,2.5303913361320194,102.0704732622419,9.365317495333814,0.0026699553849500735
2025-05-20,111.21011583302493,112.1596142950108,110.58700204370018,111.13098907470703,6433300,0.0,0.0,111.48704833984375,99.20586814880372,91.15727643627864,5.68849063211654,3.9824783005037223,10.12323989487255,-0.0026628457057188415,0.0,0.0,0.0,0.0,0.0,0.0,0.0,0.0,0.0,7209700.0,10961000.0,8322400.0,0.0,0.0,0.0,0.0,0.0,0.0,0.0,0.0,0.0,0.0,0.0,0.2732,0.0,0.0,0.2732,0.0,0.0,1.0,0.0,0.0,1.0,0.0,0.0,1.0,111.57936096191406,0.5404035609893449,110.98262677873883,0.9782381390610878,103.5830317905971,8.95931802379129,0.017200882104396742
2025-05-21,110.46831168947189,111.25955657922054,108.92537019446844,109.25176239013672,10150600,0.0,0.0,110.99647216796875,100.3516960144043,85.37989409053637,5.516830775389778,4.289348795480933,9.883871302840133,-0.016910014931181938,0.0,0.0,0.0,0.0,0.0,0.0,0.0,0.0,0.0,6433300.0,7209700.0,10961000.0,0.0,0.0,0.0,0.0,0.0,0.0,0.0,0.0,0.0,0.0,0.0,0.0,0.0,0.0,0.0,0.0,0.0,0.0,0.0,0.0,0.0,0.0,0.0,0.0,110.60348510742188,1.1799896795687892,110.97838701520648,0.9868663272342196,104.97125026157924,8.12945520792757,-0.006028998303220567
2025-05-22,108.77702129443168,110.5771134886212,108.77702129443168,109.91443634033203,7903700,0.0,0.0,110.78085632324219,101.39614486694336,84.82809194949039,5.372332447481085,4.505945525880964,9.726448539862657,0.006065567599988997,0.0,0.0,0.0,0.0,0.0,0.0,0.0,0.0,0.0,10150600.0,6433300.0,7209700.0,0.0,0.0,0.0,0.0,0.0,0.0,0.0,0.0,0.0,0.0,0.0,0.0,0.0,0.0,0.0,0.0,0.0,0.0,0.0,0.0,0.0,0.0,0.0,0.0,110.09906260172527,0.9531203362100786,110.94306291852679,1.024672134298489,106.28811536516461,7.217727787700025,0.012850821110023336
2025-05-23,108.40117680530766,109.14297318975905,107.59014639347852,108.51986694335938,8086100,0.0,0.0,110.0489517211914,102.35751304626464,81.68406081191922,5.086650643834233,4.622086549471618,9.412301373226226,-0.012687772811340259,0.0,0.0,0.0,0.0,0.0,0.0,0.0,0.0,0.0,7903700.0,10150600.0,6433300.0,0.0,0.0,0.0,0.0,0.0,0.0,0.0,0.0,0.0,0.0,0.0,0.0,0.0,0.0,0.0,0.0,0.0,0.0,0.0,0.0,0.0,0.0,0.0,0.0,109.2286885579427,0.69757096559573,110.48809487479073,1.3001679753416808,107.53221402849469,5.750927364102042,-0.023495895727089655
2025-05-27,109.8155350149581,111.6551906431629,108.94516331129014,111.13098907470703,10201100,0.0,0.0,109.98960876464844,103.45537147521972,83.24004169549488,5.013152983149084,4.700299836207111,9.067858783461174,0.024061236019672805,0.0,0.0,0.0,0.0,0.0,0.0,0.0,0.0,0.0,8086100.0,7903700.0,10150600.0,0.0,0.0,0.0,0.0,0.0,0.0,0.0,0.0,0.0,0.0,0.0,0.0,0.0,0.0,0.0,0.0,0.0,0.0,0.0,0.0,0.0,0.0,0.0,0.0,109.85509745279948,1.3065720507815402,110.50787680489677,1.3101370177665,108.9585827418736,3.3561582599335607,0.007532338068945821
2025-05-28,110.97273323819383,111.23978415544833,109.95400077046209,110.3001708984375,5787900,0.0,0.0,109.82344512939453,104.46174201965331,72.14653183096672,4.832163303500778,4.726672529665844,8.62207409949628,-0.007476026112851586,0.0,0.0,0.0,0.0,0.0,0.0,0.0,0.0,0.0,10201100.0,8086100.0,7903700.0,0.0,0.0,0.0,0.0,0.0,0.0,0.0,0.0,0.0,0.0,0.0,0.0,0.0,0.0,0.0,0.0,0.0,0.0,0.0,0.0,0.0,0.0,0.0,0.0,109.98367563883464,1.334022725899597,110.23941693987165,1.083470094593717,109.62478637695312,2.4534314012592264,-0.0044634781387766775
2025-05-29,110.78481543753858,111.03208089000861,109.31110790773839,110.7947006225586,9682100,0.0,0.0,110.13203277587891,105.50371856689453,68.390162067257,4.674744548965435,4.716286933525763,8.014508209036842,0.00448349009881821,0.0,0.0,0.0,0.0,0.0,0.0,0.0,0.0,0.0,5787900.0,10201100.0,8086100.0,0.0,0.0,0.0,0.0,0.0,0.0,0.0,0.0,0.0,0.0,0.0,0.0,0.0,0.0,0.0,0.0,0.0,0.0,0.0,0.0,0.0,0.0,0.0,0.0,110.74195353190105,0.41791315148541935,110.14898790631976,0.9901613483288995,110.11225182669503,1.846383000783719,-0.009023417334757755
2025-05-30,110.78481823764054,112.11015747432553,110.15181926699353,111.80355072021484,12881100,0.0,0.0,110.50985565185547,106.60306091308594,68.72361616049837,4.5786153952369375,4.688752625867998,7.217846579609929,0.009105580790303991,0.0,0.0,0.0,0.0,0.0,0.0,0.0,0.0,0.0,9682100.0,5787900.0,10201100.0,0.0,0.0,0.0,0.0,0.0,0.0,0.0,0.0,0.0,0.0,0.0,0.0,0.0,0.0,0.0,0.0,0.0,0.0,0.0,0.0,0.0,0.0,0.0,0.0,110.96614074707031,0.7662124440069847,110.2450681413923,1.1248073097021436,110.61384746006557,1.0826187142979082,0.0007968504601660875
2025-06-02,111.44748757030636,112.3574226450361,111.02219068056093,111.71453094482422,7546800,0.0,0.0,111.14878845214844,107.61487121582032,58.482740863451575,4.444021285358815,4.639806357766162,6.352550917528382,-0.0007962159950840597,0.0,0.0,0.0,0.0,0.0,0.0,0.0,0.0,0.0,12881100.0,9682100.0,5787900.0,0.0,0.0,0.0,0.0,0.0,0.0,0.0,0.0,0.0,0.0,0.0,0.0,0.0,0.0,0.0,0.0,0.0,0.0,0.0,0.0,0.0,0.0,0.0,0.0,111.43759409586589,0.5585383994125876,110.59689222063336,1.1472686578574178,110.78763961791992,1.0469797992884788,-0.005721837680567332
2025-06-03,111.49694291616186,113.4355031887562,111.28923329236346,112.357421875,9738800,0.0,0.0,111.39407501220703,108.6776180267334,57.78399855028954,4.339210689025492,4.579687224018028,5.098954765217818,0.005754765514732307,0.0,0.0,0.0,0.0,0.0,0.0,0.0,0.0,0.0,7546800.0,12881100.0,9682100.0,0.0,0.0,0.0,0.0,0.0,0.0,0.0,0.0,0.0,0.0,0.0,0.0,0.0,0.0,0.0,0.0,0.0,0.0,0.0,0.0,0.0,0.0,0.0,0.0,111.95850118001302,0.3483309069967957,110.94589015415737,1.2700704686440154,110.94447653634208,1.1086450443234863,0.000969301861370786
2025-06-04,112.61457465401273,112.80249880654645,111.74420300585595,112.24861907958984,5614900,0.0,0.0,111.7837646484375,109.73195762634278,52.14672391263766,4.1989650052099705,4.503542780256416,3.058241072733047,-0.0009683632250943042,0.0,0.0,0.0,0.0,0.0,0.0,0.0,0.0,0.0,9738800.0,7546800.0,12881100.0,0.0,0.0,0.0,0.0,0.0,0.0,0.0,0.0,0.0,0.0,0.0,0.0,0.0,0.0,0.0,0.0,0.0,0.0,0.0,0.0,0.0,0.0,0.0,0.0,112.10685729980469,0.344092267686085,111.47856903076172,0.7641728105925896,110.98333195277623,1.1462318794752175,0.008531005095282929
2025-06-05,112.48600438587579,113.0893251552944,110.61667059920407,111.29912567138672,8547200,0.0,0.0,111.88464965820313,110.2482479095459,51.18774168303008,3.965491391250424,4.395932502455218,2.2724332001020877,-0.008458842665404087,0.0,0.0,0.0,0.0,0.0,0.0,0.0,0.0,0.0,5614900.0,9738800.0,7546800.0,0.0,0.0,0.0,0.0,0.0,0.0,0.0,0.0,0.0,0.0,0.0,0.0,0.0,0.0,0.0,0.0,0.0,0.0,0.0,0.0,0.0,0.0,0.0,0.0,111.96838887532552,0.5821464069991134,111.5025885445731,0.7540015518065936,111.00523267473493,1.149345771468928,-0.012028129318254477
2025-06-06,112.12004999177991,112.97064377182946,111.97168920764236,112.65414428710938,5790700,0.0,0.0,112.05476837158203,110.68244590759278,51.81544630390221,3.8454723366531596,4.285840469294806,1.7876594124297773,0.01217456657946614,0.0,0.0,0.0,0.0,0.0,0.0,0.0,0.0,0.0,8547200.0,5614900.0,9738800.0,0.0,0.0,0.0,0.0,0.0,0.0,0.0,0.0,0.0,0.0,0.0,0.0,0.0,0.0,0.0,0.0,0.0,0.0,0.0,0.0,0.0,0.0,0.0,0.0,112.06729634602864,0.695469131247537,111.83887045724052,0.6454693124230731,111.03914369855609,1.1928346624575605,-0.015217052617425897
2025-06-09,112.73327324720866,114.83997227610253,112.73327324720866,114.3948974609375,7960400,0.0,0.0,112.5908416748047,111.16313018798829,60.54853373547568,3.846480768295109,4.197968529094867,1.3583151898178802,0.015452189396527372,0.0,0.0,0.0,0.0,0.0,0.0,0.0,0.0,0.0,5790700.0,8547200.0,5614900.0,0.0,0.0,0.0,0.0,0.0,0.0,0.0,0.0,0.0,0.0,0.0,0.0,0.0,0.0,0.0,0.0,0.0,0.0,0.0,0.0,0.0,0.0,0.0,0.0,112.78272247314453,1.5518859512501453,112.35318429129464,1.0075660574168737,111.25108609880719,1.4930180868042873,-0.02585694593611454
2025-06-10,114.26631022692837,119.18194865256338,114.26631022692837,117.43131256103516,18948400,0.0,0.0,113.60561981201172,111.57062377929688,68.74629408169955,4.045657458981978,4.1675063150722895,1.8846152401894547,0.026543273935225153,0.0,0.0,0.0,0.0,0.0,0.0,0.0,0.0,0.0,7960400.0,5790700.0,8547200.0,0.0,0.0,0.0,0.0,0.0,0.0,0.0,0.0,0.0,0.0,0.0,0.0,0.0,0.0,0.0,0.0,0.0,0.0,0.0,0.0,0.0,0.0,0.0,0.0,114.82678476969402,2.417690874563856,113.15715026855469,2.1233580626643027,111.70110920497349,2.224406987212416,-0.00660975524595353
2025-06-11,117.08513946360216,118.24234756674636,116.36312853650462,118.2126693725586,10439200,0.0,0.0,114.79842987060547,111.97317199707031,78.52644781211838,4.217933672160385,4.177591786489908,2.366148699550998,0.006653734804482614,0.0,0.0,0.0,0.0,0.0,0.0,0.0,0.0,0.0,18948400.0,7960400.0,5790700.0,0.0,0.0,0.0,0.0,0.0,0.0,0.0,0.0,0.0,0.0,0.0,0.0,0.0,0.0,0.0,0.0,0.0,0.0,0.0,0.0,0.0,0.0,0.0,0.0,116.67962646484375,2.0168340493695123,114.08545575823102,2.723256693014624,112.34117398943219,2.7031232474582185,0.00767221196118717
2025-06-12,117.5697802541766,118.08408907596204,116.37301636772759,117.3126220703125,7980300,0.0,0.0,116.00112915039062,112.25357093811036,73.20098709380119,4.233041647865591,4.188681758765045,2.648134216794559,-0.0076137972945142796,0.0,0.0,0.0,0.0,0.0,0.0,0.0,0.0,0.0,10439200.0,18948400.0,7960400.0,0.0,0.0,0.0,0.0,0.0,0.0,0.0,0.0,0.0,0.0,0.0,0.0,0.0,0.0,0.0,0.0,0.0,0.0,0.0,0.0,0.0,0.0,0.0,0.0,117.65220133463542,0.4889940432121453,114.79334150041852,2.84070260770658,112.86961582728794,2.9076306548024786,0.005680876510231636
2025-06-13,116.02683437266742,117.02578887795518,116.01694918799924,116.64994812011719,13204900,0.0,0.0,116.80028991699218,112.53644256591797,76.7229567066565,4.143775710891219,4.17970054919028,2.803918557703466,-0.005648786451965315,0.0,0.0,0.0,0.0,0.0,0.0,0.0,0.0,0.0,7980300.0,10439200.0,18948400.0,0.0,0.0,0.0,0.0,0.0,0.0,0.0,0.0,0.0,0.0,0.0,0.0,0.0,0.0,0.0,0.0,0.0,0.0,0.0,0.0,0.0,0.0,0.0,0.0,117.3917465209961,0.7843595713892113,115.42210279192243,2.665256036542905,113.45033591134208,2.7811923810915653,-0.012889250603614677
2025-06-16,116.72907404732224,119.02369719483791,116.58072080933391,118.17311096191406,9592100,0.0,0.0,117.5559326171875,112.83612861633301,74.92992530948192,4.148121363480399,4.173384712048304,3.071306388841596,0.013057552672277595,0.0,0.0,0.0,0.0,0.0,0.0,0.0,0.0,0.0,13204900.0,7980300.0,10439200.0,0.0,0.0,0.0,0.0,0.0,0.0,0.0,0.0,0.0,0.0,0.0,0.0,0.0,0.0,0.0,0.0,0.0,0.0,0.0,0.0,0.0,0.0,0.0,0.0,117.37856038411458,0.7637192917413144,116.4041006905692,2.099222274488131,113.95334461757115,2.960488390041846,0.011428171798764541
2025-06-17,117.68846148863274,118.02474642457864,116.36312229846567,116.8378677368164,9241200,0.0,0.0,117.43724365234375,113.10663681030273,72.34612265334276,3.9977389096495415,4.138255551568552,3.177157764711324,-0.011299044378445755,0.0,0.0,0.0,0.0,0.0,0.0,0.0,0.0,0.0,9592100.0,13204900.0,7980300.0,0.0,0.0,0.0,0.0,0.0,0.0,0.0,0.0,0.0,0.0,0.0,0.0,0.0,0.0,0.0,0.0,0.0,0.0,0.0,0.0,0.0,0.0,0.0,0.0,117.22030893961589,0.8304831219576917,117.00177546909877,1.2952399895109756,114.42032296316964,2.8536106972384734,0.0022908310928648756
2025-06-18,116.59060158510306,117.45108806260636,115.56197641361007,116.5708236694336,8181200,0.0,0.0,117.10887451171875,113.37862854003906,70.05490750384894,3.8130569599948245,4.073215833253807,3.2315070166487794,-0.0022855951803600894,0.0,0.0,0.0,0.0,0.0,0.0,0.0,0.0,0.0,9241200.0,9592100.0,13204900.0,0.0,0.0,0.0,0.0,0.0,0.0,0.0,0.0,0.0,0.0,0.0,0.0,0.0,0.0,0.0,0.0,0.0,0.0,0.0,0.0,0.0,0.0,0.0,0.0,117.19393412272136,0.8584396282147821,117.3126220703125,0.6806133288398761,114.83290318080357,2.702657153692384,0.0019552302376066866
2025-06-20,116.95656672114197,117.74781923953545,115.6213346990533,116.34334564208984,17180400,0.0,0.0,116.91501922607422,113.73320770263672,66.66664799380658,3.606763088881877,3.979925284379421,3.1426950385346006,-0.001951414772437543,0.0,0.0,0.0,0.0,0.0,0.0,0.0,0.0,0.0,8181200.0,9241200.0,9592100.0,0.0,0.0,0.0,0.0,0.0,0.0,0.0,0.0,0.0,0.0,0.0,0.0,0.0,0.0,0.0,0.0,0.0,0.0,0.0,0.0,0.0,0.0,0.0,0.0,116.58401234944661,0.24752470887455053,117.15719822474888,0.7676501351200233,115.15717424665179,2.580831111447359,-0.0010190691580186373
2025-06-23,115.38395474909068,116.6994012257202,113.7618864331876,116.46202850341797,8348000,0.0,0.0,116.87743530273437,114.06058731079102,67.39129462663708,3.4135017020032308,3.8666405679041835,3.064001598253358,0.0010201087193524305,0.0,0.0,0.0,0.0,0.0,0.0,0.0,0.0,0.0,17180400.0,8181200.0,9241200.0,0.0,0.0,0.0,0.0,0.0,0.0,0.0,0.0,0.0,0.0,0.0,0.0,0.0,0.0,0.0,0.0,0.0,0.0,0.0,0.0,0.0,0.0,0.0,0.0,116.45873260498047,0.11377482340488423,116.9071066720145,0.6412411772040095,115.49628121512276,2.399197015645209,-0.011799436000579755
2025-06-24,116.95866985350084,118.27973350583949,116.95866985350084,117.85262298583984,8350200,0.5,0.0,116.81333770751954,114.52722511291503,69.08484467250624,3.3341163951889,3.760135733361127,2.880962427742663,0.011940325102452354,0.0,0.0,0.0,0.0,0.0,0.0,0.0,0.0,0.0,8348000.0,17180400.0,8181200.0,0.0,0.0,0.0,0.0,0.0,0.0,0.0,0.0,0.0,0.0,0.0,0.0,0.0,0.0,0.0,0.0,0.0,0.0,0.0,0.0,0.0,0.0,0.0,0.0,116.88599904378255,0.8392215377431181,116.98424965994698,0.7251485550555427,115.88879558018276,2.2933493371201035,-0.006447819722698811
2025-06-25,117.97181364985227,118.91543380786469,117.8327551134078,118.61744689941406,6976300,0.0,0.0,117.16925354003907,114.90154800415038,71.15497777748493,3.294935895546118,3.6670957657981256,2.902739977737066,0.006489663905623111,0.0,0.0,0.0,0.0,0.0,0.0,0.0,0.0,0.0,8350200.0,8348000.0,17180400.0,0.0,0.0,0.0,0.0,0.0,0.0,0.0,0.0,0.0,0.0,0.0,0.0,0.0,0.0,0.0,0.0,0.0,0.0,0.0,0.0,0.0,0.0,0.0,0.0,117.64403279622395,1.0927440303440117,117.26532091413226,0.9271471400088827,116.34371185302734,2.1424327476957004,-0.016795657450798807
2025-06-26,119.17368824716101,120.85232559697707,118.87570133965093,120.64373779296875,10439600,0.0,0.0,117.9838363647461,115.41872634887696,78.96730438945063,3.388331234678816,3.611342859574264,2.960642637258059,0.017082570452497947,0.0,0.0,0.0,0.0,0.0,0.0,0.0,0.0,0.0,6976300.0,8350200.0,8348000.0,0.0,0.0,0.0,0.0,0.0,0.0,0.0,0.0,0.0,0.0,0.0,0.0,0.0,0.0,0.0,0.0,0.0,0.0,0.0,0.0,0.0,0.0,0.0,0.0,119.03793589274089,1.442285932738442,117.61826760428292,1.5745490989008535,117.01118414742606,1.8907739291764072,-0.007193055770416956
2025-06-27,121.03111738494454,122.11379608635268,120.66360878403398,121.517822265625,13435600,0.0,0.0,119.01873168945312,115.95488243103027,78.32090097996198,3.492618296095202,3.587597946878452,3.048820150405871,0.007245170687236291,0.0,0.0,0.0,0.0,0.0,0.0,0.0,0.0,0.0,10439600.0,6976300.0,8350200.0,0.0,0.0,0.0,0.0,0.0,0.0,0.0,0.0,0.0,0.0,0.0,0.0,0.0,0.0,0.0,0.0,0.0,0.0,0.0,0.0,0.0,0.0,0.0,0.0,120.25966898600261,1.487842717693636,118.28683253696987,2.095386929591535,117.64430400303432,1.8014856887577146,-0.013466704622680847
2025-06-30,123.47458455751058,123.85203565522283,122.35218133848433,123.17660522460938,13456200,0.0,0.0,120.36164703369141,116.52353515625,78.2067443132473,3.666847331869249,3.6034478238766114,3.2852396257789787,0.013650532309231522,0.0,0.0,0.0,0.0,0.0,0.0,0.0,0.0,0.0,13435600.0,10439600.0,6976300.0,0.0,0.0,0.0,0.0,0.0,0.0,0.0,0.0,0.0,0.0,0.0,0.0,0.0,0.0,0.0,0.0,0.0,0.0,0.0,0.0,0.0,0.0,0.0,0.0,121.77938842773438,1.2865329375638959,119.2305156162807,2.616464043077232,118.27156884329659,2.088960292386719,0.0042109050124323755
2025-07-01,122.67003013268005,122.92828494957035,121.62708352540444,122.66009521484375,9815700,0.0,0.0,121.3231414794922,117.07081336975098,70.03860082675124,3.7203610504930396,3.626830469199897,3.352954451828869,-0.0041932476449061395,0.0,0.0,0.0,0.0,0.0,0.0,0.0,0.0,0.0,13456200.0,13435600.0,10439600.0,0.0,0.0,0.0,0.0,0.0,0.0,0.0,0.0,0.0,0.0,0.0,0.0,0.0,0.0,0.0,0.0,0.0,0.0,0.0,0.0,0.0,0.0,0.0,0.0,122.45150756835938,0.8488355735674193,120.13290841238839,2.5430094044273748,118.64505331856864,2.3750154702217086,0.004146985551786608
2025-07-02,122.49123772647145,122.86868123943782,121.70654594746189,122.15352630615234,7317100,0.0,0.0,122.03035736083984,117.5606185913086,65.42773513335922,3.6794804207956275,3.6373604595190434,3.343678213195064,-0.004129859085826859,0.0,0.0,0.0,0.0,0.0,0.0,0.0,0.0,0.0,9815700.0,13456200.0,13435600.0,0.0,0.0,0.0,0.0,0.0,0.0,0.0,0.0,0.0,0.0,0.0,0.0,0.0,0.0,0.0,0.0,0.0,0.0,0.0,0.0,0.0,0.0,0.0,0.0,122.66340891520183,0.5115475088447049,120.94597952706474,2.0322945115437268,118.92654309953961,2.547128038249252,-0.00822574699568579
2025-07-03,122.24291383948378,123.40504909351313,122.07405813483778,123.16666412353516,4252300,0.0,0.0,122.53494262695312,118.10652084350586,72.71636173945583,3.686340147396052,3.647156397094445,3.3219661124442297,0.008293971103573439,0.0,0.0,0.0,0.0,0.0,0.0,0.0,0.0,0.0,7317100.0,9815700.0,13456200.0,0.0,0.0,0.0,0.0,0.0,0.0,0.0,0.0,0.0,0.0,0.0,0.0,0.0,0.0,0.0,0.0,0.0,0.0,0.0,0.0,0.0,0.0,0.0,0.0,122.66009521484375,0.5065689086912837,121.7051282610212,1.6385849420506997,119.34468896048409,2.735355945298738,0.006820361373130357
2025-07-07,122.38197296843666,123.77256585999585,121.75620957738974,122.33231353759766,7023500,0.0,0.0,122.69784088134766,118.6581802368164,71.76025125995179,3.5831471212401595,3.6343545419235883,3.035785265027671,-0.006774159159662285,0.0,0.0,0.0,0.0,0.0,0.0,0.0,0.0,0.0,4252300.0,7317100.0,9815700.0,0.0,0.0,0.0,0.0,0.0,0.0,0.0,0.0,0.0,0.0,0.0,0.0,0.0,0.0,0.0,0.0,0.0,0.0,0.0,0.0,0.0,0.0,0.0,0.0,122.55083465576172,0.540763967517652,122.23582349504743,0.9126780040355712,119.75057220458984,2.7263124351746293,0.010999827552343522
2025-07-08,122.39191283302186,122.87861771239797,121.0013198852539,121.0013198852539,6622900,0.0,0.0,122.26278381347656,119.07553901672364,60.99222684079524,3.3552881669853036,3.5785412669359316,2.724759188154517,-0.010880147802769025,0.0,0.0,0.0,0.0,0.0,0.0,0.0,0.0,0.0,7023500.0,4252300.0,7317100.0,0.0,0.0,0.0,0.0,0.0,0.0,0.0,0.0,0.0,0.0,0.0,0.0,0.0,0.0,0.0,0.0,0.0,0.0,0.0,0.0,0.0,0.0,0.0,0.0,122.16676584879558,1.0921233655201756,122.28690665108817,0.8133144832837185,119.95258712768555,2.7051344173176566,0.010032317447435046
2025-07-09,121.02118340544784,121.52775812574536,119.79945373535156,119.79945373535156,6724900,0.0,0.0,121.69065551757812,119.34576683044433,61.63120503624067,3.042653929705267,3.471363799489799,2.4943844906335007,-0.009932669751388512,0.0,0.0,0.0,0.0,0.0,0.0,0.0,0.0,0.0,6622900.0,7023500.0,4252300.0,0.0,0.0,0.0,0.0,0.0,0.0,0.0,0.0,0.0,0.0,0.0,0.0,0.0,0.0,0.0,0.0,0.0,0.0,0.0,0.0,0.0,0.0,0.0,0.0,121.0443623860677,1.2669783688428302,122.04142543247768,1.2344355462804693,120.16412898472377,2.5544268114380455,-0.007815033898256885
2025-07-10,119.8093872162264,121.13044331532811,119.8093872162264,120.7430648803711,6888700,0.0,0.0,121.40856323242187,119.51135444641113,65.55903547545671,2.838312280388223,3.344753495669484,2.4704149158708355,0.007876589713873505,0.0,0.0,0.0,0.0,0.0,0.0,0.0,0.0,0.0,6724900.0,6622900.0,7023500.0,0.0,0.0,0.0,0.0,0.0,0.0,0.0,0.0,0.0,0.0,0.0,0.0,0.0,0.0,0.0,0.0,0.0,0.0,0.0,0.0,0.0,0.0,0.0,0.0,120.51461283365886,0.6326636656276404,121.69377681187221,1.203749470506302,120.46214621407645,2.3370951113165273,0.01409860507604388
2025-07-11,119.82924452796671,120.41528340417669,118.92536407641373,119.06442260742188,6112400,0.0,0.0,120.58811492919922,119.5539421081543,59.156362911925555,2.511961322193585,3.1781950609743044,2.4541365535247994,-0.013902597839572595,0.0,0.0,0.0,0.0,0.0,0.0,0.0,0.0,0.0,6888700.0,6724900.0,6622900.0,0.0,0.0,0.0,0.0,0.0,0.0,0.0,0.0,0.0,0.0,0.0,0.0,0.0,0.0,0.0,0.0,0.0,0.0,0.0,0.0,0.0,0.0,0.0,0.0,119.86898040771484,0.8414781273214048,121.18010929652623,1.462123386765128,120.65650885445731,2.0655864076400277,-0.0008335344234863262
2025-07-14,118.97502415394932,119.69018664766304,118.7962335305209,119.16374969482422,6853300,0.0,0.0,119.95440216064453,119.64649848937988,59.10308916873259,2.2355704380196926,2.989670136383382,2.3994554116437476,0.0008342297827272915,0.0,0.0,0.0,0.0,0.0,0.0,0.0,0.0,0.0,6112400.0,6888700.0,6724900.0,0.0,0.0,0.0,0.0,0.0,0.0,0.0,0.0,0.0,0.0,0.0,0.0,0.0,0.0,0.0,0.0,0.0,0.0,0.0,0.0,0.0,0.0,0.0,0.0,119.65707906087239,0.9418016604821982,120.75299835205078,1.563544469320976,120.84948893955776,1.7448760106827614,0.008320711327242769
2025-07-15,119.42200410552073,119.42200410552073,118.08107064519388,118.18040466308594,7943600,0.0,0.0,119.39021911621094,119.72302131652832,51.13558090052467,1.9151048089924245,2.7747570709051907,2.322015246644445,-0.008252048414527091,0.0,0.0,0.0,0.0,0.0,0.0,0.0,0.0,0.0,6853300.0,6112400.0,6888700.0,0.0,0.0,0.0,0.0,0.0,0.0,0.0,0.0,0.0,0.0,0.0,0.0,0.0,0.0,0.0,0.0,0.0,0.0,0.0,0.0,0.0,0.0,0.0,0.0,118.80285898844402,0.5413441677348712,120.04067557198661,1.4088208708197734,120.8729019165039,1.703273562879005,-0.007010480206355307
2025-07-16,118.5578475658927,119.75971491071691,118.0810700480354,119.01475524902344,6747500,0.0,0.0,119.23327941894532,119.76510353088379,51.36985292415567,1.7087610744846984,2.5615578716210927,2.2999695852345203,0.007059974014441028,0.0,0.0,0.0,0.0,0.0,0.0,0.0,0.0,0.0,7943600.0,6853300.0,6112400.0,0.0,0.0,0.0,0.0,0.0,0.0,0.0,0.0,0.0,0.0,0.0,0.0,0.0,0.0,0.0,0.0,0.0,0.0,0.0,0.0,0.0,0.0,0.0,0.0,118.7863032023112,0.5299854866845136,119.56673867361886,1.0113730052543106,120.90128108433315,1.665698911140081,-0.019556512398386516
2025-07-17,118.94522794197565,121.5674853880584,118.94522794197565,121.3886947631836,9933700,0.0,0.0,119.3624053955078,119.99264488220214,52.5083553616889,1.7169967870457015,2.3926456547060146,2.218809300543747,0.01994659829525336,0.0,0.0,0.0,0.0,0.0,0.0,0.0,0.0,0.0,6747500.0,7943600.0,6853300.0,0.0,0.0,0.0,0.0,0.0,0.0,0.0,0.0,0.0,0.0,0.0,0.0,0.0,0.0,0.0,0.0,0.0,0.0,0.0,0.0,0.0,0.0,0.0,0.0,119.52795155843098,1.664574774706197,119.62207794189453,1.108851946217007,120.95449229649135,1.6687349122905304,0.0065063416762147774
2025-07-18,121.15031070251888,121.33903624634299,119.48160071715057,120.60400390625,9486800,0.0,0.0,119.67032165527344,120.19430389404297,46.90443380105219,1.641285931809108,2.2423737101266337,2.069715869572044,-0.006464282843344216,0.0,0.0,0.0,0.0,0.0,0.0,0.0,0.0,0.0,9933700.0,6747500.0,7943600.0,0.0,0.0,0.0,0.0,0.0,0.0,0.0,0.0,0.0,0.0,0.0,0.0,0.0,0.0,0.0,0.0,0.0,0.0,0.0,0.0,0.0,0.0,0.0,0.0,120.33581797281902,1.2094792166012247,119.7370136805943,1.1702963079873514,120.88921955653599,1.6628669572318862,0.004799744118738625
2025-07-21,120.25635833335758,121.15031147013362,119.96830634605631,120.02790069580078,6392500,0.0,0.0,119.84315185546875,120.37853164672852,38.48942031952403,1.5173072457410797,2.097360417249523,1.862507719564603,-0.004776816621254509,0.0,0.0,0.0,0.0,0.0,0.0,0.0,0.0,0.0,9486800.0,9933700.0,6747500.0,0.0,0.0,0.0,0.0,0.0,0.0,0.0,0.0,0.0,0.0,0.0,0.0,0.0,0.0,0.0,0.0,0.0,0.0,0.0,0.0,0.0,0.0,0.0,0.0,120.6735331217448,0.6830562621859471,119.63484736851284,1.0967354012937842,120.66431209019252,1.53793604334389,-0.001817277511193982
2025-07-22,119.93850757355754,120.61393798144448,119.74978203105155,120.24642181396484,5614500,0.0,0.0,120.25635528564453,120.56775131225587,40.979921547428226,1.4203135809459724,1.9619510499888129,1.6201387140616104,0.0018205860212274771,0.0,0.0,0.0,0.0,0.0,0.0,0.0,0.0,0.0,6392500.0,9486800.0,9933700.0,0.0,0.0,0.0,0.0,0.0,0.0,0.0,0.0,0.0,0.0,0.0,0.0,0.0,0.0,0.0,0.0,0.0,0.0,0.0,0.0,0.0,0.0,0.0,0.0,120.2927754720052,0.290835388979145,119.80370439801898,1.0852051466638886,120.4919068472726,1.428381725744424,-0.015292053161814478
2025-07-23,120.70332967460399,122.35217739369311,120.68346741763307,122.1137924194336,8258900,0.0,0.0,120.87616271972657,120.78080978393555,49.865219763213275,1.4770995205775819,1.8649807441065667,1.5214705945635563,0.015529531584380862,0.0,0.0,0.0,0.0,0.0,0.0,0.0,0.0,0.0,5614500.0,6392500.0,9486800.0,0.0,0.0,0.0,0.0,0.0,0.0,0.0,0.0,0.0,0.0,0.0,0.0,0.0,0.0,0.0,0.0,0.0,0.0,0.0,0.0,0.0,0.0,0.0,0.0,120.79603830973308,1.146426966707978,120.22513907296317,1.3385150733741626,120.48906871250698,1.4248613271435058,0.00811813003481987
2025-07-24,122.02439288122807,122.5706996724952,120.99138122563673,121.13043975830078,6702200,0.0,0.0,120.82451171875,120.90645942687988,43.07899363632121,1.426312799223325,1.7772471551299185,1.4347001910488923,-0.008052756708719855,0.0,0.0,0.0,0.0,0.0,0.0,0.0,0.0,0.0,8258900.0,5614500.0,6392500.0,0.0,0.0,0.0,0.0,0.0,0.0,0.0,0.0,0.0,0.0,0.0,0.0,0.0,0.0,0.0,0.0,0.0,0.0,0.0,0.0,0.0,0.0,0.0,0.0,121.1635513305664,0.9341255411910561,120.64657265799386,1.0120212668790092,120.34362411499023,1.2196679630327028,0.0039515456815779615
2025-07-25,121.43836303877318,121.62708100502067,120.05770503489295,120.65367126464844,5656600,0.0,0.0,120.83444519042969,120.90695610046387,44.15224681742725,1.3322355416974716,1.6882448324434292,1.4346061698720713,-0.003935992427697488,0.0,0.0,0.0,0.0,0.0,0.0,0.0,0.0,0.0,6702200.0,8258900.0,5614500.0,0.0,0.0,0.0,0.0,0.0,0.0,0.0,0.0,0.0,0.0,0.0,0.0,0.0,0.0,0.0,0.0,0.0,0.0,0.0,0.0,0.0,0.0,0.0,0.0,121.29930114746094,0.7445630082299841,120.88070351736886,0.7186357197852715,120.22372109549386,1.0841032649816076,0.009138473169861383
2025-07-28,120.21662625546254,120.5841424278824,119.08428814144891,119.56106567382812,6042200,0.0,0.0,120.74107818603515,120.80911827087402,44.897960286808484,1.156186696884447,1.5818332053316329,1.4572978083255623,-0.009055717736294433,0.0,0.0,0.0,0.0,0.0,0.0,0.0,0.0,0.0,5656600.0,6702200.0,8258900.0,0.0,0.0,0.0,0.0,0.0,0.0,0.0,0.0,0.0,0.0,0.0,0.0,0.0,0.0,0.0,0.0,0.0,0.0,0.0,0.0,0.0,0.0,0.0,0.0,120.44839223225911,0.8045734056675574,120.61961364746094,0.8271272854090506,120.12084579467773,1.0729156646061606,0.0038362152349400436
2025-07-29,119.76965198515667,119.9981020417757,118.55784970114436,119.10415649414062,6283700,0.0,0.0,120.51262512207032,120.60549583435059,47.39969595496847,0.9686321779603162,1.4591929998573696,1.3921448690450204,-0.0038215549277051952,0.0,0.0,0.0,0.0,0.0,0.0,0.0,0.0,0.0,6042200.0,5656600.0,6702200.0,0.0,0.0,0.0,0.0,0.0,0.0,0.0,0.0,0.0,0.0,0.0,0.0,0.0,0.0,0.0,0.0,0.0,0.0,0.0,0.0,0.0,0.0,0.0,0.0,119.77296447753906,0.7961939671122449,120.40534973144531,1.0066314136095844,120.07118170601981,1.10456247090952,0.0030952161109305543
2025-07-30,119.14388161401733,119.69018840979206,118.37905967805447,118.73664093017578,5281500,0.0,0.0,119.83719482421876,120.4093231201172,42.15838870461612,0.7813317300771416,1.323620745901324,1.3635257076707323,-0.0030856653099501363,0.0,0.0,0.0,0.0,0.0,0.0,0.0,0.0,0.0,6283700.0,6042200.0,5656600.0,0.0,0.0,0.0,0.0,0.0,0.0,0.0,0.0,0.0,0.0,0.0,0.0,0.0,0.0,0.0,0.0,0.0,0.0,0.0,0.0,0.0,0.0,0.0,0.0,119.13395436604817,0.41301933897105936,120.22088405064174,1.18910113071171,119.92786570957729,1.1402690880985265,0.003610095964633464
2025-07-31,118.65717850521108,119.10415886605173,117.78309519713173,118.30953216552734,7235000,0.0,0.0,119.27301330566407,120.21712341308594,46.72978495142519,0.5916109451815856,1.1772187857573764,1.3755937953297528,-0.003597110052149799,0.0,0.0,0.0,0.0,0.0,0.0,0.0,0.0,0.0,5281500.0,6283700.0,6042200.0,0.0,0.0,0.0,0.0,0.0,0.0,0.0,0.0,0.0,0.0,0.0,0.0,0.0,0.0,0.0,0.0,0.0,0.0,0.0,0.0,0.0,0.0,0.0,0.0,118.71677652994792,0.39768442476818855,119.94418552943638,1.3904704446261966,119.87394496372768,1.2004980353050227,0.021614225193581804
2025-08-01,116.79974475083353,117.09773166265464,114.79332328935355,115.80646514892578,8637800,0.0,0.0,118.30357208251954,119.84911346435547,37.96296701541235,0.23655243779741397,0.9890855161653839,1.521744099424967,-0.021156934448016473,0.0,0.0,0.0,0.0,0.0,0.0,0.0,0.0,0.0,7235000.0,5281500.0,6283700.0,0.0,0.0,0.0,0.0,0.0,0.0,0.0,0.0,0.0,0.0,0.0,0.0,0.0,0.0,0.0,0.0,0.0,0.0,0.0,0.0,0.0,0.0,0.0,0.0,117.61754608154297,1.5829137950554681,119.0431387765067,1.7478933738307543,119.63413892473493,1.6165123792895446,-0.02312522750218937
2025-08-04,116.93880457908668,118.7167683021518,116.93880457908668,118.54791259765625,8845000,0.0,0.0,118.10094146728515,119.6598934173584,51.17012790029937,0.17436790583904838,0.8261419941001168,1.4291910399831935,0.023672663224846735,0.0,0.0,0.0,0.0,0.0,0.0,0.0,0.0,0.0,8637800.0,7235000.0,5281500.0,0.0,0.0,0.0,0.0,0.0,0.0,0.0,0.0,0.0,0.0,0.0,0.0,0.0,0.0,0.0,0.0,0.0,0.0,0.0,0.0,0.0,0.0,0.0,0.0,117.5546366373698,1.5186454399766154,118.67420632498605,1.4869674386041731,119.66038949148995,1.5939152708812423,0.008705149291596603
2025-08-05,118.44859163452878,118.76644080161816,116.54149663199254,117.52484130859375,15365700,0.0,0.0,117.78507843017579,119.48606948852539,45.31251650218093,0.04204820781723129,0.6693232368435398,1.4683302532624112,-0.008630023647356322,0.0,0.0,0.0,0.0,0.0,0.0,0.0,0.0,0.0,8845000.0,8637800.0,7235000.0,0.0,0.0,0.0,0.0,0.0,0.0,0.0,0.0,0.0,0.0,0.0,0.0,0.0,0.0,0.0,0.0,0.0,0.0,0.0,0.0,0.0,0.0,0.0,0.0,117.29307301839192,1.38534145025509,118.22723061697823,1.2430259108002852,119.55396706717355,1.6873401643413417,0.027350934330026666
2025-08-06,115.00190485366755,115.33962384060702,111.44596225311774,114.39600372314453,22153700,0.0,0.0,116.91695098876953,119.21589698791504,28.997609536921104,-0.31169413457548956,0.4731197625597339,1.8540791036365116,-0.026622776517805202,0.0,0.0,0.0,0.0,0.0,0.0,0.0,0.0,0.0,15365700.0,8845000.0,8637800.0,0.0,0.0,0.0,0.0,0.0,0.0,0.0,0.0,0.0,0.0,0.0,0.0,0.0,0.0,0.0,0.0,0.0,0.0,0.0,0.0,0.0,0.0,0.0,0.0,116.82291920979817,2.1631245456850943,117.48936462402344,1.7492255656797158,119.05448913574219,2.08950093556812,0.02028698196023182
2025-08-07,114.9721141162254,115.61774737418712,111.06852497096862,112.12139892578125,15484400,0.0,0.0,115.67932434082032,118.78481369018554,26.615558051394657,-0.7667405788657078,0.2251476942746456,2.4017272503733693,-0.01988360365164643,0.0,0.0,0.0,0.42115,0.7019166666666666,2.0,6.0,0.5,0.0,22153700.0,15365700.0,8845000.0,0.0,0.0,0.0,0.0,0.0,0.0,0.0,0.0,0.0,0.0,0.0,0.0,0.0,0.0,0.0,0.0,0.0,0.0,0.0,0.0,0.0,0.0,0.0,0.0,114.68074798583984,2.712951689110385,116.49182782854352,2.503353944315524,118.44858877999442,2.7355960472252345,0.004002489514865593
2025-08-08,112.53857917844859,113.52192383844323,111.26717495344046,111.67442321777344,9491000,0.0,0.0,114.85291595458985,118.41531372070312,26.806404941608605,-1.1501768457846993,-0.04991721373722338,2.8777407887105055,-0.003986533456505348,0.0,0.0,0.0,0.0,0.0,0.0,0.0,0.0,0.0,15484400.0,22153700.0,15365700.0,0.0,0.0,0.0,0.0,0.0,0.0,0.0,0.0,0.0,0.42115,0.0,0.0,0.7019166666666666,0.0,0.0,2.0,0.0,0.0,6.0,0.0,0.0,0.5,0.0,0.0,112.73060862223308,1.459487051156005,115.48293958391461,2.847334973698458,117.85191181727818,3.2308141377391375,-0.0010661971022615235
2025-08-11,112.15119849555097,112.38958346752098,110.79040277340069,111.79361724853516,8532600,0.0,0.0,113.50205688476562,118.04680709838867,26.400453959492978,-1.4279740912498227,-0.32552858923974326,3.2274905849389848,0.0010673350918435354,0.0,0.0,0.0,0.0,0.0,0.0,0.0,0.0,0.0,9491000.0,15484400.0,22153700.0,0.0,0.0,0.0,0.0,0.0,0.0,0.0,0.0,0.0,0.0,0.42115,0.0,0.0,0.7019166666666666,0.0,0.0,2.0,0.0,0.0,6.0,0.0,0.0,0.5,0.0,111.86314646402995,0.23145745773820653,114.55209459577289,2.834315485937222,117.24814006260463,3.5253125362490145,-0.010288452062928388
2025-08-12,112.54850886827593,113.63118757114158,111.73401990072314,112.95575714111328,7274000,0.0,0.0,112.58824005126954,117.78557472229004,23.383372285368367,-1.5366419805538811,-0.5677512675025709,3.421705548201487,0.010395404685711984,0.0,0.0,0.0,0.8934,0.8934,1.0,7.0,1.0,0.0,8532600.0,9491000.0,15484400.0,0.0,0.0,0.0,0.0,0.0,0.0,0.0,0.0,0.0,0.0,0.0,0.42115,0.0,0.0,0.7019166666666666,0.0,0.0,2.0,0.0,0.0,6.0,0.0,0.0,0.5,112.14126586914062,0.7078833437310877,114.1448505946568,2.8288389753972303,116.59399468558175,3.4004644712645593,-0.02503428436149102
2025-08-13,113.46233260017918,116.44217141482872,113.38286841303926,115.85613250732422,9025700,0.0,0.0,112.88026580810546,117.62764358520508,36.20780327654301,-1.3729000756606808,-0.728781029134193,3.434854826669777,0.025677091983789424,0.0,0.0,0.0,0.0,0.0,0.0,0.0,0.0,0.0,7274000.0,8532600.0,9491000.0,0.0,0.0,0.0,0.0,0.0,0.0,0.0,0.0,0.0,0.8934,0.0,0.0,0.8934,0.0,0.0,1.0,0.0,0.0,7.0,0.0,0.0,1.0,0.0,0.0,113.53516896565755,2.092318356223465,113.76031058175224,2.25537924837679,116.21725845336914,3.1415227336604215,0.002837306392174499
2025-08-14,114.70392692524119,115.92565654031509,113.84970589737605,115.5283432006836,6800900,0.0,0.0,113.56165466308593,117.33462600708008,36.4921333954785,-1.2551151082466276,-0.8340478449566799,3.345937804538121,-0.002829278861176454,0.0,0.0,0.0,0.0,0.0,0.0,0.0,0.0,0.0,9025700.0,7274000.0,8532600.0,0.0,0.0,0.0,0.0,0.0,0.0,0.0,0.0,0.0,0.0,0.8934,0.0,0.0,0.8934,0.0,0.0,1.0,0.0,0.0,7.0,0.0,0.0,1.0,0.0,114.7800776163737,1.588386084907465,113.47509656633649,1.7750695681295017,115.85116359165737,2.8718211247577923,0.007972904572236983
2025-08-15,115.78660270216498,116.05478485986843,114.41587958189479,114.61453247070312,6768600,0.0,0.0,114.14967651367188,117.03515243530273,36.839319004098705,-1.2214267149919351,-0.911523618963731,3.3057134323543185,-0.007909840171368976,0.0,0.0,0.0,0.0,0.0,0.0,0.0,0.0,0.0,6800900.0,9025700.0,7274000.0,0.0,0.0,0.0,0.0,0.0,0.0,0.0,0.0,0.0,0.0,0.0,0.8934,0.0,0.0,0.8934,0.0,0.0,1.0,0.0,0.0,7.0,0.0,0.0,1.0,115.33300272623698,0.6434369343238132,113.50631495884487,1.7957660344395552,115.49783979143415,2.6780272676934977,-0.009952827832330202
2025-08-18,114.41587804708429,116.22364659222919,114.38608087197494,115.76673889160156,5798400,0.0,0.0,114.94430084228516,116.82209434509278,41.43731281930823,-1.0891993794074182,-0.9470587710524685,3.239326931479502,0.01005288244047886,0.0,0.0,0.0,0.0,0.0,0.0,0.0,0.0,0.0,6768600.0,6800900.0,9025700.0,0.0,0.0,0.0,0.0,0.0,0.0,0.0,0.0,0.0,0.0,0.0,0.0,0.0,0.0,0.0,0.0,0.0,0.0,0.0,0.0,0.0,0.0,0.0,0.0,115.30320485432942,0.6082025693295756,114.02707781110492,1.854805479547854,115.25945281982422,2.4730078275283587,0.00240828579795771
2025-08-19,115.71706694359176,116.20377179856202,114.94231011131865,115.48860931396484,5914000,0.0,0.0,115.45087127685547,116.58420372009277,41.62824850135725,-0.995376910377388,-0.9567223989174525,3.1480308392797607,-0.0024024998915892493,0.0,0.0,0.0,0.0,0.0,0.0,0.0,0.0,0.0,5798400.0,6768600.0,6800900.0,0.0,0.0,0.0,0.0,0.0,0.0,0.0,0.0,0.0,0.0,0.0,0.0,0.0,0.0,0.0,0.0,0.0,0.0,0.0,0.0,0.0,0.0,0.0,0.0,115.28996022542317,0.6012412197892014,114.57196153913226,1.5897915461158927,115.02745056152344,2.2653426497358686,-0.006579001338205437
2025-08-20,115.29989338669732,117.09772696908973,115.22042920298055,116.2534408569336,7046700,0.0,0.0,115.53033294677735,116.29118614196777,44.79113997448683,-0.8495137484745499,-0.935280668828872,2.866390835381618,0.006622571243277253,0.0,0.0,0.0,0.0,0.0,0.0,0.0,0.0,0.0,5914000.0,5798400.0,6768600.0,0.0,0.0,0.0,0.0,0.0,0.0,0.0,0.0,0.0,0.0,0.0,0.0,0.0,0.0,0.0,0.0,0.0,0.0,0.0,0.0,0.0,0.0,0.0,0.0,115.83626302083333,0.3871266274605176,115.20907919747489,1.1129065763205261,114.88058689662388,2.0965563819201667,0.0071422660559046225
2025-08-21,115.78659735913304,115.87599645965679,114.75358571313026,115.42901611328125,6337100,0.0,0.0,115.51046752929688,116.0061149597168,48.9548886570785,-0.791318501480518,-0.9064882353592012,2.6338623032606105,-0.007091615848746513,0.0,0.0,0.0,0.0,0.0,0.0,0.0,0.0,0.0,7046700.0,5914000.0,5798400.0,0.0,0.0,0.0,0.0,0.0,0.0,0.0,0.0,0.0,0.0,0.0,0.0,0.0,0.0,0.0,0.0,0.0,0.0,0.0,0.0,0.0,0.0,0.0,0.0,115.72368876139323,0.4597453636948103,115.5624019077846,0.5047143878156908,114.8536262512207,2.0861351901653817,-0.022295167946738803
2025-08-22,116.79974133108728,118.97502602057473,116.34283363696201,118.06121063232422,7161700,0.0,0.0,116.19980316162109,115.87649192810059,48.6441773780614,-0.5267304289377961,-0.8305366740749203,2.4505099150108243,0.02280357753772888,0.0,0.0,0.0,0.0,0.0,0.0,0.0,0.0,0.0,6337100.0,7046700.0,5914000.0,0.0,0.0,0.0,0.0,0.0,0.0,0.0,0.0,0.0,0.0,0.0,0.0,0.0,0.0,0.0,0.0,0.0,0.0,0.0,0.0,0.0,0.0,0.0,0.0,116.58122253417969,1.3463627362169328,115.87741306849888,1.0794723121905585,114.81886182512555,2.022934016364461,0.009769785561298372
2025-08-25,117.69369453790813,118.24993625217091,116.90900276549674,116.91893768310547,5424900,0.0,0.0,116.43024291992188,115.74438552856445,48.32324894085376,-0.4045509443598263,-0.7453395281319015,2.3085259078401625,-0.009675260342502434,0.0,0.0,0.0,0.0,0.0,0.0,0.0,0.0,0.0,7161700.0,6337100.0,7046700.0,0.0,0.0,0.0,0.0,0.0,0.0,0.0,0.0,0.0,0.0,0.0,0.0,0.0,0.0,0.0,0.0,0.0,0.0,0.0,0.0,0.0,0.0,0.0,0.0,116.80305480957031,1.3199180379114164,116.07606942313058,1.1312409230782754,114.77558299473354,1.9662767880402419,0.0005099566572748238
2025-08-26,116.64082176161217,117.58443433443024,116.37263960851416,116.85934448242188,5787400,0.0,0.0,116.70438995361329,115.63214492797852,58.211933634096326,-0.3089698833420442,-0.65806559917393,2.1880014788251034,-0.0005096967340322278,0.0,0.0,0.0,0.0,0.0,0.0,0.0,0.0,0.0,5424900.0,7161700.0,6337100.0,0.0,0.0,0.0,0.0,0.0,0.0,0.0,0.0,0.0,0.0,0.0,0.0,0.0,0.0,0.0,0.0,0.0,0.0,0.0,0.0,0.0,0.0,0.0,0.0,117.27983093261719,0.6773503626097093,116.39675685337612,0.9518212994093733,114.9515359061105,2.0385841019472917,-0.0037259002394325336
2025-08-27,116.74014496318969,117.6638952530702,116.50175999170744,117.29637908935547,4378000,0.0,0.0,116.91297760009766,115.5601318359375,69.66032573252137,-0.19570025283663028,-0.5655925299064701,2.1024762488577107,0.0037398344896528712,0.0,0.0,0.0,0.0,0.0,0.0,0.0,0.0,0.0,5787400.0,5424900.0,7161700.0,0.0,0.0,0.0,0.0,0.0,0.0,0.0,0.0,0.0,0.0,0.0,0.0,0.0,0.0,0.0,0.0,0.0,0.0,0.0,0.0,0.0,0.0,0.0,0.0,117.02488708496094,0.23699951208691758,116.61527688162667,0.9586382035766039,115.32117734636579,1.953329582156955,0.003825163299900458
2025-08-28,117.30631871530683,117.57450844984554,115.82633423985592,116.84941101074219,5687700,0.0,0.0,117.19705657958984,115.48712577819825,69.66036611452296,-0.14038161124355497,-0.4805503461738871,2.025939185611255,-0.0038105871816621617,0.0,0.0,0.0,0.0,0.0,0.0,0.0,0.0,0.0,4378000.0,5787400.0,5424900.0,0.0,0.0,0.0,0.0,0.0,0.0,0.0,0.0,0.0,0.0,0.0,0.0,0.0,0.0,0.0,0.0,0.0,0.0,0.0,0.0,0.0,0.0,0.0,0.0,117.00171152750652,0.25523792325847405,116.80967712402344,0.8200428885966417,115.69081933157784,1.6807792064801035,-0.006251027201029435
2025-08-29,116.6010898422933,117.85262424089598,116.46203130668432,117.58443450927734,5212600,0.0,0.0,117.10170135498046,115.57602424621582,71.01656262875522,-0.03680665157961016,-0.3918016072550317,2.079003172316702,0.006290348339604179,0.0,0.0,0.0,0.0,0.0,0.0,0.0,0.0,0.0,5687700.0,4378000.0,5787400.0,0.0,0.0,0.0,0.0,0.0,0.0,0.0,0.0,0.0,0.0,0.0,0.0,0.0,0.0,0.0,0.0,0.0,0.0,0.0,0.0,0.0,0.0,0.0,0.0,117.243408203125,0.3703637697462243,116.99981907435826,0.8238724139763134,116.10444913591657,1.3222237500276193,0.0009300736096662376
2025-09-02,116.23357446084289,117.48510886798425,115.22043261190494,117.47517395019531,6015900,0.0,0.0,117.21294860839843,115.52238731384277,67.75953695670032,0.03604532807739247,-0.3062322201885469,2.0110214795624,-0.0009292093765472798,0.0,0.0,0.0,0.0,0.0,0.0,0.0,0.0,0.0,5212600.0,5687700.0,4378000.0,0.0,0.0,0.0,0.0,0.0,0.0,0.0,0.0,0.0,0.0,0.0,0.0,0.0,0.0,0.0,0.0,0.0,0.0,0.0,0.0,0.0,0.0,0.0,0.0,117.30300649007161,0.3966057382258706,117.29212733677456,0.4533258578886199,116.42726462227958,1.0089320663957053,0.007582204127828618
2025-09-03,117.0381363699952,117.82282815856429,115.56807923662433,116.59115600585938,6288700,0.0,0.0,117.15931091308593,115.47570304870605,53.43226495071826,0.022192366971864885,-0.24054730275646455,1.9725590717280927,-0.007525146927730653,0.0,0.0,0.0,0.0,0.0,0.0,0.0,0.0,0.0,6015900.0,5212600.0,5687700.0,0.0,0.0,0.0,0.0,0.0,0.0,0.0,0.0,0.0,0.0,0.0,0.0,0.0,0.0,0.0,0.0,0.0,0.0,0.0,0.0,0.0,0.0,0.0,0.0,117.21692148844402,0.5446754050243212,117.08211953299386,0.3706244164273625,116.47976630074638,0.9959668443397032,-0.012036002823634262
2025-09-04,116.29317386175997,118.87569922785605,115.97532470251925,118.01154327392578,6949300,0.0,0.0,117.30234375,115.65648002624512,60.52189542694951,0.12439324940477547,-0.16755919232421657,2.0331454143213206,0.012182633029172774,0.0,0.0,0.0,0.0,0.0,0.0,0.0,0.0,0.0,6288700.0,6015900.0,5212600.0,0.0,0.0,0.0,0.0,0.0,0.0,0.0,0.0,0.0,0.0,0.0,0.0,0.0,0.0,0.0,0.0,0.0,0.0,0.0,0.0,0.0,0.0,0.0,0.0,117.35929107666016,0.7172493486265811,117.2382060459682,0.4984699799821043,116.65713773454938,1.0338886801455025,0.007632873202101376
2025-09-05,118.1108790721559,118.97502746097847,116.90900410573872,117.11759948730469,6669100,0.0,0.0,117.3559814453125,115.90629005432129,60.62396296531366,0.13173582389492822,-0.1077001890803876,1.8768660318652477,-0.007575053777121532,0.0,0.0,0.0,0.0,0.0,0.0,0.0,0.0,0.0,6949300.0,6288700.0,6015900.0,0.0,0.0,0.0,0.0,0.0,0.0,0.0,0.0,0.0,0.0,0.0,0.0,0.0,0.0,0.0,0.0,0.0,0.0,0.0,0.0,0.0,0.0,0.0,0.0,117.24009958902995,0.7180736062641531,117.2750996180943,0.47474832519810917,116.83592823573521,0.8543238259036143,-0.007825598835050518
2025-09-08,117.16726037158817,118.08107578222587,115.95545805055379,118.04134368896484,6450700,0.0,0.0,117.44736328125,116.22463607788086,59.84521712597606,0.20967628638979363,-0.04422489398635136,1.6472108677849795,0.007887321851745233,0.0,0.0,0.0,0.0,0.0,0.0,0.0,0.0,0.0,6669100.0,6949300.0,6288700.0,0.0,0.0,0.0,0.0,0.0,0.0,0.0,0.0,0.0,0.0,0.0,0.0,0.0,0.0,0.0,0.0,0.0,0.0,0.0,0.0,0.0,0.0,0.0,0.0,117.72349548339844,0.5249328383191942,117.38152313232422,0.5567332160694484,116.99840000697544,0.8516319665822132,0.012524430590944657
2025-09-09,117.73343056669384,118.24994020591319,116.43223670694857,116.58123016357422,5444300,0.0,0.0,117.26857452392578,116.46401672363281,54.29023526014263,0.15187498533448718,-0.005004918122183653,1.275269606598273,-0.012369509527424327,0.0,0.0,0.0,0.0,0.0,0.0,0.0,0.0,0.0,6450700.0,6669100.0,6949300.0,0.0,0.0,0.0,0.0,0.0,0.0,0.0,0.0,0.0,0.0,0.0,0.0,0.0,0.0,0.0,0.0,0.0,0.0,0.0,0.0,0.0,0.0,0.0,0.0,117.24672444661458,0.7385714712163178,117.3432115827288,0.6064599939154481,117.07644435337612,0.7461640851732032,0.013645458868132065
2025-09-10,116.06471472578767,116.72028287093971,113.73050928234208,115.0118408203125,7484900,0.0,0.0,116.95271148681641,116.56682090759277,45.414513713996215,-0.020335155243515146,-0.00807096554644995,1.0384577221154663,-0.013461766881853299,0.0,0.0,0.0,0.0,0.0,0.0,0.0,0.0,0.0,5444300.0,6450700.0,6669100.0,0.0,0.0,0.0,0.0,0.0,0.0,0.0,0.0,0.0,0.0,0.0,0.0,0.0,0.0,0.0,0.0,0.0,0.0,0.0,0.0,0.0,0.0,0.0,0.0,116.54480489095052,1.5150798685737206,116.97569819859096,1.0518555718533442,116.98775863647461,0.9077881721000185,-0.011018135210121516
2025-09-11,114.67412418245188,116.38256626812213,113.85963523208837,116.29317474365234,8399100,0.0,0.0,116.60903778076172,116.58867301940919,53.08732226370742,-0.052811218447089914,-0.017019016126577944,1.0272535764626276,0.011140887009553513,0.0,0.0,0.0,0.0,0.0,0.0,0.0,0.0,0.0,7484900.0,5444300.0,6450700.0,0.0,0.0,0.0,0.0,0.0,0.0,0.0,0.0,0.0,0.0,0.0,0.0,0.0,0.0,0.0,0.0,0.0,0.0,0.0,0.0,0.0,0.0,0.0,0.0,115.96208190917969,0.835441545809816,116.80684116908482,1.0531836045564282,117.04948425292969,0.8186508392867047,0.009658497585441905
2025-09-12,115.47868912253979,116.22364882708563,114.32648114201034,115.18070220947266,7640900,0.0,0.0,116.2216583251953,116.57129096984863,38.45539005721639,-0.16639783800327734,-0.04689478050191783,1.0488537116642622,-0.00956610339886188,0.0,0.0,0.0,0.0,0.0,0.0,0.0,0.0,0.0,8399100.0,7484900.0,5444300.0,0.0,0.0,0.0,0.0,0.0,0.0,0.0,0.0,0.0,0.0,0.0,0.0,0.0,0.0,0.0,0.0,0.0,0.0,0.0,0.0,0.0,0.0,0.0,0.0,115.4952392578125,0.6961711871795647,116.60534776960101,1.222619109775069,116.84373365129743,0.9024986373235326,0.002940668451506978
2025-09-15,115.32969192987576,115.96539025091153,114.22715099661521,114.84298706054688,7150900,0.0,0.0,115.58198699951171,116.58271369934081,41.10637029405631,-0.28043417189462616,-0.09360265878045951,1.027447247074915,-0.0029320462755262344,0.0,0.0,0.0,0.0,0.0,0.0,0.0,0.0,0.0,7640900.0,8399100.0,7484900.0,0.0,0.0,0.0,0.0,0.0,0.0,0.0,0.0,0.0,0.0,0.0,0.0,0.0,0.0,0.0,0.0,0.0,0.0,0.0,0.0,0.0,0.0,0.0,0.0,115.43895467122395,0.7588028924286169,116.15269688197544,1.2016006418856853,116.69545146397182,1.0480037452123716,0.0033844987636921786
2025-09-16,114.67412733002617,115.07144068752592,113.93910254443091,114.45561218261719,6844900,0.0,0.0,115.15686340332032,116.5171573638916,39.98342981260301,-0.39748474658001953,-0.1543790763403715,1.1199178160201337,-0.0033730825699044287,0.0,0.0,0.0,0.0,0.0,0.0,0.0,0.0,0.0,7150900.0,7640900.0,8399100.0,0.0,0.0,0.0,0.0,0.0,0.0,0.0,0.0,0.0,0.0,0.0,0.0,0.0,0.0,0.0,0.0,0.0,0.0,0.0,0.0,0.0,0.0,0.0,0.0,114.82643381754558,0.36282832600499487,115.7724129813058,1.2648987534414216,116.52375629970005,1.2043307724290098,-0.007493454763489282
2025-09-17,114.46553452521005,115.8759972616639,114.44567226835709,115.31975555419922,7333900,0.0,0.0,115.21844635009765,116.50871467590332,42.04634902000754,-0.4157267826138309,-0.2066486175950634,1.1286819700635433,0.007550030576074063,0.0,0.0,0.0,0.0,0.0,0.0,0.0,0.0,0.0,6844900.0,7150900.0,7640900.0,0.0,0.0,0.0,0.0,0.0,0.0,0.0,0.0,0.0,0.0,0.0,0.0,0.0,0.0,0.0,0.0,0.0,0.0,0.0,0.0,0.0,0.0,0.0,0.0,114.87278493245442,0.4328416298599671,115.38361467633929,0.7744370509483028,116.38256890433175,1.2225119604251644,0.010795750685747452
2025-09-18,114.55493158727018,115.00190435066159,113.28353498390464,114.08808898925781,9460500,0.0,0.0,114.77742919921874,116.40044708251953,39.54882884464563,-0.5235339524064386,-0.27002568455733844,1.2516171299150318,-0.010680447240130841,0.0,0.0,0.0,0.0,0.0,0.0,0.0,0.0,0.0,7333900.0,6844900.0,7150900.0,0.0,0.0,0.0,0.0,0.0,0.0,0.0,0.0,0.0,0.0,0.0,0.0,0.0,0.0,0.0,0.0,0.0,0.0,0.0,0.0,0.0,0.0,0.0,0.0,114.62115224202473,0.6322999804286011,115.02745165143695,0.7017425600792155,116.18533161708287,1.3567784887399537,0.009669462512653215
2025-09-19,113.82983458049183,113.82983458049183,111.17778000851997,112.9954833984375,23398400,0.0,0.0,114.34038543701172,116.27877044677734,33.08927596438835,-0.6891914806865174,-0.3538588437831742,1.4530975778849937,-0.009576859429411555,0.0,0.0,0.0,0.0,0.0,0.0,0.0,0.0,0.0,9460500.0,7333900.0,6844900.0,0.0,0.0,0.0,0.0,0.0,0.0,0.0,0.0,0.0,0.0,0.0,0.0,0.0,0.0,0.0,0.0,0.0,0.0,0.0,0.0,0.0,0.0,0.0,0.0,114.13444264729817,1.1628292048802662,114.73940059116909,1.041032589440133,115.85754939488002,1.5353398130495894,0.010661024460100865
2025-09-22,111.00892400218635,112.86635190018592,110.77053145528677,111.80354309082031,15479800,0.0,0.0,113.73249664306641,115.96588706970215,30.644019005205408,-0.9062096657792722,-0.46432900818239387,1.7015628352798022,-0.010548565940589394,0.0,0.0,0.0,0.0,0.0,0.0,0.0,0.0,0.0,23398400.0,9460500.0,7333900.0,0.0,0.0,0.0,0.0,0.0,0.0,0.0,0.0,0.0,0.0,0.0,0.0,0.0,0.0,0.0,0.0,0.0,0.0,0.0,0.0,0.0,0.0,0.0,0.0,112.96237182617188,1.1426328249618056,114.0980246407645,1.2798435119697618,115.45243290492466,1.8009628870153152,0.0027616067819007384
2025-09-23,111.96247861453877,112.85643177726959,110.8500027255713,111.49563598632812,13145000,0.0,0.0,113.1405014038086,115.69472198486328,31.89834800878576,-1.0904733727968647,-0.5895578811052881,1.9549563836524757,-0.0027540013131969188,0.0,0.0,0.0,0.0,0.0,0.0,0.0,0.0,0.0,15479800.0,23398400.0,9460500.0,0.0,0.0,0.0,0.0,0.0,0.0,0.0,0.0,0.0,0.0,0.0,0.0,0.0,0.0,0.0,0.0,0.0,0.0,0.0,0.0,0.0,0.0,0.0,0.0,112.09822082519531,0.792156417795724,113.57158660888672,1.4993483846819848,115.08846718924386,2.0507040466259867,-0.010402854739716694
2025-09-24,111.65455989602667,113.38286422277672,111.44596451796286,112.6677017211914,8755200,0.0,0.0,112.61009063720704,115.48513984680176,30.675246764254055,-1.1289143567355353,-0.6974291762313376,2.046090591201455,0.010512211751561251,0.0,0.0,0.0,0.0,0.0,0.0,0.0,0.0,0.0,13145000.0,15479800.0,23398400.0,0.0,0.0,0.0,0.0,0.0,0.0,0.0,0.0,0.0,0.0,0.0,0.0,0.0,0.0,0.0,0.0,0.0,0.0,0.0,0.0,0.0,0.0,0.0,0.0,111.98896026611328,0.6076340744068238,113.26083156040737,1.4149700440012611,114.7067642211914,1.9601021088399617,0.003894142993849714
2025-09-25,111.95254241034725,113.28354101025933,111.89294805955721,112.23065948486328,6365500,0.0,0.0,112.23860473632813,115.23185386657715,31.723569636303765,-1.1810305840101307,-0.7941494577870963,2.1222037517831707,-0.003879037467273805,0.0,0.0,0.0,0.0,0.0,0.0,0.0,0.0,0.0,8755200.0,13145000.0,15479800.0,0.0,0.0,0.0,0.0,0.0,0.0,0.0,0.0,0.0,0.0,0.0,0.0,0.0,0.0,0.0,0.0,0.0,0.0,0.0,0.0,0.0,0.0,0.0,0.0,112.13133239746094,0.5923123537702843,112.94298117501395,1.3502711487009678,114.35769707815987,1.9326964305012775,-0.004230210016537783
2025-09-26,112.36971660873002,112.80676205068485,112.00220801265147,112.70743560791016,6145700,0.0,0.0,112.18099517822266,115.02475509643554,29.36200837887239,-1.1703699250903412,-0.8693935512477453,2.1578452329231865,0.004248180713142702,0.0,0.0,0.0,0.0,0.0,0.0,0.0,0.0,0.0,6365500.0,8755200.0,13145000.0,0.0,0.0,0.0,0.0,0.0,0.0,0.0,0.0,0.0,0.0,0.0,0.0,0.0,0.0,0.0,0.0,0.0,0.0,0.0,0.0,0.0,0.0,0.0,0.0,112.53526560465495,0.26454368561584374,112.56979261125836,0.8535153177585397,113.97670364379883,1.6567119430846993,-0.01141311188884897
2025-09-29,112.707435021951,114.23708648271854,112.56837648716503,114.00862884521484,9304100,0.0,0.0,112.62201232910157,114.84596481323243,39.92213772763626,-1.0448811172617667,-0.9044910644505496,2.0813818725760247,0.011544874837107644,0.0,0.0,0.0,0.0,0.0,0.0,0.0,0.0,0.0,6145700.0,6365500.0,8755200.0,0.0,0.0,0.0,0.0,0.0,0.0,0.0,0.0,0.0,0.0,0.0,0.0,0.0,0.0,0.0,0.0,0.0,0.0,0.0,0.0,0.0,0.0,0.0,0.0,112.98224131266277,0.920289298596117,112.55844116210938,0.8301660692100621,113.79294640677315,1.4787144813789295,0.0024453799405188548
2025-09-30,113.76031170195319,114.10795804732642,112.57830654956221,113.73051452636719,9303700,0.0,0.0,113.06898803710938,114.65873184204102,44.41558977032713,-0.9568419557399039,-0.9149612427084205,1.9992264877463906,-0.002439414644879623,0.0,0.0,0.0,0.0,0.0,0.0,0.0,0.0,0.0,9304100.0,6145700.0,6365500.0,0.0,0.0,0.0,0.0,0.0,0.0,0.0,0.0,0.0,0.0,0.0,0.0,0.0,0.0,0.0,0.0,0.0,0.0,0.0,0.0,0.0,0.0,0.0,0.0,113.48219299316406,0.6852179566320404,112.66344560895648,0.9345785799555418,113.70142310006278,1.4365203057724247,0.013722936324968904
2025-10-01,113.31333637422672,115.28002570007743,112.03200480587098,112.19092559814453,9736300,0.0,0.0,112.9736328125,114.43872032165527,32.5147604571937,-0.9997774336565897,-0.9319244808980544,2.0174101109993368,-0.013537166649023824,0.0,0.0,0.0,0.0,0.0,0.0,0.0,0.0,0.0,9303700.0,9304100.0,6145700.0,0.0,0.0,0.0,0.0,0.0,0.0,0.0,0.0,0.0,0.0,0.0,0.0,0.0,0.0,0.0,0.0,0.0,0.0,0.0,0.0,0.0,0.0,0.0,0.0,113.31002298990886,0.9790919889250311,112.71878596714565,0.885346228496656,113.40840530395508,1.2766865699689471,0.007223126278371073
2025-10-02,112.22072655798114,112.40944451879446,110.03550700763913,111.38636779785156,8695100,0.0,0.0,112.80477447509766,114.10746154785156,33.39124162183283,-1.0862041148550787,-0.9627804076894593,1.9424085989489488,-0.0071713268787424456,0.0,0.0,0.0,0.0,0.0,0.0,0.0,0.0,0.0,9736300.0,9303700.0,9304100.0,0.0,0.0,0.0,0.0,0.0,0.0,0.0,0.0,0.0,0.0,0.0,0.0,0.0,0.0,0.0,0.0,0.0,0.0,0.0,0.0,0.0,0.0,0.0,0.0,112.4359359741211,1.191124902961326,112.70317622593471,0.9110949749272318,113.13738141741071,1.2742513901504957,-0.0029341787570758004
2025-10-03,111.28704657612008,112.80676314182585,110.81026903681929,111.71415710449219,7148400,0.0,0.0,112.60611877441406,113.83728942871093,36.2924110932994,-1.1153904974312354,-0.9933024256378146,1.876351280165494,0.0029428134979274656,0.0,0.0,0.0,0.0,0.0,0.0,0.0,0.0,0.0,8695100.0,9736300.0,9303700.0,0.0,0.0,0.0,0.0,0.0,0.0,0.0,0.0,0.0,0.0,0.0,0.0,0.0,0.0,0.0,0.0,0.0,0.0,0.0,0.0,0.0,0.0,0.0,0.0,111.7638168334961,0.4045712298427685,112.56695556640625,0.985526274429184,112.9138935634068,1.2255465723024879,-0.0024833349240356295
2025-10-06,111.9326770741889,112.34985267448894,110.70100495217682,111.99227142333984,6141200,0.0,0.0,112.20284729003906,113.53483581542969,39.103641872523326,-1.103360560938313,-1.0153140526979143,1.6350381270018,0.002489517229114613,0.0,0.0,0.0,0.0,0.0,0.0,0.0,0.0,0.0,7148400.0,8695100.0,9736300.0,0.0,0.0,0.0,0.0,0.0,0.0,0.0,0.0,0.0,0.0,0.0,0.0,0.0,0.0,0.0,0.0,0.0,0.0,0.0,0.0,0.0,0.0,0.0,0.0,111.69759877522786,0.30329100637152134,112.53290012904576,1.0030470764688086,112.73794065202985,1.16237807636579,0.001955030743510333
2025-10-07,111.87307674788936,112.63790627083965,111.0486604530571,111.77375030517578,5409800,0.0,0.0,111.81149444580078,113.29446182250976,33.364401016500224,-1.0987933715630476,-1.0320099164709409,1.5123866530615426,-0.0019512160561333536,0.0,0.0,0.0,0.0,0.0,0.0,0.0,0.0,0.0,6141200.0,7148400.0,8695100.0,0.0,0.0,0.0,0.0,0.0,0.0,0.0,0.0,0.0,0.0,0.0,0.0,0.0,0.0,0.0,0.0,0.0,0.0,0.0,0.0,0.0,0.0,0.0,0.0,111.82672627766927,0.14642996221101107,112.39951651436942,1.0374590856773056,112.4846545628139,0.9169488424387353,0.00571988071465479
2025-10-08,112.05186930775656,112.43924774570301,110.89966891179637,111.13805389404297,7074400,0.0,0.0,111.60092010498047,113.10077247619628,35.34058468269343,-1.1334040523244937,-1.0522887436416515,1.5288342248291262,-0.005687349752488191,0.0,0.0,0.0,0.0,0.0,0.0,0.0,0.0,0.0,5409800.0,6141200.0,7148400.0,0.0,0.0,0.0,0.0,0.0,0.0,0.0,0.0,0.0,0.0,0.0,0.0,0.0,0.0,0.0,0.0,0.0,0.0,0.0,0.0,0.0,0.0,0.0,0.0,111.6346918741862,0.4437621347764487,111.98943437848773,0.8448670574656117,112.27393777029855,0.8571440415529288,0.008108906392107151
2025-10-09,111.06851869175823,112.2405888608638,110.13483349216455,110.24409484863281,6502400,0.0,0.0,111.37246551513672,112.7983184814453,36.052345378009555,-1.2189173693375608,-1.0856144687808333,1.4608749019700644,-0.008043680936346442,0.0,0.0,0.0,0.0,0.0,0.0,0.0,0.0,0.0,7074400.0,5409800.0,6141200.0,0.0,0.0,0.0,0.0,0.0,0.0,0.0,0.0,0.0,0.0,0.0,0.0,0.0,0.0,0.0,0.0,0.0,0.0,0.0,0.0,0.0,0.0,0.0,0.0,111.05196634928386,0.7684528306635263,111.49137442452567,0.6533511100081437,112.07741001674107,0.9848840925908678,0.016484951606938525
2025-10-10,110.78047022314306,111.92274325451196,108.3767354609342,108.4561996459961,9635200,0.0,0.0,110.7208740234375,112.46209335327148,33.99812241640777,-1.4146483048790657,-1.1514212360004799,1.6458280770065359,-0.016217605170522176,0.0,0.0,0.0,0.0,0.0,0.0,0.0,0.0,0.0,6502400.0,7074400.0,5409800.0,0.0,0.0,0.0,0.0,0.0,0.0,0.0,0.0,0.0,0.0,0.0,0.0,0.0,0.0,0.0,0.0,0.0,0.0,0.0,0.0,0.0,0.0,0.0,0.0,109.9461161295573,1.3655325114064727,110.95784214564732,1.2444224417487946,111.83831405639648,1.3825222754204207,-0.009794111621777901
2025-10-13,109.64813457372875,110.214303643306,108.64492005461048,109.52893829345703,7435100,0.0,0.0,110.22820739746093,112.19639091491699,41.23891435256149,-1.4663028117893049,-1.214397551158245,1.6699990413930157,0.009890985033242705,0.0,0.0,0.0,0.0,0.0,0.0,0.0,0.0,0.0,9635200.0,6502400.0,7074400.0,0.0,0.0,0.0,0.0,0.0,0.0,0.0,0.0,0.0,0.0,0.0,0.0,0.0,0.0,0.0,0.0,0.0,0.0,0.0,0.0,0.0,0.0,0.0,0.0,109.40974426269531,0.8998876188889683,110.69249507359096,1.332716010310856,111.69783564976284,1.5137140148288526,-0.008095707496585614
2025-10-14,108.91310807377432,111.08838521305776,108.46612771339308,110.42288970947266,7898000,0.0,0.0,109.95803527832031,111.99475479125977,39.745913099966124,-1.418750499836932,-1.2552681408939823,1.6257325867505688,0.008161782903624015,0.0,0.0,0.0,0.0,0.0,0.0,0.0,0.0,0.0,7435100.0,9635200.0,6502400.0,0.0,0.0,0.0,0.0,0.0,0.0,0.0,0.0,0.0,0.0,0.0,0.0,0.0,0.0,0.0,0.0,0.0,0.0,0.0,0.0,0.0,0.0,0.0,0.0,109.46934254964192,0.9846985279540692,110.50802830287388,1.254823334532132,111.53749193464007,1.5219470575904035,-0.004833930294811828
2025-10-15,110.72087406004346,111.92274142146394,110.39308998562286,110.95925903320312,7012600,0.0,0.0,109.92227630615234,111.77672996520997,44.24459065084875,-1.322539021629808,-1.2687223170411475,1.4378904014444418,0.004857410679449448,0.0,0.0,0.0,0.0,0.0,0.0,0.0,0.0,0.0,7898000.0,7435100.0,9635200.0,0.0,0.0,0.0,0.0,0.0,0.0,0.0,0.0,0.0,0.0,0.0,0.0,0.0,0.0,0.0,0.0,0.0,0.0,0.0,0.0,0.0,0.0,0.0,0.0,110.30369567871094,0.7225716347627886,110.36045510428292,1.1026994297378026,111.44667761666435,1.5153219426941833,0.01665454770163044
2025-10-16,111.03872339125253,111.33670271363943,107.78076763317718,109.14155578613281,7531200,0.0,0.0,109.70176849365234,111.5294033050537,35.60542364779921,-1.3770899570272235,-1.2903958450383626,1.4447982959623966,-0.01638171760435414,0.0,0.0,0.0,0.0,0.0,0.0,0.0,0.0,0.0,7012600.0,7898000.0,7435100.0,0.0,0.0,0.0,0.0,0.0,0.0,0.0,0.0,0.0,0.0,0.0,0.0,0.0,0.0,0.0,0.0,0.0,0.0,0.0,0.0,0.0,0.0,0.0,0.0,110.17456817626953,0.9339480507456766,109.98442731584821,0.9827012205530647,111.19197191510882,1.5851821950506526,-0.0071383393947899165
2025-10-17,109.00249635286745,110.71093840167597,108.70451703294233,109.9262466430664,10090500,0.0,0.0,109.9957778930664,111.37594146728516,32.803332596298716,-1.3415395393977008,-1.3006245839102304,1.4438820103043977,0.007189661639707801,0.0,0.0,0.0,0.0,0.0,0.0,0.0,0.0,0.0,7531200.0,7012600.0,7898000.0,0.0,0.0,0.0,0.0,0.0,0.0,0.0,0.0,0.0,0.0,0.0,0.0,0.0,0.0,0.0,0.0,0.0,0.0,0.0,0.0,0.0,0.0,0.0,0.0,110.00902048746745,0.9116742321630473,109.81131199428013,0.8423141179805015,110.90037318638393,1.3907529900583881,-0.011522001619077682
2025-10-20,110.2838302563818,111.49563255320116,109.85671973501306,111.20758056640625,8047500,0.0,0.0,110.33150634765624,111.34614334106445,40.200607131723395,-1.196183776266011,-1.2797364223813865,1.4407390941695641,0.011656305590969307,0.0,0.0,0.0,0.0,0.0,0.0,0.0,0.0,0.0,10090500.0,7531200.0,7012600.0,0.0,0.0,0.0,0.0,0.0,0.0,0.0,0.0,0.0,0.0,0.0,0.0,0.0,0.0,0.0,0.0,0.0,0.0,0.0,0.0,0.0,0.0,0.0,0.0,110.09179433186848,1.042913767349278,109.94895281110492,0.9905056289077556,110.72016361781529,1.135935397717547,-0.020472489202228217
2025-10-21,111.49563415752596,113.77024533167328,111.2870463526638,113.5318603515625,8163200,0.0,0.0,110.95330047607422,111.44795455932618,54.90911548832514,-0.8832566994835247,-1.200440477801814,1.5215392816697222,0.020900371839025267,0.0,0.0,0.0,0.0,0.0,0.0,0.0,0.0,0.0,8047500.0,10090500.0,7531200.0,0.0,0.0,0.0,0.0,0.0,0.0,0.0,0.0,0.0,0.0,0.0,0.0,0.0,0.0,0.0,0.0,0.0,0.0,0.0,0.0,0.0,0.0,0.0,0.0,111.55522918701172,1.8277738444020666,110.6740471976144,1.461459872381038,110.81594467163086,1.3123262240195386,0.010788877119665807
2025-10-22,113.23386846594792,113.51198552687362,112.22072666141555,112.32005310058594,7569200,0.0,0.0,111.22545928955078,111.43057212829589,53.31921532209245,-0.7246886941109523,-1.1052901210636417,1.508803703116704,-0.01067371966973929,0.0,0.0,0.0,0.0,0.0,0.0,0.0,0.0,0.0,8163200.0,8047500.0,10090500.0,0.0,0.0,0.0,0.0,0.0,0.0,0.0,0.0,0.0,0.0,0.0,0.0,0.0,0.0,0.0,0.0,0.0,0.0,0.0,0.0,0.0,0.0,0.0,0.0,112.35316467285156,1.1624936180834844,111.0727778843471,1.4776302908102714,110.88263647896903,1.3661650987074732,0.00044239055624606394
2025-10-23,112.40944427221714,113.06501240931819,111.14798258462784,112.2703857421875,6945400,0.0,0.0,111.85122528076172,111.43255844116212,52.0172612439916,-0.5961580097270627,-1.003463698796326,1.5099381635194544,-0.0004421949333834885,0.0,0.0,0.0,0.0,0.0,0.0,0.0,0.0,0.0,7569200.0,8163200.0,8047500.0,0.0,0.0,0.0,0.0,0.0,0.0,0.0,0.0,0.0,0.0,0.0,0.0,0.0,0.0,0.0,0.0,0.0,0.0,0.0,0.0,0.0,0.0,0.0,0.0,112.70743306477864,0.7144067294040674,111.33670588902065,1.5069091798381538,110.92236709594727,1.3998795047041404,0.012088037020176579
2025-10-24,112.46905266181125,112.88622827587592,110.84006714276074,110.9294662475586,6235200,0.0,0.0,112.05186920166015,111.34365997314453,46.421418875664195,-0.5956314444995172,-0.9218972479369643,1.4830282516393556,-0.011943661596639843,0.0,0.0,0.0,0.0,0.0,0.0,0.0,0.0,0.0,6945400.0,7569200.0,8163200.0,0.0,0.0,0.0,0.0,0.0,0.0,0.0,0.0,0.0,0.0,0.0,0.0,0.0,0.0,0.0,0.0,0.0,0.0,0.0,0.0,0.0,0.0,0.0,0.0,111.83996836344402,0.7889089230680191,111.33244977678571,1.5081944421976397,110.84645244053432,1.3657989152442167,-0.005874943729081261
2025-10-27,111.18771621172414,111.84327677975944,110.56194523982494,111.58502197265625,6029600,0.0,0.0,112.12735748291016,111.2224796295166,49.38269879684035,-0.5361360270684514,-0.8447450037632618,1.3465469702777169,0.005909662664694171,0.0,0.0,0.0,0.0,0.0,0.0,0.0,0.0,0.0,6235200.0,6945400.0,7569200.0,0.0,0.0,0.0,0.0,0.0,0.0,0.0,0.0,0.0,0.0,0.0,0.0,0.0,0.0,0.0,0.0,0.0,0.0,0.0,0.0,0.0,0.0,0.0,0.0,111.59495798746745,0.6705149633390852,111.6815163748605,1.1589324584477476,110.83297184535435,1.3568443664856575,0.006179965782509678
2025-10-28,111.15792064335369,111.72408969679515,110.71094028866513,110.89966583251953,6839400,0.0,0.0,111.60091857910156,111.08093719482422,49.22279431883192,-0.5380852806923997,-0.7834130591490894,1.2109993830120553,-0.00614200838087986,0.0,0.0,0.0,0.0,0.0,0.0,0.0,0.0,0.0,6029600.0,6235200.0,6945400.0,0.0,0.0,0.0,0.0,0.0,0.0,0.0,0.0,0.0,0.0,0.0,0.0,0.0,0.0,0.0,0.0,0.0,0.0,0.0,0.0,0.0,0.0,0.0,0.0,111.13805135091145,0.3873745844931351,111.82057625906808,0.9533888275425735,110.81594412667411,1.3542145063545425,0.012790310327891685
2025-10-29,110.43282310095206,110.78046943547379,109.27068782064158,109.49913787841797,7097100,0.0,0.0,111.03673553466797,110.94634780883788,47.64890946364325,-0.6452034753894367,-0.7557711423971589,1.2305668221752184,-0.012628784258165715,0.0,0.0,0.0,0.0,0.0,0.0,0.0,0.0,0.0,6839400.0,6029600.0,6235200.0,0.0,0.0,0.0,0.0,0.0,0.0,0.0,0.0,0.0,0.0,0.0,0.0,0.0,0.0,0.0,0.0,0.0,0.0,0.0,0.0,0.0,0.0,0.0,0.0,110.66127522786458,1.0631795116252871,111.5765130179269,1.2942208669760293,110.76273291451591,1.3925070671035622,-0.014306163828535112
2025-10-30,109.38987933346628,112.81669849136719,108.81378292634732,111.08838653564453,8311300,0.0,0.0,110.80033569335937,110.93144874572754,58.41268757528614,-0.5949975700839758,-0.7236164279345224,1.226756895671626,0.01451380063824037,0.0,0.0,0.0,0.0,0.0,0.0,0.0,0.0,0.0,7097100.0,6839400.0,6029600.0,0.0,0.0,0.0,0.0,0.0,0.0,0.0,0.0,0.0,0.0,0.0,0.0,0.0,0.0,0.0,0.0,0.0,0.0,0.0,0.0,0.0,0.0,0.0,0.0,110.49573008219402,0.8682170762069186,111.22744532993862,0.9671256749654463,110.95074626377651,1.2247152072183582,-0.00692600739306104
2025-10-31,110.83013985442342,112.33992151569616,109.78719324065575,111.86315155029297,8700600,0.0,0.0,110.98707275390625,110.93889846801758,57.60519504796033,-0.4870772434472457,-0.6763085910370671,1.2322005329446155,0.006974311526253496,0.0,0.0,0.0,0.0,0.0,0.0,0.0,0.0,0.0,8311300.0,7097100.0,6839400.0,0.0,0.0,0.0,0.0,0.0,0.0,0.0,0.0,0.0,0.0,0.0,0.0,0.0,0.0,0.0,0.0,0.0,0.0,0.0,0.0,0.0,0.0,0.0,0.0,110.81689198811848,1.2051647718072263,111.16217367989677,0.8937281808141506,111.11747578212193,1.1741058350494982,0.004459537011327841
2025-11-03,111.79361900352049,112.05186623632473,110.28382980839201,111.36650848388672,8542300,0.0,0.0,110.94337005615235,110.90761032104493,53.15615465724326,-0.4365917934771204,-0.6283652315250778,1.2118216321380848,-0.004439737836127056,0.0,0.0,0.0,0.0,0.0,0.0,0.0,0.0,0.0,8700600.0,8311300.0,7097100.0,0.0,0.0,0.0,0.0,0.0,0.0,0.0,0.0,0.0,0.0,0.0,0.0,0.0,0.0,0.0,0.0,0.0,0.0,0.0,0.0,0.0,0.0,0.0,0.0,111.43934885660808,0.39248502761805953,111.03304835728237,0.7626058026727897,111.18487712315151,1.1581412481305395,0.005831148478677495
2025-11-04,110.22423879938508,111.03872777103038,109.89645471152099,110.72087860107422,7950100,0.0,0.0,110.90761260986328,110.85496673583984,49.20846593122862,-0.44356549946871837,-0.591405285113806,1.1949667473044998,-0.005797343309060565,0.0,0.0,0.0,0.0,0.0,0.0,0.0,0.0,0.0,8542300.0,8700600.0,8311300.0,0.0,0.0,0.0,0.0,0.0,0.0,0.0,0.0,0.0,0.0,0.0,0.0,0.0,0.0,0.0,0.0,0.0,0.0,0.0,0.0,0.0,0.0,0.0,0.0,111.3168462117513,0.5727535496043409,111.00325012207031,0.7713527966182978,111.16784994942802,1.1634536491718128,0.0009878546028665447
2025-11-05,110.60167549530281,111.21751153951793,109.85671583874066,110.61161041259766,5746000,0.0,0.0,111.13010711669922,110.82864456176758,55.505949064191825,-0.4526909023950907,-0.563662408570063,1.1942007201487264,-0.0009868797092033033,0.0,0.0,0.0,0.0,0.0,0.0,0.0,0.0,0.0,7950100.0,8542300.0,8700600.0,0.0,0.0,0.0,0.0,0.0,0.0,0.0,0.0,0.0,0.0,0.0,0.0,0.0,0.0,0.0,0.0,0.0,0.0,0.0,0.0,0.0,0.0,0.0,0.0,110.89966583251953,0.40797233987710774,110.86419132777623,0.7359203488504698,111.27285385131836,1.0245558149522842,0.007873995494833919
2025-11-06,110.42288983369588,110.95926171988367,108.44626557805479,109.7474594116211,10291800,0.0,0.0,110.86192169189454,110.80381278991699,49.33433171267127,-0.5236166865048375,-0.555653264157018,1.2120257610597636,-0.007812480062021954,0.0,0.0,0.0,0.0,0.0,0.0,0.0,0.0,0.0,5746000.0,7950100.0,8542300.0,0.0,0.0,0.0,0.0,0.0,0.0,0.0,0.0,0.0,0.0,0.0,0.0,0.0,0.0,0.0,0.0,0.0,0.0,0.0,0.0,0.0,0.0,0.0,0.0,110.35998280843098,0.5332668825108033,110.69959041050502,0.8471176676845862,111.26008333478656,1.0435694680880132,-0.002257555072295747
2025-11-07,109.5190109798673,110.68114629483698,109.30048825504456,109.99578094482422,8782100,0.0,0.0,110.48844757080079,110.8807918548584,45.1121900901472,-0.5534090538964875,-0.5552044221049119,1.0986650972973009,0.002262663158987266,0.0,0.0,0.0,0.0,0.0,0.0,0.0,0.0,0.0,10291800.0,5746000.0,7950100.0,0.0,0.0,0.0,0.0,0.0,0.0,0.0,0.0,0.0,0.0,0.0,0.0,0.0,0.0,0.0,0.0,0.0,0.0,0.0,0.0,0.0,0.0,0.0,0.0,110.11828358968098,0.44490944204385996,110.77053941999164,0.744387355030746,111.17352621895927,1.0971395733312912,-0.013364171447854178
2025-11-10,110.40302381019195,112.03200167054673,110.28382753573126,111.4856948852539,9158700,0.0,0.0,110.51228485107421,110.97862968444824,41.151162215220154,-0.45159046268591396,-0.5344816302211124,1.0583301079654677,0.013545191712189819,0.0,0.0,0.0,0.0,0.0,0.0,0.0,0.0,0.0,8782100.0,10291800.0,5746000.0,0.0,0.0,0.0,0.0,0.0,0.0,0.0,0.0,0.0,0.0,0.0,0.0,0.0,0.0,0.0,0.0,0.0,0.0,0.0,0.0,0.0,0.0,0.0,0.0,110.4096450805664,0.9401214190672357,110.82729775565011,0.7866114241772119,111.02737154279437,0.8719981875383539,-0.022725302846650197
2025-11-11,111.89294352511719,114.19735179244971,111.6644858928104,114.07815551757812,9713300,0.0,0.0,111.183740234375,111.16139297485351,56.7920112709931,-0.15986575573798234,-0.4595584553244864,1.254703881927539,0.023253751389292532,0.0,0.0,0.0,0.0,0.0,0.0,0.0,0.0,0.0,9158700.0,8782100.0,10291800.0,0.0,0.0,0.0,0.0,0.0,0.0,0.0,0.0,0.0,0.0,0.0,0.0,0.0,0.0,0.0,0.0,0.0,0.0,0.0,0.0,0.0,0.0,0.0,0.0,111.85321044921875,2.0658524403703447,111.1437268938337,1.443764552818253,111.15295028686523,1.153603980354951,-0.01543083772042253
2025-11-12,113.80004260788579,116.30310384657444,113.6212519781136,115.8660659790039,15248700,0.0,0.0,112.23463134765625,111.40673332214355,62.246306954748015,0.21314065552572004,-0.3250186331544451,1.6351501946240743,0.01567268030688207,0.0,0.0,0.0,0.0,0.0,0.0,0.0,0.0,0.0,9713300.0,9158700.0,8782100.0,0.0,0.0,0.0,0.0,0.0,0.0,0.0,0.0,0.0,0.0,0.0,0.0,0.0,0.0,0.0,0.0,0.0,0.0,0.0,0.0,0.0,0.0,0.0,0.0,113.80997212727864,2.2024655452161888,111.78652082170758,2.304535494278107,111.40978458949498,1.6948276828667248,0.08400706673274394
2025-11-13,108.15821460251318,108.62505722513409,104.20496605416966,106.8868179321289,44045400,0.0,0.0,111.66250305175781,111.29399642944335,40.9434825233917,-0.2133400989959,-0.30268292632273613,1.8615927072258545,-0.07749678882255417,0.0,0.0,0.0,0.9549,0.9549,1.0,1052.0,1.0,0.0,15248700.0,9713300.0,9158700.0,0.0,0.0,0.0,0.0,0.0,0.0,0.0,0.0,0.0,0.0,0.0,0.0,0.0,0.0,0.0,0.0,0.0,0.0,0.0,0.0,0.0,0.0,0.0,0.0,112.27701314290364,4.752873789846837,111.23879786900112,2.9618911498012164,111.12102399553571,2.0829139262703675,0.01710775264782627
2025-11-14,106.79741612467787,107.99929107416766,104.59234184298711,105.08898162841797,16691400,0.0,0.0,110.68114318847657,111.05213317871093,36.155827566886074,-0.6884633571194456,-0.3798390124820781,2.3090956683475334,-0.016820000244113675,0.0,0.0,0.0,0.0,0.0,0.0,0.0,0.0,0.0,44045400.0,15248700.0,9713300.0,0.0,0.0,0.0,0.0,0.0,0.0,0.0,0.0,0.0,0.9549,0.0,0.0,0.9549,0.0,0.0,1.0,0.0,0.0,1052.0,0.0,0.0,1.0,0.0,0.0,109.28062184651692,5.773569923393628,110.44985089983258,3.7794754826998074,110.6570211138044,2.6246897995708984,0.001040777761353251
2025-11-17,105.03931541904281,106.94641039088046,104.41355201275533,104.97972106933594,12296400,0.0,0.0,109.37994842529297,110.74074020385743,37.06598897788943,-1.0615811297969344,-0.5161874359450493,2.6775602263217664,-0.0010396956692221293,0.0,0.0,0.0,0.0,0.0,0.0,0.0,0.0,0.0,16691400.0,44045400.0,15248700.0,0.0,0.0,0.0,0.0,0.0,0.0,0.0,0.0,0.0,0.0,0.9549,0.0,0.0,0.9549,0.0,0.0,1.0,0.0,0.0,1052.0,0.0,0.0,1.0,0.0,105.65184020996094,1.0709164057623586,109.76874542236328,4.318337708842763,110.23416791643415,3.028410941981435,-0.005551318036926989
2025-11-18,104.39367994150103,106.36037679904399,104.29435350140973,105.56575012207031,11796200,0.0,0.0,107.6774673461914,110.34243469238281,41.08911318910873,-1.2950633220777377,-0.671962613171587,2.8287478316318198,0.0055823071995715345,0.0,0.0,0.0,0.0,0.0,0.0,0.0,0.0,0.0,12296400.0,16691400.0,44045400.0,0.0,0.0,0.0,0.0,0.0,0.0,0.0,0.0,0.0,0.0,0.0,0.9549,0.0,0.0,0.9549,0.0,0.0,1.0,0.0,0.0,1052.0,0.0,0.0,1.0,105.21148427327473,0.31162908426479924,109.13588387625558,4.59525609760967,109.9532116481236,3.274320745011622,0.015381695864110867
2025-11-19,105.36709578691344,106.86694244126105,103.38053670003252,103.96656799316406,12790000,0.0,0.0,105.29756774902344,109.92476043701171,33.87314621801005,-1.5908024935828138,-0.8557305892538325,3.1228035441353206,-0.015148683422957165,0.0,0.0,0.0,0.0,0.0,0.0,0.0,0.0,0.0,11796200.0,12296400.0,16691400.0,0.0,0.0,0.0,0.0,0.0,0.0,0.0,0.0,0.0,0.0,0.0,0.0,0.0,0.0,0.0,0.0,0.0,0.0,0.0,0.0,0.0,0.0,0.0,0.0,104.83734639485677,0.8090418909444167,108.06172289167132,4.827382551501806,109.44451032366071,3.6194314697715524,0.019182043030133933
2025-11-20,104.6618736800688,105.08898420915303,101.81115851356509,102.00981140136719,12609900,0.0,0.0,104.3221664428711,109.4117317199707,28.821508935326975,-1.9604727122719225,-1.0766790138574505,3.53305167334812,-0.018821017463282352,0.0,0.0,0.0,0.0,0.0,0.0,0.0,0.0,0.0,12790000.0,11796200.0,12296400.0,0.0,0.0,0.0,0.0,0.0,0.0,0.0,0.0,0.0,0.0,0.0,0.0,0.0,0.0,0.0,0.0,0.0,0.0,0.0,0.0,0.0,0.0,0.0,0.0,103.84737650553386,1.7809632237616324,106.33767373221261,4.461753885451551,108.74070031302315,4.045831067843001,-0.015151515151515138
2025-11-21,102.78457400021458,104.07583290391742,101.99988222472078,103.57919311523438,10785400,0.0,0.0,104.02020874023438,109.04421806335449,33.99999310276287,-2.1025659638449525,-1.281856403854951,3.7429251938467987,0.01538461538461533,0.0,0.0,0.0,0.0,0.0,0.0,0.0,0.0,0.0,12609900.0,12790000.0,11796200.0,0.0,0.0,0.0,0.0,0.0,0.0,0.0,0.0,0.0,0.0,0.0,0.0,0.0,0.0,0.0,0.0,0.0,0.0,0.0,0.0,0.0,0.0,0.0,0.0,103.18519083658855,1.0361720110910988,104.58240618024554,1.5650182990764594,108.18446350097656,4.1898084581829975,0.02295465873398883
2025-11-24,103.39046595494197,103.6387858454032,101.20525395013175,101.25492095947266,15024800,0.0,0.0,103.27524871826172,108.52771301269532,31.80602667795992,-2.3753437435843665,-1.5005538718008342,4.072127380438473,-0.022439566150857293,0.0,0.0,0.0,0.0,0.0,0.0,0.0,0.0,0.0,10785400.0,12609900.0,12790000.0,0.0,0.0,0.0,0.0,0.0,0.0,0.0,0.0,0.0,0.0,0.0,0.0,0.0,0.0,0.0,0.0,0.0,0.0,0.0,0.0,0.0,0.0,0.0,0.0,102.28130849202473,1.18568261612828,103.77784946986607,1.6292307760306413,107.5083236694336,4.501224458887508,-0.013260995538602605
2025-11-25,101.8012184734595,103.22160852632899,101.31451361814831,102.61570739746094,10574500,0.0,0.0,102.68524017333985,108.11351509094239,35.33696444486105,-2.453436319625183,-1.691130361365704,4.236164218868527,0.013439212880655305,0.0,0.0,0.0,0.0,0.0,0.0,0.0,0.0,0.0,15024800.0,10785400.0,12609900.0,0.0,0.0,0.0,0.0,0.0,0.0,0.0,0.0,0.0,0.0,0.0,0.0,0.0,0.0,0.0,0.0,0.0,0.0,0.0,0.0,0.0,0.0,0.0,0.0,102.48327382405598,1.1677817655862632,103.42452457972935,1.5643952421903429,106.93718773978097,4.583698867921889,-0.001160283892297942
2025-11-26,102.62564769565832,103.54939802432393,102.18860224782283,102.73490905761719,10130200,0.0,0.0,102.43890838623047,107.77530364990234,36.77903100109519,-2.4771516092216217,-1.8483346109368877,4.387052548908219,0.0011616317148654964,0.0,0.0,0.0,0.0,0.0,0.0,0.0,0.0,0.0,10574500.0,15024800.0,10785400.0,0.0,0.0,0.0,0.0,0.0,0.0,0.0,0.0,0.0,0.0,0.0,0.0,0.0,0.0,0.0,0.0,0.0,0.0,0.0,0.0,0.0,0.0,0.0,0.0,102.20184580485027,0.8222239695125081,103.10383714948382,1.4154531249955307,106.43629128592355,4.635836964524376,-0.009955026329180439
2025-11-28,102.60578612976299,104.03610360647413,102.54618420039697,103.7679214477539,6525500,0.0,0.0,102.79053039550782,107.4092803955078,38.59585789591036,-2.385096769558672,-1.9556870426612447,4.401444169228681,0.010055125366951634,0.0,0.0,0.0,0.0,0.0,0.0,0.0,0.0,0.0,10130200.0,10574500.0,15024800.0,0.0,0.0,0.0,0.0,0.0,0.0,0.0,0.0,0.0,0.0,0.0,0.0,0.0,0.0,0.0,0.0,0.0,0.0,0.0,0.0,0.0,0.0,0.0,0.0,103.03951263427734,0.633629867200563,102.84700448172433,0.99492852594024,105.99144417898995,4.566286004581113,-0.021541586825459924
2025-12-01,104.21489396966332,106.11206164600925,103.76792118024125,106.05245971679688,12628900,0.0,0.0,103.28518371582031,107.11874580383301,40.33227924141221,-2.1035510729240627,-1.9852598487138085,4.282137266620752,0.022015843019397963,0.0,0.0,0.0,0.0,0.0,0.0,0.0,0.0,0.0,6525500.0,10130200.0,10574500.0,0.0,0.0,0.0,0.0,0.0,0.0,0.0,0.0,0.0,0.0,0.0,0.0,0.0,0.0,0.0,0.0,0.0,0.0,0.0,0.0,0.0,0.0,0.0,0.0,104.18509674072266,1.6976636925060917,103.14498901367188,1.5459222689236556,105.60335595267159,4.285673269574695,0.018506092275624386
2025-12-02,105.81407584911452,105.85380794296738,104.11556862204534,104.12550354003906,8548200,0.0,0.0,103.85930023193359,106.75669555664062,31.860980823042382,-2.0127120475195284,-1.9907502884749524,4.209586150851195,-0.018169839548310085,0.0,0.0,0.0,0.0,0.0,0.0,0.0,0.0,0.0,12628900.0,6525500.0,10130200.0,0.0,0.0,0.0,0.0,0.0,0.0,0.0,0.0,0.0,0.0,0.0,0.0,0.0,0.0,0.0,0.0,0.0,0.0,0.0,0.0,0.0,0.0,0.0,0.0,104.64862823486328,1.2288300779324663,103.44723074776786,1.4929045534046592,104.89245223999023,3.530715581234574,-0.008605946749664861
2025-12-03,104.19502958759753,105.13864215852587,103.76791906453988,105.02938079833984,10177800,0.0,0.0,104.34203491210937,106.47212066650391,29.592190358292484,-1.846500812736764,-1.961900393327315,4.118896807909071,0.00868065197834289,0.0,0.0,0.0,0.0,0.0,0.0,0.0,0.0,0.0,8548200.0,12628900.0,6525500.0,0.0,0.0,0.0,0.0,0.0,0.0,0.0,0.0,0.0,0.0,0.0,0.0,0.0,0.0,0.0,0.0,0.0,0.0,0.0,0.0,0.0,0.0,0.0,0.0,105.0691146850586,0.964092377887854,103.65440041678292,1.6102760553828965,104.11840329851422,1.599706918981167,0.0025599253091121987
2025-12-04,105.12870855081175,105.50615964638382,103.8076524506752,104.76119995117188,11471400,0.0,0.0,104.7472930908203,106.17960014343262,44.04230723338048,-1.7166289349718085,-1.9128461016562137,4.015898775837209,-0.0025533888244365643,0.0,0.0,0.0,0.0,0.0,0.0,0.0,0.0,0.0,10177800.0,8548200.0,12628900.0,0.0,0.0,0.0,0.0,0.0,0.0,0.0,0.0,0.0,0.0,0.0,0.0,0.0,0.0,0.0,0.0,0.0,0.0,0.0,0.0,0.0,0.0,0.0,0.0,104.6386947631836,0.4642242618942041,104.1552974155971,1.2429234869558634,103.96657344273159,1.4058707848444905,0.0016143988151544608
2025-12-05,104.47314990982345,105.45649460398495,103.85731382216203,104.59234619140625,10680100,0.0,0.0,104.91217803955078,105.92184448242188,48.46814749272255,-1.6087845564765928,-1.8520337926202894,3.9395592347141384,-0.0016117967324192906,0.0,0.0,0.0,0.0,0.0,0.0,0.0,0.0,0.0,11471400.0,10177800.0,8548200.0,0.0,0.0,0.0,0.0,0.0,0.0,0.0,0.0,0.0,0.0,0.0,0.0,0.0,0.0,0.0,0.0,0.0,0.0,0.0,0.0,0.0,0.0,0.0,0.0,104.79430898030598,0.22039048929548538,104.43767438616071,1.0433655240389168,103.93109948294503,1.381423969900336,-0.021648143168457312
2025-12-08,104.5923416105027,107.32386042430089,104.1254990007359,106.90667724609375,13727700,0.0,0.0,105.08302154541016,105.76738929748535,55.23192658026679,-1.321338368888732,-1.745894707873978,3.8304749018629796,0.022127154987538145,0.0,0.0,0.0,0.0,0.0,0.0,0.0,0.0,0.0,10680100.0,11471400.0,10177800.0,0.0,0.0,0.0,0.0,0.0,0.0,0.0,0.0,0.0,0.0,0.0,0.0,0.0,0.0,0.0,0.0,0.0,0.0,0.0,0.0,0.0,0.0,0.0,0.0,105.42007446289062,1.2902010596480902,105.0336412702288,1.0986354696049638,104.0687392098563,1.5762064602943566,0.0056998985506049316
2025-12-09,106.866942658392,107.02587102316372,105.83393859986201,106.30077362060547,8549400,0.0,0.0,105.51807556152343,105.50814323425293,51.99352906437538,-1.1294074470980178,-1.622597255718786,3.591067361613405,-0.005667593840687046,0.0,0.0,0.0,0.0,0.0,0.0,0.0,0.0,0.0,13727700.0,10680100.0,11471400.0,0.0,0.0,0.0,0.0,0.0,0.0,0.0,0.0,0.0,0.0,0.0,0.0,0.0,0.0,0.0,0.0,0.0,0.0,0.0,0.0,0.0,0.0,0.0,0.0,105.93326568603516,1.200136916835613,105.39547729492188,1.0270589023558168,104.1212408883231,1.6408228339945343,-0.016631516422605297
2025-12-10,106.40011039631365,108.93296875603028,105.86373851848477,108.09861755371094,11237900,0.0,0.0,106.13192291259766,105.20916633605957,61.087454787989756,-0.8227457279874955,-1.462626950172528,3.0478399086602086,0.01691280196625944,0.0,0.0,0.0,0.3818,0.3818,1.0,1.0,1.0,0.0,8549400.0,13727700.0,10680100.0,0.0,0.0,0.0,0.0,0.0,0.0,0.0,0.0,0.0,0.0,0.0,0.0,0.0,0.0,0.0,0.0,0.0,0.0,0.0,0.0,0.0,0.0,0.0,0.0,107.10202280680339,0.9147024751347308,105.68778555733817,1.4495017792070002,104.41638728550502,1.9528270697465127,-0.023595861486486513
2025-12-11,108.46612359986304,110.81026393916609,108.37673207805003,110.7109375,13281400,0.0,0.0,107.32187042236328,104.95140991210937,72.55409546621694,-0.36471748250762914,-1.2430450566395483,2.198904542175995,0.024166080986105953,0.0,0.0,0.0,0.0,0.0,0.0,0.0,0.0,0.0,11237900.0,8549400.0,13727700.0,0.0,0.0,0.0,0.0,0.0,0.0,0.0,0.0,0.0,0.3818,0.0,0.0,0.3818,0.0,0.0,1.0,0.0,0.0,1.0,0.0,0.0,1.0,0.0,0.0,108.37010955810547,2.2175814059728496,106.62856183733258,2.206136997938381,105.03789629255023,2.449456187861596,-0.0012544968519196953
2025-12-12,110.97912966819308,112.57830280370004,110.40302569895952,110.8499984741211,13059100,0.0,0.0,108.57340087890626,105.14956893920899,70.35598011477111,0.009386063681503742,-0.9925588325753381,2.5353360137108076,0.0012560725910308879,0.0,0.0,0.0,0.0,0.0,0.0,0.0,0.0,0.0,13281400.0,11237900.0,8549400.0,0.0,0.0,0.0,0.0,0.0,0.0,0.0,0.0,0.0,0.0,0.3818,0.0,0.0,0.3818,0.0,0.0,1.0,0.0,0.0,1.0,0.0,0.0,1.0,0.0,109.88651784261067,1.5499274405327996,107.46007864815849,2.5698718696392584,105.5572395324707,2.853803618504806,0.003258219000016993
2025-12-15,110.69999694824219,111.55000305175781,108.55000305175781,110.48999786376953,14318000,0.75,0.0,109.29006500244141,105.41961975097657,79.05050082270473,0.27366217153746675,-0.7393146317527772,2.802147736472015,-0.003247637485855326,0.0,0.0,0.0,0.0,0.0,0.0,0.0,0.0,0.0,13059100.0,13281400.0,11237900.0,0.0,0.0,0.0,0.0,0.0,0.0,0.0,0.0,0.0,0.0,0.0,0.3818,0.0,0.0,0.3818,0.0,0.0,1.0,0.0,0.0,1.0,0.0,0.0,1.0,110.6836446126302,0.1815455483865248,108.27847834995815,2.4776825962620577,106.21688788277763,2.8501658874182696,-0.010123677253243035
2025-12-16,111.22000122070312,112.8499984741211,110.86000061035156,111.62000274658203,15580200,0.0,0.0,110.35391082763672,105.75163383483887,78.7418483938858,0.5677402846229143,-0.47790364847763894,3.122374081635524,0.010227214269709295,0.0,0.0,0.0,0.0,0.0,0.0,0.0,0.0,0.0,14318000.0,13059100.0,13281400.0,0.0,0.0,0.0,0.0,0.0,0.0,0.0,0.0,0.0,0.0,0.0,0.0,0.0,0.0,0.0,0.0,0.0,0.0,0.0,0.0,0.0,0.0,0.0,0.0,110.98666636149089,0.577266266443369,109.28242928641183,2.1352696515974166,106.86005183628627,2.9876502699737997,0.008948797954828391
2025-12-17,111.05999755859375,112.12999725341797,110.45999908447266,110.62999725341797,12142500,0.0,0.0,110.86018676757813,106.00484619140624,73.8740280935245,0.712698592746591,-0.23978320023279295,3.306426956433781,-0.008869427242460648,0.0,0.0,0.0,0.0,0.0,0.0,0.0,0.0,0.0,15580200.0,14318000.0,13059100.0,0.0,0.0,0.0,0.0,0.0,0.0,0.0,0.0,0.0,0.0,0.0,0.0,0.0,0.0,0.0,0.0,0.0,0.0,0.0,0.0,0.0,0.0,0.0,0.0,110.91333262125652,0.6159845426599818,109.81433214460101,1.8950618294651365,107.4239867074149,2.8927239454995255,-0.011084343101099514
2025-12-18,110.52999877929688,112.80000305175781,110.41999816894531,111.87000274658203,12913900,0.0,0.0,111.09199981689453,106.40001792907715,74.19704410150968,0.9170658126087545,-0.008413397664483457,3.5156716398421968,0.011208582879411955,0.0,0.0,0.0,0.0,0.0,0.0,0.0,0.0,0.0,12142500.0,15580200.0,14318000.0,0.0,0.0,0.0,0.0,0.0,0.0,0.0,0.0,0.0,0.0,0.0,0.0,0.0,0.0,0.0,0.0,0.0,0.0,0.0,0.0,0.0,0.0,0.0,0.0,111.37333424886067,0.6557723816959644,110.6099363054548,1.2245640232280448,108.00270680018834,2.915389958346687,0.005663474423867276
2025-12-19,112.31999969482422,113.4800033569336,110.91999816894531,111.23999786376953,21138400,0.0,0.0,111.16999969482421,106.86152725219726,67.1916821447372,1.0164748880871315,0.19656425948583955,3.5148607055604653,-0.00563158011392606,0.0,0.0,0.0,0.0,0.0,0.0,0.0,0.0,0.0,12913900.0,12142500.0,15580200.0,0.0,0.0,0.0,0.0,0.0,0.0,0.0,0.0,0.0,0.0,0.0,0.0,0.0,0.0,0.0,0.0,0.0,0.0,0.0,0.0,0.0,0.0,0.0,0.0,111.24666595458984,0.6200296390863146,111.05870492117745,0.5288107858060694,108.37324523925781,2.977452310235444,-0.010144148580798817
2025-12-22,111.41000366210938,112.80000305175781,111.1500015258789,112.37999725341797,8803300,0.0,0.0,111.54799957275391,107.30156745910645,78.86107466945087,1.173715854224909,0.3919945784336535,3.631280446228997,0.010248106899862996,0.0,0.0,0.0,0.0,0.0,0.0,0.0,0.0,0.0,21138400.0,12913900.0,12142500.0,0.0,0.0,0.0,0.0,0.0,0.0,0.0,0.0,0.0,0.0,0.0,0.0,0.0,0.0,0.0,0.0,0.0,0.0,0.0,0.0,0.0,0.0,0.0,0.0,111.82999928792317,0.5710515385042401,111.2971420288086,0.6957909828683755,108.9628519330706,2.8875293776552664,-0.007419218850278186
2025-12-23,112.29000091552734,113.30999755859375,112.04000091552734,113.22000122070312,7634500,0.0,0.0,111.86799926757813,107.89982147216797,78.76623317465243,1.3505435276009194,0.5837043682671067,3.5677320152497884,0.007474675100684891,0.0,0.0,0.0,0.9682,0.9682,1.0,2.0,1.0,0.0,8803300.0,21138400.0,12913900.0,0.0,0.0,0.0,0.0,0.0,0.0,0.0,0.0,0.0,0.0,0.0,0.0,0.0,0.0,0.0,0.0,0.0,0.0,0.0,0.0,0.0,0.0,0.0,0.0,112.27999877929688,0.9937822168296429,111.63571384974888,0.9660731958860219,109.54789624895368,2.8588726362845325,-0.011006307645728741
2025-12-24,112.94000244140625,114.52999877929688,112.80000305175781,114.4800033569336,4606700,0.0,0.0,112.63800048828125,108.4930362701416,81.91025190768178,1.5742059090323863,0.7818046764201627,3.6287186303846553,0.011128794582631274,0.0,0.0,0.0,0.0,0.0,0.0,0.0,0.0,0.0,7634500.0,8803300.0,21138400.0,0.0,0.0,0.0,0.0,0.0,0.0,0.0,0.0,0.0,0.9682,0.0,0.0,0.9682,0.0,0.0,1.0,0.0,0.0,2.0,0.0,0.0,1.0,0.0,0.0,113.36000061035156,1.056979791919895,112.20571463448661,1.2976129325802894,110.24209649222237,2.786194111428642,0.008101495404357895
2025-12-26,114.1500015258789,114.73999786376953,113.2699966430664,113.55999755859375,5428900,0.0,0.0,112.97599945068359,109.03429069519044,78.05987593961987,1.6581095241435406,0.9570656459648383,3.5306427007130994,-0.008036388638733571,0.0,0.0,0.0,0.0,0.0,0.0,0.0,0.0,0.0,4606700.0,7634500.0,8803300.0,0.0,0.0,0.0,0.0,0.0,0.0,0.0,0.0,0.0,0.0,0.9682,0.0,0.0,0.9682,0.0,0.0,1.0,0.0,0.0,2.0,0.0,0.0,1.0,0.0,113.75333404541016,0.6518708412539043,112.48285675048828,1.3574587466082848,110.88264301845005,2.3900756382986494,-0.005517163230955968
2025-12-29,113.31999969482422,114.48999786376953,113.30999755859375,114.19000244140625,7966000,0.0,0.0,113.56600036621094,109.55539474487304,75.47478352945194,1.7552069394647418,1.1166939046648192,3.481220669684153,0.0055477711901801285,0.0,0.0,0.0,0.0,0.0,0.0,0.0,0.0,0.0,5428900.0,4606700.0,7634500.0,0.0,0.0,0.0,0.0,0.0,0.0,0.0,0.0,0.0,0.0,0.0,0.9682,0.0,0.0,0.9682,0.0,0.0,1.0,0.0,0.0,2.0,0.0,0.0,1.0,114.07666778564453,0.47035755058472023,112.99142892020089,1.2060199019884141,111.40288053240094,2.246420465044357,-0.005226922809789203
2025-12-30,114.0999984741211,115.27999877929688,114.0999984741211,114.79000091552734,6883900,0.0,0.0,114.04800109863281,109.99227180480958,79.70492097375117,1.8591411808631904,1.2651833599044935,3.5657166276894743,0.005254387085497747,0.0,0.0,0.0,0.0,0.0,0.0,0.0,0.0,0.0,7966000.0,5428900.0,4606700.0,0.0,0.0,0.0,0.0,0.0,0.0,0.0,0.0,0.0,0.0,0.0,0.0,0.0,0.0,0.0,0.0,0.0,0.0,0.0,0.0,0.0,0.0,0.0,0.0,114.18000030517578,0.6150626769392782,113.4085715157645,1.2573857117191705,112.00925391060966,1.878966817003465,0.008965494441043331
2025-12-31,114.7699966430664,114.88999938964844,113.55000305175781,113.7699966430664,6608000,0.0,0.0,114.15800018310547,110.47449645996093,70.98735212191744,1.8380164857983061,1.379749985083256,3.377742854496896,-0.008885828594178191,0.0,0.0,0.0,0.0,0.0,0.0,0.0,0.0,0.0,6883900.0,7966000.0,5428900.0,0.0,0.0,0.0,0.0,0.0,0.0,0.0,0.0,0.0,0.0,0.0,0.0,0.0,0.0,0.0,0.0,0.0,0.0,0.0,0.0,0.0,0.0,0.0,0.0,114.25,0.5126421356437679,113.76999991280692,0.8164573884993412,112.41435241699219,1.5543087246047618,0.01716583098022606
2026-01-02,113.44000244140625,113.44000244140625,111.62000274658203,111.8499984741211,8906200,0.0,0.0,113.63199920654297,110.81552734375,54.44282759749438,1.647357494868075,1.4332714870402197,3.134615471922998,-0.01687613804691379,0.0,0.0,0.0,0.0,0.0,0.0,0.0,0.0,0.0,6608000.0,6883900.0,7966000.0,0.0,0.0,0.0,0.0,0.0,0.0,0.0,0.0,0.0,0.0,0.0,0.0,0.0,0.0,0.0,0.0,0.0,0.0,0.0,0.0,0.0,0.0,0.0,0.0,113.46999867757161,1.492783531977857,113.6942858014788,0.9758573792891748,112.4957139151437,1.4866218864886969,-0.01946174477638629
2026-01-05,111.41999816894531,116.02999877929688,111.37999725341797,114.06999969482422,12029000,0.0,0.0,113.73399963378907,111.28096733093261,60.805344453444945,1.6563016022595463,1.477877510084085,2.8681049259010303,0.019848021913176694,0.0,0.0,0.0,0.0,0.0,0.0,0.0,0.0,0.0,8906200.0,6608000.0,6883900.0,0.0,0.0,0.0,0.0,0.0,0.0,0.0,0.0,0.0,0.0,0.0,0.0,0.0,0.0,0.0,0.0,0.0,0.0,0.0,0.0,0.0,0.0,0.0,0.0,113.22999827067058,1.2044916091958853,113.81571415492466,0.9597557761592278,112.72571400233677,1.4612948966792934,-0.004364144202948728
2026-01-06,113.79000091552734,114.76000213623047,113.11000061035156,114.56999969482422,7388300,0.0,0.0,113.80999908447265,111.77985000610352,63.56380064606194,1.6843199017570214,1.5191659884186723,2.485715973575435,0.004383273440323299,0.0,0.0,0.0,0.0,0.0,0.0,0.0,0.0,0.0,12029000.0,8906200.0,6608000.0,0.0,0.0,0.0,0.0,0.0,0.0,0.0,0.0,0.0,0.0,0.0,0.0,0.0,0.0,0.0,0.0,0.0,0.0,0.0,0.0,0.0,0.0,0.0,0.0,113.49666595458984,1.447803627369685,113.82857077462333,0.9706781463090112,113.01714270455497,1.3860266814054525,0.01470193941081166
2026-01-07,114.45999908447266,114.97000122070312,112.51000213623047,112.91000366210938,8296300,0.0,0.0,113.43399963378906,112.0800163269043,54.14257678992745,1.5546556961694478,1.5262639299688276,2.21388361148571,-0.014488924126180636,0.0,0.0,0.0,0.0,0.0,0.0,0.0,0.0,0.0,7388300.0,12029000.0,8906200.0,0.0,0.0,0.0,0.0,0.0,0.0,0.0,0.0,0.0,0.0,0.0,0.0,0.0,0.0,0.0,0.0,0.0,0.0,0.0,0.0,0.0,0.0,0.0,0.0,113.85000101725261,0.85158456465406,113.73571450369698,1.0299331969277339,113.10928562709263,1.3276504335508061,-0.011036126189399087
2026-01-08,112.55000305175781,114.98999786376953,112.55000305175781,114.16999816894531,9778200,0.0,0.0,113.51399993896484,112.47347755432129,61.17423175124736,1.53586243938922,1.5281836318529063,1.7917423944165278,0.011159281427415069,0.0,0.0,0.0,0.0,0.0,0.0,0.0,0.0,0.0,8296300.0,7388300.0,12029000.0,0.0,0.0,0.0,0.0,0.0,0.0,0.0,0.0,0.0,0.0,0.0,0.0,0.0,0.0,0.0,0.0,0.0,0.0,0.0,0.0,0.0,0.0,0.0,0.0,113.88333384195964,0.8663307881125508,113.73285675048828,1.0284893408200098,113.36214283534459,1.1434646833230768,-0.014756637254081606
2026-01-09,114.30999755859375,115.9800033569336,113.9000015258789,115.87999725341797,8935200,0.0,0.0,114.31999969482422,112.86254653930663,62.293045234649306,1.6400458553240327,1.5505560765471316,1.6292387354525935,0.014977657106924447,0.0,0.0,0.0,0.0,0.0,0.0,0.0,0.0,0.0,9778200.0,8296300.0,7388300.0,0.0,0.0,0.0,0.0,0.0,0.0,0.0,0.0,0.0,0.0,0.0,0.0,0.0,0.0,0.0,0.0,0.0,0.0,0.0,0.0,0.0,0.0,0.0,0.0,114.31999969482422,1.4906679128591576,113.88857051304409,1.2694928822028602,113.6485710144043,1.239174125331289,0.027122828991942738
2026-01-12,114.62999725341797,114.94000244140625,112.55000305175781,112.81999969482422,10833800,0.0,0.0,114.06999969482422,112.96799964904785,54.21558529326749,1.4588786881449778,1.5322205988667008,1.5489205051422454,-0.02640660710322451,0.0,0.0,0.0,0.0,0.0,0.0,0.0,0.0,0.0,8935200.0,9778200.0,8296300.0,0.0,0.0,0.0,0.0,0.0,0.0,0.0,0.0,0.0,0.0,0.0,0.0,0.0,0.0,0.0,0.0,0.0,0.0,0.0,0.0,0.0,0.0,0.0,0.0,114.28999837239583,1.5335241443390757,113.7528566632952,1.3334497338105311,113.76142828805106,1.062260788573802,-0.0014162122265466426
2026-01-13,112.83999633789062,113.22000122070312,111.61000061035156,112.9800033569336,8945700,0.0,0.0,113.75200042724609,113.07449989318847,51.6892054436731,1.3130770266413805,1.4883918844216368,1.4666702166853296,0.0014182207280817316,0.0,0.0,0.0,0.0,0.0,0.0,0.0,0.0,0.0,10833800.0,8935200.0,9778200.0,0.0,0.0,0.0,0.0,0.0,0.0,0.0,0.0,0.0,0.0,0.0,0.0,0.0,0.0,0.0,0.0,0.0,0.0,0.0,0.0,0.0,0.0,0.0,0.0,113.8933334350586,1.7223603392889753,113.91428593226841,1.1152388562153273,113.8042858668736,1.0132101380071985,-0.00484449421542299
2026-01-14,112.80999755859375,113.58999633789062,112.26000213623047,113.52999877929688,8950900,0.0,0.0,113.8759994506836,113.22649993896485,50.88722821102721,1.22775539361038,1.4362645862593855,1.3364733085049971,0.004868077589143871,0.0,0.0,0.0,0.0,0.0,0.0,0.0,0.0,0.0,8945700.0,10833800.0,8935200.0,0.0,0.0,0.0,0.0,0.0,0.0,0.0,0.0,0.0,0.0,0.0,0.0,0.0,0.0,0.0,0.0,0.0,0.0,0.0,0.0,0.0,0.0,0.0,0.0,113.11000061035156,0.37242333360036206,113.83714294433594,1.121332451034217,113.82642854963031,1.0027927491205075,0.0010580646619589018
2026-01-15,113.70999908447266,114.11000061035156,112.16999816894531,113.41000366210938,7958500,0.0,0.0,113.7240005493164,113.31599998474121,46.72382095911755,1.1373441858063558,1.3764805061687797,1.2820561693494867,-0.001056946344382248,0.0,0.0,0.0,0.0,0.0,0.0,0.0,0.0,0.0,8950900.0,8945700.0,10833800.0,0.0,0.0,0.0,0.0,0.0,0.0,0.0,0.0,0.0,0.0,0.0,0.0,0.0,0.0,0.0,0.0,0.0,0.0,0.0,0.0,0.0,0.0,0.0,0.0,113.30666859944661,0.28919256998861714,113.67142922537667,1.079927504324556,113.75,0.9898400804550479,0.019874161641351806
2026-01-16,113.19999694824219,113.8499984741211,111.12000274658203,111.19999694824219,12049600,0.0,0.0,112.78800048828126,113.34449996948243,43.30306111138053,0.8772511747590244,1.276634639886829,1.224235649855534,-0.019486876311649026,0.0,0.0,0.0,0.0,0.0,0.0,0.0,0.0,0.0,7958500.0,8950900.0,8945700.0,0.0,0.0,0.0,0.0,0.0,0.0,0.0,0.0,0.0,0.0,0.0,0.0,0.0,0.0,0.0,0.0,0.0,0.0,0.0,0.0,0.0,0.0,0.0,0.0,112.71333312988281,1.3119601770000584,113.42714255196708,1.4205595873930856,113.58142852783203,1.2027458924160983,0.007794096781714721
2026-01-20,109.66000366210938,111.08999633789062,108.80000305175781,110.33999633789062,9818200,0.0,0.0,112.29199981689453,113.26799964904785,39.21566364653617,0.5948733974744158,1.1402823914043463,1.3613491688789743,-0.007733818650659252,0.0,0.0,0.0,0.0,0.0,0.0,0.0,0.0,0.0,12049600.0,7958500.0,8950900.0,0.0,0.0,0.0,0.0,0.0,0.0,0.0,0.0,0.0,0.0,0.0,0.0,0.0,0.0,0.0,0.0,0.0,0.0,0.0,0.0,0.0,0.0,0.0,0.0,111.64999898274739,1.5837021866446832,112.87999943324498,1.7790922489133896,113.30642809186664,1.4645434294892248,-0.025178956109581763
2026-01-21,110.56999969482422,113.25,110.5,113.19000244140625,10041400,0.0,0.0,112.33399963378906,113.3654998779297,46.01990399108461,0.5942089774039658,1.0310677086042703,1.2755870900802795,0.02582931120269527,0.0,0.0,0.0,-0.7964,-0.7964,1.0,25914.0,0.0,0.0,9818200.0,12049600.0,7958500.0,0.0,0.0,0.0,0.0,0.0,0.0,0.0,0.0,0.0,0.0,0.0,0.0,0.0,0.0,0.0,0.0,0.0,0.0,0.0,0.0,0.0,0.0,0.0,0.0,111.57666524251302,1.4618628357170147,112.49571446010044,1.2283732970067638,113.19214248657227,1.4009130746128857,-0.00017663318812932705
2026-01-22,113.16999816894531,114.29000091552734,112.16999816894531,113.20999908447266,12437700,0.0,0.0,112.26999969482422,113.40699996948243,48.534037102043,0.5885119818964739,0.9425565632627111,1.255175516874847,0.00017666439292418623,0.0,0.0,0.0,0.0,0.0,0.0,0.0,0.0,0.0,10041400.0,9818200.0,12049600.0,0.0,0.0,0.0,0.0,0.0,0.0,0.0,0.0,0.0,-0.7964,0.0,0.0,-0.7964,0.0,0.0,1.0,0.0,0.0,25914.0,0.0,0.0,0.0,0.0,0.0,112.24666595458984,1.651254594805501,112.55142865862165,1.2541078401618349,113.15214266095843,1.391104994690876,0.020093671473111696
2026-01-23,112.69000244140625,112.94999694824219,110.55000305175781,110.9800033569336,10819800,0.0,0.0,111.78399963378907,113.29500007629395,47.75889841067943,0.3994504375567658,0.8339353381215221,1.3676393509076759,-0.0196978689654006,0.0,0.0,0.0,0.0,0.0,0.0,0.0,0.0,0.0,12437700.0,10041400.0,9818200.0,0.0,0.0,0.0,0.0,0.0,0.0,0.0,0.0,0.0,0.0,-0.7964,0.0,0.0,-0.7964,0.0,0.0,1.0,0.0,0.0,25914.0,0.0,0.0,0.0,0.0,112.46000162760417,1.281755096468994,112.26571437290737,1.363267611528508,113.09000015258789,1.4708918376597855,-0.0029646411723839305
2026-01-26,111.68000030517578,112.41000366210938,111.12999725341797,111.30999755859375,8859800,0.0,0.0,111.80599975585938,113.13649978637696,42.123273205337625,0.27309747802068784,0.7217677661013553,1.4062242441327109,0.0029734564036625333,0.0,0.0,0.0,0.0,0.0,0.0,0.0,0.0,0.0,10819800.0,12437700.0,10041400.0,0.0,0.0,0.0,0.0,0.0,0.0,0.0,0.0,0.0,0.0,0.0,-0.7964,0.0,0.0,-0.7964,0.0,0.0,1.0,0.0,0.0,25914.0,0.0,0.0,0.0,111.83333333333333,1.203590663827272,111.94857134137835,1.2755334266916156,112.89285714285714,1.5137749903690534,0.006328514097998061
2026-01-27,111.5,111.80000305175781,110.02999877929688,110.61000061035156,8956900,0.0,0.0,111.86000061035156,112.98899993896484,38.82617402187985,0.11515055968654053,0.6004443248183924,1.5103256793190019,-0.006288715870950479,0.0,0.0,0.0,0.0,0.0,0.0,0.0,0.0,0.0,8859800.0,10819800.0,12437700.0,0.0,0.0,0.0,0.0,0.0,0.0,0.0,0.0,0.0,0.0,0.0,0.0,0.0,0.0,0.0,0.0,0.0,0.0,0.0,0.0,0.0,0.0,0.0,0.0,110.96666717529297,0.3501889806839988,111.54857090541294,1.1760029668416772,112.61000006539481,1.5459178110223186,0.009583817772506498
2026-01-28,110.27999877929688,111.43000030517578,109.0,109.55999755859375,9016600,0.0,0.0,111.13399963378906,112.75749969482422,40.21037705561303,-0.09367021019909316,0.4616214178148953,1.6636104134583418,-0.009492840122627633,0.0,0.0,0.0,0.0,0.0,0.0,0.0,0.0,0.0,8956900.0,8859800.0,10819800.0,0.0,0.0,0.0,0.0,0.0,0.0,0.0,0.0,0.0,0.0,0.0,0.0,0.0,0.0,0.0,0.0,0.0,0.0,0.0,0.0,0.0,0.0,0.0,0.0,110.49333190917969,0.8808142195575009,111.31428527832031,1.3992015422345474,112.3707139151437,1.7426572876654072,-0.01810364078967719
2026-01-29,109.62999725341797,111.66999816894531,108.76000213623047,111.58000183105469,11079000,0.0,0.0,110.80800018310546,112.59699974060058,42.7532259496827,-0.09506881774566978,0.35028337070278226,1.6112209794614811,0.018437425314660194,0.0,0.0,0.0,0.0,0.0,0.0,0.0,0.0,0.0,9016600.0,8956900.0,8859800.0,0.0,0.0,0.0,0.0,0.0,0.0,0.0,0.0,0.0,0.0,0.0,0.0,0.0,0.0,0.0,0.0,0.0,0.0,0.0,0.0,0.0,0.0,0.0,0.0,110.58333333333333,1.0102661396570853,111.49142892020089,1.3321847339797186,112.18571417672294,1.673038705198984,-0.010815613366103705
2026-01-30,111.36000061035156,112.94999694824219,110.98999786376953,112.80000305175781,17895200,0.0,0.0,111.17200012207032,112.54850006103516,41.13925578712494,0.002240847141422364,0.2806748659905103,1.5884926996712248,0.010933869875269897,0.0,0.0,0.0,0.0,0.0,0.0,0.0,0.0,0.0,11079000.0,9016600.0,8956900.0,0.0,0.0,0.0,0.0,0.0,0.0,0.0,0.0,0.0,0.0,0.0,0.0,0.0,0.0,0.0,0.0,0.0,0.0,0.0,0.0,0.0,0.0,0.0,0.0,111.31333414713542,1.6363809578360151,111.43571472167969,1.255241194625799,111.96571459089007,1.3138254930582236,0.07994261701753125
2026-02-02,104.01000213623047,108.61000061035156,103.75,104.44999694824219,37778500,0.0,0.0,109.8,112.17849998474121,31.539478152239866,-0.5876422766279603,0.10701143746681617,2.4094410702933495,-0.07402487480150388,0.0,0.0,0.0,0.0,0.0,1.0,1.0,0.0,0.0,17895200.0,11079000.0,9016600.0,0.0,0.0,0.0,0.0,0.0,0.0,0.0,0.0,0.0,0.0,0.0,0.0,0.0,0.0,0.0,0.0,0.0,0.0,0.0,0.0,0.0,0.0,0.0,0.0,109.61000061035156,4.5101362606207065,110.18428584507534,2.712422991772844,111.36785725184849,2.372793349232301,0.002206829062034066
2026-02-03,104.77999877929688,104.98999786376953,102.33999633789062,104.22000122070312,24827100,0.0,0.0,108.52200012207031,111.68600006103516,30.738779773178152,-1.06145187862559,-0.12668122575166507,2.9487867896016176,-0.002201969691325467,0.0,0.0,0.0,0.0,0.0,0.0,0.0,0.0,0.0,37778500.0,17895200.0,11079000.0,0.0,0.0,0.0,0.0,0.0,0.0,0.0,0.0,0.0,0.0,0.0,0.0,0.0,0.0,0.0,1.0,0.0,0.0,1.0,0.0,0.0,0.0,0.0,0.0,107.1566670735677,4.888625085923702,109.21857125418526,3.4774205704378676,110.74214281354632,2.989771004579829,-0.02643626109647479
2026-02-04,104.19999694824219,108.5999984741211,103.62999725341797,107.05000305175781,19070400,0.0,0.0,108.02000122070312,111.31000022888183,37.05037046162403,-1.194818778241853,-0.34030873624970265,3.0397283811031572,0.02715411435336379,0.0,0.0,0.0,0.0,0.0,0.0,0.0,0.0,0.0,24827100.0,37778500.0,17895200.0,0.0,0.0,0.0,0.0,0.0,0.0,0.0,0.0,0.0,0.0,0.0,0.0,0.0,0.0,0.0,0.0,1.0,0.0,0.0,1.0,0.0,0.0,0.0,0.0,105.24000040690105,1.5717209324376682,108.61000061035156,3.4227386550412358,110.27928597586495,3.026345134899862,0.0198152025042031
2026-02-05,107.05000305175781,108.33000183105469,104.80999755859375,104.97000122070312,11859500,0.0,0.0,106.69800109863282,110.91300010681152,34.35878612932524,-1.4516184179883993,-0.562570672597442,3.324885581614132,-0.019430189367197204,0.0,0.0,0.0,0.0,0.0,0.0,0.0,0.0,0.0,19070400.0,24827100.0,37778500.0,0.0,0.0,0.0,0.0,0.0,0.0,0.0,0.0,0.0,0.0,0.0,0.0,0.0,0.0,0.0,0.0,0.0,1.0,0.0,0.0,1.0,0.0,0.0,0.0,105.41333516438802,1.4661638142310076,107.80428641183036,3.535444511727654,109.67642865862165,3.190887717487928,-0.034314589073218715
2026-02-06,106.12999725341797,108.95999908447266,105.37000274658203,108.69999694824219,12105600,0.0,0.0,105.87799987792968,110.63950004577637,45.6140350877193,-1.3387225401743024,-0.7178010461128141,3.267348187759531,0.03553392096944541,0.0,0.0,0.0,0.0,0.0,0.0,0.0,0.0,0.0,11859500.0,19070400.0,24827100.0,0.0,0.0,0.0,0.0,0.0,0.0,0.0,0.0,0.0,0.0,0.0,0.0,0.0,0.0,0.0,0.0,0.0,0.0,0.0,0.0,0.0,0.0,0.0,0.0,106.9066670735677,1.8691243762381102,107.68142918178013,3.478752789299918,109.49785723005023,3.1689438608697067,0.01465508947144234
2026-02-09,108.69000244140625,108.91999816894531,106.7699966430664,107.12999725341797,10515400,0.0,0.0,106.41399993896485,110.20200004577637,44.50530779684444,-1.3602573974264658,-0.8462923163755445,3.1107740895434692,-0.014443419861104312,0.0,0.0,0.0,0.0,0.0,0.0,0.0,0.0,0.0,12105600.0,11859500.0,19070400.0,0.0,0.0,0.0,0.0,0.0,0.0,0.0,0.0,0.0,0.0,0.0,0.0,0.0,0.0,0.0,0.0,0.0,0.0,0.0,0.0,0.0,0.0,0.0,0.0,106.93333180745442,1.872758661731871,107.04571424211774,3.024527508354202,109.26857158115932,3.219056519474558,-0.025736648368654857
2026-02-10,107.5999984741211,111.11000061035156,107.5999984741211,109.95999908447266,9815500,0.0,0.0,107.56199951171875,110.05900001525879,44.46727658272066,-1.1358727959595427,-0.9042084122923442,3.0492195327192997,0.02641652108288839,0.0,0.0,0.0,0.0,0.0,0.0,0.0,0.0,0.0,10515400.0,12105600.0,11859500.0,0.0,0.0,0.0,0.0,0.0,0.0,0.0,0.0,0.0,0.0,0.0,0.0,0.0,0.0,0.0,0.0,0.0,0.0,0.0,0.0,0.0,0.0,0.0,0.0,108.59666442871094,1.417827845028281,106.63999938964844,2.2028611902016193,109.03785705566406,3.026364494434149,0.017018093702821258
2026-02-11,108.93000030517578,109.87000274658203,107.80000305175781,108.12000274658203,9374900,0.0,0.0,107.7759994506836,109.81599998474121,41.79297446059113,-1.0939088098447058,-0.9421484918028166,2.997398213932684,-0.016733324419883955,0.0,0.0,0.0,0.0,0.0,0.0,0.0,0.0,0.0,9815500.0,10515400.0,12105600.0,0.0,0.0,0.0,0.0,0.0,0.0,0.0,0.0,0.0,0.0,0.0,0.0,0.0,0.0,0.0,0.0,0.0,0.0,0.0,0.0,0.0,0.0,0.0,0.0,108.40333302815755,1.43611790159662,107.16428593226841,2.0242590879768603,108.67428588867188,2.78250825151629,0.05606569297863917
2026-02-12,107.93000030517578,108.16000366210938,101.0199966430664,102.37999725341797,25319600,0.0,0.0,107.25799865722657,109.25849990844726,37.543445771852845,-1.506457021775276,-1.0550101977973085,3.292637303837144,-0.053089209649927804,0.0,0.0,0.0,0.0,0.0,0.0,0.0,0.0,0.0,9374900.0,9815500.0,10515400.0,0.0,0.0,0.0,0.0,0.0,0.0,0.0,0.0,0.0,0.0,0.0,0.0,0.0,0.0,0.0,0.0,0.0,0.0,0.0,0.0,0.0,0.0,0.0,0.0,106.81999969482422,3.953683458577917,106.90142822265625,2.527274408094058,108.05999973842076,3.1582547510855865,-0.02911332179868209
2026-02-13,101.4000015258789,105.5199966430664,101.19999694824219,105.44999694824219,12845300,0.0,0.0,106.60799865722656,108.86049957275391,42.13634047976307,-1.5676106933955936,-1.1575302969169656,3.2451532598205675,0.029986323277828797,0.0,0.0,0.0,0.0,0.0,0.0,0.0,0.0,0.0,25319600.0,9374900.0,9815500.0,0.0,0.0,0.0,0.0,0.0,0.0,0.0,0.0,0.0,0.0,0.0,0.0,0.0,0.0,0.0,0.0,0.0,0.0,0.0,0.0,0.0,0.0,0.0,0.0,105.31666564941406,2.872324614632478,106.67285592215401,2.583329788969059,107.64142826625279,3.081785815912148,9.47885679487559e-05
2026-02-17,106.56999969482422,107.27999877929688,104.37000274658203,105.44000244140625,10467400,0.0,0.0,106.26999969482422,108.5724998474121,42.93136842562041,-1.5984558874508963,-1.245715415023752,3.281984715112889,-9.47795839277843e-05,0.0,0.0,0.0,0.0,0.0,0.0,0.0,0.0,0.0,12845300.0,25319600.0,9374900.0,0.0,0.0,0.0,0.0,0.0,0.0,0.0,0.0,0.0,0.0,0.0,0.0,0.0,0.0,0.0,0.0,0.0,0.0,0.0,0.0,0.0,0.0,0.0,0.0,104.42333221435547,1.7695870406633378,106.73999895368304,2.537394104700321,107.2721426827567,3.0075660707201113,-0.015499496324605011
2026-02-18,105.95999908447266,107.7300033569336,105.80999755859375,107.0999984741211,8791600,0.0,0.0,105.6979995727539,108.41049995422364,46.69177102705645,-1.4719849925773616,-1.290969330534474,3.270090831485024,0.01574351284406794,0.0,0.0,0.0,0.0,0.0,0.0,0.0,0.0,0.0,10467400.0,12845300.0,25319600.0,0.0,0.0,0.0,0.0,0.0,0.0,0.0,0.0,0.0,0.0,0.0,0.0,0.0,0.0,0.0,0.0,0.0,0.0,0.0,0.0,0.0,0.0,0.0,0.0,105.99666595458984,0.9555270582421623,106.5114277430943,2.399739811704505,107.09642846243722,2.9345946461173846,0.010377344095481966
2026-02-19,107.11000061035156,107.7699966430664,105.44999694824219,106.0,7492900,0.0,0.0,105.2739990234375,108.05099983215332,42.30556718644467,-1.443872517406021,-1.3215499679087834,3.108210232390816,-0.01027076087575196,0.0,0.0,0.0,0.0,0.0,0.0,0.0,0.0,0.0,8791600.0,10467400.0,12845300.0,0.0,0.0,0.0,0.0,0.0,0.0,0.0,0.0,0.0,0.0,0.0,0.0,0.0,0.0,0.0,0.0,0.0,0.0,0.0,0.0,0.0,0.0,0.0,0.0,106.18000030517578,0.8445097924563109,106.3499995640346,2.3891778112152657,106.69785690307617,2.643274335593577,0.003978008729507154
2026-02-20,105.61000061035156,106.19999694824219,104.6500015258789,105.58000183105469,9043600,0.0,0.0,105.91399993896485,107.66949996948242,39.81951077195033,-1.4388968136701834,-1.3450193370610637,2.9031576371588614,-0.003962246876842546,0.03260000000000002,0.464710576595799,2.0,0.0,0.0,0.0,0.0,0.0,0.0,7492900.0,8791600.0,10467400.0,0.0,0.0,0.0,0.0,0.0,0.0,0.0,0.0,0.0,0.0,0.0,0.0,0.0,0.0,0.0,0.0,0.0,0.0,0.0,0.0,0.0,0.0,0.0,0.0,106.22666676839192,0.7849400083146665,105.72428567068917,1.782750614386516,106.1821425301688,1.9829978027054938,0.011205805266817581
2026-02-23,104.9800033569336,105.19000244140625,102.95999908447266,104.41000366210938,10626500,0.0,0.0,105.70600128173828,107.34099998474122,49.92929047129075,-1.5119339730674426,-1.3784022642623397,2.8804677960508482,-0.011081626715800819,-0.11213999999999999,0.2951995731704231,5.0,0.0,0.0,0.0,0.0,0.0,0.0,9043600.0,7492900.0,8791600.0,0.03260000000000002,0.0,0.0,0.464710576595799,0.0,0.0,2.0,0.0,0.0,0.0,0.0,0.0,0.0,0.0,0.0,0.0,0.0,0.0,0.0,0.0,0.0,0.0,0.0,0.0,105.33000183105469,0.8239521154934972,105.1942858014788,1.4770904045557347,106.1792858668736,1.985711988475886,-0.015464397382883965
2026-02-24,104.44999694824219,107.2300033569336,103.9800033569336,106.05000305175781,13594800,0.0,0.0,105.8280014038086,107.07800025939942,53.08185015338456,-1.4211006398247576,-1.3869419393748235,2.735489506726081,0.01570730133250242,0.1016,0.2600846455620609,8.0,0.0,0.0,0.0,0.0,0.0,0.0,10626500.0,9043600.0,7492900.0,-0.11213999999999999,0.03260000000000002,0.0,0.2951995731704231,0.464710576595799,0.0,5.0,2.0,0.0,0.0,0.0,0.0,0.0,0.0,0.0,0.0,0.0,0.0,0.0,0.0,0.0,0.0,0.0,0.0,105.34666951497395,0.8445309211670833,105.71857234409877,0.8143170664894328,106.3100002833775,1.9054251981627368,0.009519276258443288
